en,hil
"Forasmuch as many have taken in hand to draw up a narrative concerning those matters which have been fulfilled among us,",Halangdon nga Teofilo:
"even as they delivered them unto us, who from the beginning were eyewitnesses and ministers of the word,",Madamo na nga mga tawo ang nagtinguha sa pagsulat sing sugilanon nahanungod sang mga butang nga nagkalatabo sa tunga namon.
"it seemed good to me also, having traced the course of all things accurately from the first, to write unto thee in order, most excellent Theophilus;",Ginsulat nila ang ginsugid sa amon sang mga nakakita sini nga mga butang kag sang mga nagwali sang mensahe halin sa ginsugoran.
that thou mightest know the certainty concerning the things wherein thou wast instructed.,"Gani, tungod kay nausisa ko sing tul-id ini tanan nga mga butang halin sa ila ginsugoran, ginpakamaayo ko ang pagsulat sang pasunod nga kasaysayan sa imo,"
"There was in the days of Herod, king of Judæa, a certain priest named Zacharias, of the course of Abijah: and he had a wife of the daughters of Aaron, and her name was Elisabeth.",agod mahibaluan mo ang bug-os nga kamatuoran nahanungod sa mga butang nga natudlo na sa imo.
"And they were both righteous before God, walking in all the commandments and ordinances of the Lord blameless.","Sang tion nga si Herodes amo ang hari sang Judea, may isa ka pari nga ginhingalanan kay Zacarias sa linya sang pagkapari ni Abias. Ang iya asawa si Elisabet nga kaliwat man sang panimalay sang mga pari."
"And they had no child, because that Elisabeth was barren, and they both were now well stricken in years.","Nagkabuhi sila sing matarong sa panulok sang Dios, kag nagtuman sang tanan nga mga kasugoan kag mga pagsulondan sang Ginoo."
"Now it came to pass, while he executed the priest’s office before God in the order of his course,",Wala sila sing bata tungod kay si Elisabet baw-as kag tigulang na sila.
"according to the custom of the priest’s office, his lot was to enter into the temple of the Lord and burn incense.","Isa ka adlaw, turno na sang grupo ni Zacarias ang pag-alagad kag sia ang nag-alagad bilang isa ka pari sang Dios."
And the whole multitude of the people were praying without at the hour of incense.,"Suno sa kinabatasan sang mga pari, nagabotgabot sila kag sia ang napilian sa pagsunog sang insyenso sa altar. Gani nagsulod sia sa Templo sang Ginoo,"
And there appeared unto him an angel of the Lord standing on the right side of the altar of incense.,samtang ang madamo nga mga tawo nagapangamuyo sa gwa sa tion nga ginasunog ang insyenso.
"And Zacharias was troubled when he saw him , and fear fell upon him.",May nagpakita didto sa iya nga isa ka anghel sang Ginoo nga nagatindog sa tuo nayon sang altar sa diin ginasunog ang insyenso.
"But the angel said unto him, Fear not, Zacharias: because thy supplication is heard, and thy wife Elisabeth shall bear thee a son, and thou shalt call his name John.",Sang pagkakita ni Zacarias sa anghel natublag sia kag hinadlukan gid.
And thou shalt have joy and gladness; and many shall rejoice at his birth.,"Pero ang anghel nagsiling sa iya, “Zacarias, indi ka magkahadlok! Ginpamatian sang Dios ang imo pangamuyo kag si Elisabet nga imo asawa magaanak sing isa ka bata nga lalaki. Pagahingalanan mo sia kay Juan."
"For he shall be great in the sight of the Lord, and he shall drink no wine nor strong drink; and he shall be filled with the Holy Spirit, even from his mother’s womb.","Magamalipayon kag magamasinadyahon ka, kag madamo ang magakalipay kon matawo sia!"
And many of the children of Israel shall he turn unto the Lord their God.,Kay mangindaku sia sa panulok sang Ginoo. Indi sia mag-inom sing bino ukon ilimnon nga makahulobog. Kag mapun-an sia sang Espiritu Santo halin gid sa iya pagkatawo.
"And he shall go before his face in the spirit and power of Elijah, to turn the hearts of the fathers to the children, and the disobedient to walk in the wisdom of the just; to make ready for the Lord a people prepared for him .",Pabalikon niya ang madamo nga mga tawo sang Israel sa Ginoo nga ila Dios.
"And Zacharias said unto the angel, Whereby shall I know this? for I am an old man, and my wife well stricken in years.",Magauna sia sa Ginoo sa kusog kag gahom kaangay kay Elias nga propeta. Pasag-ulion niya ang mga amay sa ila mga anak. Palisuon niya ang mga di-masinulondon nga mga tawo pabalik sa panghunahuna sang mga matarong. Amanon niya ang mga tawo para sa Ginoo.”
"And the angel answering said unto him, I am Gabriel, that stand in the presence of God; and I was sent to speak unto thee, and to bring thee these good tidings.","Si Zacarias nagpamangkot sa anghel, “Ano ang pagkahibalo ko kon matuod ini? Tigulang na ako kag subong man ang akon asawa.”"
"And behold, thou shalt be silent and not able to speak, until the day that these things shall come to pass, because thou believedst not my words, which shall be fulfilled in their season.","Ang anghel nagsabat sa iya, “Ako si Gabriel nga nagatindog sa presensya sang Dios. Ginpadala niya ako sa paghambal kag sa pagsugid sa imo sining maayong balita."
"And the people were waiting for Zacharias, and they marvelled while he tarried in the temple.","Pero tungod kay wala ka magpati sang akon ginsugid sa imo nga matuman sa nagakaigo nga tion, magaapa ka. Indi ka makahambal tubtob sa adlaw nga matuman ining mga butang nga ginsiling ko.”"
"And when he came out, he could not speak unto them: and they perceived that he had seen a vision in the temple: and he continued making signs unto them, and remained dumb.","Sa amo man nga tion, ang mga tawo naghinulat kay Zacarias. Natingala sila nga nadugayan sia sa sulod sang Templo."
"And it came to pass, when the days of his ministration were fulfilled, he departed unto his house.",Sang paggwa niya indi na sia makahambal sa ila. Gani nahangpan nila nga nakakita sia sing palanan-awon sa Templo. Nagsenyas na lang sia sa ila kay indi na sia makahambal.
"And after these days Elisabeth his wife conceived; and she hid herself five months, saying,","Sang matapos ang iya tion sa pag-alagad sa Templo, nagpauli sia."
"Thus hath the Lord done unto me in the days wherein he looked upon me , to take away my reproach among men.",Sang ulihi ang iya asawa nga si Elisabet nagbusong kag wala sia magguwagowa sa ila balay sa sulod sang lima ka bulan.
"Now in the sixth month the angel Gabriel was sent from God unto a city of Galilee, named Nazareth,","Nagsiling sia, “Karon gintamod gid man ako sang Ginoo. Ginhimo niya ini agod kuhaon ang akon kahuloy-an sa atubang sang mga tawo!”"
"to a virgin betrothed to a man whose name was Joseph, of the house of David; and the virgin’s name was Mary.",Sa ikan-om nga bulan sang pagbusong ni Elisabet ginpadala sang Dios si Gabriel nga anghel sa banwa sang Galilea nga ginatawag Nazaret.
"And he came in unto her, and said, Hail, thou that art highly favored, the Lord is with thee.",May mensahe sia para sa isa ka birhen nga kalaslon sa isa ka tawo nga ginhingalanan kay Jose nga kaliwat ni Haring David. Ang ngalan sang dalaga amo si Maria.
"But she was greatly troubled at the saying, and cast in her mind what manner of salutation this might be.","Ang anghel nagkadto sa iya kag nagsiling, “Magkalipay ka! Ikaw ang labing nahamut-an, ang Ginoo yara sa imo!”"
"And the angel said unto her, Fear not, Mary: for thou hast found favor with God.",Natublag gid si Maria sang ginsiling sang anghel kag nagpainuino sia kon ano ang kahulogan sang iya ginpanghambal.
"And behold, thou shalt conceive in thy womb, and bring forth a son, and shalt call his name JESUS.","Nagsiling ang anghel sa iya, “Indi ka magkahadlok, Maria, kay nahamut-an ka sang Dios."
"He shall be great, and shall be called the Son of the Most High: and the Lord God shall give unto him the throne of his father David:","Yari karon, magabusong ka kag magaanak sang isa ka bata nga lalaki, kag pagahingalanan mo sia kay Jesus."
and he shall reign over the house of Jacob for ever; and of his kingdom there shall be no end.,"Mangindaku sia kag pagatawgon nga Anak sang Labing Mataas nga Dios. Ang Ginoong Dios magahimo sa iya nga hari kaangay kay David nga isa sang iya mga katigulangan,"
"And Mary said unto the angel, How shall this be, seeing I know not a man?",kag manginhari sia sa walay katubtoban sa mga kaliwat ni Jacob kag ang iya ginharian wala sing katapusan!”
"And the angel answered and said unto her, The Holy Spirit shall come upon thee, and the power of the Most High shall overshadow thee: wherefore also the holy thing which is begotten shall be called the Son of God.","Si Maria nagpamangkot sa anghel, “Paano ang pagkahimo sini, kay birhen pa ako?”"
"And behold, Elisabeth thy kinswoman, she also hath conceived a son in her old age; and this is the sixth month with her that was called barren.","Ang anghel nagsabat, “Ang Espiritu Santo magakunsad sa imo, kag ang gahom sang Dios nga Labing Mataas magalikop sa imo. Tungod sini ang balaan nga bata nga matawo pagatawgon nga Anak sang Dios."
For no word from God shall be void of power.,"Dumdoma bala ang imo pariente nga si Elisabet. Bisan tigulang na sia kag baw-as, nagabusong na sing anom ka bulan sang isa ka bata nga lalaki."
"And Mary said, Behold, the handmaid of the Lord; be it unto me according to thy word. And the angel departed from her.",Kay sa Dios wala sing bisan ano nga indi mahimo.”
"And Mary arose in these days and went into the hill country with haste, into a city of Judah;","Si Maria nagsiling, “Alagad ako sang Ginoo. Kabay nga matuman ini sa akon suno sa imo ginsiling.” Kag ang anghel nagbiya sa iya."
and entered into the house of Zacharias and saluted Elisabeth.,Sa tapos sadto si Maria nanghimos kag nagdalidali sa pagkadto sa isa ka banwa sa kabakuloran sang Judea.
"And it came to pass, when Elisabeth heard the salutation of Mary, the babe leaped in her womb; and Elisabeth was filled with the Holy Spirit;",Nagkadto sia sa balay ni Zacarias kag iya gintamyaw si Elisabet.
"and she lifted up her voice with a loud cry, and said, Blessed art thou among women, and blessed is the fruit of thy womb.","Sang pagkabati ni Elisabet sang pagpanamyaw ni Maria, nagkibo ang lapsag sa iya tiyan. Napun-an si Elisabet sang Espiritu Santo,"
"And whence is this to me, that the mother of my Lord should come unto me?","kag sa mabaskog nga tingog naghambal, “Ikaw ang labing bulahan sa tanan nga mga babayi! Kag bulahan ang bata nga imo ginadala!"
"For behold, when the voice of thy salutation came into mine ears, the babe leaped in my womb for joy.","Ngaa matabo ining daku nga butang sa akon, nga ang iloy sang akon Ginoo magbisita sa akon?"
And blessed is she that believed; for there shall be a fulfilment of the things which have been spoken to her from the Lord.,"Kay sang pagkabati ko gid sang imo pagpanamyaw, ang lapsag sa akon tiyan nagkibo sa kalipay."
"And Mary said,",Daw ano ka malipayon sa imo nga nagatuo nga matuman ang ginsiling sang Ginoo sa imo!”
"My soul doth magnify the Lord,",Si Maria nagsiling:
And my spirit hath rejoiced in God my Saviour.,"“Ang akon tagipusoon nagadayaw sa Ginoo,"
For he hath looked upon the low estate of his handmaid:,kag nagakalipay ang akon espiritu tungod sa Dios nga akon Manluluwas.
"For behold, from henceforth all generations shall call me blessed.","Kay gintamod niya ako, ang iya kubos nga alagad!"
For he that is mighty hath done to me great things;,"Sugod subong ang tanan nga mga tawo magatawag sa akon malipayon,"
And holy is his name.,tungod sang dalagku nga mga butang nga nahimo sa akon sang Gamhanan nga Dios.
And his mercy is unto generations and generations,Ang iya ngalan balaan.
On them that fear him.,"Nagakaluoy sia sa mga nagatahod sa iya,"
He hath showed strength with his arm;,halin sa isa ka kaliwatan pakadto sa isa ka kaliwatan.
He hath scattered the proud in the imagination of their heart.,"Gingamit niya ang iya butkon sa pagpakita sang iya kusog,"
"He hath put down princes from their thrones,",ginpaaplaag niya ang mga bugalon sa tagipusoon kag hunahuna.
And hath exalted them of low degree.,"Ginpukan niya ang gamhanan nga mga hari gikan sa ila mga trono,"
The hungry he hath filled with good things;,kag ginbayaw niya ang mga kubos.
And the rich he hath sent empty away.,"Ginbusog niya sang maayo nga mga butang ang mga ginagutom,"
"He hath given help to Israel his servant,",kag ginpalakat niya nga wala sing dala ang mga manggaranon.
That he might remember mercy,"Gintuman niya ang iya saad sa aton mga katigulangan,"
(As he spake unto our fathers),ginbuligan niya ang mga katawhan sang Israel nga iya mga alagad.
Toward Abraham and his seed for ever.,Gindumdom niya nga magkaluoy kay Abraham
"And Mary abode with her about three months, and returned unto her house.",kag sa tanan niya nga mga kaliwat sa walay katubtoban!”
Now Elisabeth’s time was fulfilled that she should be delivered; and she brought forth a son.,"Si Maria nagtener upod kay Elisabet sa sulod sang tatlo ka bulan, kag ugaling nagpauli."
And her neighbors and her kinsfolk heard that the Lord had magnified his mercy towards her; and they rejoiced with her.,"Karon nag-abot ang tion nga inugbata na ni Elisabet, kag nagbata sia sing lalaki."
"And it came to pass on the eighth day, that they came to circumcise the child; and they would have called him Zacharias, after the name of his father.",Ang iya mga kaingod kag mga pariente nakabati kon daw ano kadako ang kaluoy sang Ginoo sa iya kag nagkinalipay sila upod sa iya.
"And his mother answered and said, Not so; but he shall be called John.","Sang walo na ka adlaw ang lapsag, nag-abot sila sa pagtuli sa iya. Kuntani hingalanan nila sia nga Zacarias nga amo ang ngalan sang iya amay."
"And they said unto her, There is none of thy kindred that is called by this name.","Pero ang iya iloy nagsiling, “Indi! Pagahingalanan sia kay Juan.”"
"And they made signs to his father, what he would have him called.","Nagsiling sila sa iya, “Pero wala ka gid sing pariente nga amo ina ang ngalan!”"
"And he asked for a writing tablet, and wrote, saying, His name is John. And they marvelled all.",Dayon nagsenyas sila sa iya amay sa pagpamangkot kon ano ang iya luyag nga ipahingalan sa bata.
"And his mouth was opened immediately, and his tongue loosed , and he spake, blessing God.","Nagpangayo si Zacarias sing sulolatan kag nagsulat, “Hingalanan sia kay Juan.” Natingala gid sila tanan!"
And fear came on all that dwelt round about them: and all these sayings were noised abroad throughout all the hill country of Judæa.,Sa gilayon makahambal na liwat si Zacarias kag nagdayaw sia sa Dios.
"And all that heard them laid them up in their heart, saying, What then shall this child be? For the hand of the Lord was with him.","Ang ila tanan nga mga kaingod hinadlukan gid, kag ang balita nahanungod sining mga hitabo naglapnag sa tanan nga mga kabakuloran sang banwa sang Judea."
"And his father Zacharias was filled with the Holy Spirit, and prophesied, saying,","Ang tanan nga nakabati sini nga mga hitabo nagpamalandong kag nagpamangkot, “Mangin-ano ayhan ini nga bata?” Kay maathag nga ang gahom sang Ginoo yara sa iya."
"Blessed be the Lord, the God of Israel;",Si Zacarias nga amay ni Juan napun-an sang Espiritu Santo kag nagtagna nga nagasiling:
"For he hath visited and wrought redemption for his people,","“Dayawon ta ang Ginoo, ang Dios sang Israel!"
And hath raised up a horn of salvation for us,Iya ginbisitahan kag ginluwas ang iya mga tawo.
In the house of his servant David,"Ginpadala niya ang isa ka gamhanan nga Manluluwas para sa aton,"
"(As he spake by the mouth of his holy prophets that have been from of old),",ang isa nga kaliwat ni David nga iya alagad.
"Salvation from our enemies, and from the hand of all that hate us;","Amo ini ang iya ginsaad sang una paagi sa iya balaan nga mga propeta,"
"To show mercy towards our fathers,","nga iya kita luwason gikan sa aton mga kaaway,"
And to remember his holy covenant;,kag gikan sa gahom sang tanan nga nagadumot sa aton.
"The oath which he sware unto Abraham our father,","Nagsiling sia nga kaluoyan niya ang aton mga katigulangan,"
To grant unto us that we being delivered out of the hand of our enemies,kag dumdomon niya ang iya balaan nga kasugtanan.
"Should serve him without fear,","73-74 Nagsumpa sia kay Abraham nga isa sang aton mga katigulangan,"
In holiness and righteousness before him all our days.,"kag nagsaad nga luwason niya kita gikan sa aton mga kaaway,"
"Now it came to pass in those days, there went out a decree from Cæsar Augustus, that all the world should be enrolled.",Sa sadto nga mga adlaw nagmando si Emperador Augusto nga ang tanan nga ginsakpan sang Ginharian sang Roma magpalista.
This was the first enrolment made when Quirinius was governor of Syria.,Ining nahauna nga pagpanglista nahanabo sang si Quirinio amo ang gobernador sang Siria.
"And all went to enrol themselves, every one to his own city.",Gani ang tagsatagsa nagpauli sa iya kaugalingon nga banwa sa pagpalista.
"And Joseph also went up from Galilee, out of the city of Nazareth, into Judæa, to the city of David, which is called Bethlehem, because he was of the house and family of David;","Halin sa banwa sang Nazaret sa Galilea, si Jose nagkadto sa Judea, sa banwa nga ginatawag Betlehem, sa diin natawo si Haring David. Nagkadto sia didto tungod kay sia kaliwat ni David."
"to enrol himself with Mary, who was betrothed to him, being great with child.","Nagpalista sia upod kay Maria nga kalasalon na sa iya. Nagabusong na si Maria,"
"And it came to pass, while they were there, the days were fulfilled that she should be delivered.",kag samtang didto sila sa Betlehem nag-abot ang tion nga inugbata na niya.
"And she brought forth her firstborn son; and she wrapped him in swaddling clothes, and laid him in a manger, because there was no room for them in the inn.",Nagbata sia sang iya panganay nga lalaki. Ginputos niya ini sang lampin kag ginpahigda sa isa ka pasungan kay wala na sing lugar para sa ila sa balay nga dalayunan.
"And there were shepherds in the same country abiding in the field, and keeping watch by night over their flock.",Sa sadto man nga lugar may mga manugbantay sang mga karnero nga nagapulaw sa latagon sa bilog nga gab-i sa pagbantay sang ila mga panong.
"And an angel of the Lord stood by them, and the glory of the Lord shone round about them: and they were sore afraid.","Ang isa ka anghel sang Ginoo nagpakita sa ila, kag ang masanag nga kapawa sang Ginoo nagsilak sa ila. Hinadlukan gid sila,"
"And the angel said unto them, Be not afraid; for behold, I bring you good tidings of great joy which shall be to all the people:","pero ang anghel nagsiling sa ila, “Indi kamo magkahadlok! Kay nag-abot ako sa pagdala sa inyo sing maayong balita nga magahatag sing daku nga kalipay sa tanan nga mga tawo."
"for there is born to you this day in the city of David a Saviour, who is Christ the Lord.","Karon gid nga adlaw natawo sa banwa ni David ang inyo Manluluwas, ang Cristo nga Ginoo!"
"And this is the sign unto you: Ye shall find a babe wrapped in swaddling clothes, and lying in a manger.",Amo ini ang tanda para sa inyo: makita ninyo ang isa ka lapsag nga naputos sang lampin kag nagahigda sa isa ka pasungan.”
"And suddenly there was with the angel a multitude of the heavenly host praising God, and saying,",Sa hinali nagpakita ang isa ka daku nga grupo sang mga anghel sang langit kag nagbuylog sa sadto nga anghel kag nagkanta sila sini nga mga pagdayaw sa Dios:
"Glory to God in the highest,","“Dayawa ang Dios sa kalangitan,"
And on earth peace among men in whom he is well pleased.,kag paghidait sa duta sa mga tawo nga iya nahamut-an!”
"And it came to pass, when the angels went away from them into heaven, the shepherds said one to another, Let us now go even unto Bethlehem, and see this thing that is come to pass, which the Lord hath made known unto us.","Sang makahalin na ang mga anghel pabalik sa langit, ang mga manugbantay sang mga karnero nagsinilingay, “Dali makadto kita sa Betlehem kag tan-awon ta ining butang nga nahanabo nga ginpahayag sang Ginoo sa aton.”"
"And they came with haste, and found both Mary and Joseph, and the babe lying in the manger.","Gani, naglakat sila nga nagadalidali kag nakita nila si Maria kag si Jose, subong man ang lapsag nga nagahigda sa isa ka pasungan."
"And when they saw it, they made known concerning the saying which was spoken to them about this child.","Sang makita sang mga manugbantay ang lapsag, ginpanugid nila ang ginhambal sa ila sang anghel nahanungod sini nga bata."
And all that heard it wondered at the things which were spoken unto them by the shepherds.,Ang tanan nga nakabati sini natingala gid sang ginpanugid sa ila sang mga manugbantay sang mga karnero.
"But Mary kept all these sayings, pondering them in her heart.",Pero gintipigan ni Maria ini nga mga butang kag ginpamalandungan sa iya tagipusoon.
"And the shepherds returned, glorifying and praising God for all the things that they had heard and seen, even as it was spoken unto them.","Ang mga manugbantay sang mga karnero nagbalik nga nagakanta sang mga pagdayaw sa Dios tungod sang tanan nga ila nabatian kag nakit-an, suno gid sa ginhambal sang anghel sa ila."
"And when eight days were fulfilled for circumcising him, his name was called JESUS, which was so called by the angel before he was conceived in the womb.","Sa ikawalo nga adlaw, sang mag-abot na ang tion nga pagatulion ang lapsag, ginhingalanan sia kay Jesus, ang ngalan nga ginhatag sang anghel sa wala pa sia ginpanamkon sang iya iloy."
"And when the days of their purification according to the law of Moses were fulfilled, they brought him up to Jerusalem, to present him to the Lord","Nag-abot ang tion nga si Jose kag si Maria kinahanglan magtuman sang seremonya sang pagpaninlo suno sa Kasugoan ni Moises. Gani, gindala nila ang bata sa Jerusalem agod ihalad sia sa Ginoo."
"(as it is written in the law of the Lord, Every male that openeth the womb shall be called holy to the Lord),","Kay nasulat sa kasugoan sang Ginoo, “Ang tagsa ka panganay nga lalaki ihalad sa Ginoo.”"
"and to offer a sacrifice according to that which is said in the law of the Lord, A pair of turtledoves, or two young pigeons.","Nagdulot man sila sing halad suno sa nasiling sa kasugoan sang Ginoo, “Isa ka pares sang tukmo, ukon duha ka kuyabog nga mga pating.”"
"And behold, there was a man in Jerusalem, whose name was Simeon; and this man was righteous and devout, looking for the consolation of Israel: and the Holy Spirit was upon him.","Sa sadto nga tion may tawo nga nagaestar sa Jerusalem nga ang iya ngalan si Simeon. Ini nga tawo matarong kag matinuohon sa Dios, kag nagahulat sang pagluwas sa Israel. Ang Espiritu Santo yara sa iya,"
"And it had been revealed unto him by the Holy Spirit, that he should not see death, before he had seen the Lord’s Christ.",kag nagpasalig sa iya nga indi sia mapatay sa wala pa niya makita ang ginsaad sang Ginoo nga Cristo.
"And he came in the Spirit into the temple: and when the parents brought in the child Jesus, that they might do concerning him after the custom of the law,","Sa pagtuytoy sang Espiritu, si Simeon nagkadto sa Templo. Sang gindala ang bata nga si Jesus sang iya mga ginikanan sa Templo agod himuon sa iya ang ginasiling sang Kasugoan,"
"then he received him into his arms, and blessed God, and said,",ginkugos ni Simeon ang bata kag nagpasalamat sia sa Dios nga nagasiling:
"Now lettest thou thy servant depart, Lord,","“Karon, O Ginoo, gintuman mo ang imo saad,"
"According to thy word, in peace;",kag mapataliwan mo na ang imo alagad sa paghidait.
"For mine eyes have seen thy salvation,","Kay ang akon mga mata nakakita sang imo kaluwasan,"
Which thou hast prepared before the face of all peoples;,nga gin-aman mo sa atubang sang tanan nga mga katawhan:
"A light for revelation to the Gentiles,","Isa ka kapawa nga magapahayag sang imo kabubot-on sa mga Hentil,"
And the glory of thy people Israel.,kag magadala sang kadungganan sa imo mga tawo nga Israelinhon.”
And his father and his mother were marvelling at the things which were spoken concerning him;,Ang amay kag iloy sang bata natingala gid sang ginpanghambal ni Simeon nahanungod sa iya.
"and Simeon blessed them, and said unto Mary his mother, Behold, this child is set for the falling and the rising of many in Israel; and for a sign which is spoken against;","Si Simeon nagbendisyon sa ila kag nagsiling kay Maria nga iloy sang bata, “Ini nga bata ginpili sang Dios nga manginkalaglagan kag manginkaluwasan sang madamo sa Israel. Sia mangintanda halin sa Dios nga pagakontrahon sang madamo,"
yea and a sword shall pierce through thine own soul; that thoughts out of many hearts may be revealed.,"kag magapahayag sang ila tinago nga mga panghunahuna. Kag ang kalisod, subong sang isa ka matalom nga espada, magatuhog sang imo kaugalingon nga tagipusoon.”"
"And there was one Anna, a prophetess, the daughter of Phanuel, of the tribe of Asher (she was of a great age, having lived with a husband seven years from her virginity,",May propeta nga babayi nga si Ana nga anak ni Fanuel gikan sa tribo ni Aser. Sia isa ka tigulang nga pito ka tuig lang ang ila pagpuyo sang iya bana kag mabalo sia.
"and she had been a widow even unto fourscore and four years), who departed not from the temple, worshipping with fastings and supplications night and day.",Otsentay kwatro na ka tuig ang iya edad kag wala gid sia maghalin sa Templo. Sa adlaw kag gab-i nagasimba sia sa Dios nga nagapuasa kag nagapangamuyo.
"And coming up at that very hour she gave thanks unto God, and spake of him to all them that were looking for the redemption of Jerusalem.","Sa sadto gid nga takna nag-abot sia kag nagpasalamat sa Dios, kag nagpanugid sia nahanungod sa bata sa tanan nga mga tawo nga nagahulat sang paghilway sang Dios sa Jerusalem."
"And when they had accomplished all things that were according to the law of the Lord, they returned into Galilee, to their own city Nazareth.","Sang matuman na ni Jose kag ni Maria ang tanan suno sa Kasugoan sang Ginoo, nagbalik sila sa Nazaret sa ila ginaestaran nga banwa sa Galilea."
"And the child grew, and waxed strong, filled with wisdom: and the grace of God was upon him.","Ang bata nagtubo kag nagbakod, nga napun-an sang kaalam, kag ang Dios nahamuot sa iya."
And his parents went every year to Jerusalem at the feast of the passover.,Tuigtuig ang mga ginikanan ni Jesus nagakadto sa Jerusalem sa Piesta sang Pascua.
"And when he was twelve years old, they went up after the custom of the feast;",Sang dose na ka tuig ang edad ni Jesus nagpamiesta sila subong sang kinaandan nga ginahimo nila.
"and when they had fulfilled the days, as they were returning, the boy Jesus tarried behind in Jerusalem; and his parents knew it not;","Sang tapos na ang piesta nagpauli sila, pero ang bata nga si Jesus nagpabilin sa Jerusalem nga wala matalupangdi sang iya mga ginikanan."
"but supposing him to be in the company, they went a day’s journey; and they sought for him among their kinsfolk and acquaintance:","Naghunahuna sila nga yara man lang sia upod sa ila mga kaupdanan, gani nakapanglakaton na sila sing isa ka adlaw kag dayon ginpangita nila sia sa ila mga pariente kag mga abyan."
"and when they found him not, they returned to Jerusalem, seeking for him.","Wala nila sia makita, gani nagbalik sila sa Jerusalem sa pagpangita sa iya."
"And it came to pass, after three days they found him in the temple, sitting in the midst of the teachers, both hearing them, and asking them questions:",Sa ikatlo nga adlaw nakita nila sia sa Templo nga nagapungko upod sa mga manunodlo nga Judio nga nagapamati kag nagapamangkot sa ila.
and all that heard him were amazed at his understanding and his answers.,Ang tanan nga nakabati sa iya natingala gid sa iya kaalam kag mga sabat.
"And when they saw him, they were astonished; and his mother said unto him, Son, why hast thou thus dealt with us? behold, thy father and I sought thee sorrowing.","Natingala ang iya mga ginikanan sang makita nila sia, kag ginsingganan sia sang iya iloy, “Noy, ngaa man nga ginhimo mo ini sa amon? Tan-awa bala, nalisdan gid kami ni tatay mo sa pagpangita sa imo.”"
"And he said unto them, How is it that ye sought me? knew ye not that I must be in my Father’s house?","Nagsabat sia sa ila, “Ngaa bala nga ginapangita gid ninyo ako? Wala bala kamo makahibalo nga kinahanglan nga yara ako sa balay sang akon Amay?”"
And they understood not the saying which he spake unto them.,Pero wala sila makahangop sang ginhambal niya sa ila.
"Now in the fifteenth year of the reign of Tiberius Cæsar, Pontius Pilate being governor of Judæa, and Herod being tetrarch of Galilee, and his brother Philip tetrarch of the region of Ituræa and Trachonitis, and Lysanias tetrarch of Abilene,","Karon ika-15 na nga tuig sang paggahom ni Emperador Tiberio; si Poncio Pilato amo ang gobernador sang Judea, si Herodes ang pangulo sang Galilea, kag si Felipe nga iya utod ang pangulo sang rehiyon sang Iturea kag Traconite; si Lisanias ang pangulo sang Abilinia,"
"in the high-priesthood of Annas and Caiaphas, the word of God came unto John the son of Zacharias in the wilderness.",kag si Anas kag si Caifas amo ang Pinakamataas nga mga Pari. Sa amo nga tion ang Dios nagpadala sang iya mensahe kay Juan nga anak ni Zacarias nga nagaestar sa desierto.
"And he came into all the region round about the Jordan, preaching the baptism of repentance unto remission of sins;","Gani nagpanglakaton sia sa bug-os nga kadutaan sang Jordan nga nagawali, “Untati ninyo ang pagpakasala kag magpabautiso, kag ang Dios magapatawad sang inyo mga sala.”"
"as it is written in the book of the words of Isaiah the prophet,",Ini suno sa ginsulat ni Isaias nga propeta sa iya libro:
"The voice of one crying in the wilderness,",“May nagawali sang mabaskog sa desierto:
"Make ye ready the way of the Lord,","‘Amana ninyo ang alagyan para sa Ginoo,"
Make his paths straight.,maghimo kamo sing tadlong nga dalan nga iya pagaagyan!
"Every valley shall be filled,","Ang tagsa ka nalupyakan tampukan,"
And every mountain and hill shall be brought low;,"ang tagsa ka bukid kag bakulod tapanon,"
"And the crooked shall become straight,","ang tiko nga mga dalan tadlungon,"
And the rough ways smooth;,kag ang batsihon nga mga dalan kaayuhon.
And all flesh shall see the salvation of God.,Ang tanan nga mga katawhan makakita sang kaluwasan sang Dios!’”
"He said therefore to the multitudes that went out to be baptized of him, Ye offspring of vipers, who warned you to flee from the wrath to come?","Madamo nga mga tawo ang nagkadto kay Juan agod mabautisohan niya sila. Nagsiling sia sa ila, “Mga kaliwat sang man-og! Sin-o ang nagsiling sa inyo nga makapalagyo kamo sa silot sang Dios nga madali na lang mag-abot?"
"Bring forth therefore fruits worthy of repentance, and begin not to say within yourselves, We have Abraham to our father: for I say unto you, that God is able of these stones to raise up children unto Abraham.",Pamatud-i sa inyo mga buhat nga nagbiya kamo sa inyo mga sala. Indi kamo magsiling sa inyo mga kaugalingon nga si Abraham isa sang inyo mga kaliwat kay ginasiling ko sa inyo nga ang Dios makahimo sing mga kaliwat para kay Abraham halin sa sini nga mga bato!
"And even now the axe also lieth at the root of the trees: every tree therefore that bringeth not forth good fruit is hewn down, and cast into the fire.",Ang Dios handa na sa pagwasay sang mga kahoy sa ila mga gamot. Gani ang tagsa ka kahoy nga wala nagapamunga sing maayo pagatapson kag idap-ong sa kalayo.”
"And the multitudes asked him, saying, What then must we do?","Ang mga tawo namangkot sa iya, “Ti, ano karon ang amon himuon?”"
"And he answered and said unto them, He that hath two coats, let him impart to him that hath none; and he that hath food, let him do likewise.","Nagsabat sia, “Ang bisan sin-o sa inyo ang may duha ka panid nga bayu ihatag niya ang isa sa wala sing bayu, kag ang bisan sin-o sa inyo ang may kalan-on maghatag sa iya nga wala sing kalan-on.”"
"And there came also publicans to be baptized, and they said unto him, Teacher, what must we do?","May mga manugsukot sang buhis nga nag-abot sa pagpabautiso, kag nagpamangkot sila sa iya, “Manunodlo, ano ang himuon namon?”"
"And he said unto them, Extort no more than that which is appointed you.","Nagsabat sia sa ila, “Indi kamo magsukot sing sobra sang sa ginasugo sa inyo.”"
"And soldiers also asked him, saying, And we, what must we do? And he said unto them, Extort from no man by violence, neither accuse any one wrongfully; and be content with your wages.","May mga soldado nga nagpamangkot man sa iya, “Ti, kami iya, ano ang amon himuon?”"
"And as the people were in expectation, and all men reasoned in their hearts concerning John, whether haply he were the Christ;","Nagsabat sia sa ila, “Indi kamo magkuha sang kwarta bisan kay sin-o sa pakusog nga paagi ukon sa pagbutangbutang. Magkuntento kamo sang inyo sweldo.”"
"John answered, saying unto them all, I indeed baptize you with water; but there cometh he that is mightier than I, the latchet of whose shoes I am not worthy to unloose: he shall baptize you in the Holy Spirit and in fire:","Nagdugang na gid ang pagpaabot sang mga tawo, kag nagpamangkot sila sa ila mga panghunahuna, kon si Juan bala amo na ayhan ang Cristo."
"whose fan is in his hand, thoroughly to cleanse his threshing-floor, and to gather the wheat into his garner; but the chaff he will burn up with unquenchable fire.","Gani si Juan nagsiling sa ila tanan, “Ginabautisohan ko kamo sang tubig, pero may isa nga magaabot nga mas gamhanan pa sang sa akon. Indi gani ako takos sa paghubad sang higot sang iya mga sandalyas. Pagabautisohan niya kamo sang Espiritu Santo kag sang kalayo."
With many other exhortations therefore preached he good tidings unto the people;,"Ginauyatan na niya ang iya inugpahangin sa pagpain sang tinggas sa upa. Dayon pagatipunon niya ang tinggas nga uyas sa iya bodega, pero pagasunogon niya ang upa sa kalayo nga indi gid mapalong.”"
"but Herod the tetrarch, being reproved by him for Herodias his brother’s wife, and for all the evil things which Herod had done,",Gani sa madamo kag nagkalainlain nga paagi nagwali si Juan sang Maayong Balita sa mga tawo.
"added this also to them all, that he shut up John in prison.","Pero ginsaway niya si Herodes nga Gobernador tungod kay ginpuyo niya si Herodias nga asawa sang iya utod, kag tungod sang madamo nga mga kalautan nga nahimo niya."
"Now it came to pass, when all the people were baptized, that, Jesus also having been baptized, and praying, the heaven was opened,",Dayon si Herodes naghimo pa gid sing malain nga butang paagi sa pagpabilanggo kay Juan.
"and the Holy Spirit descended in a bodily form, as a dove, upon him, and a voice came out of heaven, Thou art my beloved Son; in thee I am well pleased.","Karon sang mabautisohan na ang tanan nga mga tawo, si Jesus ginbautisohan man. Sang nagapangamuyo sia, nag-abri ang langit"
"And Jesus himself, when he began to teach , was about thirty years of age, being the son (as was supposed) of Joseph, the son of Heli,","kag ang Espiritu Santo sa dagway sang pating nagkunsad sa iya. Dayon may isa ka tingog halin sa langit nga nagasiling, “Ikaw ang akon hinigugma nga Anak. Nalipay gid ako sa imo.”"
"the son of Matthat, the son of Levi, the son of Melchi, the son of Jannai, the son of Joseph,","Sang pagsugod ni Jesus sang iya bulohaton mga traynta na ka tuig ang iya edad. Abi sang mga tawo, anak sia ni Jose nga anak ni Eli."
"the son of Mattathias, the son of Amos, the son of Nahum, the son of Esli, the son of Naggai,","Si Eli anak ni Matat, si Matat anak ni Levi, si Levi anak ni Melqui, si Melqui anak ni Jane, si Jane anak ni Jose,"
"the son of Maath, the son of Mattathias, the son of Semein, the son of Josech, the son of Joda,","si Jose anak ni Matitias, si Matatias anak ni Amos, si Amos anak ni Nahum, si Nahum anak ni Esli, si Esli anak ni Nagge,"
"the son of Joanan, the son of Rhesa, the son of Zerubbabel, the son of Shealtiel, the son of Neri,","si Nagge anak ni Maat, si Maat anak ni Matatias, si Matatias anak ni Semein, si Semein anak ni Jose, si Jose anak ni Joda,"
"the son of Melchi, the son of Addi, the son of Cosam, the son of Elmadam, the son of Er,","si Joda anak ni Joanan, si Joanan anak ni Resa, si Resa anak ni Zorobabel, si Zorobabel anak ni Salatiel, si Salatiel anak ni Neri,"
"the son of Jesus, the son of Eliezer, the son of Jorim, the son of Matthat, the son of Levi,","si Neri anak ni Melqui, si Melqui anak ni Adi, si Adi anak ni Cosam, si Cosam anak ni Elmadam, si Elmadam anak ni Er,"
"the son of Symeon, the son of Judas, the son of Joseph, the son of Jonam, the son of Eliakim,","si Er anak ni Josue, si Josue anak ni Eliezer, si Eliezer anak ni Jorim, si Jorim anak ni Matat, si Matat anak ni Levi,"
"the son of Melea, the son of Menna, the son of Mattatha, the son of Nathan, the son of David,","si Levi anak ni Simeon, si Simeon anak ni Judas, si Judas anak ni Jose, si Jose anak ni Jonam, si Jonam anak ni Eliaquim,"
"the son of Jesse, the son of Obed, the son of Boaz, the son of Salmon, the son of Nahshon,","si Eliaquim anak ni Melea, si Melea anak ni Mena, si Mena anak ni Matata, si Matata anak ni Natan, si Natan anak ni David,"
"the son of Amminadab, the son of Arni, the son of Hezron, the son of Perez, the son of Judah,","si David anak ni Jesse, si Jesse anak ni Obed, si Obed anak ni Booz, si Booz anak ni Salmon, si Salmon anak ni Naason,"
"the son of Jacob, the son of Isaac, the son of Abraham, the son of Terah, the son of Nahor,","si Naason anak ni Aminadab, si Aminadab anak ni Admin, si Admin anak ni Arni, si Arni anak ni Ezron, si Ezron anak ni Fares, si Fares anak ni Juda,"
"the son of Serug, the son of Reu, the son of Peleg, the son of Eber, the son of Shelah,","si Juda anak ni Jacob, si Jacob anak ni Isaac, si Isaac anak ni Abraham, si Abraham anak ni Tera, si Tera anak ni Nahor,"
"the son of Cainan, the son of Arphaxad, the son of Shem, the son of Noah, the son of Lamech,","si Nahor anak ni Serug, si Serug anak ni Reu, si Reu anak ni Peleg, si Peleg anak ni Eber, si Eber anak ni Sela,"
"And Jesus, full of the Holy Spirit, returned from the Jordan, and was led in the Spirit in the wilderness","Si Jesus nga napun-an sang Espiritu Santo nagbalik halin sa Jordan, kag gindala sia sang Espiritu sa desierto,"
"during forty days, being tempted of the devil. And he did eat nothing in those days: and when they were completed, he hungered.","sa diin ginsulay sia sang Yawa sa sulod sang kwarenta ka adlaw. Wala sia magkaon sa sulod sina nga mga inadlaw, kag sa tapos sadto gingutom sia."
"And the devil said unto him, If thou art the Son of God, command this stone that it become bread.","Ang Yawa nagsiling sa iya, “Kon ikaw ang Anak sang Dios, sugoa ining bato nga mangintinapay.”"
"And Jesus answered unto him, It is written, Man shall not live by bread alone.","Pero nagsabat si Jesus, “Ang kasulatan nagasiling, ‘Indi lamang sa tinapay mabuhi ang tawo.’”"
"And he led him up, and showed him all the kingdoms of the world in a moment of time.",Dayon gindala sia sang Yawa sa isa ka mataas nga lugar kag ginpakita sa iya sa isa ka pamisok ang tanan nga mga ginharian sang kalibutan.
"And the devil said unto him, To thee will I give all this authority, and the glory of them: for it hath been delivered unto me; and to whomsoever I will I give it.","Nagsiling ang Yawa sa iya, “Ihatag ko sa imo ining tanan nga kagamhanan kag kamanggaran. Gintugyan ini tanan sa akon kag sarang ko ini mahatag sa bisan kay sin-o nga luyag ko hatagan."
"If thou therefore wilt worship before me, it shall all be thine.",Gani ini tanan mangin-imo kon magsimba ka sa akon.”
"And Jesus answered and said unto him, It is written, Thou shalt worship the Lord thy God, and him only shalt thou serve.","Nagsabat si Jesus, “Ang kasulatan nagasiling, ‘Magsimba ka sa Ginoo nga imo Dios kag sia lang ang imo alagaron!’”"
"And he led him to Jerusalem, and set him on the pinnacle of the temple, and said unto him, If thou art the Son of God, cast thyself down from hence:","Dayon gindala sia sang Yawa sa Jerusalem, kag ginpatindog sia sa pinakamataas nga bahin sang Templo kag nagsiling sa iya, “Kon ikaw ang Anak sang Dios, lukso ka paidalom."
"for it is written,","Kay ang kasulatan nagasiling, ‘Ang Dios magasugo sang iya mga anghel sa pagbantay sa imo’."
"He shall give his angels charge concerning thee, to guard thee:","Kag nagasiling pa gid, ‘Bayawon ka nila sa ila mga kamot agod indi masamad bisan pa ang imo mga tiil sa mga bato.’”"
"and,","Pero nagsabat si Jesus sa iya, “Ang kasulatan nagasiling, ‘Indi mo pagsulayon ang Ginoo nga imo Dios.’”"
"On their hands they shall bear thee up,","Sang matapos sang Yawa ang tanan nga paagi sang pagsulay, ginbayaan niya anay si Jesus tubtob nga may kahigayunan na man sia."
Lest haply thou dash thy foot against a stone.,"Dayon si Jesus nagbalik sa Galilea, kag ang gahom sang Espiritu Santo yara sa iya. Ang balita nahanungod sa iya naglapnag sa palibot nga mga lugar."
"And Jesus answering said unto him, It is said, Thou shalt not make trial of the Lord thy God.",Nagpanudlo sia sa ila mga sinagoga kag gindayaw sia sang tanan.
"And when the devil had completed every temptation, he departed from him for a season.","Dayon si Jesus nagkadto sa Nazaret, sa diin sia nagdaku, kag sang Adlaw nga Inugpahuway nagkadto sia sa sinagoga suno sa iya kinaandan nga ginahimo. Nagtindog sia sa pagbasa sang mga Kasulatan"
And Jesus returned in the power of the Spirit into Galilee: and a fame went out concerning him through all the region round about.,kag ginhatag sa iya ang libro ni Isaias nga propeta. Ginbukad niya ini kag nakita niya ang bahin diin nasulat ang masunod:
"And he taught in their synagogues, being glorified of all.","“Ang Espiritu sang Ginoo yari sa akon,"
"And he came to Nazareth, where he had been brought up: and he entered, as his custom was, into the synagogue on the sabbath day, and stood up to read.",tungod kay ginpili niya ako sa pagwali sang maayong balita sa mga imol.
"And there was delivered unto him the book of the prophet Isaiah. And he opened the book, and found the place where it was written,","Ginpadala niya ako sa pagpahibalo sang kahilwayan sa mga bihag,"
"The Spirit of the Lord is upon me,","kag sa pag-ayo sang panulok sang mga bulag,"
Because he anointed me to preach good tidings to the poor:,"sa paghilway sang mga ginapigos,"
"He hath sent me to proclaim release to the captives,",kag sa pagpahibalo nga ang tion nag-abot na
"And recovering of sight to the blind,",nga ang Ginoo magaluwas sang iya mga katawhan.’”
"To set at liberty them that are bruised,","Gintakop ni Jesus ang libro, gin-uli sa manugbulig, kag nagpungko. Ang tanan nga mga tawo sa sinagoga nagtulok sa iya."
To proclaim the acceptable year of the Lord.,"Nagsugod sia sa paghambal sa ila, “Ini nga dinalan sang kasulatan natuman karon nga adlaw samtang ginapamatian ninyo ang pagbasa sini.”"
"And he closed the book, and gave it back to the attendant, and sat down: and the eyes of all in the synagogue were fastened on him.","Gindayaw sia sang tanan, kag natingala sila sang matahom nga mga pulong nga iya ginhambal. Nagsiling sila, “Indi bala sia anak ni Jose?”"
"And he began to say unto them, To-day hath this scripture been fulfilled in your ears.","Nagsiling si Jesus sa ila, “Sa walay duhaduha magasiling kamo sa akon sining hulobaton, ‘Manugbulong, ayuha ang imo kaugalingon.’ Kag magasiling man kamo sa akon, ‘Abi, himua man diri sa imo kaugalingon nga banwa ang nabatian namon nga ginhimo nimo sa Capernaum.’”"
"And all bare him witness, and wondered at the words of grace which proceeded out of his mouth: and they said, Is not this Joseph’s son?","Kag nagsiling pa gid si Jesus, “Nagasiling ako sa inyo: wala sing propeta nga ginabaton sa iya kaugalingon nga banwa."
"And he said unto them, Doubtless ye will say unto me this parable, Physician, heal thyself: whatsoever we have heard done at Capernaum, do also here in thine own country.","Pamatii ninyo ako: matuod gid nga madamo ang mga babayi nga balo sa Israel sang panahon ni Elias, sang wala gid mag-ulan sa sulod sang tatlo ka tuig kag anom ka bulan kag may daku nga tiggulotom sa bug-os nga duta."
"And he said, Verily I say unto you, No prophet is acceptable in his own country.","Pero si Elias wala ginpadala sa bisan kay sin-o sa ila, kundi sa babayi lang nga balo nga nagaestar sa Sarepta sa duta sang Sidon."
"But of a truth I say unto you, There were many widows in Israel in the days of Elijah, when the heaven was shut up three years and six months, when there came a great famine over all the land;","Kag may madamo nga mga aruon sa Israel sang panahon ni Eliseo nga propeta, pero wala gid sing isa sa ila nga gin-ayo, kundi si Naaman lang nga taga-Siria.”"
"and unto none of them was Elijah sent, but only to Zarephath, in the land of Sidon, unto a woman that was a widow.",Ang tanan nga mga tawo sa sinagoga naakig gid sang pagkabati nila sini.
"And there were many lepers in Israel in the time of Elisha the prophet; and none of them was cleansed, but only Naaman the Syrian.","Nagtindog sila kag ila ginganoy si Jesus pa gwa sa banwa, kag gindala nila sia sa ibabaw sang bakulod sa diin ang ila banwa napasad, agod ila sia itiklod sa pil-as."
"And they were all filled with wrath in the synagogue, as they heard these things;","Pero si Jesus nag-agi sa tunga nila, kag naglakat."
"and they rose up, and cast him forth out of the city, and led him unto the brow of the hill whereon their city was built, that they might throw him down headlong.","Dayon si Jesus nagkadto sa Capernaum, isa ka banwa sang Galilea, sa diin nagpanudlo sia sa mga tawo sa Adlaw nga Inugpahuway."
But he passing through the midst of them went his way.,"Natingala gid sila sang iya pagpanudlo, tungod kay naghambal sia nga may awtoridad."
"And he came down to Capernaum, a city of Galilee. And he was teaching them on the sabbath day:","May tawo didto sa sinagoga nga ginagamhan sang demonyo, kag nagsinggit sia sa mabaskog nga tingog,"
and they were astonished at his teaching; for his word was with authority.,"“A! Jesus nga taga-Nazaret, ano ang labot mo sa amon? Nag-abot ka bala sa paglaglag sa amon? Nahibal-an ko kon sin-o ka: ikaw ang Balaan nga ginpadala sang Dios!”"
"And in the synagogue there was a man, that had a spirit of an unclean demon; and he cried out with a loud voice,","Ginmanduan ni Jesus ang malaut nga espiritu nga nagasiling, “Maghipos ka, kag maggwa ka sa tawo!” Gintumba sang demonyo ang tawo sa atubang sang tanan. Naggwa sia sa tawo kag wala niya sia mahalitan."
"Ah! what have we to do with thee, Jesus thou Nazarene? art thou come to destroy us? I know thee who thou art, the Holy One of God.","Tanan sila natingala gid kag nagsinilingay, “Ano bala nga sahi sang mga pulong ini? Ini nga tawo nagamando nga may awtoridad kag gahom sa malaut nga mga espiritu kag nagagwa sila!”"
"And Jesus rebuked him, saying, Hold thy peace, and come out of him. And when the demon had thrown him down in the midst, he came out of him, having done him no hurt.",Kag ang balita nahanungod kay Jesus naglapnag sa tanan nga mga lugar sa palibot nga rehiyon.
"And amazement came upon all, and they spake together, one with another, saying, What is this word? for with authority and power he commandeth the unclean spirits, and they come out.","Si Jesus naggwa sa sinagoga kag nagkadto sa balay ni Simon. Ang ugangan nga babayi ni Simon nagamasakit nga may mataas nga hilanat, gani ginpangabay nila si Jesus sa pag-ayo sa iya."
And there went forth a rumor concerning him into every place of the region round about.,"Ginkadtuan sia ni Jesus kag nagtindog sia sa tupad sang iya higdaan, kag ginmanduan ang hilanat nga maghalin sa iya. Nag-ayo sia sa iya hilanat kag sa gilayon nagbangon sia kag nag-amuma sa ila."
"And he rose up from the synagogue, and entered into the house of Simon. And Simon’s wife’s mother was holden with a great fever; and they besought him for her.","Sang makatunod na ang adlaw, ang tanan nga nagamasakit sa nagkalainlain nga mga balatian gindala sang ila mga abyan sa kay Jesus. Si Jesus nagtungtong sang iya mga kamot sa tagsatagsa sa ila kag gin-ayo niya sila tanan."
"And he stood over her, and rebuked the fever; and it left her: and immediately she rose up and ministered unto them.","Ang mga demonyo naggulowa man sa madamo nga mga tawo, kag nagsilinggit, “Ikaw ang Anak sang Dios!”"
"And when the sun was setting, all they that had any sick with divers diseases brought them unto him; and he laid his hands on every one of them, and healed them.","Ginmanduan ni Jesus ang mga demonyo kag wala niya sila pagtugoti sa paghambal, tungod kay nakahibalo sila nga sia amo ang Cristo."
"And demons also came out from many, crying out, and saying, Thou art the Son of God. And rebuking them, he suffered them not to speak, because they knew that he was the Christ.","Sang pagbutlak sang adlaw, si Jesus naggwa sa banwa kag nagkadto sa maligwin nga lugar. Ang mga tawo nagpangita sa iya, kag sang makita nila sia nagtinguha sila sa paghawid sa iya."
"Now it came to pass, while the multitude pressed upon him and heard the word of God, that he was standing by the lake of Gennesaret;","Isa sadto ka adlaw, si Jesus nagatindog sa baybayon sang Linaw sang Genesaret. Ang mga tawo nagdinaguso pakadto sa iya sa pagpamati sang pulong sang Dios."
"and he saw two boats standing by the lake: but the fishermen had gone out of them, and were washing their nets.","Nakita niya ang duha ka sakayan nga yara na sa higad sang linaw, kag ang mga mangingisda nakapanaog na sa paghugas sang ila mga pukot."
"And he entered into one of the boats, which was Simon’s, and asked him to put out a little from the land. And he sat down and taught the multitudes out of the boat.",Ang isa ka sakayan iya ni Simon. Ginsakyan ini ni Jesus kag ginpangabay niya si Simon nga itulak sing diutay ang sakayan halin sa baybayon. Nagpungko si Jesus sa sakayan kag nagpanudlo sa mga tawo.
"And when he had left speaking, he said unto Simon, Put out into the deep, and let down your nets for a draught.","Sa tapos sia makahambal, nagsiling sia kay Simon, “Magpalawod ka kag ang imo mga kaupod kag iladlad ang inyo pukot, agod makakuha kamo sang mga isda.”"
"And Simon answered and said, Master, we toiled all night, and took nothing: but at thy word I will let down the nets.","Si Simon nagsabat, “Manunodlo, nagpamukot kami sa bug-os gid nga gab-i kag wala gid kami sing may nakuha. Pero kon amo ina ang siling mo, iladlad ko ang pukot.”"
"And when they had done this, they inclosed a great multitude of fishes; and their nets were breaking;",Ginladlad nila ang pukot kag nakakuha sila sing madamo nga isda sa bagay nga ang ila mga pukot daw magisi na.
"and they beckoned unto their partners in the other boat, that they should come and help them. And they came, and filled both the boats, so that they began to sink.",Gani ginpaypay nila ang ila mga kaupod sa isa ka sakayan sa pagpalapit kag sa pagbulig sa ila. Nagpalapit sila kag ginpuno nila ang duha ka sakayan sang isda sa bagay nga daw malunod na sila.
"But Simon Peter, when he saw it, fell down at Jesus’ knees, saying, Depart from me; for I am a sinful man, O Lord.","Sang makita ni Simon Pedro ang natabo, nagluhod sia sa atubang ni Jesus kag nagsiling, “Palayo ka sa akon, Ginoo, kay makasasala ako nga tawo!”"
"For he was amazed, and all that were with him, at the draught of the fishes which they had taken;",Sia kag ang tanan niya nga mga kaupdanan natingala gid sa kadamo sang isda nga ila nakuha.
"and so were also James and John, sons of Zebedee, who were partners with Simon. And Jesus said unto Simon, Fear not; from henceforth thou shalt catch men.","Ang mga kaupod ni Simon nga si Santiago kag si Juan, nga mga anak ni Zebedeo, natingala man. Si Jesus nagsiling kay Simon, “Indi ka magkahadlok. Sugod karon magapangisda ikaw sang mga tawo.”"
"And when they had brought their boats to land, they left all, and followed him.","Ginpatakas nila ang mga sakayan, ginbayaan nila ang tanan kag nagsunod kay Jesus."
"And it came to pass, while he was in one of the cities, behold, a man full of leprosy: and when he saw Jesus, he fell on his face, and besought him, saying, Lord, if thou wilt, thou canst make me clean.","Sang isa ka tion si Jesus didto sa isa ka banwa sa diin may isa ka tawo nga puno sang aro ang iya bug-os nga lawas. Sang pagkakita niya kay Jesus naghapa sia sa duta kag nagpakitluoy sa iya, “Sir, kon luyag mo, sarang mo ako maayo!”"
"And he stretched forth his hand, and touched him, saying, I will; be thou made clean. And straightway the leprosy departed from him.","Gin-untay ni Jesus ang iya kamot kag gintandog sia nga nagasiling, “Luyag ko! Mag-ayo ka!” Sa gilayon nag-ayo sia sa iya balatian."
"And he charged him to tell no man: but go thy way, and show thyself to the priest, and offer for thy cleansing, according as Moses commanded, for a testimony unto them.","Kag ginmanduan sia ni Jesus, “Indi ka magpanugid sini bisan kay sin-o, kundi kadto ka sa pari kag ipatan-aw ang imo kaugalingon. Dayon maghalad ka suno sa ginsugo ni Moises sa pagpamatuod sa mga tawo nga maayo ka na.”"
"But so much the more went abroad the report concerning him: and great multitudes came together to hear, and to be healed of their infirmities.","Pero ang balita nahanungod kay Jesus naglapnag pa gid, kag madamo nga mga tawo ang nag-abot sa pagpamati sa iya kag sa pagpabulong sang ila mga balatian."
"But he withdrew himself in the deserts, and prayed.",Pero sa masunson nagakadto sia sa maligwin nga mga lugar sa diin nagpangamuyo sia.
"And it came to pass on one of those days, that he was teaching; and there were Pharisees and doctors of the law sitting by, who were come out of every village of Galilee and Judæa and Jerusalem: and the power of the Lord was with him to heal.","Isa ka adlaw sang si Jesus nagapanudlo, may mga Fariseo kag mga manunodlo sang Kasugoan nga nagapungko didto. Nagikan sila sa kabanwahanan sang Galilea kag Judea kag sa Jerusalem. Ang gahom sang Ginoo yara kay Jesus sa pagpang-ayo sang masakiton."
"And behold, men bring on a bed a man that was palsied: and they sought to bring him in, and to lay him before him.","May mga tawo nga nagayayong sang isa ka tawo nga paralitiko nga yara sa iya higdaan. Nagtinguha sila sa pagsulod sa balay agod ibutang nila ang paralitiko sa atubang ni Jesus,"
"And not finding by what way they might bring him in because of the multitude, they went up to the housetop, and let him down through the tiles with his couch into the midst before Jesus.","pero wala sila sang alagyan sa pagdala sa iya pasulod tungod kay nagaginutok ang mga tawo. Gani gindala nila sia sa ibabaw sang atop. Ginguhaban nila ang atop nga tisa, kag gintunton nila sia sa iya higdaan sa atubang ni Jesus sa tunga sang mga tawo."
"And seeing their faith, he said, Man, thy sins are forgiven thee.","Sang makita ni Jesus kon daw ano kadako sang ila pagtuo, nagsiling sia sa paralitiko, “Abyan, ginapatawad ang imo mga sala.”"
"And the scribes and the Pharisees began to reason, saying, Who is this that speaketh blasphemies? Who can forgive sins, but God alone?","Ang mga manunodlo sang Kasugoan kag ang mga Fariseo nagmuno sa ila kaugalingon, “Sin-o bala ini nga tawo nga nagapasipala sa Dios? Wala sing tawo nga makapatawad sang mga sala, kundi ang Dios lamang!”"
"But Jesus perceiving their reasonings, answered and said unto them, Why reason ye in your hearts?","Si Jesus nga nakatungkad sang ila mga painuino nagsiling sa ila, “Ngaa bala nagapainuino kamo sing subong sina?"
"Which is easier, to say, Thy sins are forgiven thee; or to say, Arise and walk?","Diin bala ang mas mahapos isiling, ‘Ginapatawad ang imo mga sala,’ ukon ang pagsiling, ‘Tindog ka kag maglakat’?"
"But that ye may know that the Son of man hath authority on earth to forgive sins (he said unto him that was palsied), I say unto thee, Arise, and take up thy couch, and go unto thy house.","Karon pamatud-an ko sa inyo, nga ang Anak sang Tawo may awtoridad sa duta sa pagpatawad sang mga sala.” Gani nagsiling sia sa paralitiko, “Nagasiling ako sa imo, tindog ka, dalha ang imo higdaan kag magpauli!”"
"And immediately he rose up before them, and took up that whereon he lay, and departed to his house, glorifying God.","Sa gilayon nagtindog ang tawo sa atubang nila, nagkuha sang iya higdaan kag nagpauli nga nagadayaw sa Dios."
"And amazement took hold on all, and they glorified God; and they were filled with fear, saying, We have seen strange things to-day.","Ang tanan natingala gid! Sa daku nga kahadlok nagdayaw sila sa Dios nga nagasiling, “Daw ano ka makatilingala nga mga butang ang aton nakita karon nga adlaw!”"
"And after these things he went forth, and beheld a publican, named Levi, sitting at the place of toll, and said unto him, Follow me.","Sa tapos sini naggwa si Jesus kag nakita niya si Levi nga isa ka manugsukot sang buhis nga nagapungko sa iya opisina. Nagsiling si Jesus sa iya, “Upod ka sa akon.”"
"And he forsook all, and rose up and followed him.","Nagtindog si Levi, ginbayaan niya ang tanan kag nagsunod sa iya."
And Levi made him a great feast in his house: and there was a great multitude of publicans and of others that were sitting at meat with them.,"Dayon si Levi naghiwat sing daku nga punsyon sa iya balay para kay Jesus, kag didto upod nila ang madamo nga mga manugsukot sang buhis kag iban pa nga mga tawo."
"And the Pharisees and their scribes murmured against his disciples, saying, Why do ye eat and drink with the publicans and sinners?","May mga Fariseo kag mga manunodlo sang Kasugoan nga kaupod nila nga nagreklamo sa mga gintuton-an ni Jesus. Nagpamangkot sila, “Ngaa bala nga nagakaon kamo kag nagainom upod sa mga manugsukot sang buhis kag sa iban nga mga makasasala?”"
"And Jesus answering said unto them, They that are in health have no need of a physician; but they that are sick.","Si Jesus nagsabat sa ila, “Ang mga tawo nga may maayo sang lawas wala nagakinahanglan sang manugbolong, kundi ang mga nagamasakit lang."
I am not come to call the righteous but sinners to repentance.,"Wala ako nag-abot sa pagtawag sang mga matarong, kundi sang mga makasasala sa paghinulsol.”"
"And they said unto him, The disciples of John fast often, and make supplications; likewise also the disciples of the Pharisees; but thine eat and drink.","May mga tawo nga nagsiling kay Jesus, “Ang mga gintuton-an ni Juan kag ang mga gintuton-an sang mga Fariseo nagapuasa kag nagapangamuyo sing masunson, pero ang imo mga gintuton-an padayon nga nagakaon kag nagainom.”"
"And Jesus said unto them, Can ye make the sons of the bride-chamber fast, while the bridegroom is with them?","Nagsabat si Jesus sa ila, “Mapapuasa bala ninyo ang mga inagda sa kasal samtang yara pa ang nobyo kaupod nila?"
"But the days will come; and when the bridegroom shall be taken away from them, then will they fast in those days.","Pero magaabot ang tion nga ang nobyo kuhaon sa ila, kag dayon magapuasa sila sa sadto nga mga adlaw.”"
"And he spake also a parable unto them: No man rendeth a piece from a new garment and putteth it upon an old garment; else he will rend the new, and also the piece from the new will not agree with the old.","Si Jesus nagsugid sa ila sini man nga palaanggiran: “Wala sing tawo nga nagagunting sa bag-o nga bayu kag itukap ini sa daan nga bayu. Kon himuon niya ini, magisi niya ang bag-o nga bayu kag ang tinabas nga bag-o indi nagakabagay sa daan."
"And no man putteth new wine into old wine-skins; else the new wine will burst the skins, and itself will be spilled, and the skins will perish.","Wala man sing tawo nga nagasulod sang bag-o nga bino sa daan nga mga sulodlan nga panit. Kon himuon niya ini, ang bino nga bag-o magabusdik sang sulodlan nga panit, ang bino mauyang kag ang sulodlan nga panit indi mapuslan."
But new wine must be put into fresh wine-skins.,"Sa baylo, ang bag-o nga bino dapat isulod sa bag-o nga sulodlan nga panit!"
"And no man having drunk old wine desireth new; for he saith, The old is good.","Kag wala man sing bisan sin-o nga maluyag sang bag-o nga bino sa tapos sia makainom sang daan nga bino. Kay nagasiling sia, ‘Ang daan nga bino mas maayo.’”"
"Now it came to pass on a sabbath, that he was going through the grainfields; and his disciples plucked the ears, and did eat, rubbing them in their hands.","Sang isa ka Adlaw nga Inugpahuway, si Jesus nag-agi sa kaumhan sang trigo. Ang iya mga gintuton-an nagpangutol sang mga uhay, ginligis nila ini sa ila mga kamot kag ginkaon ang mga uyas."
"But certain of the Pharisees said, Why do ye that which it is not lawful to do on the sabbath day?","May mga Fariseo nga nagpamangkot, “Ngaa bala ginahimo ninyo ang ginadumilian sang aton Kasugoan sa Adlaw nga Inugpahuway?”"
"And Jesus answering them said, Have ye not read even this, what David did, when he was hungry, he, and they that were with him;","Nagsabat si Jesus sa ila, “Wala bala ninyo mabasahi ang ginhimo ni David sang sia kag ang iya mga kaupdanan gingutom?"
"how he entered into the house of God, and took and ate the showbread, and gave also to them that were with him; which it is not lawful to eat save for the priests alone?","Nagsulod sia sa balay sang Dios, ginkuha niya ang tinapay nga nahalad sa Dios, ginkaon ini, kag ginhatagan man niya ang iya mga kaupdanan, bisan indi tugot sa bisan kay sin-o ang pagkaon sini luas lamang sa mga pari.”"
"And he said unto them, The Son of man is lord of the sabbath.","Kag si Jesus nagsiling sa ila, “Ang Anak sang Tawo amo ang Ginoo sang Adlaw nga Inugpahuway.”"
"And it came to pass on another sabbath, that he entered into the synagogue and taught: and there was a man there, and his right hand was withered.","Sang isa naman ka Adlaw nga Inugpahuway, nagsulod si Jesus sa sinagoga kag nagpanudlo. May tawo didto nga ang iya kamot nga tuo naitus."
"And the scribes and the Pharisees watched him, whether he would heal on the sabbath; that they might find how to accuse him.",May mga manunodlo sang Kasugoan kag mga Fariseo nga nagapangita sing kabangdanan sa pagsumbong kay Jesus. Gani ginpanilagan nila sia sing maid-id kon bala magapang-ayo sia sa Adlaw nga Inugpahuway.
"But he knew their thoughts; and he said to the man that had his hand withered, Rise up, and stand forth in the midst. And he arose and stood forth.","Ugaling si Jesus nakahibalo sang ila mga panghunahuna kag nagsiling sia sa tawo nga naitus ang iya kamot, “Tindog ka kag magpatunga.” Ang tawo nagtindog kag nagpatunga."
"And Jesus said unto them, I ask you, Is it lawful on the sabbath to do good, or to do harm? to save a life, or to destroy it?","Dayon si Jesus nagsiling sa ila, “Mamangkot ako sa inyo: Ano ang ginatugot sang aton Kasugoan sa Adlaw nga Inugpahuway nga himuon ta? Ang magbulig bala ukon ang maghalit? Ang magluwas sang kabuhi sang isa ka tawo ukon ang magpatay?”"
"And he looked round about on them all, and said unto him, Stretch forth thy hand. And he did so : and his hand was restored.","Gintulok niya sila tanan kag nagsiling sa tawo, “Untaya ang imo kamot.” Gin-untay niya ang iya kamot, kag nag-ayo ini liwat."
But they were filled with madness; and communed one with another what they might do to Jesus.,"Pero naakig gid sila, kag ginhambalan nila kon ano ang ila himuon kay Jesus."
"And it came to pass in these days, that he went out into the mountain to pray; and he continued all night in prayer to God.",Sa sadto nga tion nagtaklad si Jesus sa isa ka bakulod kag didto nagpangamuyo sa Dios sa bilog nga gab-i.
"And when it was day, he called his disciples; and he chose from them twelve, whom also he named apostles:","Sang pagkaaga gintawag niya ang iya mga gintuton-an, kag nagpili sia sing dose nga gintawag niya nga mga apostoles."
"Simon, whom he also named Peter, and Andrew his brother, and James and John, and Philip and Bartholomew,","Ini sila amo ang masunod: si Simon nga ginhingalanan niya kay Pedro, kag ang iya utod nga si Andres; si Santiago kag si Juan, si Felipe kag si Bartolome,"
"and Matthew and Thomas, and James the son of Alphæus, and Simon who was called the Zealot,","si Mateo kag si Tomas, si Santiago nga anak ni Alfeo kag si Simon nga gintawag nga makipungsodnon,"
"and Judas the son of James, and Judas Iscariot, who became a traitor;",si Judas nga anak ni Santiago kag si Judas Iscariote nga nangintraidor.
"and he came down with them, and stood on a level place, and a great multitude of his disciples, and a great number of the people from all Judæa and Jerusalem, and the sea coast of Tyre and Sidon, who came to hear him, and to be healed of their diseases;","Sang nagdulhog si Jesus halin sa bakulod kaupod sang iya mga apostoles, nagtindog sia sa matapan nga lugar kaupod ang iya madamo nga mga gintuton-an. Didto may madamo nga mga tawo halin sa Judea, Jerusalem kag mga banwa sa baybayon sang Tiro kag Sidon."
and they that were troubled with unclean spirits were healed.,Nagkadto sila didto sa pagpamati kay Jesus kag sa pagpabulong sang ila mga balatian. Ang mga ginatublag sang malaut nga mga espiritu nagkadto man kag ginpang-ayo.
"And all the multitude sought to touch him; for power came forth from him, and healed them all.","Ang tanan nga mga tawo nagtinguha sa pagtandog sa iya, kay may gahom nga nagagwa sa iya kag nagaayo sa ila tanan."
"And he lifted up his eyes on his disciples, and said, Blessed are ye poor: for yours is the kingdom of God.",Gintulok ni Jesus ang iya mga gintuton-an kag ginsingganan:
Blessed are ye that hunger now: for ye shall be filled. Blessed are ye that weep now: for ye shall laugh.,"“Malipayon kamo nga mga imol,"
"Blessed are ye, when men shall hate you, and when they shall separate you from their company , and reproach you, and cast out your name as evil, for the Son of man’s sake.",kay inyo ang Ginharian sang Dios!
"Rejoice in that day, and leap for joy : for behold, your reward is great in heaven; for in the same manner did their fathers unto the prophets.","“Malipayon kamo nga ginagutom karon,"
But woe unto you that are rich! for ye have received your consolation.,kay pagabusgon kamo!
"Woe unto you, ye that are full now! for ye shall hunger. Woe unto you , ye that laugh now! for ye shall mourn and weep.","“Malipayon kamo nga nagahibi karon,"
"Woe unto you , when all men shall speak well of you! for in the same manner did their fathers to the false prophets.",kay magakadlaw kamo!
"But I say unto you that hear, Love your enemies, do good to them that hate you,","“Malipayon kamo kon ang mga tawo magdumot sa inyo, magsikway sa inyo, magpasipala sa inyo, kag magtawag sa inyo nga malaut tungod sa Anak sang Tawo!"
"bless them that curse you, pray for them that despitefully use you.","Magkasadya kamo kon ina matabo kag maghinugyaw, tungod kay daku ang inyo balos sa langit. Kay sang una, amo man ini ang ginhimo sang ila mga katigulangan sa mga propeta."
To him that smiteth thee on the one cheek offer also the other; and from him that taketh away thy cloak withhold not thy coat also.,"“Pero makaluluoy man kamo nga mga manggaranon karon,"
Give to every one that asketh thee; and of him that taketh away thy goods ask them not again.,nga nakaagom na sang masulhay nga pagpangabuhi!
"And as ye would that men should do to you, do ye also to them likewise.","“Makaluluoy man kamo nga mga busog karon,"
"And if ye love them that love you, what thank have ye? for even sinners love those that love them.",kay gutomon kamo!
"And if ye do good to them that do good to you, what thank have ye? for even sinners do the same.","“Makaluluoy man kamo nga nagakadlaw karon,"
"And if ye lend to them of whom ye hope to receive, what thank have ye? even sinners lend to sinners, to receive again as much.",kay magapangasubo kag magahibi kamo!
"But love your enemies, and do them good, and lend, never despairing; and your reward shall be great, and ye shall be sons of the Most High: for he is kind toward the unthankful and evil.","“Makaluluoy man kamo kon ang tanan nga mga tawo magdayaw sa inyo, kay amo man ini ang ginhimo sang ila mga katigulangan sa di-matuod nga mga propeta."
"Be ye merciful, even as your Father is merciful.","“Pero nagasiling ako sa inyo nga nagapamati sa akon: Higugmaa ang inyo mga kaaway, ayuhi ang mga nagadumot sa inyo,"
"And judge not, and ye shall not be judged: and condemn not, and ye shall not be condemned: release, and ye shall be released:","pakamaayuha ang mga nagapakamalaut sa inyo, kag pangamuyoi ang nagatratar sing malain sa inyo."
"give, and it shall be given unto you; good measure, pressed down, shaken together, running over, shall they give into your bosom. For with what measure ye mete it shall be measured to you again.","Kon may magtampa sa imo sa pihak nga guya, itaya man ang pihak. Kon may magkuha sang imo kunop, ihatag man pati ang imo bayu."
"And he spake also a parable unto them, Can the blind guide the blind? shall they not both fall into a pit?","Hatagi ang nagapangayo sa imo, kag kon may magkuha sang imo mga pagkabutang, indi na pagbawia ina sa iya."
The disciple is not above his teacher: but every one when he is perfected shall be as his teacher.,Himua ninyo sa mga tawo ang luyag ninyo nga himuon man nila sa inyo.
"And why beholdest thou the mote that is in thy brother’s eye, but considerest not the beam that is in thine own eye?","“Kon ang ginahigugma ninyo amo man lang ang nagahigugma sa inyo, ano bala nga kaayuhan ang inyo nahimo? Bisan gani ang mga makasasala nagahigugma sa mga nagahigugma sa ila."
"Or how canst thou say to thy brother, Brother, let me cast out the mote that is in thine eye, when thou thyself beholdest not the beam that is in thine own eye? Thou hypocrite, cast out first the beam out of thine own eye, and then shalt thou see clearly to cast out the mote that is in thy brother’s eye.","Kag kon ang ginahimuan ninyo sing maayo amo man lang ang nagahimo sing maayo sa inyo, ano bala nga kaayuhan ang inyo nahimo? Bisan pa gani ang mga makasasala nagahimo man sina!"
For there is no good tree that bringeth forth corrupt fruit; nor again a corrupt tree that bringeth forth good fruit.,"Kag kon ang ginapahulam ninyo amo man lang ang inyo ginalauman nga makabayad sa inyo, ano bala nga kaayuhan ang inyo nahimo? Bisan gani ang mga makasasala nagapahulam man sa mga makasasala kag sila ginabayaran sang amo man nga kantidad."
"For each tree is known by its own fruit. For of thorns men do not gather figs, nor of a bramble bush gather they grapes.","Indi amo ina! Higugmaa ang inyo mga kaaway kag himua ang maayo sa ila. Magpahulam kamo nga wala nagapaabot nga bayaran. Dayon magabaton kamo sing daku nga balos, kag mangin mga anak kamo sang Labing Mataas nga Dios. Kay maalwan sia sa mga tawo nga walay kabalaslan kag mga malaut."
The good man out of the good treasure of his heart bringeth forth that which is good; and the evil man out of the evil treasure bringeth forth that which is evil: for out of the abundance of the heart his mouth speaketh.,"Magmaluloy-on kamo, subong nga ang inyo Amay maluloy-on."
"And why call ye me, Lord, Lord, and do not the things which I say?","“Indi kamo maghukom sa iban, kag ang Dios indi man maghukom sa inyo. Indi kamo magkondenar sa iban, kag ang Dios indi man magkondenar sa inyo. Magpatawad kamo sa iban, kag ang Dios magapatawad man sa inyo."
"Every one that cometh unto me, and heareth my words, and doeth them, I will show you to whom he is like:","Magpanghatag kamo sa iban, kag ang Dios magahatag man sa inyo. Ang ihatag sa inyo nasukob sing maayo, nadasok, nauyog, kag nagaawas. Ang Dios magabutang sini sa imo sabak. Kay ang ginagamit ninyo nga talaksan para sa iban amo man ang talaksan sang Dios para sa inyo.”"
"he is like a man building a house, who digged and went deep, and laid a foundation upon the rock: and when a flood arose, the stream brake against that house, and could not shake it: because it had been well builded.","Kag si Jesus nagsugid sa ila sini nga palaanggiran: “Ang isa ka bulag indi makatuytoy sa isa man ka bulag. Kon himuon niya ini, sila nga duha madagdag sa kanal."
"But he that heareth, and doeth not, is like a man that built a house upon the earth without a foundation; against which the stream brake, and straightway it fell in; and the ruin of that house was great.","Wala sing estudyante nga maglabaw pa sang sa iya maestro, pero kon matapos na sang isa ka estudyante ang iya kurso, manginsubong na sia sang iya maestro."
"After he had ended all his sayings in the ears of the people, he entered into Capernaum.","Sa tapos ni Jesus mahambal ini tanan nga mga butang sa mga tawo, nagkadto sia sa Capernaum."
"And a certain centurion’s servant, who was dear unto him, was sick and at the point of death.",Ang kapitan nga Romanhon didto may isa ka suloguon nga palangga gid niya. Ini nga suloguon nagamasakit kag tagumatayon.
"And when he heard concerning Jesus, he sent unto him elders of the Jews, asking him that he would come and save his servant.","Sang pagkabati sang kapitan nahanungod kay Jesus, ginpadala niya ang pila ka mga katigulangan sang mga Judio sa pagpangabay kay Jesus nga magkari kag ayuhon ang iya suloguon."
"And they, when they came to Jesus, besought him earnestly, saying, He is worthy that thou shouldest do this for him;",Nagkadto sila kay Jesus kag nagpakitluoy gid sa iya: “Ini nga kapitan takos gid sang imo bulig.
"for he loveth our nation, and himself built us our synagogue.",Kay nagahigugma sia sang aton mga katawhan kag sia gid ang nagpatindog sang amon sinagoga.”
"And Jesus went with them. And when he was now not far from the house, the centurion sent friends to him, saying unto him, Lord, trouble not thyself; for I am not worthy that thou shouldest come under my roof:","Gani si Jesus nag-upod sa ila. Sang malapit na si Jesus sa balay, ginpadala sang kapitan ang iya mga abyan nga silingon si Jesus, “Ginoo, indi ka na magpagamo! Indi ako takos nga magkadto ka sa akon balay,"
"wherefore neither thought I myself worthy to come unto thee: but say the word, and my servant shall be healed.","kag indi man ako takos magpalapit sa imo. Pero magsiling ka lang, ‘Magaayo sia!’ kag magaayo ang akon suloguon."
"For I also am a man set under authority, having under myself soldiers: and I say to this one, Go, and he goeth; and to another, Come, and he cometh; and to my servant, Do this, and he doeth it.","Kay ako man tawo nga yara sa idalom sang awtoridad sang mataas nga mga opisyales, kag may mga soldado man ako nga yara sa idalom sang akon awtoridad. Ginasugo ko ining isa, ‘Lakat!’ kag nagalakat sia. Ginasugo ko inang isa, ‘Palapit!’ kag nagapalapit sia. Kag ginasugo ko ang akon suloguon, ‘Himua ini!’ kag ginahimo niya ini.”"
"And when Jesus heard these things, he marvelled at him, and turned and said unto the multitude that followed him, I say unto you, I have not found so great faith, no, not in Israel.","Natingala si Jesus sang pagkabati niya sini. Nagliso sia kag nagsiling sa mga tawo nga nagasunod sa iya, “Nagasiling ako sa inyo, wala ako makakita sing pagtuo kasubong sini, bisan sa Israel.”"
"And they that were sent, returning to the house, found the servant whole.","Sang magbalik sa balay sang kapitan ang mga ginsugo, nakita nila nga maayo na ang suloguon."
"And it came to pass soon afterwards, that he went to a city called Nain; and his disciples went with him, and a great multitude.","Sa tapos sini, si Jesus nagkadto sa banwa nga ginatawag Nain. Nag-upod sa iya ang iya mga gintuton-an kag ang madamo nga mga tawo."
"Now when he drew near to the gate of the city, behold, there was carried out one that was dead, the only son of his mother, and she was a widow: and much people of the city was with her.","Sang nagahinampot sia sa pwerta sang banwa, may patay nga ginayayungan pa gwa kag madamo nga mga tawo halin sa banwa ang nagakompanyar. Ang patay nga tawo amo ang bugtong nga anak sang isa ka iloy nga balo."
"And when the Lord saw her, he had compassion on her, and said unto her, Weep not.","Sang pagkakita sang Ginoo sa balo naluoy gid sia kag nagsiling sa iya, “Indi ka maghibi.”"
"And he came nigh and touched the bier: and the bearers stood still. And he said, Young man, I say unto thee, Arise.","Dayon nagpalapit sia sa lungon kag gintandog niya ini. Ang mga nagayayong nagdulog. Si Jesus nagsiling, “Noy, nagasiling ako sa imo, bangon ka!”"
"And he that was dead sat up, and began to speak. And he gave him to his mother.","Ang napatay nga tawo nagpungko kag naghambal, kag gintugyan sia ni Jesus sa iya iloy."
"And fear took hold on all: and they glorified God, saying, A great prophet is arisen among us: and, God hath visited his people.","Ang tanan hinadlukan gid kag nagdayaw sila sa Dios nga nagasiling, “Ang isa ka gamhanan nga propeta nagpakita sa tunga naton, kag ang Dios nag-abot sa pagluwas sang iya mga tawo.”"
"And this report went forth concerning him in the whole of Judæa, and all the region round about.",Ining balita nahanungod kay Jesus naglapnag sa bug-os nga Judea kag sa palibot nga kadutaan.
And the disciples of John told him of all these things.,Ginsugiran si Juan sang iya mga gintuton-an nahanungod sini tanan nga mga butang. Gintawag niya ang duha sang iya mga gintuton-an
"And John calling unto him two of his disciples sent them to the Lord, saying, Art thou he that cometh, or look we for another?","kag ginpakadto sa Ginoo sa pagpamangkot sa iya, “Ikaw bala ang ginsiling ni Juan nga magaabot ukon magapaabot pa kami sing isa?”"
"And when the men were come unto him, they said, John the Baptist hath sent us unto thee, saying, Art thou he that cometh, or look we for another?","Sang pagkadto nila kay Jesus nagsiling sila, “Ginpadala kami ni Juan nga manugbautiso sa pagpamangkot sa imo, ‘Ikaw bala ang ginsiling niya nga magaabot, ukon magapaabot pa kami sing isa?’”"
In that hour he cured many of diseases and plagues and evil spirits; and on many that were blind he bestowed sight.,"Sa sadto gid nga tion ginpang-ayo ni Jesus ang madamo nga mga tawo nga may mga masakit, mga balatian kag may malaut nga mga espiritu, kag gin-ayo man niya ang madamo nga mga bulag."
"And he answered and said unto them, Go and tell John the things which ye have seen and heard; the blind receive their sight, the lame walk, the lepers are cleansed, and the deaf hear, the dead are raised up, the poor have good tidings preached to them.","Nagsabat sia sa mga ginpadala ni Juan, “Balik kamo kag sugiri si Juan sang inyo nakita kag nabatian: ang mga bulag makakita na, ang mga piang makalakat na, ang mga aruon nag-alayo na, ang mga bungol makabati na, ang mga patay ginbanhaw, kag ang Maayong Balita ginawali sa mga imol."
"And blessed is he, whosoever shall find no occasion of stumbling in me.",Daw ano ka malipayon ang wala nagapangduhaduha sa akon!”
"And when the messengers of John were departed, he began to say unto the multitudes concerning John, What went ye out into the wilderness to behold? a reed shaken with the wind?","Sang makahalin na ang mga ginsugo ni Juan, naghambal si Jesus sa mga tawo nahanungod kay Juan: “Ano ang ginpaabot ninyo nga makita sang pagkadto ninyo kay Juan didto sa desierto? Tigbaw bala nga ginahapayhapay sang hangin?"
"But what went ye out to see? a man clothed in soft raiment? Behold, they that are gorgeously apparelled, and live delicately, are in kings’ courts.",Ano bala ang ginkadto ninyo nga tan-awon? Isa bala ka tawo nga nagabayo sing malahalon? Ang mga tawo nga nagabayo sang malahalon kag ang nagaginawi sing minanggaranon makita sa mga palasyo.
"But what went ye out to see? a prophet? Yea, I say unto you, and much more than a prophet.","Sugiri ninyo ako, ano gid bala ang inyo ginkadto nga tan-awon? Isa bala ka propeta? Huo, nagasiling ako sa inyo, kag labaw pa sa isa ka propeta ang inyo nakita."
"This is he of whom it is written,","Kay si Juan amo ang ginatumod sang kasulatan: ‘Ang Dios nagsiling, ipadala ko ang akon manugbalita nga magauna sa imo kag magaaman sang imo alagyan.’"
"Behold, I send my messenger before thy face,","Nagasiling ako sa inyo, sa mga nagkalatawo wala sing may maglabaw pa kay Juan. Pero ang labing kubos nga nagapasakop sa paghari sang Dios mas daku pa sang sa iya.”"
Who shall prepare thy way before thee.,Ang tanan nga mga tawo kag ang mga manugsukot sang buhis nakabati sa iya. Sila amo ang nagtuman sang pagkamatarong nga ginapangayo sang Dios kag ginbautisohan sila ni Juan.
"I say unto you, Among them that are born of women there is none greater than John: yet he that is but little in the kingdom of God is greater than he.",Pero ang mga Fariseo kag ang mga manunodlo sang Kasugoan nagsikway sang tinutuyo sang Dios para sa ila kag wala sila magpabautiso kay Juan.
"And all the people when they heard, and the publicans, justified God, being baptized with the baptism of John.","“Si Jesus nagpadayon sa pagsiling, ‘Sa ano ko bala ipaanggid ang mga tawo sini nga mga inadlaw? Kaangay bala sila sang ano?"
"But the Pharisees and the lawyers rejected for themselves the counsel of God, being not baptized of him.","Kaangay sila sang mga kabataan nga nagpungko sa tiendahan kag nagasinggitanay, ‘Nagtukar kami sa inyo sing plawta, pero wala kamo magsaot. Naghaya kami, pero wala kamo maghibi.’"
"Whereunto then shall I liken the men of this generation, and to what are they like?","Nag-abot si Juan nga manugbautiso kag nagpuasa kag wala mag-inom sing bino, kag kamo nagsiling, ‘Ginagamhan sia sang demonyo.’"
"They are like unto children that sit in the marketplace, and call one to another; who say, We piped unto you, and ye did not dance; we wailed, and ye did not weep.","Ang Anak sang Tawo nag-abot, kag nagkaon kag nag-inom, kag kamo nagsiling, ‘Tan-awa ninyo ini nga tawo! Palakaon sia kag palahubog, abyan sang mga manugsukot sang buhis kag sang iban nga mga makasasala!’"
"For John the Baptist is come eating no bread nor drinking wine; and ye say, He hath a demon.",Pero ang kaalam sang Dios ginapamatud-an nga matuod sang tanan nga nagabaton sini.”
"The Son of man is come eating and drinking; and ye say, Behold, a gluttonous man, and a winebibber, a friend of publicans and sinners!",Si Jesus gin-agda sang isa ka Fariseo nga magkaon upod sa iya. Nagkadto si Jesus sa balay sining Fariseo kag nagpungko sia sa pagkaon didto.
And wisdom is justified of all her children.,"May isa ka makasasala nga babayi nga nagaestar sa amo nga banwa. Sang pagkahibalo niya nga si Jesus nagakaon sa balay sang Fariseo, nagdala sia sang tibodtibod nga puno sang agwa."
"And one of the Pharisees desired him that he would eat with him. And he entered into the Pharisee’s house, and sat down to meat.","Nagtindog sia sa likod nayon ni Jesus malapit sa iya tiil nga nagahibi, kag ginbasa niya ang mga tiil ni Jesus sang iya mga luha. Dayon ginpahiran niya ang mga tiil ni Jesus sang iya buhok, iya ginhalukan, kag ginbuboan ini sang agwa."
"And behold, a woman who was in the city, a sinner; and when she knew that he was sitting at meat in the Pharisee’s house, she brought an alabaster cruse of ointment,","Sang pagkakita sini sang Fariseo nga nag-agda kay Jesus nagsiling sia sa iya kaugalingon, “Kon matuod nga ining tawo propeta, kuntani nahibal-an niya kon sin-o kag ano ka makasasala sang kabuhi sini nga babayi nga nagatandog sa iya.”"
"and standing behind at his feet, weeping, she began to wet his feet with her tears, and wiped them with the hair of her head, and kissed his feet, and anointed them with the ointment.","Si Jesus naghambal kag nagsiling sa iya, “Simon, may isugid ako sa imo.”"
"Now when the Pharisee that had bidden him saw it, he spake within himself, saying, This man, if he were a prophet, would have perceived who and what manner of woman this is that toucheth him, that she is a sinner.","Si Simon nagsabat, “Huo, Manunodlo, sugiri ako.”"
"And Jesus answering said unto him, Simon, I have somewhat to say unto thee. And he saith, Teacher, say on.","Si Jesus nagsiling, “May isa ka manugpautang nga may duha ka tawo nga ginpautang. Ang isa nakautang sa iya sing 5,000 kag ang isa 500."
"A certain lender had two debtors: the one owed five hundred shillings, and the other fifty.","Sila nga duha indi gid makabayad, gani, wala na lang sila ginpabayad sang nagpautang sa ila. Diin sa ila nga duha ang magahigugma sing labi sa nagpautang sa ila?”"
"When they had not wherewith to pay, he forgave them both. Which of them therefore will love him most?","Si Simon nagsabat, “Sa banta ko ang nakautang sing daku kag wala na pagpabayara.”"
"Simon answered and said, He, I suppose, to whom he forgave the most. And he said unto him, Thou hast rightly judged.","Si Jesus nagsiling, “Husto ang sabat mo.”"
"And turning to the woman, he said unto Simon, Seest thou this woman? I entered into thy house, thou gavest me no water for my feet: but she hath wetted my feet with her tears, and wiped them with her hair.","Dayon nagliso sia sa babayi samtang nagapadayon sa pagsiling kay Simon, “Nakita mo ining babayi? Nagsulod ako sa imo balay kag wala ka maghatag sa akon sing tubig para sa akon mga tiil, pero sia nagbasa sang akon mga tiil sang iya mga luha kag ginpahiran niya ini sang iya buhok."
"Thou gavest me no kiss: but she, since the time I came in, hath not ceased to kiss my feet.","Wala ka maghalok sa pag-abiabi sa akon, pero sia halin sang akon pag-abot, wala mag-untat sa paghalok sang akon mga tiil."
My head with oil thou didst not anoint: but she hath anointed my feet with ointment.,"Wala mo paghaplasi sing lana nga olivo ang akon ulo, pero sia naghaplas sang akon mga tiil sang agwa."
"Wherefore I say unto thee, Her sins, which are many, are forgiven; for she loved much: but to whom little is forgiven, the same loveth little.","Gani nagasiling ako sa imo, ang iya daku nga gugma nagapamatuod nga ang iya madamo nga mga sala napatawad na. Ang bisan sin-o nga ginpatawad sing diutay nagahigugma sing diutay.”"
"And he said unto her, Thy sins are forgiven.","Dayon si Jesus nagsiling sa babayi, “Ang imo mga sala ginpatawad.”"
"And they that sat at meat with him began to say within themselves, Who is this that even forgiveth sins?","Ang iban nga upod niya sa kalan-an nagsiling sa ila kaugalingon, “Sin-o bala ini nga tawo nga nagapatawad bisan pa sang mga sala?”"
"And he said unto the woman, Thy faith hath saved thee; go in peace.","Pero si Jesus nagsiling sa babayi, “Ang imo pagtuo nagluwas sa imo. Maglakat ka sa paghidait.”"
"And it came to pass soon afterwards, that he went about through cities and villages, preaching and bringing the good tidings of the kingdom of God, and with him the twelve,",Sa tapos sadto si Jesus nagkadto sa mga banwa kag mga barangay agod magwali sang Maayong Balita nahanungod sang paghari sang Dios. Nag-upod sa iya ang dose ka mga gintuton-an
"and certain women who had been healed of evil spirits and infirmities: Mary that was called Magdalene, from whom seven demons had gone out,","kag subong man ang pila ka mga babayi nga gin-ayo niya sa mga balatian kag malaut nga mga espiritu. Ang mga babayi amo sanday Maria nga ginatawag Magdalena nga gikan sa iya gintabog ni Jesus ang pito ka mga demonyo,"
"and Joanna the wife of Chuzas Herod’s steward, and Susanna, and many others, who ministered unto them of their substance.","si Juana nga asawa ni Chuza nga isa ka opisyal sa korte ni Herodes; si Susana, kag madamo pa nga iban. Gingamit nila ang ila mga pagkabutang sa pagbulig kay Jesus kag sa iya mga gintuton-an."
"And when a great multitude came together, and they of every city resorted unto him, he spake by a parable:","Ang mga tawo nga naghalalin sa mga kabanwahanan padayon nga nagpalapit kay Jesus. Sang madamo na gid ang mga tawo nga nagtipon, nagsugid si Jesus sini nga palaanggiran:"
"The sower went forth to sow his seed: and as he sowed, some fell by the way side; and it was trodden under foot, and the birds of the heaven devoured it.","“May isa ka tawo nga nagkadto sa iya uma agod sa pagsab-og sang binhi. Sang pagsab-og niya, ang iban nga binhi nagtupa sa dalan. Gintapakan ini sang mga tawo kag gintuka sang mga pispis."
"And other fell on the rock; and as soon as it grew, it withered away, because it had no moisture.","Ang iban nagtupa sa batuhon nga duta, kag sang magtubo ini, nalaya ang tanom tungod kay mamala ang duta."
"And other fell amidst the thorns; and the thorns grew with it, and choked it.",Ang iban nga binhi nagtupa sa duta nga may mga talungon kag ang mga talungon nagtubo upod sa tanom kag naglumos sang tanom.
"And other fell into the good ground, and grew, and brought forth fruit a hundredfold. As he said these things, he cried, He that hath ears to hear, let him hear.",Ang iban nga binhi nagtupa sa maayo nga duta kag nagtubo ini kag nagpatubas sing 100 ka pilo.”
And his disciples asked him what this parable might be.,"Si Jesus nagsiling pa gid, “Gani, magpamati kamo, kon may mga dulonggan kamo!”"
"And he said, Unto you it is given to know the mysteries of the kingdom of God: but to the rest in parables; that seeing they may not see, and hearing they may not understand.","Ang mga gintuton-an ni Jesus nagpamangkot sa iya, “Ano bala ang kahulogan sining palaanggiran?”"
Now the parable is this: The seed is the word of God.,"Si Jesus nagsabat, “Ang paghibalo sang mga tinago nahanungod sang paghari sang Dios ginhatag sa inyo. Pero sa iban ginahatag ini paagi sa mga palaanggiran, agod nga kon magtan-aw sila, indi sila makakita kag kon makabati sila, indi sila makahangop."
"And those by the way side are they that have heard; then cometh the devil, and taketh away the word from their heart, that they may not believe and be saved.",“Amo ini ang kahulogan sang palaanggiran: ang binhi amo ang pulong sang Dios.
"And those on the rock are they who, when they have heard, receive the word with joy; and these have no root, who for a while believe, and in time of temptation fall away.","Ang mga binhi nga nagtupa sa dalan amo ang nakabati, ugaling nagaabot ang Yawa kag nagaagaw sang pulong sa ila mga tagipusoon, agod nga indi sila magtuo kag maluwas."
"And that which fell among the thorns, these are they that have heard, and as they go on their way they are choked with cares and riches and pleasures of this life, and bring no fruit to perfection.","Ang mga binhi nga nagtupa sa batuhon nga duta amo ang nakabati sang pulong kag nagabaton sini sing malipayon. Pero ang pulong wala gid makapanggamot sa ila. Wala magdugay ang ila pagtuo kay kon mag-abot ang pagsulay, nagabiya sila sang ila pagtuo."
"And that in the good ground, these are such as in an honest and good heart, having heard the word, hold it fast, and bring forth fruit with patience.","Ang mga binhi nga nagtupa sa duta nga may mga talungon amo ang nakabati, pero ang mga palaligban, ang mga manggad kag ang mga kalipayan sining kabuhi nagaginutok kag nagalumos sa ila, kag ang ila bunga wala nagagulang."
"And no man, when he hath lighted a lamp, covereth it with a vessel, or putteth it under a bed; but putteth it on a stand, that they that enter in may see the light.",Ang mga binhi nga nagtupa sa maayo nga duta amo ang nagapamati sang pulong kag nagapabilin ini sa maayo kag matinumanon nga tagipusoon kag nagapadayon tubtob nga magpamunga sila.
"For nothing is hid, that shall not be made manifest; nor anything secret, that shall not be known and come to light.","“Wala sing may nagasindi sing suga kag tabunan niya ini sang sulodlan, ukon ibutang niya ini sa idalom sang higdaan, kundi ginabutang niya ini sa tulongtungan, agod nga ang mga tawo nga nagasulod makakita sang kapawa."
"Take heed therefore how ye hear: for whosoever hath, to him shall be given; and whosoever hath not, from him shall be taken away even that which he thinketh he hath.","“Kay wala sing natago nga indi mapahayag, ukon tinago nga indi mahibaluan kag mabuyagyag."
"And there came to him his mother and brethren, and they could not come at him for the crowd.","“Gani maghalong kamo kon paano ang inyo pagpamati, tungod kay ang bisan sin-o nga may iya na hatagan pa, pero ang wala iya, bisan pa ang diutay nga ginahunahuna niya nga iya pagakuhaon pa.”"
"And it was told him, Thy mother and thy brethren stand without, desiring to see thee.","Ang iloy kag mga utod nga lalaki ni Jesus nagkadto sa iya, pero indi sila makapalapit sa iya tungod sang madamo nga mga tawo."
"But he answered and said unto them, My mother and my brethren are these that hear the word of God, and do it.","May nagsiling sa iya, “Ang imo iloy kag mga utod yara sa gwa nagatindog kag luyag magpakigkita sa imo.”"
"Now it came to pass on one of those days, that he entered into a boat, himself and his disciples; and he said unto them, Let us go over unto the other side of the lake: and they launched forth.","Pero si Jesus nagsiling sa ila tanan, “Ang akon iloy kag mga utod amo sila ang nagapamati sang pulong sang Dios kag nagatuman sini.”"
"But as they sailed he fell asleep: and there came down a storm of wind on the lake; and they were filling with water , and were in jeopardy.","Sang isa ka adlaw si Jesus nagsakay sa isa ka sakayan upod sa iya mga gintuton-an kag nagsiling sia sa ila, “Dali, matabok kita sa pihak sang linaw.” Gani nagtulak sila."
"And they came to him, and awoke him, saying, Master, master, we perish. And he awoke, and rebuked the wind and the raging of the water: and they ceased, and there was a calm.","Sang nagapanakayon sila natulogan si Jesus. Sa hinali nagmadlos ang hangin sa linaw, sa bagay nga ang sakayan ginsudlan sang tubig kag yara sila sa daku nga katalagman."
"And he said unto them, Where is your faith? And being afraid they marvelled, saying one to another, Who then is this, that he commandeth even the winds and the water, and they obey him?","Ginpalapitan sang mga gintuton-an si Jesus kag ginpukaw sia nga nagasiling, “Manunodlo, Manunodlo! Daw malunod kita!”"
"And they arrived at the country of the Gerasenes, which is over against Galilee.",Nagbangon si Jesus kag iya ginmanduan ang hangin kag ang nagadaguhob nga mga balod. Nag-untat ang bagyo kag naglinaw.
"And when he was come forth upon the land, there met him a certain man out of the city, who had demons; and for a long time he had worn no clothes, and abode not in any house, but in the tombs.","Dayon nagsiling sia sa iya mga gintuton-an, “Diin na bala ang inyo pagtuo?”"
"And when he saw Jesus, he cried out, and fell down before him, and with a loud voice said, What have I to do with thee, Jesus, thou Son of the Most High God? I beseech thee, torment me not.","Hinadlukan kag natingala gid sila kag nagsinilingay, “Sin-o bala ini nga tawo, nga bisan ang hangin kag balod nagapati sang iya sugo?”"
"For he was commanding the unclean spirit to come out from the man. For oftentimes it had seized him: and he was kept under guard, and bound with chains and fetters; and breaking the bands asunder, he was driven of the demon into the deserts.",Dayon nagdungka si Jesus kag ang iya mga gintuton-an sa kadutaan sang Gerasa nga nagaatubang sa Galilea.
"And Jesus asked him, What is thy name? And he said, Legion; for many demons were entered into him.","Sang pagtakas ni Jesus, ginsugata sia sang isa ka tawo halin sa banwa. Ginagamhan sia sang mga demonyo kag madugay na nga wala nagabayo kag wala man nagaestar sa balay, kundi sa mga lungib nga lulobngan."
And they entreated him that he would not command them to depart into the abyss.,"Sang pagkakita niya kay Jesus nagsinggit sia kag naghapa sa atubang ni Jesus kag nagsiling sa mabaskog nga tingog, “Jesus, Anak sang Dios nga Labing Mataas! Ano ang labot mo sa akon? Maluoy ka sa akon, indi ako pagsiluti!”"
Now there was there a herd of many swine feeding on the mountain: and they entreated him that he would give them leave to enter into them. And he gave them leave.,"Nagsiling sia sini tungod kay ginsugo ni Jesus ang malaut nga espiritu sa paggwa sa iya. Kay sa madamo na nga beses ginagamhan sia sang demonyo, kag bisan pa nga ginapriso nila sia kag ginagapos sang mga kadena ang iya mga tiil kag ang iya mga kamot, ginapamugto niya ang mga gapos kag ginatabog sia sang demonyo sa desierto."
"And the demons came out from the man, and entered into the swine: and the herd rushed down the steep into the lake, and were drowned.","Si Jesus namangkot sa iya, “Ano ang imo ngalan?”"
"And when they that fed them saw what had come to pass, they fled, and told it in the city and in the country.","Nagsabat sia, “Ang akon ngalan si ‘Madamo.’” Ginsiling niya ini kay madamo nga mga demonyo ang nagsulod sa iya."
"And they went out to see what had come to pass; and they came to Jesus, and found the man, from whom the demons were gone out, sitting, clothed and in his right mind, at the feet of Jesus: and they were afraid.",Ang mga demonyo nagpakitluoy kay Jesus nga indi sila pagsugoon nga magkadto sa kadadalman.
And they that saw it told them how he that was possessed with demons was made whole.,"Malapit sa sadto nga lugar may daku nga panong sang mga baboy nga nagapang-ungad sa banglid. Gani ang mga demonyo nagpakitluoy kay Jesus nga tugotan sila sa pagsulod sa mga baboy, kag gintugotan niya sila."
"And all the people of the country of the Gerasenes round about asked him to depart from them; for they were holden with great fear: and he entered into a boat, and returned.",Dayon ang mga demonyo naggwa sa tawo kag nagsulod sa mga baboy. Ang bug-os nga panong nagdinaguso padulhog sa kilid sang pil-as pakadto sa linaw kag nagkalalumos.
"But the man from whom the demons were gone out prayed him that he might be with him: but he sent him away, saying,","Ang mga nagabantay sang mga baboy nakakita sang nahanabo. Gani, nagpalagyo sila kag nagpalapnag sang balita sa banwa kag sa mga kaumhan."
"Return to thy house, and declare how great things God hath done for thee. And he went his way, publishing throughout the whole city how great things Jesus had done for him.","Dayon ang mga tawo nagkadto didto sa pagtan-aw sang nahanabo. Nagpalapit sila kay Jesus kag nakita nila ang tawo nga halin sa iya nagwa ang mga demonyo. Nagapungko sia sa tiilan ni Jesus, nga may bayu na kag yara sa iya husto nga paminsaron, kag hinadlukan gid sila."
"And as Jesus returned, the multitude welcomed him; for they were all waiting for him.",Ang mga nakakita sang nahanabo nagpanugid sa mga tawo kon paano nag-ayo ang tawo nga gingamhan sang mga demonyo.
"And behold, there came a man named Jairus, and he was a ruler of the synagogue: and he fell down at Jesus’ feet, and besought him to come into his house;","Dayon ang tanan nga mga tawo sa palibot sang banwa sang Gerasa nagpangabay kay Jesus nga maghalin sia, tungod kay nahadlok gid sila. Gani si Jesus nagsakay sa sakayan kag naghalin didto."
"for he had an only daughter, about twelve years of age, and she was dying. But as he went the multitudes thronged him.","Ang tawo nga sa iya nagwa ang mga demonyo nagpakitluoy kay Jesus, “Paupda ako sa imo.”"
"And a woman having an issue of blood twelve years, who had spent all her living upon physicians, and could not be healed of any,","Pero ginpalakat sia ni Jesus kag ginsingganan,"
"came behind him, and touched the border of his garment: and immediately the issue of her blood stanched.",“Pauli ka sa inyo kag isugid kon ano ang ginhimo sang Dios sa imo.”
"And Jesus said, Who is it that touched me? And when all denied, Peter said, and they that were with him, Master, the multitudes press thee and crush thee .",Ang tawo naglakat sa bug-os nga banwa kag nagpanugid sang ginhimo ni Jesus sa iya.
"But Jesus said, Some one did touch me; for I perceived that power had gone forth from me.","Sang pagbalik ni Jesus sa pihak sang linaw gin-abiabi sia sang mga tawo, tungod kay tanan sila naghulat sa iya."
"And when the woman saw that she was not hid, she came trembling, and falling down before him declared in the presence of all the people for what cause she touched him, and how she was healed immediately.","May nag-abot nga isa ka tawo nga ginhingalanan kay Jairo nga opisyal sang sinagoga. Nagluhod sia sa tiilan ni Jesus kag nagpakitluoy sa iya nga magkadto sa iya balay,"
"And he said unto her, Daughter, thy faith hath made thee whole; go in peace.",tungod kay tagumatayon ang iya bugtong nga anak nga babayi nga nagapanuigon sing dose ka tuig.
"While he yet spake, there cometh one from the ruler of the synagogue’s house , saying, Thy daughter is dead; trouble not the Teacher.","Sang nagapadulong si Jesus, gindugokan sia sang mga tawo sa palibot."
"But Jesus hearing it, answered him, Fear not: only believe, and she shall be made whole.","May isa ka babayi didto nga nag-antos sa pagpanggwa sang madamo nga dugo sa iya, sa sulod sang dose ka tuig. Naurot na niya gasto ang iya tanan nga kwarta sa pagpabulong, pero wala gid sing may nakaayo sa iya."
"And when he came to the house, he suffered not any man to enter in with him, save Peter, and John, and James, and the father of the maiden and her mother.","Nagpanagil-ot sia sa tunga sang mga tawo sa likod nayon ni Jesus, kag iya gintandog ang sidsid sang kunop ni Jesus kag sa gilayon nag-untat ang pagpanggwa sang iya dugo."
"And all were weeping, and bewailing her: but he said, Weep not; for she is not dead, but sleepeth.","Namangkot si Jesus, “Sin-o ang nagtandog sa akon?”"
"And they laughed him to scorn, knowing that she was dead.","Sang wala sing may nag-ako, si Pedro nagsiling, “Manunodlo, nagaginutok lang kag nagadis-uganay ang mga tawo sa palibot mo.”"
"But he, taking her by the hand, called, saying, Maiden, arise.","Pero si Jesus nagsiling, “May nagtandog gid sa akon, kay nabatyagan ko ang paggwa sang gahom sa akon.”"
"And her spirit returned, and she rose up immediately: and he commanded that something be given her to eat.","Sang matalupangdan sang babayi nga nasapwan sia, nagpalapit sia nga nagakurog kag nagluhod sa tiilan ni Jesus. Sa atubang sang tanan, ginsugiran niya si Jesus kon ngaa nga gintandog niya sia kag kon paano sia nag-ayo gilayon."
And her parents were amazed: but he charged them to tell no man what had been done.,"Si Jesus nagsiling sa iya, “Anak ko, ang imo pagtuo nag-ayo sa imo. Maglakat ka sa paghidait.”"
"And he called the twelve together, and gave them power and authority over all demons, and to cure diseases.",Gintawag ni Jesus sing tingob ang dose ka mga gintuton-an kag ginhatagan sila sing gahom kag awtoridad sa pagtabog sang tanan nga mga demonyo kag sa pag-ayo sang mga balatian.
"And he sent them forth to preach the kingdom of God, and to heal the sick.",Dayon iya sila ginpadala sa pagwali nahanungod sang paghari sang Dios kag sa pag-ayo sang mga masakiton.
"And he said unto them, Take nothing for your journey, neither staff, nor wallet, nor bread, nor money; neither have two coats.","Nagsiling sia sa ila, “Indi kamo magdala sing bisan ano sa inyo pagpanglakaton: bisan sungkod, bag, tinapay, kwarta kag bisan isa ka ilislan nga bayu."
"And into whatsoever house ye enter, there abide, and thence depart.","Kon diin kamo nga balay ginabaton, dira lang kamo dayon tubtob maghalin kamo sa sina nga banwa."
"And as many as receive you not, when ye depart from that city, shake off the dust from your feet for a testimony against them.","Kon sa diin man nga lugar nga ang mga tawo indi magbaton sa inyo, bayai ninyo ina nga banwa kag itaktak ang yab-ok sa inyo mga tiil subong pagpaandam sa ila.”"
"And they departed, and went throughout the villages, preaching the gospel, and healing everywhere.",Ang mga gintuton-an naglakat kag nagkadto sa tanan nga mga kabarangayan sa pagwali sang Maayong Balita kag sa pagpang-ayo sang mga tawo sa tanan nga lugar.
"Now Herod the tetrarch heard of all that was done: and he was much perplexed, because that it was said by some, that John was risen from the dead;","Si Herodes nga pangulo sang Galilea nakabati sang tanan nga mga butang nga nagkalatabo. Naglibog gid ang ulo niya tungod kay may mga tawo nga nagsiling, “Nabanhaw si Juan nga manugbautiso.”"
"and by some, that Elijah had appeared; and by others, that one of the old prophets was risen again.","Ang iban nagsiling nga si Elias nagpakita, kag ang iban pa gid nagsiling nga ang isa sang mga propeta sang una nabanhaw."
"And Herod said, John I beheaded: but who is this, about whom I hear such things? And he sought to see him.","Nagsiling si Herodes, “Ginpapugotan ko si Juan, pero sin-o ining tawo nga madamo ang akon nabatian nahanungod sa iya?” Kag nagtinguha sia sa pagpakigkita kay Jesus."
"And the apostles, when they were returned, declared unto him what things they had done. And he took them, and withdrew apart to a city called Bethsaida.",Ang mga apostoles nagbalik kag nagpanugid kay Jesus sang tanan nga ila nahimo. Gindala sila ni Jesus kag nagkadto sila nga silahanon lang sa isa ka banwa nga ginhingalanan Betsaida.
"But the multitudes perceiving it followed him: and he welcomed them, and spake to them of the kingdom of God, and them that had need of healing he cured.",Sang nahibaluan ini sang madamo nga mga tawo nag-apas sila sa iya. Ginbaton niya sila kag naghambal sa ila nahanungod sang paghari sang Dios. Kag gin-ayo niya ang mga nagakinahanglan sang pag-ayo.
"And the day began to wear away; and the twelve came, and said unto him, Send the multitude away, that they may go into the villages and country round about, and lodge, and get provisions: for we are here in a desert place.","Sang nagahinunod na ang adlaw, ang dose ka mga apostoles nagkadto sa iya kag nagsiling, “Palakta ang mga tawo agod nga makakadto sila sa mga barangay kag mga kaumhan sa palibot sa pagpangita sing kalan-on kag dalayunan tungod kay maligwin ini nga lugar.”"
"But he said unto them, Give ye them to eat. And they said, We have no more than five loaves and two fishes; except we should go and buy food for all this people.","Pero si Jesus nagsiling sa ila, “Kamo mismo ang maghatag sa ila sang sarang makaon.”"
"For they were about five thousand men. And he said unto his disciples, Make them sit down in companies, about fifty each.","Nagsabat sila, “Lima gid lang ka bilog ang aton tinapay kag duha lang ka isda. Luyag mo bala nga maglakat kami sa pagbakal sing pagkaon para sa sini tanan nga mga tawo?”"
"And they did so, and made them all sit down.","Kay mga 5,000 ang mga lalaki didto."
"And he took the five loaves and the two fishes, and looking up to heaven, he blessed them, and brake; and gave to the disciples to set before the multitude.","Si Jesus nagsiling sa iya mga gintuton-an, “Papungkua ninyo sila sing grupo-grupo nga tag-singkwenta kada grupo.”"
"And they ate, and were all filled: and there was taken up that which remained over to them of broken pieces, twelve baskets.",Ginhimo ini sang mga gintuton-an kag ginpapungko sila tanan.
"And it came to pass, as he was praying apart, the disciples were with him: and he asked them, saying, Who do the multitudes say that I am?","Ginkuha ni Jesus ang lima ka bilog nga tinapay kag ang duha ka isda, nagtangla sia sa langit, nagpasalamat sa Dios, ginpamihakpihak ini, kag ginhatag sa mga gintuton-an agod ipanagtag sa mga tawo."
"And they answering said, John the Baptist; but others say , Elijah; and others, that one of the old prophets is risen again.",Nagkalaon sila tanan kag nagkalabusog. Ang mga gintuton-an nakatipon sing dose ka mga alat sang nagkalabilin.
"And he said unto them, But who say ye that I am? And Peter answering said, The Christ of God.","Sang isa ka adlaw sang nagapangamuyo si Jesus nga isahanon lang, ang mga gintuton-an nagpalapit sa iya. Si Jesus nagpamangkot sa ila, “Sin-o bala ako suno sa mga tawo?”"
"But he charged them, and commanded them to tell this to no man;","Nagsabat sila, “May mga tawo nga nagasiling nga ikaw si Juan nga manugbautiso. Ang iban nagasiling nga ikaw si Elias, kag ang iban pa gid nagasiling nga isa ikaw sang mga propeta sang una nga nabanhaw.”"
"saying, The Son of man must suffer many things, and be rejected of the elders and chief priests and scribes, and be killed, and the third day be raised up.","Ginpamangkot niya sila, “Pero sa inyo iya, sin-o bala ako?”"
"And he said unto all, If any man would come after me, let him deny himself, and take up his cross daily, and follow me.","Si Pedro nagsabat, “Ikaw ang Cristo nga ginpadala sang Dios.”"
"For whosoever would save his life shall lose it; but whosoever shall lose his life for my sake, the same shall save it.",Dayon ginmanduan sila ni Jesus nga indi magpanugid sini sa bisan kay sin-o.
"For what is a man profited, if he gain the whole world, and lose or forfeit his own self?","Nagsiling pa gid sia, “Kinahanglan mag-antos sang tuman ang Anak sang Tawo kag pagasikwayon sang mga katigulangan sang mga Judio, sang pangulo nga mga pari, kag sang mga manunodlo sang Kasugoan. Pagapatyon sia pero pagabanhawon sa ikatlo nga adlaw.”"
"For whosoever shall be ashamed of me and of my words, of him shall the Son of man be ashamed, when he cometh in his own glory, and the glory of the Father, and of the holy angels.","Kag nagsiling sia sa ila tanan, “Kon sin-o ang luyag magsunod sa akon, dapat niya kalimtan ang iya kaugalingon, magpas-an sang iya krus adlaw-adlaw, kag magsunod sa akon."
"But I tell you of a truth, There are some of them that stand here, who shall in no wise taste of death, till they see the kingdom of God.","Kay ang bisan sin-o nga luyag magluwas sang iya kaugalingon nga kabuhi, madula niya ini, pero ang bisan sin-o nga nagadula sang iya kabuhi tungod sa akon, maluwas niya ini."
"And it came to pass about eight days after these sayings, that he took with him Peter and John and James, and went up into the mountain to pray.","May makuha bala ang tawo kon maangkon niya ang bug-os nga kalibutan, pero madula ukon malaglag niya ang iya kaugalingon?"
"And as he was praying, the fashion of his countenance was altered, and his raiment became white and dazzling.","Ang bisan sin-o nga nagakahuya sa akon kag sa akon mga pulong, igakahuya man sia sang Anak sang Tawo kon mag-abot sia sa iya himaya kag sa himaya sang Amay kag sang balaan nga mga anghel."
"And behold, there talked with him two men, who were Moses and Elijah;",Dumdoma ninyo ini! May yari diri nga nagatindog nga indi mapatay tubtob nga makakita sila sang paghari sang Dios.”
"who appeared in glory, and spake of his decease which he was about to accomplish at Jerusalem.","Mga isa ka simana sa tapos mahambal ni Jesus ini nga mga butang, gindala niya si Pedro, si Juan, kag si Santiago kag nagtaklad sila sa isa ka bukid sa pagpangamuyo."
"Now Peter and they that were with him were heavy with sleep: but when they were fully awake, they saw his glory, and the two men that stood with him.","Sang nagapangamuyo sia, nagbalhin ang dagway sang iya nawong kag ang iya bayu nanginmakasililaw nga kaputi."
"And it came to pass, as they were parting from him, Peter said unto Jesus, Master, it is good for us to be here: and let us make three tabernacles; one for thee, and one for Moses, and one for Elijah: not knowing what he said.","Sa hinali may duha ka tawo nga nagpakighambal sa iya. Ini sila amo si Moises kag si Elias,"
"And while he said these things, there came a cloud, and overshadowed them: and they feared as they entered into the cloud.",nga nagpakita sa dagway nga makasililaw kag nagpakighambal kay Jesus nahanungod sang iya madali na lang nga pagkapatay sa Jerusalem sa pagtuman sang tinutuyo sang Dios.
"And a voice came out of the cloud, saying, This is my Son, my chosen: hear ye him.","Si Pedro kag ang iya mga kaupdanan natulogan sing mahamuok, pero nakabugtaw sila kag nakita nila ang himaya ni Jesus kag ang duha ka tawo nga nagatindog upod sa iya."
"And when the voice came, Jesus was found alone. And they held their peace, and told no man in those days any of the things which they had seen.","Sang manughalin na ang duha ka tawo sa atubang ni Jesus, si Pedro nagsiling sa iya, “Manunodlo, maayo gid kay yari kita diri! Mahimo kami sing tatlo ka tolda, isa para sa imo, isa para kay Moises kag isa para kay Elias.” Pero naghambal sia nga wala makahibalo kon ano ang iya ginasiling."
"And it came to pass, on the next day, when they were come down from the mountain, a great multitude met him.","Sang nagahambal pa sia, ang panganod nag-abot kag naglandong sa ila, kag ang mga gintuton-an hinadlukan sang ginlikupan sila sang panganod."
"And behold, a man from the multitude cried, saying, Teacher, I beseech thee to look upon my son; for he is mine only child:","May tingog gikan sa panganod nga nagsiling, “Amo ini ang akon Anak nga akon ginpili! Pamatii ninyo sia!”"
"and behold, a spirit taketh him, and he suddenly crieth out; and it teareth him that he foameth, and it hardly departeth from him, bruising him sorely.","Sang pag-untat sang tingog, isahanon na lang si Jesus. Ginhipsan lang ini sang mga gintuton-an, kag sadto nga mga inadlaw wala gid sila magpanugid sang bisan ano sa bisan kay sin-o sang ila nakita."
And I besought thy disciples to cast it out; and they could not.,Sang madason nga adlaw nagdulhog si Jesus kag ang tatlo ka mga gintuton-an halin sa bukid kag ginsugata si Jesus sang madamo nga mga tawo.
"And Jesus answered and said, O faithless and perverse generation, how long shall I be with you, and bear with you? bring hither thy son.","May isa ka tawo gikan sa ila nga nagsinggit, “Manunodlo! Nagapakitluoy ako sa imo, tan-awa man anay ang akon anak nga lalaki, ang akon bugtong nga anak!"
"And as he was yet a coming, the demon dashed him down, and tare him grievously. But Jesus rebuked the unclean spirit, and healed the boy, and gave him back to his father.","Ginagamhan sia sang espiritu, kag sa hinali lang nagasinggit sia. Ginapakurog sia sa bagay nga nagabura ang iya baba kag indi sia paghalinan sang espiritu kay ginapaantos gid sia."
And they were all astonished at the majesty of God.,"Nagpakitluoy ako sa imo mga gintuton-an nga tabugon nila ang espiritu, pero indi sila makasarang sa pagtabog.”"
"But while all were marvelling at all the things which he did, he said unto his disciples,","Si Jesus nagsabat, “Sa pagkadi-matinuohon kag kabalingag sa inyo nga mga katawhan! Tubtob san-o pa bala ang pag-upod kag ang pagbatas ko sa inyo?” Dayon nagsiling sia sa tawo, “Dalha diri ang imo anak.”"
Let these words sink into your ears: for the Son of man shall be delivered up into the hands of men.,"Sang nagapalapit ang bata, gintumba sia sang demonyo sa duta kag ginpakurog. Ginmanduan ni Jesus ang malaut nga espiritu, gin-ayo ang bata, kag gin-uli sia sa iya amay."
"But they understood not this saying, and it was concealed from them, that they should not perceive it; and they were afraid to ask him about this saying.",Ang tanan nga mga tawo natingala gid sa daku nga gahom sang Dios.
"And there arose a reasoning among them, which of them was the greatest.","Samtang nagakatingala pa ang mga tawo sa tanan nga ginhimo ni Jesus, nagsiling sia sa iya mga gintuton-an,"
"But when Jesus saw the reasoning of their heart, he took a little child, and set him by his side,",“Indi kamo magkalipat sang akon isiling sa inyo. Ang Anak sang Tawo itugyan sa mga kamot sang mga tawo.”
"and said unto them, Whosoever shall receive this little child in my name receiveth me: and whosoever shall receive me receiveth him that sent me: for he that is least among you all, the same is great.","Pero wala makahibalo ang mga gintuton-an kon ano ang kahulogan sini. Ginlikom ini sa ila agod nga indi sila makahangop, kag nahadlok sila magpamangkot sa iya nahanungod sini."
"And John answered and said, Master, we saw one casting out demons in thy name; and we forbade him, because he followeth not with us.",Ang mga gintuton-an nagbinais kon sin-o sa ila ang labing daku.
"But Jesus said unto him, Forbid him not: for he that is not against you is for you.","Nahibaluan ni Jesus kon ano ang ila ginahunahuna, gani nagkuha sia sing isa ka bata kag ginpatindog sia sa iya tupad"
"And it came to pass, when the days were well-nigh come that he should be received up, he stedfastly set his face to go to Jerusalem,","kag nagsiling sa ila, “Ang bisan sin-o nga nagabaton sini nga bata sa akon ngalan nagabaton sa akon, kag ang bisan sin-o nga nagabaton sa akon nagabaton man sa iya nga nagpadala sa akon. Kay sia nga labing kubos sa inyo tanan amo gid ang labing daku.”"
"and sent messengers before his face: and they went, and entered into a village of the Samaritans, to make ready for him.","Si Juan nagsiling, “Manunodlo, may nakita kami nga isa ka tawo nga nagatabog sang mga demonyo sa imo ngalan, kag ginpauntat namon sia tungod kay indi sia katapo naton.”"
"And they did not receive him, because his face was as though he were going to Jerusalem.","Pero si Jesus nagsiling sa iya kag sa iban nga mga gintuton-an, “Indi ninyo sia pagdumilii, tungod kay ang bisan sin-o nga indi batok sa inyo apin sa inyo.”"
"And when his disciples James and John saw this , they said, Lord, wilt thou that we bid fire to come down from heaven, and consume them?","Sang malapit na lang ang mga inadlaw nga si Jesus pagadalhon sa langit, nagpamat-od sia sa pagkadto sa Jerusalem."
"But he turned, and rebuked them.",Nagpadala sia sang mga mensahero sa pagkadto sing una sa isa ka barangay sang Samaria sa pag-aman sang tanan para sa iya.
And they went to another village.,Pero ang mga tawo didto indi magbaton sa iya tungod kay maathag nga sia nagapakadto sa Jerusalem.
"And as they went on the way, a certain man said unto him, I will follow thee whithersoever thou goest.","Sang pagkahibalo sini sang mga gintuton-an nga amo sanday Santiago kag Juan, nagsiling sila, “Ginoo, luyag mo bala nga magpangayo kami sang kalayo halin sa langit kag sunogon sila?”"
"And Jesus said unto him, The foxes have holes, and the birds of the heaven have nests; but the Son of man hath not where to lay his head.","Si Jesus nagbalikid kag nagsaway sa ila,"
"And he said unto another, Follow me. But he said, Lord, suffer me first to go and bury my father.",kag nagpadayon sila sa isa naman ka barangay.
"But he said unto him, Leave the dead to bury their own dead; but go thou and publish abroad the kingdom of God.","Sang nagapadayon sila sa paglakat, may isa ka tawo nga nagsiling kay Jesus, “Maupod ako sa imo bisan diin ka magkadto.”"
"Now after these things the Lord appointed seventy others, and sent them two and two before his face into every city and place, whither he himself was about to come.",Sa tapos sini ang Ginoo nagpili sing setentay dos pa gid ka mga tawo kag iya sila ginpadala sing tagduhaduha sa pag-una sa iya sa tagsa ka banwa kag lugar nga madali na lang niya pagakadtuan.
"And he said unto them, The harvest indeed is plenteous, but the laborers are few: pray ye therefore the Lord of the harvest, that he send forth laborers into his harvest.","Nagsiling sia sa ila, “Malapad ang alanyon, pero diutay lang ang mga mangangani. Gani magpangamuyo kamo sa tag-iya sang alanyon nga magpadala sia sing mga mangangani sa iya alanyon."
"Go your ways; behold, I send you forth as lambs in the midst of wolves.",Lakat kamo! Ginapadala ko kamo subong mga kordero sa tunga sang mga lobo.
"Carry no purse, no wallet, no shoes; and salute no man on the way.","Indi kamo magdala sing sulodlan sang kwarta, ukon bag, ukon sandalyas. Indi kamo magdulog sa pagpanamyaw bisan kay sin-o sa dalan."
"And into whatsoever house ye shall enter, first say, Peace be to this house.","Kon magsulod kamo sa isa ka balay, magsiling kamo anay, ‘Ang paghidait manginyari sa sini nga balay.’"
"And if a son of peace be there, your peace shall rest upon him: but if not, it shall turn to you again.","Kon ang nagaestar dira tawo nga mahidaiton, ibilin sa iya ang inyo panamyaw sang paghidait. Pero kon indi sia mahidaiton, bawia ninyo ang inyo panamyaw sang paghidait."
"And in that same house remain, eating and drinking such things as they give: for the laborer is worthy of his hire. Go not from house to house.","Magdayon kamo sa sina nga balay, magkaon kag mag-inom sang bisan ano nga ginahanda nila sa inyo, kay ang manugpangabudlay dapat hatagan sang iya suhol. Indi kamo magsagad saylusaylo sing dalayunan."
"And into whatsoever city ye enter, and they receive you, eat such things as are set before you:","Kon magkadto kamo sa isa ka banwa kag ginabaton kamo, kauna ninyo ang ginahanda sa inyo,"
"and heal the sick that are therein, and say unto them, The kingdom of God is come nigh unto you.","ayuha ninyo ang mga nagamasakit sa sadto nga banwa, kag magsiling kamo sa mga tawo didto, ‘Ang paghari sang Dios malapit na sa inyo.’"
"But into whatsoever city ye shall enter, and they receive you not, go out into the streets thereof and say,","Pero kon magsulod kamo sa isa ka banwa kag wala kamo ginabaton, kadto kamo sa mga dalan kag magsiling,"
"Even the dust from your city, that cleaveth to our feet, we wipe off against you: nevertheless know this, that the kingdom of God is come nigh.","‘Bisan ang yab-ok sang inyo banwa nga nagatapik sa amon mga tiil amon nga tatakon batok sa inyo. Pero dumdoma ninyo ini, ang paghari sang Dios malapit na sa inyo.’"
"I say unto you, It shall be more tolerable in that day for Sodom, than for that city.",Nagasiling ako sa inyo nga sa Adlaw sang Paghukom ang Dios mas magamaluloy-on pa sa Sodoma sang sa sadto nga banwa!
"Woe unto thee, Chorazin! woe unto thee, Bethsaida! for if the mighty works had been done in Tyre and Sidon, which were done in you, they would have repented long ago, sitting in sackcloth and ashes.","“Makaluluoy ka man, Corazin! Makaluluoy ka man, Betsaida! Kay kon ang gamhanan nga mga buhat nga ginhimo sa inyo ginhimo sa Tiro kag Sidon, dugay na kuntani ang mga tawo didto nagpungko, nagabayo sing sako kag nagbutang sing abo sa ila mga ulo sa pagpakita nga mag-untat sila sa pagpakasala."
"But it shall be more tolerable for Tyre and Sidon in the judgment, than for you.",Sa Adlaw sang Paghukom ang Dios mas magamaluloy-on pa sa Tiro kag sa Sidon sang sa inyo.
"And thou, Capernaum, shalt thou be exalted unto heaven? thou shalt be brought down unto Hades.","Kag ikaw, Capernaum, luyag ka bala magbayaw sang imo kaugalingon sa langit? Ihaboy ka sa impierno!”"
He that heareth you heareth me; and he that rejecteth you rejecteth me; and he that rejecteth me rejecteth him that sent me.,"Nagsiling si Jesus sa iya mga gintuton-an, “Ang bisan sin-o nga nagapamati sa inyo, nagapamati sa akon, ang bisan sin-o nga nagasikway sa inyo, nagasikway sa akon. Kag ang bisan sin-o nga nagasikway sa akon, nagasikway sa iya nga nagpadala sa akon.”"
"And the seventy returned with joy, saying, Lord, even the demons are subject unto us in thy name.","Ang setentay dos nagbalik nga may daku nga kalipay. Nagsiling sila, “Ginoo, bisan pa ang mga demonyo nagtuman sa amon sang ginmanduan namon sila sa imo ngalan!”"
"And he said unto them, I beheld Satan fallen as lightning from heaven.","Si Jesus nagsabat sa ila, “Nakita ko si Satanas nga nahulog kaangay sang kilat halin sa langit."
"Behold, I have given you authority to tread upon serpents and scorpions, and over all the power of the enemy: and nothing shall in any wise hurt you.","Pamati kamo! Ginhatag ko sa inyo ang gahom sa pagtapak sa mga man-og kag mga iwiiwi, kag paglutos sa tanan nga gahom sang Kaaway, kag wala sing bisan ano nga makahalit sa inyo."
"Nevertheless in this rejoice not, that the spirits are subject unto you; but rejoice that your names are written in heaven.","Pero indi kamo magkalipay tungod kay ang malaut nga mga espiritu nagatuman sa inyo, kundi magkalipay kamo tungod kay ang inyo mga ngalan nasulat sa langit.”"
"In that same hour he rejoiced in the Holy Spirit, and said, I thank thee, O Father, Lord of heaven and earth, that thou didst hide these things from the wise and understanding, and didst reveal them unto babes: yea, Father; for so it was well-pleasing in thy sight.","Sa amo nga takna si Jesus nga puno sing kalipay sang Espiritu Santo nagsiling, “O Amay, Ginoo sang langit kag duta, nagapasalamat ako sa imo tungod kay ang imo gintago sa mga maalam kag may mga tinun-an imo ginpakita sa indi mga maalam. Huo, Amay, kay amo ini ang imo nahamut-an nga matabo."
"All things have been delivered unto me of my Father: and no one knoweth who the Son is, save the Father; and who the Father is, save the Son, and he to whomsoever the Son willeth to reveal him .","“Gintugyan sa akon sang akon Amay ang tanan nga mga butang. Wala sing may nakakilala sa Anak luas sa Amay, kag wala sing may nakakilala sa Amay luas sa Anak kag sa ila nga mga pinili sang Anak, nga ipahayag ang Amay.”"
"And turning to the disciples, he said privately, Blessed are the eyes which see the things that ye see:","Dayon si Jesus nagliso sa mga gintuton-an kag nagsiling sa ila nga silahanon lang, “Daw ano ka malipayon sa inyo nga makakita sang mga butang nga inyo ginatan-aw!"
"for I say unto you, that many prophets and kings desired to see the things which ye see, and saw them not; and to hear the things which ye hear, and heard them not.","Nagasiling ako sa inyo nga madamo nga mga propeta kag mga hari ang naghandom nga makita ang inyo ginatan-aw, pero wala sila makakita, kag nga makabati sa inyo ginapamatian, pero wala sila makabati.”"
"And behold, a certain lawyer stood up and made trial of him, saying, Teacher, what shall I do to inherit eternal life?","May isa ka manunodlo sang Kasugoan nga nagtindog sa pagdakupdakop kay Jesus. Nagpamangkot sia, “Manunodlo, ano bala ang dapat ko himuon agod maangkon ko ang kabuhi nga wala sing katapusan?”"
"And he said unto him, What is written in the law? how readest thou?","Si Jesus nagsabat sa iya, “Ano bala ang ginasiling sang mga Kasulatan? Paano bala ang paghangop nimo sini?”"
"And he answering said, Thou shalt love the Lord thy God with all thy heart, and with all thy soul, and with all thy strength, and with all thy mind; and thy neighbor as thyself.","Ang tawo nagsabat, “‘Higugmaa ang Ginoo nga imo Dios sa bug-os mo nga tagipusoon, sa bug-os mo nga kalag, sa bug-os mo nga kusog, kag sa bug-os mo nga hunahuna,’ kag, ‘Higugmaa ang imo isigkatawo subong sang imo kaugalingon.’”"
"And he said unto him, Thou hast answered right: this do, and thou shalt live.","Si Jesus nagsabat, “Husto ang imo sabat. Himua ini kag magakabuhi ka.”"
"But he, desiring to justify himself, said unto Jesus, And who is my neighbor?","Pero ang manunodlo sang Kasugoan buot magpakamatarong sang iya kaugalingon, gani ginpamangkot niya si Jesus, “Sin-o bala ang akon isigkatawo?”"
"Jesus made answer and said, A certain man was going down from Jerusalem to Jericho; and he fell among robbers, who both stripped him and beat him, and departed, leaving him half dead.","Si Jesus nagsabat, “May isa ka tawo nga nagdulhog halin sa Jerusalem pakadto sa Jerico nga ginbanggaan sang mga buyong. Ginkuha nila ang iya tanan nga pagkabutang pati ang iya bayu, ginbakol sia kag ginbayaan nga daw sa patay na."
"And by chance a certain priest was going down that way: and when he saw him, he passed by on the other side.","Natabuan nga may nagdulhog nga isa ka pari sa sina nga dalan. Sang pagkakita niya sang tawo, naglikaw sia sa pihak sang dalan."
"And in like manner a Levite also, when he came to the place, and saw him, passed by on the other side.","Sa amo man nga dalan may nag-abot didto nga isa ka Levita, kag sang pagkakita niya sang tawo naglikaw sia sa pihak sang dalan."
"But a certain Samaritan, as he journeyed, came where he was: and when he saw him, he was moved with compassion,",Pero may isa ka Samariahanon nga nagapanglakaton kag nakaabot sa nahamtangan sang tawo. Sang pagkakita niya sang tawo naluoy gid sia.
"and came to him, and bound up his wounds, pouring on them oil and wine; and he set him on his own beast, and brought him to an inn, and took care of him.","Ginpalapitan niya ang tawo, ginhaplasan niya sing lana kag bino ang iya mga pilas kag ginbugkosan ini. Dayon ginpasakay niya sia sa iya kaugalingon nga hayop, gindala sa dalayunan kag gin-atipan niya sia."
"And on the morrow he took out two shillings, and gave them to the host, and said, Take care of him; and whatsoever thou spendest more, I, when I come back again, will repay thee.","Sang madason nga adlaw nagkuha sia sing duha ka denario kag ginhatag niya ini sa tag-iya sang dalayunan. Nagsiling sia sa iya, ‘Tatapa sia, kag sa akon pagbalik bayaran ko ikaw sang tanan nga magasto mo sa iya.’”"
"Which of these three, thinkest thou, proved neighbor unto him that fell among the robbers?","Dayon si Jesus nagpamangkot, “Ti, sa imo abi, sin-o bala sa sining tatlo, ang nanginmaayo nga isigkatawo sining tawo nga ginbanggaan sang mga buyong?”"
"And he said, He that showed mercy on him. And Jesus said unto him, Go, and do thou likewise.","Nagsabat sia, “Yadtong nagkaluoy sa iya.”"
"Now as they went on their way, he entered into a certain village: and a certain woman named Martha received him into her house.","Si Jesus nagsiling sa iya, “Ti, lakat ka kag himua ang subong man.”"
"And she had a sister called Mary, who also sat at the Lord’s feet, and heard his word.","Sang nagpadayon si Jesus kag ang iya mga gintuton-an sang ila pagpanglakaton, nakaabot sia sa isa ka barangay. May isa ka babayi nga ginahingalanan kay Marta nga nagbaton kay Jesus sa iya balay."
"But Martha was cumbered about much serving; and she came up to him, and said, Lord, dost thou not care that my sister did leave me to serve alone? bid her therefore that she help me.",Si Marta may utod nga babayi nga ginahingalanan kay Maria nga nagpungko sa tiilan sang Ginoo sa pagpamati sang iya pagpanudlo.
"But the Lord answered and said unto her, Martha, Martha, thou art anxious and troubled about many things:","Pero si Marta nagpalibog sang tanan nga mga obra nga iya himuon, gani nagpalapit sia kay Jesus kag nagsiling, “Ginoo, wala ka bala nagakabalaka nga ginapabayaan ako nga nagaisahanon sang akon utod sa paghimo sang tanan nga mga hilimuson? Singgana sia nga magbulig sa akon!”"
"but one thing is needful: for Mary hath chosen the good part, which shall not be taken away from her.","Ang Ginoo nagsabat sa iya, “Marta, Marta, nagapalibog ka, kag indi ka mapahamtang nahanungod sang madamo nga mga butang,"
"And it came to pass, as he was praying in a certain place, that when he ceased, one of his disciples said unto him, Lord, teach us to pray, even as John also taught his disciples.","Isa sadto ka tion si Jesus nagapangamuyo sa isa ka lugar. Sang pagkatapos niya, ang isa sang iya mga gintuton-an nagsiling sa iya, “Ginoo, tudloi kami sa pagpangamuyo, subong nga si Juan nagtudlo sang iya mga gintuton-an.”"
"And he said unto them, When ye pray, say, Father, Hallowed be thy name. Thy kingdom come.","Si Jesus nagsiling sa ila, “Kon magpangamuyo kamo, magsiling sini:"
Give us day by day our daily bread.,‘Amay:
And forgive us our sins; for we ourselves also forgive every one that is indebted to us. And bring us not into temptation.,pasidunggan ang imo balaan nga ngalan.
"And he said unto them, Which of you shall have a friend, and shall go unto him at midnight, and say to him, Friend, lend me three loaves;",Kabay ang imo paghari magsugod.
"for a friend of mine is come to me from a journey, and I have nothing to set before him;",Hatagi kami adlaw-adlaw sang kalan-on nga amon kinahanglanon.
"and he from within shall answer and say, Trouble me not: the door is now shut, and my children are with me in bed; I cannot rise and give thee?","Patawara kami sang amon mga sala,"
"I say unto you, Though he will not rise and give him because he is his friend, yet because of his importunity he will arise and give him as many as he needeth.",kay ginapatawad man namon ang tanan nga nakasala sa amon.
"And I say unto you, Ask, and it shall be given you; seek, and ye shall find; knock, and it shall be opened unto you.",Indi kami pagdalha sa mabudlay nga pagtilaw.’”
For every one that asketh receiveth; and he that seeketh findeth; and to him that knocketh it shall be opened.,"Kag si Jesus nagsiling sa iya mga gintuton-an, “Abi may isa sa inyo nga magkadto sa balay sang iya abyan sa tungang gab-i kag magsiling sa iya, ‘Abyan, pahulama ako sing tatlo ka bilog nga tinapay,"
"And of which of you that is a father shall his son ask a loaf, and he give him a stone? or a fish, and he for a fish give him a serpent?",kay may abyan ako nga nagapanglakaton nga nag-abot sa akon balay kag wala gid ako sing ipakaon sa iya!’
"Or if he shall ask an egg, will he give him a scorpion?","Kag abi, ang imo abyan magsabat didto sa sulod sang iya balay, ‘Indi ako pagdisturboha! Sirado na ang pwertahan kag nagahigda na ako kag ang akon mga kabataan. Indi ako magbangon sa paghatag sa imo sing bisan ano.’"
"If ye then, being evil, know how to give good gifts unto your children, how much more shall your heavenly Father give the Holy Spirit to them that ask him?","Ti ano karon? Nagasiling ako sa inyo, bisan nga indi sia magbangon sa paghatag sa imo sing tinapay tungod sang inyo pag-abyanay, pero tungod sang imo pagpamilit nga wala gid huyahuya magabangon sia kag magahatag sa imo sang imo tanan nga kinahanglanon."
"And he was casting out a demon that was dumb. And it came to pass, when the demon was gone out, the dumb man spake; and the multitudes marvelled.","Gani nagasiling ako sa inyo: Pangayo kamo, kag kamo magabaton, pangita kamo kag kamo makakita, panuktok kamo kag ang pwertahan pagabuksan sa inyo."
"But some of them said, By Beelzebub the prince of the demons casteth he out demons.","Kay ang tagsatagsa nga nagapangayo magabaton, kag ang nagapangita makakita, kag ang pwertahan pagabuksan sa iya nga nagapanuktok."
"And others, trying him , sought of him a sign from heaven.","Kamo nga mga amay, may isa bala sa inyo nga magahatag sa iya bata sing man-og kon ang iya ginapangayo isda?"
"But he, knowing their thoughts, said unto them, Every kingdom divided against itself is brought to desolation; and a house divided against a house falleth.",Ukon hatagan mo bala sia sing iwiiwi kon ang iya ginapangayo itlog?
"And if Satan also is divided against himself, how shall his kingdom stand? because ye say that I cast out demons by Beelzebub.","Kon kamo nga mga malaut makahibalo kon paano maghatag sing maayo nga mga butang sa inyo mga kabataan, daw ano pa gid ang inyo Amay nga langitnon. Magahatag sia sang Espiritu Santo sa mga nagapangayo sa iya!”"
"And if I by Beelzebub cast out demons, by whom do your sons cast them out? therefore shall they be your judges.","Gintabog ni Jesus ang demonyo nga nagpaapa sa isa ka tawo. Sang makagwa ang demonyo sa tawo, ang tawo naghambal. Natingala gid ang mga tawo,"
"But if I by the finger of God cast out demons, then is the kingdom of God come upon you.","ugaling ang iban sa ila nagsiling, “Si Beelzebul nga hari sang mga demonyo amo ang naghatag sa iya sing gahom sa pagtabog sa ila.”"
"When the strong man fully armed guardeth his own court, his goods are in peace:","Ang iban luyag magdakupdakop sa iya, gani nagpangayo sila nga maghimo sia sing gamhanan nga buhat sa pagpamatuod nga ang Dios nahamuot sa iya."
"but when a stronger than he shall come upon him, and overcome him, he taketh from him his whole armor wherein he trusted, and divideth his spoils.","Pero si Jesus nga nakahibalo sang ila mga panghunahuna nagsiling sa ila, “Kon ang mga pumoluyo sang isa ka pungsod nagabinahinbahin kag nagailinaway, ina nga pungsod malaglag. Ang panimalay nga nagabinahinbahin magabuloblag."
He that is not with me is against me; and he that gathereth not with me scattereth.,"Gani, kon ang ginharian ni Satanas may mga grupo nga nagailinaway, paano bala ini makapadayon? Nagasiling kamo nga nagatabog ako sang mga demonyo tungod sang gahom nga ginhatag sa akon ni Beelzebul."
"The unclean spirit when he is gone out of the man, passeth through waterless places, seeking rest, and finding none, he saith, I will turn back unto my house whence I came out.","Kon nagatabog ako sang mga demonyo paagi kay Beelzebul, sa ano bala nga paagi ang inyo mga sumolunod nagatabog sang mga demonyo? Gani, ang inyo mga sumolunod nagapamatuod nga sayop gid kamo!"
"And when he is come, he findeth it swept and garnished.","Kay paagi sa gahom sang Dios nagatabog ako sang mga demonyo, kag ini nagapamatuod nga ang paghari sang Dios nakaabot na sa inyo."
"Then goeth he, and taketh to him seven other spirits more evil than himself; and they enter in and dwell there: and the last state of that man becometh worse than the first.","“Kon ang isa ka makusog nga tawo nga sangkap sa hinganiban nagabantay sang iya kaugalingon nga balay, indi maano ang tanan niya nga mga pagkabutang."
"And it came to pass, as he said these things, a certain woman out of the multitude lifted up her voice, and said unto him, Blessed is the womb that bare thee, and the breasts which thou didst suck.","Pero kon gubaton sia sang mas makusog nga tawo sang sa iya kag madaog sia, maagaw sang mas makusog nga tawo ang tanan niya nga mga hinganiban nga iya ginasaligan, kag pamartidahon niya ang iya mga inagaw."
"But he said, Yea rather, blessed are they that hear the word of God, and keep it.","“Ang bisan sin-o nga wala nagaupod sa akon batok sa akon, kag ang bisan sin-o nga wala nagabulig sa akon sa pagpanipon nagapaaplaag."
"And when the multitudes were gathering together unto him, he began to say, This generation is an evil generation: it seeketh after a sign; and there shall no sign be given to it but the sign of Jonah.","“Kon ang malaut nga espiritu maggwa sa isa ka tawo, nagapanglugayawan sia sa mamala nga mga lugar sa pagpangita sing palahuwayan. Kon wala sia sing may makita, nagasiling sia sa iya kaugalingon, ‘Mabalik ako sa akon balay nga akon ginhalinan.’"
"For even as Jonah became a sign unto the Ninevites, so shall also the Son of man be to this generation.","Sa pagbalik niya, iya makita nga ang balay matinlo kag nahimos na."
"The queen of the south shall rise up in the judgment with the men of this generation, and shall condemn them: for she came from the ends of the earth to hear the wisdom of Solomon; and behold, a greater than Solomon is here.","Dayon magalakat sia kag manghagad sang pito ka iban nga espiritu nga mas malaut pa sang sa iya. Magasulod sila kag magaestar didto. Gani, sa ulihi ini nga tawo mas magamalaut pa gid sang sa una niya nga kahimtangan.”"
"The men of Nineveh shall stand up in the judgment with this generation, and shall condemn it: for they repented at the preaching of Jonah; and behold, a greater than Jonah is here.","Sang makahambal si Jesus sini, may isa ka babayi sa tunga sang mga tawo nga nagsinggit kag nagasiling sa iya, “Daw ano ka malipayon ang babayi nga nagbusong kag nagbatiti sa imo!”"
"No man, when he hath lighted a lamp, putteth it in a cellar, neither under the bushel, but on the stand, that they which enter in may see the light.","Pero si Jesus nagsabat, “Matuod ina, pero daw ano pa gid ka malipayon ang mga nagapamati sang pulong sang Dios kag nagatuman sini!”"
"The lamp of thy body is thine eye: when thine eye is single, thy whole body also is full of light; but when it is evil, thy body also is full of darkness.","Sang nagatilipon ang mga tawo sa palibot ni Jesus, nagsiling sia, “Daw ano kalaut sang mga tawo sa sini nga mga inadlaw! Nagapangayo sila sing isa ka gamhanan nga buhat, pero wala sing may ihatag sa ila, luas sa palatandaan nga ginhatag ni Jonas."
Look therefore whether the light that is in thee be not darkness.,"Subong nga si Jonas nangintanda para sa mga tawo sa Ninive, amo man ang Anak sang Tawo mangintanda para sa mga tawo sa sini nga mga inadlaw."
"If therefore thy whole body be full of light, having no part dark, it shall be wholly full of light, as when the lamp with its bright shining doth give thee light.","Sa Adlaw sang Paghukom ang Rayna sang Seba magatindog kag magasumbong sang mga tawo sa sini nga mga inadlaw, tungod kay nag-abot sia gikan sa malayo nga lugar sa pagpamati sang kaalam ni Solomon, kag karon nagasiling ako sa inyo, may yari diri nga mas daku pa sang sa kay Solomon."
"Now as he spake, a Pharisee asketh him to dine with him: and he went in, and sat down to meat.","Sa Adlaw sang Paghukom ang mga tawo sang Ninive magatindog kag magasumbong sa inyo, tungod kay nag-untat sila sa ila pagpakasala sang pagkabati nila kay Jonas nga nagwali. Karon nagasiling ako sa inyo, may yari diri nga mas daku pa sang sa kay Jonas!”"
"And when the Pharisee saw it, he marvelled that he had not first bathed himself before dinner.","“Wala sing tawo nga nagasindi sang suga kag iya ginatago ukon ginatakluban ini sang sulokban, kundi ginabutang niya ini sa tulongtungan, agod nga ang mga nagasulod makakita sang kapawa."
"And the Lord said unto him, Now ye the Pharisees cleanse the outside of the cup and of the platter; but your inward part is full of extortion and wickedness.","Ang suga sang imo lawas amo ang imo mga mata. Kon ang imo mga mata maayo, ang bug-os mo nga lawas puno sang kapawa, pero kon ang imo mga mata indi maayo, ang bug-os mo nga lawas puno sang kadudulman."
"Ye foolish ones, did not he that made the outside make the inside also?",Gani maghalong ka basi kon ang kapawa sa imo manginkadudulman.
"But give for alms those things which are within; and behold, all things are clean unto you.","Gani, kon ang imo bug-os nga lawas puno sing kapawa, kag wala sing bahin sini nga yara sa kadudulman, ti, ang bug-os mo nga lawas masanag, subong nga ang suga nagaiwag sa imo sang iya kasanag.”"
"But woe unto you Pharisees! for ye tithe mint and rue and every herb, and pass over justice and the love of God: but these ought ye to have done, and not to leave the other undone.","Sa tapos makahambal si Jesus, may isa ka Fariseo nga nag-agda sa iya sa pagkaon upod sa iya. Gani nagsulod sia sa balay kag nagpungko sa pagkaon."
"Woe unto you Pharisees! for ye love the chief seats in the synagogues, and the salutations in the marketplaces.",Ang Fariseo natingala sang matalupangdan niya nga si Jesus wala magpanghinaw sa wala pa sia magkaon.
"Woe unto you! for ye are as the tombs which appear not, and the men that walk over them know it not.","Gani ang Ginoo nagsiling sa iya, “Karon kamo nga mga Fariseo nagahugas sang sa gwa lang sang tasa kag pinggan, pero sa sulod ninyo puno kamo sang kahakog kag kalautan."
"And one of the lawyers answering saith unto him, Teacher, in saying this thou reproachest us also.",Mga buangbuang! Indi bala nga ang Dios nga naghimo sang sa gwa naghimo man sang sa sulod?
"And he said, Woe unto you lawyers also! for ye load men with burdens grievous to be borne, and ye yourselves touch not the burdens with one of your fingers.","Pero ihatag sa mga imol ang yara sa sulod sang inyo mga tasa kag pinggan, kag ang tanan manginmatinlo para sa inyo."
"Woe unto you! for ye build the tombs of the prophets, and your fathers killed them.","“Makaluluoy man kamo, mga Fariseo! Nagahatag kamo sa Dios sang ikapulo nga bahin sang mga panakot subong sang tanglad, luy-a kag sang tanan nga sahi sang kahuykahoy, pero ginapatumbayaan ninyo ang katarungan kag ang paghigugma sa Dios. Amo ini kuntani ang dapat ninyo himuon, nga wala nagapatumbaya sang iban."
"So ye are witnesses and consent unto the works of your fathers: for they killed them, and ye build their tombs .","“Makaluluoy man kamo, mga Fariseo! Naluyagan gid ninyo ang pinasulabi nga mga pulongkuan sa mga sinagoga, kag maluyag man kamo nga tamyawon nga may pagtahod sa mga tiendahan."
"Therefore also said the wisdom of God, I will send unto them prophets and apostles; and some of them they shall kill and persecute;","Makaluluoy man kamo, kay kasubong kamo sang mga lulobngan nga wala sing lapida nga ginatapakan sang mga tawo nga wala nila mahibaloi.”"
"that the blood of all the prophets, which was shed from the foundation of the world, may be required of this generation;","Ang isa sang mga manunodlo sang Kasugoan nagsiling kay Jesus, “Manunodlo, sa imo pagsiling sini ginainsultohan mo man kami!”"
"from the blood of Abel unto the blood of Zachariah, who perished between the altar and the sanctuary: yea, I say unto you, it shall be required of this generation.","Si Jesus nagsabat, “Makaluluoy man kamo nga mga manunodlo sang Kasugoan! Ginahatagan nila ang mga tawo sang madamo nga mga katungdanan nga mabudlay tumanon, pero wala man gani sila mismo nagahimo sang bisan diutay lang nga butang sa pagbulig, agod tumanon ini nga mga katungdanan."
"Woe unto you lawyers! for ye took away the key of knowledge: ye entered not in yourselves, and them that were entering in ye hindered.",Makaluluoy man kamo! Nagahimo kamo sing matahom nga mga lulobngan para sa mga propeta—ang mga propeta nga ginpamatay sang inyo mga katigulangan.
"And when he was come out from thence, the scribes and the Pharisees began to press upon him vehemently, and to provoke him to speak of many things;",Kon amo nagakilala kamo kag nagapasugot sang mga ginbuhat sang inyo mga katigulangan. Kay sila nagpamatay sang mga propeta kag kamo nagahimo sang ila mga lulobngan.
"laying wait for him, to catch something out of his mouth.","Gani nasulat sa libro sang Kaalam sang Dios nga nagasiling, ‘Magapadala ako sa ila sing mga propeta kag mga apostoles. Ang iban sini ila pamatyon, kag ang iban ila hingabuton.’"
"In the mean time, when the many thousands of the multitude were gathered together, insomuch that they trod one upon another, he began to say unto his disciples first of all, Beware ye of the leaven of the Pharisees, which is hypocrisy.","Sang nagtilipon ang linibo ka mga tawo, sa bagay nga nagatinapakay sila, si Jesus nagsiling sing una sa iya mga gintuton-an, “Mag-andam kamo sa lebadora sang mga Fariseo, nga amo ang ila pagkahipokrito."
"But there is nothing covered up, that shall not be revealed; and hid, that shall not be known.","Wala sing ginatabunan nga indi mabuksan, kag wala sing sekrito nga indi mabuyagyag."
Wherefore whatsoever ye have said in the darkness shall be heard in the light; and what ye have spoken in the ear in the inner chambers shall be proclaimed upon the housetops.,"Gani, kon ano ang ginhambal ninyo sa kadudulman pagapamatian sa kapawa, kag kon ano ang ginahutik ninyo sa sirado nga mga kwarto pagaisinggit halin sa atop sang mga balay."
"And I say unto you my friends, Be not afraid of them that kill the body, and after that have no more that they can do.","“Mga abyan ko, nagasiling ako sa inyo, indi kamo magkahadlok sa mga makapatay sang lawas kag sa tapos sina wala na sila sing sarang mahimo."
"But I will warn you whom ye shall fear: Fear him, who after he hath killed hath power to cast into hell; yea, I say unto you, Fear him.","Ipahayag ko sa inyo kon sin-o ang inyo kahadlukan. Kahadluki ninyo ang Dios nga sa tapos sia makapatay, may gahom pa sa paghaboy sa impierno. Huo, nagasiling ako sa inyo, kahadluki ninyo sia!"
Are not five sparrows sold for two pence? and not one of them is forgotten in the sight of God.,“Indi bala nga sa diutay lang nga kwarta mabaligya ang lima ka mga maya? Pero wala sing isa sa ila nga ginakalimtan sang Dios.
But the very hairs of your head are all numbered. Fear not: ye are of more value than many sparrows.,Bisan ang mga buhok sang inyo ulo naisip tanan. Gani indi kamo magkahadlok! Mas mahal pa kamo sang sa madamo nga mga maya!
"And I say unto you, Every one who shall confess me before men, him shall the Son of man also confess before the angels of God:","“Nagasiling ako sa inyo, ang tagsatagsa nga nagakilala sa akon sa atubang sang mga tawo, ang Anak sang Tawo magakilala man sa iya sa atubang sang mga anghel sang Dios."
but he that denieth me in the presence of men shall be denied in the presence of the angels of God.,"Pero ang bisan sin-o nga nagapanghiwala sa akon sa atubang sang mga tawo, ang Anak sang Tawo magapanghiwala man sa iya sa atubang sang mga anghel sang Dios."
"And every one who shall speak a word against the Son of man, it shall be forgiven him: but unto him that blasphemeth against the Holy Spirit it shall not be forgiven.","“Ang bisan sin-o nga nagahambal batok sa Anak sang Tawo mapatawad, pero ang bisan sin-o nga nagapasipala batok sa Espiritu Santo indi mapatawad."
"And when they bring you before the synagogues, and the rulers, and the authorities, be not anxious how or what ye shall answer, or what ye shall say:","“Kon dalhon nila kamo agod hukman sa mga sinagoga ukon sa atubang sang mga gobernador, ukon mga pangulo, indi kamo magpalibog kon ano ang pagpangapin ninyo sang inyo kaugalingon ukon ano ang inyo ihambal."
for the Holy Spirit shall teach you in that very hour what ye ought to say.,Kay ang Espiritu Santo magatudlo sa inyo sa sina nga tion kon ano ang inyo dapat ihambal.”
"And one out of the multitude said unto him, Teacher, bid my brother divide the inheritance with me.","Ang isa sang mga tawo nagsiling kay Jesus, “Manunodlo, singgana ang akon utod nga lalaki nga partihan niya ako sang palanublion nga ginbilin sang amon amay.”"
"But he said unto him, Man, who made me a judge or a divider over you?","Si Jesus nagsabat sa iya, “Toto, sin-o bala ang naghimo sa akon nga hukom ukon manugparti sang inyo pagkabutang?”"
"And he said unto them, Take heed, and keep yourselves from all covetousness: for a man’s life consisteth not in the abundance of the things which he possesseth.","Kag nagsiling sia sa ila tanan, “Mag-andam kamo kag magbantay sa tanan nga sahi sang kahakog, tungod kay ang matuod nga kabuhi sang tawo wala nasandig sa kadamuon sang iya mga pagkabutang, bisan daw ano ka manggaranon sa iya.”"
"And he spake a parable unto them, saying, The ground of a certain rich man brought forth plentifully:",Dayon si Jesus nagsugid sa ila sining palaanggiran: “Sadto anay may isa ka manggaranon nga tawo nga maayo ang patubas sang iya duta.
"and he reasoned within himself, saying, What shall I do, because I have not where to bestow my fruits?","Nagpainuino sia sa iya kaugalingon, ‘Ano bala ang himuon ko kay wala na ako sing butangan sang akon mga patubas?’"
"And he said, This will I do: I will pull down my barns, and build greater; and there will I bestow all my grain and my goods.","Nagsiling sia sa iya kaugalingon, ‘Amo ini ang himuon ko: Gub-on ko ang akon mga bodega kag magpatindog sing dalagku pa gid nga mga bodega nga akon pagabutangan sang tanan ko nga patubas kag sang iban ko nga mga pagkabutang."
"And I will say to my soul, Soul, thou hast much goods laid up for many years; take thine ease, eat, drink, be merry.","Dayon magasiling ako sa akon kaugalingon: Mapalaron ka! May madamo ka nga maayo nga mga pagkabutang nga natago para sa malawig nga mga tinuig. Magpatawhay ka lang, magkaon, mag-inom kag magpangalipay.’"
"But God said unto him, Thou foolish one, this night is thy soul required of thee; and the things which thou hast prepared, whose shall they be?","Pero ang Dios nagsiling sa iya, ‘Buangbuang! Karon gid nga gab-i mapatay ka. Ti sin-o karon ang makapanag-iya sining mga pagkabutang nga gintipon mo para sa imo kaugalingon?’”"
"So is he that layeth up treasure for himself, and is not rich toward God.","Sa katapusan si Jesus nagsiling, “Subong man sina ang mga nagatipon sing manggad para sa ila kaugalingon, pero indi manggaranon sa panulok sang Dios.”"
"And he said unto his disciples, Therefore I say unto you, Be not anxious for your life, what ye shall eat; nor yet for your body, what ye shall put on.","Dayon nagsiling si Jesus sa iya mga gintuton-an, “Gani nagasiling ako sa inyo nga indi kamo magpalibog nahanungod sang pagkaon nga inyo kinahanglanon agod mabuhi kamo, ukon nahanungod sang panapton nga inyo kinahanglanon para sa inyo lawas."
"For the life is more than the food, and the body than the raiment.","Kay ang kabuhi labi pa sang sa pagkaon, kag ang lawas labi pa sang sa panapton."
"Consider the ravens, that they sow not, neither reap; which have no store-chamber nor barn; and God feedeth them: of how much more value are ye than the birds!","Tan-awa ang mga uwak: wala sila nagasab-og ukon nagaani, wala sila sing mga tambubo ukon mga bodega, pero ang Dios nagapakaon sa ila. Indi bala nga mas mahal pa kamo sang sa mga pispis?"
And which of you by being anxious can add a cubit unto the measure of his life?,Sin-o sa inyo ang makadugang sing bisan diutay nga tion sa iya kabuhi tungod sa pagpalibog?
"If then ye are not able to do even that which is least, why are ye anxious concerning the rest?","Kon kamo indi gani makasarang maghimo sang bisan diutay nga butang, ngaa magpalibog kamo sang iban nga mga butang?"
"Consider the lilies, how they grow: they toil not, neither do they spin; yet I say unto you, Even Solomon in all his glory was not arrayed like one of these.","Tan-awa ninyo ang mga bulak sa latagon kon daw ano ang pagtubo nila. Wala sila nagapangabudlay ukon nagahimo sing panapton para sa ila kaugalingon. Pero nagasiling ako sa inyo nga bisan si Haring Solomon, sa iya pagkamanggaranon, wala makabayu pareho katahom sining mga bulak."
"But if God doth so clothe the grass in the field, which to-day is, and to-morrow is cast into the oven; how much more shall he clothe you, O ye of little faith?","Kon ang Dios nagapabayu sang hilamon sa latagon nga karon yari pa kag buas idap-ong sa kalayo, indi bala sia magpabayu sang sobra pa sa inyo? O daw ano kadiutay sang inyo pagtuo!"
"And seek not ye what ye shall eat, and what ye shall drink, neither be ye of doubtful mind.","Gani, indi kamo maghimud-os sang inyo pagakaunon kag pagaimnon kag indi man kamo magpalibog."
For all these things do the nations of the world seek after: but your Father knoweth that ye have need of these things.,Kay amo ini tanan ang ginapangita sang mga pagano sining kalibutan. Ang inyo Amay nakahibalo nga nagakinahanglan kamo sini nga mga butang.
"Yet seek ye his kingdom, and these things shall be added unto you.","Sa baylo, tinguhaa ninyo ang magpasakop sa paghari niya kag ini nga mga butang ihatag sa inyo."
"Fear not, little flock; for it is your Father’s good pleasure to give you the kingdom.","“Indi kamo magkahadlok, diutay nga panong. Kay ang inyo Amay nalipay sa paghatag sa inyo sang Ginharian."
"Sell that which ye have, and give alms; make for yourselves purses which wax not old, a treasure in the heavens that faileth not, where no thief draweth near, neither moth destroyeth.","Ibaligya ang tanan ninyo nga mga pagkabutang kag ihatag ang kwarta sa mga imol. Maghimo para sa inyo kaugalingon sang mga bag nga wala nagadaan kag magtago sang inyo mga manggad sa langit, sa diin indi sila maibanan, tungod kay wala sing makawat nga makakuha, ukon sapatsapat nga makaut-ot."
"For where your treasure is, there will your heart be also.",Kay kon diin ang inyo manggad didto man ang inyo tagipusoon.
"Let your loins be girded about, and your lamps burning;","“Maghanda kamo para sa bisan ano nga magaabot, nga nawagkusan ang inyo mga hawak kag nasindihan ang inyo mga suga,"
"and be ye yourselves like unto men looking for their lord, when he shall return from the marriage feast; that, when he cometh and knocketh, they may straightway open unto him.","subong sang mga suloguon nga nagahulat sang ila agalon nga magapauli halin sa punsyon sa kasal. Kon mag-abot sia kag magpanuktok, sa gilayon abrihan nila ang pwertahan para sa iya."
"Blessed are those servants, whom the lord when he cometh shall find watching: verily I say unto you, that he shall gird himself, and make them sit down to meat, and shall come and serve them.","Daw ano ka malipayon yadto nga mga suloguon nga masapwan sang ila agalon nga nagamata kag handa sa pag-abot niya! Nagasiling ako sa inyo nga magailis sia sang iya nga bayu, papungkoon niya sila kag sirbehan."
"And if he shall come in the second watch, and if in the third, and find them so, blessed are those servants .","Daw ano ka malipayon sa ila kon iya sila masapwan nga handa, bisan nga tungang gab-i ukon kaagahon na sia mag-abot."
"But know this, that if the master of the house had known in what hour the thief was coming, he would have watched, and not have left his house to be broken through.","Dumdoma ninyo ini! Kon ang tag-iya sang balay nakahibalo kon ano nga oras magaabot ang makawat, indi niya kuntani pagpabayaan nga rungkabon ang iya balay."
Be ye also ready: for in an hour that ye think not the Son of man cometh.,Kamo man dapat maghanda tungod kay ang Anak sang Tawo magaabot sa oras nga wala ninyo sia ginapaabot.”
"And Peter said, Lord, speakest thou this parable unto us, or even unto all?","Si Pedro nagsiling, “Ginoo, kami lang bala ang ginasugiran mo sini nga palaanggiran ukon para ini sa tanan?”"
"And the Lord said, Who then is the faithful and wise steward, whom his lord shall set over his household, to give them their portion of food in due season?","Ang Ginoo nagsabat, “Karon sin-o bala ang matutom kag maalam nga suloguon? Sia amo ang pagatugyanan sang iya agalon sa pagdumala sang iya panimalay kag sa paghatag sa iban nga mga suloguon sang ila parti nga pagkaon sa nagakaigo nga tion."
"Blessed is that servant, whom his lord when he cometh shall find so doing.",Daw ano ka malipayon ina nga suloguon kon makita sia sang iya agalon nga nagahimo sang gintugyan sa iya sa pagbalik niya.
"Of a truth I say unto you, that he will set him over all that he hath.","Matuod gid, nagasiling ako sa inyo, ang agalon magatugyan sa sina nga suloguon sang tanan niya nga mga pagkabutang."
"But if that servant shall say in his heart, My lord delayeth his coming; and shall begin to beat the menservants and the maidservants, and to eat and drink, and to be drunken;","Pero kon ina nga suloguon magsiling sa iya kaugalingon, ‘Dugay pa mag-abot ang akon agalon.’ Gani magasugod sia sa pagpanakit sang iban nga mga suloguon nga lalaki kag babayi, kag magakaon, magainom kag magapahubog sia."
"the lord of that servant shall come in a day when he expecteth not, and in an hour when he knoweth not, and shall cut him asunder, and appoint his portion with the unfaithful.","Dayon, magabalik ang agalon sa adlaw nga wala sia ginapaabot sang suloguon kag sa tion nga wala niya mahibaloi. Ang agalon magahatukhatok sa iya kag magasilot sa iya upod sa mga malalison."
"And that servant, who knew his lord’s will, and made not ready, nor did according to his will, shall be beaten with many stripes ;","“Yadto nga suloguon nga nakahibalo sang luyag ipahimo sa iya sang iya agalon, pero wala sia nagahanda kag wala sia nagahimo suno sa kabubot-on sang iya agalon, pagahanuton sing tudotudo."
"but he that knew not, and did things worthy of stripes, shall be beaten with few stripes . And to whomsoever much is given, of him shall much be required: and to whom they commit much, of him will they ask the more.","Pero ang suloguon nga wala makahibalo sang luyag sang iya agalon, pero nagahimo sing mga butang nga takos sia hanuton, pagahanuton sia sing diutay lang. Ang tagsatagsa nga ginhatagan sing madamo, madamo man ang ginapaabot sa iya. Ang tawo nga ginhatagan sing madamo pa gid, madamo pa gid ang ginapaabot sa iya."
"I came to cast fire upon the earth; and what do I desire, if it is already kindled?","“Nag-abot ako sa pagdala sing kalayo sa duta, kag luyag ko kuntani nga nagadabdab na ini!"
But I have a baptism to be baptized with; and how am I straitened till it be accomplished!,"May bautiso ako nga pagabatunon, kag natublag gid ako tubtob wala pa ini matapos"
"Think ye that I am come to give peace in the earth? I tell you, Nay; but rather division:","Nagahunahuna bala kamo nga nag-abot ako sa pagdala sing paghidait sa kalibutan? Nagasiling ako sa inyo, Wala ako mag-abot sa pagdala sing paghidait, kundi pagbinahinbahin."
"for there shall be from henceforth five in one house divided, three against two, and two against three.","Sugod karon ang panimalay nga may lima ka katapo magabinahinbahin, ang tatlo batok sa duha, kag ang duha batok sa tatlo."
"They shall be divided, father against son, and son against father; mother against daughter, and daughter against her mother; mother in law against her daughter in law, and daughter in law against her mother in law.","Ang mga amay manginkasumpong sang ila mga anak nga lalaki, kag ang mga anak nga lalaki manginkasumpong sang ila mga amay. Ang mga iloy manginkasumpong sang ila mga anak nga babayi, kag ang mga anak nga babayi manginkasumpong sang ila mga iloy. Ang mga ugangan nga babayi manginkasumpong sang ila mga umagad nga babayi kag ang mga umagad nga babayi manginkasumpong sang ila mga ugangan nga babayi.”"
"And he said to the multitudes also, When ye see a cloud rising in the west, straightway ye say, There cometh a shower; and so it cometh to pass.","Si Jesus nagsiling pa gid sa mga tawo, “Kon makita gani ninyo ang gal-om nga nagaporma sa nakatundan, nagasiling kamo dayon, ‘Magaulan,’ kag nagaulan."
"And when ye see a south wind blowing, ye say, There will be a scorching heat; and it cometh to pass.","Kag kon mabatyagan ninyo ang habagat nga nagahuyop, nagasiling kamo, ‘Magasingkal ang init,’ kag nagainit."
"Ye hypocrites, ye know how to interpret the face of the earth and the heaven; but how is it that ye know not how to interpret this time?","Mga hipokrito! Makahibalo kamo sang panahon paagi sa pagtan-aw sang langit kag duta, pero ngaa bala nga indi kamo makahibalo sang kahulogan sang panag-on karon?"
And why even of yourselves judge ye not what is right?,“Ngaa nga wala kamo nagabinagbinag sa inyo kaugalingon kon ano ang maayo himuon?
"For as thou art going with thine adversary before the magistrate, on the way give diligence to be quit of him; lest haply he drag thee unto the judge, and the judge shall deliver thee to the officer, and the officer shall cast thee into prison.","Kon may isa ka tawo nga magsumbong sa imo sa korte, tinguhai ang pagpakighusay sa iya sa nagapadulong pa lang kamo sa korte. Kon indi nimo mahimo ina, sagnuyon niya ikaw sa atubang sang hukom nga amo ang magatugyan sa imo sa pulis, kag ang pulis magabilanggo sa imo."
"Now there were some present at that very season who told him of the Galilæans, whose blood Pilate had mingled with their sacrifices.",Sa sadto nga tion may mga tawo didto nga nagsugid kay Jesus nahanungod sang mga taga-Galilea nga ginpapatay ni Pilato samtang nagadulot sila sang ila mga halad sa Dios.
"And he answered and said unto them, Think ye that these Galilæans were sinners above all the Galilæans, because they have suffered these things?","Si Jesus nagsabat sa ila, “Tungod kay ini nga mga taga-Galilea ginpamatay sa sina nga paagi, nagahunahuna bala kamo nga labi pa sila ka makasasala sang sa iban nga mga taga-Galilea?"
"I tell you, Nay: but, except ye repent, ye shall all in like manner perish.","Indi! Nagasiling ako sa inyo nga kon indi kamo mag-untat sa pagpakasala, mapatay kamo tanan pareho man sa ila."
"Or those eighteen, upon whom the tower in Siloam fell, and killed them, think ye that they were offenders above all the men that dwell in Jerusalem?",Ano karon yadtong mga desi otso ka mga tawo sa Siloe nga nagkalamatay sang natumbahan sila sang tore? Nagahunahuna bala kamo nga labi pa sila ka malinapason sang sa tanan nga mga tawo nga nagaestar sa Jerusalem?
"I tell you, Nay: but, except ye repent, ye shall all likewise perish.","Indi! Nagasiling ako sa inyo nga kon indi kamo mag-untat sa pagpakasala, mapatay kamo tanan pareho man sa ila.”"
"And he spake this parable; A certain man had a fig tree planted in his vineyard; and he came seeking fruit thereon, and found none.","Dayon si Jesus nagsugid sa ila sining palaanggiran, “May isa ka tawo nga nagtanom sang kahoy nga higera sa iya ulobasan. Nagkadto sia sa pagpangita sing bunga sa sina nga higera, pero wala gid sia sing may nakita."
"And he said unto the vinedresser, Behold, these three years I come seeking fruit on this fig tree, and find none: cut it down; why doth it also cumber the ground?","Gani nagsiling sia sa iya manugtatap, ‘Tan-awa bala, tatlo na ka tuig ang pagbalikbalik ko diri sa pagpangita sing bunga sa sini nga kahoy nga higera, pero wala gid ako sing may nakita. Tapsa na lang ini! Ngaa magpadayon ini sa pagpalamgod sang duta?’"
"And he answering saith unto him, Lord, let it alone this year also, till I shall dig about it, and dung it:","Pero ang manugtatap nagsabat, ‘Sir, pabay-i lang ini anay sa sini nga tuig. Kutkotan ko ang palibot sini kag abunohan."
"and if it bear fruit thenceforth, well ; but if not, thou shalt cut it down.","Kon ini nga kahoy magpamunga sa madason nga tuig, ti, maayo, kon indi gani, ti, ipatapas mo na lang ini.’”"
And he was teaching in one of the synagogues on the sabbath day.,Sang isa ka Adlaw nga Inugpahuway si Jesus nagapanudlo sa sinagoga.
"And behold, a woman that had a spirit of infirmity eighteen years; and she was bowed together, and could in no wise lift herself up.",May isa ka babayi didto nga ginagamhan sang malaut nga espiritu nga nagpamasakit sa iya sa sulod sang desi-otso ka tuig. Nagasiyoktot sia kag indi makatadlong.
"And when Jesus saw her, he called her, and said to her, Woman, thou art loosed from thine infirmity.","Sang pagkakita ni Jesus sa babayi gintawag niya sia, “Tyay, hilway ka na gikan sa imo balatian.”"
"And he laid his hands upon her: and immediately she was made straight, and glorified God.",Gintungtong niya ang iya mga kamot sa babayi kag sa gilayon ang babayi makatindog na sing tadlong kag nagdayaw sa Dios.
"And the ruler of the synagogue, being moved with indignation because Jesus had healed on the sabbath, answered and said to the multitude, There are six days in which men ought to work: in them therefore come and be healed, and not on the day of the sabbath.","Ang opisyal sang sinagoga naakig tungod kay nagpang-ayo si Jesus sa Adlaw nga Inugpahuway. Gani nagsiling ang opisyal sang sinagoga sa mga tawo, “May anom ka adlaw nga kita nagapangabudlay. Gani, sa sina nga mga adlaw palapit kamo kag magpabulong, pero indi sa Adlaw nga Inugpahuway!”"
"But the Lord answered him, and said, Ye hypocrites, doth not each one of you on the sabbath loose his ox or his ass from the stall, and lead him away to watering?","Ang Ginoo nagsabat sa iya, “Mga hipokrito! Indi bala ang tagsatagsa sa inyo nagahubad sang iya baka ukon asno sa toril sa Adlaw nga Inugpahuway kag nagadala sa iya sa pagpainom?"
"And ought not this woman, being a daughter of Abraham, whom Satan had bound, lo, these eighteen years, to have been loosed from this bond on the day of the sabbath?",Karon yari ang isa ka babayi nga kaliwat ni Abraham nga gingapos ni Satanas sa sulod sang desi-otso ka tuig. Indi bala sia dapat hilwayon sa Adlaw nga Inugpahuway?”
"And as he said these things, all his adversaries were put to shame: and all the multitude rejoiced for all the glorious things that were done by him.","Sang ginsiling ni Jesus ini, ang tanan niya nga mga kaaway nahuya sa ila kaugalingon, samtang ang tanan nga mga tawo nagkalipay sa tanan nga makatilingala nga mga butang nga nahimo niya."
"He said therefore, Unto what is the kingdom of God like? and whereunto shall I liken it?","Si Jesus nagpamangkot, “Ano bala ang kaangay sang paghari sang Dios? Sa ano nga butang ipaanggid ko ini?"
"It is like unto a grain of mustard seed, which a man took, and cast into his own garden; and it grew, and became a tree; and the birds of the heaven lodged in the branches thereof.","Kasubong ini sang binhi sang mustasa nga ginkuha sang isa ka tawo kag ginpanggas sa iya uma. Ang binhi nagtubo kag nangin-isa ka kahoy, kag ang mga pispis nagpugad sa iya mga sanga.”"
"And again he said, Whereunto shall I liken the kingdom of God?","Sa liwat si Jesus nagpamangkot, “Sa ano ko bala ipaanggid ang paghari sang Dios?"
"It is like unto leaven, which a woman took and hid in three measures of meal, till it was all leavened.",Kaangay ini sang lebadora nga ginkuha sang isa ka babayi kag ginsamo sa tatlo ka sukob nga harina tubtob ang bug-os nga ginmasa naghabok.”
"And he went on his way through cities and villages, teaching, and journeying on unto Jerusalem.",Nagapakadto si Jesus sa Jerusalem nga nagpanudlo sa mga tawo sa mga banwa kag mga barangay nga iya gin-agihan.
"And one said unto him, Lord, are they few that are saved? And he said unto them,","May nagpamangkot sa iya, “Sir, diutay lang bala nga mga tawo ang maluwas?”"
"Strive to enter in by the narrow door: for many, I say unto you, shall seek to enter in, and shall not be able.","Si Jesus nagsabat sa ila,"
"When once the master of the house is risen up, and hath shut to the door, and ye begin to stand without, and to knock at the door, saying, Lord, open to us; and he shall answer and say to you, I know you not whence ye are;","“Magtinguha kamo sa pagsulod sa makitid nga pwertahan. Kay nagasiling ako sa inyo nga madamo ang magatinguha sa pagsulod, pero indi makasulod."
"then shall ye begin to say, We did eat and drink in thy presence, and thou didst teach in our streets;","Ang pangulo sang balay magabangon kag magapanira sang pwertahan. Ti, kon didto pa kamo nagatindog sa gwa kag magapanuktok sa pwertahan kag magsiling, ‘Sir, abrihi kami!’ magasabat sia sa inyo, ‘Wala ako makahibalo kon taga-diin kamo.’"
"and he shall say, I tell you, I know not whence ye are; depart from me, all ye workers of iniquity.","Dayon magasabat kamo, ‘Nagkaon kag nag-inom kami upod sa imo kag nagpanudlo ka sa amon banwa.’"
"There shall be the weeping and the gnashing of teeth, when ye shall see Abraham, and Isaac, and Jacob, and all the prophets, in the kingdom of God, and yourselves cast forth without.","Pero magasiling sia liwat, ‘Wala ako makahibalo kon taga-diin kamo. Palayo kamo sa akon, tanan kamo nga mga manugbuhat sang kalautan!’"
"And they shall come from the east and west, and from the north and south, and shall sit down in the kingdom of God.","Daw ano ang inyo paghinibi kag pagbinagrot sang inyo mga ngipon, kon makita ninyo si Abraham, si Isaac, kag si Jacob kag ang tanan nga mga propeta sa Ginharian sang Dios, samtang kamo inyo wala pagpasudla."
"And behold, there are last who shall be first, and there are first who shall be last.","May mga tawo nga magaabot halin sa sidlangan kag nakatundan, halin sa aminhan kag bagatnan, kag magapungko sa punsyon sa Ginharian sang Dios."
"In that very hour there came certain Pharisees, saying to him, Get thee out, and go hence: for Herod would fain kill thee.","Gani may mga naulihi nga mauna, kag may mga nauna nga maulihi.”"
"And he said unto them, Go and say to that fox, Behold, I cast out demons and perform cures to-day and to-morrow, and the third day I am perfected.","Sa amo man nga tion may mga Fariseo nga nagpalapit kay Jesus kag nagsiling sa iya, “Kinahanglan maghalin ka diri kag magkadto sa iban nga lugar tungod kay si Herodes nagtuyo sa pagpatay sa imo.”"
Nevertheless I must go on my way to-day and to-morrow and the day following: for it cannot be that a prophet perish out of Jerusalem.,"Si Jesus nagsabat sa ila, “Lakat kag singgani ina nga singgalong: ‘Nagapangtabog ako sing mga demonyo kag nagapang-ayo sini nga adlaw kag buas, kag sa ikatlo nga adlaw tapuson ko ang akon hilikuton.’"
"O Jerusalem, Jerusalem, that killeth the prophets, and stoneth them that are sent unto her! how often would I have gathered thy children together, even as a hen gathereth her own brood under her wings, and ye would not!","Pero kinahanglan nga magpadayon ako sa akon paglakat sini nga adlaw kag buas kag sa madason nga adlaw, kay wala nagakabagay nga ang isa ka propeta mapatay sa iban nga lugar luas sa Jerusalem."
"Behold, your house is left unto you desolate : and I say unto you, Ye shall not see me, until ye shall say, Blessed is he that cometh in the name of the Lord.","“O Jerusalem, Jerusalem! Ikaw nga nagapamatay sang mga propeta, ikaw nga nagapangbato sang mga ginpadala sa imo sang Dios. Makapila kuntani nga luyag ko tipunon ang tanan mo nga mga tawo kaangay sang isa ka munga nga nagatipon sang iya mga piso sa idalom sang iya mga pakpak, pero indi ka luyag."
"And it came to pass, when he went into the house of one of the rulers of the Pharisees on a sabbath to eat bread, that they were watching him.","Sang isa ka Adlaw nga Inugpahuway si Jesus nagkadto sa pagkaon sa balay sang isa ka pangulo sang mga Fariseo, kag didto ang mga tawo maid-id nga nagpanilag sa iya."
"And behold, there was before him a certain man that had the dropsy.",May isa ka tawo nga nagapalamanog ang iya mga tiil kag mga kamot nga nagpalapit kay Jesus.
"And Jesus answering spake unto the lawyers and Pharisees, saying, Is it lawful to heal on the sabbath, or not?","Si Jesus naghambal kag nagpamangkot sa mga manunodlo sang Kasugoan kag mga Fariseo, “Ginatugot bala sang aton Kasugoan ang pagpang-ayo sa Adlaw nga Inugpahuway, ukon wala?”"
"But they held their peace. And he took him, and healed him, and let him go.",Pero naghipos sila. Gin-uyatan ni Jesus ang tawo kag gin-ayo kag ginpalakat sia.
"And he said unto them, Which of you shall have an ass or an ox fallen into a well, and will not straightway draw him up on a sabbath day?","Dayon nagsiling sia sa ila, “Kon may isa sa inyo nga may bata ukon baka nga mahulog sa bubon sa Adlaw nga Inugpahuway indi bala ninyo pagkuhaon sia gilayon sa sina gid nga Adlaw nga Inugpahuway?”"
And they could not answer again unto these things.,Pero wala sila makasabat sa iya nahanungod sini.
"And he spake a parable unto those that were bidden, when he marked how they chose out the chief seats; saying unto them,","Natalupangdan ni Jesus kon daw ano ang pagpili sang mga inagda sang pinasulabi nga mga pulongkuan, gani nagsugid si Jesus sa ila sining palaanggiran:"
"When thou art bidden of any man to a marriage feast, sit not down in the chief seat; lest haply a more honorable man than thou be bidden of him,","“Kon may mag-agda sa imo sa punsyon sang kasal, indi ka magpungko sa pinasulabi nga pulongkuan, kay basi may inagda sia nga labi pa ka dungganon sang sa imo,"
"and he that bade thee and him shall come and say to thee, Give this man place; and then thou shalt begin with shame to take the lowest place.","kag ang nag-agda sa inyo nga duha magapalapit sa imo kag magsiling, ‘Sia ang papungkua dira.’ Ti, mahuy-an ka kag mapilitan sa pagpungko sa labing kubos nga pulongkuan."
"But when thou art bidden, go and sit down in the lowest place; that when he that hath bidden thee cometh, he may say to thee, Friend, go up higher: then shalt thou have glory in the presence of all that sit at meat with thee.","Sa baylo, kon ginaagda ka, kadto ka kag magpungko sa labing kubos nga pulongkuan, agod nga kon mag-abot ang nag-agda sa imo magasiling sia sa imo, ‘Abyan, magsaylo ka sa mas maayo nga pulongkuan.’ Ini magapasidungog sa imo sa atubang sang tanan nga mga inagda."
For every one that exalteth himself shall be humbled; and he that humbleth himself shall be exalted.,Kay ang bisan sin-o nga nagapakataas sang iya kaugalingon pagapauboson kag ang bisan sin-o nga nagapaubos sang iya kaugalingon pagapataason.”
"And he said to him also that had bidden him, When thou makest a dinner or a supper, call not thy friends, nor thy brethren, nor thy kinsmen, nor rich neighbors; lest haply they also bid thee again, and a recompense be made thee.","Dayon si Jesus nagsiling sa nag-agda sa iya, “Kon ikaw nagahatag sing panyaga ukon panihapon, indi pag-agdaha ang imo mga abyan, ukon ang imo mga utod, ukon ang imo mga pariente, ukon ang imo mga kasilingan nga manggaranon, basi sila man magaagda sa imo, kag mabaton mo na ang imo balos."
"But when thou makest a feast, bid the poor, the maimed, the lame, the blind:","Kon nagahiwat ka sing punsyon, agdaha ang mga imol, ang mga pingkaw, ang mga piang kag ang mga bulag,"
and thou shalt be blessed; because they have not wherewith to recompense thee: for thou shalt be recompensed in the resurrection of the just.,kag manginbulahan ka tungod kay indi sila makabalos sa imo. Ang Dios ang magabalos sa imo sa adlaw sang pagkabanhaw sang mga matarong.”
"And when one of them that sat at meat with him heard these things, he said unto him, Blessed is he that shall eat bread in the kingdom of God.","Ang isa sang mga tawo nga nagakaon sa lamisa upod kay Jesus nakabati sini, nagsiling sia sa iya, “Daw ano ka malipayon yadtong mga magakaon sa punsyon sa Ginharian sang Dios.”"
"But he said unto him, A certain man made a great supper; and he bade many:","Si Jesus nagsiling sa iya, “May isa ka tawo nga naghiwat sing daku nga punsyon kag madamo nga mga tawo ang iya mga inagda."
"and he sent forth his servant at supper time to say to them that were bidden, Come; for all things are now ready.","Sang tion na sang punsyon, ginpadala niya ang iya suloguon sa pagsiling sa iya mga inagda, ‘Dali kamo, ang tanan nahanda na!’"
"And they all with one consent began to make excuse. The first said unto him, I have bought a field, and I must needs go out and see it; I pray thee have me excused.","Pero ang tagsatagsa sa ila nagpamalibad. Ang nahauna nagsiling sa suloguon, ‘Nakabakal ako sing duta kag kinahanglan nga kadtuan ko kag tan-awon ini. Kon mahimo, pasayluhon mo ako.’"
"And another said, I have bought five yoke of oxen, and I go to prove them; I pray thee have me excused.","Ang isa nagsiling, ‘Nakabakal ako sing lima ka pares nga mga baka kag magakadto ako sa pagtilaw sa ila. Kon mahimo pasayluhon mo ako.’"
"And another said, I have married a wife, and therefore I cannot come.","Ang isa pa gid nagsiling, ‘Bag-o lang ako makasal, gani indi ako makakadto.’"
"And the servant came, and told his lord these things. Then the master of the house being angry said to his servant, Go out quickly into the streets and lanes of the city, and bring in hither the poor and maimed and blind and lame.","Ang suloguon nagpauli kag nagsugid sini tanan sa iya agalon. Ang agalon sang panimalay naakig kag nagsiling sa iya suloguon, ‘Dalidali ka sa pagkadto sa mga dalan kag sa mga hilithilit sang banwa kag dalha diri ang mga imol, ang mga pingkaw, ang mga bulag kag ang mga piang.’"
"And the servant said, Lord, what thou didst command is done, and yet there is room.","Sa wala madugay ang suloguon nagbalik kag nagsiling, ‘Sir, ang imo sugo natuman na, pero may lugar pa.’"
"And the lord said unto the servant, Go out into the highways and hedges, and constrain them to come in, that my house may be filled.","Gani ang agalon nagsiling sa iya suloguon, ‘Kadto ka sa gwa sang banwa, malapad kag makitid nga mga dalan kag pilita ang mga tawo sa pagkadto agod nga mapuno ang akon balay."
"For I say unto you, that none of those men that were bidden shall taste of my supper.","Kay nagasiling ako sa inyo, nga walay isa sadtong mga tawo nga gin-agda nga makatilaw sang akon pagkaon sa punsyon.’”"
"Now there went with him great multitudes: and he turned, and said unto them,","May madamo gid nga mga tawo nga nag-upod kay Jesus. Nagliso sia kag nagsiling sa ila,"
"If any man cometh unto me, and hateth not his own father, and mother, and wife, and children, and brethren, and sisters, yea, and his own life also, he cannot be my disciple.","“Ang bisan sin-o nga nagapalapit sa akon kag wala nagahigugma sa akon sing labi pa sang sa iya amay kag iloy, asawa kag kabataan, kautoran nga lalaki kag babayi, kag bisan pa sa iya kaugalingon indi mangin-akon gintuton-an."
"Whosoever doth not bear his own cross, and come after me, cannot be my disciple.","Ang bisan sin-o nga wala nagapas-an sang iya kaugalingon nga krus kag nagasunod sa akon, indi mangin-akon gintuton-an."
"For which of you, desiring to build a tower, doth not first sit down and count the cost, whether he have wherewith to complete it?","Kon ang isa sa inyo nagaplano nga magpatindog sing tore, indi bala nga magapungko sia anay kag isipon ang bili, agod mahibaluan niya kon bala makaigo ang iya kwarta sa pagpahuman sini?"
"Lest haply, when he hath laid a foundation, and is not able to finish, all that behold begin to mock him,","Kay basi sa tapos nga mapasad niya ang sadsaran, indi na sia makasarang sa pagpatapos sang tore, kag ang tanan nga makakita sini magayaguta sa iya."
"saying, This man began to build, and was not able to finish.","Magasiling sila, ‘Ini nga tawo nagsugod sa pagpatindog sing tore kag indi makapatapos.’"
"Or what king, as he goeth to encounter another king in war, will not sit down first and take counsel whether he is able with ten thousand to meet him that cometh against him with twenty thousand?","Kon ang hari nga may 10,000 ka mga soldado magpakigsumpong sa isa ka hari nga may 20,000 ka mga soldado nga nagapadulong batok sa iya, magapungko anay sia kag magabinagbinag kon bala may tuman sia nga kusog sa pag-atubang sa nagapadulong nga hari."
"Or else, while the other is yet a great way off, he sendeth an ambassage, and asketh conditions of peace.","Kon indi sia makasarang, magapadala sia sing mga mensahero sa pagsugata sang nagapadulong nga hari samtang malayo pa sia sa pagpangayo sang mga kasugtanan sang paghidait.”"
"So therefore whosoever he be of you that renounceth not all that he hath, he cannot be my disciple.","Sa katapusan si Jesus nagsiling, “Sa amo man nga bagay, wala sing isa sa inyo nga mangingintuton-an ko kon indi sia magbiya sang tanan niya nga mga pagkabutang.”"
"Salt therefore is good: but if even the salt have lost its savor, wherewith shall it be seasoned?","“Ang asin maayo, pero kon ang asin indi na maarat, indi na ini mapaarat liwat."
"It is fit neither for the land nor for the dunghill: men cast it out. He that hath ears to hear, let him hear.","Wala na ini sing pulos para sa duta, bisan sa ginatipon nga higko nga inug-abuno, kundi ginapilak ini sang mga tawo. Gani, magpamati kamo kon may mga dulonggan kamo!”"
Now all the publicans and sinners were drawing near unto him to hear him.,Sang isa ka tion madamo nga mga manugsukot sang buhis kag iban nga mga makasasala ang nagpalapit sa pagpamati kay Jesus.
"And both the Pharisees and the scribes murmured, saying, This man receiveth sinners, and eateth with them.","Ang mga Fariseo kag ang mga manunodlo sang Kasugoan nagkulomuron, “Ini nga tawo nagabaton sang mga makasasala kag nagakaon pa gani upod sa ila.”"
"And he spake unto them this parable, saying,",Gani si Jesus nagsugid sa ila sining palaanggiran:
"What man of you, having a hundred sheep, and having lost one of them, doth not leave the ninety and nine in the wilderness, and go after that which is lost, until he find it?","“Abi kon ang isa sa inyo may 100 ka karnero kag madula ang isa sa ila, ano bala ang iya himuon? Bayaan niya ang nobentay nwebe sa halalban kag magalakat sia sa pagpangita sang isa ka karnero nga nadula tubtob makita niya ini."
"And when he hath found it, he layeth it on his shoulders, rejoicing.",Kon makita niya ini malipayon gid sia sa pagpas-an
"And when he cometh home, he calleth together his friends and his neighbors, saying unto them, Rejoice with me, for I have found my sheep which was lost.","kag sa pagdala sini pauli. Dayon tipunon niya ang iya mga abyan kag mga kaingod kag magasiling sa ila, ‘Magkalipay kamo upod sa akon kay nakita nakon ang nadula ko nga karnero!’"
"I say unto you, that even so there shall be joy in heaven over one sinner that repenteth, more than over ninety and nine righteous persons, who need no repentance.","Nagasiling ako sa inyo, nga sa amo man nga bagay, may labi pa nga kalipay sa langit tungod sa isa ka makasasala nga nagahinulsol, sang sa nobentay nwebe nga matarong nga mga tawo nga wala nagakinahanglan sing paghinulsol."
"Or what woman having ten pieces of silver, if she lose one piece, doth not light a lamp, and sweep the house, and seek diligently until she find it?","“Ukon abi ang isa ka babayi nga may napulo ka salapion nga pilak madulaan sang isa. Ano ang himuon niya? Magasindi sia sang suga, magasilhig sia sang iya balay, kag magapangita gid sia sing maid-id bisan diin tubtob nga makita niya ini."
"And when she hath found it, she calleth together her friends and neighbors, saying, Rejoice with me, for I have found the piece which I had lost.","Kon makita na niya ini, tipunon niya ang iya mga abyan kag mga kaingod kag magasiling sa ila, ‘Magkalipay kamo upod sa akon, kay nakita ko ang nadula ko nga salapi!’"
"Even so, I say unto you, there is joy in the presence of the angels of God over one sinner that repenteth.","Sa amo man nga bagay, nagasiling ako sa inyo, ang mga anghel sang Dios nagakalipay tungod sa isa ka makasasala nga nagahinulsol.”"
"And he said, A certain man had two sons:","Dayon nagsiling pa gid si Jesus, “May isa ka amay nga may duha ka mga anak nga lalaki."
"and the younger of them said to his father, Father, give me the portion of thy substance that falleth to me. And he divided unto them his living.","Ang manghod nagsiling sa iya amay, ‘Tay, ihatag sa akon ang parti sang palanublion nga para sa akon.’ Gani ginpartida sang amay sa duha niya ka mga anak ang iya pagkabutang."
"And not many days after, the younger son gathered all together and took his journey into a far country; and there he wasted his substance with riotous living.","Sa tapos ang pila ka adlaw ginbaligya sang manghod ang iya bahin sang pagkabutang kag naglakat nga dala niya ang kwarta. Nagkadto sia sa malayo nga lugar, sa diin gin-uyangan niya ang iya kwarta sa patuyang nga pangabuhi."
"And when he had spent all, there arose a mighty famine in that country; and he began to be in want.",Gin-urot niya gasto ang tanan niya nga kwarta. Dayon nag-abot ang daku nga tiggulotom sa sadto nga lugar kag nagpigado ang iya pangabuhi.
And he went and joined himself to one of the citizens of that country; and he sent him into his fields to feed swine.,"Gani nagpamugon sia sa isa sang mga pumoluyo sa sadto nga lugar, nga nagpadala sa iya sa uma sa pagsagod sang mga baboy."
And he would fain have filled his belly with the husks that the swine did eat: and no man gave unto him.,"Buot niya kuntani nga sudlan ang iya tiyan sang bahog sang mga baboy, pero wala sing may naghatag sini sa iya."
"But when he came to himself he said, How many hired servants of my father’s have bread enough and to spare, and I perish here with hunger!","Sang ulihi nakamarasmas sia kag nagsiling, ‘Ang tanan nga mga mamumogon sang akon amay may pagkaon nga nagasulobra lang, kag ako iya daw mapatay na sa kagutom."
"I will arise and go to my father, and will say unto him, Father, I have sinned against heaven, and in thy sight:","Magatindog ako kag magakadto sa akon amay kag magasiling sa iya, “Tay, nakasala ako batok sa Dios kag batok sa imo."
I am no more worthy to be called thy son: make me as one of thy hired servants.,Indi na ako takos nga pagatawgon pa nga imo anak. Kabiga ako nga isa sang imo mga mamumogon.” ’
"And he arose, and came to his father. But while he was yet afar off, his father saw him, and was moved with compassion, and ran, and fell on his neck, and kissed him.",Gani nagtindog sia kag nagpauli sa iya amay.
"And the son said unto him, Father, I have sinned against heaven, and in thy sight: I am no more worthy to be called thy son.","“Malayo pa sia sa ila balay sang makita sia sang iya amay. Ang tagipusoon sang iya amay napun-an gid sing kaluoy, gani nagdalagan sia kag ginhakos ang iya anak kag ginhalukan."
"But the father said to his servants, Bring forth quickly the best robe, and put it on him; and put a ring on his hand, and shoes on his feet:","Nagsiling ang anak, ‘Tay, nakasala ako batok sa Dios kag batok sa imo. Indi na ako takos nga pagatawgon pa nga imo anak.’"
"and bring the fatted calf, and kill it, and let us eat, and make merry:","Pero ang amay nagtawag sang iya mga suloguon, ‘Dali kamo, dalha ninyo diri ang labing matahom gid nga bayu kag ipasuksok sa iya. Suksoki sang singsing ang iya tudlo kag sang sandalyas ang iya mga tiil."
"for this my son was dead, and is alive again; he was lost, and is found. And they began to be merry.","Dayon kuhaa ninyo ang pinatambok nga tinday sang baka kag ihawa ini, kay mahiwat kita sing punsyon kag magkinasadya!"
"Now his elder son was in the field: and as he came and drew nigh to the house, he heard music and dancing.","Kay ining akon anak napatay, pero karon nabuhi, nadula sia, pero karon nakita na.’ Kag nagsugod sila sa pagkinasadya."
"And he called to him one of the servants, and inquired what these things might be.","Sa amo man nga tion, ang anak nga magulang yadto sa uma. Sang nagapauli sia kag nagahinampot na sa balay, nabatian niya ang tinukar kag sinaot."
"And he said unto him, Thy brother is come; and thy father hath killed the fatted calf, because he hath received him safe and sound.","Gani gintawag niya ang isa sang mga suloguon kag ginpamangkot, ‘May ano diri?’"
"But he was angry, and would not go in: and his father came out, and entreated him.","Ang suloguon nagsabat, ‘Ang imo utod nagpauli kag si tatay mo nagpaihaw sang pinatambok nga tinday sang baka, tungod kay nakapauli sia nga wala man maano.’"
"But he answered and said to his father, Lo, these many years do I serve thee, and I never transgressed a commandment of thine; and yet thou never gavest me a kid, that I might make merry with my friends:",Naakig gid ang magulang nga utod kag indi sia magsulod sa balay. Gani ang iya amay naggwa kag nag-uloulo sa iya nga magsulod.
"but when this thy son came, who hath devoured thy living with harlots, thou killedst for him the fatted calf.","Pero ginsingganan niya ang iya amay, ‘Tan-awa bala, sa sulod sining mga tinuig nagpangabudlay ako sa imo nga daw suloguon mo kag bisan kaisa lang wala gid ako maglapas sang imo mga sugo. Ano ang ginhatag mo sa akon? Wala mo gani ako mahatagi bisan tinday lang sang kanding agod magkasadya ako upod sa akon mga abyan?"
"And he said unto him, Son, thou art ever with me, and all that is mine is thine.","Pero ining anak mo nag-uyang sang imo pagkabutang upod sa mahigko nga mga babayi, kag sang pagpauli niya gin-ihaw mo ang pinatambok nga tinday sang baka para sa iya!’"
"But it was meet to make merry and be glad: for this thy brother was dead, and is alive again ; and was lost, and is found.","Nagsabat ang iya amay, ‘Anak ko, ikaw imo yari man pirme upod sa akon kag ang tanan nga akon imo."
"And he said also unto the disciples, There was a certain rich man, who had a steward; and the same was accused unto him that he was wasting his goods.","Si Jesus nagsiling man sa iya mga gintuton-an, “May isa ka manggaranon nga tawo nga may enkargado. Ini nga enkargado ginsumbong sa iya nga nagausik lang sang iya mga pagkabutang."
"And he called him, and said unto him, What is this that I hear of thee? render the account of thy stewardship; for thou canst be no longer steward.","Ginpatawag niya ang iya enkargado kag ginpamangkot, ‘Ano ining nabatian ko nahanungod sa imo? Hatagi ako sing husay sang akon pagkabutang nga gintugyan ko sa imo, tungod kay indi ka na makapadayon bilang akon enkargado.’"
"And the steward said within himself, What shall I do, seeing that my lord taketh away the stewardship from me? I have not strength to dig; to beg I am ashamed.","Ang enkargado nagsiling sa iya kaugalingon, ‘Ano bala ang himuon ko, kay pahalinon ako sang akon amo? Wala ako sing kusog sa pag-arado sang duta, kag nahuya ako magpakilimos."
"I am resolved what to do, that, when I am put out of the stewardship, they may receive me into their houses.","A, nahibaluan ko na kon ano ang akon himuon, agod nga kon wala na ako sing obra may mga abyan ako nga magabaton sa akon sa ila mga puloy-an.’"
"And calling to him each one of his lord’s debtors, he said to the first, How much owest thou unto my lord?","Gani ginpatawag niya ang tanan nga mga tawo nga nakautang sa iya amo. Sa nahauna nagpamangkot sia, ‘Pila ang utang mo sa akon amo?’"
"And he said, A hundred measures of oil. And he said unto him, Take thy bond, and sit down quickly and write fifty.","Nagsabat ang tawo, ‘100 ka galon nga lana sang olivo.’ Ang enkargado nagsiling sa iya, ‘Yari ang imo listahan. Pungko ka kag isulat nga singkwenta lang.’"
"Then said he to another, And how much owest thou? And he said, A hundred measures of wheat. He saith unto him, Take thy bond, and write fourscore.","Sa isa na man nagpamangkot sia, ‘Kag ikaw, pila ang utang mo?’ Nagsabat sia, ‘1,000 ka sako nga trigo.’ Nagsiling sa iya ang enkargado, ‘Yari ang imo listahan. Isulat nga 800 lang.’"
And his lord commended the unrighteous steward because he had done wisely: for the sons of this world are for their own generation wiser than the sons of the light.,"Ang amo sining di-matarong nga enkargado nagdayaw sa iya bangod sang iya pagkaabtik, kay ang mga tawo sining kalibutan mas maabtik pa sang sa mga tawo nga yara sa kapawa sa pagpatikang sang ila mga bulohaton.”"
"And I say unto you, Make to yourselves friends by means of the mammon of unrighteousness; that, when it shall fail, they may receive you into the eternal tabernacles.","Kag si Jesus nagpadayon sa pagsiling, “Gani nagasiling ako sa inyo: gamita ninyo ang dutan-on nga manggad sa pagpakig-abyan, agod nga kon ining manggad maurot na pagabatunon kamo sa puloy-an nga wala sing katapusan."
He that is faithful in a very little is faithful also in much: and he that is unrighteous in a very little is unrighteous also in much.,"Ang bisan sin-o nga masaligan sa diutay nga mga butang masaligan man sa dalagku nga mga butang, kag ang bisan sin-o nga indi masaligan sa diutay nga mga butang indi man masaligan sa dalagku nga mga butang."
"If therefore ye have not been faithful in the unrighteous mammon, who will commit to your trust the true riches ?","Gani, kon indi kamo masaligan sa pagpatikang sang manggad nga dutan-on, sin-o ang makasalig sa inyo sang matuod nga manggad?"
"And if ye have not been faithful in that which is another’s, who will give you that which is your own?","Kag kon indi kamo masaligan sang mga pagkabutang nga iya sang iban, sin-o bala ang magahatag sa inyo sang pagkabutang nga para sa inyo?"
"No servant can serve two masters: for either he will hate the one, and love the other; or else he will hold to one, and despise the other. Ye cannot serve God and mammon.","“Wala sing suloguon nga makaalagad sa duha ka agalon, kay pakalainon niya ang isa kag higugmaon ang isa, ukon pasulabihon niya ang isa kag tamayon ang isa. Indi kamo makaalagad sa Dios kag sa manggad!”"
"And the Pharisees, who were lovers of money, heard all these things; and they scoffed at him.","Ang mga Fariseo nga nakabati sini tanan, nagyaguta tungod kay Jesus kay maki-kwarta sila."
"And he said unto them, Ye are they that justify yourselves in the sight of men; but God knoweth your hearts: for that which is exalted among men is an abomination in the sight of God.","Si Jesus nagsiling sa ila, “Ginapakamatarong ninyo ang inyo kaugalingon sa panulok sang mga tawo, pero ang Dios nakahibalo sang inyo mga tagipusoon. Kay ang mga butang nga ginapakamahal sang mga tawo kangil-aran sa panulok sang Dios."
"The law and the prophets were until John: from that time the gospel of the kingdom of God is preached, and every man entereth violently into it.",“Ang Kasugoan ni Moises kag ang mga sinulat sang mga propeta tubtob lamang kay Juan nga manugbautiso. Halin sadto nga tion ang Maayong Balita sang Ginharian sang Dios ginawali kag ang tagsatagsa nagatinguha gid sa pagsulod sa Ginharian.
"But it is easier for heaven and earth to pass away, than for one tittle of the law to fall.",Pero mas mahapos pa nga magtaliwan ang langit kag ang duta sang sa mawala ang isa ka kudlit nga bahin sang Kasugoan.
"Every one that putteth away his wife, and marrieth another, committeth adultery: and he that marrieth one that is put away from a husband committeth adultery.","“Ang bisan sin-o nga tawo nga nagabulag sa iya asawa kag nagapangasawa sang isa pa gid ka babayi nagapanginbabayi, kag ang tawo nga nagapangasawa sang ginbulagan nga babayi nagapanginbabayi.”"
"Now there was a certain rich man, and he was clothed in purple and fine linen, faring sumptuously every day:",“May isa anay ka manggaranon nga tawo nga nagasuksok sing labing malahalon nga bayu kag nagapatuyang sa iya pagkaon adlaw-adlaw.
"and a certain beggar named Lazarus was laid at his gate, full of sores,",May isa man ka imol nga tawo nga ginhingalanan kay Lazaro nga puno sang mga katol. Ini sia pirme lang ginadala sa pwertahan sang balay sadtong manggaranon nga tawo
"and desiring to be fed with the crumbs that fell from the rich man’s table; yea, even the dogs came and licked his sores.",kag nagahandom sia nga makakaon sang nagakadagdag nga mga pagkaon halin sa lamisa sang manggaranon. Bisan pa ang mga ido nagapalapit kag nagadilap sang iya mga katol.
"And it came to pass, that the beggar died, and that he was carried away by the angels into Abraham’s bosom: and the rich man also died, and was buried.",Ang imol nga tawo napatay kag gindala sang mga anghel sa tupad ni Abraham. Ang manggaranon nga tawo napatay man kag ginlubong.
"And in Hades he lifted up his eyes, being in torments, and seeth Abraham afar off, and Lazarus in his bosom.",Kag nag-antos sia sang tuman didto sa Hades. Sang pagtangla niya nakita niya sa malayo si Abraham kag si Lazaro sa iya tupad.
"And he cried and said, Father Abraham, have mercy on me, and send Lazarus, that he may dip the tip of his finger in water, and cool my tongue; for I am in anguish in this flame.","Gani nagpanawag sia, ‘Amay nga Abraham! Kaluoyi ako, kag ipadala si Lazaro sa pagtum-oy sang iya tudlo sa tubig kag pabugnawan ang akon dila, tungod kay tama gid ang akon pag-antos sa sini nga kalayo.’"
"But Abraham said, Son, remember that thou in thy lifetime receivedst thy good things, and Lazarus in like manner evil things: but now here he is comforted, and thou art in anguish.","Pero si Abraham nagsabat, ‘Dumdoma, anak ko, nga sang nagakabuhi pa ikaw, imo nabaton ang tanan nga maayo nga mga butang, samtang ang kay Lazaro iya ang malain nga mga butang. Pero karon nagakalipay sia diri, samtang ikaw nagakasakit."
"And besides all this, between us and you there is a great gulf fixed, that they that would pass from hence to you may not be able, and that none may cross over from thence to us.","Wala labot sina, sa gintung-an naton may daku nga kadadalman, gani ang luyag magkadto dira halin diri indi makatabok, kag wala man sing may makatabok halin dira pakadto diri.’"
"And he said, I pray thee therefore, father, that thou wouldest send him to my father’s house;","Ang manggaranon nga tawo nagsiling, ‘Amay, kon amo ina, nagapakitluoy ako sa imo nga ipadala mo si Lazaro sa balay sang akon amay,"
"for I have five brethren; that he may testify unto them, lest they also come into this place of torment.",sa diin may lima pa ako ka mga utod nga lalaki. Pakadtua sia didto sa pagpaandam sa ila agod nga sila indi man magkadto sa sining lugar sang pag-antos.’
"But Abraham saith, They have Moses and the prophets; let them hear them.","Si Abraham nagsabat, ‘Ato man sa ila ang ginsulat ni Moises kag sang mga propeta sa pagpaandam sa imo mga utod nga lalaki. Papamatia ang imo mga utod sa ginahambal nila.’"
"And he said, Nay, father Abraham: but if one go to them from the dead, they will repent.","Ang manggaranon nga tawo nagsabat, ‘Amay nga Abraham, kulang pa ina. Pero kon may isa nga mabanhaw kag magkadto sa ila, ti, magabiya sila sa ila mga sala.’"
"And he said unto him, If they hear not Moses and the prophets, neither will they be persuaded, if one rise from the dead.","Pero si Abraham nagsiling, ‘Kon indi sila magpamati kay Moises kag sa mga propeta, indi man ina sila magpati bisan pa may isa nga napatay kag nabuhi liwat.’”"
"And he said unto his disciples, It is impossible but that occasions of stumbling should come; but woe unto him, through whom they come!","Si Jesus nagsiling sa iya mga gintuton-an, “Indi malikawan ang mga kabangdanan nga ang mga tawo magapakasala, pero daw ano ka makaluluoy man sa iya nga manginkabangdanan sang pagpakasala sang mga tawo."
"It were well for him if a millstone were hanged about his neck, and he were thrown into the sea, rather than that he should cause one of these little ones to stumble.",Mas maayo pa sa sina nga tawo nga ihigot ang galingan nga bato sa iya liog kag lumsan sia sa madalom nga dagat sang sa manginkabangdanan sia sang pagpakasala sang isa sining mga katawhan nga nagasalig sa akon kaangay sang mga kabataan.
"Take heed to yourselves: if thy brother sin, rebuke him; and if he repent, forgive him.",Gani mag-andam kamo!
"And if he sin against thee seven times in the day, and seven times turn again to thee, saying, I repent; thou shalt forgive him.","“Kon ang imo utod makasala, sawaya sia, kag kon maghinulsol sia, patawara sia."
"And the apostles said unto the Lord, Increase our faith.","Kon makasala sia sa imo sing makapito sa isa ka adlaw, kag sa tagsa ka pagpakasala niya nagakadto sia sa imo kag nagasiling, ‘Nagahinulsol ako,’ dapat nga patawaron mo sia.”"
"And the Lord said, If ye had faith as a grain of mustard seed, ye would say unto this sycamine tree, Be thou rooted up, and be thou planted in the sea; and it would obey you.","Ang mga apostoles nagsiling sa Ginoo, “Dugangi ang amon pagtuo.”"
"But who is there of you, having a servant plowing or keeping sheep, that will say unto him, when he is come in from the field, Come straightway and sit down to meat;","Ang Ginoo nagsabat, “Kon may pagtuo kamo pareho ka daku sang binhi sang mustasa makasiling kamo sa sining kahoy nga sikomoro, ‘Gabuta ang imo mga gamot kag itanom ang imo kaugalingon sa dagat!’ kag magatuman ini sa inyo."
"and will not rather say unto him, Make ready wherewith I may sup, and gird thyself, and serve me, till I have eaten and drunken; and afterward thou shalt eat and drink?","“Abi ang isa sa inyo may suloguon nga nagaarado ukon nagabantay sang mga karnero. Kon magpauli sia halin sa uma, nagasiling bala kamo sa iya, ‘Dali, kaon na’?"
Doth he thank the servant because he did the things that were commanded?,"Wala gid kamo nagasiling sini. Sa baylo, nagasiling kamo sa iya, ‘Ihanda ang akon panihapon, mag-ilis ka kag magsirbe sa akon samtang nagakaon kag nagainom ako. Magkaon kag mag-inom ka ugaling kon tapos na ako.’"
"Even so ye also, when ye shall have done all the things that are commanded you, say, We are unprofitable servants; we have done that which it was our duty to do.",Ginapasalamatan bala ang suloguon tungod kay ginahimo niya ang ginsugo sa iya?
"And it came to pass, as they were on the way to Jerusalem, that he was passing along the borders of Samaria and Galilee.","Subong man ini sa inyo, sa tapos ninyo mahimo ang tanan nga ginsugo sa inyo, magsiling kamo, ‘Mga suloguon man lang kami. Ginhimo lamang namon ang amon katungdanan.’”"
"And as he entered into a certain village, there met him ten men that were lepers, who stood afar off:",Sang nagapakadto si Jesus sa Jerusalem nag-agi sia sa dulonan sang Samaria kag Galilea.
"and they lifted up their voices, saying, Jesus, Master, have mercy on us.","Sang nagapasulod sia sa isa ka barangay ginsugata sia sang napulo ka mga aruon, nga nagtindog sa unhan"
"And when he saw them, he said unto them, Go and show yourselves unto the priests. And it came to pass, as they went, they were cleansed.","kag nagsinggit, “Jesus nga manunodlo, kaluoyi kami!”"
"And one of them, when he saw that he was healed, turned back, with a loud voice glorifying God;","Nakita sila ni Jesus kag nagsiling sia sa ila, “Lakat kamo kag ipatan-aw ang inyo kaugalingon sa mga pari.”"
"and he fell upon his face at his feet, giving him thanks: and he was a Samaritan.",Sang nagalakat sila nag-ayo sila.
"And Jesus answering said, Were not the ten cleansed? but where are the nine?","Ang isa sa ila, sang makita niya nga nag-ayo na sia, nagbalik nga nagadayaw sa Dios sa mabaskog nga tingog."
"Were there none found that returned to give glory to God, save this stranger?",Nagluhod sia sa tiilan ni Jesus kag nagpasalamat sa iya. Yadto nga tawo taga-Samaria.
"And he said unto him, Arise, and go thy way: thy faith hath made thee whole.","Si Jesus nagsiling, “Indi bala napulo ka tawo ang gintinluan? Diin na ang siyam?"
"And being asked by the Pharisees, when the kingdom of God cometh, he answered them and said, The kingdom of God cometh not with observation:",Ngaa ining dumoluong lang ang nagbalik sa pagpasalamat sa Dios?”
"neither shall they say, Lo, here! or, There! for lo, the kingdom of God is within you.","Dayon si Jesus nagsiling sa iya, “Tindog ka kag maglakat. Ang imo pagtuo nag-ayo sa imo.”"
"And he said unto the disciples, The days will come, when ye shall desire to see one of the days of the Son of man, and ye shall not see it.","May mga Fariseo nga nagpamangkot kay Jesus kon san-o magaabot ang paghari sang Dios. Nagsabat sia sa ila, “Ang paghari sang Dios indi magaabot nga may mga tanda nga makita."
"And they shall say to you, Lo, there! Lo, here! go not away, nor follow after them :","Wala sing makasiling, ‘Tan-awa ninyo, yari diri!’ ukon ‘Yadto didto!’ tungod kay ang paghari sang Dios yara sa inyo.”"
"for as the lightning, when it lighteneth out of the one part under the heaven, shineth unto the other part under heaven; so shall the Son of man be in his day.","Dayon nagsiling sia sa mga gintuton-an, “Magaabot ang mga inadlaw nga magahandom kamo sa pagtan-aw sang isa sang mga inadlaw sang Anak sang Tawo, pero indi ninyo ini makita."
But first must he suffer many things and be rejected of this generation.,"May magasiling sa inyo, ‘Tan-awa, yadto didto!’ ukon, ‘Tan-awa, yari diri!’ Pero indi kamo magkadto sa pagpangita sini."
"And as it came to pass in the days of Noah, even so shall it be also in the days of the Son of man.","Subong nga ang kilat nagaidlab kag nagapasanag sang langit halin sa pihak tubtob sa pihak, mangin-amo man ang pag-abot sang Anak sang Tawo."
"They ate, they drank, they married, they were given in marriage, until the day that Noah entered into the ark, and the flood came, and destroyed them all.",Ugaling dapat sia anay mag-antos sing tuman kag pagasikwayon sang mga tawo sa sini nga mga inadlaw.
"Likewise even as it came to pass in the days of Lot; they ate, they drank, they bought, they sold, they planted, they builded;","Subong sang natabo sa panahon ni Noe, mangin-amo man ang matabo sa mga inadlaw sang Anak sang Tawo."
"but in the day that Lot went out from Sodom it rained fire and brimstone from heaven, and destroyed them all:","Ang tanan nagkalaon kag nag-ininom, ang mga lalaki nagpalangasawa kag ang mga babayi nagpalamana, tubtob sa adlaw nga si Noe nagsulod sa arka kag ang anaw nag-abot kag naglumos sa ila tanan."
after the same manner shall it be in the day that the Son of man is revealed.,"Amo man ang natabo sa mga inadlaw ni Lot. Nagkalaon kag nag-ininom sila, nagpamakal kag nagpamaligya sila, nagpananom sila kag nagpatindog sang mga balay."
"In that day, he that shall be on the housetop, and his goods in the house, let him not go down to take them away: and let him that is in the field likewise not return back.","Pero sa adlaw nga si Lot nakagwa sa Sodoma, nag-ulan sing kalayo kag asupre halin sa langit kag nagkalamatay didto ang tanan nga mga tawo."
Remember Lot’s wife.,Manginkaangay man sini sa adlaw nga ipahayag ang Anak sang Tawo.
Whosoever shall seek to gain his life shall lose it: but whosoever shall lose his life shall preserve it.,"“Sa sadto nga adlaw ang tawo nga yara sa atop sang iya balay indi na magpanaog sa pagkuha sang iya mga pagkabutang nga yara sa sulod sang balay. Sa amo man nga bagay, ang tawo nga yara sa uma indi na magpauli."
"I say unto you, In that night there shall be two men on one bed; the one shall be taken, and the other shall be left.",Dumdoma ninyo ang natabo sa asawa ni Lot.
"There shall be two women grinding together; the one shall be taken, and the other shall be left.","Ang bisan sin-o nga nagatinguha sa pagluwas sang iya kabuhi madula niya ini, kag ang bisan sin-o nga nagadula sang iya kabuhi maluwas niya ini."
36,"Nagasiling ako sa inyo, sa sina nga gab-i may duha ka tawo nga magatulog sa isa ka higdaan: ang isa kuhaon kag ang isa ibilin."
"And they answering say unto him, Where, Lord? And he said unto them, Where the body is , thither will the eagles also be gathered together.","May duha ka babayi nga nagagaling, ang isa kuhaon kag ang isa ibilin."
"And he spake a parable unto them to the end that they ought always to pray, and not to faint;","Dayon si Jesus nagsugid sa iya mga gintuton-an sining palaanggiran, sa pagtudlo sa ila nga dapat sila magpangamuyo pirme kag indi magpakaluya."
"saying, There was in a city a judge, who feared not God, and regarded not man:",“Sa isa ka banwa may isa ka hukom nga wala nagakahadlok sa Dios ukon nagatahod sa tawo.
"and there was a widow in that city; and she came oft unto him, saying, Avenge me of mine adversary.","Kag may babayi nga balo sa sadto man nga banwa nga wala patay ang kadto sa iya kag nagasiling, ‘Apini ako batok sa akon kasumpong!’"
"And he would not for a while: but afterward he said within himself, Though I fear not God, nor regard man;","Sa malawig nga tinion indi gid magbulig ang hukom, pero sang ulihi nagsiling sia sa iya kaugalingon, ‘Bisan nga wala ako nagakahadlok sa Dios kag wala man nagatahod sa tawo,"
"yet because this widow troubleth me, I will avenge her, lest she wear me out by her continual coming.","pero tungod sang kasabad sining babayi nga balo, tinguhaan ko nga maapinan sia, basi kon matak-an ako sang iya pagbalikbalik diri!’”"
"And the Lord said, Hear what the unrighteous judge saith.","Kag ang Ginoo nagpadayon sa pagsiling, “Pamatii ninyo ang ginsiling sang hukom nga di-matarong."
"And shall not God avenge his elect, that cry to him day and night, and yet he is longsuffering over them?","Karon, indi bala nga ang Dios magaapin sa iya pinili nga mga tawo nga nagapangayo sa iya sing bulig sa adlaw kag gab-i? Magapabuyanbuyan bala sia sa pagbulig sa ila?"
"I say unto you, that he will avenge them speedily. Nevertheless, when the Son of man cometh, shall he find faith on the earth?","Nagasiling ako sa inyo, magaapin sia sa ila sa gilayon. Pero kon mag-abot ang Anak sang Tawo, makakita bala sia sing mga tawo nga may pagtuo diri sa duta?”"
"And he spake also this parable unto certain who trusted in themselves that they were righteous, and set all others at nought:","Sa mga tawo nga nagakabig sang ila kaugalingon nga matarong kag nagatamay sa iban, si Jesus nagsugid man sini nga palaanggiran,"
"Two men went up into the temple to pray; the one a Pharisee, and the other a publican.",“May duha ka tawo nga nagkadto sa Templo sa pagpangamuyo: ang isa Fariseo kag ang isa manugsukot sang buhis.
"The Pharisee stood and prayed thus with himself, God, I thank thee, that I am not as the rest of men, extortioners, unjust, adulterers, or even as this publican.","Ang Fariseo nagtindog kag nagpangamuyo, ‘Nagapasalamat ako sa imo, O Dios, nga indi ako pareho sang iban nga mga tawo nga sakon, madaya, babayidor, ukon pareho sining manugsukot sang buhis."
I fast twice in the week; I give tithes of all that I get.,"Nagapuasa ako sing makaduha sa isa ka simana, kag nagahatag ako sa imo sang ikapulo sang tanan ko nga kinitaan.’"
"But the publican, standing afar off, would not lift up so much as his eyes unto heaven, but smote his breast, saying, God, be thou merciful to me a sinner.","Pero ang manugsukot sang buhis nagtindog sa malayo, kag indi gani sia magtangla sa langit, kundi nagpamukpok sang iya dughan kag nagsiling, ‘O Dios, kaluoyi ako nga makasasala!”"
"I say unto you, This man went down to his house justified rather than the other: for every one that exalteth himself shall be humbled; but he that humbleth himself shall be exalted.","Dayon si Jesus nagsiling, “Nagasiling ako sa inyo nga ining tawo nagpauli sa iya balay nga ginpakamatarong sang sa isa. Kay ang tagsatagsa nga nagapakataas sang iya kaugalingon pagapauboson, kag ang tagsatagsa nga nagapaubos sang iya kaugalingon pagapataason.”"
"And they were bringing unto him also their babes, that he should touch them: but when the disciples saw it, they rebuked them.",May mga tawo nga nagdala sang ila mga lapsag kay Jesus agod nga tungtongan niya sila sang iya kamot. Sang pagkakita sini sang mga gintuton-an ginsaway nila ang mga tawo.
"But Jesus called them unto him, saying, Suffer the little children to come unto me, and forbid them not: for to such belongeth the kingdom of God.","Pero si Jesus nagtawag sang mga kabataan nga magpalapit sa iya kag nagsiling, “Tugoti ang mga kabataan sa pagpalapit sa akon. Indi sila pagdumilii, tungod kay sa kasubong nila nagahari ang Dios."
"Verily I say unto you, Whosoever shall not receive the kingdom of God as a little child, he shall in no wise enter therein.","Dumdoma ninyo ini! Ang bisan sin-o nga indi magpasakop sa paghari sang Dios kaangay sining bata nga diutay, indi makasulod sa amo nga Ginharian.”"
"And a certain ruler asked him, saying, Good Teacher, what shall I do to inherit eternal life?","Ang isa ka pangulo sang mga Judio nagpamangkot kay Jesus, “Maayo nga Manunodlo, ano bala ang akon dapat himuon agod maangkon ko ang kabuhi nga wala sing katapusan?”"
"And Jesus said unto him, Why callest thou me good? none is good, save one, even God.","Si Jesus nagsiling sa iya, “Ngaa ginatawag mo ako nga maayo? Wala sing bisan sin-o nga maayo, kundi ang Dios lamang."
"Thou knowest the commandments, Do not commit adultery, Do not kill, Do not steal, Do not bear false witness, Honor thy father and mother.","Nahibaluan mo ang mga kasugoan: ‘Indi ka magpanginbabayi ukon magpanginlalaki, indi ka magpatay, indi ka magpangawat, indi ka magsaksi sang butig, tahura ang imo amay kag iloy.’”"
"And he said, All these things have I observed from my youth up.","Ang tawo nagsabat, “Gintuman ko ini tanan nga mga sugo halin pa sang akon pagkapamatan-on.”"
"And when Jesus heard it, he said unto him, One thing thou lackest yet: sell all that thou hast, and distribute unto the poor, and thou shalt have treasure in heaven: and come, follow me.","Sang pagkabati ni Jesus sini nagsiling sia sa iya, “Isa pa ka butang ang dapat mo himuon. Ibaligya ang tanan mo nga mga pagkabutang kag ipanagtag ang kwarta sa mga imol, kag may manggad ka sa langit. Dayon dali ka kag magsunod sa akon.”"
"But when he heard these things, he became exceeding sorrowful; for he was very rich.","Pero sang pagkabati sini sang tawo nagkasubo sia, tungod kay manggaranon gid sia."
"And Jesus seeing him said, How hardly shall they that have riches enter into the kingdom of God!","Sang pagkakita ni Jesus nga nagkasubo ang tawo, nagsiling sia, “Daw ano kabudlay para sa mga manggaranon ang magpasakop sa paghari sang Dios!"
"For it is easier for a camel to enter in through a needle’s eye, than for a rich man to enter into the kingdom of God.",Kay mas mabudlay para sa isa ka manggaranon ang magsulod sa Ginharian sang Dios sang sa isa ka kamelyo nga maglusot sa buho sang dagom.”
"And they that heard it said, Then who can be saved?","Ang mga tawo nga nakabati sa iya nagpamangkot, “Karon, sin-o na lang ang maluwas?”"
"But he said, The things which are impossible with men are possible with God.","Si Jesus nagsabat, “Ang indi mahimo sang mga tawo, mahimo sang Dios.”"
"And Peter said, Lo, we have left our own, and followed thee.","Dayon si Pedro nagsiling, “Tan-awa bala! Ginbayaan namon ang tanan kag nagsunod kami sa imo.”"
"And he said unto them, Verily I say unto you, There is no man that hath left house, or wife, or brethren, or parents, or children, for the kingdom of God’s sake,","Si Jesus nagsiling sa ila, “Huo, nagasiling ako sa inyo sini: ang bisan sin-o nga nagabiya sang iya balay ukon asawa ukon mga utod ukon mga ginikanan ukon mga kabataan tungod sang paghari sang Dios,"
"who shall not receive manifold more in this time, and in the world to come eternal life.","magabaton sa sini nga panag-on sing mas madamo pa sang sa iya ginbayaan, kag magabaton man sang kabuhi nga walay katapusan sa panag-on nga palaabuton.”"
"And he took unto him the twelve, and said unto them, Behold, we go up to Jerusalem, and all the things that are written through the prophets shall be accomplished unto the Son of man.","Ginpain ni Jesus ang dose ka mga gintuton-an, kag ginsingganan, “Pamati kamo! Makadto kita sa Jerusalem sa diin matuman ang tanan nga ginsulat sang mga propeta nahanungod sa Anak sang Tawo."
"For he shall be delivered up unto the Gentiles, and shall be mocked, and shamefully treated, and spit upon:","Igatugyan sia sa mga Hentil nga magayaguta sa iya, magapakahuya sa iya kag magadupla sa iya."
and they shall scourge and kill him: and the third day he shall rise again.,"Pagabunalon nila sia kag pagapatyon, pero sa ikatlo nga adlaw mabanhaw sia.”"
"And they understood none of these things; and this saying was hid from them, and they perceived not the things that were said.","Pero ang mga gintuton-an wala makahangop sini nga mga butang, kay ang kahulogan sini nga mga pulong nalipdan sa ila kag wala sila makahangop sang ginhambal ni Jesus."
"And it came to pass, as he drew nigh unto Jericho, a certain blind man sat by the way side begging:","Sang nagahinampot si Jesus sa Jerico, may isa ka bulag nga nagapungko sa higad sang dalan nga nagapakilimos."
"and hearing a multitude going by, he inquired what this meant.","Sang pagkabati sang bulag nga may madamo nga mga tawo nga nagaagi nagpamangkot sia, “Ano ang nagakatabo?”"
"And they told him, that Jesus of Nazareth passeth by.","Nagsabat sila, “Si Jesus nga taga-Nazaret nagaagi.”"
"And he cried, saying, Jesus, thou son of David, have mercy on me.","Nagsinggit sia, “Jesus! Anak ni David, kaluoyi ako!”"
"And they that went before rebuked him, that he should hold his peace: but he cried out the more a great deal, Thou son of David, have mercy on me.","Ang mga tawo nga yara sa una nagsaway sa iya kag ginsingganan sia nga maghipos. Sa baylo sini, nagsinggit pa gid sia sing mabaskog, “Anak ni David, kaluoyi ako!”"
"And Jesus stood, and commanded him to be brought unto him: and when he was come near, he asked him,","Gani si Jesus nagdulog kag nagsugo nga ang bulag dalhon sa iya. Sang malapit na sia, si Jesus nagpamangkot sa iya,"
"What wilt thou that I should do unto thee? And he said, Lord, that I may receive my sight.",“Ano ang luyag mo nga himuon ko sa imo?”
"And Jesus said unto him, Receive thy sight: thy faith hath made thee whole.","Nagsabat sia, “Sir, luyag ko nga makakita liwat.”"
"And immediately he received his sight, and followed him, glorifying God: and all the people, when they saw it, gave praise unto God.","Dayon si Jesus nagsiling sa iya, “Makakita ka na! Ang imo pagtuo nag-ayo sa imo.”"
And he entered and was passing through Jericho.,Si Jesus nagsulod sa Jerico kag nag-agi man lang sia didto.
"And behold, a man called by name Zacchæus; and he was a chief publican, and he was rich.",May pangulo sang manugsukot sang buhis didto nga manggaranon nga ginhingalanan kay Zaqueo.
"And he sought to see Jesus who he was; and could not for the crowd, because he was little of stature.","Nagtinguha sia sa pagtan-aw kon sin-o si Jesus, ugaling tungod kay putot sia kag madamo ang mga tawo, indi sia makakita sa iya."
"And he ran on before, and climbed up into a sycomore tree to see him: for he was to pass that way.","Gani nagdalagan sia una sa mga tawo kag nagsaka sa kahoy nga sikomoro, agod makakita sia kay Jesus nga magaagi sa sadto nga dalan."
"And when Jesus came to the place, he looked up, and said unto him, Zacchæus, make haste, and come down; for to-day I must abide at thy house.","Sang pag-abot ni Jesus sa sadto nga lugar nagtangla sia kag nagsiling sa iya, “Zaqueo, panaog ka sing dalidali, tungod kay madayon ako sa imo balay karon nga adlaw.”"
"And he made haste, and came down, and received him joyfully.",Nagpanaog si Zaqueo sing dalidali kag ginbaton niya si Jesus sa daku nga kalipay.
"And when they saw it, they all murmured, saying, He is gone in to lodge with a man that is a sinner.","Ang tanan nga mga tawo nga nakakita sini nagkulomuron, “Ini nga tawo nagdayon sa balay sang isa ka makasasala.”"
"And Zacchæus stood, and said unto the Lord, Behold, Lord, the half of my goods I give to the poor; and if I have wrongfully exacted aught of any man, I restore fourfold.","Si Zaqueo nagtindog kag nagsiling sa Ginoo, “Karon, Ginoo, ihatag ko sa mga imol ang katunga sang akon mga pagkabutang kag kon may gindayaan ako, bayaran ko sia sing apat ka pilo.”"
"And Jesus said unto him, To-day is salvation come to this house, forasmuch as he also is a son of Abraham.","Si Jesus nagsiling sa iya, “Ang kaluwasan nag-abot sa sining panimalay karon nga adlaw, kay ini sia kaliwat man ni Abraham."
For the Son of man came to seek and to save that which was lost.,Kay ang Anak sang Tawo nag-abot sa pagpangita kag sa pagluwas sang nadula.”
"And as they heard these things, he added and spake a parable, because he was nigh to Jerusalem, and because they supposed that the kingdom of God was immediately to appear.","Sang nagapamati ang mga tawo sa sini nga mga pulong, nagpadayon si Jesus sa pagsugid sa ila sing isa ka palaanggiran kay malapit na sia sa Jerusalem, kag naghunahuna sila nga ang Ginharian sang Dios manug-abot na."
"He said therefore, A certain nobleman went into a far country, to receive for himself a kingdom, and to return.","Gani nagsiling sia, “May isa ka dungganon nga tawo nga nagkadto sa malayo nga pungsod agod himuon sia nga hari kag dayon magapauli."
"And he called ten servants of his, and gave them ten pounds, and said unto them, Trade ye herewith till I come.","Sa wala pa sia makalakat, gintawag niya ang iya napulo ka mga suloguon kag ginhatagan ang tagsatagsa sa ila sing 1,000 ka pisos kag ginsingganan, ‘Patikanga ninyo ini tubtob nga mag-abot ako.’"
"But his citizens hated him, and sent an ambassage after him, saying, We will not that this man reign over us.","Karon, ang iya mga kasimanwa nagdumot sa iya, gani nagpaapas sila sing mga mensahero nga magasiling, ‘Indi kami luyag nga ini nga tawo maghari sa amon.’"
"And it came to pass, when he was come back again, having received the kingdom, that he commanded these servants, unto whom he had given the money, to be called to him, that he might know what they had gained by trading.","“Ang dungganon nga tawo ginhimo nga hari kag nagbalik sia. Sa gilayon nagsugo sia nga panawgon ang iya mga suloguon nga ginhatagan niya sing kwarta, agod nga mahibaluan niya kon pila ang ila naganansya."
"And the first came before him, saying, Lord, thy pound hath made ten pounds more.","Ang nahauna nag-abot kag nagsiling, ‘Sir, nakaganansya ako sing 10,000 sa 1,000 ka pisos nga ginhatag mo sa akon.’"
"And he said unto him, Well done, thou good servant: because thou wast found faithful in a very little, have thou authority over ten cities.","Nagsiling sia sa iya, ‘Maayo gid! Maayo ka nga suloguon! Tungod kay matutom ka sa diutay nga mga butang, magagahom ka sa napulo ka siudad.’"
"And the second came, saying, Thy pound, Lord, hath made five pounds.","Ang ikaduha nga suloguon nag-abot kag nagsiling, ‘Sir, nakaganansya ako sing 5,000 sa 1,000 ka pisos nga ginhatag mo sa akon.’"
"And he said unto him also, Be thou also over five cities.","Nagsiling sia sa sini nga suloguon, ‘Magagahom ka sa lima ka siudad.’"
"And another came, saying, Lord, behold, here is thy pound, which I kept laid up in a napkin:","Ang isa pa ka suloguon nag-abot kag nagsiling, ‘Sir, yari ang imo kwarta. Gintago ko ini nga naputos sa panyo."
"for I feared thee, because thou art an austere man: thou takest up that which thou layedst not down, and reapest that which thou didst not sow.","Nahadlok ako sa imo tungod kay maid-id ka nga tawo. Ginakuha mo ang indi imo, kag ginaani mo ang wala mo masab-og.’"
"He saith unto him, Out of thine own mouth will I judge thee, thou wicked servant. Thou knewest that I am an austere man, taking up that which I laid not down, and reaping that which I did not sow;","Nagsiling sia sa iya, ‘Matamad ka nga suloguon! Ang imo mismo ginsiling amo ang gamiton ko sa pagkondenar sa imo. Nakahibalo ikaw nga maid-id ako nga tawo, nga nagakuha sang indi akon kag nagaani sang wala ko masab-og."
"then wherefore gavest thou not my money into the bank, and I at my coming should have required it with interest?","Ti, ngaa bala wala mo pag-ipatago sa bangko ang akon kwarta? Kuntani sa akon pagbalik mabaton ko ang akon kwarta nga may saka na.’"
"And he said unto them that stood by, Take away from him the pound, and give it unto him that hath the ten pounds.","Kag nagsiling sia sa mga nagatilindog didto, ‘Kuhaa ninyo sa iya ang kwarta kag ihatag sa suloguon nga may 10,000 ka pisos.’"
"And they said unto him, Lord, he hath ten pounds.","Pero nagsiling sila sa iya, ‘Sir, may 10,000 ka pisos na sia!"
"I say unto you, that unto every one that hath shall be given; but from him that hath not, even that which he hath shall be taken away from him.","Nagsabat sia, ‘Nagasiling ako sa inyo nga ang tagsatagsa nga may yara na, hatagan pa, pero ang tawo nga wala iya, bisan ang diutay nga iya kuhaon pa."
"But these mine enemies, that would not that I should reign over them, bring hither, and slay them before me.","Karon, nahanungod sadtong akon mga kaaway nga indi luyag nga ako manginhari nila, dalha sila diri sa akon atubang kag pamatya sila.’”"
"And when he had thus spoken, he went on before, going up to Jerusalem.","Sa tapos makahambal sini si Jesus, nag-una sia sa ila sa pagtaklad pakadto sa Jerusalem."
"And it came to pass, when he drew nigh unto Bethphage and Bethany, at the mount that is called Olivet, he sent two of the disciples,","Sang naghinampot sia sa Betfage kag Betania, sa Bukid sang mga Olivo, ginpauna niya ang duha sang mga gintuton-an"
"saying, Go your way into the village over against you ; in which as ye enter ye shall find a colt tied, whereon no man ever yet sat: loose him, and bring him.","kag ginsingganan, “Kadto kamo sa barangay nga yara sa unhan. Sa inyo pagsulod didto makita ninyo ang isa ka polyino nga nahigot kag wala pa gid masakyi ni bisan sin-o. Hubari ninyo ini kag dalha diri."
"And if any one ask you, Why do ye loose him? thus shall ye say, The Lord hath need of him.","Kon may mamangkot sa inyo, ‘Ngaa ginahubaran ninyo ini?’ singgani sia, ‘Ang Ginoo may kinahanglan sini.’”"
"And they that were sent went away, and found even as he had said unto them.",Naglakat sila kag ila nakita ang tanan suno sa ginhambal ni Jesus sa ila.
"And as they were loosing the colt, the owners thereof said unto them, Why loose ye the colt?","Sang ginahubaran nila ang polyino, ang mga tag-iya sini nagsiling sa ila, “Ngaa ginahubaran ninyo ini?”"
"And they said, The Lord hath need of him.","Nagsabat sila, “Ang Ginoo may kinahanglan sini.”"
"And they brought him to Jesus: and they threw their garments upon the colt, and set Jesus thereon.","Dayon gindala nila ang polyino kay Jesus, ginhampiluan sang ila mga kunop kag ginpasakay si Jesus."
"And as he went, they spread their garments in the way.",Sang nagasakay sia naghumlad ang mga tawo sang ila mga kunop sa dalan nga iya pagaagyan.
"And as he was now drawing nigh, even at the descent of the mount of Olives, the whole multitude of the disciples began to rejoice and praise God with a loud voice for all the mighty works which they had seen;","Sang nagahilapit sia sa Jerusalem, sa kunsaran sang Bukid sang mga Olivo, daku nga grupo sang iya mga gintuton-an ang nagpasalamat sa Dios kag nagdayaw sa iya sa mabaskog nga tingog tungod sang tanan nga gamhanan nga mga buhat nga ila nakita."
"saying, Blessed is the King that cometh in the name of the Lord: peace in heaven, and glory in the highest.","Nagsiling sila, “Dayawon ang Hari nga nagaabot sa ngalan sang Ginoo! Paghidait sa langit, kag pagdayaw sa Dios!”"
"And some of the Pharisees from the multitude said unto him, Teacher, rebuke thy disciples.","Karon ang iban nga mga Fariseo nga yara upod sa mga tawo nagsiling kay Jesus, “Manunodlo, pahipusa ang imo mga gintuton-an!”"
"And he answered and said, I tell you that, if these shall hold their peace, the stones will cry out.","Si Jesus nagsabat, “Nagasiling ako sa inyo, kon maghipos sila, ang mga bato mismo magasinggit!”"
"And when he drew nigh, he saw the city and wept over it,","Sang malapit na gid si Jesus sa Jerusalem kag sang nakita niya ini, naghibi sia tungod sini nga siudad."
"saying, If thou hadst known in this day, even thou, the things which belong unto peace! but now they are hid from thine eyes.","Nagsiling sia, “Kon nahibaluan mo lang kuntani sa sini nga adlaw kon ano ang kinahanglan agod may paghidait ka! Ugaling sa subong indi ka sini makakita."
"For the days shall come upon thee, when thine enemies shall cast up a bank about thee, and compass thee round, and keep thee in on every side,","Magaabot ang mga adlaw nga ang imo mga kaaway magalibot sa imo sing mga barikada, magakibon sa imo, kag magasalakay sa imo sa atubangan, sa kilid kag sa likod."
"and shall dash thee to the ground, and thy children within thee; and they shall not leave in thee one stone upon another; because thou knewest not the time of thy visitation.","Laglagon ka nila sing bug-os lakip ang mga tawo sa sulod sang imo mga pader. Wala na gid sing bato nga ila ibilin nga nagasampaw sa isa, tungod kay wala mo pagkilalaha ang tion sang pag-abot sang Dios sa pagluwas sa imo!”"
"And he entered into the temple, and began to cast out them that sold,",Dayon si Jesus nagsulod sa Templo kag iya ginpangtabog ang mga manugbaligya
"saying unto them, It is written, And my house shall be a house of prayer: but ye have made it a den of robbers.","kag nagsiling sia sa ila, “Nasulat sa mga Kasulatan, ‘Ang akon Templo manginbalay nga palangamuyoan.’ Pero ginhimo ninyo ini nga palanaguan sang mga makawat!”"
And he was teaching daily in the temple. But the chief priests and the scribes and the principal men of the people sought to destroy him:,"Adlaw-adlaw si Jesus nagpanudlo sa Templo. Ang pangulo nga mga pari, ang mga manunodlo sang Kasugoan, kag ang mga pangulo sang banwa nagtinguha sa pagpatay sa iya,"
"and they could not find what they might do; for the people all hung upon him, listening.","pero wala sila makakita sang paagi sa paghimo sini, tungod kay ang tanan nga mga tawo nawili gid sa pagpamati sa iya."
"And it came to pass, on one of the days, as he was teaching the people in the temple, and preaching the gospel, there came upon him the chief priests and the scribes with the elders;","Isa ka adlaw, si Jesus didto sa Templo nga nagapanudlo kag nagawali sa mga tawo sang Maayong Balita. Nagpalapit sa iya ang pangulo nga mga pari, ang mga manunodlo sang Kasugoan kag ang mga katigulangan sang mga Judio"
"and they spake, saying unto him, Tell us: By what authority doest thou these things? or who is he that gave thee this authority?","kag nagsiling sa iya, “Sugiri kami kon ano ang imo awtoridad sa paghimo sining mga butang? Sin-o ang naghatag sa imo sini nga awtoridad?”"
"And he answered and said unto them, I also will ask you a question; and tell me:","Si Jesus nagsabat sa ila, “Karon ako man magapamangkot sa inyo. Sugiri ninyo ako,"
"The baptism of John, was it from heaven, or from men?",ang pagbautiso ni Juan halin bala sa Dios ukon sa tawo?”
"And they reasoned with themselves, saying, If we shall say, From heaven; he will say, Why did ye not believe him?","Silahanon man lang ang nagbinais nga nagasiling, “Ano ang isiling ta? Kon magsiling kita, ‘Halin sa Dios,’ magasiling sia, ‘Ti, ngaa wala kamo magtuo kay Juan?’"
"But if we shall say, From men; all the people will stone us: for they are persuaded that John was a prophet.","Pero kon magsiling kita, ‘Halin sa tawo,’ batuhon kita sini nga mga tawo, tungod kay nagapati gid sila nga si Juan isa ka propeta.”"
"And they answered, that they knew not whence it was .","Gani nagsabat sila, “Wala kami makahibalo kon diin ini naghalin.”"
"And Jesus said unto them, Neither tell I you by what authority I do these things.","Si Jesus nagsiling sa ila, “Ti, indi man ako magsugid sa inyo kon sa ano nga awtoridad ginahimo ko ini nga mga butang.”"
"And he began to speak unto the people this parable: A man planted a vineyard, and let it out to husbandmen, and went into another country for a long time.",Dayon si Jesus nagsugid sa mga tawo sini nga palaanggiran: “May isa ka tawo nga nagtanom sing ubas sa iya uma kag ginpaagsahan niya ini sa mga agsador. Dayon nagpanglakaton sia sa iban nga lugar sing madugay nga tion.
"And at the season he sent unto the husbandmen a servant, that they should give him of the fruit of the vineyard: but the husbandmen beat him, and sent him away empty.","Sang tion na nga inugpamupo sang mga ubas, ginpadala niya ang isa ka suloguon sa mga agsador sa pagkuha sang iya parti sang patubas. Pero ang mga agsador nagbunal sang suloguon kag ginpabalik nila sia nga wala sing dala."
"And he sent yet another servant: and him also they beat, and handled him shamefully, and sent him away empty.","Gani nagpadala na man sia sing isa pa ka suloguon, pero ginbunal man sia sang mga agsador, ginpakahuy-an kag ginpabalik nga wala man sing dala."
"And he sent yet a third: and him also they wounded, and cast him forth.",Dayon nagpadala pa gid sia sang ikatlo nga suloguon. Ginkastigo man nila sia kag ginhaboy sa gwa.
"And the lord of the vineyard said, What shall I do? I will send my beloved son; it may be they will reverence him.","Karon ang tag-iya sang talamnan sang ubas nagsiling, ‘Ano ang himuon ko? Ipadala ko ang akon pinalangga nga anak. Ayhan tahuron nila sia!’"
"But when the husbandmen saw him, they reasoned one with another, saying, This is the heir; let us kill him, that the inheritance may be ours.","Pero sang pagkakita sang mga agsador sang anak nagsinilingay sila, ‘Amo ini ang manunubli. Dali patyon ta sia kag ang panublion mangin-aton!’"
"And they cast him forth out of the vineyard, and killed him. What therefore will the lord of the vineyard do unto them?",Gani ginhaboy nila sia sa gwa sang ulobasan kag ginpatay.”
"He will come and destroy these husbandmen, and will give the vineyard unto others. And when they heard it, they said, God forbid.","Si Jesus nagpamangkot, “Karon ano bala ang himuon sang tag-iya sang ulobasan sa iya mga agsador?"
"But he looked upon them, and said, What then is this that is written,",Kadtuan niya kag pamatyon yadtong mga agsador kag ipaagsa ang ulobasan sa iban nga mga agsador.”
"The stone which the builders rejected,","Sang pagkabati sini sang mga tawo nagsiling sila, “Ipahilayo ini sang Dios.”"
The same was made the head of the corner?,"Si Jesus nagtulok sa ila kag nagpamangkot, “Ano bala ang kahulogan sining kasulatan?"
"Every one that falleth on that stone shall be broken to pieces; but on whomsoever it shall fall, it will scatter him as dust.",‘Ang bato nga ginsikway sang mga manunokod
And the scribes and the chief priests sought to lay hands on him in that very hour; and they feared the people: for they perceived that he spake this parable against them.,nanginpamakod nga bato.’
"And they watched him, and sent forth spies, who feigned themselves to be righteous, that they might take hold of his speech, so as to deliver him up to the rule and to the authority of the governor.",Ang tagsatagsa nga mahulog sa sadto nga bato magkalabali kag ang bisan sin-o nga mahulogan sadto nga bato madugmok.
"And they asked him, saying, Teacher, we know that thou sayest and teachest rightly, and acceptest not the person of any , but of a truth teachest the way of God:","Ang mga manunodlo sang Kasugoan kag ang pangulo nga mga pari nagtinguha sa pagdakop kay Jesus sa sadto gid nga tion, tungod kay nahibaluan nila nga ginsugid niya ining palaanggiran batok sa ila, pero nahadlok sila sa mga tawo."
"Is it lawful for us to give tribute unto Cæsar, or not?","Gani ginhulat nila ang nagakaigo nga tion. May ginbayaran sila nga mga tawo sa pagpakunokuno nga sinsero sila, kag sa pagdakupdakop kay Jesus paagi sa mga pamangkot, agod nga matugyan nila sia sa gahom kag awtoridad sang Romanhon nga Gobernador."
"But he perceived their craftiness, and said unto them,","Ining mga espiya nagsiling kay Jesus, “Manunodlo, nahibaluan namon nga husto ang imo ginahambal kag ginatudlo. Nahibaluan namon nga wala ka sing may ginapasulabi, kundi nagatudlo ka sang kamatuoran nahanungod sang kabubot-on sang Dios para sa tawo."
"Show me a denarius. Whose image and superscription hath it? And they said, Cæsar’s.","Sugiri kami, batok bala sa aton Kasugoan nga magbayad kami sing buhis sa Emperador ukon indi?”"
"And he said unto them, Then render unto Cæsar the things that are Cæsar’s, and unto God the things that are God’s.","Ugaling nasat-uman ni Jesus ang ila kalag-it, gani nagsiling sia sa ila,"
"And they were not able to take hold of the saying before the people: and they marvelled at his answer, and held their peace.",“Abi ipakita ninyo sa akon ang isa ka sensilyo. Kay sin-o bala dagway kag ngalan ang yari diri?”
"And there came to him certain of the Sadducees, they that say that there is no resurrection;","Nagsabat sila, “Iya sang Emperador.”"
"and they asked him, saying, Teacher, Moses wrote unto us, that if a man’s brother die, having a wife, and he be childless, his brother should take the wife, and raise up seed unto his brother.","Gani si Jesus nagsiling, “Kon amo ina, ihatag ninyo sa Emperador ang mga butang nga iya sang Emperador, kag sa Dios ang mga butang nga iya sang Dios.”"
"There were therefore seven brethren: and the first took a wife, and died childless;","Wala gid nila sia madakpi sa iya mga ginpanghambal sa atubang sang mga tawo, gani naghipos sila nga natingala sa iya nga sabat."
and the second:,"May mga Saduceo nga nagpalapit kay Jesus, sila amo ang nagasiling nga wala sing pagkabanhaw. Ginpamangkot nila sia,"
"and the third took her; and likewise the seven also left no children, and died.","“Manunodlo, si Moises nagsulat sining kasugoan para sa aton: ‘Kon ang isa ka tawo mapatay nga wala sila sing bata ang iya asawa, ang utod nga lalaki sang napatay dapat magapangasawa sang nabalo agod nga sila makapamata para sa iya utod nga napatay’."
Afterward the woman also died.,"Sadto anay may pito ka mga mag-ulotod nga lalaki. Ang magulang nagpangasawa, kag napatay nga wala sing anak."
In the resurrection therefore whose wife of them shall she be? for the seven had her to wife.,"Dayon ang ikaduha nagpangasawa sang nabalo,"
"And Jesus said unto them, The sons of this world marry, and are given in marriage:",kag amo man ang ikatlo. Amo man ang natabo sa ila tanan nga pito. Napatay sila nga wala sing ginbilin nga anak.
"but they that are accounted worthy to attain to that world, and the resurrection from the dead, neither marry, nor are given in marriage:",Sang ulihi ang babayi napatay man.
"for neither can they die any more: for they are equal unto the angels; and are sons of God, being sons of the resurrection.","Sila nga pito nakapangasawa sa iya. Karon, sa adlaw sang pagkabanhaw sang mga minatay, kay sin-o bala sia asawa?”"
"But that the dead are raised, even Moses showed, in the place concerning the Bush, when he calleth the Lord the God of Abraham, and the God of Isaac, and the God of Jacob.","Si Jesus nagsabat sa ila, “Ang mga lalaki kag mga babayi sa sining panag-on nagaasawahay,"
"Now he is not the God of the dead, but of the living: for all live unto him.",pero ang mga lalaki kag mga babayi nga takos nga pagabanhawon kag magakabuhi sa palaabuton nga panahon wala na nagaasawahay.
"And certain of the scribes answering said, Teacher, thou hast well said.","Kay kasubong sila sang mga anghel kag indi na sila mapatay. Mga anak sila sang Dios, tungod kay ginbanhaw sila gikan sa kamatayon."
For they durst not any more ask him any question.,"Si Moises nagapamatuod sing maathag nga ang mga patay pagabanhawon. Sa bahin sang kasulatan nahanungod sang nagadabdab nga kahuykahoy, nagahambal sia nahanungod sa Ginoo subong ‘Dios ni Abraham, Dios ni Isaac, kag Dios ni Jacob.’"
"And he said unto them, How say they that the Christ is David’s son?","Sia amo ang Dios sang mga buhi kag indi sang mga patay, kay ang tanan nagakabuhi sa iya.”"
"For David himself saith in the book of Psalms,","May mga manunodlo sang Kasugoan nga nagsabat, “Manunodlo, maayo ang imo sabat!”"
"The Lord said unto my Lord,",Kag wala na sila magpangahas sa pagpamangkot pa sa iya.
"Sit thou on my right hand,","Si Jesus nagpamangkot sa ila, “Paano bala ang pagsiling sang mga tawo nga ang Cristo kaliwat ni David?"
Till I make thine enemies the footstool of thy feet.,"Kay si David mismo nagasiling sa libro sang mga Salmo,"
"David therefore calleth him Lord, and how is he his son?",‘Ang Ginoo nagasiling sa akon Ginoo:
"And in the hearing of all the people he said unto his disciples,","Pungko ka diri sa akon tuo,"
"Beware of the scribes, who desire to walk in long robes, and love salutations in the marketplaces, and chief seats in the synagogues, and chief places at feasts;",tubtob mabutang ko ang imo mga kaaway subong tulongtungan sang imo mga tiil.’
"who devour widows’ houses, and for a pretence make long prayers: these shall receive greater condemnation.",Si David nagtawag sa iya nga ‘Ginoo.’ Karon paano ang pagkahimo nga kaliwat ni David ang Cristo?”
"And he looked up, and saw the rich men that were casting their gifts into the treasury.",Si Jesus nagpanan-awtan-aw kag nakita niya ang manggaranon nga mga tawo nga nagahulog sang ila mga dulot sa kolektahan sang Templo.
And he saw a certain poor widow casting in thither two mites.,Nakita man niya didto ang isa ka imol nga babayi nga balo nga nagahulog sang duha ka sentimos.
"And he said, Of a truth I say unto you, This poor widow cast in more than they all:","Si Jesus nagsiling, “Nagasiling ako sa inyo nga ining imol nga babayi nga balo nagahatag sing labaw pa sang sa ila tanan ginhulog."
for all these did of their superfluity cast in unto the gifts; but she of her want did cast in all the living that she had.,"Kay ang iban naghatag sang ila mga dulot gikan sa sobra sang ila mga manggad, pero ini nga balo sa iya kaimulon naghulog sang tanan niya nga palangabuhian.”"
"And as some spake of the temple, how it was adorned with goodly stones and offerings, he said,","May mga tawo nga naghambal nahanungod sang Templo kon paano napunihan ini sang matahom nga mga bato kag sang mga dulot nga nahalad sa Dios. Si Jesus nagsiling,"
"As for these things which ye behold, the days will come, in which there shall not be left here one stone upon another, that shall not be thrown down.","“Nahanungod sining mga butang nga nakita ninyo, magaabot ang tion nga wala sing mabilin diri nga isa ka bato nga nasampaw sa isa. Ang tanan pagagub-on.”"
"And they asked him, saying, Teacher, when therefore shall these things be? and what shall be the sign when these things are about to come to pass?","Nagpamangkot sila, “Manunodlo, san-o bala mahanabo ini? Kag ano bala ang tanda nga madali na lang ini mahanabo?”"
"And he said, Take heed that ye be not led astray: for many shall come in my name, saying, I am he ; and, The time is at hand: go ye not after them.","Si Jesus nagsiling, “Magbantay kamo agod indi kamo pagpatalangon. Kay madamo nga mga tawo ang magaabot sa akon ngalan nga magasiling, ‘Ako amo sia!’ kag, ‘Ang tion nag-abot na!’ Pero indi kamo magsunod sa ila."
"And when ye shall hear of wars and tumults, be not terrified: for these things must needs come to pass first; but the end is not immediately.","Indi kamo magkahadlok kon makabati kamo nga may mga inaway kag mga kinagubot. Ini nga mga butang matabo anay, pero ini wala nagakahulogan nga ang katapusan malapit na.”"
"Then said he unto them, Nation shall rise against nation, and kingdom against kingdom;","Kag nagsiling pa gid sia sa ila, “Ang isa ka pungsod magapakig-away sa isa ka pungsod, ang isa ka ginharian magasalakay sang isa ka ginharian."
"and there shall be great earthquakes, and in divers places famines and pestilences; and there shall be terrors and great signs from heaven.","May magaabot nga mabaskog nga mga linog, mga gutom, kag mga peste sa nagakalainlain nga mga lugar. May makakulogmat nga mga butang kag dalagku nga mga tanda halin sa langit."
"But before all these things, they shall lay their hands on you, and shall persecute you, delivering you up to the synagogues and prisons, bringing you before kings and governors for my name’s sake.","Pero sa wala pa ini tanan nga mga butang mahanabo, dakpon nila kamo kag hingabuton. Igatugyan kamo sa mga sinagoga agod hukman kag pagabilangguon. Pagadalhon kamo sa atubang sang mga hari kag mga gobernador tungod sa akon ngalan."
It shall turn out unto you for a testimony.,Ini manginkahigayunan ninyo sa pagpanugid sang Maayong Balita.
"Settle it therefore in your hearts, not to meditate beforehand how to answer:","Gani magpamat-od kamo sa wala pa mag-abot ang tion nga indi kamo magpalibog kon paano ang inyo pagsabat,"
"for I will give you a mouth and wisdom, which all your adversaries shall not be able to withstand or to gainsay.",tungod kay ako magahatag sa inyo sang mga pulong kag kaalam agod nga wala sang inyo mga kaaway ang sarang makalalis ukon makapamatok sang inyo ginasiling.
"But ye shall be delivered up even by parents, and brethren, and kinsfolk, and friends; and some of you shall they cause to be put to death.","Bisan ang inyo mga ginikanan, mga kautoran, mga pariente kag mga abyan magatugyan sa inyo kag ang iban sa inyo ipapatay nila."
And ye shall be hated of all men for my name’s sake.,Ang tanan magadumot sa inyo bangod sa akon.
And not a hair of your head shall perish.,Pero wala sing bisan isa ka bilog nga buhok sa inyo ulo nga madula.
In your patience ye shall win your souls.,"Magpakalig-on kamo, kag maluwas ninyo ang inyo kaugalingon.”"
"But when ye see Jerusalem compassed with armies, then know that her desolation is at hand.","“Kon makita ninyo ang Jerusalem nga ginalibutan sang mga hangaway, ti, mahibal-an ninyo nga sa indi madugay pagalaglagon ini."
Then let them that are in Judæa flee unto the mountains; and let them that are in the midst of her depart out; and let not them that are in the country enter therein.,"Dayon ang mga yara sa Judea dapat magpalagyo sa mga kabukiran kag ang mga yara sa sulod sang siudad maggwa, kag ang mga yara sa kaumhan indi magsulod sa siudad."
"For these are days of vengeance, that all things which are written may be fulfilled.","Kay amo ini ang ‘Mga Adlaw sang Pagsilot,’ sa pagtuman sang tanan nga ginasiling sang mga Kasulatan."
"Woe unto them that are with child and to them that give suck in those days! for there shall be great distress upon the land, and wrath unto this people.","Daw ano ka makaluluoy ang mga babayi nga nagabulusong kag ang mga iloy nga may mga lapsag sa sadtong mga adlaw! Ang daku nga kalalat-an magaabot sa sini nga duta, kag ang silot sang Dios magaabot sa sini nga mga tawo."
"And they shall fall by the edge of the sword, and shall be led captive into all the nations: and Jerusalem shall be trodden down of the Gentiles, until the times of the Gentiles be fulfilled.","Ang iban sa ila pamatyon paagi sa espada, ang iban pagabihagon sa tanan nga mga kapungsoran, kag ang Jerusalem pagatapakon sang mga Hentil tubtob matapos ang ila panag-on."
"And there shall be signs in sun and moon and stars; and upon the earth distress of nations, in perplexity for the roaring of the sea and the billows;","“May mga tanda nga makita sa adlaw, sa bulan kag sa mga bituon. Ang tanan nga mga pungsod sa duta magakasakit kag magakatublag bangod sang dinaguhob sang mga balod sa dagat."
"men fainting for fear, and for expectation of the things which are coming on the world: for the powers of the heavens shall be shaken.",Ang mga tawo magakalalipong sa kahadlok samtang nagahulat sila sang magaabot sa bug-os nga duta. Kay ang mga gahom sa kahawaan pagapatalangon sa ila kinaandan nga alagyan.
And then shall they see the Son of man coming in a cloud with power and great glory.,"Dayon ang Anak sang Tawo magapakita, nga nagaabot nga yara sa panganod, nga may daku nga gahom kag kadungganan."
"But when these things begin to come to pass, look up, and lift up your heads; because your redemption draweth nigh.","Kon ini nga mga butang mahanabo, magtindog kamo kag magpakaisog tungod kay ang inyo kaluwasan malapit na.”"
"And he spake to them a parable: Behold the fig tree, and all the trees:","Dayon si Jesus nagsugid sa ila sining palaanggiran, “Dumdoma ninyo ang kahoy nga higera kag ang tanan nga mga kahoy."
"when they now shoot forth, ye see it and know of your own selves that the summer is now nigh.","Kon makita ninyo nga nagapanglumbay na sila, inyo nahibaluan nga ang tingadlaw malapit na."
"Even so ye also, when ye see these things coming to pass, know ye that the kingdom of God is nigh.","Subong man, kon makita ninyo nga nagakahanabo ini nga mga butang, mahibaluan ninyo nga malapit na ang paghari sang Dios."
"Verily I say unto you, This generation shall not pass away, till all things be accomplished.",“Dumdoma ninyo ini! Ini tanan nga mga butang mahanabo sa wala pa mapatay ang tanan nga mga tawo nga nagakabuhi subong.
Heaven and earth shall pass away: but my words shall not pass away.,"Ang langit kag ang duta magataliwan, pero ang akon mga pulong indi magtaliwan."
"But take heed to yourselves, lest haply your hearts be overcharged with surfeiting, and drunkenness, and cares of this life, and that day come on you suddenly as a snare:","“Maghalong kamo sa inyo mga kaugalingon nga indi magamon sa pagpatuyang, pagpahuboghubog kag pagpalibog sang sini nga kabuhi, basi yadtong Adlaw mag-abot sa inyo sing hinali"
for so shall it come upon all them that dwell on the face of all the earth.,kasubong sang siod. Kay magaabot ini sa tanan nga mga tawo sa bug-os nga duta.
"But watch ye at every season, making supplication, that ye may prevail to escape all these things that shall come to pass, and to stand before the Son of man.","Magbantay kag magpangamuyo kamo pirme agod nga may kusog kamo sa pagpalagyo sa sini nga mga butang nga mahanabo, kag makatindog kamo sa atubang sang Anak sang Tawo.”"
"And every day he was teaching in the temple; and every night he went out, and lodged in the mount that is called Olivet.","Adlaw-adlaw si Jesus nagpanudlo sa Templo, kag kon gab-i nagagwa sia kag didto sia nagatener sa Bukid sang mga Olivo."
"And all the people came early in the morning to him in the temple, to hear him.","Aga pa gid, ang tanan nga mga tawo nagakadto sa Templo sa pagpamati sa iya."
"Now the feast of unleavened bread drew nigh, which is called the Passover.",Karon nagahilapit na ang Piesta sang Tinapay nga Wala sing Lebadora nga ginatawag Pascua.
And the chief priests and the scribes sought how they might put him to death; for they feared the people.,"Ang pangulo nga mga pari kag ang mga manunodlo sang Kasugoan nagpadihot kon ano ang pagpatay kay Jesus sa tago, kay nahadlok sila sa mga tawo."
"And Satan entered into Judas who was called Iscariot, being of the number of the twelve.","Dayon si Judas nga ginatawag Iscariote nga isa sang dose ka mga apostoles, ginsudlan ni Satanas."
"And he went away, and communed with the chief priests and captains, how he might deliver him unto them.","Gani, si Judas naglakat kag naghinun-anon sa pangulo nga mga pari kag sa mga opisyales sang gwardya sa Templo kon sa ano nga paagi matugyan niya si Jesus sa ila."
"And they were glad, and covenanted to give him money.",Nalipay sila kag nagtanyag sa pagbayad sa iya sing kwarta.
"And he consented, and sought opportunity to deliver him unto them in the absence of the multitude.",Nagsugot si Judas kag nagpangita sia sing kahigayunan nga matugyan niya si Jesus sa ila nga indi makahibalo ang mga tawo.
"And the day of unleavened bread came, on which the passover must be sacrificed.","Nag-abot ang adlaw sang Piesta sang Tinapay nga Wala sing Lebadora, nga ang mga kordero para sa panihapon sang Pascua dapat na nga ihawon."
"And he sent Peter and John, saying, Go and make ready for us the passover, that we may eat.",Gani ginpadala ni Jesus si Pedro kag si Juan kag ginsingganan: “Lakat kamo kag ihanda ninyo ang panihapon sang Pascua nga aton pagakan-on.”
"And they said unto him, Where wilt thou that we make ready?","Nagpamangkot sila sa iya, “Sa diin bala ang luyag mo nga maghanda kami sini?”"
"And he said unto them, Behold, when ye are entered into the city, there shall meet you a man bearing a pitcher of water; follow him into the house whereinto he goeth.","Nagsabat sia sa iya, “Pamatii ninyo ini! Sa inyo pagsulod sa banwa, may isa ka tawo nga magasugata sa inyo nga nagadala sing isa ka tibod nga tubig. Sunda ninyo sia tubtob sa balay nga sudlan niya,"
"And ye shall say unto the master of the house, The Teacher saith unto thee, Where is the guest-chamber, where I shall eat the passover with my disciples?","kag magsiling kamo sa tagbalay: ‘Ang Manunodlo nagasiling sa imo, Diin bala ang kwarto nga pagakaunan ko sang panihapon sang Pascua upod sa akon mga gintuton-an?’"
And he will show you a large upper room furnished: there make ready.,Ipakita niya sa inyo ang isa ka daku kag nasangkapan nga kwarto sa ibabaw. Didto ninyo ihanda ang tanan.”
"And they went, and found as he had said unto them: and they made ready the passover.","Naglakat sila kag ila nakita ang tanan suno sa ginsiling ni Jesus sa ila, kag ginhanda nila ang panihapon sang Pascua."
"And when the hour was come, he sat down, and the apostles with him.","Sang pag-abot sang takna, nagpungko si Jesus sa pagkaon upod sa iya mga apostoles."
"And he said unto them, With desire I have desired to eat this passover with you before I suffer:","Nagsiling sia sa ila, “Daku gid ang akon handom sa pagkaon sini nga panihapon sang Pascua upod sa inyo sa wala pa ako mag-antos!"
"for I say unto you, I shall not eat it, until it be fulfilled in the kingdom of God.","Kay nagasiling ako sa inyo, indi na ako magkaon sini tubtob nga matuman ini sa Ginharian sang Dios.”"
"And he received a cup, and when he had given thanks, he said, Take this, and divide it among yourselves:","Dayon si Jesus nagkuha sang kupa, nagpasalamat sia sa Dios kag nagsiling, “Kuhaa ninyo ini kag bahinbahinon sa inyo kaugalingon."
"for I say unto you, I shall not drink from henceforth of the fruit of the vine, until the kingdom of God shall come.","Kay nagasiling ako sa inyo, nga sugod karon indi na ako mag-inom sini nga bino tubtob mag-abot ang Ginharian sang Dios.”"
"And he took bread, and when he had given thanks, he brake it, and gave to them, saying, This is my body which is given for you: this do in remembrance of me.","Dayon ginkuha niya ang tinapay, nagpasalamat sia sa Dios, iya ginpamihakpihak ini, kag ginhatag sa ila nga nagasiling, “Ini amo ang akon lawas nga ginahatag para sa inyo. Himua ninyo ini sa handumanan nakon.”"
"And the cup in like manner after supper, saying, This cup is the new covenant in my blood, even that which is poured out for you.","Sa amo man nga bagay sa tapos ang panihapon ginhatag niya sa ila ang kupa. Nagsiling sia, “Ini nga kupa amo ang bag-o nga kasugtanan sang Dios nga ginaselyohan sang akon dugo nga ginaula para sa inyo."
"But behold, the hand of him that betrayeth me is with me on the table.","“Pero, tan-awa ninyo! Ang magatugyan sa akon yari kaupod nakon sa lamisa!"
"For the Son of man indeed goeth, as it hath been determined: but woe unto that man through whom he is betrayed!","Kay ang Anak sang Tawo mapatay suno sa gintalana sang Dios, pero daw ano ka makaluluoy yadtong tawo nga magatugyan sa iya!”"
"And they began to question among themselves, which of them it was that should do this thing.",Dayon nagpinamangkutanay sila kon sin-o ayhan sa ila ang magahimo sini.
"And there arose also a contention among them, which of them was accounted to be greatest.",Ang mga gintuton-an nagbinais kon sin-o sa ila ang ginakilala nga labing daku.
"And he said unto them, The kings of the Gentiles have lordship over them; and they that have authority over them are called Benefactors.","Si Jesus nagsiling sa ila, “Ang mga hari sang mga Hentil nagagahom sa ila mga ginsakpan kag ang mga manugdumala sa ila ginatawag nga ‘Mga Abyan sang mga Tawo.’"
"But ye shall not be so: but he that is the greater among you, let him become as the younger; and he that is chief, as he that doth serve.","Pero indi amo ini ang nagakabagay sa inyo; kundi ang labing daku sa inyo dapat manginsubong sang kamanghuran, kag ang pangulo dapat manginsubong sang suloguon."
"For which is greater, he that sitteth at meat, or he that serveth? is not he that sitteth at meat? but I am in the midst of you as he that serveth.","Sin-o bala ang mas daku, ang nagakaon ukon ang nagasirbe? Ang nagakaon, e. Pero ako kaupod ninyo subong nga manug-alagad."
But ye are they that have continued with me in my temptations;,"“Gin-unongan ninyo ako sa tanan nga mga pagtilaw sa akon,"
"and I appoint unto you a kingdom, even as my Father appointed unto me,","kag subong nga ang akon Amay naghatag sa akon sang gahom sa pagdumala, ako man magahatag sa inyo sing gahom sa pagdumala."
that ye may eat and drink at my table in my kingdom; and ye shall sit on thrones judging the twelve tribes of Israel.,Magakaon kag magainom kamo sa lamisa sa akon Ginharian kag magapungko kamo sa mga trono sa paghukom sa dose ka mga tribo sang Israel.
"Simon, Simon, behold, Satan asked to have you, that he might sift you as wheat:","“Simon, Simon, pamati ka! Si Satanas ginpahanugotan sa pagtilaw sa inyo tanan, subong sang pag-ayag sang mangungoma sang trigo sa pagpain sang tinggas sa upa."
"but I made supplication for thee, that thy faith fail not; and do thou, when once thou hast turned again, establish thy brethren.","Pero nagpangamuyo ako para sa imo, Simon, nga ang imo pagtuo indi mapukan. Kag sa pagbalik mo sa akon, dapat mo pabakuron ang imo mga kautoran.”"
"And he said unto him, Lord, with thee I am ready to go both to prison and to death.","Si Pedro nagsabat, “Ginoo, handa ako magpabilanggo kag mapatay upod sa imo.”"
"And he said, I tell thee, Peter, the cock shall not crow this day, until thou shalt thrice deny that thou knowest me.","Si Jesus nagsabat, “Nagasiling ako sa imo, Pedro, sa wala pa makapamalo ang manok karon nga gab-i, magasiling ka sing makatlo nga wala ka makakilala sa akon.”"
"And he said unto them, When I sent you forth without purse, and wallet, and shoes, lacked ye anything? And they said, Nothing.","Dayon nagpamangkot si Jesus sa iya mga gintuton-an, “Sang ginpadala ko kamo anay nga wala sing kahita, bag ukon sandalyas, nakulangan bala kamo sang bisan ano nga butang?”"
"And he said unto them, But now, he that hath a purse, let him take it, and likewise a wallet; and he that hath none, let him sell his cloak, and buy a sword.","Nagsabat sila, “Wala gid.”"
"For I say unto you, that this which is written must be fulfilled in me, And he was reckoned with transgressors: for that which concerneth me hath fulfilment.","Si Jesus nagsiling sa ila, “Pero karon, ang bisan sin-o nga may kahita ukon bag kinahanglan magdala sini, kag ang bisan sin-o nga wala sing espada dapat magbaligya sang iya kunop kag magbakal sing espada."
"And they said, Lord, behold, here are two swords. And he said unto them, It is enough.","Kay nagasiling ako sa inyo nga ang kasulatan nga nagasiling, ‘Ginkabig sia nga isa sang mga kriminal,’ dapat matuman sa akon, tungod kay ang nasulat nahanungod sa akon nagakatuman.”"
"And he came out, and went, as his custom was, unto the mount of Olives; and the disciples also followed him.","Ang mga gintuton-an nagsiling, “Ginoo, tan-awa, yari may duha ka espada!”"
"And when he was at the place, he said unto them, Pray that ye enter not into temptation.","Nagsabat sia, “Tuman na ina!”"
"And he was parted from them about a stone’s cast; and he kneeled down and prayed,","Subong sang masami nga ginahimo niya, si Jesus nagwa sa siudad kag nagkadto sa Bukid sang mga Olivo, kag ang mga gintuton-an nag-upod sa iya."
"saying, Father, if thou be willing, remove this cup from me: nevertheless not my will, but thine, be done.","Sang pag-abot niya didto nagsiling sia sa ila, “Pangamuyo kamo agod indi kamo mahulog sa pagsulay.”"
"And there appeared unto him an angel from heaven, strengthening him.","Dayon nagpalayo sia sa ila sa antad nga sarang malambot kon habuyan sing bato, kag nagluhod sia kag nagpangamuyo."
And being in an agony he prayed more earnestly; and his sweat became as it were great drops of blood falling down upon the ground.,"Nagsiling sia, “O amay, kon buot mo, ilikaw ining kupa sa akon. Pero indi ang akon kabubot-on, kundi ang imo kabubot-on ang tumanon.”"
"And when he rose up from his prayer, he came unto the disciples, and found them sleeping for sorrow,",May isa ka anghel gikan sa langit nga nagpakita sa iya kag nagpabakod sa iya.
"and said unto them, Why sleep ye? rise and pray, that ye enter not into temptation.",Sa daku nga kalisod nagpangamuyo sia sing hugot pa gid. Ang iya balhas daw kasubong ka dalagku nga mga tinulo sang dugo nga nagatupa sa duta.
"While he yet spake, behold, a multitude, and he that was called Judas, one of the twelve, went before them; and he drew near unto Jesus to kiss him.",Sa tapos si Jesus makapangamuyo nagbalik sia sa mga gintuton-an kag nakita niya nga nagakatulog sila tungod kay linapyo sila sa kasubo.
"But Jesus said unto him, Judas, betrayest thou the Son of man with a kiss?","Nagsiling sia sa ila, “Ngaa nagakatulog kamo? Bangon kamo kag magpangamuyo agod indi kamo mahulog sa pagsulay.”"
"And when they that were about him saw what would follow, they said, Lord, shall we smite with the sword?","Sang nagahambal pa si Jesus nag-abot ang mga tawo nga ginaunahan ni Judas, ang isa sang dose ka mga apostoles. Ginpalapitan niya si Jesus kag ginhalukan."
"And a certain one of them smote the servant of the high priest, and struck off his right ear.","Pero si Jesus nagsiling, “Judas, ginaluiban mo bala ang Anak sang Tawo paagi sa isa ka halok?”"
"But Jesus answered and said, Suffer ye them thus far. And he touched his ear, and healed him.","Sang makita sang mga gintuton-an nga upod ni Jesus kon ano ang mahanabo nagsiling sila, “Panglabuon bala namon sila, Ginoo?”"
"And Jesus said unto the chief priests, and captains of the temple, and elders, that were come against him, Are ye come out, as against a robber, with swords and staves?",Kag ginlabo sang isa sa ila ang suloguon sang Pinakamataas nga Pari kag nautas ang iya tuo nga dulonggan.
"When I was daily with you in the temple, ye stretched not forth your hands against me: but this is your hour, and the power of darkness.","Pero si Jesus nagsiling, “Husto na ina!” Gintandog niya ang dulonggan sang tawo kag gin-ayo sia."
"And they seized him, and led him away , and brought him into the high priest’s house. But Peter followed afar off.","Dayon si Jesus nagsiling sa pangulo nga mga pari kag sa mga opisyales sang mga gwardya sa Templo kag sa mga katigulangan sang mga Judio nga nagkadto didto sa pagdakop sa iya, “Ano ako buyong nga nag-abot kamo nga may mga espada kag mga inuglampos?"
"And when they had kindled a fire in the midst of the court, and had sat down together, Peter sat in the midst of them.",Adlaw-adlaw yara ako kaupod ninyo sa Templo kag wala ninyo ako pagdakpa. Ugaling ini nga takna inyo kag iya sang nagagahom sang kadudulman.”
"And a certain maid seeing him as he sat in the light of the fire , and looking stedfastly upon him, said, This man also was with him.","Gindakop nila si Jesus kag gindala sa balay sang Pinakamataas nga Pari. Si Pedro nagsunod, pero malayo ang antad niya."
"But he denied, saying, Woman, I know him not.",Nagdabok sila sa tunga sang hardin kag si Pedro nag-impon sa mga nagapulongko palibot sa dabok.
"And after a little while another saw him, and said, Thou also art one of them. But Peter said, Man, I am not.","Sang pagkakita sang isa sang mga suloguon nga babayi sa iya nga nagapungko didto malapit sa kalayo, ginhimutaran niya sia kag nagsiling, “Ini man nga tawo kaupod ni Jesus!”"
"And after the space of about one hour another confidently affirmed, saying, Of a truth this man also was with him; for he is a Galilæan.","Pero si Pedro nagpanghiwala sini nga nagasiling, “Inday, wala gani ako makakilala sa iya!”"
"But Peter said, Man, I know not what thou sayest. And immediately, while he yet spake, the cock crew.","Sa wala madugay natalupangdan sia sang isa ka tawo, kag nagsiling, “Ikaw man isa sa ila!”"
"And the Lord turned, and looked upon Peter. And Peter remembered the word of the Lord, how that he said unto him, Before the cock crow this day thou shalt deny me thrice.","Pero si Pedro nagsabat, “Tyoy, indi ako upod niya!”"
"And he went out, and wept bitterly.","Kag sang makaligad ang isa ka oras, may isa naman ka tawo nga nag-insister gid sa pagsiling, “Wala gid sing duhaduha nga ining tawo kaupod ni Jesus tungod kay sia taga-Galilea man!”"
"And the men that held Jesus mocked him, and beat him.","Pero si Pedro nagsabat, “Tyoy, wala ako makahibalo sang imo ginapanghambal!”"
"And they blindfolded him, and asked him, saying, Prophesy: who is he that struck thee?","Kag sa gilayon, sang nagahambal pa sia, nagpamalo ang manok."
"And many other things spake they against him, reviling him.","Ang Ginoo nagliso kag gintulok niya si Pedro, kag nadumdoman ni Pedro ang mga pulong sang Ginoo nga ginsiling sa iya, “Sa wala pa magpamalo ang manok karon nga gab-i, magasiling ka sing makatlo nga wala mo ako makilala.”"
"And as soon as it was day, the assembly of the elders of the people was gathered together, both chief priests and scribes; and they led him away into their council, saying,",Si Pedro naggwa kag naghilibion sing tudo.
"If thou art the Christ, tell us. But he said unto them, If I tell you, ye will not believe:",Ang mga tawo nga nagabantay kay Jesus nagyaguta kag nagbunal sa iya.
"and if I ask you , ye will not answer.","Gintabunan nila ang iya mga mata kag ginpamangkot sia, “Pakta, sin-o ang nagsumbag sa imo?”"
But from henceforth shall the Son of man be seated at the right hand of the power of God.,Kag madamo pa nga mga pagpasipala ang ginhambal nila kay Jesus.
"And they all said, Art thou then the Son of God? And he said unto them, Ye say that I am.","Sang pagkaaga, ang mga katigulangan sang mga Judio, ang pangulo nga mga pari, kag ang mga manunodlo sang Kasugoan nagtipon sing tingob, kag gindala nila si Jesus sa atubangan sang Konseho."
"And they said, What further need have we of witness? for we ourselves have heard from his own mouth.","Nagsiling sila, “Sugiri kami kon ikaw bala ang Cristo?”"
"And the whole company of them rose up, and brought him before Pilate.",Ang bug-os nga katapo sang Konseho nagtindog kag gindala nila si Jesus sa atubang ni Pilato.
"And they began to accuse him, saying, We found this man perverting our nation, and forbidding to give tribute to Cæsar, and saying that he himself is Christ a king.","Didto ginsumbong nila sia nga nagasiling: “Nadakpan namon ini nga tawo nga nagasudyot sang amon mga kasimanwa. Nagasiling sia nga indi sila magbayad sang buhis sa Emperador, kag iya ginaangkon nga sia amo ang Cristo nga isa ka hari.”"
"And Pilate asked him, saying, Art thou the King of the Jews? And he answered him and said, Thou sayest.","Si Pilato namangkot sa iya, “Ikaw bala ang hari sang mga Judio?”"
"And Pilate said unto the chief priests and the multitudes, I find no fault in this man.","Si Jesus nagsabat, “Ginasiling mo.”"
"But they were the more urgent, saying, He stirreth up the people, teaching throughout all Judæa, and beginning from Galilee even unto this place.","Dayon si Pilato nagsiling sa pangulo nga mga pari kag sa mga tawo, “Wala ako sing may nakita nga kasal-anan sa sini nga tawo.”"
"But when Pilate heard it, he asked whether the man were a Galilæan.","Pero nag-insister gid sila nga nagasiling, “Sia gid ang nagasugod sang kinagamo sa mga tawo tungod sang iya pagpanudlo sa bug-os nga Judea. Nagsugod sia sa Galilea, kag karon diri naman sia.”"
"And when he knew that he was of Herod’s jurisdiction, he sent him unto Herod, who himself also was at Jerusalem in these days.","Sang pagkabati ni Pilato sini namangkot sia, “Taga-Galilea bala ini nga tawo?”"
"Now when Herod saw Jesus, he was exceeding glad: for he was of a long time desirous to see him, because he had heard concerning him; and he hoped to see some miracle done by him.","Sang pagkahibalo niya nga si Jesus nagikan sa lugar nga ginadumalahan ni Herodes, ginpadala niya sia kay Herodes nga didto man sa Jerusalem sa sadto nga tion."
And he questioned him in many words; but he answered him nothing.,"Nalipay gid si Herodes sang pagkakita niya kay Jesus, tungod kay nakabati sia nahanungod sa iya kag dugay na ang handom niya sa pagpakigkita kay Jesus. Naglaom sia sa pagtan-aw kay Jesus nga nagahimo sing mga gamhanan nga mga buhat."
"And the chief priests and the scribes stood, vehemently accusing him.","Gani madamo ang mga pamangkot ni Herodes kay Jesus, pero si Jesus wala gid magsabat."
"And Herod with his soldiers set him at nought, and mocked him, and arraying him in gorgeous apparel sent him back to Pilate.",Ang pangulo nga mga pari kag ang mga manunodlo sang Kasugoan nagtindog kag naghimo sang mabaskog nga mga panumbongon batok kay Jesus.
And Herod and Pilate became friends with each other that very day: for before they were at enmity between themselves.,Si Herodes kag ang iya mga soldado nagpakanubo kag nagyaguta sa iya. Dayon ginpasuksokan nila sia sing malahalon nga bayu kag ginpabalik kay Pilato.
"And Pilate called together the chief priests and the rulers and the people,","Sa sadto gid nga adlaw si Pilato kag si Herodes nag-amiguhay, kay sadto anay magkaaway sila."
"and said unto them, Ye brought unto me this man, as one that perverteth the people: and behold, I, having examined him before you, found no fault in this man touching those things whereof ye accuse him:","Gintipon ni Pilato ang pangulo nga mga pari, ang mga manugdumala, kag ang mga tawo,"
"no, nor yet Herod: for he sent him back unto us; and behold, nothing worthy of death hath been done by him.","kag nagsiling sia sa ila, “Gindala ninyo ini nga tawo sa akon kag nagsiling kamo nga nagasudyot sia sang mga tawo. Karon, gin-usisa ko sia sa atubang ninyo kag wala ako sing may nakita nga sala nga inyo ginasumbong batok sa iya."
"I will therefore chastise him, and release him.","Si Herodes wala man sing may nakita nga sala sa iya, kay ginpabalik niya sia sa aton. Wala sing may nahimo ini nga tawo nga takos sang kamatayon."
17,"Gani, ipahanot ko sia, kag buy-an.”"
"But they cried out all together, saying, Away with this man, and release unto us Barabbas:—","Ang tanan nga mga tawo nagsinggit, “Patya sia kag buy-i sa amon si Barrabas.”"
"one who for a certain insurrection made in the city, and for murder, was cast into prison.","Karon si Barrabas nabilanggo tungod sang kinagamo nga natabo sa siudad, kag sang pagpamatay."
"And Pilate spake unto them again, desiring to release Jesus;","Si Pilato luyag maghilway kay Jesus, gani naghambal sia liwat sa mga tawo."
"but they shouted, saying, Crucify, crucify him.","Pero nagsinggit sila, “Ilansang sia sa krus! Ilansang sia sa krus!”"
"And he said unto them the third time, Why, what evil hath this man done? I have found no cause of death in him: I will therefore chastise him and release him.","Si Pilato nagsiling sa ila sa ikatlo nga tion, “Pero ano nga sala ang iya nahimo? Wala ako sing may nakita nga sala sa iya nga takos sang kamatayon. Ipahanot ko sia kag buy-an.”"
"But they were urgent with loud voices, asking that he might be crucified. And their voices prevailed.","Pero nagpadayon sila sa pagsinggit sing mabaskog, “Ilansang sia sa krus!” Kag sang ulihi nagmadinalag-on ang ila pagsinggit."
And Pilate gave sentence that what they asked for should be done.,Gani nagpamatbat si Pilato nga ihatag ang ila ginapangayo.
"And he released him that for insurrection and murder had been cast into prison, whom they asked for; but Jesus he delivered up to their will.","Ginhilway niya ang ila ginpangayo nga tawo nga nabilanggo tungod sa kinagamo kag pagpamatay, kag gintugyan niya si Jesus sa ila agod nga mahimo nila ang ila luyag."
"And when they led him away, they laid hold upon one Simon of Cyrene, coming from the country, and laid on him the cross, to bear it after Jesus.","Sang gindala sang mga soldado si Jesus pa gwa, nasugata nila ang isa ka tawo nga ginhingalanan kay Simon nga taga-Cirene nga naghalin sa uma kag nagakadto sa siudad. Gindakop nila sia kag ginpapas-an sang krus agod dalhon ini nga nagasunod kay Jesus."
"And there followed him a great multitude of the people, and of women who bewailed and lamented him.",Madamo nga mga tawo ang nagsunod kay Jesus. Upod sa mga tawo may mga babayi nga nagahinibi kag nagapanalambiton tungod sa iya.
"But Jesus turning unto them said, Daughters of Jerusalem, weep not for me, but weep for yourselves, and for your children.","Ginbalikid sila ni Jesus kag ginsingganan, “Mga babayi sang Jerusalem, indi kamo maghibi tungod sa akon, kundi tungod sa inyo kaugalingon kag sa inyo mga kabataan."
"For behold, the days are coming, in which they shall say, Blessed are the barren, and the wombs that never bare, and the breasts that never gave suck.","Kay ang mga adlaw magaabot nga ang mga tawo magasiling, ‘Daw ano ka malipayon ang mga babayi nga baw-as, kag wala makabusong, kag wala makapasuso!’"
"Then shall they begin to say to the mountains, Fall on us; and to the hills, Cover us.","Amo ina ang tion nga ang mga tawo magasiling sa mga bukid, ‘Tumbahi kami!’ kag sa mga bakulod, ‘Tabuni kami!’"
"For if they do these things in the green tree, what shall be done in the dry?","Kay kon ini nga mga butang ginahimo nila samtang lab-as pa ang mga kahoy, ano pa gid ayhan ang mahanabo kon laya na ini?”"
"And there were also two others, malefactors, led with him to be put to death.","Gindala man nila ang duha pa ka mga tawo nga kriminal, agod patyon upod kay Jesus."
"And when they came unto the place which is called The skull, there they crucified him, and the malefactors, one on the right hand and the other on the left.","Sang pag-abot nila sa lugar nga ginatawag “Ang Bagol,” ginlansang nila didto si Jesus sa krus, kag ang duha ka kriminal, ang isa sa iya tuo kag ang isa sa iya wala."
"And Jesus said, Father, forgive them; for they know not what they do. And parting his garments among them, they cast lots.","Si Jesus nagsiling, “Amay, patawara sila, kay wala sila makahibalo sang ila ginahimo.”"
"And the people stood beholding. And the rulers also scoffed at him, saying, He saved others; let him save himself, if this is the Christ of God, his chosen.",Ginpartida nila ang iya mga bayu paagi sa pagabutgabot.
"And the soldiers also mocked him, coming to him, offering him vinegar,","Ang mga tawo nagtindog didto nga nagatan-aw samtang ang mga pangulo sang mga Judio nagyaguta sa iya. Nagsiling sila: “Ginluwas niya ang iban, ipaluwas sa iya ang iya kaugalingon, kon sia amo ang Cristo, ang pinili sang Dios!”"
"and saying, If thou art the King of the Jews, save thyself.",Ang mga soldado nagyaguta man sa iya: nagpalapit sila sa iya kag gintungholan nila sia sang maaslom nga bino
"And there was also a superscription over him, THIS IS THE KING OF THE JEWS.","kag nagsiling, “Luwasa ang imo kaugalingon, kon ikaw ang hari sang mga Judio!”"
"And one of the malefactors that were hanged railed on him, saying, Art not thou the Christ? save thyself and us.",Sa ulohan niya nasulat ini nga mga pulong: “Ini amo ang Hari sang mga Judio.”
"But the other answered, and rebuking him said, Dost thou not even fear God, seeing thou art in the same condemnation?",Ang isa sang mga kriminal nga nalansang sa krus didto nagpasipala sa iya: “Indi bala ikaw ang Cristo? Luwasa ang imo kaugalingon kag kami!”
And we indeed justly; for we receive the due reward of our deeds: but this man hath done nothing amiss.,"Pero ang isa ka kriminal nagsaway sa iya nga nagasiling, “Wala ka bala mahadlok sa Dios? Nagabaton ka sang pareho nga pamatbat kasubong sini nga tawo."
"And he said, Jesus, remember me when thou comest in thy kingdom.","Ang aton silot bagay gid man sa aton tungod kay nagabaton kita sang nagakaigo nga balos sang aton mga ginhimo, pero ini nga tawo wala sing nahimo nga malain.”"
"And he said unto him, Verily I say unto thee, To-day shalt thou be with me in Paradise.","Kag nagsiling sia kay Jesus, “Jesus, dumdoma ako kon maghari ka na!”"
"And it was now about the sixth hour, and a darkness came over the whole land until the ninth hour,","Si Jesus nagsiling sa iya, “Nagasaad ako sa imo, karon gid nga adlaw manginkaupod ko ikaw sa Paraiso.”"
the sun’s light failing: and the veil of the temple was rent in the midst.,Sang mga alas dose ang takna nagdulom ang bug-os nga duta tubtob sa alas tres sang hapon.
"And Jesus, crying with a loud voice, said, Father, into thy hands I commend my spirit: and having said this, he gave up the ghost.","Wala magsilak ang adlaw, kag ang kurtina sang Templo nagisi sa tunga."
"And when the centurion saw what was done, he glorified God, saying, Certainly this was a righteous man.","Dayon si Jesus nagsinggit sa mabaskog nga tingog, “Amay, sa imo mga kamot ginatugyan ko ang akon espiritu!” Sang makasiling sia sini napatay sia."
"And all the multitudes that came together to this sight, when they beheld the things that were done, returned smiting their breasts.","Sang makita sang opisyal sang mga soldado ang nahanabo, nagdayaw sia sa Dios nga nagasiling, “Matuod gid nga ini nga tawo matarong!”"
"And all his acquaintance, and the women that followed with him from Galilee, stood afar off, seeing these things.",Ang nahanabo nakita sang tanan nga mga tawo nga nagtipon sa pagtan-aw sang talan-awon. Nagpauli sila nga nagapamukpok sang ila mga dughan sa kasubo.
"And behold, a man named Joseph, who was a councillor, a good and righteous man","Ang tanan nga nakakilala kay Jesus, lakip sang mga babayi nga nagsunod sa iya halin sa Galilea, nagtindog sa malayo nga nagatan-aw sini nga mga butang."
"(he had not consented to their counsel and deed), a man of Arimathæa, a city of the Jews, who was looking for the kingdom of God:","50-51 May isa ka tawo nga ginhingalanan kay Jose nga naghalin sa Arimatea, isa ka banwa sa Judea. Maayo kag talahuron sia nga tawo, kag nagapaabot sia sang paghari sang Dios. Bisan nga katapo sia sang Konseho, wala sia magsugot sang ila tinutuyo kag buhat."
"this man went to Pilate, and asked for the body of Jesus.",Nagkadto sia kay Pilato kag iya ginpangayo ang bangkay ni Jesus.
"And he took it down, and wrapped it in a linen cloth, and laid him in a tomb that was hewn in stone, where never man had yet lain.","Dayon gintaltal niya ini, ginputos ini sang tela nga lino, kag ginbutang ini sa lulobngan nga ginguhab sa bato. Ini nga lulobngan wala pa gid malubngi."
"And it was the day of the Preparation, and the sabbath drew on.",Adlaw yadto sang Pag-aman kag ang Adlaw nga Inugpahuway manugsugod na.
"And the women, who had come with him out of Galilee, followed after, and beheld the tomb, and how his body was laid.",Ang mga babayi nga nagsunod kay Jesus halin sa Galilea nag-upod kay Jose kag nakita nila ang lulobngan kag kon paano ang pagbutang sang bangkay ni Jesus sa amo nga lulobngan.
"But on the first day of the week, at early dawn, they came unto the tomb, bringing the spices which they had prepared.","Aga pa gid sang nahauna nga adlaw sang simana, ang mga kababayin-an nagkadto sa lulobngan nga may dala nga mga pahamot nga ila ginhanda."
And they found the stone rolled away from the tomb.,Nakita nila nga napaligid na ang bato halin sa lulobngan.
"And they entered in, and found not the body of the Lord Jesus.","Gani nagsulod sila, pero wala nila makita ang bangkay ni Ginoong Jesus."
"And it came to pass, while they were perplexed thereabout, behold, two men stood by them in dazzling apparel:","Sang nagapalibog sila nahanungod sini, sa hinali may nagtindog sa tupad nila nga duha ka tawo nga nagasuksok sang bayu nga tama ka silaw."
"and as they were affrighted and bowed down their faces to the earth, they said unto them, Why seek ye the living among the dead?","Ang mga babayi hinadlukan gid, gani nagdungok sila, samtang ang duha ka tawo nagsiling sa ila, “Ngaa ginapangita ninyo ang buhi sa tunga sang mga minatay?"
"He is not here, but is risen: remember how he spake unto you when he was yet in Galilee,",Wala sia diri! Nabanhaw sia! Dumdoma ninyo ang ginsiling niya sa inyo sang didto pa sia sa Galilea:
"saying that the Son of man must be delivered up into the hands of sinful men, and be crucified, and the third day rise again.","‘Ang Anak sang Tawo dapat itugyan sa mga tawo nga makasasala, ilansang nila sia sa krus, kag mabanhaw sia sa ikatlo nga adlaw.’”"
"And they remembered his words,",Dayon nadumdoman sang mga babayi ang mga pulong ni Jesus.
"and returned from the tomb, and told all these things to the eleven, and to all the rest.",Nagpauli sila halin sa lulobngan kag nagsugid sang tanan nga mga butang sa onse ka mga apostoles kag sa iban pa nga mga sumolunod ni Jesus.
"Now they were Mary Magdalene, and Joanna, and Mary the mother of James: and the other women with them told these things unto the apostles.","Ang mga babayi amo sanday Maria Magdalena, Juana, kag Maria nga iloy ni Santiago. Sila kag ang iban pa nga mga babayi nga upod nila nagsugid sining mga butang sa mga apostoles."
And these words appeared in their sight as idle talk; and they disbelieved them.,"Pero ang mga apostoles naghunahuna nga ang ginpanugid sang mga babayi binuang, kag wala sila magpati sa ila."
"But Peter arose, and ran unto the tomb; and stooping and looking in, he seeth the linen cloths by themselves; and he departed to his home, wondering at that which was come to pass.",Pero si Pedro nagtindog kag nagdalagan pakadto sa lulobngan. Nagsid-ing sia kag ang iya nakita amo lamang ang mga panapton nga lino kag wala na sing iban. Dayon nagpauli sia nga natingala gid sang nahanabo.
"And behold, two of them were going that very day to a village named Emmaus, which was threescore furlongs from Jerusalem.","Sa sadto gid nga adlaw ang duha sang mga sumolunod ni Jesus nagapakadto sa barangay nga ginatawag Emaus, mga onse ka kilometro halin sa Jerusalem,"
And they communed with each other of all these things which had happened.,kag nagasugilanon sila nahanungod sang tanan nga mga butang nga nagkahanabo.
"And it came to pass, while they communed and questioned together, that Jesus himself drew near, and went with them.","Sang nagahambalanay sila kag nagapamangkutanay, si Jesus mismo nagpalapit kag naglakat upod sa ila."
But their eyes were holden that they should not know him.,"Nakita nila sia, pero wala nila sia makilal-i."
"And he said unto them, What communications are these that ye have one with another, as ye walk? And they stood still, looking sad.","Si Jesus nagpamangkot sa ila, “Ano bala ang ginahambalan ninyo samtang nagalakat kamo?”"
"And one of them, named Cleopas, answering said unto him, Dost thou alone sojourn in Jerusalem and not know the things which are come to pass there in these days?",Kag nagdulog sila nga nagapangasubo.
"And he said unto them, What things? And they said unto him, The things concerning Jesus the Nazarene, who was a prophet mighty in deed and word before God and all the people:","Ang isa sa ila nga ginhingalanan kay Cleopas nagsabat sa iya, “Ikaw lang bala ang bisita sa Jerusalem nga wala gid makahibalo sang mga butang nga nahanabo didto sa sining mga inadlaw?”"
"and how the chief priests and our rulers delivered him up to be condemned to death, and crucified him.","Nagpamangkot sia, “Ano nga mga butang?”"
"But we hoped that it was he who should redeem Israel. Yea and besides all this, it is now the third day since these things came to pass.","Nagsabat sila, “Ang mga nahanabo kay Jesus nga taga-Nazaret. Ini nga tawo propeta nga gamhanan sa pulong kag sa buhat sa atubang sang Dios kag sang tanan nga mga tawo."
"Moreover certain women of our company amazed us, having been early at the tomb;","Ang amon pangulo nga mga pari kag mga manugdumala nagtugyan sa iya agod pamatbatan nga pagapatyon, kag ginlansang nila sia sa krus."
"and when they found not his body, they came, saying, that they had also seen a vision of angels, who said that he was alive.","Kag naglaom kami nga sia amo ang magahilway sang Israel. Wala labot sini tanan, karon ikatlo na nga adlaw halin sang matabo ini."
"And certain of them that were with us went to the tomb, and found it even so as the women had said: but him they saw not.","Dugang pa sina, may kaupdanan kami nga mga babayi nga nagpatingala sa amon. Nagkadto sila sa lulobngan sing aga pa,"
"And he said unto them, O foolish men, and slow of heart to believe in all that the prophets have spoken!",pero wala nila makita ang iya bangkay. Nagbalik sila nga nagasiling nga nakakita sila sing palanan-awon sang mga anghel nga nagsugid sa ila nga buhi sia.
"Behooved it not the Christ to suffer these things, and to enter into his glory?","May mga kaupdanan kami nga nagkadto sa lulobngan kag nakita nila ang ginsugid sang mga babayi, pero wala nila si Jesus makita.”"
"And beginning from Moses and from all the prophets, he interpreted to them in all the scriptures the things concerning himself.","Dayon si Jesus nagsiling sa ila, “Daw ano ka buangbuang sa inyo, kag daw ano kahinay sa inyo sa pagpati sang tanan nga ginhambal sang mga propeta!"
"And they drew nigh unto the village, whither they were going: and he made as though he would go further.",Indi bala kinahanglan nga ang Cristo mag-antos sining mga butang kag ugaling pagahimayaon sia?”
"And they constrained him, saying, Abide with us; for it is toward evening, and the day is now far spent. And he went in to abide with them.","Kag ginsaysay ni Jesus sa ila ang tanan nga ginhambal sang mga Kasulatan nahanungod sa iya, sugod sa mga libro ni Moises kag sa mga sinulat sang tanan nga mga propeta."
"And it came to pass, when he had sat down with them to meat, he took the bread and blessed; and breaking it he gave to them.","Sang nagahinampot sila sa barangay nga ila pagakadtuan, nagpakita si Jesus nga daw mapadayon sia sa paglakat,"
"And their eyes were opened, and they knew him; and he vanished out of their sight.","pero ginhawiran nila sia nga nagasiling, “Upod ka na lang diri sa amon, kay hapon na ini kag dugaydugay gab-i na.” Gani nagsulod sia sa balay sa pagpabilin upod sa ila."
"And they said one to another, Was not our heart burning within us, while he spake to us in the way, while he opened to us the scriptures?","Nagpungko sia upod sa ila sa pagkaon, nagkuha sang tinapay, kag nagpasalamat. Dayon ginpamihakpihak niya ang tinapay kag ginhatag ini sa ila."
"And they rose up that very hour, and returned to Jerusalem, and found the eleven gathered together, and them that were with them,","Dayon nakamarasmas sila kag nakilala nila sia, pero nadula sia sa ila panulok."
"saying, The Lord is risen indeed, and hath appeared to Simon.","Nagsinilingay sila, “Indi bala nga nagdabdab kaangay sang kalayo ang aton balatyagon sang nagahambal sia sa aton sa dalanon kag nagsaysay sang mga Kasulatan sa aton?”"
"And they rehearsed the things that happened in the way, and how he was known of them in the breaking of the bread.",Sa gilayon nagtindog sila kag nagbalik sa Jerusalem sa diin nakita nila ang onse ka mga apostoles nga nagatipon upod sa iban nga mga gintuton-an
"And as they spake these things, he himself stood in the midst of them, and saith unto them, Peace be unto you.","kag nagsiling, “Matuod gid nga ang Ginoo nabanhaw! Nagpakita sia kay Simon!”"
"But they were terrified and affrighted, and supposed that they beheld a spirit.","Dayon ang duha nagsaysay sa ila sang nahanabo sa dalanon, kag kon paano nga nakilala nila ang Ginoo sang pagpamihakpihak niya sang tinapay."
"And he said unto them, Why are ye troubled? and wherefore do questionings arise in your heart?","Samtang ang duha nagapanugid sini nga mga butang sa ila, sa hinali nagpakita si Jesus mismo sa tunga nila nga nagatindog kag nagsiling sa ila, “Ang paghidait manginyara sa inyo.”"
"See my hands and my feet, that it is I myself: handle me, and see; for a spirit hath not flesh and bones, as ye behold me having.","Hinadlukan kag kinulbaan sila, kay naghunahuna sila nga nakakita sila sang murto."
"And when he had said this, he showed them his hands and his feet.","Pero nagsiling sia sa ila, “Ngaa bala natublag kamo? Ngaa nagaabot ang pagpangduhaduha sa inyo mga hunahuna?"
"And while they still disbelieved for joy, and wondered, he said unto them, Have ye here anything to eat?","Tan-awa ninyo ang akon mga kamot kag mga tiil, kay ako gid ini. Uyati ninyo ako kag mahibal-an ninyo, kay ang espiritu wala sing unod kag mga tul-an subong sang ginatan-aw ninyo nga ako may unod kag tul-an.”"
And they gave him a piece of a broiled fish.,Sang pagsiling niya sini ginpakita niya sa ila ang iya mga kamot kag mga tiil.
"And he took it, and ate before them.","Napuno gid sila sang kalipay kag katingala nga indi pa gid sila makapati. Gani si Jesus nagpamangkot sa ila, “May pagkaon bala kamo diri?”"
"And he said unto them, These are my words which I spake unto you, while I was yet with you, that all things must needs be fulfilled, which are written in the law of Moses, and the prophets, and the psalms, concerning me.","Ginhatagan nila sia sing sinugba nga isda,"
"Then opened he their mind, that they might understand the scriptures;",nga iya ginkuha kag ginkaon sa atubang nila.
"and he said unto them, Thus it is written, that the Christ should suffer, and rise again from the dead the third day;","Dayon nagsiling sia sa ila, “Amo ini nga mga butang ang ginsiling ko sa inyo sang kaupod pa ako ninyo: ang tanan nga nasulat nahanungod sa akon sa Kasugoan ni Moises, sa mga sinulat sang mga propeta, kag sa mga Salmo dapat nga matuman.”"
"and that repentance and remission of sins should be preached in his name unto all the nations, beginning from Jerusalem.",Dayon ginbuksan niya ang ila mga hunahuna sa paghangop sang mga Kasulatan.
Ye are witnesses of these things.,"Nagsiling sia sa ila, “Amo ini ang nasulat: ang Cristo dapat mag-antos kag mabanhaw sa ikatlo nga adlaw,"
"And behold, I send forth the promise of my Father upon you: but tarry ye in the city, until ye be clothed with power from on high.","kag sa iya ngalan ang mensahe nahanungod sang paghinulsol kag kapatawaran sang mga sala dapat iwali sa tanan nga mga kapungsoran, sugod sa Jerusalem."
"And he led them out until they were over against Bethany: and he lifted up his hands, and blessed them.",Kamo ang mga saksi sini nga mga butang.
"And it came to pass, while he blessed them, he parted from them, and was carried up into heaven.",Kag ako akon magapadala sa inyo sang ginsaad sang akon Amay. Pero maghulat kamo sa Jerusalem tubtob nga ang gahom gikan sa ibabaw mag-abot sa inyo.”
"And they worshipped him, and returned to Jerusalem with great joy:",Dayon gindala niya sila sa gwa sang siudad tubtob sa Betania sa diin ginbayaw niya ang iya mga kamot kag ginbendisyunan sila.
"and were continually in the temple, blessing God.","Samtang nagabendisyon sia sa ila, nagbulag sia sa ila kag gindala sia pa langit."
"The book of the generation of Jesus Christ, the son of David, the son of Abraham.",Amo ini ang lista sang mga katigulangan ni Jesu-Cristo nga kaliwat ni David nga kaliwat man ni Abraham.
Abraham begat Isaac; and Isaac begat Jacob; and Jacob begat Judah and his brethren;,"Si Abraham amay ni Isaac, si Isaac amay ni Jacob, si Jacob amay ni Juda kag sang iya mga utod nga lalaki."
and Judah begat Perez and Zerah of Tamar; and Perez begat Hezron; and Hezron begat Ram;,"Si Juda amay ni Fares kag ni Zera nga ang ila sini iloy si Tamar. Si Fares amay ni Esrom, kag si Esrom amay ni Aram."
and Ram begat Amminadab; and Amminadab begat Nahshon; and Nahshon begat Salmon;,"Si Aram amay ni Aminadab, si Aminadab amay ni Naason, si Naason amay ni Salmon,"
and Salmon begat Boaz of Rahab; and Boaz begat Obed of Ruth; and Obed begat Jesse;,"si Salmon amay ni Boaz kag ang iya sini iloy si Rahab. Si Boaz amay ni Obed kag ang iya sini iloy si Ruth. Si Obed amay ni Jesse,"
and Jesse begat David the king.,kag si Jesse amay ni Haring David.
And David begat Solomon of her that had been the wife of Uriah;,"Si David amay ni Solomon kag ang iya sini iloy amo ang asawa anay ni Urias,"
and Solomon begat Rehoboam; and Rehoboam begat Abijah; and Abijah begat Asa;,"si Solomon amay ni Rehoboam, si Rehoboam amay ni Abias, si Abias amay ni Asa,"
and Asa begat Jehoshaphat; and Jehoshaphat begat Joram; and Joram begat Uzziah;,"si Asa amay ni Josafat, si Josafat amay ni Joram, si Joram amay ni Uzias,"
and Uzziah begat Jotham; and Jotham begat Ahaz; and Ahaz begat Hezekiah;,"si Uzias amay ni Joatam, si Joatam amay ni Acaz, kag si Acaz amay ni Ezequias."
and Hezekiah begat Manasseh; and Manasseh begat Amon; and Amon begat Josiah;,"Si Ezequias amay ni Manases, si Manases amay ni Amon, si Amon amay ni Josias,"
"and Josiah begat Jechoniah and his brethren, at the time of the carrying away to Babylon.","si Josias amay ni Jeconias kag sang iya mga utod nga lalaki, sang tion nga ang mga taga-Israel ginbihag pakadto sa Babilonia."
"And after the carrying away to Babylon, Jechoniah begat Shealtiel; and Shealtiel begat Zerubbabel;","Sa tapos sang pagkabihag pakadto sa Babilonia, amo pa ini ang mga katigulangan ni Jesus: si Jeconias amay ni Salatiel, si Salatiel amay ni Zorobabel,"
"Now when Jesus was born in Bethlehem of Judæa in the days of Herod the king, behold, Wise-men from the east came to Jerusalem, saying,","Sang natawo na si Jesus sa banwa sang Betlehem nga sakop sang Judea sa panahon nga si Herodes ang hari, may nag-abot sa Jerusalem nga mga tawo halin sa Sidlangan, nga nakatuon sang mga bituon."
"Where is he that is born King of the Jews? for we saw his star in the east, and are come to worship him.","Nagpamangkot sila, “Sa diin na bala ang bata nga natawo nga manginhari sang mga Judio? Nakita namon ang iya bituon sa sidlangan, kag nag-abot kami sa pagsimba sa iya.”"
"And when Herod the king heard it, he was troubled, and all Jerusalem with him.","Sang pagkabati sini ni Haring Herodes natublag gid sia, subong man ang tanan nga mga tawo sa Jerusalem."
"And gathering together all the chief priests and scribes of the people, he inquired of them where the Christ should be born.","Gani ginpatawag niya ang tanan nga mga pangulo sang mga pari kag ang mga manunodlo sang Kasugoan kag nagpamangkot sia sa ila, “Sa diin bala matawo ang Cristo?”"
"And they said unto him, In Bethlehem of Judæa: for thus it is written through the prophet,","Nagsabat sila, “Didto sa banwa sang Betlehem nga sakop sang Judea, kay amo ini ang ginsulat sang propeta:"
"And thou Bethlehem, land of Judah,","‘Kamo nga mga taga-Betlehem sa duta sang Juda,"
Art in no wise least among the princes of Judah:,ang inyo banwa indi amo ang pinakakubos sa nagapanguna nga mga siudad sang Juda.
"For out of thee shall come forth a governor,",Kay sa inyo katawhan magagikan ang isa ka pangulo
Who shall be shepherd of my people Israel.,nga magatuytoy sa akon mga tawo nga Israelinhon.’”
"Then Herod privily called the Wise-men, and learned of them exactly what time the star appeared.",Dayon ginpatawag ni Herodes sing tago ang mga bisita halin sa Sidlangan kag nagpamangkot sing maid-id sa ila kon san-o gid nagpakita ang bituon.
"And he sent them to Bethlehem, and said, Go and search out exactly concerning the young child; and when ye have found him , bring me word, that I also may come and worship him.","Dayon ginpakadto niya sila sa Betlehem kag ginmanduan, “Lakat kamo kag pangitaa sing maid-id ang bata, kag kon inyo sia makita pahibal-a ninyo ako, agod makakadto man ako kag magsimba sa iya.”"
"And they, having heard the king, went their way; and lo, the star, which they saw in the east, went before them, till it came and stood over where the young child was.","9-10 Sang mabatian nila ang ginsiling sang hari, naglakat sila. Sang nagapanglakaton sila, nakita nila ang bituon nga nakita nila anay sa Sidlangan. Nagkalipay gid sila sang makita nila ang bituon. Nag-una ini sa ila kag nagdulog sa ibabaw sang lugar sa diin nahamtang ang bata."
"And when they saw the star, they rejoiced with exceeding great joy.","Nagsulod sila sa balay kag nakita nila ang bata kaupod sang iya iloy nga si Maria. Nagluhod sila kag nagsimba sa bata. Dayon ginbuksan nila ang ila mga dala, kag nagdulot sila sa iya sang bulawan, insyenso, kag mira."
"And they came into the house and saw the young child with Mary his mother; and they fell down and worshipped him; and opening their treasures they offered unto him gifts, gold and frankincense and myrrh.","Ginpaandaman sila sang Dios sa damgo nga indi sila magbalik kay Herodes, gani nagpauli sila paagi sa lain nga dalan."
"And being warned of God in a dream that they should not return to Herod, they departed into their own country another way.","Sang makahalin na ang mga bisita, ang anghel sang Ginoo nagpakita kay Jose sa damgo kag nagsiling, “Bangon ka, dalha ang bata kag ang iya iloy kag magpalagyo kamo sa Ehipto. Pabilin kamo didto tubtob magsiling ako sa inyo nga maghalin kamo kay si Herodes magapapangita sang bata sa pagpatay sa iya.”"
"Now when they were departed, behold, an angel of the Lord appeareth to Joseph in a dream, saying, Arise and take the young child and his mother, and flee into Egypt, and be thou there until I tell thee: for Herod will seek the young child to destroy him.","Gani si Jose nagbangon kag gindala ang bata kag ang iloy sini sa sina gid nga gab-i pakadto sa Ehipto,"
"And he arose and took the young child and his mother by night, and departed into Egypt;","sa diin sila nag-estar tubtob nga si Herodes napatay. Ini nahanabo agod matuman ang ginsiling sang Ginoo paagi sa propeta, “Gintawag ko ang akon anak nga lalaki halin sa Ehipto.”"
"and was there until the death of Herod: that it might be fulfilled which was spoken by the Lord through the prophet, saying, Out of Egypt did I call my son.","Sang mahibal-an ni Herodes nga ginpalapaw sia sang mga bisita gikan sa Sidlangan, naakig gid sia. Nagmando sia nga pamatyon ang tanan nga mga bata nga lalaki sa Betlehem kag sa iya sini palibot nga mga banwa halin sa duha ka tuig paidalom, suno sa tion nga iya nahibal-an sa mga bisita kon san-o nagpakita ang bituon."
"Then Herod, when he saw that he was mocked of the Wise-men, was exceeding wroth, and sent forth, and slew all the male children that were in Bethlehem, and in all the borders thereof, from two years old and under, according to the time which he had exactly learned of the Wise-men.",Sa sini natuman ang ginsiling ni Jeremias nga propeta:
"Then was fulfilled that which was spoken through Jeremiah the prophet, saying,",“Isa ka tingog ang nabatian sa banwa sang Rama.
"A voice was heard in Ramah,",Ang tingog sang pagpanalambiton kag paghinibi.
"Weeping and great mourning,","Si Raquel nagahibi tungod sa iya mga kabataan,"
Rachel weeping for her children;,"indi gid sia malugpayan,"
"And she would not be comforted, because they are not.",kay sila nagkalamatay.”
"But when Herod was dead, behold, an angel of the Lord appeareth in a dream to Joseph in Egypt, saying,","Sang napatay na si Herodes, ang anghel sang Ginoo nagpakita paagi sa damgo kay Jose nga didto sa Ehipto"
"Arise and take the young child and his mother, and go into the land of Israel: for they are dead that sought the young child’s life.","kag nagsiling, “Bangon ka, dalha ang bata kag ang iya iloy kag balik ka sa duta sang Israel kay patay na ang mga nagahingabot sa kabuhi sang bata.”"
"And in those days cometh John the Baptist, preaching in the wilderness of Judæa, saying,",Sa sadtong mga adlaw nag-abot si Juan nga manugbautiso nga nagawali sa desierto sang Judea.
Repent ye; for the kingdom of heaven is at hand.,"Nagsiling sia, “Untati ninyo ang pagpakasala, kay ang Ginharian sang langit malapit na!”"
"For this is he that was spoken of through Isaiah the prophet, saying,",Si Juan amo ang tawo nga gintumod ni Isaias nga propeta sang magsiling sia:
"The voice of one crying in the wilderness,","“Nagawali sing mabaskog ang isa ka tawo sa desierto,"
"Make ye ready the way of the Lord,","‘Amana ninyo ang alagyan para sa Ginoo,"
Make his paths straight.,maghimo kamo sing tadlong nga dalan nga iya pagaagyan!’”
"Now John himself had his raiment of camel’s hair, and a leathern girdle about his loins; and his food was locusts and wild honey.","Ang bayu ni Juan nahimo sa bulbol sang kamelyo, kag ang iya paha panit. Ang iya kalan-on apan kag dugos sa talon."
"Then went out unto him Jerusalem, and all Judæa, and all the region round about the Jordan;","Nagkadto sa iya ang mga tawo nga halin sa Jerusalem, halin sa bug-os nga probinsya sang Judea kag halin sa tanan nga mga lugar sa palibot sang Suba sang Jordan."
"and they were baptized of him in the river Jordan, confessing their sins.",Gintuad nila ang ila mga sala kag ginbautisohan niya sila sa Jordan.
"But when he saw many of the Pharisees and Sadducees coming to his baptism, he said unto them, Ye offspring of vipers, who warned you to flee from the wrath to come?","Sang pagkakita ni Juan nga madamo ang mga Fariseo kag mga Saduceo nga nagpalapit sa iya sa pagpabautiso, nagsiling sia sa ila, “Mga kaliwat sang man-og! Sin-o bala ang nagsiling sa inyo nga makapalagyo kamo sa kaakig sang Dios nga madali na lang mag-abot?"
Bring forth therefore fruit worthy of repentance:,Pamatud-i ninyo sa inyo mga buhat nga naghinulsol kamo sang inyo mga sala.
"and think not to say within yourselves, We have Abraham to our father: for I say unto you, that God is able of these stones to raise up children unto Abraham.",Indi kamo maghunahuna nga makapalagyo kamo sa silot paagi sa pagsiling nga si Abraham amo ang inyo amay. Nagasiling ako sa inyo nga ang Dios makahimo sining mga bato nga mga anak ni Abraham!
"And even now the axe lieth at the root of the trees: every tree therefore that bringeth not forth good fruit is hewn down, and cast into the fire.",Ang Dios handa na sa pagwasay sang mga kahoy sa ila mga gamot. Ang tagsa ka kahoy nga indi maayo ang bunga pagatapson kag ihaboy sa kalayo.
"I indeed baptize you in water unto repentance: but he that cometh after me is mightier than I, whose shoes I am not worthy to bear: he shall baptize you in the Holy Spirit and in fire:","Nagabautiso ako sa inyo sang tubig sa pagpakilala nga naghinulsol kamo, pero ang magaabot nga dason sa akon magabautiso sa inyo sang Espiritu Santo kag sang kalayo. Mas gamhanan pa sia sang sa akon, kag indi gani ako takos bisan pa sa pagbitbit sang iya mga sandalyas."
"whose fan is in his hand, and he will thoroughly cleanse his threshing-floor; and he will gather his wheat into the garner, but the chaff he will burn up with unquenchable fire.","Ginauyatan na niya ang iya inugpahangin sa pagpain sang tinggas sa upa. Dayon pagatipunon niya ang matinggas nga mga uyas sa iya bodega, pero pagasunogon niya ang upa sa kalayo nga indi gid mapalong.”"
"Then cometh Jesus from Galilee to the Jordan unto John, to be baptized of him.","Dayon nag-abot si Jesus sa Jordan halin sa Galilea, kag nagkadto sia kay Juan sa pagpabautiso."
"But John would have hindered him, saying, I have need to be baptized of thee, and comest thou to me?","Si Juan indi kuntani magbautiso sa iya nga nagasiling, “Ako ang dapat magpabautiso sa imo, kag ikaw pa karon ang nagpalapit sa akon?”"
"But Jesus answering said unto him, Suffer it now: for thus it becometh us to fulfil all righteousness. Then he suffereth him.","Pero si Jesus nagsabat sa iya, “Sa subong, sigi lang. Kay sa sini nga paagi ginatuman ta ang tanan nga ginapaabot sang Dios.” Dayon nagpasugot si Juan."
"And Jesus, when he was baptized, went up straightway from the water: and lo, the heavens were opened unto him, and he saw the Spirit of God descending as a dove, and coming upon him;","Gani ginbautisohan si Jesus. Sa gilayon sang pagtakas niya sa tubig, nag-abri ang langit kag nakita niya ang Espiritu sang Dios nga nagkunsad subong sang isa ka pating kag naghapon sa iya."
"and lo, a voice out of the heavens, saying, This is my beloved Son, in whom I am well pleased.","Kag may tingog gikan sa langit nga nagsiling, “Amo ini ang hinigugma ko nga Anak nga akon gid nahamut-an.”"
Then was Jesus led up of the Spirit into the wilderness to be tempted of the devil.,Dayon si Jesus gindala sang Espiritu Santo sa desierto agod sulayon sang Yawa.
"And when he had fasted forty days and forty nights, he afterward hungered.","Sa tapos ang kwarenta ka adlaw kag kwarenta ka gab-i nga pagpuasa, si Jesus gingutom."
"And the tempter came and said unto him, If thou art the Son of God, command that these stones become bread.","Ang Yawa nagpalapit sa iya kag nagsiling, “Kon ikaw ang Anak sang Dios, sugoa ining mga bato nga mangintinapay.”"
"But he answered and said, It is written, Man shall not live by bread alone, but by every word that proceedeth out of the mouth of God.","Pero si Jesus nagsabat, “Ang kasulatan nagasiling, ‘Indi lamang sa tinapay mabuhi ang tawo, kundi sa tagsa ka pulong nga ginahambal sang Dios.’”"
"Then the devil taketh him into the holy city; and he set him on the pinnacle of the temple,","Dason gindala sang Yawa si Jesus sa Jerusalem, ang Balaan nga Siudad kag ginpatindog sia sa pinakamataas nga bahin sang Templo,"
"and saith unto him, If thou art the Son of God, cast thyself down: for it is written,","kag nagsiling ang Yawa sa iya, “Kon ikaw ang Anak sang Dios, lukso ka paidalom, kay ang kasulatan nagasiling,"
He shall give his angels charge concerning thee:,"‘Ang Dios magasugo sa iya mga anghel sa pagbantay sa imo,"
"and,","bayawon ka nila sa ila mga kamot,"
"On their hands they shall bear thee up,",agod nga indi masamad ang imo mga tiil sa mga bato.’”
Lest haply thou dash thy foot against a stone.,"Si Jesus nagsabat, “Pero ang kasulatan nagasiling man, ‘Indi mo pagsulayon ang Ginoo nga imo Dios.’”"
"Jesus said unto him, Again it is written, Thou shalt not make trial of the Lord thy God.","Dason gindala pa gid sang Yawa si Jesus sa isa ka tama ka taas nga bukid, kag ginpakita sa iya ang tanan nga mga ginharian sang kalibutan kag ang kadayawan sini."
"Again, the devil taketh him unto an exceeding high mountain, and showeth him all the kingdoms of the world, and the glory of them;","Ang Yawa nagsiling, “Ini tanan ihatag ko sa imo kon magluhod ka kag magsimba sa akon.”"
"and he said unto him, All these things will I give thee, if thou wilt fall down and worship me.","Si Jesus nagsabat, “Palayo ka, Satanas! Ang kasulatan nagasiling, ‘Magsimba ka sa Ginoo nga imo Dios, kag sia lamang ang imo alagaron!’”"
"Then saith Jesus unto him, Get thee hence, Satan: for it is written, Thou shalt worship the Lord thy God, and him only shalt thou serve.","Dayon ang Yawa nagbiya kay Jesus, kag ang mga anghel nag-abot kag nag-alagad sa iya."
"Then the devil leaveth him; and behold, angels came and ministered unto him.","Sang mabatian ni Jesus nga ginbilanggo si Juan, nagkadto sia sa Galilea."
"Now when he heard that John was delivered up, he withdrew into Galilee;","Naghalin sia sa Nazaret kag nagkadto sa pag-estar sa Capernaum, ang banwa sa higad sang Linaw sang Galilea nga sakop sang Zabulon kag Neftali."
"and leaving Nazareth, he came and dwelt in Capernaum, which is by the sea, in the borders of Zebulun and Naphtali:",Nahanabo ini agod matuman ang ginsiling ni Isaias nga propeta:
"that it might be fulfilled which was spoken through Isaiah the prophet, saying,","“Kamo nga mga taga-Zabulon, kamo nga mga taga-Neftali,"
"The land of Zebulun and the land of Naphtali,","sa dalan padulong sa baybayon, sa tabok sang Jordan."
"Toward the sea, beyond the Jordan,","Galilea, ang duta sang mga Hentil!"
"Galilee of the Gentiles,",Ang mga tawo nga nagakabuhi sa kadudulman
The people that sat in darkness,makakita sang daku nga kapawa.
"Saw a great light,",Sa mga nagaestar sa madulom nga duta sang kamatayon
"And to them that sat in the region and shadow of death,",ang kapawa magasilak.”
To them did light spring up.,"Halin sadto nga tion si Jesus nagsugod sa pagpangwali nga nagasiling, “Magbiya kamo sa inyo mga sala tungod kay ang Ginharian sang langit malapit na!”"
"From that time began Jesus to preach, and to say, Repent ye; for the kingdom of heaven is at hand.","Sang nagalakat si Jesus sa higad sang Linaw sang Galilea, nakita niya ang duha ka mag-utod nga mangingisda. Sila amo sanday Simon nga ginatawag Pedro kag si Andres nga iya utod nga nagaladlad sang ila pukot sa pagpangisda."
"And walking by the sea of Galilee, he saw two brethren, Simon who is called Peter, and Andrew his brother, casting a net into the sea; for they were fishers.","Si Jesus nagsiling sa ila, “Upod kamo sa akon kay tudloan ko kamo sa pagpangisda sang mga tawo.”"
"And he saith unto them, Come ye after me, and I will make you fishers of men.",Sa gilayon ginbayaan nila ang ila mga pukot kag nag-upod sa iya.
"And they straightway left the nets, and followed him.","Naglakat pa gid si Jesus sa unhan kag nakita naman niya ang duha ka mag-utod nga amo sanday Santiago kag Juan nga mga anak ni Zebedeo. Didto sila sa ila sakayan kaupod sang ila amay nga si Zebedeo nga nagaaman sang ila mga pukot. Gintawag sila ni Jesus,"
"And going on from thence he saw two other brethren, James the son of Zebedee, and John his brother, in the boat with Zebedee their father, mending their nets; and he called them.",kag sa gilayon ginbayaan nila ang ila sakayan kag ang ila amay kag nag-upod sila kay Jesus.
"And seeing the multitudes, he went up into the mountain: and when he had sat down, his disciples came unto him:","Sang makita ni Jesus ang madamo nga mga tawo nga nagasunod sa iya, nagtaklad sia sa bukid. Sang nakapungko sia, nagpalapit sa iya ang iya mga gintuton-an,"
"and he opened his mouth and taught them, saying,",kag nagsugod sia sa pagtudlo sa ila sang masunod:
Blessed are the poor in spirit: for theirs is the kingdom of heaven.,"“Malipayon ang mga nagakilala nga sila nagakinahanglan sang Dios,"
Blessed are they that mourn: for they shall be comforted.,kay ila ang Ginharian sang langit!
Blessed are the meek: for they shall inherit the earth.,"“Malipayon ang mga nagakasubo,"
Blessed are they that hunger and thirst after righteousness: for they shall be filled.,kay pagalipayon sila sang Dios!
Blessed are the merciful: for they shall obtain mercy.,"“Malipayon ang mga mapainuboson,"
Blessed are the pure in heart: for they shall see God.,kay magabaton sila sang ginsaad sang Dios!
Blessed are the peacemakers: for they shall be called sons of God.,"“Malipayon ang may daku nga handom sa paghimo sang ginapaabot sang Dios,"
Blessed are they that have been persecuted for righteousness’ sake: for theirs is the kingdom of heaven.,kay ang Dios magahatag sing katumanan sina nga handom!
"Blessed are ye when men shall reproach you, and persecute you, and say all manner of evil against you falsely, for my sake.","“Malipayon ang mga maluloy-on,"
"Rejoice, and be exceeding glad: for great is your reward in heaven: for so persecuted they the prophets that were before you.",kay pagakaluoyan man sila sang Dios!
"Ye are the salt of the earth: but if the salt have lost its savor, wherewith shall it be salted? it is thenceforth good for nothing, but to be cast out and trodden under foot of men.","“Malipayon ang may putli nga tagipusoon,"
Ye are the light of the world. A city set on a hill cannot be hid.,kay makita nila ang Dios!
"Neither do men light a lamp, and put it under the bushel, but on the stand; and it shineth unto all that are in the house.","“Malipayon ang nagapaluntad sang paghidait sa tunga sang mga tawo,"
"Even so let your light shine before men; that they may see your good works, and glorify your Father who is in heaven.",kay ang Dios magatawag sa ila nga iya mga anak!
"Think not that I came to destroy the law or the prophets: I came not to destroy, but to fulfil.","“Malipayon ang mga ginahingabot tungod kay ginahimo nila ang ginapaabot sang Dios sa ila,"
"For verily I say unto you, Till heaven and earth pass away, one jot or one tittle shall in no wise pass away from the law, till all things be accomplished.",kay ila ang Ginharian sang langit!
"Whosoever therefore shall break one of these least commandments, and shall teach men so, shall be called least in the kingdom of heaven: but whosoever shall do and teach them, he shall be called great in the kingdom of heaven.",“Malipayon kamo kon ang mga tawo magpasipala kag maghingabot kag magbutangbutang sa inyo tungod kay kamo sumolunod ko.
"For I say unto you, that except your righteousness shall exceed the righteousness of the scribes and Pharisees, ye shall in no wise enter into the kingdom of heaven.","Magkalipay kag maghinugyaw kamo, tungod kay daku ang inyo balos sa langit. Kay amo ini nga paghingabot ang naaguman sang mga propeta nga nauna sa inyo."
"Ye have heard that it was said to them of old time, Thou shalt not kill; and whosoever shall kill shall be in danger of the judgment:","“Kaangay kamo sang asin para sa mga tawo. Pero kon ang asin indi na maarat, wala na sing paagi nga mapaarat pa ini. Wala na ini sing pulos kundi itampok sa dalan kag tapakon sang mga tawo."
"but I say unto you, that every one who is angry with his brother shall be in danger of the judgment; and whosoever shall say to his brother, Raca, shall be in danger of the council; and whosoever shall say, Thou fool, shall be in danger of the hell of fire.",“Kaangay kamo sang kapawa para sa kalibutan. Ang siudad nga napatindog sa ibabaw sang bakulod indi matago.
"If therefore thou art offering thy gift at the altar, and there rememberest that thy brother hath aught against thee,","Wala sing tawo nga nagasindi sing suga nga takloban man lang niya ini sang sulokban, kundi ginabutang niya ini sa tulongtungan agod maiwagan ang tanan nga yara sa balay."
"leave there thy gift before the altar, and go thy way, first be reconciled to thy brother, and then come and offer thy gift.","Subong man dapat ninyo pasigahon ang inyo kapawa sa mga tawo agod makita nila ang inyo maayo nga mga binuhatan, kag magadayaw sila sa inyo Amay nga yara sa langit."
"Agree with thine adversary quickly, while thou art with him in the way; lest haply the adversary deliver thee to the judge, and the judge deliver thee to the officer, and thou be cast into prison.","“Indi kamo maghunahuna nga nag-abot ako sa pagdula sang Kasugoan ni Moises kag sang mga ginpanudlo sang mga propeta. Wala ako mag-abot sa pagdula sini, kundi sa pagdala sang katumanan sini."
"Verily I say unto thee, Thou shalt by no means come out thence, till thou have paid the last farthing.","Dumdoma ninyo ini! Samtang may langit pa kag duta, wala sing bisan isa ka kudlit ukon labing diutay nga bahin sang Kasugoan nga pagadulaon tubtob nga matuman ang tanan."
"Ye have heard that it was said, Thou shalt not commit adultery:","Gani, ang bisan sin-o nga maglapas sang pinakadiutay sang mga kasugoan kag magpanudlo sa iban sa paglapas man, manginlabing kubos sa Ginharian sang langit. Pero ang bisan sin-o nga magtuman sang Kasugoan kag magtudlo sa iban sa pagtuman man, mangindaku sa Ginharian sang langit."
"but I say unto you, that every one that looketh on a woman to lust after her hath committed adultery with her already in his heart.","Gani nagasiling ako sa inyo nga sarang lang kamo makasulod sa Ginharian sang langit, kon ang inyo katutom sa pagtuman sang ginapaabot sang Dios sa inyo, maglabaw pa sang sa katutom sang mga manunodlo sang Kasugoan kag sang mga Fariseo."
"And if thy right eye causeth thee to stumble, pluck it out, and cast it from thee: for it is profitable for thee that one of thy members should perish, and not thy whole body be cast into hell.","“Inyo nabatian ang ginsiling sang una sa inyo mga katigulangan, ‘Indi ka magpatay sang tawo. Ang bisan sin-o nga makapatay pagadalhon sa hukmanan.’"
"And if thy right hand causeth thee to stumble, cut it off, and cast it from thee: for it is profitable for thee that one of thy members should perish, and not thy whole body go into hell.","Pero karon nagasiling ako sa inyo nga ang bisan sin-o nga nagakaakig sa iya utod, pagadalhon sa hukmanan, kag ang bisan sin-o nga nagapakalain sa iya utod, sa pagsiling sa iya, ‘Hoy, waay ka pulos!’ pagadalhon sa Pinakamataas nga Hukmanan, kag ang bisan sin-o nga nagasiling sa iya utod, ‘Hoy, buang!’ may katalagman nga magpaimpierno."
"It was said also, Whosoever shall put away his wife, let him give her a writing of divorcement:","Gani kon nagahalad ikaw sang imo dulot sa altar kag dira madumdoman mo nga ang imo utod may aligutgot sa imo,"
"but I say unto you, that every one that putteth away his wife, saving for the cause of fornication, maketh her an adulteress: and whosoever shall marry her when she is put away committeth adultery.","bayai anay ang imo dulot sa atubangan sang altar. Maglakat ka kag sa gilayon magpakighusay sa imo utod, kag ugaling magbalik ka kag maghalad sang imo dulot sa Dios."
"Again, ye have heard that it was said to them of old time, Thou shalt not forswear thyself, but shalt perform unto the Lord thine oaths:","“Kon may tawo nga magsumbong sa imo sa hukmanan, magpakighusay ka sa iya samtang may tion pa kag wala pa kamo makakadto sa hukmanan, kay kon didto na kamo, iya ikaw itugyan sa hukom kag ang hukom magatugyan sa imo sa gwardya, kag isulod ka sa bilangguan."
"but I say unto you, Swear not at all; neither by the heaven, for it is the throne of God;","Nagasiling ako sa imo, magapabilin ka didto tubtob mabayaran mo ang tanan mo nga multa."
"nor by the earth, for it is the footstool of his feet; nor by Jerusalem, for it is the city of the great King.","“Nabatian ninyo ang ginsiling sang una, ‘Indi kamo magpanginbabayi ukon magpanginlalaki.’"
"Neither shalt thou swear by thy head, for thou canst not make one hair white or black.","Pero karon nagasiling ako sa inyo: ang bisan sin-o nga nagatulok sa babayi kag nagahandom sa pagpakighilawas sa iya, nakapakasala na sang pagpanginbabayi sa iya tagipusoon."
"But let your speech be, Yea, yea; Nay, nay: and whatsoever is more than these is of the evil one .","Gani kon ang imo tuo nga mata, manginkabangdanan sang imo pagpakasala lukata ini kag ihaboy! Mas maayo pa nga madula ang isa ka bahin sang imo lawas sang sa itagbong ang imo bug-os nga lawas sa impierno."
"Ye have heard that it was said, An eye for an eye, and a tooth for a tooth:","Kon ang imo tuo nga kamot manginkabangdanan sang imo pagpakasala, utda ini kag ihaboy! Mas maayo pa nga madula ang isa ka bahin sang imo lawas sang sa itagbong ang imo bug-os nga lawas sa impierno."
"but I say unto you, Resist not him that is evil: but whosoever smiteth thee on thy right cheek, turn to him the other also.","“Nasiling pa gid, ‘Ang bisan sin-o nga magbulag sa iya asawa, kinahanglan maghatag sia sa iya asawa sang papeles sang pagbulagay.’"
"And if any man would go to law with thee, and take away thy coat, let him have thy cloak also.","Pero karon nagasiling ako sa inyo: ang bisan sin-o indi magbulag sa iya asawa luas lamang sa kabangdanan nga sia nagpanginlalaki. Kon bulagan sia, ang iya bana amo ang may salabton nga sia nagpanginlalaki, subong nga ang bisan sin-o nga tawo nga nagpangasawa sa iya nakasala sa pagpanginbabayi."
"And whosoever shall compel thee to go one mile, go with him two.","“Inyo man nabatian ang ginsiling sa mga tawo sang una, ‘Indi ka magsumpa sang indi mo man lang pagtumanon, kundi tumanon mo ang imo ginsumpa sa Ginoo.’"
"Give to him that asketh thee, and from him that would borrow of thee turn not thou away.","Pero karon nagasiling ako sa inyo: indi kamo magsumpa kon magsaad kamo. Indi kamo magsumpa nga nagasiling, ‘Saksi ko ang langit,’ kay amo ini ang trono sang Dios,"
"Ye have heard that it was said, Thou shalt love thy neighbor, and hate thine enemy:","ukon magsiling, ‘Saksi ko ang duta,’ kay amo ini ang tulongtungan sang iya mga tiil, ukon magsiling, ‘Saksi ko ang Jerusalem,’ kay amo ini ang siudad sang gamhanan nga Hari."
"but I say unto you, Love your enemies, and pray for them that persecute you;","Indi ka man magpanumpa nga nagasiling, ‘Bisan utdan pa ako sang ulo,’ tungod kay indi ikaw makapaputi ukon makapaitom sang bisan isa lang ka nahot nga buhok."
"that ye may be sons of your Father who is in heaven: for he maketh his sun to rise on the evil and the good, and sendeth rain on the just and the unjust.","Magsiling lang kamo ‘Huo’ ukon ‘Indi’ kay ang bisan ano pa nga dugang sini, nagagikan sa Yawa."
"For if ye love them that love you, what reward have ye? do not even the publicans the same?","“Nabatian ninyo ang ginsiling, ‘Kon lukaton niya ang imo mata, lukata man ang iya, kag kon bingawon niya ang imo ngipon, bingawa man ang iya.’"
"And if ye salute your brethren only, what do ye more than others ? do not even the Gentiles the same?","Pero karon nagasiling ako sa inyo: indi kamo magtimalos sa nagabuhat sing malain sa inyo. Kon tampaon ka sa imo tuo nga guya, itaya man ang imo pihak nga guya sa iya."
"Ye therefore shall be perfect, as your heavenly Father is perfect.","Kon may tawo nga magsumbong sa imo sa korte sa tuyo nga kuhaon niya ang imo bayu, ihatag man sa iya pati ang imo kunop."
"Take heed that ye do not your righteousness before men, to be seen of them: else ye have no reward with your Father who is in heaven.",“Mag-andam kamo nga indi magpakitakita sa mga tawo sang inyo maayo nga ginahimo. Kay kon magpakitakita kamo wala na kamo sing balos sa inyo Amay nga yara sa langit.
"When therefore thou doest alms, sound not a trumpet before thee, as the hypocrites do in the synagogues and in the streets, that they may have glory of men. Verily I say unto you, They have received their reward.","“Gani kon ikaw magpanglimos, indi mo ini pag-ipanugidsugid subong sang ginahimo sang mga tawo nga salimpapaw sa mga sinagoga kag sa mga dalan. Ginahimo nila ini agod nga ang mga tawo magdayaw sa ila. Dumdoma ninyo ini! Nabaton na nila ang ila balos."
"But when thou doest alms, let not thy left hand know what thy right hand doeth:","Pero kon magbulig ka sa tawo nga nagakinahanglan, himua nga bisan ang imo mahirop nga abyan indi makahibalo,"
that thine alms may be in secret: and thy Father who seeth in secret shall recompense thee.,kundi ikaw gid lang. Kag ang imo Amay nga nagatan-aw sang imo ginahimo sa tago magabalos sa imo.
"And when ye pray, ye shall not be as the hypocrites: for they love to stand and pray in the synagogues and in the corners of the streets, that they may be seen of men. Verily I say unto you, They have received their reward.","“Kon magpangamuyo kamo, indi kamo magmanginkaangay sa mga tawo nga hipokrito! Luyag sila magpangamuyo nga nagatindog sa mga sinagoga kag sa mga ginsang-an sang mga dalan, agod nga makita sila sang mga tawo. Dumdoma ninyo ini! Nabaton na nila ang ila balos."
"But thou, when thou prayest, enter into thine inner chamber, and having shut thy door, pray to thy Father who is in secret, and thy Father who seeth in secret shall recompense thee.","Pero kon magpangamuyo ka, sulod ka sa imo kwarto, sirahi ang pwertahan kag magpangamuyo ka sa imo Amay nga indi makita. Kag ang imo Amay nga nagatan-aw sang imo ginahimo sa tago magabalos sa imo."
"And in praying use not vain repetitions, as the Gentiles do: for they think that they shall be heard for their much speaking.","“Sa inyo pagpangamuyo indi kamo maggamit sang madamo nga mga pulong nga wala sing pulos subong sang ginahimo sang mga pagano, nga nagahunahuna nga pagapamatian sila sang ila mga dios tungod kay malawig ang ila mga pangamuyo."
"Be not therefore like unto them: for your Father knoweth what things ye have need of, before ye ask him.","Indi kamo magmanginkaangay sa ila, kay ang inyo Amay nakahibalo na sang inyo kinahanglan sa wala pa kamo makapangayo sa iya."
"After this manner therefore pray ye: Our Father who art in heaven, Hallowed be thy name.",Gani magpangamuyo kamo sing subong sini:
"Thy kingdom come. Thy will be done, as in heaven, so on earth.","‘Amay namon nga yara sa langit,"
Give us this day our daily bread.,pasidunggan ang imo balaan nga ngalan;
"And forgive us our debts, as we also have forgiven our debtors.","kabay ang imo paghari magsugod,"
"And bring us not into temptation, but deliver us from the evil one .",kabay matuman ang imo kabubot-on sa duta subong sang sa langit.
"For if ye forgive men their trespasses, your heavenly Father will also forgive you.","Hatagi kami sa sini nga adlaw sang kalan-on nga amon kinahanglanon,"
"But if ye forgive not men their trespasses, neither will your Father forgive your trespasses.","Patawara kami sang amon mga sala,"
"Moreover when ye fast, be not, as the hypocrites, of a sad countenance: for they disfigure their faces, that they may be seen of men to fast. Verily I say unto you, They have received their reward.",subong nga ginapatawad man namon ang mga nakasala sa amon.
"But thou, when thou fastest, anoint thy head, and wash thy face;","Indi kami pagdalha sa mabudlay nga pagtilaw,"
"that thou be not seen of men to fast, but of thy Father who is in secret: and thy Father, who seeth in secret, shall recompense thee.",kundi luwasa kami sa Malaut.
"Lay not up for yourselves treasures upon the earth, where moth and rust consume, and where thieves break through and steal:","“Kay kon ginapatawad ninyo ang mga nakasala sa inyo, ang inyo Amay sa langit magapatawad man sa inyo."
"but lay up for yourselves treasures in heaven, where neither moth nor rust doth consume, and where thieves do not break through nor steal:","Pero kon wala ninyo ginapatawad ang mga nakasala sa inyo, ang inyo Amay sa langit indi man magpatawad sa inyo."
"for where thy treasure is, there will thy heart be also.","“Kag kon magpuasa kamo, indi kamo magpakita nga masinulob-on kamo subong sang ginahimo sang mga hipokrito, kay luyag sila magpakita sa ila guya sang kagutom agod ang mga tawo makahibalo nga sila nagapuasa. Dumdoma ninyo ini! Nabaton na nila ang ila balos."
"The lamp of the body is the eye: if therefore thine eye be single, thy whole body shall be full of light.","Pero kon magpuasa kamo, magpanghilam-os kag magpanghusay kamo,"
"But if thine eye be evil, thy whole body shall be full of darkness. If therefore the light that is in thee be darkness, how great is the darkness!","agod nga ang iban nga mga tawo indi makahibalo nga nagapuasa kamo, kundi ang inyo lamang Amay nga indi makita. Kag ang inyo Amay nga nagatan-aw sang inyo ginahimo sa tago magabalos sa inyo."
"No man can serve two masters: for either he will hate the one, and love the other; or else he will hold to one, and despise the other. Ye cannot serve God and mammon.","“Indi kamo magtipon sing mga manggad para sa inyo kaugalingon diri sa duta, sa diin ang mga sapatsapat kag ang tuktok makaut-ot kag ang mga makawat makasulod sa pagpangawat."
"Therefore I say unto you, Be not anxious for your life, what ye shall eat, or what ye shall drink; nor yet for your body, what ye shall put on. Is not the life more than the food, and the body than the raiment?","Sa baylo, magtipon kamo sing mga manggad sa langit, sa diin wala sing sapatsapat kag tuktok nga makaut-ot kag ang mga makawat indi makasulod sa pagpangawat."
"Behold the birds of the heaven, that they sow not, neither do they reap, nor gather into barns; and your heavenly Father feedeth them. Are not ye of much more value than they?",Kay kon diin ang inyo manggad didto man ang inyo tagipusoon.
And which of you by being anxious can add one cubit unto the measure of his life?,"“Ang mga mata kasubong sang suga sa lawas. Kon ang imo mga mata maayo, ang imo bug-os nga lawas puno sang kapawa."
"And why are ye anxious concerning raiment? Consider the lilies of the field, how they grow; they toil not, neither do they spin:","Pero kon ang imo mga mata indi maayo, ang imo bug-os nga lawas yara sa kadudulman. Gani kon ang kapawa nga yara sa imo manginkadudulman, daw ano pa gid kadulom ina nga kadudulman!"
"yet I say unto you, that even Solomon in all his glory was not arrayed like one of these.","“Wala sing tawo nga makaalagad sa duha ka agalon. Kay kontrahon niya ang isa kag higugmaon ang isa, ukon magadampig sia sa isa kag magatamay sa isa. Indi kamo makaalagad sing dungan sa Dios kag sa manggad."
"But if God doth so clothe the grass of the field, which to-day is, and to-morrow is cast into the oven, shall he not much more clothe you, O ye of little faith?","“Amo ini ang kabangdanan kon ngaa nagasiling ako sa inyo nga indi kamo magpalibog kon ano ang inyo pagakaunon kag pagaimnon agod kamo mabuhi, ukon ano ang inyo isuksok sa inyo lawas. Indi bala ang kabuhi mas labi pa sang sa kalan-on kag ang lawas mas labi pa sang sa panapton?"
"Be not therefore anxious, saying, What shall we eat? or, What shall we drink? or, Wherewithal shall we be clothed?","Tan-awa bala ang mga pispis sa palibot: wala sila nagasab-og sing binhi ukon nagaani, ukon nagatipon sang patubas sa mga bodega, pero ang inyo Amay sa langit nagapakaon sa ila! Indi bala mas mahal pa kamo sang sa ila?"
For after all these things do the Gentiles seek; for your heavenly Father knoweth that ye have need of all these things.,Sin-o bala sa inyo ang makadugang sing mga tinuig sa iya kabuhi paagi sa pagpalibog tungod sini?
"But seek ye first his kingdom, and his righteousness; and all these things shall be added unto you.","“Kag ngaa bala magpalibog kamo nahanungod sang inyo mga bayu? Tan-awa bala kon paano ang pagtubo sang mga bulak sa latagon, wala sila nagapangabudlay ukon nagahimo sang ila mga bayu."
Be not therefore anxious for the morrow: for the morrow will be anxious for itself. Sufficient unto the day is the evil thereof.,"Pero nagasiling ako sa inyo nga bisan pa si Haring Solomon sa iya kamanggaran, wala makasuksok sing bayu nga subong katahom sini nga mga bulak."
"Judge not, that ye be not judged.","“Indi kamo maghukom sa iban, agod ang Dios indi man maghukom sa inyo."
"For with what judgment ye judge, ye shall be judged: and with what measure ye mete, it shall be measured unto you.","Kay ang Dios magahukom sa inyo suno sa inyo paghukom sa iban, kag ang talaksan nga inyo ginagamit sa iban, amo man ang talaksan nga gamiton sang Dios sa paghukom sa inyo."
"And why beholdest thou the mote that is in thy brother’s eye, but considerest not the beam that is in thine own eye?","Kay ngaa bala ginahimutaran mo gid ang diutay nga puling sa mata sang imo utod, pero wala mo ginasapak ang puling nga daw troso kadako sa imo kaugalingon nga mata?"
"Or how wilt thou say to thy brother, Let me cast out the mote out of thine eye; and lo, the beam is in thine own eye?","Ano ang pagsiling mo sa imo utod, ‘Abi kuhaon ko ang diutay nga puling sa imo mata,’ kon sa imo kaugalingon nga mata may puling nga daw troso kadako?"
"Thou hypocrite, cast out first the beam out of thine own eye; and then shalt thou see clearly to cast out the mote out of thy brother’s eye.","Hipokrito! Kuhaa anay ang puling nga daw troso kadako sa imo mata, agod makakita ka sing maathag kag ugaling kuhaon mo ang diutay nga puling sa mata sang imo utod."
"Give not that which is holy unto the dogs, neither cast your pearls before the swine, lest haply they trample them under their feet, and turn and rend you.","“Indi pag-ihatag ang balaan nga mga butang sa mga ido, kay balikdon ka nila kag kadton. Indi pag-ihaboy ang mga perlas sa atubangan sang mga baboy kay pagatasakon lamang nila ini."
"Ask, and it shall be given you; seek, and ye shall find; knock, and it shall be opened unto you:","“Pangayo kag pagahatagan kamo, pangita kag makakita kamo, panuktok kag pagaabrihan kamo."
for every one that asketh receiveth; and he that seeketh findeth; and to him that knocketh it shall be opened.,"Kay ang tagsatagsa nga nagapangayo pagahatagan, kag ang tagsatagsa nga nagapangita makakita, kag ang nagapanuktok pagaabrihan."
"Or what man is there of you, who, if his son shall ask him for a loaf, will give him a stone;",May ara bala sa inyo nga amay nga magahatag sing bato sa iya anak kon sia nagapangayo sing tinapay?
"or if he shall ask for a fish, will give him a serpent?",Ukon magahatag bala sia sing man-og kon ginapangayuan sia sang isda?
"If ye then, being evil, know how to give good gifts unto your children, how much more shall your Father who is in heaven give good things to them that ask him?","Gani kon kamo nga mga malaut makahibalo maghatag sing maayo nga mga butang sa inyo mga kabataan, daw ano pa gid ang inyo Amay nga yara sa langit. Magahatag sia sing maayo nga mga butang sa mga nagapangayo sa iya!"
"All things therefore whatsoever ye would that men should do unto you, even so do ye also unto them: for this is the law and the prophets.",“Himua sa iban ang luyag ninyo nga pagahimuon sa inyo. Amo ini ang kahulogan sang Kasugoan ni Moises kag ang mga pagtudlo sang mga propeta.
"Enter ye in by the narrow gate: for wide is the gate, and broad is the way, that leadeth to destruction, and many are they that enter in thereby.","“Sulod kamo sa pwerta nga makitid, tungod kay masangkad ang pwerta kag mahapos ang dalan pakadto sa kalaglagan, kag madamo ang nagaalagi sa sini."
"For narrow is the gate, and straitened the way, that leadeth unto life, and few are they that find it.","Pero makitid ang pwerta kag mabudlay ang dalan nga nagapakadto sa kabuhi, kag diutay gid lang nga mga tawo ang makatultol sini."
"Beware of false prophets, who come to you in sheep’s clothing, but inwardly are ravening wolves.","“Andam kamo sa indi matuod nga mga propeta. Nagakadto sila sa inyo nga daw mga karnero, pero sa sulod daw kasubong gid sila sang mapintas nga mga lobo."
"By their fruits ye shall know them. Do men gather grapes of thorns, or figs of thistles?","Makilala ninyo sila sa ila mga pagginawi. Ang mga sapinit wala nagapamunga sing mga ubas, kag ang mga talungon wala nagapamunga sing mga higos."
Even so every good tree bringeth forth good fruit; but the corrupt tree bringeth forth evil fruit.,"Ang maayo nga kahoy nagapamunga sing maayo nga bunga, pero ang malain nga kahoy nagapamunga sing malain nga bunga."
"A good tree cannot bring forth evil fruit, neither can a corrupt tree bring forth good fruit.","Ang maayo nga kahoy indi makapamunga sing malain nga bunga, kag ang malain nga kahoy indi makapamunga sing maayo nga bunga."
"Every tree that bringeth not forth good fruit is hewn down, and cast into the fire.",Ang tagsa ka kahoy nga wala nagapamunga sing maayo nga bunga ginatapas kag ginahaboy sa kalayo.
Therefore by their fruits ye shall know them.,"Gani, makilala ninyo ang indi matuod nga mga propeta sa ila mga buhat."
"Not every one that saith unto me, Lord, Lord, shall enter into the kingdom of heaven; but he that doeth the will of my Father who is in heaven.","“Indi ang tanan nga nagatawag sa akon ‘Ginoo, Ginoo,’ makasulod sa Ginharian sang langit, kundi ang nagahimo lamang sang kabubot-on sang akon Amay nga yara sa langit."
"Many will say to me in that day, Lord, Lord, did we not prophesy by thy name, and by thy name cast out demons, and by thy name do many mighty works?","Kon mag-abot na ang Adlaw sang Paghukom, madamo ang magasiling sa akon ‘Ginoo, Ginoo! Sa imo ngalan nagwali kami, sa imo ngalan nagtabog kami sang mga demonyo kag naghimo sang madamo nga mga milagro!’"
"And then will I profess unto them, I never knew you: depart from me, ye that work iniquity.","Dayon magasiling ako sa ila, ‘Wala ako makakilala sa inyo. Palayo kamo sa akon, kamo nga manugbuhat sang malaut!’"
"Every one therefore that heareth these words of mine, and doeth them, shall be likened unto a wise man, who built his house upon the rock:","“Gani, ang tagsatagsa nga nagapamati sang akon mga pulong kag nagatuman sini kaangay sia sang isa ka maalam nga tawo nga nagpatindog sang iya balay sa igang."
"and the rain descended, and the floods came, and the winds blew, and beat upon that house; and it fell not: for it was founded upon the rock.","Nagbunok ang ulan, nag-awas ang baha sa pangpang sang suba kag nagwaswas ang mabaskog nga hangin sa sadto nga balay. Pero wala ini matumba tungod kay napasad ini sa igang."
"And every one that heareth these words of mine, and doeth them not, shall be likened unto a foolish man, who built his house upon the sand:","“Pero ang tagsatagsa nga nagapamati sang akon mga pulong kag wala nagatuman sini, kaangay sia sa tawo nga buangbuang nga nagpatindog sang iya balay sa balas."
"and the rain descended, and the floods came, and the winds blew, and smote upon that house; and it fell: and great was the fall thereof.","Nagbunok ang ulan, nag-awas ang baha sa pangpang sang suba kag nagwaswas ang mabaskog nga hangin sa sadto nga balay. Natumba ini kag daw ano ang pagragamak sini!”"
"And it came to pass, when Jesus had finished these words, the multitudes were astonished at his teaching:","Sa tapos mahambal ni Jesus ini nga mga butang, ang mga tawo natingala gid sa iya pagpanudlo."
"for he taught them as one having authority, and not as their scribes.","Indi sia kaangay sang ila mga manunodlo sang Kasugoan, kay ang iya pagpanudlo may awtoridad."
"And when he was come down from the mountain, great multitudes followed him.","Sang si Jesus nagdulhog halin sa bukid, ginsunod sia sang madamo nga mga tawo."
"And behold, there came to him a leper and worshipped him, saying, Lord, if thou wilt, thou canst make me clean.","Dayon may isa ka aruon nga nagpalapit sa iya, kag nagluhod sa iya atubang nga nagasiling, “Sir, kon buot mo, magaayo ako.”"
"And he stretched forth his hand, and touched him, saying, I will; be thou made clean. And straightway his leprosy was cleansed.","Gin-untay ni Jesus ang iya kamot kag gintandog sia nga nagasiling, “Buot ko nga mag-ayo ka!” Sa gilayon nag-ayo sia sa iya aro."
"And Jesus saith unto him, See thou tell no man; but go, show thyself to the priest, and offer the gift that Moses commanded, for a testimony unto them.","Dayon si Jesus nagsiling, sa iya, “Pamati ka! Indi mo ini pag-isugid bisan kay sin-o, kundi magkadto ka gilayon sa pari kag magpatan-aw ka sang imo kaugalingon. Dayon maghalad ka suno sa ginsugo ni Moises sa pagpamatuod sa mga tawo nga maayo ka na.”"
"And when he was entered into Capernaum, there came unto him a centurion, beseeching him,","Sang pagsulod ni Jesus sa Capernaum, may opisyal nga Romanhon nga nagsugata sa iya kag nagpangayo sing bulig nga nagasiling,"
"and saying, Lord, my servant lieth in the house sick of the palsy, grievously tormented.","“Sir, ang akon suloguon didto sa balay nagamasakit sa iya hiligdaan, indi sia makahulag kag tama gid ang iya pag-antos.”"
"And he saith unto him, I will come and heal him.","Si Jesus nagsiling, “Kadtuan ko sia kag ayuhon.”"
"And the centurion answered and said, Lord, I am not worthy that thou shouldest come under my roof; but only say the word, and my servant shall be healed.","Nagsabat ang opisyal, “Indi na lang Sir, kay indi ako takos nga magkadto ka sa akon balay, kundi isiling lang kag magaayo ang akon suloguon."
"For I also am a man under authority, having under myself soldiers: and I say to this one, Go, and he goeth; and to another, Come, and he cometh; and to my servant, Do this, and he doeth it.","Kay ako man yara sa idalom sang mataas nga mga opisyales, kag may mga soldado man sa idalom ko. Nagamando ako sa isa, ‘Lakat!’ kag nagalakat sia; nagamando man ako sa isa, ‘Palapit!’ kag nagapalapit sia; kag nagasugo ako sa akon suloguon, ‘Himua ini!’ kag ginahimo niya.”"
"And when Jesus heard it, he marvelled, and said to them that followed, Verily I say unto you, I have not found so great faith, no, not in Israel.","Natingala gid si Jesus sang pagkabati niya sini, kag nagsiling sia sa mga tawo nga nagasunod sa iya, “Nagasiling ako sa inyo nga wala pa ako makakita sa Israel sing pagtuo nga subong sini."
"And I say unto you, that many shall come from the east and the west, and shall sit down with Abraham, and Isaac, and Jacob, in the kingdom of heaven:","Dumdoma ninyo ini! Madamo ang magaabot halin sa sidlangan kag sa nakatundan kag magapungko kaupod ni Abraham, ni Isaac, kag ni Jacob sa punsyon sa Ginharian sang langit."
but the sons of the kingdom shall be cast forth into the outer darkness: there shall be the weeping and the gnashing of teeth.,"Pero yadtong mga anak sang Ginharian pagaihaboy sa kadudulman didto sa gwa, sa diin magahibi sila kag magabagrot ang ila mga ngipon sa kasakit.”"
"And Jesus said unto the centurion, Go thy way; as thou hast believed, so be it done unto thee. And the servant was healed in that hour.","Kag nagsiling si Jesus sa opisyal, “Pauli ka! Tungod kay nagtuo ka sa Dios, sia magahatag sang imo ginapangayo.”"
"And when Jesus was come into Peter’s house, he saw his wife’s mother lying sick of a fever.",Kag nag-ayo ang suloguon sang opisyal sa sadto gid nga tion.
"And he touched her hand, and the fever left her; and she arose, and ministered unto him.","Si Jesus nagkadto sa balay ni Pedro, kag nakita niya ang ugangan nga babayi ni Pedro nga nagahigda nga may hilanat."
"And when even was come, they brought unto him many possessed with demons: and he cast out the spirits with a word, and healed all that were sick:",Gintandog ni Jesus ang iya kamot kag nag-ayo sia sa iya hilanat. Nagbangon sia kag nag-amuma sa iya.
"that it might be fulfilled which was spoken through Isaiah the prophet, saying, Himself took our infirmities, and bare our diseases.","Sang sirom na, ang mga tawo nagdala sa kay Jesus sang mga ginagamhan sang mga demonyo. Sa isa lang ka paghambal gintabog niya ang mga espiritu nga malaut kag gin-ayo ang tanan nga mga masakiton."
"Now when Jesus saw great multitudes about him, he gave commandment to depart unto the other side.","Ginhimo niya ini agod matuman ang ginsiling ni Isaias nga propeta, “Sia gid mismo ang naghilway sa aton gikan sa aton mga masakit kag nagkuha sang aton mga balatian.”"
"And there came a scribe, and said unto him, Teacher, I will follow thee whithersoever thou goest.","Sang matalupangdan ni Jesus ang madamo nga mga tawo sa iya palibot, ginsugo niya ang iya mga gintuton-an sa pagtabok sa pihak sang linaw."
"And Jesus saith unto him, The foxes have holes, and the birds of the heaven have nests; but the Son of man hath not where to lay his head.","May isa ka manunodlo sang Kasugoan nga nagpalapit sa iya kag nagsiling, “Manunodlo, handa ako sa pagsunod sa imo bisan diin ka makadto.”"
"And another of the disciples said unto him, Lord, suffer me first to go and bury my father.","Si Jesus nagsabat sa iya, “Ang mga singgalong may mga buho, kag ang mga pispis may mga pugad, pero ang Anak sang Tawo wala gid sing hiligdaan agod makapahuway.”"
"But Jesus saith unto him, Follow me; and leave the dead to bury their own dead.","Isa pa sang iya mga gintuton-an nagsiling, “Ginoo, mapauli anay ako sa paglubong sang akon amay.”"
"And when he was entered into a boat, his disciples followed him.","Pero si Jesus nagsabat, “Sunod ka sa akon kag pabay-i ang mga patay sa paglubong sang ila mga patay.”"
"And behold, there arose a great tempest in the sea, insomuch that the boat was covered with the waves: but he was asleep.",Nagsakay si Jesus sa sakayan kag ang iya mga gintuton-an nag-upod sa iya.
"And they came to him, and awoke him, saying, Save, Lord; we perish.","Sa hinali nag-abot ang mabaskog nga bagyo sa linaw, sa bagay nga ang sakayan may katalagman nga malunod. Pero si Jesus nagakatulog."
"And he saith unto them, Why are ye fearful, O ye of little faith? Then he arose, and rebuked the winds and the sea; and there was a great calm.","Ginpalapitan sia sang iya mga gintuton-an kag ginpukaw nga nagasiling, “Ginoo, luwasa kami! Daw malunod kita!”"
"And the men marvelled, saying, What manner of man is this, that even the winds and the sea obey him?","Si Jesus nagsabat, “Ngaa bala nagakahadlok gid kamo? Kadiutay sang inyo pagtuo!” Dayon nagbangon sia, ginmanduan niya ang hangin kag ang balod nga mag-untat, kag naglinaw."
"And when he was come to the other side into the country of the Gadarenes, there met him two possessed with demons, coming forth out of the tombs, exceeding fierce, so that no man could pass by that way.","Ang tanan natingala gid kag nagsiling, “Ano bala nga tawo ini? Bisan pa ang hangin kag ang mga balod nagatuman sa iya!”"
"And behold, they cried out, saying, What have we to do with thee, thou Son of God? art thou come hither to torment us before the time?","Sang makaabot si Jesus sa duta sang mga taga-Gadara, sa tabok sang linaw, ginsugata sia sang duha ka tawo nga naggwa gikan sa mga lungib nga lulobngan. Ini sila ginagamhan sang mga demonyo kag mabangis kaayo, sa bagay nga wala sing tawo nga nagaagi sa sadto nga dalan."
Now there was afar off from them a herd of many swine feeding.,"Sa gilayon nagsinggit sila, “Ano bala ang gusto mo sa amon, Anak sang Dios? Nag-abot ka bala sa pagsilot sa amon sa wala pa ang nagakaigo nga tion?”"
"And the demons besought him, saying, If thou cast us out, send us away into the herd of swine.",Didto sa unhan may daku nga panong sang mga baboy nga nagapang-ungad.
"And he said unto them, Go. And they came out, and went into the swine: and behold, the whole herd rushed down the steep into the sea, and perished in the waters.","Gani ang mga demonyo nagpakitluoy kay Jesus nga nagasiling, “Kon tabugon mo gid man kami, pasudla na lang kami sa sadtong panong sang mga baboy.”"
"And they that fed them fled, and went away into the city, and told everything, and what was befallen to them that were possessed with demons.","Si Jesus nagsiling sa ila, “Sigi, lakat kamo!” Gani naggwa sila kag nagsulod sa mga baboy. Ang bug-os nga panong nagdinaguso padulhog sa kilid sang pil-as pakadto sa linaw kag nagkalalumos."
"And behold, all the city came out to meet Jesus: and when they saw him, they besought him that he would depart from their borders.","Ang mga manugsagod sang mga baboy nagpalagyo kag nagkadto sa banwa, sa diin ginpanugid nila ang tanan nga nahanabo kag kon ano ang natabo sa duha ka tawo nga ginagamhan sang mga demonyo."
"And he entered into a boat, and crossed over, and came into his own city.","Nagsakay si Jesus sa sakayan pabalik sa tabok sang linaw, kag nag-abot sia sa iya ginaestaran nga banwa,"
"And behold, they brought to him a man sick of the palsy, lying on a bed: and Jesus seeing their faith said unto the sick of the palsy, Son, be of good cheer; thy sins are forgiven.","sa diin may mga tawo nga nagdala sa iya sing isa ka paralitiko nga nagahigda sa iya higdaan. Sang nakita ni Jesus kon daw ano kadako sang ila pagtuo nagsiling sia sa paralitiko, “Anak, magpakabakod ka! Ang imo mga sala ginapatawad.”"
"And behold, certain of the scribes said within themselves, This man blasphemeth.","Dayon may mga manunodlo sang Kasugoan didto nga nagsiling sa ila kaugalingon, “Ini nga tawo nagahambal batok sa Dios!”"
"And Jesus knowing their thoughts said, Wherefore think ye evil in your hearts?","Si Jesus nga nakahibalo sang ila ginapanghunahuna nagsiling, “Ngaa bala nagapanghunahuna kamo sing malain nga mga butang?"
"For which is easier, to say, Thy sins are forgiven; or to say, Arise, and walk?","Diin bala sini ang mas mahapos isiling, ‘Ang imo mga sala ginapatawad,’ ukon ang pagsiling, ‘Bangon ka kag maglakat?’"
"But that ye may know that the Son of man hath authority on earth to forgive sins (then saith he to the sick of the palsy), Arise, and take up thy bed, and go unto thy house.","Karon pamatud-an ko sa inyo nga ang Anak sang Tawo may gahom sa duta sa pagpatawad sang mga sala.” Gani nagsiling sia sa paralitiko, “Bangon ka, dalha ang imo higdaan kag magpauli!”"
"And he arose, and departed to his house.",Ang paralitiko nagbangon kag nagpauli.
"But when the multitudes saw it, they were afraid, and glorified God, who had given such authority unto men.","Sang pagkakita sini sang mga tawo, hinadlukan sila kag gindayaw nila ang Dios tungod sang awtoridad nga iya ginhatag sa mga tawo."
"And as Jesus passed by from thence, he saw a man, called Matthew, sitting at the place of toll: and he saith unto him, Follow me. And he arose, and followed him.","Naghalin si Jesus sa sadto nga lugar, kag sang nagalakat sia nakita niya ang isa ka manugsukot sang buhis nga ginhingalanan kay Mateo nga nagapungko sa iya opisina. Si Jesus nagsiling sa iya, “Sunod ka sa akon.”"
"And it came to pass, as he sat at meat in the house, behold, many publicans and sinners came and sat down with Jesus and his disciples.",Nagtindog si Mateo kag nagsunod sa iya.
"And when the Pharisees saw it, they said unto his disciples, Why eateth your Teacher with the publicans and sinners?","Sang nagakaon si Jesus sa balay ni Mateo, madamo nga mga manugsukot sang buhis kag iban nga mga makasasala ang nag-abot kag nag-upod sa iya kag sa iya mga gintuton-an sa pagkaon."
"But when he heard it, he said, They that are whole have no need of a physician, but they that are sick.","May mga Fariseo nga nakakita sini kag nagpamangkot sila sa iya mga gintuton-an, “Ngaa bala nga ang inyo manunodlo nagakaon upod sa mga manugsukot sang buhis kag sa iban pa nga mga makasasala?”"
"But go ye and learn what this meaneth, I desire mercy, and not sacrifice: for I came not to call the righteous, but sinners.","Si Jesus nakabati kag nagsabat sa ila, “Ang mga tawo nga wala sing balatian wala nagakinahanglan sing manugbulong, kundi ang mga masakiton lang."
"Then come to him the disciples of John, saying, Why do we and the Pharisees fast oft, but thy disciples fast not?","Lakat kamo kag usisaa ninyo kon ano ang kahulogan sini nga kasulatan: ‘Indi halad nga mga sapat ang akon luyag, kundi ang pagkamaluloy-on.’ Kay wala ako mag-abot sa pagtawag sang matarong nga mga tawo kundi sang mga makasasala.”"
"And Jesus said unto them, Can the sons of the bridechamber mourn, as long as the bridegroom is with them? but the days will come, when the bridegroom shall be taken away from them, and then will they fast.","Dayon ang mga sumolunod ni Juan nga manugbautiso nagkadto kay Jesus nga nagapamangkot, “Ngaa bala nga kami kag ang mga Fariseo nagapuasa sing masunson, pero ang imo mga gintuton-an wala gid nagapuasa?”"
"And no man putteth a piece of undressed cloth upon an old garment; for that which should fill it up taketh from the garment, and a worse rent is made.","Si Jesus nagsabat, “Magakasubo bala ang mga inagda sa kasal samtang ang nobyo kaupod pa nila? Pero magaabot ang adlaw nga ang nobyo pagakuhaon sa ila kag amo na ina ang ila pagpuasa."
"Neither do men put new wine into old wine-skins: else the skins burst, and the wine is spilled, and the skins perish: but they put new wine into fresh wine-skins, and both are preserved.","“Wala sing bisan sin-o nga nagatukap sing bag-o nga panapton sa daan nga bayu kay ang bag-o nga panapton magakulo kag magagisi sang bayu, kag ang iya gisi magadaku pa gid."
"While he spake these things unto them, behold, there came a ruler, and worshipped him, saying, My daughter is even now dead: but come and lay thy hand upon her, and she shall live.","Wala man sing bisan sin-o nga nagasulod sang bag-o nga bino sa daan nga sulodlan nga panit, kay kon himuon niya ini ang panit nga sulodlan sang bino mabusdik, kag ang bino mauyang kag ang sulodlan nga panit indi na mapuslan. Sa baylo sini, ginasulod ang bag-o nga bino sa bag-o nga sulodlan nga panit, kag ini sila magadugay.”"
"And Jesus arose, and followed him, and so did his disciples.","Sang si Jesus nagahambal sini sa ila, may isa ka pangulo nga Judio nga nagpalapit sa iya, nagluhod sa iya atubang kag nagsiling, “Ang akon anak nga babayi bag-o gid lang mapatay, pero kadtoi kag tanduga kag mabuhi sia liwat.”"
"And behold, a woman, who had an issue of blood twelve years, came behind him, and touched the border of his garment:","Gani si Jesus nagtindog kag nagsunod sa iya, kag nag-upod man ang iya mga gintuton-an."
"for she said within herself, If I do but touch his garment, I shall be made whole.",May isa ka babayi nga nagaantos tungod sang pagpanggwa sang madamo nga dugo sa iya sa sulod sang dose ka tuig. Nagpalapit sa likod nayon ni Jesus kag gintandog ang sidsid sang iya kunop.
"But Jesus turning and seeing her said, Daughter, be of good cheer; thy faith hath made thee whole. And the woman was made whole from that hour.","Ang babayi nagsiling sa iya kaugalingon, “Kon matandog ko lang ang iya kunop magaayo ako.”"
"And when Jesus came into the ruler’s house, and saw the flute-players, and the crowd making a tumult,","Nagliso si Jesus kag nakita niya ang babayi kag nagsiling, “Anak, magpakabakod ka! Ang imo pagtuo nag-ayo sa imo.” Sa gilayon nag-ayo ang babayi."
"he said, Give place: for the damsel is not dead, but sleepeth. And they laughed him to scorn.","Dayon nagsulod si Jesus sa balay sang pangulo nga Judio. Sang nakita niya ang mga musikero para sa lubong kag ang mga tawo nga nagaginahod,"
"But when the crowd was put forth, he entered in, and took her by the hand; and the damsel arose.","nagsiling sia, “Gwa kamo anay tanan! Ang bata indi patay, kundi nagakatulog lang!” Kag nagkadlaw sila sa pagyaguta sa iya."
And the fame hereof went forth into all that land.,"Sang nakagwa na ang mga tawo, si Jesus nagsulod sa kwarto sang bata kag gin-uyatan niya sia sa kamot, kag nagbangon sia."
"And as Jesus passed by from thence, two blind men followed him, crying out, and saying, Have mercy on us, thou son of David.",Ang balita nahanungod sini naglapnag sa bug-os nga bahin sang sadto nga banwa.
"And when he was come into the house, the blind men came to him: and Jesus saith unto them, Believe ye that I am able to do this? They say unto him, Yea, Lord.","Naghalin si Jesus sa sadto nga lugar, kag sang nagalakat sia, may duha ka bulag nga nagsunod sa iya nga nagasinggit, “Kaluoyi kami, Anak ni David!”"
"Then touched he their eyes, saying, According to your faith be it done unto you.","Sang makasulod na si Jesus sa isa ka balay nagpalapit sa iya ang duha ka tawo nga bulag kag iya sila ginpamangkot, “Nagatuo bala kamo nga ako makasarang sa pag-ayo sa inyo?”"
"And their eyes were opened. And Jesus strictly charged them, saying, See that no man know it.","Nagsabat sila, “Huo, Sir!”"
"But they went forth, and spread abroad his fame in all that land.","Dayon gintandog ni Jesus ang ila mga mata kag nagsiling, “Tungod sang inyo pagtuo, magaayo ang inyo mga mata!”"
"And as they went forth, behold, there was brought to him a dumb man possessed with a demon.","Kag makakita na sila. Si Jesus nagpaandam gid sa ila, “Indi kamo magpanugid sini bisan kay sin-o!”"
"And when the demon was cast out, the dumb man spake: and the multitudes marvelled, saying, It was never so seen in Israel.",Pero naglakat sila kag nagpanugid sang balita nahanungod kay Jesus sa bug-os nga bahin sang sadto nga banwa.
"But the Pharisees said, By the prince of the demons casteth he out demons.","Sang nagapauli ang duha ka bulag nga gin-ayo ni Jesus, may iban nga mga tawo nga nagdala sa kay Jesus sang isa ka tawo nga indi makahambal tungod kay ginagamhan sia sing demonyo."
"And Jesus went about all the cities and the villages, teaching in their synagogues, and preaching the gospel of the kingdom, and healing all manner of disease and all manner of sickness.","Sang matabog na ni Jesus ang demonyo, naghambal ang apa kag natingala ang tanan nga nagasiling, “Wala pa gid kami sing may nakita nga subong sini sa Israel!”"
"But when he saw the multitudes, he was moved with compassion for them, because they were distressed and scattered, as sheep not having a shepherd.","Pero ang mga Fariseo nagsiling, “Ang prinsipe sang mga demonyo amo ang naghatag sa iya sang gahom sa pagtabog sang mga demonyo.”"
"Then saith he unto his disciples, The harvest indeed is plenteous, but the laborers are few.","Dayon si Jesus naglibot sa tanan nga mga kabanwahanan kag mga kabarangayan. Nagpanudlo sia sa ila mga sinagoga, nagwali sang Maayong Balita nahanungod sang paghari sang Dios, kag nagpang-ayo sang mga tawo sa ila tanan nga mga masakit kag balatian."
"Pray ye therefore the Lord of the harvest, that he send forth laborers into his harvest.","Sang makita niya ang madamo nga mga tawo, naluoy gid sia sa ila tungod kay nagapalibog kag nagatalangtalang sila kaangay sang mga karnero nga wala sing manugbantay."
"And he called unto him his twelve disciples, and gave them authority over unclean spirits, to cast them out, and to heal all manner of disease and all manner of sickness.","Gintawag ni Jesus sing tingob ang iya dose ka mga gintuton-an kag ginhatagan sila sing awtoridad sa pagtabog sang malaut nga mga espiritu, kag sa pag-ayo sang tanan nga mga masakit kag mga balatian."
"Now the names of the twelve apostles are these: The first, Simon, who is called Peter, and Andrew his brother; James the son of Zebedee, and John his brother;","Amo ini ang mga ngalan sang dose ka mga apostoles: ang nahauna, si Simon nga ginatawag Pedro, kag si Andres nga iya utod; si Santiago kag si Juan nga iya utod, nga mga anak ni Zebedeo;"
"Philip, and Bartholomew; Thomas, and Matthew the publican; James the son of Alphæus, and Thaddæus;",si Felipe kag si Bartolome; si Tomas kag si Mateo nga sadto anay manugsukot sang buhis; si Santiago nga anak ni Alfeo kag si Tadeo;
"Simon the Cananæan, and Judas Iscariot, who also betrayed him.","si Simon nga makipungsodnon, kag si Judas Iscariote nga sang ulihi nagluib kay Jesus."
"These twelve Jesus sent forth, and charged them, saying, Go not into any way of the Gentiles, and enter not into any city of the Samaritans:","Ginpadala ni Jesus ining dose ka mga apostoles kag gintudloan sila sang mga masunod nga ila pagahimuon: “Indi kamo magkadto sa duta sang mga Hentil ukon sa mga banwa sang Samaria,"
but go rather to the lost sheep of the house of Israel.,kundi kadtoi ninyo ang mga tawo sang Israel nga kasubong sang mga karnero nga nagkaladula.
"And as ye go, preach, saying, The kingdom of heaven is at hand.","Lakat kamo kag iwali, ‘Ang Ginharian sang langit malapit na!’"
"Heal the sick, raise the dead, cleanse the lepers, cast out demons: freely ye received, freely give.","Ayuha ninyo ang mga masakiton, banhawa ang mga patay, ayuha ang mga aruon, kag tabuga ninyo ang mga demonyo. Nakabaton kamo nga wala magbayad, gani maghatag man kamo nga indi magpabayad."
"Get you no gold, nor silver, nor brass in your purses;","Indi kamo magdala sing bulawan, pilak ukon saway nga sensilyo sa inyo mga bulsa."
"no wallet for your journey, neither two coats, nor shoes, nor staff: for the laborer is worthy of his food.","Indi kamo magdala sing bag sa inyo pagpanglakaton, ukon ilislan nga bayu, ukon ilislan nga mga sandalyas, ukon sungkod, kay ang mga nagapangabudlay dapat hatagan sang ila mga kinahanglanon."
"And into whatsoever city or village ye shall enter, search out who in it is worthy; and there abide till ye go forth.","“Kon magsulod kamo sa bisan diin nga banwa ukon barangay, pangitaa ninyo ang luyag magbaton sa inyo, kag magdayon kamo upod sa iya tubtob sa inyo paghalin sa sadto nga lugar."
"And as ye enter into the house, salute it.","Sa inyo pagsulod sa isa ka balay, magsiling kamo, ‘Ang paghidait manginyara sa inyo.’"
"And if the house be worthy, let your peace come upon it: but if it be not worthy, let your peace return to you.","Kon ginabaton kamo sang mga tawo sa sina nga balay, paluntara ang inyo paghidait sa sina nga panimalay. Pero kon indi sila magbaton sa inyo, bawia ninyo ang inyo pag-abiabi."
"And whosoever shall not receive you, nor hear your words, as ye go forth out of that house or that city, shake off the dust of your feet.","Kag kon may mga panimalay ukon banwa nga indi magbaton ukon magpamati sa inyo, bayai ina nga lugar kag taktaka ang yab-ok sa inyo mga tiil."
"Verily I say unto you, It shall be more tolerable for the land of Sodom and Gomorrah in the day of judgment, than for that city.","Dumdoma ninyo ini! Sa Adlaw sang Paghukom, ang Dios mas magamaluloy-on pa sa mga tawo sang Sodoma kag Gomorra sang sa mga tawo sa sina nga banwa!"
"Behold, I send you forth as sheep in the midst of wolves: be ye therefore wise as serpents, and harmless as doves.","“Pamatii ninyo ini! Ginapadala ko kamo subong nga mga karnero sa tunga sang mga lobo. Magmainandamon kamo subong sang mga man-og, kag magmabuot subong sang mga pating."
"But beware of men: for they will deliver you up to councils, and in their synagogues they will scourge you;","Mag-andam kamo kay may mga tawo nga magadakop kag magadala sa inyo sa hukmanan, kag pagabunalon kamo nila sa ila mga sinagoga."
"yea and before governors and kings shall ye be brought for my sake, for a testimony to them and to the Gentiles.",Isumbong kamo sa atubang sang mga pangulo kag mga hari tungod sa akon agod sa pagsugid sang Maayong Balita sa ila kag sa mga Hentil.
"But when they deliver you up, be not anxious how or what ye shall speak: for it shall be given you in that hour what ye shall speak.","Kon ginasumbong nila kamo, indi kamo magpalibog kon ano ang inyo inugsabat ukon paano ang inyo pagsabat, kay kon mag-abot ina nga tion pagatudloan kamo sang inyo isiling."
"For it is not ye that speak, but the Spirit of your Father that speaketh in you.",Kay ang inyo ihambal indi inyo kundi iya sang Espiritu sang inyo Amay nga magahambal paagi sa inyo.
"And brother shall deliver up brother to death, and the father his child: and children shall rise up against parents, and cause them to be put to death.","“Ang mga tawo magatugyan sang ila mga utod agod patyon, subong man ang mga amay sa ila mga kabataan, ang mga anak magabato sa ila mga ginikanan kag magapapatay sa ila."
"And ye shall be hated of all men for my name’s sake: but he that endureth to the end, the same shall be saved.","Pagadumtan kamo sang tanan nga mga tawo tungod sa akon, pero ang bisan sin-o nga nagapadayon tubtob sa katapusan maluwas."
"But when they persecute you in this city, flee into the next: for verily I say unto you, Ye shall not have gone through the cities of Israel, till the Son of man be come.","Kon sila maghingabot sa inyo sa isa ka banwa, magpalagyo kamo sa masunod nga banwa. Nagapasalig ako sa inyo, sa wala pa ninyo matapos ang inyo bulohaton sa tanan nga mga banwa sang Israel ang Anak sang Tawo magaabot."
"A disciple is not above his teacher, nor a servant above his lord.","“Wala sing estudyante nga maglabaw pa sang sa iya maestro, ukon ulipon nga maglabaw pa sang sa iya agalon."
"It is enough for the disciple that he be as his teacher, and the servant as his lord. If they have called the master of the house Beelzebub, how much more them of his household!","Gani tuman na sa estudyante nga manginpareho sa iya maestro, kag sa ulipon nga manginpareho sa iya agalon. Kon ang pangulo sang panimalay ginatawag Beelzebul, ano pa gid ayhan kalain ang pagtawag nila sang mga katapo sina nga panimalay!"
"Fear them not therefore: for there is nothing covered, that shall not be revealed; and hid, that shall not be known.","“Gani, indi kamo magkahadlok sa mga tawo, kay wala sing ginatabunan nga indi mabuksan, kag wala sing sekrito nga indi mabuyagyag."
"What I tell you in the darkness, speak ye in the light; and what ye hear in the ear, proclaim upon the house-tops.","Ang ginasiling ko sa inyo sa madulom ihambal ninyo sa masanag, kag ang inyo mabatian sa hutik isinggit ninyo gikan sa atop sang mga balay."
"And be not afraid of them that kill the body, but are not able to kill the soul: but rather fear him who is able to destroy both soul and body in hell.",Indi kamo magkahadlok sa mga makapatay sang lawas pero indi makapatay sang kalag; sa baylo magkahadlok kamo sa Dios nga makalaglag sang lawas kag kalag sa impierno.
Are not two sparrows sold for a penny? and not one of them shall fall on the ground without your Father:,Indi bala sarang mabakal ang duha ka magamay nga pispis sang diutay lang nga kantidad? Pero wala sing isa sa ila nga mahulog sa duta nga wala sing pahanugot sang inyo Amay.
but the very hairs of your head are all numbered.,"Kag kon nahanungod sa inyo, bisan pa ang mga buhok sa inyo ulo naisip tanan."
Fear not therefore: ye are of more value than many sparrows.,"Gani indi kamo magkahadlok, kay mas mahal pa kamo kaayo sang sa magamay nga mga pispis!”"
"Every one therefore who shall confess me before men, him will I also confess before my Father who is in heaven.","“Ang bisan sin-o nga magkilala sa akon sa atubang sang mga tawo, kilalahon ko man sia sa atubang sang akon Amay sa langit."
"But whosoever shall deny me before men, him will I also deny before my Father who is in heaven.","Pero ang bisan sin-o nga indi magkilala sa akon sa atubang sang mga tawo, indi ko man sia pagkilalahon sa atubang sang akon Amay nga yara sa langit."
"Think not that I came to send peace on the earth: I came not to send peace, but a sword.",“Indi kamo maghunahuna nga nag-abot ako sa kalibutan sa pagdala sing paghidait. Wala ako mag-abot sa pagdala sing paghidait kundi kagamo.
"For I came to set a man at variance against his father, and the daughter against her mother, and the daughter in law against her mother in law:","Nag-abot ako sa pagpaaway sang anak nga lalaki batok sa iya amay, sang anak nga babayi batok sa iya iloy, sang umagad nga babayi batok sa iya ugangan nga babayi."
and a man’s foes shall be they of his own household.,Ang pinakamalain nga mga kaaway sang tawo amo ang katapo sang iya kaugalingon nga panimalay.
He that loveth father or mother more than me is not worthy of me; and he that loveth son or daughter more than me is not worthy of me.,"“Ang bisan sin-o nga nagahigugma sang iya amay ukon iya iloy sing mas labi pa sang sa akon, indi angay nga mangin-akon gintuton-an. Ang bisan sin-o nga nagahigugma sang iya anak nga lalaki kag anak nga babayi sing mas labi pa sang sa akon, indi angay nga mangin-akon gintuton-an."
"And he that doth not take his cross and follow after me, is not worthy of me.","Ang bisan sin-o nga wala nagapas-an sang iya krus kag nagasunod sa akon, indi angay nga mangin-akon gintuton-an."
He that findeth his life shall lose it; and he that loseth his life for my sake shall find it.,"Ang bisan sin-o nga nagapaniguro sang iya kabuhi madula niya ini, pero ang bisan sin-o nga nagadula sang iya kabuhi tungod sa akon maangkon niya ini."
"He that receiveth you receiveth me, and he that receiveth me receiveth him that sent me.","“Ang bisan sin-o nga nagabaton sa inyo nagabaton sa akon, kag ang bisan sin-o nga nagabaton sa akon nagabaton man sa nagpadala sa akon."
He that receiveth a prophet in the name of a prophet shall receive a prophet’s reward: and he that receiveth a righteous man in the name of a righteous man shall receive a righteous man’s reward.,"Ang bisan sin-o nga nagabaton sang mensahero sang Dios, tungod kay mensahero sia sang Dios may parti sia sang balos nga para sa mensahero sang Dios. Ang bisan sin-o nga nagabaton sang matarong nga tawo tungod kay sia matarong nga tawo, may parti sia sang balos nga para sa matarong nga tawo."
"And whosoever shall give to drink unto one of these little ones a cup of cold water only, in the name of a disciple, verily I say unto you he shall in no wise lose his reward.","Dumdoma ninyo ini! Ang bisan sin-o nga nagapainom sang bisan isa lamang ka baso nga mabugnaw nga tubig sa isa sining akon pinakakubos nga mga gintuton-an, tungod kay gintuton-an ko sia, magabaton gid sang iya balos.”"
"And it came to pass when Jesus had finished commanding his twelve disciples, he departed thence to teach and preach in their cities.","Sa tapos matudloan ni Jesus ang iya dose ka mga gintuton-an kon ano ang ila himuon, naghalin sia sa sadto nga lugar sa pagpanudlo kag pagwali sa malapit nga mga banwa didto."
"Now when John heard in the prison the works of the Christ, he sent by his disciples","Si Juan nga manugbautiso ginbilanggo sa sadto nga tion. Sang nakabati sia nahanungod sang mga hinimuan sang Cristo, ginpadala niya ang iban sang iya mga gintuton-an kay Jesus."
"and said unto him, Art thou he that cometh, or look we for another?","Nagpamangkot sila, “Sugiri kami, ikaw bala ang ginsiling ni Juan nga magaabot, ukon magapaabot pa kami sing lain?”"
"And Jesus answered and said unto them, Go and tell John the things which ye hear and see:","Si Jesus nagsabat, “Balik kamo kag sugiri ninyo si Juan sang inyo nabatian kag nakita:"
"the blind receive their sight, and the lame walk, the lepers are cleansed, and the deaf hear, and the dead are raised up, and the poor have good tidings preached to them.","ang mga bulag makakita, ang mga piang makalakat, ang mga aruon ginaayo, ang mga bungol makabati, ang mga patay ginabanhaw, kag ang Maayong Balita ginawali sa mga imol."
"And blessed is he, whosoever shall find no occasion of stumbling in me.",Daw ano ka malipayon ang tawo nga wala nagapangduhaduha sa akon!”
"And as these went their way, Jesus began to say unto the multitudes concerning John, What went ye out into the wilderness to behold? a reed shaken with the wind?","Sang paghalin na sang mga gintuton-an ni Juan, si Jesus nagsiling sa mga tawo nahanungod kay Juan: “Ano ang ginapaabot ninyo nga makita sang pagkadto ninyo kay Juan didto sa desierto? Tigbaw bala nga ginahapayhapay sang hangin?"
"But what went ye out to see? a man clothed in soft raiment ? Behold, they that wear soft raiment are in kings’ houses.",Ano bala ang ginkadto ninyo nga tan-awon? Isa bala ka tawo nga nagabayo sing malahalon? Ang mga tawo nga nagabayo sang kasubong sina nagaestar sa mga palasyo!
"But wherefore went ye out? to see a prophet? Yea, I say unto you, and much more than a prophet.","Sugiri ninyo ako, ano gid bala ang inyo ginkadto agod tan-awon? Isa bala ka propeta? Huo, nagasiling ako sa inyo, labi pa sang sa isa ka propeta ang inyo nakita."
"This is he, of whom it is written,",Kay si Juan amo ang ginatumod sini nga kasulatan: ‘Ipadala ko ang akon mensahero nga magauna sa imo kag magaaman sang imo alagyan.’
"Behold, I send my messenger before thy face,",Dumdoma ninyo ini! Sa mga nagkalatawo wala na sing may magsobra pa sang sa kay Juan nga manugbautiso. Pero ang labing diutay sa Ginharian sang langit mas daku pa sang sa iya.
Who shall prepare thy way before thee.,"Sugod sang pagwali ni Juan nga manugbautiso tubtob sa sini nga adlaw ang Ginharian sang langit nag-antos sa mapintas nga mga paghingabot, kag ginaagaw ini sang mapintas nga mga tawo sa pakusog."
"Verily I say unto you, Among them that are born of women there hath not arisen a greater than John the Baptist: yet he that is but little in the kingdom of heaven is greater than he.",Ang tanan nga mga propeta kag ang Kasugoan ni Moises nagtagna nahanungod sang Ginharian sang langit tubtob sa panahon ni Juan.
"And from the days of John the Baptist until now the kingdom of heaven suffereth violence, and men of violence take it by force.","Kon buot kamo magpati sang ila mensahe, si Juan amo si Elias nga gintagna nga magaabot."
For all the prophets and the law prophesied until John.,"Gani, magpamati kamo kon may mga dulonggan kamo!"
"And if ye are willing to receive it , this is Elijah, that is to come.","“Karon, sa ano ko bala ipaanggid ang mga tawo sa sini nga mga inadlaw? Kaangay sila sang mga kabataan nga nagapinungko sa tiendahan kag nagasinggitanay,"
"He that hath ears to hear, let him hear.","‘Nagtukar kami sa inyo sing plawta, pero wala kamo magsaot! Naghaya kami, pero wala kamo maghibi!’"
"But whereunto shall I liken this generation? It is like unto children sitting in the marketplaces, who call unto their fellows","Sang nag-abot si Juan, nagpuasa sia kag wala mag-inom sing bino, kag nagsiling sila, ‘Ginagamhan sia sang demonyo!’"
"and say, We piped unto you, and ye did not dance; we wailed, and ye did not mourn.","Sang nag-abot ang Anak sang Tawo, nagkaon kag nag-inom sia, kag nagsiling sila, ‘Tan-awa ninyo ini nga tawo! Palakaon sia kag palahubog, abyan sang mga manugsukot sang buhis kag sang iban nga mga makasasala!’ Pero ang kaalam sang Dios mapamatud-an paagi sa mga binuhatan sini.”"
"For John came neither eating nor drinking, and they say, He hath a demon.",Dayon ginpangkondenar ni Jesus ang mga banwa sa diin naghimo sia sang kalabanan sang iya mga milagro tungod kay ang mga tawo didto wala maghinulsol sang ila mga sala.
"The Son of man came eating and drinking, and they say, Behold, a gluttonous man and a winebibber, a friend of publicans and sinners! And wisdom is justified by her works.","“Makaluluoy ka man, Corazin! Makaluluoy ka man, Betsaida! Kay kon ang mga milagro nga ginhimo sa inyo ginhimo sa Tiro kag Sidon, dugay na kuntani ang mga tawo didto nagabayo sang sako kag nagbutang sing abo sa ila mga ulo sa pagpakita nga nagbiya sila sa ila mga sala!"
"Then began he to upbraid the cities wherein most of his mighty works were done, because they repented not.","Gani dumdoma ninyo nga sa Adlaw sang Paghukom, mas magamaluloy-on pa ang Dios sa mga tawo sang Tiro kag Sidon sang sa inyo!"
"Woe unto thee, Chorazin! woe unto thee, Bethsaida! for if the mighty works had been done in Tyre and Sidon which were done in you, they would have repented long ago in sackcloth and ashes.","Kag ikaw Capernaum luyag ka bala nga bayawon pa langit? Itagbong ka sa impierno! Kay kon ang mga milagro nga nahimo sa imo ginhimo sa Sodoma, kuntani ang Sodoma ara pa tubtob sa sini nga adlaw!"
"But I say unto you, it shall be more tolerable for Tyre and Sidon in the day of judgment, than for you.",Dumdoma ninyo nga sa Adlaw sang Paghukom mas magamaluloy-on pa ang Dios sa Sodoma sang sa inyo!”
"And thou, Capernaum, shalt thou be exalted unto heaven? thou shalt go down unto Hades: for if the mighty works had been done in Sodom which were done in thee, it would have remained until this day.","Sa sadto nga tion si Jesus nagsiling, “O Amay, Ginoo sang langit kag duta! Nagapasalamat ako sa imo tungod kay ginpahayag mo sa mga di-maalam ang gintago mo sa mga maalam kag sa may mataas nga mga tinun-an."
"But I say unto you that it shall be more tolerable for the land of Sodom in the day of judgment, than for thee.","Huo, O Amay, kay amo ini ang imo nahamut-an nga himuon."
"At that season Jesus answered and said, I thank thee, O Father, Lord of heaven and earth, that thou didst hide these things from the wise and understanding, and didst reveal them unto babes:","“Ang akon Amay nagtugyan sa akon sang tanan nga mga butang. Wala sing may nakakilala sa Anak luas ang Amay, kag wala man sing may nakakilala sa Amay luas ang Anak kag ang bisan sin-o nga luyag ipahayag sang Anak ang Amay."
"yea, Father, for so it was well-pleasing in thy sight.","“Palapit kamo sa akon, tanan kamo nga ginabudlayan kag ginabug-atan, kag papahuwayon ko kamo."
"All things have been delivered unto me of my Father: and no one knoweth the Son, save the Father; neither doth any know the Father, save the Son, and he to whomsoever the Son willeth to reveal him .","Itakod ang akon gota sa inyo kag magtuon kamo sa akon, tungod kay ako malulo kag mapainuboson sing tagipusoon, kag makapahuway kamo."
"Come unto me, all ye that labor and are heavy laden, and I will give you rest.","Kay ang akon gota nga ihatag sa inyo mahapos, kag ang akon karga mamag-an.”"
At that season Jesus went on the sabbath day through the grainfields; and his disciples were hungry and began to pluck ears and to eat.,"Isa sadto ka tion sa Adlaw nga Inugpahuway, si Jesus nag-agi sa tunga sang kaumhan sang trigo. Gingutom ang iya mga gintuton-an, gani nagpangutol sila sang mga uhay sang trigo kag ginkaon ini."
"But the Pharisees, when they saw it, said unto him, Behold, thy disciples do that which it is not lawful to do upon the sabbath.","Sang makita ini sang mga Fariseo, nagsiling sila kay Jesus, “Tan-awa bala, ang ginahimo sang imo mga gintuton-an batok sa Kasugoan sa Adlaw nga Inugpahuway!”"
"But he said unto them, Have ye not read what David did, when he was hungry, and they that were with him;","Si Jesus nagsabat, “Wala bala ninyo mabasahi ang ginhimo ni David sang sia kag ang iya mga kaupdanan gingutom?"
"how he entered into the house of God, and ate the showbread, which it was not lawful for him to eat, neither for them that were with him, but only for the priests?","Nagsulod sia sa balay sang Dios, kag ginkaon niya upod sang iya mga tinawo ang tinapay nga nahalad sa Dios, bisan pa batok sa Kasugoan para sa ila ang magkaon sadto nga tinapay. Kay yadto nga tinapay para lamang sa mga pari."
"Or have ye not read in the law, that on the sabbath day the priests in the temple profane the sabbath, and are guiltless?","Kag wala bala ninyo mabasahi sa Kasugoan ni Moises nga sa Adlaw nga Inugpahuway, ang mga pari sa templo nagalapas sang Kasugoan sa tagsa ka Adlaw nga Inugpahuway, pero wala man sila makasala?"
"But I say unto you, that one greater than the temple is here.","Nagasiling ako sa inyo, may yari diri nga mas importante pa sang sa Templo."
"But if ye had known what this meaneth, I desire mercy, and not sacrifice, ye would not have condemned the guiltless.","Kon inyo lamang nahibaluan kon ano ang kahulogan sini nga kasulatan, ‘Indi mga halad nga sapat ang luyag ko, kundi ang pagkamaluloy-on,’ wala ninyo kuntani paghukmi ang mga wala sing sala."
For the Son of man is lord of the sabbath.,Kay ang Anak sang Tawo amo ang Ginoo sang Adlaw nga Inugpahuway.”
"And he departed thence, and went into their synagogue:","Naghalin si Jesus sa sadto nga lugar kag nagsulod sa ila sinagoga, sa diin"
"and behold, a man having a withered hand. And they asked him, saying, Is it lawful to heal on the sabbath day? that they might accuse him.","may isa ka tawo didto nga naitus ang iya kamot. May mga tawo man didto nga luyag magsumbong kay Jesus tungod sang iya mga ginahimo. Gani nagpamangkot sila sa iya, “Ginatugot bala sa aton Kasugoan ang pagpamulong sa Adlaw nga Inugpahuway?”"
"And he said unto them, What man shall there be of you, that shall have one sheep, and if this fall into a pit on the sabbath day, will he not lay hold on it, and lift it out?","Si Jesus nagsabat, “Abi kon ang isa sa inyo may karnero nga nahulog sa madalom nga buho sa Adlaw nga Inugpahuway, ano bala ang himuon niya? Indi bala niya pagkuhaon ini sa buho?"
How much then is a man of more value than a sheep! Wherefore it is lawful to do good on the sabbath day.,Ang tawo mas labi pa ka mahal sang sa karnero! Gani ang aton Kasugoan nagatugot sa aton sa paghimo sing maayo sa isa ka tawo bisan pa sa Adlaw nga Inugpahuway.”
"Then saith he to the man, Stretch forth thy hand. And he stretched it forth; and it was restored whole, as the other.","Dayon nagsiling si Jesus sa tawo, “Untaya ang imo kamot.”"
"But the Pharisees went out, and took counsel against him, how they might destroy him.",Gin-untay niya ini kag nag-ayo kasubong sang pihak niya nga kamot.
"And Jesus perceiving it withdrew from thence: and many followed him; and he healed them all,",Pero ang mga Fariseo naglakat kag nagplano sa pagpatay kay Jesus.
and charged them that they should not make him known:,"Sang mahibaluan ni Jesus ang plano batok sa iya, naghalin sia sa sadto nga lugar kag ginsunod sia sang madamo nga mga tawo. Gin-ayo niya ang tanan nga mga masakiton,"
"that it might be fulfilled which was spoken through Isaiah the prophet, saying,",kag ginmanduan nga indi sila magpanugid sa iban nahanungod sa iya.
"Behold, my servant whom I have chosen;",Ginhimo niya ini agod matuman ang ginsiling ni Isaias nga propeta:
My beloved in whom my soul is well pleased:,"“Yari ang akon alagad nga akon ginpili,"
"I will put my Spirit upon him,",ang akon hinigugma nga sa iya nahamuot ako.
And he shall declare judgment to the Gentiles.,"Ibutang ko sa iya ang akon Espiritu,"
"He shall not strive, nor cry aloud;",kag sia magapahibalo sang akon paghukom sa mga kapungsoran.
Neither shall any one hear his voice in the streets.,"Indi sia magbais ukon magsinggit,"
"A bruised reed shall he not break,",ukon mabatian ang iya matunog nga hambal sa mga dalan.
"And smoking flax shall he not quench,","Magamalulo sia sa mga maluya,"
Till he send forth judgment unto victory.,"kag magamaayo sa indi makasarang,"
And in his name shall the Gentiles hope.,"tubtob iya madala ang katarungan sa pagdaog,"
"Then was brought unto him one possessed with a demon, blind and dumb: and he healed him, insomuch that the dumb man spake and saw.",kag ang tanan nga mga tawo magasalig sa iya.”
"And all the multitudes were amazed, and said, Can this be the son of David?","Dayon may mga tawo nga nagdala sa kay Jesus sang isa ka tawo nga bulag kag apa, tungod kay ginagamhan sia sang demonyo. Gin-ayo ni Jesus ini nga tawo, sa bagay nga makahambal kag makakita na sia."
"But when the Pharisees heard it, they said, This man doth not cast out demons, but by Beelzebub the prince of the demons.","Natingala gid ang tanan nga mga tawo gani nagpinamangkutanay sila, “Sia na ayhan ang Anak ni David?”"
"And knowing their thoughts he said unto them, Every kingdom divided against itself is brought to desolation; and every city or house divided against itself shall not stand:","Sang pagkabati sini sang mga Fariseo nagsiling sila, “Ginatabog niya ang mga yawa tungod kay si Beelzebul nga pangulo sang mga demonyo naghatag sa iya sing gahom sa paghimo sini.”"
"and if Satan casteth out Satan, he is divided against himself; how then shall his kingdom stand?","Si Jesus nakahibalo sang ila panghunahuna, gani nagsiling sia sa ila, “Kon ang mga pumoluyo sang isa ka pungsod nagabinahinbahin kag nagailinaway, ina nga pungsod malaglag. Kon ang mga pumoluyo sang isa ka banwa ukon mga katapo sang isa ka panimalay nagabinahinbahin kag nagailinaway, ina nga banwa ukon panimalay magabuloblag."
"And if I by Beelzebub cast out demons, by whom do your sons cast them out? therefore shall they be your judges.","Gani kon ang mga ginsakpan ni Satanas magbinahinbahin kag mag-ilinaway, ang iya ginharian magabuloblag!"
"But if I by the Spirit of God cast out demons, then is the kingdom of God come upon you.","Nagasiling kamo nga ako nagatabog sang mga demonyo tungod sang gahom nga ginhatag sa akon ni Beelzebul. Ti, karon sin-o bala ang nagahatag sing gahom sa inyo mga sumolunod sa pagtabog sa ila? Ang ginahimo sang inyo mga sumolunod amo man ang nagapamatuod nga nagsayop gid kamo!"
"Or how can one enter into the house of the strong man , and spoil his goods, except he first bind the strong man ? and then he will spoil his house.","Indi si Beelzebul, kundi ang Espiritu sang Dios amo ang naghatag sa akon sing gahom sa pagtabog sang mga demonyo, gani ini nagapamatuod nga ang paghari sang Dios nag-abot na sa inyo."
He that is not with me is against me; and he that gathereth not with me scattereth.,"“Wala sing may makasulod sa balay sang makusog nga tawo sa pagkuha sang iya mga pagkabutang luas lang kon iya anay gapuson ang makusog nga tawo, dayon sarang na sia makapanguha sang bisan ano nga butang sa amo nga balay."
"Therefore I say unto you, Every sin and blasphemy shall be forgiven unto men; but the blasphemy against the Spirit shall not be forgiven.","“Ang bisan sin-o nga wala nagaapin sa akon batok sa akon, ang bisan sin-o nga wala nagatipon upod sa akon nagapaaplaag."
"And whosoever shall speak a word against the Son of man, it shall be forgiven him; but whosoever shall speak against the Holy Spirit, it shall not be forgiven him, neither in this world, nor in that which is to come.","Gani, nagasiling ako sa inyo: mapatawad ang mga tawo sang bisan ano nga sala kag sang malaut nila nga ginapanghambal, pero indi mapatawad ang bisan sin-o nga maghambal sing malain batok sa Espiritu Santo."
"Either make the tree good, and its fruit good; or make the tree corrupt, and its fruit corrupt: for the tree is known by its fruit.","Ang bisan sin-o nga maghambal sang pulong batok sa Anak sang Tawo mapatawad, pero ang bisan sin-o nga maghambal batok sa Espiritu Santo indi mapatawad, sa karon ukon sa palaabuton."
"Ye offspring of vipers, how can ye, being evil, speak good things? for out of the abundance of the heart the mouth speaketh.","“Agod makaangkon sang maayo nga bunga dapat ang kahoy maayo, kay kon ang kahoy indi maayo, magaangkon ini sang indi maayo nga bunga. Kay ang kahoy makilala sa iya bunga."
The good man out of his good treasure bringeth forth good things: and the evil man out of his evil treasure bringeth forth evil things.,"Kamo nga kaliwat sang mga man-og, paano bala ang paghambal ninyo sing maayo nga mga butang kon kamo malaut? Kay ginahambal sang baba kon ano ang yara sa tagipusoon."
"And I say unto you, that every idle word that men shall speak, they shall give account thereof in the day of judgment.","Ang maayo nga tawo nagapagwa sing maayo nga mga butang gikan sa mga gintipon niya nga maayo, ang tawo nga malaut nagapagwa sang malaut nga mga butang gikan sa mga tinago niya nga malaut."
"For by thy words thou shalt be justified, and by thy words thou shalt be condemned.",“Ako nagasiling sa inyo: sa Adlaw sang Paghukom ang tagsatagsa magapanabat sa tagsa ka pulong nga wala sing pulos nga ginhambal niya.
"Then certain of the scribes and Pharisees answered him, saying, Teacher, we would see a sign from thee.","Kay sa imo mga pulong pagahukman ka, sa paghilway ukon sa pagkondenar sa imo.”"
"But he answered and said unto them, An evil and adulterous generation seeketh after a sign; and there shall no sign be given to it but the sign of Jonah the prophet:","Dayon may mga manunodlo sang Kasugoan kag mga Fariseo nga nagsiling kay Jesus, “Manunodlo, luyag kami makakita sa imo nga nagahimo sang gamhanan nga buhat nga nagapakita nga ang imo gahom naghalin sa Dios.”"
for as Jonah was three days and three nights in the belly of the whale; so shall the Son of man be three days and three nights in the heart of the earth.,"Si Jesus nagsabat, “Daw ano kalaut kag di-maminatud-on sa Dios ang mga tawo sa sini nga mga inadlaw! Nagapangayo bala kamo sa akon sing gamhanan nga buhat? Wala sing gamhanan nga buhat nga ipakita sa inyo luas sang natabo na sa kay Jonas nga propeta."
"The men of Nineveh shall stand up in the judgment with this generation, and shall condemn it: for they repented at the preaching of Jonah; and behold, a greater than Jonah is here.","Subong nga si Jonas nagpabilin sa tiyan sang daku nga isda sa sulod sing tatlo ka adlaw kag tatlo ka gab-i, amo man ang Anak sang Tawo magapabilin sa kadadalman sang duta sa sulod sing tatlo ka adlaw kag tatlo ka gab-i."
"The queen of the south shall rise up in the judgment with this generation, and shall condemn it: for she came from the ends of the earth to hear the wisdom of Solomon; and behold, a greater than Solomon is here.",Sa Adlaw sang Paghukom ang mga tawo sa Ninive magatindog kag magasumbong sa inyo tungod kay naghinulsol sila sang ila mga sala sang pagkabati nila kay Jonas nga nagawali. Kag nagasiling ako sa inyo nga may ari diri nga labaw pa sang sa kay Jonas!
"But the unclean spirit, when he is gone out of the man, passeth through waterless places, seeking rest, and findeth it not.","Sa Adlaw sang Paghukom ang Rayna sang Seba magatindog kag magasumbong sa inyo, tungod kay nag-abot sia halin pa sa malayo gid nga lugar sa pagpamati sang kaalam ni Haring Solomon. Nagasiling ako sa inyo, may ari diri nga labaw pa sang sa kay Haring Solomon!"
"Then he saith, I will return into my house whence I came out; and when he is come, he findeth it empty, swept, and garnished.","“Kon ang malaut nga espiritu maggwa sa isa ka tawo, nagapanglugayawan sia sa mamala nga mga lugar sa pagpangita sing palahuwayan. Kon wala sia sing may makita,"
"Then goeth he, and taketh with himself seven other spirits more evil than himself, and they enter in and dwell there: and the last state of that man becometh worse than the first. Even so shall it be also unto this evil generation.","nagasiling sia sa iya kaugalingon, ‘Mabalik ako sa akon ginhalinan.’ Gani sa pagbalik niya, iya makita nga ang iya ginhalinan wala sing may nagaestar, matinlo kag nahimos na."
"While he was yet speaking to the multitudes, behold, his mother and his brethren stood without, seeking to speak to him.","Dayon magalakat sia kag manghagad sang pito ka espiritu nga mas malaut pa sang sa iya. Magasulod sila kag magaestar sa sadto nga tawo. Gani, sa katapusan ini nga tawo mas magamalaut pa gid sang sa una niya nga kahimtangan. Amo man ini ang mahanabo sa malaut nga mga tawo sa sini nga mga inadlaw.”"
"On that day went Jesus out of the house, and sat by the sea side.","Sa amo man nga adlaw naggwa si Jesus sa balay kag nagkadto sa higad sang linaw, sa diin nagpungko sia sa pagpanudlo."
"And there were gathered unto him great multitudes, so that he entered into a boat, and sat; and all the multitude stood on the beach.","Tungod kay gintipunan sia sang madamo nga tawo, nagsakay sia sa sakayan kag nagpungko didto, samtang ang mga tawo nagtilindog sa higad sang linaw."
"And he spake to them many things in parables, saying, Behold, the sower went forth to sow;",Madamo nga mga butang ang gintudlo ni Jesus sa ila paagi sa mga palaanggiran nga subong sini:
"and as he sowed, some seeds fell by the way side, and the birds came and devoured them:",“May isa ka tawo nga naglakat sa pagsab-og.
"and others fell upon the rocky places, where they had not much earth: and straightway they sprang up, because they had no deepness of earth:","Sang pagsab-og niya sang binhi, ang iban nagtupa sa dalan, kag ang mga pispis nagdapo kag nagtuka sini."
"and when the sun was risen, they were scorched; and because they had no root, they withered away.","Ang iban nagtupa sa batuhon nga mga lugar, sa diin hapaw lamang ang duta. Sa wala lang madugay nagtubo ang binhi tungod kay manabaw ang duta."
And others fell upon the thorns; and the thorns grew up and choked them:,"Sang udtong adlaw na, nalayong ang bag-ong tubo nga mga tanom kag tungod kay indi gid madalom ang mga gamot sini, ang mga tanom madali nga nalaya."
"and others fell upon the good ground, and yielded fruit, some a hundredfold, some sixty, some thirty.",Ang iban nga binhi nagtupa sa duta nga may mga talungon nga nagtubo kag naglumos sang mga tanom.
"He that hath ears, let him hear.","Pero ang iban nga binhi nagtupa sa maayo nga duta kag ang mga tanom namunga: ang iban sini nagpatubas sang 100 ka pilo, ang iban sini sesenta kag ang iban sini traynta.”"
"And the disciples came, and said unto him, Why speakest thou unto them in parables?","Kag si Jesus nagsiling, “Gani, magpamati kamo kon may mga dulonggan kamo!”"
"And he answered and said unto them, Unto you it is given to know the mysteries of the kingdom of heaven, but to them it is not given.","Dayon ang mga gintuton-an nagpalapit kay Jesus kag nagpamangkot sa iya, “Ngaa nagahambal ka sa mga tawo paagi sa mga palaanggiran?”"
"For whosoever hath, to him shall be given, and he shall have abundance: but whosoever hath not, from him shall be taken away even that which he hath.","Si Jesus nagsabat, “Ang paghibalo sang mga tinago sang Ginharian sang langit ginhatag sa inyo kag indi sa ila."
"Therefore speak I to them in parables; because seeing they see not, and hearing they hear not, neither do they understand.","Kay ang tawo nga may paghangop pagahatagan pa gid, agod nga magsulobra ang iya nahibaluan, pero ang tawo nga wala sing paghangop bisan ang diutay nga iya nahibaluan pagakuhaon pa."
"And unto them is fulfilled the prophecy of Isaiah, which saith,","Naghambal ako sa ila paagi sa mga palaanggiran, tungod kay nagatulok sila pero indi makakita, kag nagapamati sila pero indi makabati ukon makahangop."
"By hearing ye shall hear, and shall in no wise understand;",Gani natuman sa ila ining tagna ni Isaias nga nagasiling:
"And seeing ye shall see, and shall in no wise perceive:","‘Ini nga mga tawo magapamati lang nga pamati, pero indi makahangop,"
"For this people’s heart is waxed gross,","magatulok lang sila nga tulok, pero indi makakita."
"And their ears are dull of hearing,","Tungod kay ini nga mga tawo matig-a sing mga ulo,"
And their eyes they have closed;,"gintakpan nila ang ila mga dulonggan,"
"Lest haply they should perceive with their eyes,",kag ginpiyong nila ang ila mga mata.
"And hear with their ears,","Kay kon indi nila paghimuon ini,"
"And understand with their heart,","basi makakita ang ila mga mata,"
"And should turn again,","makabati ang ila mga dulonggan,"
And I should heal them.,"makahangop ang ila mga panghunahuna,"
"But blessed are your eyes, for they see; and your ears, for they hear.","kag magaliso sila sa akon,"
"For verily I say unto you, that many prophets and righteous men desired to see the things which ye see, and saw them not; and to hear the things which ye hear, and heard them not.",kag ako magaayo sa ila.’
Hear then ye the parable of the sower.,“Kamo inyo malipayon gid! Kay ang inyo mga mata makakita kag ang inyo mga dulonggan makabati.
"When any one heareth the word of the kingdom, and understandeth it not, then cometh the evil one , and snatcheth away that which hath been sown in his heart. This is he that was sown by the way side.","Dumdoma ninyo ini! Madamo nga mga propeta kag mga tawo sang Dios ang naghandom gid sa pagtan-aw sang inyo nakita, pero wala sila makakita, kag luyag magpamati sa inyo ginapamatian pero wala sila iya makabati."
"And he that was sown upon the rocky places, this is he that heareth the word, and straightway with joy receiveth it;","Gani, pamatii ninyo kag tun-i kon ano ang kahulogan sang palaanggiran nahanungod sang manugsab-og."
"yet hath he not root in himself, but endureth for a while; and when tribulation or persecution ariseth because of the word, straightway he stumbleth.","Ang mga nagapamati sang mensahe nahanungod sang Ginharian pero wala makahangop sini, kaangay sila sang binhi nga nagtupa sa alagyan. Nagaabot ang Yawa kag nagaagaw sang ginsab-og sa ila mga tagipusoon."
"And he that was sown among the thorns, this is he that heareth the word; and the care of the world, and the deceitfulness of riches, choke the word, and he becometh unfruitful.",Ang binhi nga nagtupa sa batuhon nga duta amo ang mga nagapamati sang pulong kag sa gilayon nagabaton sini sing malipayon.
"And he that was sown upon the good ground, this is he that heareth the word, and understandeth it; who verily beareth fruit, and bringeth forth, some a hundredfold, some sixty, some thirty.",Pero wala ini nagatudok kag nagadugay sa ila. Gani kon mag-abot ang pag-antos ukon paghingabot tungod sang mensahe nagabiya sila sa gilayon.
"Another parable set he before them, saying, The kingdom of heaven is likened unto a man that sowed good seed in his field:","Ang binhi nga nagtupa sa duta nga may mga talungon amo ang mga nagapamati sang mensahe, pero ang mga palaligban sang pangabuhi, kag ang paghigugma sang manggad nagalumos sang mensahe, kag wala ini nagapamunga."
"but while men slept, his enemy came and sowed tares also among the wheat, and went away.","Ang binhi nga ginsab-og sa maayo nga duta amo ang mga nagapamati sang mensahe kag nagahangop sini. Nagapamunga sila kag nagapatubas ang iban sa ila sing 100 ka pilo, ang iban sesenta ka pilo, kag ang iban traynta ka pilo.”"
"But when the blade sprang up and brought forth fruit, then appeared the tares also.","Si Jesus nagsugid sa ila sing isa naman ka palaanggiran, “Ang Ginharian sang langit kaangay sang isa ka tawo nga nagsab-og sang maayo nga binhi sa iya uma."
"And the servants of the householder came and said unto him, Sir, didst thou not sow good seed in thy field? whence then hath it tares?","Isa ka gab-i, sang nagakatulog ang mga tawo, nag-abot ang iya kaaway kag nagsab-og man sang mga bugang nga nag-impon sa mga trigo, kag naglakat."
"And he said unto them, An enemy hath done this. And the servants say unto him, Wilt thou then that we go and gather them up?","Sang nagtubo ang mga tanom kag nagpamunga sang trigo, ang mga bugang nagtubo man."
"But he saith, Nay; lest haply while ye gather up the tares, ye root up the wheat with them.","Ang mga suloguon sang tawo nagkadto sa iya kag nagsiling, ‘Sir, maayo nga binhi ang imo ginsab-og sa imo nga uma, pero diin bala maghalin ining mga bugang?’"
"Let both grow together until the harvest: and in the time of the harvest I will say to the reapers, Gather up first the tares, and bind them in bundles to burn them; but gather the wheat into my barn.","Nagsabat sia, ‘Ginhimo ini sang kaaway.’ Nagpamangkot sila, ‘Luyag mo bala nga maglakat kami agod panggabuton ang mga bugang?’"
"Another parable set he before them, saying, The kingdom of heaven is like unto a grain of mustard seed, which a man took, and sowed in his field:","Nagsabat sia, ‘Indi lang, tungod kay sa inyo pagtipon sang mga bugang, basi may magabot kamo nga mga trigo kaupod sa ila."
"which indeed is less than all seeds; but when it is grown, it is greater than the herbs, and becometh a tree, so that the birds of the heaven come and lodge in the branches thereof.","Pabay-i lang ninyo anay nga magpamuhi ang mga bugang kag ang mga trigo tubtob sa tig-alani, kay kon tig-alani na singganon ko ang mga mangangani: ‘Gabuta anay ninyo ang mga bugang, bugkosa ini kag idap-ong sa kalayo. Dayon tipuna ninyo ang trigo kag isulod sa akon bodega.’”"
"Another parable spake he unto them; The kingdom of heaven is like unto leaven, which a woman took, and hid in three measures of meal, till it was all leavened.","Si Jesus nagsugid sa ila sing isa naman ka palaanggiran, “Ang Ginharian sang langit kaangay sang binhi sang mustasa, nga ginkuha sang isa ka tawo kag ginpanggas sa iya uma."
All these things spake Jesus in parables unto the multitudes; and without a parable spake he nothing unto them:,"Ini ang labing diutay sa tanan nga binhi, pero kon magtubo ini magataas sia sa tanan nga kahuykahoy kag mangindaku nga kahoy, sa bagay nga ang mga pispis magadapo kag magapugad sa mga sanga sini.”"
"that it might be fulfilled which was spoken through the prophet, saying,","Si Jesus nagsugid sa ila sing isa pa gid ka palaanggiran, “Ang Ginharian sang langit kaangay sang lebadora. Ginakuha ini sang isa ka babayi kag ginalamas sa tatlo ka sukob nga harina, tubtob nga maghabok ang bug-os nga linamas.”"
I will open my mouth in parables;,Si Jesus naggamit sang mga palaanggiran sa pagtudlo sini nga mga butang sa mga tawo. Wala sia sing may ginhambal sa ila nga indi paagi sa palaanggiran.
I will utter things hidden from the foundation of the world.,Ginhimo niya ini agod matuman ang ginsiling sang propeta:
"Then he left the multitudes, and went into the house: and his disciples came unto him, saying, Explain unto us the parable of the tares of the field.","“Magahambal ako sa ila paagi sa mga palaanggiran,"
"And he answered and said, He that soweth the good seed is the Son of man;","magasugid ako sa ila sang mga butang nga wala pa mahibal-i, halin sa pagtuga sang kalibutan.”"
"and the field is the world; and the good seed, these are the sons of the kingdom; and the tares are the sons of the evil one ;","Dayon ginbayaan ni Jesus ang mga tawo kag nagsulod sia sa balay. Ang iya mga gintuton-an nagpalapit sa iya kag nagsiling, “Sugiri kami kon ano ang kahulogan sang palaanggiran nahanungod sang mga bugang sa talamnan.”"
and the enemy that sowed them is the devil: and the harvest is the end of the world; and the reapers are angels.,"Si Jesus nagsabat, “Ang tawo nga nagsab-og sang maayo nga binhi amo ang Anak sang Tawo."
As therefore the tares are gathered up and burned with fire; so shall it be in the end of the world.,"Ang uma amo ang kalibutan kag ang maayo nga binhi amo ang mga anak sang Ginharian, ang mga bugang amo ang mga anak sang Yawa,"
"The Son of man shall send forth his angels, and they shall gather out of his kingdom all things that cause stumbling, and them that do iniquity,",kag ang kaaway nga nagsab-og sang mga bugang amo si Satanas; ang tig-alani amo ang katapusan sang panag-on kag ang mga mangangani amo ang mga anghel.
and shall cast them into the furnace of fire: there shall be the weeping and the gnashing of teeth.,"Subong nga ang mga bugang tipunon kag sunogon sa kalayo, amo man ang mahanabo sa katapusan sang panag-on."
"Then shall the righteous shine forth as the sun in the kingdom of their Father. He that hath ears, let him hear.",Ang Anak sang Tawo magapadala sang iya mga anghel kag ila pagatipunon kag pagapagwaon sa iya Ginharian ang tanan nga nanginkabangdanan sang pagpakasala sang mga tawo kag ang tanan nga nagahimo sing malaut nga mga butang.
"The kingdom of heaven is like unto a treasure hidden in the field; which a man found, and hid; and in his joy he goeth and selleth all that he hath, and buyeth that field.","Kag sila ihaboy sang mga anghel sa nagadabadaba nga kalayo, sa diin magahibi sila kag magabagrot sang ila mga ngipon."
"Again, the kingdom of heaven is like unto a man that is a merchant seeking goodly pearls:","Dayon ang mga matarong magasilak subong sang adlaw sa Ginharian sang ila Amay. Gani, magpamati kamo kon may mga dulonggan kamo!"
"and having found one pearl of great price, he went and sold all that he had, and bought it.","“Ang Ginharian sang langit kaangay sang manggad nga ginlubong sa uma. Nasapwan ini sang isa ka tawo kag iya liwat gintampukan. Sa daku nga kalipay naglakat sia kag ginbaligya niya ang tanan niya nga mga pagkabutang, kag nagbalik sa pagbakal sadto nga uma."
"Again, the kingdom of heaven is like unto a net, that was cast into the sea, and gathered of every kind:","“Subong man, ang Ginharian sang langit kaangay sang isa ka negosyante nga nagpangita sang malahalon nga mga perlas."
"which, when it was filled, they drew up on the beach; and they sat down, and gathered the good into vessels, but the bad they cast away.","Sang pagkakita niya sang isa ka perlas nga malahalon, naglakat sia kag ginbaligya niya ang tanan niya nga mga pagkabutang kag ginbakal ang amo nga perlas."
"So shall it be in the end of the world: the angels shall come forth, and sever the wicked from among the righteous,","“Subong man, ang Ginharian sang langit kaangay sang isa ka pukot nga ginladlad sa dagat sang mga mangingisda kag nagkuha sang sarisari nga mga isda."
and shall cast them into the furnace of fire: there shall be the weeping and the gnashing of teeth.,"Sang puno na ang pukot ginbutong ini sang mga mangingisda pa higad kag nagpungko sila sa pagpain sang mga isda: ang mga maayo ginsulod sa alat, kag ginpamilak ang mga malain."
"Have ye understood all these things? They say unto him, Yea.","Manginsubong man sini sa katapusan sang panag-on: ang mga anghel sang Dios magaabot kag magapain sang malaut nga mga tawo sa mga matarong,"
"And he said unto them, Therefore every scribe who hath been made a disciple to the kingdom of heaven is like unto a man that is a householder, who bringeth forth out of his treasure things new and old.",kag ang mga malaut ila itagbong sa kalayo nga nagadabadaba. Didto magahinibi sila kag magabagrot sang ila mga ngipon.”
"And it came to pass, when Jesus had finished these parables, he departed thence.","Si Jesus nagpamangkot sa ila, “Nahangpan bala ninyo ini tanan nga mga butang?”"
"And coming into his own country he taught them in their synagogue, insomuch that they were astonished, and said, Whence hath this man this wisdom, and these mighty works?","Nagsabat sila, “Huo.”"
"Is not this the carpenter’s son? is not his mother called Mary? and his brethren, James, and Joseph, and Simon, and Judas?","Gani si Jesus nagsiling, “Ini nagakahulogan nga ang tagsa ka manunodlo sang Kasugoan nga mangingintuton-an sang Ginharian sang langit, kaangay sang tag-iya sang balay nga nagakuha sang bag-o kag daan nga mga butang sa iya talaguan.”"
"And his sisters, are they not all with us? Whence then hath this man all these things?","Sa tapos si Jesus makapanudlo sini nga mga palaanggiran, naghalin sia sa sadto nga lugar"
"At that season Herod the tetrarch heard the report concerning Jesus,",Sa sadto nga tion si Herodes nga pangulo sang Galilea nakabati nahanungod kay Jesus.
"and said unto his servants, This is John the Baptist; he is risen from the dead; and therefore do these powers work in him.","Nagsiling sia sa iya mga opisyales, “Sia amo si Juan nga manugbautiso nga nabanhaw. Amo ina kon ngaa may gahom sia sa paghimo sang mga milagro.”"
"For Herod had laid hold on John, and bound him, and put him in prison for the sake of Herodias, his brother Philip’s wife.","Kay ginpadakop sadto anay ni Herodes si Juan, ginpagapos sia kag ginsulod sa bilangguan. Ginhimo niya ini tungod kay Herodias nga asawa ni Felipe nga iya utod."
"For John said unto him, It is not lawful for thee to have her.","Kay sa pila ka beses si Juan nga manugbautiso nagsiling kay Herodes, “Batok sa kasugoan ang imo pagpuyo upod sa kay Herodias!”"
"And when he would have put him to death, he feared the multitude, because they counted him as a prophet.","Ipapatay kuntani ni Herodes si Juan, ugaling nahadlok sia sa mga Judio tungod kay ginakabig nila nga si Juan isa ka propeta."
"But when Herod’s birthday came, the daughter of Herodias danced in the midst, and pleased Herod.","Sa kaadlawan ni Herodes, ang anak nga babayi ni Herodias nagsaot sa atubang sang mga bisita sa bagay nga nakunyag gid si Herodes."
Whereupon he promised with an oath to give her whatsoever she should ask.,"Tungod sini nagtug-an sia sa iya, “Nagasumpa ako nga bisan ano ang imo pangayuon sa akon ihatag ko sa imo!”"
"And she, being put forward by her mother, saith, Give me here on a platter the head of John the Baptist.","Sa sudyot sang iya iloy nagsiling sia kay Herodes, “Ihatag sa akon subong gid ang ulo ni Juan nga manugbautiso nga nabutang sa bandihado!”"
"And the king was grieved; but for the sake of his oaths, and of them that sat at meat with him, he commanded it to be given;",Nagkasubo ang hari pero tungod sang iya sinumpaan sa atubang sang tanan nga mga bisita nagsugo sia nga ihatag ang pangayo sang dalagita.
and he sent and beheaded John in the prison.,Gani ginpapugotan niya si Juan sa bilangguan.
"And his head was brought on a platter, and given to the damsel: and she brought it to her mother.","Ang ulo gindala nga natungtong sa bandihado kag ginhatag sa dalagita, kag iya ini gindala sa iya iloy."
"And his disciples came, and took up the corpse, and buried him; and they went and told Jesus.","Sa tapos sina, nag-abot ang mga gintuton-an ni Juan kag ila ginkuha ang bangkay kag ginlubong. Dayon naglakat sila kag ginsugiran si Jesus."
"Now when Jesus heard it , he withdrew from thence in a boat, to a desert place apart: and when the multitudes heard thereof , they followed him on foot from the cities.","Sang pagkabati ni Jesus sang balita nahanungod kay Juan, naghalin sia sa sadto nga lugar nga nagasakay sa sakayan kag nagkadto sa isa ka baw-ing nga lugar nga isahanon lang. Sang nahibaluan ini sang mga tawo, nagwa sila sa ila mga banwa kag nag-apas kay Jesus nga nagalakat lang."
"And he came forth, and saw a great multitude, and he had compassion on them, and healed their sick.","Sang pagtakas ni Jesus, nakita niya ang madamo nga mga tawo. Naluoy gid sia sa ila kag gin-ayo niya ang ila mga masakiton."
"And when even was come, the disciples came to him, saying, The place is desert, and the time is already past; send the multitudes away, that they may go into the villages, and buy themselves food.","Sang sirom na, ang iya mga gintuton-an nagpalapit sa iya kag nagsiling, “Madulom na kag baw-ing ini nga lugar. Palakta ang mga tawo sa pagkadto sa mga barangay agod makabakal sila sang pagkaon para sa ila kaugalingon.”"
"But Jesus said unto them, They have no need to go away; give ye them to eat.","Nagsabat si Jesus, “Indi na kinahanglan nga maglakat pa sila. Kamo mismo ang maghatag sa ila sing pagkaon.”"
"And they say unto him, We have here but five loaves, and two fishes.","Nagsabat sila, “Lima gid lang ka bilog nga tinapay kag duha ka isda ang ari sa amon.”"
"And he said, Bring them hither to me.","Nagsiling si Jesus, “Dalha ninyo ina diri sa akon.”"
"And he commanded the multitudes to sit down on the grass; and he took the five loaves, and the two fishes, and looking up to heaven, he blessed, and brake and gave the loaves to the disciples, and the disciples to the multitudes.","Ginsugo niya ang mga tawo nga magpungko sa hilamon. Dayon iya ginkuha ang lima ka bilog nga tinapay kag duha ka isda, nagtangla sa langit kag nagpasalamat sa Dios. Ginpamihakpihak niya ang tinapay kag ginhatag niya ini sa iya mga gintuton-an, kag ginhatag ini sang mga gintuton-an sa mga tawo."
"And they all ate, and were filled: and they took up that which remained over of the broken pieces, twelve baskets full.",Ang tagsatagsa nagkaon kag nabusog. Dayon gintipon sang mga gintuton-an ang nabilin kag dose pa ka mga alat ang napuno.
"And they that did eat were about five thousand men, besides women and children.","Ang mga nagkalaon mga 5,000 ka mga lalaki, wala labot ang mga babayi kag mga kabataan."
"And straightway he constrained the disciples to enter into the boat, and to go before him unto the other side, till he should send the multitudes away.","Dayon ginsugo ni Jesus ang iya mga gintuton-an sa pagsakay sa sakayan kag sa pag-una sa tabok sang linaw, samtang ginpapauli niya ang mga tawo."
"And after he had sent the multitudes away, he went up into the mountain apart to pray: and when even was come, he was there alone.","Sang mapalakat na niya ang mga tawo nagtaklad sia nga nagaisahanon sa isa ka bakulod sa pagpangamuyo. Sang gab-i na, isa lang si Jesus didto."
"But the boat was now in the midst of the sea, distressed by the waves; for the wind was contrary.","Sa amo nga tion, ang sakayan didto na sa tunga sang linaw nga ginabulobalinsay sang mga balod, tungod kay sumpong ang hangin."
"And in the fourth watch of the night he came unto them, walking upon the sea.","Sang kaagahon na, si Jesus nag-apas sa iya mga gintuton-an nga nagalakat sa ibabaw sang tubig."
"And when the disciples saw him walking on the sea, they were troubled, saying, It is a ghost; and they cried out for fear.","Sang makita nila sia nga nagalakat sa ibabaw sang tubig, kinulbaan gid sila. Nagsinggit sila sa kahadlok nga nagasiling, “Bagat!”"
"But straightway Jesus spake unto them, saying, Be of good cheer; it is I; be not afraid.","Sa gilayon si Jesus nagsiling sa ila, “Magpakaisog kamo! Ako ini. Indi kamo magkahadlok!”"
"And Peter answered him and said, Lord, if it be thou, bid me come unto thee upon the waters.","Dayon si Pedro nagsiling, “Ginoo, kon ikaw gid ina, pakadtua ako sa imo nga nagalakat sa ibabaw sang tubig.”"
"And he said, Come. And Peter went down from the boat, and walked upon the waters to come to Jesus.","Si Jesus nagsabat, “Dali diri!” Gani nagpanaog si Pedro sa sakayan kag naglakat sa ibabaw sang tubig pakadto kay Jesus."
"But when he saw the wind, he was afraid; and beginning to sink, he cried out, saying, Lord, save me.","Pero sang matalupangdan niya nga mabaskog ang hangin, hinadlukan sia kag nag-amat-amat sia lugdang sa tubig. Nagsinggit sia, “Ginoo, tabangi ako!”"
"And immediately Jesus stretched forth his hand, and took hold of him, and saith unto him, O thou of little faith, wherefore didst thou doubt?","Sa gilayon gindawhat sia ni Jesus kag gin-uyatan nga nagasiling, “Kadiutay sang imo pagtuo! Ngaa bala nagpangduhaduha ka?”"
"And when they were gone up into the boat, the wind ceased.","Nagbalik sila nga duha sa sakayan, kag naglinaw."
"And they that were in the boat worshipped him, saying, Of a truth thou art the Son of God.","Dayon ang mga gintuton-an sa sakayan nagsimba kay Jesus nga nagsiling, “Matuod gid nga ikaw ang Anak sang Dios!”"
"And when they had crossed over, they came to the land, unto Gennesaret.","Nagtabok sila sa linaw kag nagdungka sa Genesaret,"
"And when the men of that place knew him, they sent into all that region round about, and brought unto him all that were sick;",sa diin si Jesus nakilala sang mga tawo. Gani ginpahibalo nila ang mga tawo sa palibot nga mga lugar nga si Jesus ato didto. Dayon gindala sang mga tawo kay Jesus ang tanan nga mga masakiton.
and they besought him that they might only touch the border of his garment: and as many as touched were made whole.,"Nagpangabay sila sa iya nga kon mahimo ang mga masakiton makatandog bisan sa sidsid lang sang iya bayu, kag ang tanan nga nakatandog sini nag-alayo."
"Then there come to Jesus from Jerusalem Pharisees and scribes, saying,","May mga Fariseo kag mga manunodlo sang Kasugoan halin sa Jerusalem nga nagkadto kay Jesus kag namangkot sa iya,"
Why do thy disciples transgress the tradition of the elders? for they wash not their hands when they eat bread.,“Ngaa bala nga ang imo mga gintuton-an wala nagatuman sang mga pagtulon-an nga ginpaalinton sang aton mga katigulangan? Wala sila nagapanghinaw sang ila mga kamot sa wala pa sila magkaon suno sa kinabatasan!”
"And he answered and said unto them, Why do ye also transgress the commandment of God because of your tradition?","Si Jesus nagsabat, “Kag ngaa man nga ginalapas ninyo ang sugo sang Dios kag ginasunod ang inyo kaugalingon nga pagtulon-an nga ginpaalinton sa inyo?"
"For God said, Honor thy father and thy mother: and, He that speaketh evil of father or mother, let him die the death.","Kay ang Dios nagsiling, ‘Tahura ang imo amay kag iloy,’ kag nagsiling pa gid sia, ‘Ang bisan sin-o nga nagapakamalaut sang iya amay kag iloy dapat patyon.’"
"But ye say, Whosoever shall say to his father or his mother, That wherewith thou mightest have been profited by me is given to God ;","Pero kamo nagatudlo nga kon ang tawo may inugbulig sa iya amay kag iloy, kag magsiling sia, ‘Ini iya sang Dios,’"
he shall not honor his father. And ye have made void the word of God because of your tradition.,indi na sia dapat magbulig sa iya amay kag iloy. Sa sini ginapakawalay pulos ninyo ang pulong sang Dios agod sa pagtuman sang inyo kaugalingon nga pagtulon-an nga ginpaalinton sa inyo.
"Ye hypocrites, well did Isaiah prophesy of you, saying,",Mga hipokrito! Matuod gid ang mensahe sang Dios paagi kay Isaias nahanungod sa inyo!
This people honoreth me with their lips;,"‘Ang Dios nagsiling, ini nga mga tawo, nagapasidungog sa akon sa ila mga pulong,"
But their heart is far from me.,pero ang ila tagipusoon malayo gid sa akon.
"But in vain do they worship me,","Wala sing pulos ang ila pagsimba sa akon,"
Teaching as their doctrines the precepts of men.,"tungod kay nagapanudlo sila sang mga kasugoan nga ginhimo sang tawo, nga daw subong sila nga akon mga kasugoan!’”"
"And he called to him the multitude, and said unto them, Hear, and understand:","Dayon gintawag ni Jesus ang mga tawo nga magpalapit sa iya kag nagsiling sa ila, “Pamatii kag hangpa ninyo!"
"Not that which entereth into the mouth defileth the man; but that which proceedeth out of the mouth, this defileth the man.","Indi ang nagasulod sa baba sang tawo ang nagadagta sa iya, kundi ang ginapagwa niya sa iya baba amo ang nagadagta sa iya.”"
"Then came the disciples, and said unto him, Knowest thou that the Pharisees were offended, when they heard this saying?","Dayon ang iya mga gintuton-an nagpalapit sa iya kag nagsiling, “Nahibal-an mo bala nga ang mga Fariseo nasaklaw sang imo ginsiling?”"
"But he answered and said, Every plant which my heavenly Father planted not, shall be rooted up.","Si Jesus nagsabat, “Ang tagsa ka tanom nga wala gintanom sang akon langitnon nga Amay pagagabuton."
"Let them alone: they are blind guides. And if the blind guide the blind, both shall fall into a pit.","Pabayai sila! Mga bulag sila nga manugtuytoy. Kay kon ang bulag magtuytoy sa isa man ka bulag, sila nga duha mahulog sa kanal.”"
"And Peter answered and said unto him, Declare unto us the parable.","Si Pedro nagsiling, “Ipaathag sa amon ang kahulogan sini nga palaanggiran.”"
"And he said, Are ye also even yet without understanding?","Si Jesus nagsiling sa ila, “Wala gid kamo sing kinalis sa iban!"
"Perceive ye not, that whatsoever goeth into the mouth passeth into the belly, and is cast out into the draught?",Wala bala kamo makahangop nga ang bisan ano nga nagasulod sa baba sang tawo nagakadto sa iya tiyan kag dayon ginapagwa sa iya lawas?
But the things which proceed out of the mouth come forth out of the heart; and they defile the man.,"Pero ang mga pulong nga nagagwa sa baba nagahalin sa tagipusoon, kag amo ina ang nagadagta sa tawo."
"For out of the heart come forth evil thoughts, murders, adulteries, fornications, thefts, false witness, railings:","Kay sa tagipusoon sang tawo nagagikan ang malaut nga mga panghunahuna: ang pagpatay, ang pagpanginbabayi ukon pagpanginlalaki, ang pagpakighilawas, ang pagpangawat, ang pagsaksi sang butig, kag ang pagpasipala sa iban."
these are the things which defile the man; but to eat with unwashen hands defileth not the man.,Ini nga mga butang amo ang nagadagta sa tawo. Pero indi madagtaan ang tawo kon magkaon sia nga wala makapanghinaw sang iya mga kamot.”
"And Jesus went out thence, and withdrew into the parts of Tyre and Sidon.",Naghalin si Jesus sa sadto nga lugar kag nagkadto sa kadutaan malapit sa mga siudad sang Tiro kag Sidon.
"And behold, a Canaanitish woman came out from those borders, and cried, saying, Have mercy on me, O Lord, thou son of David; my daughter is grievously vexed with a demon.","May isa ka babayi nga taga-Canaan nga nagaestar sa sadto nga rehiyon nga nagpalapit sa iya nga nagasinggit, “Sir, Anak ni David! Kaluoyi ako! Ang akon anak nga babayi ginagamhan sang demonyo kag yara sa malubha nga kahimtangan.”"
"But he answered her not a word. And his disciples came and besought him, saying, Send her away; for she crieth after us.","Pero si Jesus wala gid magsabat sa iya. Ang iya mga gintuton-an nagpalapit sa iya kag nagpangabay nga nagasiling, “Pahalina sia! Nagasunodsunod sia sa aton kag nagagahod!”"
"But he answered and said, I was not sent but unto the lost sheep of the house of Israel.","Dayon si Jesus nagsabat, “Ako ginpadala para lamang sa mga tawo sang Israel nga kaangay sang panong sang mga karnero nga nadula.”"
"But she came and worshipped him, saying, Lord, help me.","Pero nagkadto ang babayi sa iya atubang kag nagluhod nga nagasiling, “Sir, buligi ako!”"
"And he answered and said, It is not meet to take the children’s bread and cast it to the dogs.","Nagsabat si Jesus, “Indi nagakabagay nga kuhaon ang pagkaon sang mga kabataan kag ihaboy sa mga ido.”"
"But she said, Yea, Lord: for even the dogs eat of the crumbs which fall from their masters’ table.","Nagsiling sia, “Matuod ina, Sir, pero bisan ang mga ido nagakaon sang mga usik nga nagakalahulog sa lamisa sang ila mga agalon.”"
"Then Jesus answered and said unto her, O woman, great is thy faith: be it done unto thee even as thou wilt. And her daughter was healed from that hour.","Dayon nagsabat si Jesus sa iya, “Ikaw isa ka babayi nga may daku nga pagtuo! Matuman ang imo ginapangabay.” Sa amo gid nga tion nag-ayo ang iya anak nga babayi."
"And Jesus departed thence, and came nigh unto the sea of Galilee; and he went up into the mountain, and sat there.",Naghalin si Jesus sa sadto nga lugar kag nag-agi sa higad sang Linaw sang Galilea. Nagtaklad sia sa isa ka bakulod kag nagpungko didto.
"And there came unto him great multitudes, having with them the lame, blind, dumb, maimed, and many others, and they cast them down at his feet; and he healed them:","Nagkadto sa iya ang madamo nga mga tawo nga nagadala sang mga piang, mga bulag, mga pingkaw, mga apa, kag madamo pa nga mga masakiton, kag ila ginbutang sa atubang ni Jesus, kag gin-ayo niya sila."
"insomuch that the multitude wondered, when they saw the dumb speaking, the maimed whole, and the lame walking, and the blind seeing: and they glorified the God of Israel.","Ang mga tawo natingala sang ila makita nga ang mga apa makahambal, ang mga pingkaw nag-ayo, ang mga piang makalakat, kag ang mga bulag makakita, kag gindayaw sang mga tawo ang Dios sang Israel."
"And Jesus called unto him his disciples, and said, I have compassion on the multitude, because they continue with me now three days and have nothing to eat: and I would not send them away fasting, lest haply they faint on the way.","Gintawag ni Jesus ang iya mga gintuton-an kag nagsiling sa ila, “Naluoy ako sa sini nga mga tawo, tungod kay ikatlo na subong nga adlaw ang ila pag-upod sa akon, kag karon nawad-an na sila sing kalan-on. Indi ako luyag nga magpauli sila nga wala makakaon, kay basi magkalalipong sila sa dalanon.”"
"And the disciples say unto him, Whence should we have so many loaves in a desert place as to fill so great a multitude?","Ang mga gintuton-an nagpamangkot sa iya, “Diin bala kita mangita sing pagkaon diri sa desierto nga makaigo sa pagpakaon sini nga kadamuon sang mga tawo?”"
"And Jesus said unto them, How many loaves have ye? And they said, Seven, and a few small fishes.","Ginpamangkot sila ni Jesus, “Pila bala ka bilog ang inyo tinapay?”"
And he commanded the multitude to sit down on the ground;,"Nagsabat sila, “Pito ka bilog nga tinapay kag pila ka bilog nga magagmay nga mga isda.”"
"and he took the seven loaves and the fishes; and he gave thanks and brake, and gave to the disciples, and the disciples to the multitudes.",Gani ginsugo niya ang mga tawo nga magpungko sa duta.
"And they all ate, and were filled: and they took up that which remained over of the broken pieces, seven baskets full.","Dayon ginkuha niya ang pito ka bilog nga tinapay kag ang mga isda, kag sang nakapasalamat sia sa Dios, ginpamihakpihak niya ini kag ginhatag sa mga gintuton-an, kag ang mga gintuton-an naghatag sini sa mga tawo."
"And they that did eat were four thousand men, besides women and children.",Ang tanan nagkaon kag nabusog. Dayon gintipon sang mga gintuton-an ang nabilin kag pito pa ka mga alat ang napuno.
"And he sent away the multitudes, and entered into the boat, and came into the borders of Magadan.","Ang kadamuon sang mga tawo nga nagkalaon 4,000 ka mga lalaki wala labot sa mga babayi kag mga kabataan."
"And the Pharisees and Sadducees came, and trying him asked him to show them a sign from heaven.","May mga Fariseo kag mga Saduceo nga nagpalapit kay Jesus. Buot nila tilawan sia, gani nagpangayo sila sa iya nga maghimo sia sang isa ka milagro sa pagpakita nga may gahom sia halin sa Dios."
"But he answered and said unto them, When it is evening, ye say, It will be fair weather: for the heaven is red.","Pero si Jesus nagsabat, “Kon magtunod ang adlaw nagasiling kamo, ‘Magaayo ang tiyempo, tungod kay ang langit mapula.’"
"And in the morning, It will be foul weather to-day: for the heaven is red and lowering. Ye know how to discern the face of the heaven; but ye cannot discern the signs of the times.","Kag kon aga nagasiling kamo, ‘Magaulan, tungod kay ang langit mapula kag magal-om.’ Sa inyo pagtan-aw sa langit makahibalo kamo sang magaabot nga tiempo, pero indi kamo makahangop sang mga tanda nahanungod sini nga mga panahon."
"An evil and adulterous generation seeketh after a sign; and there shall no sign be given unto it, but the sign of Jonah. And he left them, and departed.",Daw ano kalaut kag ka di-diosnon sang mga tawo sa sini nga mga inadlaw! Nagapangayo bala kamo sa akon sing milagro? Wala sing milagro nga ihatag sa inyo luas sa milagro nga natabo kay Jonas.”
And the disciples came to the other side and forgot to take bread.,Gani naglakat sia kag ginbayaan sila.
"And Jesus said unto them, Take heed and beware of the leaven of the Pharisees and Sadducees.","Sang pagtabok sang mga gintuton-an sa pihak sang linaw, nalipat sila sa pagdala sing tinapay."
"And they reasoned among themselves, saying, We took no bread.","Nagsiling si Jesus sa ila, “Mag-andam kag magbantay kamo batok sa lebadora sang mga Fariseo kag mga Saduceo.”"
"And Jesus perceiving it said, O ye of little faith, why reason ye among yourselves, because ye have no bread?","Kag nagbinaisay sila nga nagasiling, “Naghambal sia sini tungod kay wala kita makadala sing tinapay.”"
"Do ye not yet perceive, neither remember the five loaves of the five thousand, and how many baskets ye took up?","Si Jesus nga nakahibalo sang ila ginabaisan, nagpamangkot sa ila, “Ngaa bala nagabinaisay kamo tungod kay wala kamo sing tinapay? Kadiutay sang inyo pagtuo!"
"Neither the seven loaves of the four thousand, and how many baskets ye took up?","Wala pa bala kamo makahangop? Wala bala kamo makadumdom sang lima ka tinapay nga akon ginpamihakpihak para sa 5,000 ka mga tawo? Pila bala ka alat ang inyo ginpuno?"
How is it that ye do not perceive that I spake not to you concerning bread? But beware of the leaven of the Pharisees and Sadducees.,"Kag yadtong pito ka tinapay para sa 4,000 ka mga tawo? Pila bala ka mga alat ang inyo ginpuno?"
"Then understood they that he bade them not beware of the leaven of bread, but of the teaching of the Pharisees and Sadducees.",Paano bala nga wala kamo makahangop nga indi nahanungod sa tinapay ang ginhambal ko sa inyo? Mag-andam kamo sa lebadora sang mga Fariseo kag mga Saduceo!”
"Now when Jesus came into the parts of Cæsarea Philippi, he asked his disciples, saying, Who do men say that the Son of man is?","Dayon nahangpan sang mga gintuton-an nga wala sia magpaandam sa ila nga magbantay sang ila kaugalingon sa lebadora nga ginagamit sa tinapay, kundi sa pagtulon-an sang mga Fariseo kag mga Saduceo."
"And they said, Some say John the Baptist; some, Elijah; and others, Jeremiah, or one of the prophets.","Nagkadto si Jesus sa kadutaan nga malapit sa banwa sang Cesarea Filipo, sa diin nagpamangkot sia sa iya mga gintuton-an, “Sin-o bala ang Anak sang Tawo suno sa mga tawo?”"
"He saith unto them, But who say ye that I am?","Nagsabat sila, “May nagasiling nga si Juan nga manugbautiso. May iban nga nagasiling nga si Elias, kag may iban pa gid nga nagasiling nga si Jeremias ukon iban nga mga propeta.”"
"And Simon Peter answered and said, Thou art the Christ, the Son of the living God.","Nagpamangkot sia sa ila, “Pero sa inyo iya, sin-o bala ako?”"
"And Jesus answered and said unto him, Blessed art thou, Simon Bar-Jonah: for flesh and blood hath not revealed it unto thee, but my Father who is in heaven.","Si Simon Pedro nagsabat, “Ikaw ang Cristo, ang Anak sang Dios nga buhi.”"
"And I also say unto thee, that thou art Peter, and upon this rock I will build my church; and the gates of Hades shall not prevail against it.","Si Jesus nagsabat, “Malipayon ka, Simon nga anak ni Juan! Kay ini nga kamatuoran wala ginpahayag sa imo sang tawo, kundi sang akon Amay sa langit."
I will give unto thee the keys of the kingdom of heaven: and whatsoever thou shalt bind on earth shall be bound in heaven; and whatsoever thou shalt loose on earth shall be loosed in heaven.,"Kag ako nagasiling sa imo, ikaw si Pedro, kag sa sini nga bato pagatukoron ko ang akon iglesia. Bisan ang gahom sang kamatayon indi makadaog sini."
Then charged he the disciples that they should tell no man that he was the Christ.,"Ihatag ko sa imo ang mga yabi sang Ginharian sang langit, kag kon ano ang imo ginadumilian sa duta pagadumilian man sa langit, kag kon ano ang imo ginatugotan sa duta pagatugotan man sa langit.”"
"From that time began Jesus to show unto his disciples, that he must go unto Jerusalem, and suffer many things of the elders and chief priests and scribes, and be killed, and the third day be raised up.",Dayon ginmanduan ni Jesus ang iya mga gintuton-an nga indi nila pag-isugid sa kay bisan sin-o nga sia amo ang Cristo.
"And Peter took him, and began to rebuke him, saying, Be it far from thee, Lord: this shall never be unto thee.","Sugod sadto nga tion naghambal si Jesus sing maathag sa iya mga gintuton-an, “Dapat ako magkadto sa Jerusalem kag mag-antos sing tuman sa mga katigulangan sang mga Judio, sa pangulo nga mga pari, kag sa mga manunodlo sang Kasugoan. Pagapatyon ako, pero sa ikatlo nga adlaw pagabanhawon ako.”"
"But he turned, and said unto Peter, Get thee behind me, Satan: thou art a stumbling-block unto me: for thou mindest not the things of God, but the things of men.","Gindala sia ni Pedro sa ulounhan kag ginsaway nga nagasiling, “Ginoo, ang Dios indi magtugot sini! Indi ina dapat mahanabo sa imo!”"
"Then said Jesus unto his disciples, If any man would come after me, let him deny himself, and take up his cross, and follow me.","Nagliso si Jesus kay Pedro kag ginsingganan sia, “Palayo ka sa akon, Satanas! Ginabalabagan mo ang akon alagyan, tungod kay ang imo mga panghunahuna iya sang tawo, kag indi iya sang Dios.”"
For whosoever would save his life shall lose it: and whosoever shall lose his life for my sake shall find it.,"Dayon si Jesus nagsiling sa iya mga gintuton-an, “Ang bisan sin-o nga luyag magsunod sa akon, dapat niya kalimtan ang iya kaugalingon, magpas-an sang iya krus kag magsunod sa akon."
"For what shall a man be profited, if he shall gain the whole world, and forfeit his life? or what shall a man give in exchange for his life?","Kay ang bisan sin-o nga buot magluwas sang iya kaugalingon nga kabuhi madula niya ini, pero ang bisan sin-o nga nagadula sang iya kabuhi bangod sa akon makita niya ini."
For the Son of man shall come in the glory of his Father with his angels; and then shall he render unto every man according to his deeds.,Ano bala ang makuha sang tawo kon maangkon niya ang bug-os nga kalibutan kag madula niya ang iya kabuhi? Wala gid! Wala sing sarang mahatag ang tawo agod mabawi niya ang iya kabuhi.
"Verily I say unto you, There are some of them that stand here, who shall in no wise taste of death, till they see the Son of man coming in his kingdom.","Kay ang Anak sang Tawo madali na lang mag-abot sa daku nga gahom sang iya Amay kaupod sang iya mga anghel, kag dayon magahatag sia sing balos sa tagsa ka tawo suno sa iya mga binuhatan."
"And after six days Jesus taketh with him Peter, and James, and John his brother, and bringeth them up into a high mountain apart:","Sang makaligad ang anom ka adlaw, gin-upod ni Jesus si Pedro kag ang mag-utod nga si Santiago kag si Juan, kag nagtaklad sila sa isa ka mataas nga bukid nga silahanon lang."
"and he was transfigured before them; and his face did shine as the sun, and his garments became white as the light.","Samtang nagatulok sila, nagbalhin ang dagway ni Jesus. Ang iya guya nagsilak subong sang adlaw, kag ang iya bayu nanginmakasililaw nga kaputi."
"And behold, there appeared unto them Moses and Elijah talking with him.",Dayon nakita sang tatlo ka mga gintuton-an si Moises kag si Elias nga nagapakighambal kay Jesus.
"And Peter answered, and said unto Jesus, Lord, it is good for us to be here: if thou wilt, I will make here three tabernacles; one for thee, and one for Moses, and one for Elijah.","Gani si Pedro nagsiling kay Jesus, “Ginoo, maayo gid nga yari kita diri. Kon luyag mo, mahimo ako sing tatlo ka tolda, isa para sa imo, isa para kay Moises, kag ang isa para kay Elias.”"
"While he was yet speaking, behold, a bright cloud overshadowed them: and behold, a voice out of the cloud, saying, This is my beloved Son, in whom I am well pleased; hear ye him.","Sang nagahambal pa sia, ginlikupan sila sang nagasiga nga panganod, kag gikan sa panganod may isa ka tingog nga nagasiling, “Ini amo ang akon hinigugma nga Anak nga nahamut-an ko gid. Pamatii ninyo sia!”"
"And when the disciples heard it, they fell on their face, and were sore afraid.","Sang pagkabati sini sang mga gintuton-an, hinadlukan gid sila kag naghapa sila sa duta."
"And Jesus came and touched them and said, Arise, and be not afraid.","Ginpalapitan sila ni Jesus kag gintandog nga nagasiling, “Tindog kamo kag indi magkahadlok!”"
"And lifting up their eyes, they saw no one, save Jesus only.","Sang pagtangla nila, wala sila sing iban nga nakita didto, kundi si Jesus lamang."
"And as they were coming down from the mountain, Jesus commanded them, saying, Tell the vision to no man, until the Son of man be risen from the dead.","Sang pagdulhog nila sa bukid, ginmanduan sila ni Jesus, “Indi kamo magpanugid bisan kay sin-o sang inyo nakita, tubtob nga ang Anak sang Tawo mabanhaw.”"
"And his disciples asked him, saying, Why then say the scribes that Elijah must first come?","Dayon nagpamangkot ang mga gintuton-an sa iya, “Ngaa bala nagasiling ang mga manunodlo sang Kasugoan nga si Elias magauna sa pag-abot?”"
"And he answered and said, Elijah indeed cometh, and shall restore all things:","Si Jesus nagsabat, “Matuod gid nga si Elias magaabot sing una kag magaaman sang tanan nga mga butang."
"but I say unto you, that Elijah is come already, and they knew him not, but did unto him whatsoever they would. Even so shall the Son of man also suffer of them.","Pero nagasiling ako sa inyo nga si Elias nag-abot na, ugaling kay ang mga tawo wala makakilala sa iya, kundi ginhimo nila sa iya ang tanan nga luyag nila. Sa amo man nga paagi ang Anak sang Tawo pagapaantuson nila.”"
Then understood the disciples that he spake unto them of John the Baptist.,Dayon nahangpan sang mga gintuton-an nga nagahambal sia sa ila nahanungod kay Juan nga manugbautiso.
"And when they were come to the multitude, there came to him a man, kneeling to him, and saying,","Sang pagbalik nila sa madamo nga mga tawo, may isa ka tawo nga nagpalapit kay Jesus, kag nagluhod sa iya atubang"
"Lord, have mercy on my son: for he is epileptic, and suffereth grievously; for oft-times he falleth into the fire, and oft-times into the water.","nga nagasiling, “Sir, kaluoyi ang akon anak nga lalaki. Kuyapon sia kag tama gid ang iya pag-antos sa bagay nga pirme sia nagakatumba sa kalayo ukon sa tubig."
"And I brought him to thy disciples, and they could not cure him.","Gindala ko sia sa imo mga gintuton-an, pero indi sila makaayo sa iya.”"
"And Jesus answered and said, O faithless and perverse generation, how long shall I be with you? how long shall I bear with you? bring him hither to me.","Si Jesus nagsabat, “Daw ano ka di-matinuohon kag kabalingag sa inyo nga mga tawo! Tubtob san-o pa bala nga magaupod ako sa inyo? Tubtob san-o pa bala ako magabatas sa inyo? Dalha ang bata diri sa akon!”"
And Jesus rebuked him; and the demon went out of him: and the boy was cured from that hour.,Ginmanduan ni Jesus ang demonyo kag naggwa ini sa bata kag sa sadto gid nga tion nag-ayo ang bata.
"Then came the disciples to Jesus apart, and said, Why could not we cast it out?","Dayon nagpalapit kay Jesus ang mga gintuton-an sang silahanon lang kag nagpamangkot sa iya, “Ngaa indi kami makatabog sang demonyo sa bata?”"
"And he saith unto them, Because of your little faith: for verily I say unto you, If ye have faith as a grain of mustard seed, ye shall say unto this mountain, Remove hence to yonder place; and it shall remove; and nothing shall be impossible unto you.","Si Jesus nagsabat, “Ina tungod kay kulang ang inyo pagtuo. Dumdoma ninyo ini! Kon may pagtuo kamo subong kadako sang liso sang mustasa sarang kamo makasiling sa sini nga bukid, ‘Saylo ka didto!’ kag ini magasaylo. Wala sing butang nga indi ninyo mahimo! ”"
21,"Sang pagtilipon sang mga gintuton-an sa Galilea, nagsiling si Jesus sa ila, “Ang Anak sang Tawo madali na lang itugyan sa kamot sang mga tawo"
"And while they abode in Galilee, Jesus said unto them, The Son of man shall be delivered up into the hands of men;","nga magapatay sa iya, pero sa ikatlo nga adlaw pagabanhawon sia.”"
"and they shall kill him, and the third day he shall be raised up. And they were exceeding sorry.",Ang mga gintuton-an nagkasubo gid.
"And when they were come to Capernaum, they that received the half-shekel came to Peter, and said, Doth not your teacher pay the half-shekel?","Sang pag-abot ni Jesus kag sang iya mga gintuton-an sa Capernaum, ang mga manugsukot sang buhis sang templo nagpalapit kay Pedro kag nagpamangkot, “Nagabayad man bala ang inyo manunodlo sang buhis sa templo?”"
"He saith, Yea. And when he came into the house, Jesus spake first to him, saying, What thinkest thou, Simon? the kings of the earth, from whom do they receive toll or tribute? from their sons, or from strangers?","Nagsabat si Pedro, “Huo, e!”"
"And when he said, From strangers, Jesus said unto him, Therefore the sons are free.","Sang pagsulod ni Pedro sa balay, nag-una si Jesus hambal, “Sa imo abi, Simon, sin-o bala ang nagabayad sang arkabala ukon buhis sa mga hari sini nga kalibutan? Ang mga pumoluyo bala sang pungsod ukon mga dumoluong?”"
"But, lest we cause them to stumble, go thou to the sea, and cast a hook, and take up the fish that first cometh up; and when thou hast opened his mouth, thou shalt find a shekel: that take, and give unto them for me and thee.","Nagsabat si Pedro, “Ang mga dumoluong.”"
"In that hour came the disciples unto Jesus, saying, Who then is greatest in the kingdom of heaven?","Sa sadto nga tion nagpalapit ang mga gintuton-an kay Jesus kag nagpamangkot, “Sin-o bala ang labing daku sa Ginharian sang langit?”"
"And he called to him a little child, and set him in the midst of them,","Gani gintawag ni Jesus ang isa ka bata kag ginpatindog sia sa ila atubang,"
"and said, Verily I say unto you, Except ye turn, and become as little children, ye shall in no wise enter into the kingdom of heaven.","kag nagsiling, “Dumdoma ninyo ini! Kon indi kamo magbaylo kag manginkaangay sang mga kabataan, indi gid kamo makasulod sa Ginharian sang langit."
"Whosoever therefore shall humble himself as this little child, the same is the greatest in the kingdom of heaven.","Ang bisan sin-o nga nagapaubos sang iya kaugalingon kaangay sini nga bata, sia amo ang labing daku sa Ginharian sang langit."
And whoso shall receive one such little child in my name receiveth me:,Kag ang bisan sin-o nga nagabaton sang kasubong sini nga bata sa akon ngalan nagabaton sa akon.
"but whoso shall cause one of these little ones that believe on me to stumble, it is profitable for him that a great millstone should be hanged about his neck, and that he should be sunk in the depth of the sea.","“Ang bisan sin-o nga manginkabangdanan sang pagbiya sa pagtuo sa akon, sang isa sining mga katawhan nga nagasalig sa akon kaangay sang mga kabataan, mas maayo pa sa sina nga tawo nga ihigot ang galingan nga bato sa iya liog kag lumsan sia sa madalom nga dagat."
Woe unto the world because of occasions of stumbling! for it must needs be that the occasions come; but woe to that man through whom the occasion cometh!,"Makaluluoy man ang kalibutan bangod may mga butang nga nanginkabangdanan sang pagbiya sang mga tawo sa ila pagtuo! Ini nga mga butang mahanabo gid man, pero makaluluoy ang tawo nga manginkabangdanan sini!"
"And if thy hand or thy foot causeth thee to stumble, cut it off, and cast it from thee: it is good for thee to enter into life maimed or halt, rather than having two hands or two feet to be cast into the eternal fire.","“Kon ang imo kamot ukon tiil amo ang kabangdanan sang imo pagbiya sa imo pagtuo, utda ini kag ihaboy! Mas maayo pa nga magsulod ka sa kabuhi nga wala sing katapusan nga isa lang ang imo kamot ukon tiil sang sa duha ang imo kamot kag tiil nga idap-ong ka sa kalayo nga wala sing katapusan."
"And if thine eye causeth thee to stumble, pluck it out, and cast it from thee: it is good for thee to enter into life with one eye, rather than having two eyes to be cast into the hell of fire.","Kag kon ang imo mata manginkabangdanan sang imo pagbiya sa imo pagtuo, lukata ini kag ihaboy! Mas maayo pa nga magsulod ka sa kabuhi nga wala sing katapusan nga isa lang ang imo mata sang sa duha ang imo mata nga idap-ong ka sa kalayo sa impierno."
"See that ye despise not one of these little ones: for I say unto you, that in heaven their angels do always behold the face of my Father who is in heaven.",“Maghalong kamo nga indi ninyo matamay ang isa sining mga katawhan nga kaangay sang magamay nga mga kabataan sa atubang sang Dios. Nagasiling ako sa inyo nga ang ila mga anghel sa langit yara pirme sa presensya sang akon Amay sa langit.
11,“Ano bala sa inyo? Ano bala ang himuon sang isa ka tawo nga may 100 nga mga karnero kag ang isa sa ila nadula? Bayaan niya didto sa bakulod ang nobentay nwebe nga nagahalab kag magalakat sia sa pagpangita sang nadula nga karnero.
"How think ye? if any man have a hundred sheep, and one of them be gone astray, doth he not leave the ninety and nine, and go unto the mountains, and seek that which goeth astray?","Nagasiling ako sa inyo, kon iya makita ini, ang iya kalipay tungod sining isa mas labi pa sang sa iya kalipay sa nobentay nwebe nga wala madula."
"And if so be that he find it, verily I say unto you, he rejoiceth over it more than over the ninety and nine which have not gone astray.",Subong man ang inyo Amay sa langit indi luyag nga madula ang isa sining mga katawhan nga kaangay sang magamay nga mga kabataan sa iya atubang.
"Even so it is not the will of your Father who is in heaven, that one of these little ones should perish.","“Kon ang imo utod makasala batok sa imo, kadtoi sia kag sugiri sang iya sayop nga kamuhanon lang. Kon magpamati sia sa imo, ti magabalik ang inyo pag-ayuhay subong mag-ulotod."
"And if thy brother sin against thee, go, show him his fault between thee and him alone: if he hear thee, thou hast gained thy brother.","Pero kon indi sia magpamati sa imo, dala ka sing isa ukon duha pa ka tawo agod nga suno sa ginasiling sang kasulatan, ‘Ang tagsa ka panumbongon mapalig-on paagi sa pamatuod sang duha ukon tatlo ka mga saksi.’"
"But if he hear thee not, take with thee one or two more, that at the mouth of two witnesses or three every word may be established.","Ugaling kon indi sia magpamati sa ila, isugid ini sa iglesia. Kag kon indi pa gid sia magpamati sa iglesia kabiga sia subong nga pagano ukon manugsukot sang buhis."
"And if he refuse to hear them, tell it unto the church: and if he refuse to hear the church also, let him be unto thee as the Gentile and the publican.","“Gani nagasiling ako sa inyo nga kon ano ang ginadumilian ninyo sa duta, ini pagadumilian man sa langit. Kon ano ang inyo ginapahanugotan sa duta, ini pagapahanugotan man sa langit."
"Verily I say unto you, What things soever ye shall bind on earth shall be bound in heaven; and what things soever ye shall loose on earth shall be loosed in heaven.","“Nagasiling pa gid ako sa inyo: kon ang duha sa inyo maghisugot diri sa duta nahanungod sang mga butang nga inyo ginapangamuyoan, ina pagahimuon sa inyo sang akon Amay sa langit."
"Again I say unto you, that if two of you shall agree on earth as touching anything that they shall ask, it shall be done for them of my Father who is in heaven.","Kay kon diin ang duha ukon tatlo nga nagatipon sa akon ngalan, yara ako sa tunga nila.”"
"For where two or three are gathered together in my name, there am I in the midst of them.","Dayon nagpalapit si Pedro kay Jesus kag nagpamangkot, “Ginoo, makapila bala makasala ang akon utod sa akon kag ako magapatawad sa iya? Tubtob bala sa makapito?”"
"Then came Peter and said to him, Lord, how oft shall my brother sin against me, and I forgive him? until seven times?","Si Jesus nagsabat, “Wala ako magsiling sa imo nga tubtob sa makapito, kundi setenta ka pito."
"Jesus saith unto him, I say not unto thee, Until seven times; but, Until seventy times seven.",Kay ang Ginharian sang langit kaangay sang isa ka hari nga luyag maghusay sang mga utang sang iya mga suloguon sa iya.
"Therefore is the kingdom of heaven likened unto a certain king, who would make a reckoning with his servants.","Sang nagsugod sia sa paghusay sang ila mga utang, may gindala sa iya nga suloguon nga nakautang sing minilyon ka pisos."
"And when he had begun to reckon, one was brought unto him, that owed him ten thousand talents.","Tungod nga indi makabayad ang suloguon sang iya utang, nagmando ang hari nga ibaligya sia, ang iya asawa, ang iya mga kabataan kag ang tanan niya nga pagkabutang agod mabayaran niya ang iya utang."
"But forasmuch as he had not wherewith to pay, his lord commanded him to be sold, and his wife, and children, and all that he had, and payment to be made.","Nagluhod ang suloguon sa atubang sang hari kag nagpakitluoy, ‘Hulathulata lang ako anay, kay bayaran ko ikaw sang tanan!’"
"The servant therefore fell down and worshipped him, saying, Lord, have patience with me, and I will pay thee all.","Ang hari naluoy sa iya, gani ginpalakat niya sia kag wala na pagpabayara sang iya utang."
"And the lord of that servant, being moved with compassion, released him, and forgave him the debt.","“Dayon naggwa ang suloguon kag nasugata niya ang iya kapareho nga suloguon nga nakautang sa iya sing pila lamang ka pisos. Ginliab niya sia kag ginkuga nga nagsiling, ‘Bayari ang utang mo sa akon!’"
"But that servant went out, and found one of his fellow-servants, who owed him a hundred shillings: and he laid hold on him, and took him by the throat, saying, Pay what thou owest.","Ang pareho niya nga suloguon nagluhod nga nagapakitluoy sa iya, ‘Hulathulata lang ako anay, kay bayaran ko ikaw!’"
"So his fellow-servant fell down and besought him, saying, Have patience with me, and I will pay thee.",Pero wala sia magkaluoy. Sa baylo ginpabilanggo niya sia tubtob mabayaran niya ang iya utang.
"And he would not: but went and cast him into prison, till he should pay that which was due.","Sang ang iban nga mga suloguon nakakita sang nahanabo, naglain gid ang buot nila kag ginkadtuan nila ang hari kag ginsugiran sang tanan nga nahanabo."
"So when his fellow-servants saw what was done, they were exceeding sorry, and came and told unto their lord all that was done.","Gani ginpatawag sang hari yadtong suloguon kag ginhambalan, ‘Walay pulos ka nga suloguon! Wala ko ikaw ginpabayad sang tanan mo nga utang tungod kay nagpakitluoy ka sa akon."
"Then his lord called him unto him, and saith to him, Thou wicked servant, I forgave thee all that debt, because thou besoughtest me:",Kuntani nagkaluoy ka man sa pareho mo nga suloguon subong sang pagkaluoy ko sa imo.’
"shouldest not thou also have had mercy on thy fellow-servant, even as I had mercy on thee?",Naakig gid ang hari kag ginpabilanggo sia agod masilutan tubtob nga bayaran niya ang tanan niya nga utang.”
"And his lord was wroth, and delivered him to the tormentors, till he should pay all that was due.","Sa katapusan si Jesus nagsiling, “Amo man ini ang himuon sa tagsatagsa sa inyo sang akon Amay sa langit kon indi kamo magpatawad sang inyo utod sa inyo tagipusoon.”"
"And it came to pass when Jesus had finished these words, he departed from Galilee, and came into the borders of Judæa beyond the Jordan;","Sang makasiling si Jesus sini nga mga butang, naghalin sia sa Galilea kag nagkadto sa lugar nga sakop sang Judea sa tabok sang Suba sang Jordan."
and great multitudes followed him; and he healed them there.,Madamo nga mga tawo ang nagsunod sa iya kag iya ginpang-ayo didto ang mga nagamasakit.
"And there came unto him Pharisees, trying him, and saying, Is it lawful for a man to put away his wife for every cause?","May mga Fariseo nga nagpalapit sa iya kag luyag magdakupdakop sa iya paagi sa sini nga pamangkot, “Ginatugotan bala sang aton Kasugoan ang isa ka tawo nga iya bulagan ang iya asawa sa bisan ano nga kabangdanan?”"
"And he answered and said, Have ye not read, that he who made them from the beginning made them male and female,","Si Jesus nagsabat, “Wala bala ninyo mabasahi sa kasulatan nga sang pagtuga sang Dios sang mga tawo sa ginsugoran, ginhimo niya sila nga lalaki kag babayi?"
"and said, For this cause shall a man leave his father and mother, and shall cleave to his wife; and the two shall become one flesh?","Kag ang Dios nagsiling, ‘Tungod sini ang lalaki magabiya sang iya amay kag iloy, kag magahiusa sa iya asawa, kag sila nga duha mangin-isa.’"
"So that they are no more two, but one flesh. What therefore God hath joined together, let not man put asunder.","Gani indi na sila duha, kundi isa. Kon amo, indi pagbulagon sang tawo ang gintiayon sang Dios.”"
"They say unto him, Why then did Moses command to give a bill of divorcement, and to put her away?","Ang mga Fariseo nagpamangkot sa iya, “Ti, ngaa man nga nagsugo si Moises nga hatagan lang sang isa ka tawo ang iya asawa sang papeles sang pagbulagay kag bayaan sia?”"
"He saith unto them, Moses for your hardness of heart suffered you to put away your wives: but from the beginning it hath not been so.","Nagsabat si Jesus sa ila, “Ginpahanugotan kamo ni Moises sa pagbulag sa inyo mga asawa tungod kay matig-a gid ang inyo ulo. Pero sa ginsugoran indi amo ini."
"And I say unto you, Whosoever shall put away his wife, except for fornication, and shall marry another, committeth adultery: and he that marrieth her when she is put away committeth adultery.","Gani nagasiling ako sa inyo, nga ang bisan sin-o nga tawo nga magbulag sa iya asawa sa iban nga kabangdanan luas sa pagpanginlalaki, kag magpangasawa liwat, nagapanginbabayi.”"
"The disciples say unto him, If the case of the man is so with his wife, it is not expedient to marry.","Ang iya mga gintuton-an nagsiling sa iya, “Kon amo man lang ina ang matabo sa pag-asawahay, maayo pa nga indi na lang magpangasawa.”"
"But he said unto them, Not all men can receive this saying, but they to whom it is given.","Nagsabat si Jesus, “Ini nga pagtulon-an indi para sa tanan, kundi para lang sa mga ginhatagan sini sang Dios."
"For there are eunuchs, that were so born from their mother’s womb: and there are eunuchs, that were made eunuchs by men: and there are eunuchs, that made themselves eunuchs for the kingdom of heaven’s sake. He that is able to receive it, let him receive it.","Kay may nagakalainlain nga mga kabangdanan kon ngaa may mga tawo nga indi makapangasawa: ang iban natawo nga indi sarang makapangasawa, ang iban indi makapangasawa tungod kay ginkapon sila, kag ang iban pa gid indi magpangasawa tungod sang Ginharian sang langit. Ang makasarang sa pagbaton sini nga pagtudlo magbaton sini.”"
"Then were there brought unto him little children, that he should lay his hands on them, and pray: and the disciples rebuked them.","May mga tawo nga nagdala kay Jesus sang mga kabataan agod tungtongan niya sila sang iya mga kamot kag pangamuyoan, pero ginsaway sila sang mga gintuton-an."
"But Jesus said, Suffer the little children, and forbid them not, to come unto me: for to such belongeth the kingdom of heaven.","Si Jesus nagsiling, “Pabay-i lang ninyo ang mga kabataan sa pagpalapit sa akon, kag indi ninyo sila pagpunggi, tungod kay ang Ginharian sang langit ila sang mga kasubong nila.”"
"And he laid his hands on them, and departed thence.",Gintungtong ni Jesus ang iya mga kamot sa ila kag sa tapos sini naglakat sia.
"And behold, one came to him and said, Teacher, what good thing shall I do, that I may have eternal life?","Isa sadto ka tion, may isa ka tawo nga nagpalapit kay Jesus kag nagpamangkot, “Manunodlo, ano bala ang maayo nga butang nga dapat ko himuon agod maangkon ko ang kabuhi nga wala sing katapusan?”"
"And he said unto him, Why askest thou me concerning that which is good? One there is who is good: but if thou wouldest enter into life, keep the commandments.","Nagsabat si Jesus, “Ngaa bala nagapamangkot ka sa akon kon ano ang maayo? Ang Dios gid lang amo ang maayo. Tumana ang mga sugo kon luyag ka mag-angkon sang kabuhi nga wala sing katapusan.”"
"He saith unto him, Which? And Jesus said, Thou shalt not kill, Thou shalt not commit adultery, Thou shalt not steal, Thou shalt not bear false witness,","Nagpamangkot sia, “Ano nga mga sugo?”"
"Honor thy father and thy mother; and, Thou shalt love thy neighbor as thyself.","Nagsabat si Jesus, “Indi ka magpatay, indi ka magpanginbabayi ukon magpanginlalaki, indi ka magpangawat, kag indi ka magsaksi sang binutig."
"The young man saith unto him, All these things have I observed: what lack I yet?","Tahura ang imo amay kag ang imo iloy, kag higugmaa ang imo isigkatawo subong sang imo kaugalingon.”"
"Jesus said unto him, If thou wouldest be perfect, go, sell that which thou hast, and give to the poor, and thou shalt have treasure in heaven: and come, follow me.","Ang pamatan-on nagsabat sa iya, “Natuman ko na ini tanan nga mga sugo. Ano pa bala ang nakulang sa akon?”"
"But when the young man heard the saying, he went away sorrowful; for he was one that had great possessions.","Si Jesus nagsiling sa iya, “Kon luyag ka nga manginhimpit, lakat ka kag ibaligya ang tanan mo nga pagkabutang kag ihatag mo ang kwarta sa mga imol, kag magaangkon ka sing manggad sa langit kag dali, sunod ka sa akon.”"
"And Jesus said unto his disciples, Verily I say unto you, It is hard for a rich man to enter into the kingdom of heaven.","Sang pagkabati sini sang pamatan-on, naglakat sia nga masinulob-on, kay manggaranon gid sia."
"And again I say unto you, It is easier for a camel to go through a needle’s eye, than for a rich man to enter into the kingdom of God.","Dayon si Jesus nagsiling sa iya mga gintuton-an, “Nagasiling ako sa inyo nga mabudlay para sa isa ka manggaranon ang pagsulod sa Ginharian sang langit."
"And when the disciples heard it, they were astonished exceedingly, saying, Who then can be saved?",Liwaton ko ang pagsiling sa inyo nga mas mabudlay para sa isa ka manggaranon ang pagpasakop sa paghari sang Dios sang sa isa ka kamelyo nga maglusot sa buho sang dagom.”
"And Jesus looking upon them said to them, With men this is impossible; but with God all things are possible.","Sang pagkabati sini sang mga gintuton-an natingala gid sila. Nagpamangkot sila, “Kon amo, sin-o na lang gali ang maluwas?”"
"Then answered Peter and said unto him, Lo, we have left all, and followed thee; what then shall we have?","Gintulok sila ni Jesus sing wala pulopamisok kag ginsabat, “Para sa tawo indi ini mahimo, pero para sa Dios mahimo ini tanan.”"
"And Jesus said unto them, Verily I say unto you, that ye who have followed me, in the regeneration when the Son of man shall sit on the throne of his glory, ye also shall sit upon twelve thrones, judging the twelve tribes of Israel.","Dayon si Pedro nagsiling, “Tan-awa bala, ginbayaan namon ang tanan kag nagsunod sa imo. Ano bala ang amon mabaton?”"
"And every one that hath left houses, or brethren, or sisters, or father, or mother, or children, or lands, for my name’s sake, shall receive a hundredfold, and shall inherit eternal life.","Nagsiling si Jesus sa ila, “Tandai ninyo ini! Kon ang Anak sang Tawo magpungko na sa iya harianon nga trono sa Bag-o nga Panag-on, dayon kamo nga dose nga nagsunod sa akon magapungko man sa inyo mga trono sa paghukom sa dose ka tribo sang Israel."
But many shall be last that are first; and first that are last.,"Ang tagsatagsa nga nagbiya sang iya mga balay, mga utod nga lalaki, mga utod nga babayi, amay, iloy, kabataan, ukon kaumhan bangod sa akon, magabaton sing sobra sa ginatos ka pilo, kag magaangkon sang kabuhi nga wala sing katapusan."
"For the kingdom of heaven is like unto a man that was a householder, who went out early in the morning to hire laborers into his vineyard.",“Ang Ginharian sang langit kaangay sang isa ka tawo nga naglakat sang aga pa sa pagpangita sing mga manug-obra nga masuholan para sa iya talamnan sang ubas.
"And when he had agreed with the laborers for a shilling a day, he sent them into his vineyard.","Nagsugot sia sa pagbayad sa ila sang minimo nga suhol sa isa ka adlaw, kag ginpadala niya sila sa pag-obra sa iya talamnan sang ubas."
"And he went out about the third hour, and saw others standing in the marketplace idle;",Sang mga alas nwebe sa aga nagkadto sia liwat sa tiendahan kag nakita niya nga may mga tawo nga nagatilindog didto nga wala sing obra.
"and to them he said, Go ye also into the vineyard, and whatsoever is right I will give you. And they went their way.","Gani nagsiling sia sa ila, ‘Lakat man kamo kag mag-obra sa akon talamnan sang ubas, kag suholan ko kamo sang nagakaigo.’"
"Again he went out about the sixth and the ninth hour, and did likewise.",Gani naglakat sila. Amo man ang ginhimo niya sang mga alas dose kag sang mga alas tres sa hapon.
"And about the eleventh hour he went out, and found others standing; and he saith unto them, Why stand ye here all the day idle?","Sang mga alas singko na sa hapon nagkadto naman sia sa tiendahan kag may nakita pa gid sia nga mga tawo nga nagatilindog didto. Nagpamangkot sia sa ila, ‘Ngaa bala nagatilindog lang kamo diri sa bug-os nga adlaw nga wala sing obra?’"
"They say unto him, Because no man hath hired us. He saith unto them, Go ye also into the vineyard.","Nagsabat sila, ‘Kay wala man sing may nagpaobra sa amon.’ Nagsiling sia sa ila, ‘Kon amo ina, kadto man kamo kag mag-obra sa akon talamnan sang ubas.’"
"And when even was come, the lord of the vineyard saith unto his steward, Call the laborers, and pay them their hire, beginning from the last unto the first.","“Sang sirom na, nagsiling ang tag-iya sang talamnan sang ubas sa iya enkargado, ‘Tawga ang mga manug-obra kag suholi sila halin sa mga naulihi gid nga nag-obra tubtob sa mga nahauna.’"
"And when they came that were hired about the eleventh hour, they received every man a shilling.",Ang tagsatagsa nga nag-ulobra sugod sang alas singko sa hapon ginbayaran sang minimo nga suhol.
"And when the first came, they supposed that they would receive more; and they likewise received every man a shilling.","Sang suholan na ang mga nahauna nga nag-ulobra, naghunahuna sila nga mas daku ang ila mabaton, pero ang tagsatagsa sa ila ginhatagan man sang minimo nga suhol."
"And when they received it, they murmured against the householder,","Ginbaton nila ang ila suhol ugaling nagkulomuron sila batok sa tag-iya,"
"saying, These last have spent but one hour, and thou hast made them equal unto us, who have borne the burden of the day and the scorching heat.","nga nagasiling, ‘Ining mga naulihi, nag-obra sila sing isa ka oras lang, samtang kami nag-obra sa bug-os nga adlaw sa nagatagiti nga init, pero pareho lang ang imo suhol sa amon!’"
"But he answered and said to one of them, Friend, I do thee no wrong: didst not thou agree with me for a shilling?","Ang tag-iya nagsabat sa isa sa ila, ‘Abyan, pamati ka! Wala ko ikaw gindayai. Indi bala nagkasugot kita sa minimo nga suhol?"
"Take up that which is thine, and go thy way; it is my will to give unto this last, even as unto thee.","Karon, kuhaa ang imo suhol, kag magpauli. Akon ini luyag nga suholan ining naulihi pareho sa ginsuhol ko sa imo."
"Is it not lawful for me to do what I will with mine own? or is thine eye evil, because I am good?",Indi bala ako makapagusto kon ano ang himuon ko sang akon kwarta? Ukon nahisa ka bala tungod kay maalwan ako?’”
"So the last shall be first, and the first last.","Dayon si Jesus nagsiling, “Gani ang mga naulihi mauna, kag ang mga nahauna maulihi.”"
"And as Jesus was going up to Jerusalem, he took the twelve disciples apart, and on the way he said unto them,","Sang si Jesus nagataklad pakadto sa Jerusalem, ginpain niya ang dose ka mga gintuton-an, kag samtang nagalakat sila nagsiling sia sa ila nga silahanon lang,"
"Behold, we go up to Jerusalem; and the Son of man shall be delivered unto the chief priests and scribes; and they shall condemn him to death,","“Pamati kamo, nagataklad kita pakadto sa Jerusalem sa diin ang Anak sang Tawo igatugyan sa pangulo nga mga pari kag mga manunodlo sang Kasugoan, kag ila sia pamatbatan sing kamatayon."
"and shall deliver him unto the Gentiles to mock, and to scourge, and to crucify: and the third day he shall be raised up.","Dayon igatugyan nila sia sa mga Hentil nga magayaguta kag magabunal sa iya, kag magalansang sa iya sa krus, pero sa ikatlo nga adlaw pagabanhawon sia.”"
"Then came to him the mother of the sons of Zebedee with her sons, worshipping him , and asking a certain thing of him.","Dayon nagpalapit kay Jesus ang asawa ni Zebedeo upod sa iya duha ka mga anak nga lalaki kag nagluhod sia sa iya atubang, kag may ginpangabay."
"And he said unto her, What wouldest thou? She saith unto him, Command that these my two sons may sit, one on thy right hand, and one on thy left hand, in thy kingdom.","Si Jesus nagpamangkot sa iya, “Ano bala ang luyag mo?”"
"But Jesus answered and said, Ye know not what ye ask. Are ye able to drink the cup that I am about to drink? They say unto him, We are able.","Nagsabat sia, “Ginapangabay ko nga kon maghari ka na, papungkua ining duha ko ka mga anak, ang isa sa imo tuo kag ang isa sa imo wala.”"
"He saith unto them, My cup indeed ye shall drink: but to sit on my right hand, and on my left hand, is not mine to give; but it is for them for whom it hath been prepared of my Father.","Si Jesus nagsabat sa duha niya ka mga anak, “Wala kamo makahibalo sang inyo ginapangayo. Sarang bala kamo makainom sa kupa sang pag-antos nga akon pagaimnan sa indi na lang madugay?”"
"And when the ten heard it, they were moved with indignation concerning the two brethren.","Nagsabat sila, “Huo, sarang kami.”"
"But Jesus called them unto him, and said, Ye know that the rulers of the Gentiles lord it over them, and their great ones exercise authority over them.","Nagsiling si Jesus sa ila, “Magainom kamo matuod sa kupa nga akon pagaimnan. Pero ang pagpapungko sa akon tuo ukon sa akon wala, indi ako ang magahatag sina. Ini nga mga pulongkuan para lamang sa ila nga gin-amanan sang akon Amay.”"
Not so shall it be among you: but whosoever would become great among you shall be your minister;,Sang pagkabati sini sang napulo ka mga gintuton-an naakig sila sa duha ka mag-utod.
and whosoever would be first among you shall be your servant:,"Gani gintawag sila tanan ni Jesus kag ginsingganan, “Inyo nahibaluan nga ang mga pangulo sang mga pagano may gahom sa ila mga sinakpan kag ang mga gamhanan may bug-os nga awtoridad sa ila."
"even as the Son of man came not to be ministered unto, but to minister, and to give his life a ransom for many.","Pero indi manginsubong sini iya ang sa inyo. Kay kon may isa sa inyo nga luyag magpangulo, dapat sia magmanginsuloguon ninyo."
"And as they went out from Jericho, a great multitude followed him.","Kag kon may isa sa inyo nga luyag mangin-una, dapat sia mangin-ulipon ninyo."
"And behold, two blind men sitting by the way side, when they heard that Jesus was passing by, cried out, saying, Lord, have mercy on us, thou son of David.","Subong nga ang Anak sang Tawo wala mag-abot agod alagaron, kundi sa pag-alagad kag sa paghatag sang iya kabuhi sa pagtubos sang madamo nga mga tawo.”"
"And the multitude rebuked them, that they should hold their peace: but they cried out the more, saying, Lord, have mercy on us, thou son of David.",Madamo nga mga tawo ang nagsunod kay Jesus sang sia kag ang iya mga gintuton-an nagapagwa sa Jerico.
"And Jesus stood still, and called them, and said, What will ye that I should do unto you?","May duha ka bulag nga nagapungko sa higad sang dalan nga nakabati nga si Jesus nagaagi, gani nagsagad sila singgit, “Sir, Anak ni David! Kaluoyi kami!”"
"They say unto him, Lord, that our eyes may be opened.","Ginsaway sila sang mga tawo kag ginsingganan nga maghipos. Pero nagsinggit pa gid sila sing mabaskog, “Sir, Anak ni David! Kaluoyi kami!”"
"And Jesus, being moved with compassion, touched their eyes; and straightway they received their sight, and followed him.","Si Jesus nagdulog kag nagtawag sa ila. Ginpamangkot niya sila, “Ano bala ang luyag ninyo nga himuon ko sa inyo?”"
"And when they drew nigh unto Jerusalem, and came unto Bethphage, unto the mount of Olives, then Jesus sent two disciples,","Sang si Jesus kag ang iya mga gintuton-an nagahilapit na sa Jerusalem, nakaabot sila sa Betfage, sa Bukid sang mga Olivo. Dayon ginpauna ni Jesus ang duha sang iya mga gintuton-an"
"saying unto them, Go into the village that is over against you, and straightway ye shall find an ass tied, and a colt with her: loose them , and bring them unto me.","kag ginsingganan, “Kadto kamo sa barangay nga yara sa unhan, kag didto inyo makita gilayon ang isa ka asna nga nahigot kaupod sa iya tinday. Hubari ninyo sila kag dalha diri sa akon."
"And if any one say aught unto you, ye shall say, The Lord hath need of them; and straightway he will send them.","Kon may magpamatok sa inyo, singgani sia, ‘Ang Ginoo nagakinahanglan sa ila,’ kag sa gilayon ipadala niya sila.”"
"Now this is come to pass, that it might be fulfilled which was spoken through the prophet, saying,",Ini nahanabo agod matuman ang ginhambal sang propeta:
"Tell ye the daughter of Zion,",“Sugiri ninyo ang siudad sang Sion:
"Behold, thy King cometh unto thee,","lantawa, ang imo hari magaabot sa imo!"
"Meek, and riding upon an ass,","Mapainuboson sia kag nagasakay sa asna,"
And upon a colt the foal of an ass.,kag sa polyino nga tinday sang asna.”
"And the disciples went, and did even as Jesus appointed them,",Gani nag-una ang duha ka mga gintuton-an kag ila gintuman ang ginsugo ni Jesus:
"and brought the ass, and the colt, and put on them their garments; and he sat thereon.","gindala nila ang asna kag ang polyino, kag ila ginhampiluan sang ila mga kunop kag ginsakyan ini ni Jesus."
"And the most part of the multitude spread their garments in the way; and others cut branches from the trees, and spread them in the way.",Madamo nga mga tawo ang naghumlad sang ila mga kunop sa dalan samtang ang iban nagtapas sang mga sanga sang kahoy kag ginladlad nila ini sa dalan.
"And the multitudes that went before him, and that followed, cried, saying, Hosanna to the son of David: Blessed is he that cometh in the name of the Lord; Hosanna in the highest.","Ang mga tawo nga nagalakat una kay Jesus kag ang mga nagasunod sa iya nagsagad singgit, “Dayawon ang Anak ni David! Ang Dios magbendisyon sa iya nga nagaabot sa ngalan sang Ginoo! Dayawon ang Dios!”"
"And when he was come into Jerusalem, all the city was stirred, saying, Who is this?","Sang pagsulod ni Jesus sa Jerusalem, ang bug-os nga siudad nagkinagula. Ang mga tawo sa siudad nagpamangkot, “Sin-o bala sia?”"
"And the multitudes said, This is the prophet, Jesus, from Nazareth of Galilee.","Nagsabat ang madamo nga mga tawo, “Sia amo ang propeta nga si Jesus nga taga-Nazaret nga sakop sang Galilea.”"
"And Jesus entered into the temple of God, and cast out all them that sold and bought in the temple, and overthrew the tables of the money-changers, and the seats of them that sold the doves;","Nagsulod si Jesus sa templo kag iya ginpanabog pa gwa ang tanan nga nagapamaligya kag nagapamakal didto. Ginpamaliskad niya ang mga lamisa sang mga manugkambyo sang kwarta, kag ang mga pulongkuan sang mga nagapamaligya sang mga pating."
"and he saith unto them, It is written, My house shall be called a house of prayer: but ye make it a den of robbers.","Ginsingganan niya sila, “Nasulat sa mga Kasulatan nga ang Dios nagsiling, ‘Ang akon Templo pagatawgon nga balay nga palangamuyoan.’ Pero inyo ginahimo ini nga palanaguan sang mga makawat!”"
And the blind and the lame came to him in the temple; and he healed them.,Ang mga bulag kag mga piang nagkadto sa iya sa templo kag gin-ayo niya sila.
"But when the chief priests and the scribes saw the wonderful things that he did, and the children that were crying in the temple and saying, Hosanna to the son of David; they were moved with indignation,","Ang pangulo nga mga pari kag ang mga manunodlo sang Kasugoan naakig sang ila makita ang makatilingala nga mga butang nga iya ginahimo kag sang ila nakita ang mga kabataan nga nagasininggit sa templo, “Dayawon ang Anak ni David!”"
"and said unto him, Hearest thou what these are saying? And Jesus saith unto them, Yea: did ye never read, Out of the mouth of babes and sucklings thou hast perfected praise?","Gani nagpamangkot sila kay Jesus, “Nabatian mo bala ang ila ginasiling?”"
"And he left them, and went forth out of the city to Bethany, and lodged there.","Si Jesus nagsabat, “Huo! Wala bala ninyo mabasahi ang kasulatan nga nagasiling, ‘Gintudloan mo ang mga kabataan kag mga lapsag sa paghalad sang himpit nga pagdayaw.’?”"
"Now in the morning as he returned to the city, he hungered.",Ginbayaan sila ni Jesus kag naggwa sia sa siudad pakadto sa Betania sa diin sia naghigda sadto nga gab-i.
"And seeing a fig tree by the way side, he came to it, and found nothing thereon, but leaves only; and he saith unto it, Let there be no fruit from thee henceforward for ever. And immediately the fig tree withered away.","Sa madason nga aga, sang nagapabalik si Jesus sa siudad sang Jerusalem, gingutom sia."
"And when the disciples saw it, they marvelled, saying, How did the fig tree immediately wither away?","Nakita niya ang isa ka kahoy nga higera sa higad sang dalan. Ginpalapitan niya ini, pero wala sia sing may nakita nga bunga kundi mga dahon gid lang. Gani nagsiling sia sa kahoy, “Indi ka na gid liwat makapamunga!” Kag sa gilayon nalaya ang kahoy nga higera."
"And Jesus answered and said unto them, Verily I say unto you, If ye have faith, and doubt not, ye shall not only do what is done to the fig tree, but even if ye shall say unto this mountain, Be thou taken up and cast into the sea, it shall be done.","Sang makita ini sang mga gintuton-an natingala gid sila. Nagpamangkot sila, “Paano bala nalaya gilayon ang kahoy nga higera?”"
"And all things, whatsoever ye shall ask in prayer, believing, ye shall receive.","Nagsabat si Jesus, “Dumdoma ninyo ini! Kon nagatuo kamo kag wala nagapangduhaduha, mahimo ninyo ang akon nahimo sa sining kahoy nga higera, kag indi lamang ina, kundi makasiling pa kamo sa sini nga bukid, ‘Halin ka diri kag maglukso sa dagat,’ kag mahimo ina."
"And when he was come into the temple, the chief priests and the elders of the people came unto him as he was teaching, and said, By what authority doest thou these things? and who gave thee this authority?","Kon nagatuo kamo, mabaton ninyo ang bisan ano nga pangayuon ninyo sa pangamuyo.”"
"And Jesus answered and said unto them, I also will ask you one question, which if ye tell me, I likewise will tell you by what authority I do these things.","Nagbalik si Jesus sa Templo, kag sang nagapanudlo sia didto, ang pangulo nga mga pari kag ang mga katigulangan sang mga Judio nagpalapit sa iya kag nagpamangkot, “Ano bala ang imo awtoridad sa paghimo sini nga mga butang? Sin-o bala ang naghatag sa imo sini nga awtoridad?”"
"The baptism of John, whence was it? from heaven or from men? And they reasoned with themselves, saying, If we shall say, From heaven; he will say unto us, Why then did ye not believe him?","Si Jesus nagsabat sa ila, “Ako man may isa ka pamangkot sa inyo, kag kon inyo masabat ini sugiran ko kamo sang akon awtoridad sa paghimo sini nga mga butang."
"But if we shall say, From men; we fear the multitude; for all hold John as a prophet.","Sa diin bala nagikan ang awtoridad ni Juan sa pagbautiso, sa Dios bala ukon sa tawo?”"
"And they answered Jesus, and said, We know not. He also said unto them, Neither tell I you by what authority I do these things.","Kag nagbinaisay sila, “Ano bala ang aton isabat? Kon magsiling kita, ‘Gikan sa Dios,’ masiling sia sa aton, ‘Ti, ngaa wala kamo magpati kay Juan?’"
"But what think ye? A man had two sons; and he came to the first, and said, Son, go work to-day in the vineyard.","Pero kon magsiling kita, ‘Gikan sa tawo,’ nahadlok man kita kon ano ang buhaton sang mga tawo sa aton tungod kay ginakilala nila si Juan nga isa ka propeta.”"
"And he answered and said, I will not: but afterward he repented himself, and went.","Gani nagsabat sila kay Jesus, “Wala kami makahibalo.”"
"And he came to the second, and said likewise. And he answered and said, I go , sir: and went not.","Dayon nagsiling sia sa ila, “Ti, indi ko man kamo pagsugiran kon sa kay sin-o awtoridad ginahimo ko ini nga mga butang."
"Which of the two did the will of his father? They say, The first. Jesus saith unto them, Verily I say unto you, that the publicans and the harlots go into the kingdom of God before you.","“Karon, ano bala ini sa inyo? May isa ka tawo nga may duha ka mga anak nga lalaki. Ginkadtuan niya ang magulang kag ginsingganan, ‘Toto, kadto ka subong sa talamnan sang ubas kag mag-obra.’"
"For John came unto you in the way of righteousness, and ye believed him not; but the publicans and the harlots believed him: and ye, when ye saw it, did not even repent yourselves afterward, that ye might believe him.","Nagsabat sia, ‘Indi ako!’ Pero sang ulihi nagbaylo ang iya hunahuna kag nagkadto sa talamnan sang ubas."
"Hear another parable: There was a man that was a householder, who planted a vineyard, and set a hedge about it, and digged a winepress in it, and built a tower, and let it out to husbandmen, and went into another country.","Dayon ang amay nagkadto man sa manghod kag nagsiling sing amo man. Ang bata nagsabat, ‘Huo, Tay,’ pero wala sia magkadto."
"And when the season of the fruits drew near, he sent his servants to the husbandmen, to receive his fruits.",Diin sini sa ila nga duha ang naghimo sang sugo sang amay?”
"And the husbandmen took his servants, and beat one, and killed another, and stoned another.","Nagsabat sila, “Ang magulang.”"
"Again, he sent other servants more than the first: and they did unto them in like manner.","Gani si Jesus nagsiling sa ila, “Nagasiling ako sa inyo nga unahan pa kamo sang mga manugsukot sang buhis kag sang malain nga mga babayi sa pagpasakop sa paghari sang Dios."
"But afterward he sent unto them his son, saying, They will reverence my son.","Kay si Juan nga manugbautiso nag-abot kag nagtudlo sa inyo sang husto nga dalan, kag wala kamo magpati sa iya, pero ang mga manugsukot sang buhis kag ang malain nga mga babayi nagpati sa iya. Bisan pa nakita ninyo ini, wala gid magliso ang inyo mga hunahuna kag magpati sa iya."
"But the husbandmen, when they saw the son, said among themselves, This is the heir; come, let us kill him, and take his inheritance.","Si Jesus nagsiling, “Pamatii ninyo ang isa pa ka palaanggiran: may isa ka tag-iya sang talamnan nga nagpatanom sang ubas. Iya ini ginkudalan palibot, nagpakutkot sia sing buho para pulogaan sang ubas kag nagpatindog sia sing mataas nga balantayan. Iya ini ginpaagsahan kag nagpanglakaton."
"And they took him, and cast him forth out of the vineyard, and killed him.","Sang tion na sa pagpamupo sang ubas, ginpadala niya ang iya mga suloguon sa mga agsador sa pagkuha sang iya parti."
"When therefore the lord of the vineyard shall come, what will he do unto those husbandmen?","Gindakop sang mga agsador ang iya mga suloguon: ang isa ginbunal nila, ginpatay ang isa, kag ang isa pa gid ginbato nila."
"They say unto him, He will miserably destroy those miserable men, and will let out the vineyard unto other husbandmen, who shall render him the fruits in their seasons.","Liwat iya ginpadala ang iban niya nga mga suloguon nga mas madamo pa sang sa nahauna, kag amo man ang ginhimo sang mga agsador sa ila."
"Jesus saith unto them, Did ye never read in the scriptures,","Sa katapusan ginpadala niya sa ila ang iya anak. Nagsiling sia, ‘Tahuron gid nila ang akon anak.’"
"The stone which the builders rejected,","Pero sang pagkakita sang mga agsador sang anak, nagsinilingay sila, ‘Amo ini ang manunubli. Dali kamo, patyon naton sia, kag mangin-aton ang iya palanublion!’"
The same was made the head of the corner;,"Gani gindakop nila sia, ginhaboy sa gwa sang talamnan sang ubas, kag ginpatay.”"
"This was from the Lord,","Nagpamangkot si Jesus, “Karon, kon mag-abot ang tag-iya sang talamnan, ano ang iya himuon sa sadtong mga agsador?”"
And it is marvellous in our eyes?,"Nagsabat sila, “Pamatyon gid niya nga wala sing luoyluoy yadtong malain nga mga tawo, kag ipaagsa niya ang iya talamnan sa iban nga mga agsador, nga magahatag sa iya sang iya parti sang patubas sa nagakaigo nga tion.”"
"Therefore say I unto you, The kingdom of God shall be taken away from you, and shall be given to a nation bringing forth the fruits thereof.","Si Jesus nagsiling sa ila, “Wala bala ninyo mabasahi ang ginasiling sang mga Kasulatan?"
"And he that falleth on this stone shall be broken to pieces: but on whomsoever it shall fall, it will scatter him as dust.",‘Ang bato nga ginsikway sang mga manunokod
"And when the chief priests and the Pharisees heard his parables, they perceived that he spake of them.",nanginpamakod nga bato.
"And when they sought to lay hold on him, they feared the multitudes, because they took him for a prophet.","Ang Ginoo amo ang naghimo sini,"
"And Jesus answered and spake again in parables unto them, saying,",Si Jesus naghambal liwat sa mga tawo paagi sa mga palaanggiran.
"The kingdom of heaven is likened unto a certain king, who made a marriage feast for his son,",“Ang Ginharian sang langit kaangay sa isa ka hari nga naghanda sang isa ka punsyon sa kasal sang iya anak nga lalaki.
and sent forth his servants to call them that were bidden to the marriage feast: and they would not come.,"Ginpadala niya ang iya mga suloguon sa pagtawag sang mga inagda sa punsyon, pero ang mga inagda indi magkadto."
"Again he sent forth other servants, saying, Tell them that are bidden, Behold, I have made ready my dinner; my oxen and my fatlings are killed, and all things are ready: come to the marriage feast.","Gani ginsugo niya ang iban sang iya mga suloguon kag ginsingganan: ‘Singgana ninyo ang mga inagda nga ang akon punsyon handa na, ang akon mga baka kag mga tinday nga pinatambok naihaw na, kag ang tanan handa na. Gani dali kamo kag mamunsyon!’"
"But they made light of it, and went their ways, one to his own farm, another to his merchandise;","Pero ang mga inagda wala magsapak kag naglakat sila: ang isa sa iya uma, kag ang isa pa gid sa iya balaligyaan,"
"and the rest laid hold on his servants, and treated them shamefully, and killed them.","samtang ang iban nga mga inagda nagdakop, nagbunal, kag nagpatay sa mga suloguon."
"But the king was wroth; and he sent his armies, and destroyed those murderers, and burned their city.","Ang hari naakig gid, gani ginpadala niya ang iya mga soldado sa pagpamatay sa mga nagpatay sang iya mga suloguon, kag sa pagsunog sang ila banwa."
"Then saith he to his servants, The wedding is ready, but they that were bidden were not worthy.","Dayon gintawag niya ang iya mga suloguon kag ginsingganan, ‘Ang akon punsyon sa kasal handa na, ugaling ang mga inagda indi takos."
"Go ye therefore unto the partings of the highways, and as many as ye shall find, bid to the marriage feast.",Karon kadto kamo sa mga dalan kag agdaha ninyo sa punsyon ang tanan nga inyo makita.’
"And those servants went out into the highways, and gathered together all as many as they found, both bad and good: and the wedding was filled with guests.","Gani ang mga suloguon nagkadto sa mga dalan kag gintipon nila ang tanan nga ila nakita, malain kag maayo. Kag ang kalan-an sa punsyon napuno sang mga inagda."
"But when the king came in to behold the guests, he saw there a man who had not on a wedding-garment:","“Nagsulod ang hari sa pagtan-aw sang mga inagda, kag nakita niya ang isa ka tawo nga wala makasuksok sang bayu para sa punsyon."
"and he saith unto him, Friend, how camest thou in hither not having a wedding-garment? And he was speechless.","Ginpamangkot sia sang hari, ‘Abyan, ngaa nga nakasulod ka diri nga wala makasuksok sang bayu para sa punsyon?’ Pero wala sia magsabat."
"Then the king said to the servants, Bind him hand and foot, and cast him out into the outer darkness; there shall be the weeping and the gnashing of teeth.","Dayon ang hari nagsugo sa mga suloguon, ‘Gapusa ninyo ang iya kamot kag tiil kag ihaboy sia sa kadudulman sa gwa. Didto magahibi sia kag magabagrot sang iya mga ngipon.’”"
"For many are called, but few chosen.","Kag sa katapusan si Jesus nagsiling, “Madamo ang mga gin-agda, pero pila lamang ang mga ginpili.”"
"Then went the Pharisees, and took counsel how they might ensnare him in his talk.",Ang mga Fariseo naglakat kag nagplano sa pagdakupdakop kay Jesus paagi sa mga pamangkot.
"And they send to him their disciples, with the Herodians, saying, Teacher, we know that thou art true, and teachest the way of God in truth, and carest not for any one: for thou regardest not the person of men.","Dayon ginpakadto nila ang iban sang ila mga gintuton-an kag ang iban nga mga katapo sang partido ni Herodes sa pagpamangkot kay Jesus. Nagsiling sila, “Manunodlo, nahibaluan namon nga nagasugid ikaw sang kamatuoran. Nagatudlo ikaw sang kamatuoran nahanungod sang kabubot-on sang Dios para sa tawo kag wala ikaw nagasapak kon ano ang isiling sang mga tawo tungod kay wala ikaw sing may ginapasulabi."
"Tell us therefore, What thinkest thou? Is it lawful to give tribute unto Cæsar, or not?","Gani, sugiri kami, ano bala sa imo? Batok bala sa aton Kasugoan ang pagbayad sang mga buhis sa Emperador ukon indi?”"
"But Jesus perceived their wickedness, and said, Why make ye trial of me, ye hypocrites?","Ugaling si Jesus nakahibalo sang ila malain nga tuyo, gani nagsiling sia, “Mga hipokrito kamo! Ngaa bala ginadakupdakop ninyo ako?"
Show me the tribute money. And they brought unto him a denarius.,Ipakita sa akon ang kwarta nga ginabayad sa buhis!”
"And he saith unto them, Whose is this image and superscription?",Gindala nila sa iya ang kwarta.
"They say unto him, Cæsar’s. Then saith he unto them, Render therefore unto Cæsar the things that are Cæsar’s; and unto God the things that are God’s.","Ginpamangkot sila ni Jesus, “Kay sin-o bala laragway kag ngalan ang yari diri?”"
"And when they heard it, they marvelled, and left him, and went away.","Nagsabat sila, “Iya sang Emperador.”"
"On that day there came to him Sadducees, they that say that there is no resurrection: and they asked him,","Gani si Jesus nagsiling sa ila, “Ti, kundi ihatag ninyo sa Emperador ang para sa Emperador, kag ihatag sa Dios ang para sa Dios.”"
"saying, Teacher, Moses said, If a man die, having no children, his brother shall marry his wife, and raise up seed unto his brother.","Sang pagkabati nila sini, naurongan gid sila kag ginbayaan nila sia kag naglakat."
"Now there were with us seven brethren: and the first married and deceased, and having no seed left his wife unto his brother;","Sa amo man nga adlaw may mga Saduceo nga nagpalapit kay Jesus, kag nagsiling nga wala sing pagkabanhaw."
"in like manner the second also, and the third, unto the seventh.","Nagsiling sila, “Manunodlo, si Moises nagsiling, ‘Kon ang isa ka tawo nga wala sing mga anak mapatay, ang iya utod dapat magpangasawa sang iya balo, agod makapamata sila para sa iya utod nga napatay.’"
"And after them all, the woman died.","Karon, may pito ka mag-utod nga lalaki nga nagkabuhi anay diri. Ang kamagulangan nagpangasawa kag napatay nga wala sing mga anak, gani ginbilin niya ang iya asawa sa iya utod."
In the resurrection therefore whose wife shall she be of the seven? for they all had her.,"Amo man ang natabo sa ikaduha nga utod, kag sa ikatlo, kag sang ulihi sa ila tanan nga pito."
"But Jesus answered and said unto them, Ye do err, not knowing the scriptures, nor the power of God.",Sa katapusan ang babayi napatay man.
"For in the resurrection they neither marry, nor are given in marriage, but are as angels in heaven.","Karon, sa adlaw sang pagkabanhaw kay sin-o sia mangin-asawa, kay tanan sila nakapangasawa sa iya?”"
"But as touching the resurrection of the dead, have ye not read that which was spoken unto you by God, saying,","Si Jesus nagsabat sa ila, “Nagsala gid kamo, tungod kay wala kamo makahibalo sang mga Kasulatan ukon sang gahom sang Dios."
"I am the God of Abraham, and the God of Isaac, and the God of Jacob? God is not the God of the dead, but of the living.","Kay sa pagkabanhaw, manginkaangay sila sang mga anghel sa langit kag wala sila nagapangasawa ukon nagapamana."
"And when the multitudes heard it, they were astonished at his teaching.","Karon nahanungod sang pagkabanhaw sang mga minatay, wala bala ninyo mabasahi ang ginsiling sang Dios sa inyo? Nagsiling sia,"
"But the Pharisees, when they heard that he had put the Sadducees to silence, gathered themselves together.","‘Ako amo ang Dios ni Abraham, ang Dios ni Isaac, kag ang Dios ni Jacob.’ Sia ang Dios sang mga buhi kag indi sang mga patay.”"
"And one of them, a lawyer, asked him a question, trying him:","Sang pagkabati sini sang mga tawo, natingala gid sila sa iya pagpanudlo."
"Teacher, which is the great commandment in the law?","Sang pagkabati sang mga Fariseo nga napahipos ni Jesus ang mga Saduceo, nagtipon sila,"
"And he said unto him, Thou shalt love the Lord thy God with all thy heart, and with all thy soul, and with all thy mind.","kag ang isa sa ila nga isa ka manunodlo sang Kasugoan, nagdakupdakop sa iya paagi sa isa ka pamangkot,"
This is the great and first commandment.,"“Manunodlo, ano bala ang labing daku nga sugo sa Kasugoan?”"
"And a second like unto it is this, Thou shalt love thy neighbor as thyself.","Si Jesus nagsabat, “‘Higugmaa ang Ginoo nga imo Dios sa bug-os mo nga tagipusoon, sa bug-os mo nga kalag, kag sa bug-os mo nga hunahuna.’"
"On these two commandments the whole law hangeth, and the prophets.",Amo ini ang labing daku kag ang labing importante nga sugo.
"Now while the Pharisees were gathered together, Jesus asked them a question,",Ang ikaduha kaangay man sini: ‘Higugmaa ang imo isigkatawo subong sang imo kaugalingon.’
"saying, What think ye of the Christ? whose son is he? They say unto him, The son of David.",Sa sining duha ka mga sugo napasad ang bug-os nga Kasugoan ni Moises kag ang mga pagtulon-an sang mga propeta.”
"He saith unto them, How then doth David in the Spirit call him Lord, saying,","Sang pagtilipon sang mga Fariseo, si Jesus nagpamangkot sa ila,"
"The Lord said unto my Lord,",“Ano bala ang hunahuna ninyo nahanungod sa Cristo? Kay sin-o bala sia kaliwat?”
"Sit thou on my right hand,","Nagsabat sila, “Kaliwat sia ni David.”"
Till I put thine enemies underneath thy feet?,"Si Jesus nagpamangkot, “Ti, ngaa nga si David ginbugnaan sang Espiritu sa pagtawag sa iya nga ‘Ginoo’? Kay si David nagsiling:"
"If David then calleth him Lord, how is he his son?","‘Ang Ginoo nagsiling sa akon Ginoo,"
"And no one was able to answer him a word, neither durst any man from that day forth ask him any more questions.","pungko ka diri sa akon tuo,"
"Then spake Jesus to the multitudes and to his disciples,","Dayon si Jesus naghambal sa madamo nga mga tawo kag sa iya mga gintuton-an,"
"saying, The scribes and the Pharisees sit on Moses’ seat:",“Ang mga manunodlo sang Kasugoan kag ang mga Fariseo amo ang may awtoridad sa pagsaysay sang Kasugoan ni Moises.
"all things therefore whatsoever they bid you, these do and observe: but do not ye after their works; for they say, and do not.","Gani tumana kag sunda ninyo ang tanan nga ginasiling nila sa inyo, pero indi kamo mag-ilog sang ila mga ginahimo, tungod kay wala nila ginabutang sa buhat ang ila ginawali."
"Yea, they bind heavy burdens and grievous to be borne, and lay them on men’s shoulders; but they themselves will not move them with their finger.","Ginahatagan nila ang mga tawo sang madamo nga mga katungdanan nga mabudlay tumanon, pero wala man gani sila mismo nagahimo sang bisan diutay lang nga butang sa pagbulig, agod tumanon ini nga mga katungdanan."
"But all their works they do to be seen of men: for they make broad their phylacteries, and enlarge the borders of their garments ,","Ang tanan nila nga ginahimo pakitakita lang sa mga tawo. Tan-awa kon daw ano kadalagku ang mga sulodlan sang mga dinalan sang kasulatan nga ginabugkos nila sa ila mga agtang kag sa ila mga butkon, kag malaba ang mga sidsid sang ila bayu!"
"and love the chief place at feasts, and the chief seats in the synagogues,",Luyag nila ang pinasulabi nga mga pulongkuan sa mga punsyon kag sa nahauna nga mga pulongkuan sa mga sinagoga.
"and the salutations in the marketplaces, and to be called of men, Rabbi.","Luyag sila nga abi-abihon nga may pagtahod sa mga tiendahan, kag luyag sila tawgon sang mga tawo nga ‘Manunodlo.’"
"But be not ye called Rabbi: for one is your teacher, and all ye are brethren.","Pero indi dapat magpatawag kamo nga ‘Manunodlo,’ tungod kay kamo tanan mag-ulotod, kag isa lamang ang inyo Manunodlo."
"And call no man your father on the earth: for one is your Father, even he who is in heaven.","Kag indi kamo magtawag bisan kay sin-o nga tawo diri sa duta nga ‘Amay,’ tungod kay isa lamang ang inyo amay sa langit."
"Neither be ye called masters: for one is your master, even the Christ.","Kag indi man kamo magpatawag nga ‘Pangulo,’ tungod kay isa lamang ang inyo pangulo nga amo ang Cristo."
But he that is greatest among you shall be your servant.,Ang labing daku sa inyo dapat manginsuloguon ninyo.
And whosoever shall exalt himself shall be humbled; and whosoever shall humble himself shall be exalted.,"Ang bisan sin-o nga nagapakataas sang iya kaugalingon pagapauboson, kag ang bisan sin-o nga nagapaubos sang iya kaugalingon pagapakataason."
"But woe unto you, scribes and Pharisees, hypocrites! because ye shut the kingdom of heaven against men: for ye enter not in yourselves, neither suffer ye them that are entering in to enter.","“Makaluluoy man kamo, mga manunodlo sang Kasugoan kag mga Fariseo! Mga hipokrito! Ginatakpan ninyo ang pwertahan sang Ginharian sang langit sa mga tawo, pero kamo inyo wala nagasulod kag ginabalabagan pa ninyo ang nagatinguha sa pagsulod!"
14,"“Makaluluoy man kamo, mga manunodlo sang Kasugoan kag mga Fariseo! Mga hipokrito! Ginatabok ninyo ang mga kadagatan kag ginalatas ang mga kadutaan sa pagkonbertir sang isa ka tawo, kag kon makonbertir na gani ninyo sia, ginahimo ninyo nga doble pa kalain sang sa inyo nga bagay magkadto sa impierno!"
"Woe unto you, scribes and Pharisees, hypocrites! for ye compass sea and land to make one proselyte; and when he is become so, ye make him twofold more a son of hell than yourselves.","“Makaluluoy man kamo, mga bulag nga manugtuytoy! Nagatudlo kamo, ‘Kon ang tawo magsumpa sa templo, indi kinahanglan nga tumanon niya ang iya sumpa. Pero kon magsumpa sia sa bulawan nga yara sa templo, kinahanglan tumanon niya ang iya sumpa.’"
"Woe unto you, ye blind guides, that say, Whosoever shall swear by the temple, it is nothing; but whosoever shall swear by the gold of the temple, he is a debtor.","Mga bulag nga buangbuang! Diin bala ang mas importante, ang bulawan ukon ang templo nga nagapabalaan sang bulawan?"
"Ye fools and blind: for which is greater, the gold, or the temple that hath sanctified the gold?","Nagatudlo man kamo, ‘Kon ang tawo magsumpa sa altar, indi kinahanglan nga tumanon niya ang iya sumpa, pero kon magsumpa sia sa dulot nga yara sa ibabaw sang altar, kinahanglan tumanon niya ang iya sumpa.’"
"And, Whosoever shall swear by the altar, it is nothing; but whosoever shall swear by the gift that is upon it, he is a debtor.","Mga bulag gid kamo! Diin bala ang mas importante, ang dulot ukon ang altar nga nagapabalaan sang dulot?"
"Ye blind: for which is greater, the gift, or the altar that sanctifieth the gift?","Gani kon ang tawo magsumpa sa altar, nagasumpa sia sa altar kag sa tanan nga dulot nga yara sa altar."
"He therefore that sweareth by the altar, sweareth by it, and by all things thereon.","Kag kon ang tawo magasumpa sa templo, nagasumpa sia sa templo kag sa Dios nga nagaestar diri."
"And he that sweareth by the temple, sweareth by it, and by him that dwelleth therein.",Kag kon ang tawo magsumpa sa langit nagasumpa sia sa trono sang Dios kag sa iya nga nagapungko didto.
"And he that sweareth by the heaven, sweareth by the throne of God, and by him that sitteth thereon.","“Makaluluoy man kamo, mga manunodlo sang Kasugoan kag mga Fariseo! Mga hipokrito! Nagahatag kamo sa Dios sang ikapulo nga bahin bisan sang mga panakot subong sang tanglad, sang sibuyas, sang luy-a, pero ginapatumbayaan ninyo ang pagtuman sang labing importante nga mga ginatudlo sang Kasugoan, nga amo ang katarungan, kaluoy kag pagtuo. Amo ini ang inyo dapat buhaton nga wala nagapatumbaya sang iban nga mga kasugoan."
"Woe unto you, scribes and Pharisees, hypocrites! for ye tithe mint and anise and cummin, and have left undone the weightier matters of the law, justice, and mercy, and faith: but these ye ought to have done, and not to have left the other undone.","Mga bulag nga manugtuytoy! Ginasala ninyo ang mga sapatsapat sa inyo ilimnon, pero ginatulon ninyo ang kamelyo!"
"Ye blind guides, that strain out the gnat, and swallow the camel!","“Makaluluoy man kamo, mga manunodlo sang Kasugoan kag mga Fariseo! Mga hipokrito! Ginatinluan ninyo ang sa gwa sang inyo baso kag sang pinggan, pero ang sulod sini puno sang mga butang nga inyo nakuha paagi sa palugos kag kahakog."
"Woe unto you, scribes and Pharisees, hypocrites! for ye cleanse the outside of the cup and of the platter, but within they are full from extortion and excess.","Bulag nga Fariseo! Tinloi anay ang sulod sang baso, kag ang sa gwa magatinlo man!"
"Thou blind Pharisee, cleanse first the inside of the cup and of the platter, that the outside thereof may become clean also.","“Makaluluoy man kamo, mga manunodlo sang Kasugoan kag mga Fariseo! Mga hipokrito! Kaangay kamo sang mga lulobngan nga ginpintahan sing puti kag matahom tan-awon sa gwa, pero sa sulod sini puno sang mga tul-an sang mga patay kag sang tanan nga sahi sang kagarukan."
"Woe unto you, scribes and Pharisees, hypocrites! for ye are like unto whited sepulchres, which outwardly appear beautiful, but inwardly are full of dead men’s bones, and of all uncleanness.","Sa amo man nga bagay, kon tan-awon kamo sang mga tawo daw sa matarong kamo, pero sa sulod ninyo puno sang mga pagpakunokuno kag kalautan."
"Even so ye also outwardly appear righteous unto men, but inwardly ye are full of hypocrisy and iniquity.","“Makaluluoy man kamo, mga manunodlo sang Kasugoan kag mga Fariseo! Mga hipokrito! Nagahimo kamo sing matahom nga mga lulobngan para sa mga propeta kag nagapuni sang mga pantyon sang mga matarong,"
"Woe unto you, scribes and Pharisees, hypocrites! for ye build the sepulchres of the prophets, and garnish the tombs of the righteous,","kag nagasiling kamo, ‘Kon kita nagkabuhi sa mga adlaw sang aton mga katigulangan, wala kuntani kita maghimo sang ila ginhimo kag magpatay sang mga propeta.’"
"and say, If we had been in the days of our fathers, we should not have been partakers with them in the blood of the prophets.",Kon amo ginaako ninyo nga kamo mga kaliwat sang mga nagpamatay sang mga propeta!
"Wherefore ye witness to yourselves, that ye are sons of them that slew the prophets.","Hala, padayuna ninyo kag tapusa ang ginsugoran sang inyo mga katigulangan!"
Fill ye up then the measure of your fathers.,Mga man-og kag mga kaliwat sang mga man-og! Paano bala ang paglikaw ninyo sang silot sa impierno?
"Ye serpents, ye offspring of vipers, how shall ye escape the judgment of hell?","Gani nagasiling ako sa inyo: magapadala ako sa inyo sing mga propeta kag mga maalam nga mga tawo, kag mga manunodlo. Ang iban sa ila inyo pamatyon, ang iban ilansang ninyo sa krus, kag ang iban bunalon ninyo sa inyo mga sinagoga, kag lagson ninyo sila halin sa isa ka banwa pakadto sa isa."
"Therefore, behold, I send unto you prophets, and wise men, and scribes: some of them shall ye kill and crucify; and some of them shall ye scourge in your synagogues, and persecute from city to city:","Tungod sini, magaabot sa inyo ang silot sang nagapamatay sang mga matarong, halin sa pagpatay kay Abel nga matarong tubtob sa pagpatay kay Zacarias nga anak ni Baraquias, nga inyo ginpatay sa gintung-an sang Templo kag sang altar."
"that upon you may come all the righteous blood shed on the earth, from the blood of Abel the righteous unto the blood of Zachariah son of Barachiah, whom ye slew between the sanctuary and the altar.",Matuod gid nagasiling ako sa inyo: ang silot tungod sini tanan nga mga pagpamatay magaabot sa mga tawo sa sini nga mga inadlaw!
"Verily I say unto you, All these things shall come upon this generation.","“O Jerusalem, Jerusalem! Ikaw nga nagapamatay sang mga propeta kag nagapangbato sang mga ginpadala sang Dios sa imo! Makapila kuntani nga luyag ko tipunon ang imo mga tawo kaangay sang isa ka munga nga nagatipon sang iya mga piso sa idalom sang iya mga pakpak, pero indi ka luyag!"
"O Jerusalem, Jerusalem, that killeth the prophets, and stoneth them that are sent unto her! how often would I have gathered thy children together, even as a hen gathereth her chickens under her wings, and ye would not!",Gani ang imo templo pagapatumbayaan kag pagagub-on.
"Behold, your house is left unto you desolate.","Nagasiling ako sa imo, halin karon indi na nimo ako makita liwat tubtob nga magsiling ka, ‘Ang Dios ang magbendisyon sa iya nga nagaabot sa ngalan sang Ginoo.’”"
"And Jesus went out from the temple, and was going on his way; and his disciples came to him to show him the buildings of the temple.","Naggwa si Jesus sa Templo kag sang nagalakat sia, ang iya mga gintuton-an nagpalapit kag ila gintudlo sa iya ang mga balay sang Templo."
"But he answered and said unto them, See ye not all these things? verily I say unto you, There shall not be left here one stone upon another, that shall not be thrown down.","Si Jesus nagsiling sa ila, “Nakita ninyo ina tanan, indi bala? Nagasiling ako sa inyo: wala sing bisan isa ka bato nga mabilin nga nagatungtong pa sa ibabaw sang isa ka bato, kay ang tanan pagagub-on.”"
"And as he sat on the mount of Olives, the disciples came unto him privately, saying, Tell us, when shall these things be? and what shall be the sign of thy coming, and of the end of the world?","Sang nagapungko si Jesus sa Bukid sang mga Olivo, ang mga gintuton-an nagpalapit sa iya nga silahanon lang. Nagpamangkot sila, “Sugiri kami, san-o bala ini mahanabo kag ano ang tanda sang imo pag-abot kag sang katapusan sini nga panag-on?”"
"And Jesus answered and said unto them, Take heed that no man lead you astray.","Si Jesus nagsabat, “Mag-andam kamo nga indi kamo pagpatalangon ni bisan sin-o,"
"For many shall come in my name, saying, I am the Christ; and shall lead many astray.","kay madamo nga mga tawo ang magaabot sa akon ngalan kag magasiling, ‘Ako amo ang Cristo!’ kag magapatalang sila sang madamo."
And ye shall hear of wars and rumors of wars; see that ye be not troubled: for these things must needs come to pass; but the end is not yet.,"Mabatian ninyo ang mga linupok sang inaway sa malapit kag ang mga balita sang gira sa malayo nga mga lugar, pero indi kamo magpakulba. Ini nga mga butang dapat matabo gid man pero indi pa ini ang katapusan."
"For nation shall rise against nation, and kingdom against kingdom; and there shall be famines and earthquakes in divers places.","Ang isa ka pungsod magasalakay sa isa ka pungsod, ang isa ka ginharian magagubat sa isa ka ginharian. May mga gutom kag mga linog sa bisan diin nga lugar."
But all these things are the beginning of travail.,Ini tanan nga mga butang kaangay sang pagsugod sang pagpasakit sang nagapanganak.
"Then shall they deliver you up unto tribulation, and shall kill you: and ye shall be hated of all the nations for my name’s sake.",“Dayon pagadakpon kamo kag igatugyan agod silutan kag patyon. Pagadumtan kamo sang tanan nga mga tawo tungod sa akon.
"And then shall many stumble, and shall deliver up one another, and shall hate one another.","Sa sadto nga tion madamo ang magabiya sang ila pagtuo, magaluibay sila kag magadinumtanay."
"And many false prophets shall arise, and shall lead many astray.",Dayon magagwa ang madamo kag di-matuod nga mga propeta kag magapatalang sang madamo nga mga tawo.
"And because iniquity shall be multiplied, the love of the many shall wax cold.",Tungod sang pagdamo sang kalautan ang gugma sang madamo nga mga tawo magatahaw.
"But he that endureth to the end, the same shall be saved.",Pero ang bisan sin-o nga nagapadayon tubtob sa katapusan maluwas.
And this gospel of the kingdom shall be preached in the whole world for a testimony unto all the nations; and then shall the end come.,"Kag ining Maayong Balita nahanungod sa Ginharian iwali sa bug-os nga kalibutan, subong saksi sa tanan nga katawhan, kag ugaling magaabot ang katapusan."
"When therefore ye see the abomination of desolation, which was spoken of through Daniel the prophet, standing in the holy place (let him that readeth understand),","“Makita ninyo ang nagatindog sa lugar nga balaan ‘Ang Makakulogmat nga Kangil-aran,’ nga gintagna ni Daniel nga propeta.” (Ang nagabasa maghangop sang kahulogan sini!)"
then let them that are in Judæa flee unto the mountains:,“Dayon ang mga yara sa Judea dapat magpalagyo sa kabukiran.
let him that is on the housetop not go down to take out the things that are in his house:,Ang tawo nga yara sa atop sang iya balay indi na dapat mag-usik sang tion sa pagpanaog sa pagkuha sang iya mga pagkabutang sa sulod sang balay.
and let him that is in the field not return back to take his cloak.,Ang tawo nga yara sa uma indi na magbalik kag magkuha sang iya kunop.
But woe unto them that are with child and to them that give suck in those days!,"Makaluluoy man ang mga babayi nga nagabusong sa sadto nga mga adlaw, kag ang mga iloy nga may ginapasuso!"
"And pray ye that your flight be not in the winter, neither on a sabbath:",Magpangamuyo kamo sa Dios nga ang inyo pagpalagyo indi matuon sa tigtulognaw ukon sa Adlaw nga Inugpahuway!
"for then shall be great tribulation, such as hath not been from the beginning of the world until now, no, nor ever shall be.","Kay ang pag-antos sa sadto nga tion mas sobra pa ka makangilidlis sang sa kinagamo nga natabo halin sa ginsugoran sang kalibutan tubtob sa sini nga adlaw, kag wala na sing hitabo sa palaabuton nga kaangay sini liwat."
"And except those days had been shortened, no flesh would have been saved: but for the elect’s sake those days shall be shortened.","Pero ang Dios nagpalip-ot na sang mga inadlaw, kay kon wala niya paghimua ini wala sing tawo nga maluwas. Pero tungod sa iya mga pinili nga mga tawo, pagapalip-uton sang Dios yadto nga mga inadlaw."
"Then if any man shall say unto you, Lo, here is the Christ, or, Here; believe it not.","“Gani, kon may magsiling sa inyo, ‘Tan-awa, yari ang Cristo!’ ukon ‘Ato sia!’—indi kamo magpati sa iya."
"For there shall arise false Christs, and false prophets, and shall show great signs and wonders; so as to lead astray, if possible, even the elect.","Kay magagwa ang di-matuod nga mga Cristo, kag di-matuod nga mga propeta, kag magapakita sila sing dalagku nga mga tanda kag makatilingala nga mga buhat agod sa pagpatalang kon mahimo, bisan pa sang mga pinili sang Dios."
"Behold, I have told you beforehand.",Pamati kamo! Ginasiling ko na ini sa inyo sa wala pa mag-abot ang tion.
"If therefore they shall say unto you, Behold, he is in the wilderness; go not forth: Behold, he is in the inner chambers; believe it not.","“Gani kon ang mga tawo magsiling sa inyo, ‘Tan-awa, ato sia sa desierto!’—indi kamo magkadto didto, ukon magsiling sila, ‘Tan-awa, nagapanago sia diri!’—indi kamo magpati."
"For as the lightning cometh forth from the east, and is seen even unto the west; so shall be the coming of the Son of man.",Kay ang Anak sang Tawo magaabot subong sang kilat nga nagakirab halin sa sidlangan pakadto sa nakatundan.
"Wheresoever the carcase is, there will the eagles be gathered together.","“Kon diin may lawas nga patay, didto nagatipon ang mga uwak."
"But immediately after the tribulation of those days the sun shall be darkened, and the moon shall not give her light, and the stars shall fall from heaven, and the powers of the heavens shall be shaken:","“Sa tapos ang kalalat-an sa sadto nga mga inadlaw, ang adlaw magadulom, kag ang bulan indi na magsanag, ang mga bituon magakalahulog gikan sa langit, kag ang mga gahom sa kahawaan pagapatalangon sa ila mga alagyan."
"and then shall appear the sign of the Son of man in heaven: and then shall all the tribes of the earth mourn, and they shall see the Son of man coming on the clouds of heaven with power and great glory.","Dayon mapahayag sa langit ang tanda sang Anak sang Tawo, kag ang tanan nga mga katawhan sang duta magahilibion kag makita nila ang pag-abot sang Anak sang Tawo sa mga panganod sang langit nga may gahom kag daku nga himaya."
"And he shall send forth his angels with a great sound of a trumpet, and they shall gather together his elect from the four winds, from one end of heaven to the other.","Sa pagtunog sang daku nga trumpeta magapadala sia sang iya mga anghel sa bug-os nga kalibutan, kag tipunon nila ang iya pinili nga mga tawo gikan sa tanan nga bahin sang kalibutan."
"Now from the fig tree learn her parable: when her branch is now become tender, and putteth forth its leaves, ye know that the summer is nigh;","“Magtuon kamo sing leksyon sa kahoy nga higera. Kon ang iya mga sanga magpanglumbay na, inyo mahibaluan nga malapit na lang ang tingadlaw."
"even so ye also, when ye see all these things, know ye that he is nigh, even at the doors.","Sa amo man nga bagay, kon makita ninyo ini tanan nga mga butang, inyo mahibaluan nga malapit na sia, kag madali na lang mag-abot."
"Verily I say unto you, This generation shall not pass away, till all these things be accomplished.",Dumdoma ninyo nga mahanabo ini tanan nga mga butang sa wala pa magkalamatay ang mga tawo nga nagakabuhi subong.
"Heaven and earth shall pass away, but my words shall not pass away.","Ang langit kag ang duta magataliwan, pero ang akon mga pulong indi magtaliwan."
"But of that day and hour knoweth no one, not even the angels of heaven, neither the Son, but the Father only.","“Ugaling kon san-o maabot ina nga adlaw kag takna, wala gid sing may nakahibalo, bisan pa ang mga anghel sa langit, ukon ang Anak, kundi ang Amay lang."
"And as were the days of Noah, so shall be the coming of the Son of man.","Subong sang nahanabo sang panahon ni Noe, amo man ang mahanabo sa pag-abot sang Anak sang Tawo."
"For as in those days which were before the flood they were eating and drinking, marrying and giving in marriage, until the day that Noah entered into the ark,","Kay subong sang mga adlaw nga wala pa ang Anaw, ang mga tawo nagakinaon kag nagailinom, nagapalangasawa kag nagapalamana tubtob gid sa adlaw nga si Noe nagsulod sa arka."
"and they knew not until the flood came, and took them all away; so shall be the coming of the Son of man.",Wala gid sila nakahibalo kon ano ang nagakahanabo tubtob nga nag-abot ang Anaw kag nagkalalumos sila tanan. Subong man sini ang mahanabo sa pag-abot sang Anak sang Tawo.
"Then shall two men be in the field; one is taken, and one is left:","Sa sadto nga tion may duha ka tawo nga magaobra sa talamnan: ang isa kuhaon, kag ang isa mabilin."
"two women shall be grinding at the mill; one is taken, and one is left.","May duha ka babayi nga magagaling: ang isa kuhaon, kag ang isa mabilin."
Watch therefore: for ye know not on what day your Lord cometh.,"Gani magbantay kamo, tungod kay wala kamo makahibalo kon ano nga adlaw maabot ang inyo Ginoo."
"But know this, that if the master of the house had known in what watch the thief was coming, he would have watched, and would not have suffered his house to be broken through.","Dumdoma ninyo ini! Kon ang tagbalay nakahibalo kon sa ano nga tion sang gab-i ang makawat magaabot, pat-ud gid nga magapulaw sia kag indi sia magtugot nga ang makawat makarungkab sang iya balay."
Therefore be ye also ready; for in an hour that ye think not the Son of man cometh.,"Gani dapat man kamo maghanda pirme, tungod kay sa takna nga wala ninyo ginapaabot, ang Anak sang Tawo magaabot."
"Who then is the faithful and wise servant, whom his lord hath set over his household, to give them their food in due season?","“Karon sin-o bala ang matutom kag maalam nga suloguon? Sia amo ang gintugyanan sang iya agalon sa pagdumala sang iban nga mga suloguon, kag sa paghatag sa ila sang ila pagkaon sa nagakaigo nga tion."
"Blessed is that servant, whom his lord when he cometh shall find so doing.",Daw ano ka malipayon yadto nga suloguon nga sa pagpauli sang iya agalon masapwan sia nga nagahimo sang iya bulohaton!
"Verily I say unto you, that he will set him over all that he hath.","Nagasiling ako sa inyo, nga sia ang padumalahon sang iya agalon sang tanan niya nga pagkabutang."
"But if that evil servant shall say in his heart, My lord tarrieth;","Pero kon malain sia nga suloguon magasiling sia sa iya kaugalingon, ‘Dugay pa mabalik ang akon agalon,’"
"and shall begin to beat his fellow-servants, and shall eat and drink with the drunken;","kag magasugod sia sa pagpamintas sang iya kaupod nga mga suloguon, kag magkaon kag mag-inom upod sa mga palahubog."
"the lord of that servant shall come in a day when he expecteth not, and in an hour when he knoweth not,",Dayon ang agalon sadto nga suloguon magaabot sa adlaw nga wala niya sia ginapaabot kag sa tion nga wala niya mahibaloi.
"and shall cut him asunder, and appoint his portion with the hypocrites: there shall be the weeping and the gnashing of teeth.",Ang agalon magahatukhatok sa iya kag magasilot sa iya upod sa mga hipokrito. Didto magahibi sia kag magabagrot sang iya mga ngipon.
"Then shall the kingdom of heaven be likened unto ten virgins, who took their lamps, and went forth to meet the bridegroom.",“Sa sina nga tion ang Ginharian sang langit mapaanggid sa napulo ka mga dalaga nga nagdala sang ila mga suga kag naglakat sa pagsugat sang lalaki nga kalasalon.
"And five of them were foolish, and five were wise.",Ang lima sa ila mga buangbuang kag ang lima maalam.
"For the foolish, when they took their lamps, took no oil with them:",Ang mga buangbuang nagdala sang ila mga suga ugaling wala sila magbalon sing lana.
but the wise took oil in their vessels with their lamps.,Ang mga maalam nagdala sang mga tibodtibod nga puno sang lana para sa ila mga suga.
"Now while the bridegroom tarried, they all slumbered and slept.","Kadugay mag-abot sang lalaki nga kalasalon, gani tinuyo ang mga dalaga kag natulogan."
"But at midnight there is a cry, Behold, the bridegroom! Come ye forth to meet him.","“Sang tungang gab-i na may nagsinggit, ‘Yari na ang lalaki nga kalasalon! Dali kamo kag sugata ninyo sia!’"
"Then all those virgins arose, and trimmed their lamps.",Ang napulo ka mga dalaga nagmata kag nag-aman sang ila mga suga.
"And the foolish said unto the wise, Give us of your oil; for our lamps are going out.","Dayon ang mga buangbuang nagsiling sa mga maalam, ‘Hatagi kami sang inyo lana, kay nagapiraw na ang amon mga suga.’"
"But the wise answered, saying, Peradventure there will not be enough for us and you: go ye rather to them that sell, and buy for yourselves.","Ang mga maalam nagsabat, ‘Indi mahimo, kay basi kon indi ini makaigo sa inyo kag sa amon. Kadto kamo sa tiyanggi kag magbakal kamo para sa inyo kaugalingon.’"
"And while they went away to buy, the bridegroom came; and they that were ready went in with him to the marriage feast: and the door was shut.","Gani ang mga dalaga nga buangbuang naglakat sa pagbakal sang lana, kag sang nakalakat sila amo man ang pag-abot sang lalaki nga kalasalon. Ang lima ka dalaga nga nakaaman nag-upod sa iya sa punsyon, kag ginsirahan ang pwertahan."
"Afterward came also the other virgins, saying, Lord, Lord, open to us.","“Dugaydugay nag-abot ang iban nga mga dalaga kag nagpanawag, ‘Sir, sir! Pasudla kami!’"
"But he answered and said, Verily I say unto you, I know you not.","Pero ang lalaki nga kalasalon nagsabat, ‘Nagasiling ako sa inyo, wala ako makakilala sa inyo.’”"
"Watch therefore, for ye know not the day nor the hour.","Kag si Jesus nagsiling, “Gani magbantay kamo, tungod kay wala kamo makahibalo sang adlaw ukon sang takna."
"For it is as when a man, going into another country, called his own servants, and delivered unto them his goods.",“Sa sadto nga tion ang Ginharian sang langit kaangay sang isa ka tawo nga manuglakat sa iban nga lugar. Gintawag niya ang iya mga suloguon kag gintugyan niya sa ila ang iya mga pagkabutang.
"And unto one he gave five talents, to another two, to another one; to each according to his several ability; and he went on his journey.","Ginhatagan niya ang kada isa sa ila suno sa ila ikasarang. Ginhatagan niya ang isa sing 5,000 pisos, ang isa sing 2,000 pisos, kag ang isa pa gid sing 1,000 ka pisos. Dayon naglakat sia."
"Straightway he that received the five talents went and traded with them, and made other five talents.","Ang suloguon nga nakabaton sing 5,000 pisos naglakat sa gilayon kag iya ginpatikang ang iya kwarta, kag nakaganansya sia sing 5,000 pisos."
In like manner he also that received the two gained other two.,"Amo man ang suloguon nga nakabaton sing 2,000 pisos, nakaganansya man sia sing 2,000 pisos."
"But he that received the one went away and digged in the earth, and hid his lord’s money.","Pero ang nakabaton sing 1,000 ka pisos naglakat kag nagkutkot sa duta, kag ginlubong niya ang kwarta sang iya agalon."
"Now after a long time the lord of those servants cometh, and maketh a reckoning with them.",“Sa tapos ang malawig nga panahon nagbalik ang agalon kag nagpakighusay sa iya mga suloguon.
"And he that received the five talents came and brought other five talents, saying, Lord, thou deliveredst unto me five talents: lo, I have gained other five talents.","Ang suloguon nga nakabaton sing 5,000 pisos nagsulod kag nagdala sing 5,000 pisos. Nagsiling sia, ‘Ginoo, ginhatagan mo ako sing 5,000 pisos. Yari pa gid ang 5,000 pisos nga akon naganansya.’"
"His lord said unto him, Well done, good and faithful servant: thou hast been faithful over a few things, I will set thee over many things; enter thou into the joy of thy lord.","Ang iya agalon nagsiling sa iya, ‘Maayo gid, maayo kag matutom nga suloguon! Tungod kay matutom ka magpatikang sang diutay nga kantidad karon, ikaw ang padumalahon ko sang dalagku pa gid nga kantidad. Dali diri kag mag-ambit sang akon kalipay!’"
"And he also that received the two talents came and said, Lord, thou deliveredst unto me two talents: lo, I have gained other two talents.","Dayon ang suloguon nga nakabaton sing 2,000 pisos nagsulod kag nagsiling, ‘Ginoo, ginhatagan mo ako sing 2,000 pisos. Yari pa gid ang 2,000 pisos nga akon naganansya.’"
"His lord said unto him, Well done, good and faithful servant: thou hast been faithful over a few things, I will set thee over many things; enter thou into the joy of thy lord.","Ang iya agalon nagsiling, ‘Maayo gid, maayo kag matutom nga suloguon! Tungod kay matutom ka magpatikang sang diutay nga kantidad, karon ikaw ang padumalahon ko sang dalagku pa gid nga kantidad. Dali diri kag mag-ambit sang akon kalipay!’"
"And he also that had received the one talent came and said, Lord, I knew thee that thou art a hard man, reaping where thou didst not sow, and gathering where thou didst not scatter;","Dayon ang suloguon nga nakabaton sing 1,000 ka pisos nagsulod kag nagsiling, ‘Ginoo, nakahibalo ako nga mabudlay ikaw nga tawo, nagaani ka sa wala mo matamni kag nagatipon sang patubas sa wala mo masab-ugi."
"and I was afraid, and went away and hid thy talent in the earth: lo, thou hast thine own.","Hinadlukan ako, gani naglakat ako kag gintago ko ang imo kwarta sa duta. Yari ang imo kwarta.’"
"But his lord answered and said unto him, Thou wicked and slothful servant, thou knewest that I reap where I sowed not, and gather where I did not scatter;","Ang iya agalon nagsiling, ‘Malain kag matamad ka nga suloguon! Nakahibalo ka gali nga ako nagaani sa wala ko matamni kag nagatipon sang patubas sa wala ko masab-ugi?"
"thou oughtest therefore to have put my money to the bankers, and at my coming I should have received back mine own with interest.","Ti, kuntani ginpatago mo sa bangko ang akon kwarta, agod sa akon pagbalik mabaton ko ang akon kwarta upod sang iya saka."
"Take ye away therefore the talent from him, and give it unto him that hath the ten talents.","Karon, kuhaa ninyo ang kwarta sa iya kag ihatag sa suloguon nga may 10,000 pisos."
"For unto every one that hath shall be given, and he shall have abundance: but from him that hath not, even that which he hath shall be taken away.","Kay ang tagsatagsa nga may iya, hatagan pa gid, kag magasulobra ang iya pagkabutang. Pero sia nga wala sing iya, bisan pa ang diutay niya nga pagkabutang kuhaon pa sa iya."
And cast ye out the unprofitable servant into the outer darkness: there shall be the weeping and the gnashing of teeth.,"Nahanungod sa sining walay pulos nga suloguon, ihaboy sia ninyo sa kadudulman sa gwa. Didto magahibi sia kag magabagrot ang iya mga ngipon.’"
"But when the Son of man shall come in his glory, and all the angels with him, then shall he sit on the throne of his glory:","“Kon ang Anak sang Tawo mag-abot subong Hari, nga ginaupdan sang tanan nga mga anghel, magapungko sia sa iya harianon nga trono,"
"and before him shall be gathered all the nations: and he shall separate them one from another, as the shepherd separateth the sheep from the goats;","kag ang tanan nga mga tawo sa kalibutan pagatipunon sa iya atubang. Dayon painon niya sila sa duha ka grupo, subong nga ang manugbantay nagapain sang mga karnero sa mga kanding."
"and he shall set the sheep on his right hand, but the goats on the left.","Ipahamtang niya ang mga karnero sa iya tuo, kag ang mga kanding sa iya wala."
"Then shall the King say unto them on his right hand, Come, ye blessed of my Father, inherit the kingdom prepared for you from the foundation of the world:","Dayon ang Hari magasiling sa mga tawo sa iya tuo, ‘Dali kamo nga ginpakamaayo sang akon Amay. Panublia ninyo ang Ginharian nga gin-aman sa inyo halin pa sa pagtuga sang kalibutan."
"for I was hungry, and ye gave me to eat; I was thirsty, and ye gave me drink; I was a stranger, and ye took me in;","Kay gingutom ako kag ginpakaon ninyo ako, gin-uhaw ako kag ginpainom ninyo ako, dumoluong ako kag ginpadayon ninyo ako sa inyo mga balay,"
"naked, and ye clothed me; I was sick, and ye visited me; I was in prison, and ye came unto me.","hubo ako kag ginpabayuan ninyo ako, nagmasakit ako kag gin-atipan ninyo ako, nabilanggo kag ginbisitahan ninyo ako.’"
"Then shall the righteous answer him, saying, Lord, when saw we thee hungry, and fed thee? or athirst, and gave thee drink?","Dayon ang mga matarong magasabat sa iya, ‘San-o bala, Ginoo, nga nakita ka namon nga nagutom kag ginpakaon ka namon, ukon nauhaw kag ginpainom ka namon?"
"And when saw we thee a stranger, and took thee in? or naked, and clothed thee?","San-o ka bala namon nakita nga dumoluong kag ginpadayon ka sa amon nga mga balay, ukon hubo kag ginpabayuan ka namon?"
"And when saw we thee sick, or in prison, and came unto thee?",San-o ka bala namon nakita nga nagmasakit ukon nabilanggo kag ginbisitahan ka namon?’
"And the King shall answer and say unto them, Verily I say unto you, Inasmuch as ye did it unto one of these my brethren, even these least, ye did it unto me.","Ang Hari magasabat, ‘Nagasiling ako sa inyo, kon inyo ini nahimo sa isa sang labing kubos sining akon mga utod, ginhimo ninyo ini sa akon!’"
"Then shall he say also unto them on the left hand, Depart from me, ye cursed, into the eternal fire which is prepared for the devil and his angels:","“Dayon magasiling sia sa mga tawo sa iya wala, ‘Palayo kamo sa akon, mga ginpakamalaut sang Dios! Didto kamo sa kalayo nga wala sing katapusan nga gin-aman sa Yawa kag sa iya mga anghel!"
"for I was hungry, and ye did not give me to eat; I was thirsty, and ye gave me no drink;","Kay gingutom ako kag wala ninyo ako pagpakan-a, gin-uhaw ako kag wala ninyo ako pagpaimna,"
"I was a stranger, and ye took me not in; naked, and ye clothed me not; sick, and in prison, and ye visited me not.","dumoluong ako kag wala ninyo ako pagpadayuna sa inyo mga balay, hubo ako kag wala ninyo ako pagpabayui, nagmasakit ako kag ginbilanggo pero wala ninyo ako pagbisitahi.’"
"Then shall they also answer, saying, Lord, when saw we thee hungry, or athirst, or a stranger, or naked, or sick, or in prison, and did not minister unto thee?","Dayon magasabat sila sa iya, ‘Ginoo, san-o ka bala namon nakita nga gingutom ukon gin-uhaw ukon dumoluong ukon hubo ukon nagamasakit ukon ginabilanggo, kag wala kami magbulig sa imo?’"
"Then shall he answer them, saying, Verily I say unto you, Inasmuch as ye did it not unto one of these least, ye did it not unto me.","Dayon ang Hari magasabat sa ila, ‘Nagasiling ako sa inyo, kon wala ninyo paghimua ini sa isa sining mga labing kubos, wala man ninyo mahimo ini sa akon.’"
And these shall go away into eternal punishment: but the righteous into eternal life.,"Ini sila pagatabugon pakadto sa wala sing katapusan nga silot, pero ang mga matarong magakadto sa kabuhi nga wala sing katapusan.”"
"And it came to pass, when Jesus had finished all these words, he said unto his disciples,","Sa tapos si Jesus makapanudlo sini nga mga butang, nagsiling sia sa iya mga gintuton-an,"
"Ye know that after two days the passover cometh, and the Son of man is delivered up to be crucified.","“Nakahibalo kamo nga duha na lang ka adlaw kag Piesta na sang Pascua, kag ang Anak sang Tawo itugyan agod ilansang sa krus.”"
"Then were gathered together the chief priests, and the elders of the people, unto the court of the high priest, who was called Caiaphas;","Dayon ang pangulo nga mga pari kag ang mga katigulangan sang mga Judio nagtipon sa palasyo ni Caifas, ang Pinakamataas nga Pari."
"and they took counsel together that they might take Jesus by subtlety, and kill him.",Nagplano sila agod nga sa sekrito nga paagi mapadakop nila si Jesus kag mapapatay sia.
"But they said, Not during the feast, lest a tumult arise among the people.","Nagsiling sila, “Indi naton paghimuon ini sa adlaw sang piesta, kay basi magkinagamo ang mga tawo.”"
"Now when Jesus was in Bethany, in the house of Simon the leper,","Sang didto si Jesus sa Betania, sa balay ni Simon nga sadto anay aruon,"
"there came unto him a woman having an alabaster cruse of exceeding precious ointment, and she poured it upon his head, as he sat at meat.",nagpalapit sa iya ang isa ka babayi nga may tibodtibod nga alabastro nga puno sing malahalon nga agwa. Iya ini ginbubo sa ulo ni Jesus samtang nagakaon sia.
"But when the disciples saw it, they had indignation, saying, To what purpose is this waste?","Nakita ini sang mga gintuton-an kag naakig sila. Nagsiling sila, “Abaw kanugon! Ngaa gin-usikan ini?"
"For this ointment might have been sold for much, and given to the poor.",Kuntani sarang mabaligya ini nga agwa sa daku nga kantidad kag ang kwarta ihatag sa mga imol!”
"But Jesus perceiving it said unto them, Why trouble ye the woman? for she hath wrought a good work upon me.","Si Jesus nga nakahibalo sang ila ginahambal nagsiling sa ila, “Ngaa bala ginatublag ninyo ini nga babayi? Maayo kag matahom nga butang ang iya ginhimo sa akon."
For ye have the poor always with you; but me ye have not always.,"Kaupod ninyo pirme ang mga imol, pero ako indi manginkaupod ninyo tubtob san-o."
"For in that she poured this ointment upon my body, she did it to prepare me for burial.",Ginbuboan niya ako sang agwa agod maaman ang akon lawas sa akon lubong.
"Verily I say unto you, Wheresoever this gospel shall be preached in the whole world, that also which this woman hath done shall be spoken of for a memorial of her.","Karon dumdoma ninyo ini! Bisan diin iwali ining Maayong Balita sa bug-os nga kalibutan, ang ginhimo sini nga babayi pagaisugid man sa iya handumanan.”"
"Then one of the twelve, who was called Judas Iscariot, went unto the chief priests,",Dayon ang isa sang dose ka mga gintuton-an nga ginhingalanan kay Judas Iscariote nagkadto sa pangulo nga mga pari
"and said, What are ye willing to give me, and I will deliver him unto you? And they weighed unto him thirty pieces of silver.","kag nagpamangkot, “Ano bala ang ihatag ninyo sa akon kon itugyan ko si Jesus sa inyo?” Gani ginhatagan nila sia sing traynta ka bilog nga pilak."
And from that time he sought opportunity to deliver him unto them .,Halin sadto nagpangita si Judas sing kahigayunan sa pagtugyan kay Jesus sa ila.
"Now on the first day of unleavened bread the disciples came to Jesus, saying, Where wilt thou that we make ready for thee to eat the passover?","Sa nahauna nga adlaw sang Piesta sang Tinapay nga wala sing Lebadora, ang mga gintuton-an nagpalapit kay Jesus kag nagpamangkot sa iya, “Diin bala ang luyag mo nga ihanda namon para sa imo ang panihapon sang Pascua?”"
"And he said, Go into the city to such a man, and say unto him, The Teacher saith, My time is at hand; I keep the passover at thy house with my disciples.","Nagsiling si Jesus sa ila, “Kadto kamo sa isa ka tawo sa siudad, kag singgani sia, ‘Ang Manunodlo nagasiling, Ang akon tion nag-abot na. Ako kag ang akon mga gintuton-an magasaulog sang Pascua sa imo balay.’”"
And the disciples did as Jesus appointed them; and they made ready the passover.,Gintuman sang mga gintuton-an ang sugo ni Jesus kag ila ginhanda ang panihapon sang Pascua.
"Now when even was come, he was sitting at meat with the twelve disciples;",Sang gab-i na si Jesus kag ang iya dose ka mga gintuton-an nagpanihapon.
"and as they were eating, he said, Verily I say unto you, that one of you shall betray me.","Sang nagakaon sila, si Jesus nagsiling, “Ginasiling ko sa inyo nga ang isa sa inyo magaluib sa akon.”"
"And they were exceeding sorrowful, and began to say unto him every one, Is it I, Lord?","Natublag gid ang mga gintuton-an kag nagbulosbulos sila pamangkot sa iya, “Ako bala ina, Ginoo?”"
"And he answered and said, He that dipped his hand with me in the dish, the same shall betray me.","Nagsabat si Jesus, “Ang nagatusmaw sang iya tinapay sa yahong upod sa akon amo ang magaluib sa akon."
"The Son of man goeth, even as it is written of him: but woe unto that man through whom the Son of man is betrayed! good were it for that man if he had not been born.","Ang Anak sang Tawo mapatay suno sa ginsiling sang mga Kasulatan, pero makaluluoy man yadtong tawo nga magaluib sang Anak sang Tawo! Mas maayo pa sa iya nga sia wala matawo!”"
"And Judas, who betrayed him, answered and said, Is it I, Rabbi? He saith unto him, Thou hast said.","Si Judas nga traidor nagsiling, “Ako bala ang imo ginatumod, Manunodlo?”"
"And as they were eating, Jesus took bread, and blessed, and brake it; and he gave to the disciples, and said, Take, eat; this is my body.","Si Jesus nagsabat, “Ginasiling mo.”"
"And he took a cup, and gave thanks, and gave to them, saying, Drink ye all of it;","Sang nagakaon sila, nagkuha si Jesus sing tinapay, nagpangamuyo sa pagpasalamat, kag iya ginpamihakpihak ini kag ginhatag sa iya mga gintuton-an. Nagsiling sia, “Kuha kamo, kag magkaon sini. Ini amo ang akon lawas.”"
"for this is my blood of the covenant, which is poured out for many unto remission of sins.","Dayon ginkuha niya ang kupa, nagpasalamat sa Dios, kag iya ini ginhatag sa ila. Nagsiling sia, “Tanan kamo mag-inom sini,"
"But I say unto you, I shall not drink henceforth of this fruit of the vine, until that day when I drink it new with you in my Father’s kingdom.","kay ini amo ang akon dugo, nga nagaselyo sang kasugtanan sang Dios, ang akon dugo nga gin-ula para sa tanan nga mga katawhan sa kapatawaran sang mga sala."
"And when they had sung a hymn, they went out into the mount of Olives.","Nagasiling ako sa inyo, indi na ako magainom liwat sini nga bino, tubtob sa sadto nga adlaw nga magainom ako sing bag-o nga bino kaupod ninyo sa Ginharian sang akon Amay.”"
"Then saith Jesus unto them, All ye shall be offended in me this night: for it is written, I will smite the shepherd, and the sheep of the flock shall be scattered abroad.","Sa tapos sila makakanta sang isa ka ambahanon, nagkadto sila sa Bukid sang mga Olivo."
"But after I am raised up, I will go before you into Galilee.","Dayon si Jesus nagsiling sa ila, “Karon gid nga gab-i tanan kamo magapalagyo kag magabiya sa akon, kay ang kasulatan nagasiling, ‘Ako magapatay sang manugbantay sang mga karnero, kag magaalaplaag ang panong sang mga karnero.’"
"But Peter answered and said unto him, If all shall be offended in thee, I will never be offended.","Pero sa tapos ako mabanhaw, magauna ako sa inyo sa Galilea.”"
"Jesus said unto him, Verily I say unto thee, that this night, before the cock crow, thou shalt deny me thrice.","Si Pedro nagsabat kay Jesus, “Bisan bayaan ka sang tanan, indi gid ako magbiya sa imo!”"
"Peter saith unto him, Even if I must die with thee, yet will I not deny thee. Likewise also said all the disciples.","Si Jesus nagsiling kay Pedro, “Tandai ini! Sa wala pa makapamalo ang manok karon nga gab-i magasiling ikaw sing makatlo nga wala ikaw makakilala sa akon.”"
"Then cometh Jesus with them unto a place called Gethsemane, and saith unto his disciples, Sit ye here, while I go yonder and pray.","Si Pedro nagsabat, “Indi gid ako magsiling nga wala ko ikaw makilala, bisan pa pagapatyon ako kaupod sa imo!”"
"And he took with him Peter and the two sons of Zebedee, and began to be sorrowful and sore troubled.",Amo man ang ginsiling sang tanan nga mga gintuton-an.
"Then saith he unto them, My soul is exceeding sorrowful, even unto death: abide ye here, and watch with me.","Dayon si Jesus nagkadto sa lugar nga gintawag Getsemani kaupod sa iya mga gintuton-an, kag nagsiling sia sa ila, “Pungko kamo diri samtang makadto ako sa unhan sa pagpangamuyo.”"
"And he went forward a little, and fell on his face, and prayed, saying, My Father, if it be possible, let this cup pass away from me: nevertheless, not as I will, but as thou wilt.","Gin-upod niya si Pedro kag ang duha ka mga anak ni Zebedeo. Natublag gid kag nagpangalisod si Jesus,"
"And he cometh unto the disciples, and findeth them sleeping, and saith unto Peter, What, could ye not watch with me one hour?","kag nagsiling sia sa ila, “Daw malumos ako sa kalisod. Pabilin kamo diri kag magpulaw upod sa akon.”"
"Watch and pray, that ye enter not into temptation: the spirit indeed is willing, but the flesh is weak.","Nagkadto sia sa ulounhan, naghapa kag nagpangamuyo, “Amay ko, kon mahimo, ilikaw sa akon ini nga kupa sang pag-antos! Pero indi ang akon kabubot-on ang matuman, kundi ang imo.”"
"Again a second time he went away, and prayed, saying, My Father, if this cannot pass away, except I drink it, thy will be done.","Dayon nagbalik sia sa tatlo ka mga gintuton-an kag nakita niya sila nga nagakatulog. Nagsiling sia kay Pedro, “Ano kamo man! Indi gid bala kamo makapulaw upod sa akon bisan isa lang ka oras?"
"And he came again and found them sleeping, for their eyes were heavy.","Magpulaw kamo kag magpangamuyo, agod indi kamo mahulog sa pagsulay. Ang espiritu handa ugaling ang lawas maluya.”"
"And he left them again, and went away, and prayed a third time, saying again the same words.","Sa liwat naglakat si Jesus kag nagpangamuyo, “Amay ko, kon ini nga kupa sang pag-antos indi malikaw sa akon kon indi ko pag-imnon, ang imo kabubot-on amo ang matuman.”"
"Then cometh he to the disciples, and saith unto them, Sleep on now, and take your rest: behold, the hour is at hand, and the Son of man is betrayed into the hands of sinners.","Nagbalik liwat si Jesus kag nakita niya nga ang iya mga gintuton-an nga natulogan, kay tama gid ang ila katuyo."
"Arise, let us be going: behold, he is at hand that betrayeth me.","Sa liwat ginbayaan sila ni Jesus, naglakat sia kag nagpangamuyo sang amo man gihapon nga pangamuyo sa ikatlo nga tion."
"And while he yet spake, lo, Judas, one of the twelve, came, and with him a great multitude with swords and staves, from the chief priests and elders of the people.","Dayon nagbalik sia sa iya mga gintuton-an kag nagsiling sa ila, “Nagakatulog pa bala kamo kag nagapahuway? Nag-abot na ang tion nga ang Anak sang Tawo itugyan na sa gahom sang mga makasasala."
"Now he that betrayed him gave them a sign, saying, Whomsoever I shall kiss, that is he: take him.","Bangon kamo, malakat kita. Tan-awa, ang tawo nga magatugyan sa akon yari na!”"
"And straightway he came to Jesus, and said, Hail, Rabbi; and kissed him.",Nagahambal pa si Jesus sang si Judas nga isa sang mga dose ka mga gintuton-an nag-abot. May upod sia nga madamo nga mga tawo nga nagadala sang mga espada kag mga inuglampos. Ini sila ginpadala sang pangulo nga mga pari kag sang mga katigulangan sang mga Judio.
"And Jesus said unto him, Friend, do that for which thou art come. Then they came and laid hands on Jesus, and took him.","Ang traidor naghatag sa mga tawo sini nga senyas, “Ang halukan ko nga tawo amo ina sia. Dakpa ninyo sia!”"
"And behold, one of them that were with Jesus stretched out his hand, and drew his sword, and smote the servant of the high priest, and struck off his ear.","Sa gilayon nagpalapit si Judas sa kay Jesus kag nagsiling, “Maayong gab-i, Manunodlo,” kag ginhalukan niya sia."
"Then saith Jesus unto him, Put up again thy sword into its place: for all they that take the sword shall perish with the sword.","Si Jesus nagsabat, “Sigi abyan, himua na ang bulohaton mo!”"
"Or thinkest thou that I cannot beseech my Father, and he shall even now send me more than twelve legions of angels?",Dayon nagpalapit sila kag gindakop nila si Jesus kag ginsiguro nga indi sia makapalagyo.
"How then should the scriptures be fulfilled, that thus it must be?",Ang isa sang mga kaupod ni Jesus naggabot sang iya espada kag ginlabo niya ang suloguon sang Pinakamataas nga Pari kag nautas ang iya dulonggan.
"In that hour said Jesus to the multitudes, Are ye come out as against a robber with swords and staves to seize me? I sat daily in the temple teaching, and ye took me not.","Dayon si Jesus nagsiling sa iya, “Itagob mo ang imo espada, kay ang tanan nga nagagamit sang espada mapatay sa espada."
"But all this is come to pass, that the scriptures of the prophets might be fulfilled. Then all the disciples left him, and fled.",Wala ka bala makahibalo nga sarang ako makapangayo sing bulig sa akon Amay kag sa gilayon padalhan niya ako sing sobra sa dose ka batalyon nga mga anghel?
"And they that had taken Jesus led him away to the house of Caiaphas the high priest, where the scribes and the elders were gathered together.","Ugaling kon amo ina, ano bala ang pagkatuman sang ginasiling sang mga Kasulatan nga amo gid ini ang dapat matabo?”"
"But Peter followed him afar off, unto the court of the high priest, and entered in, and sat with the officers, to see the end.","Dayon si Jesus nagsiling sa mga tawo, “Nag-abot bala kamo nga may mga espada kag mga inuglampos sa pagdakop sa akon, subong bala nga daw buyong ako? Adlaw-adlaw yara ako sa Templo nga nagapungko kag nagapanudlo, kag wala ninyo ako pagdakpa."
"Now the chief priests and the whole council sought false witness against Jesus, that they might put him to death;",Pero ini tanan nahanabo agod matuman ang mga ginsulat sang mga propeta sa mga Kasulatan.”
"and they found it not, though many false witnesses came. But afterward came two,","Dayon ginbayaan sia sang iya mga gintuton-an, kag nagpalalagyo sila tanan."
"and said, This man said, I am able to destroy the temple of God, and to build it in three days.","Ang mga nagdakop kay Jesus nagdala sa iya sa balay ni Caifas, ang Pinakamataas nga Pari, sa diin nagtipon ang mga manunodlo sang Kasugoan kag ang mga katigulangan sang mga Judio."
"And the high priest stood up, and said unto him, Answerest thou nothing? what is it which these witness against thee?","Si Pedro nagsunod sa malayo, tubtob sa hardin sang balay sang Pinakamataas nga Pari. Nagsulod sia sa hardin kag nagpungko upod sa mga gwardya sa pagtan-aw kon ano ang mahanabo."
"But Jesus held his peace. And the high priest said unto him, I adjure thee by the living God, that thou tell us whether thou art the Christ, the Son of God.","Ang pangulo nga mga pari kag ang bug-os nga katapo sang konseho nagpangita sang indi matuod nga mga saksi batok kay Jesus agod nga mapapatay nila sia,"
"Jesus saith unto him, Thou hast said: nevertheless I say unto you, Henceforth ye shall see the Son of man sitting at the right hand of Power, and coming on the clouds of heaven.","pero wala sila sing may nakita, bisan pa nga madamo ang nagpalapit kag nagsugid sing mga butig batok sa iya. Sang ulihi may nagpalapit nga duha ka tawo"
"Then the high priest rent his garments, saying, He hath spoken blasphemy: what further need have we of witnesses? behold, now ye have heard the blasphemy:","kag nagsiling, “Ini nga tawo nagsiling, ‘Sarang ko maguba ang Templo sang Dios kag sa sulod sang tatlo ka adlaw sarang ko mapatindog ini liwat.’”"
"what think ye? They answered and said, He is worthy of death.","Ang Pinakamataas nga Pari nagtindog kag nagsiling kay Jesus, “Wala ka bala sing may isabat sa panumbongon nila batok sa imo?”"
"Then did they spit in his face and buffet him: and some smote him with the palms of their hands,","Pero si Jesus wala magsabat. Sa liwat ang Pinakamataas nga Pari nagsiling sa iya, “Ginapasumpa ko ikaw sa ngalan sang Dios nga buhi: sugiri kami, ikaw bala ang Cristo, ang Anak sang Dios?”"
"saying, Prophesy unto us, thou Christ: who is he that struck thee?","Si Jesus nagsabat sa iya, “Ginsiling mo. Pero nagasiling ako sa inyo: sugod karon makita ninyo ang Anak sang Tawo nga nagapungko sa tuo sang Makagagahom, kag nagapalapit nga yara sa mga panganod sang langit!”"
"Now Peter was sitting without in the court: and a maid came unto him, saying, Thou also wast with Jesus the Galilæan.","Sa sini, gingisi sang Pinakamataas nga Pari ang iya bayu kag nagsiling, “Nagpasipala sia sa Dios! Wala na kita nagakinahanglan sang dugang pa nga mga saksi! Nabatian na ninyo ang iya pagpasipala!"
"But he denied before them all, saying, I know not what thou sayest.",Ano bala sa inyo?”
"And when he was gone out into the porch, another maid saw him, and saith unto them that were there, This man also was with Jesus of Nazareth.","Nagsabat sila, “Nakasala sia, kag dapat sia patyon.”"
"And again he denied with an oath, I know not the man.","Dayon ginduplaan nila sia sa guya kag ginbunal, kag ang mga nagtampa sa iya"
"And after a little while they that stood by came and said to Peter, Of a truth thou also art one of them; for thy speech maketh thee known.","nagsiling, “Kon ikaw ang Cristo, pakta kon sin-o ang nagtampa sa imo!”"
"Then began he to curse and to swear, I know not the man. And straightway the cock crew.","Si Pedro nagapungko sa gwa sang hardin. Nagpalapit sa iya ang isa ka suloguon nga babayi kag nagsiling, “Ikaw man kaupod ni Jesus nga taga-Galilea.”"
"And Peter remembered the word which Jesus had said, Before the cock crow, thou shalt deny me thrice. And he went out, and wept bitterly.","Pero ginpanghiwala niya ini sa atubang sang tanan kag nagsabat, “Wala ako makahibalo sang imo ginahambal.”"
"Now when morning was come, all the chief priests and the elders of the people took counsel against Jesus to put him to death:","Aga pa gid, ang tanan nga pangulo nga mga pari kag ang mga katigulangan sang mga Judio nagplano sa pagpatay kay Jesus."
"and they bound him, and led him away, and delivered him up to Pilate the governor.",Gingapos nila sia kag gindala nga itugyan kay Pilato nga Gobernador.
"Then Judas, who betrayed him, when he saw that he was condemned, repented himself, and brought back the thirty pieces of silver to the chief priests and elders,","Sang nahibaluan ni Judas nga traidor nga si Jesus ginhukman nga pagapatyon, ginbasol niya ang iya kaugalingon kag gin-uli ang traynta ka bilog nga pilak sa pangulo nga mga pari kag sa mga katigulangan sang mga Judio."
"saying, I have sinned in that I betrayed innocent blood. But they said, What is that to us? see thou to it .","Nagsiling sia, “Nakasala ako paagi sa pagtugyan sini nga tawo nga wala sing sala agod patyon!”"
"And he cast down the pieces of silver into the sanctuary, and departed; and he went away and hanged himself.","Nagsabat sila, “Ano ang labot namon sina? Imo ina salabton!”"
"And the chief priests took the pieces of silver, and said, It is not lawful to put them into the treasury, since it is the price of blood.",Ginpilak ni Judas ang kwarta sa sulod sang Templo kag naglakat kag ginbitay niya ang iya kaugalingon.
"And they took counsel, and bought with them the potter’s field, to bury strangers in.","Ginpamulot sang pangulo nga mga pari ang kwarta kag nagsiling, “Ini nga kwarta bili sang dugo, kag batok sa aton Kasugoan nga ibutang sa talaguan sang manggad sa Templo.”"
"Wherefore that field was called, The field of blood, unto this day.","Naghisugot sila nga ang kwarta ibakal nila sang Talamnan sang Manugkolon, agod himuon nga lulobngan sang mga dumoluong."
"Then was fulfilled that which was spoken through Jeremiah the prophet, saying, And they took the thirty pieces of silver, the price of him that was priced, whom certain of the children of Israel did price;",Gani yadto nga talamnan gintawag nga “Talamnan sang Dugo” tubtob sa sini nga adlaw.
"and they gave them for the potter’s field, as the Lord appointed me.","Karon natuman ang ginsiling ni Jeremias nga propeta, “Ginkuha nila ang traynta ka bilog nga pilak, ang bili nga ginkaisahan sang mga tawo sa Israel nga ibayad sa iya,"
"Now Jesus stood before the governor: and the governor asked him, saying, Art thou the King of the Jews? And Jesus said unto him, Thou sayest.","kag ginbakal nila ini sang talamnan sang manugkolon, suno sa ginsugo sa akon sang Ginoo.”"
"And when he was accused by the chief priests and elders, he answered nothing.","Si Jesus nagtindog sa atubang sang Gobernador nga nagpamangkot sa iya, “Ikaw bala ang hari sang mga Judio?”"
"Then saith Pilate unto him, Hearest thou not how many things they witness against thee?","Nagsabat si Jesus, “Ginasiling mo.”"
"And he gave him no answer, not even to one word: insomuch that the governor marvelled greatly.",Pero wala sia magsabat sa mga panumbongon sang pangulo nga mga pari kag sang mga katigulangan sang mga Judio.
"Now at the feast the governor was wont to release unto the multitude one prisoner, whom they would.","Gani si Pilato nagsiling sa iya, “Wala ka bala makabati sang mga panumbongon nila batok sa imo?”"
"And they had then a notable prisoner, called Barabbas.","Pero si Jesus wala gid magsabat, sa bagay nga natingala gid ang Gobernador."
"When therefore they were gathered together, Pilate said unto them, Whom will ye that I release unto you? Barabbas, or Jesus who is called Christ?",Sa tagsa ka Piesta sang Pascua ang Gobernador may kinabatasan sa paghilway sang isa ka binilanggo nga pagapangayuon sang mga tawo.
For he knew that for envy they had delivered him up.,Sa sadto nga tion may isa ka bantog nga priso nga ginhingalanan kay Barrabas.
"And while he was sitting on the judgment-seat, his wife sent unto him, saying, Have thou nothing to do with that righteous man; for I have suffered many things this day in a dream because of him.","Sang pagtipon sang mga tawo, si Pilato namangkot sa ila, “Sin-o bala sa ila ang luyag ninyo nga buy-an ko sa inyo? Si Barrabas ukon si Jesus nga ginatawag nga Cristo?”"
"Now the chief priests and the elders persuaded the multitudes that they should ask for Barabbas, and destroy Jesus.",Nakahibalo gid sia nga gintugyan nila si Jesus sa iya tungod kay nahisa sila.
"But the governor answered and said unto them, Which of the two will ye that I release unto you? And they said, Barabbas.","Sang nagapungko si Pilato sa hukmanan sa paghukom, ang iya asawa nagpadala sa iya sang mensahe, “Indi ka magpahilabot sinang matarong nga tawo, tungod kay kagab-i natublag gid ako sa akon damgo nahanungod sa iya.”"
"Pilate saith unto them, What then shall I do unto Jesus who is called Christ? They all say, Let him be crucified.","Ang pangulo nga mga pari kag ang mga katigulangan sang mga Judio naghaylo sa mga tawo, agod nga pangayuon nila kay Pilato nga buy-an si Barrabas kag ipapatay si Jesus."
"And he said, Why, what evil hath he done? But they cried out exceedingly, saying, Let him be crucified.","Pero ginpamangkot sila sang Gobernador, “Sin-o bala sa ila nga duha ang luyag ninyo nga buy-an ko sa inyo?”"
"So when Pilate saw that he prevailed nothing, but rather that a tumult was arising, he took water, and washed his hands before the multitude, saying, I am innocent of the blood of this righteous man; see ye to it .","Nagsabat sila, “Si Barrabas!”"
"And all the people answered and said, His blood be on us, and on our children.","Nagpamangkot si Pilato sa ila, “Ano karon ang himuon ko kay Jesus nga ginatawag nga Cristo?”"
Then released he unto them Barabbas; but Jesus he scourged and delivered to be crucified.,"Nagsabat sila tanan, “Ilansang sia sa krus!”"
"Then the soldiers of the governor took Jesus into the Prætorium, and gathered unto him the whole band.","Namangkot si Pilato sa ila, “Ano bala nga sala ang iya nahimo?”"
"And they stripped him, and put on him a scarlet robe.","Dayon nagbaskog pa gid ang ila pagsinggit, “Ilansang sia sa krus!”"
"And they platted a crown of thorns and put it upon his head, and a reed in his right hand; and they kneeled down before him, and mocked him, saying, Hail, King of the Jews!","Sang makita ni Pilato nga wala sia sing may mahimo kag basi nga magkinagamo ang mga tawo, nagkuha sia sang tubig kag nanghinaw sang iya mga kamot sa atubang sang mga tawo, kag nagsiling, “Wala ako sing labot sa kamatayon sini nga tawo! Inyo ina salabton!”"
"And they spat upon him, and took the reed and smote him on the head.","Ang tanan nga mga tawo nagsabat, “Kami kag ang amon mga anak amo ang manabat sang iya kamatayon!”"
"And when they had mocked him, they took off from him the robe, and put on him his garments, and led him away to crucify him.",Dayon ginbuy-an ni Pilato si Barrabas sa ila. Ginpabunal niya si Jesus kag pagkatapos gintugyan sia sa mga soldado nga ilansang sa krus.
"And as they came out, they found a man of Cyrene, Simon by name: him they compelled to go with them , that he might bear his cross.","Dayon gindala si Jesus sang mga soldado ni Pilato sa palasyo sang Gobernador, kag ginlibutan sia sang bug-os nga grupo sang mga soldado."
"And when they were come unto a place called Golgotha, that is to say, The place of a skull,","Gin-ubahan nila sia, kag ginpasuksokan sing kapa nga pula."
"they gave him wine to drink mingled with gall: and when he had tasted it, he would not drink.","Dayon naghimo sila sing korona nga tunokon kag ginsuksok nila ini sa iya ulo kag ginpauyat nila sing tigbaw ang iya tuo nga kamot. Dayon nagluhodluhod sila sa atubang niya, kag ginyaguta nila sia nga nagasiling, “Mabuhay ang Hari sang mga Judio!”"
"And when they had crucified him, they parted his garments among them, casting lots;","Ginduplaan nila sia, ginkuha ang tigbaw sa iya kamot kag ginhanot ini sa iya ulo."
and they sat and watched him there.,"Sa tapos nila mayaguta si Jesus, ginkuhaan nila sia sing kapa, kag ginpasuksokan nila sia sang iya kaugalingon nga bayu. Dayon gindala nila sia sa gwa agod nga ilansang sa krus."
"And they set up over his head his accusation written, THIS IS JESUS THE KING OF THE JEWS.","Sang nagapagwa sila sa siudad nasugata nila ang isa ka tawo nga taga-Cirene, nga ginhingalanan kay Simon. Ginpilit sia sang mga soldado sa pagpas-an sang krus ni Jesus."
"Then are there crucified with him two robbers, one on the right hand and one on the left.","Nag-abot sila sa lugar nga gintawag Golgota, nga kon sayuron, “Ang Lugar sang Bagol.”"
"And they that passed by railed on him, wagging their heads,","Didto ginhatagan nila si Jesus sing bino nga nasimbugan sing apdo, pero sang madimdiman niya ini, indi sia mag-inom."
"and saying, Thou that destroyest the temple, and buildest it in three days, save thyself: if thou art the Son of God, come down from the cross.","Ginlansang nila sia sa krus, kag ginpartida nila ang iya bayu paagi sa pagabutgabot."
"In like manner also the chief priests mocking him , with the scribes and elders, said,",Sa tapos sadto nagpungko sila didto kag nagbantay sa iya.
"He saved others; himself he cannot save. He is the King of Israel; let him now come down from the cross, and we will believe on him.","Sa ibabaw sang iya ulo ginbutang nila ang panumbongon nga nasulat batok sa iya, “Ini amo si Jesus, ang Hari sang mga Judio.”"
"He trusteth on God; let him deliver him now, if he desireth him: for he said, I am the Son of God.","Dayon ginlansang man nila sa krus ang duha ka mga makawat upod kay Jesus, ang isa sa iya tuo kag ang isa sa iya wala."
And the robbers also that were crucified with him cast upon him the same reproach.,"Ang mga tawo nga nagaalagi naglungolungo sang ila mga ulo kag nagyaguta kay Jesus nga nagasiling,"
Now from the sixth hour there was darkness over all the land until the ninth hour.,"“Ikaw nga magguba sang Templo kag magpatindog sini liwat sa sulod sang tatlo ka adlaw. Luwasa ang imo kaugalingon! Kon ikaw ang Anak sang Dios, panaog ka sa krus!”"
"And about the ninth hour Jesus cried with a loud voice, saying, Eli, Eli, lama sabachthani? that is, My God, my God, why hast thou forsaken me?","Sa amo man nga bagay ang pangulo nga mga pari, ang mga manunodlo sang Kasugoan kag ang mga katigulangan sang mga Judio nagyaguta sa iya nga nagasiling,"
"And some of them that stood there, when they heard it, said, This man calleth Elijah.","“Ginluwas niya ang iban pero indi sia makaluwas sang iya kaugalingon! Indi bala sia ang Hari sang Israel? Kon magpanaog sia sa krus karon gid, magatuo kita sa iya!"
"And straightway one of them ran, and took a sponge, and filled it with vinegar, and put it on a reed, and gave him to drink.","Nagasalig sia sa Dios kag nagasiling nga sia ang Anak sang Dios. Ti, tan-awon ta kon luwason sia sang Dios karon gid!”"
"And the rest said, Let be; let us see whether Elijah cometh to save him.",Bisan pa ang mga buyong nga ginlansang upod sa iya nagyaguta man sa iya.
"And Jesus cried again with a loud voice, and yielded up his spirit.",Sang udto nagdulom ang bug-os nga duta sa sulod sang tatlo ka oras.
"And behold, the veil of the temple was rent in two from the top to the bottom; and the earth did quake; and the rocks were rent;","Sang mga alas tres sa hapon si Jesus nagsinggit sa mabaskog nga tingog, “Eli, Eli, lema sabactani?” nga kon sayuron, “Dios ko, Dios ko, ngaa bala ginpatumbayaan mo ako?”"
and the tombs were opened; and many bodies of the saints that had fallen asleep were raised;,"May mga tawo nga nagatindog didto nga nakabati sa iya kag nagsiling, “Ginatawag niya si Elias!”"
and coming forth out of the tombs after his resurrection they entered into the holy city and appeared unto many.,"Sa gilayon nagdalagan ang isa sa ila, nagkuha sang espongha, gintum-oy ini sa maaslom nga bino, kag gintakod sa punta sang tukon kag gintinguhaan nila ang pagpainom sini sa iya."
"Now the centurion, and they that were with him watching Jesus, when they saw the earthquake, and the things that were done, feared exceedingly, saying, Truly this was the Son of God.","Pero ang iban nagsiling, “Hulat anay, tan-awon ta kon maabot si Elias sa pagluwas sa iya!”"
"And many women were there beholding from afar, who had followed Jesus from Galilee, ministering unto him:",Liwat nagsinggit si Jesus sa mabaskog nga tingog kag nabugto ang iya ginhawa.
"among whom was Mary Magdalene, and Mary the mother of James and Joses, and the mother of the sons of Zebedee.","Dayon ang kurtina sa Templo nagisi sa tunga, halin sa ibabaw paidalom. Naglinog kag nagkalabuka ang mga bato,"
"And when even was come, there came a rich man from Arimathæa, named Joseph, who also himself was Jesus’ disciple:","nagbukas ang mga lulobngan, kag nagkalabanhaw ang madamo nga mga tawo sang Dios nga nagkalamatay sang una."
"this man went to Pilate, and asked for the body of Jesus. Then Pilate commanded it to be given up.","Naggwa sila sa mga lulobngan, kag sa tapos mabanhaw si Jesus nagkadto sila sa Balaan nga Siudad, sa diin nakita sila sang madamo nga mga tawo."
"And Joseph took the body, and wrapped it in a clean linen cloth,","Ang opisyal kag ang mga soldado nga nagabantay kay Jesus kinulbaan gid, sang mabatyagan nila ang linog kag makita ang tanan nga mga butang nga nagkahanabo. Nagsiling sila, “Matuod gid nga Anak sia sang Dios!”"
"and laid it in his own new tomb, which he had hewn out in the rock: and he rolled a great stone to the door of the tomb, and departed.",May madamo nga mga babayi didto sa unhan nga nagalantaw. Ini sila nagsunod kay Jesus halin sa Galilea nga nagbulig sa iya.
"And Mary Magdalene was there, and the other Mary, sitting over against the sepulchre.","Ang iban sa ila amo sanday Maria Magdalena, Maria nga iloy ni Santiago kag ni Jose, kag ang iloy sang mga anak ni Zebedeo."
"Now on the morrow, which is the day after the Preparation, the chief priests and the Pharisees were gathered together unto Pilate,","Sang sirom na, nag-abot ang isa ka tawo nga manggaranon gikan sa Arimatea. Ang iya ngalan si Jose kag gintuton-an man sia ni Jesus."
"saying, Sir, we remember that that deceiver said while he was yet alive, After three days I rise again.",Nagkadto sia kay Pilato kag ginpangayo niya ang bangkay ni Jesus. Gani si Pilato nagmando nga ihatag ini sa iya.
"Command therefore that the sepulchre be made sure until the third day, lest haply his disciples come and steal him away, and say unto the people, He is risen from the dead: and the last error will be worse than the first.","Gani ginkuha ni Jose ang bangkay, kag ginsamburan sing bag-o nga tela nga lino."
"Pilate said unto them, Ye have a guard: go, make it as sure as ye can.","Ginbutang niya ang bangkay sa iya kaugalingon nga lulobngan, nga bag-o lang ginguhab sa bato. Dayon ginpaligid niya ang isa ka daku nga bato sa pwertahan sang lulobngan kag naglakat."
"So they went, and made the sepulchre sure, sealing the stone, the guard being with them.","Si Maria Magdalena, kag ang isa pa ka Maria ato didto nagapungko nga nagaatubang sa lulobngan."
"Now late on the sabbath day, as it began to dawn toward the first day of the week, came Mary Magdalene and the other Mary to see the sepulchre.","Aga pa gid sang nahauna nga adlaw sang simana, sa tapos ang Adlaw nga Inugpahuway, nagkadto si Maria Magdalena kag ang isa pa ka Maria sa pagtan-aw sang lulobngan."
"And behold, there was a great earthquake; for an angel of the Lord descended from heaven, and came and rolled away the stone, and sat upon it.","Sa hinali naglinog sing mabaskog, kag ang isa ka anghel sang Ginoo nagkunsad halin sa langit. Iya ginpaligid ang bato nga nagatakop sa lulobngan kag iya ini ginpungkoan."
"His appearance was as lightning, and his raiment white as snow:","Ang iya dagway nagakirab subong sang kilat, kag ang iya bayu maputi gid kaayo."
"and for fear of him the watchers did quake, and became as dead men.",Ang mga gwardya nagkulurog sa kakulba kag nagkalatumba nga nanginsubong sila sang patay nga mga tawo.
"And the angel answered and said unto the women, Fear not ye; for I know that ye seek Jesus, who hath been crucified.","Ang anghel nagsiling sa mga babayi, “Indi kamo magkahadlok. Nakahibalo ako nga ginapangita ninyo si Jesus nga ginlansang sa krus."
"He is not here; for he is risen, even as he said. Come, see the place where the Lord lay.","Wala sia diri. Nabanhaw sia, suno sa iya ginsiling. Dali kamo diri kag tan-awa ang lugar nga ginpahamyangan sa iya."
"And go quickly, and tell his disciples, He is risen from the dead; and lo, he goeth before you into Galilee; there shall ye see him: lo, I have told you.","Lakat kamo sing dalidali, kag sugiri ninyo ang iya mga gintuton-an: ‘Nabanhaw sia, kag karon magauna sia sa inyo sa Galilea. Didto makita ninyo sia!’ Indi pagkalimti ang ginsiling ko sa inyo.”"
"And they departed quickly from the tomb with fear and great joy, and ran to bring his disciples word.","Gani naghalin sila sa lulobngan nga nagadalidali nga may kahadlok, pero puno sing kalipay, kag nagdalagan sila sa pagsugid sa iya mga gintuton-an."
"And behold, Jesus met them, saying, All hail. And they came and took hold of his feet, and worshipped him.","Sa hinali ginsugata sila ni Jesus nga nagasiling, “Ang paghidait manginyara sa inyo.” Nagpalapit sila kay Jesus, ginhakos nila ang iya mga tiil kag nagsimba sila sa iya."
"Then saith Jesus unto them, Fear not: go tell my brethren that they depart into Galilee, and there shall they see me.","Si Jesus nagsiling sa ila, “Indi kamo magkahadlok. Lakat kamo kag sugiri ninyo ang akon mga sumolunod nga magkadto sila sa Galilea, kag didto makita nila ako.”"
"Now while they were going, behold, some of the guard came into the city, and told unto the chief priests all the things that were come to pass.","Sang nakahalin ang mga babayi, ang iban sang mga gwardya nga nagabantay sang lulobngan nagkadto sa siudad kag nagpanugid sa pangulo nga mga pari sang tanan nga nahanabo."
"And when they were assembled with the elders, and had taken counsel, they gave much money unto the soldiers,","Nagsinapol ang pangulo nga mga pari kag ang mga katigulangan sang mga Judio, kag naghisugot sila sa paghatag sing madamo nga kwarta sa mga soldado,"
"saying, Say ye, His disciples came by night, and stole him away while we slept.","kag ginsingganan sila, “Isugid ninyo sa mga tawo nga ang iya mga gintuton-an nag-abot sang kagab-ihon kag ginkawat nila ang iya bangkay samtang nagakatulog kamo."
"And if this come to the governor’s ears, we will persuade him, and rid you of care.","Kag kon mabatian ini sang Gobernador, papatihon namon sia nga wala kamo sang kasaypanan. Indi kamo magpalibog.”"
"So they took the money, and did as they were taught: and this saying was spread abroad among the Jews, and continueth until this day.",Ginkuha sang mga gwardya ang kwarta kag ginhimo nila ang ginsiling sa ila. Gani amo ini ang ginapalapnag nga sugid sa mga Judio tubtob sa sini nga adlaw.
"But the eleven disciples went into Galilee, unto the mountain where Jesus had appointed them.","Ang onse ka mga gintuton-an nagkadto sa isa ka bukid sa Galilea, sa diin si Jesus nagsiling nga magkadto sila."
"And when they saw him, they worshipped him ; but some doubted.","Sang makita nila sia, nagsimba sila sa iya, bisan pa ang iban sa ila nagpangduhaduha."
"And Jesus came to them and spake unto them, saying, All authority hath been given unto me in heaven and on earth.","Nagpalapit si Jesus sa ila kag nagsiling, “Ang bug-os nga awtoridad sa langit kag sa duta ginhatag sa akon."
"Go ye therefore, and make disciples of all the nations, baptizing them into the name of the Father and of the Son and of the Holy Spirit:","Gani, kadtoi ninyo ang tanan nga mga tawo sa bug-os nga kalibutan kag himua sila nga mga gintuton-an ko. Bautisohi ninyo sila sa ngalan sang Amay kag sang Anak kag sang Espiritu Santo,"
"teaching them to observe all things whatsoever I commanded you: and lo, I am with you always, even unto the end of the world.",kag tudloi ninyo sila sa pagtuman sang tanan nga ginsugo ko sa inyo. Kag magaupod ako sa inyo sa gihapon tubtob sa katapusan sang panag-on.”
"The beginning of the gospel of Jesus Christ, the Son of God.","Ini ang Maayong Balita nahanungod kay Jesu-Cristo, ang Anak sang Dios."
"Even as it is written in Isaiah the prophet,",Nagsugod ini subong sang ginsiling sang Dios sa libro nga ginsulat ni Isaias nga propeta:
"Behold, I send my messenger before thy face,","“Yari ang akon manugbalita, ipadala ko sia sing una sa imo"
Who shall prepare thy way;,sa pag-aman sang imo alagyan.
"The voice of one crying in the wilderness,",May nagawali sing mabaskog sa desierto:
"Make ye ready the way of the Lord,","‘Amana ninyo ang alagyan para sa Ginoo,"
Make his paths straight;,maghimo sing tadlong nga dalan nga iya pagaagyan.’”
"John came, who baptized in the wilderness and preached the baptism of repentance unto remission of sins.","Gani, si Juan nga manugbautiso nagpakita sa desierto, nga nagabautiso kag nagawali sini nga mensahe nga nagasiling sa mga tawo: “Untati ninyo ang pagpakasala kag magpabautiso kag ang Dios magapatawad sang inyo mga sala.”"
"And there went out unto him all the country of Judæa, and all they of Jerusalem; and they were baptized of him in the river Jordan, confessing their sins.",Madamo sang mga taga-Judea kag mga taga-Jerusalem ang nagkadto sa pagpamati sa iya. Gintuad nila ang ila mga sala kag ginbautisohan niya sila sa Suba sang Jordan.
"And John was clothed with camel’s hair, and had a leathern girdle about his loins, and did eat locusts and wild honey.","Ang bayu ni Juan nahimo sa bulbol sang kamelyo, ang iya paha panit, kag ang iya pagkaon apan kag dugos halin sa talon."
"And he preached, saying, There cometh after me he that is mightier than I, the latchet of whose shoes I am not worthy to stoop down and unloose.","Ang iya ginpahibalo sa mga tawo amo ini: “Ang magaabot nga ulihi lang sa akon mas gamhanan pa sang sa akon, sa bagay nga indi gani ako takos magduko sa paghubad sang higot sang iya sandalyas."
I baptized you in water; but he shall baptize you in the Holy Spirit.,"Ako nagabautiso sa inyo sang tubig, pero sia magabautiso sa inyo sang Espiritu Santo.”"
"And it came to pass in those days, that Jesus came from Nazareth of Galilee, and was baptized of John in the Jordan.","Sa wala lamang madugay, nag-abot si Jesus gikan sa Nazaret nga sakop sang Galilea, kag ginbautisohan sia ni Juan sa Jordan."
"And straightway coming up out of the water, he saw the heavens rent asunder, and the Spirit as a dove descending upon him:",Sang pagtakas gid ni Jesus sa tubig nakita niya nga nag-abri ang langit kag nagkunsad ang Espiritu Santo sa iya kaangay sang isa ka pating.
"and a voice came out of the heavens, Thou art my beloved Son, in thee I am well pleased.",Kag may tingog nga nabatian gikan sa langit: “Ikaw ang akon hinigugma nga Anak. Nalipay gid ako sa imo.”
And straightway the Spirit driveth him forth into the wilderness.,Sa gilayon ginpakadto sia sang Espiritu Santo sa desierto sa diin
And he was in the wilderness forty days tempted of Satan; and he was with the wild beasts; and the angels ministered unto him.,"nagtener sia didto sing kwarenta ka adlaw kag ginsulay sia ni Satanas. May mga sapat man nga talunon didto, pero nag-abot ang mga anghel kag nagbulig sa iya."
"Now after John was delivered up, Jesus came into Galilee, preaching the gospel of God,","Sang nabilanggo na si Juan, si Jesus nagkadto sa Galilea kag nagwali sang Maayong Balita gikan sa Dios."
"and saying, The time is fulfilled, and the kingdom of God is at hand: repent ye, and believe in the gospel.","Nagsiling sia, “Nag-abot na ang nagakaigo nga tion, kag ang paghari sang Dios malapit na! Untati ninyo ang pagpakasala, kag magpati sa Maayong Balita!”"
"And passing along by the sea of Galilee, he saw Simon and Andrew the brother of Simon casting a net in the sea; for they were fishers.","Sang nagalakat si Jesus sa higad sang Linaw sang Galilea, nakita niya ang duha ka mga mangingisda, si Simon kag ang iya utod nga si Andres, nga nagapamukot sa linaw."
"And Jesus said unto them, Come ye after me, and I will make you to become fishers of men.","Si Jesus nagsiling sa ila, “Upod kamo sa akon kay tudloan ko kamo sa pagpangisda sang mga tawo.”"
"And straightway they left the nets, and followed him.",Sa gilayon ginbayaan nila ang ila mga pukot kag nag-upod sa iya.
"And going on a little further, he saw James the son of Zebedee, and John his brother, who also were in the boat mending the nets.","Nagpadayon si Jesus sa paglakat kag sa ulounhan nakita niya ang duha pa gid ka mag-utod nga amo sanday Santiago kag Juan, nga mga anak ni Zebedeo. Didto sila sa ila sakayan nga nagaaman sang ila mga pukot."
"And straightway he called them: and they left their father Zebedee in the boat with the hired servants, and went after him.",Sang pagkakita ni Jesus sa ila sa gilayon gintawag niya sila. Ginbayaan nila ang ila amay nga si Zebedeo sa sakayan upod sang mga sinuholan nga mga tawo kag nag-upod sila kay Jesus.
And they go into Capernaum; and straightway on the sabbath day he entered into the synagogue and taught.,"Nag-abot sila sa banwa sang Capernaum, kag sa masunod nga Adlaw nga Inugpahuway nagsulod si Jesus sa sinagoga kag nagpanudlo."
"And they were astonished at his teaching: for he taught them as having authority, and not as the scribes.",Ang mga tawo nga nakabati sa iya natingala sang iya pagpanudlo kay nagpanudlo sia nga may awtoridad kag indi sia pareho sang mga manunodlo sang Kasugoan.
"And straightway there was in their synagogue a man with an unclean spirit; and he cried out,","Sa amo gid nga tion nagsulod sa sinagoga ang isa ka tawo nga may malaut nga espiritu kag nagsinggit,"
"saying, What have we to do with thee, Jesus thou Nazarene? art thou come to destroy us? I know thee who thou art, the Holy One of God.","“Ano ang labot mo sa amon, Jesus nga taga-Nazaret? Nag-abot ka bala sa paglaglag sa amon? Nahibal-an ko kon sin-o ka. Ikaw ang Balaan nga ginpadala sang Dios!”"
"And Jesus rebuked him, saying, Hold thy peace, and come out of him.",Ginmanduan ni Jesus ang espiritu: “Maghipos ka kag maggwa sa tawo.”
"And the unclean spirit, tearing him and crying with a loud voice, came out of him.","Ginpakurog sang malaut nga espiritu ang tawo, ginpasinggit sing tudo kag naggwa sa tawo."
"And they were all amazed, insomuch that they questioned among themselves, saying, What is this? a new teaching! with authority he commandeth even the unclean spirits, and they obey him.","Ang tanan nga mga tawo natingala gid, sa bagay nga nagpinamangkutanay sila, “Ano ini? Bag-o bala ini nga pagtulon-an? Ini nga tawo may awtoridad bisan pa sa pagsugo sang malaut nga mga espiritu, kag nagatuman sila sa iya.”"
And the report of him went out straightway everywhere into all the region of Galilee round about.,"Gani, ang balita nahanungod kay Jesus naglapnag sing madasig sa bug-os nga probinsya sang Galilea."
"And straightway, when they were come out of the synagogue, they came into the house of Simon and Andrew, with James and John.",Naggwa si Jesus kag ang iya mga gintuton-an sa sinagoga nga upod si Santiago kag si Juan kag nagkadto dayon sa balay ni Simon kag ni Andres.
Now Simon’s wife’s mother lay sick of a fever; and straightway they tell him of her:,"Ang ugangan nga babayi ni Simon nagahigda nga may hilanat, kag sang pag-abot gid ni Jesus ginsugiran sia nahanungod sa iya."
"and he came and took her by the hand, and raised her up; and the fever left her, and she ministered unto them.","Ginpalapitan sia ni Jesus, gin-uyatan sa kamot kag ginpabangon. Nag-ayo sia kag nag-amuma sa ila."
"And at even, when the sun did set, they brought unto him all that were sick, and them that were possessed with demons.","Sang sirom na, sa tapos nagtunod ang adlaw, ang mga tawo nagdala kay Jesus sang tanan nga mga masakiton kag sang mga ginagamhan sang mga demonyo."
And all the city was gathered together at the door.,Ang tanan nga mga pumoluyo sang banwa nagtilipon sa atubangan sang balay.
"And he healed many that were sick with divers diseases, and cast out many demons; and he suffered not the demons to speak, because they knew him.","Si Jesus nagpang-ayo sing madamo nga mga tawo nga may mga nagakalainlain nga mga balatian kag nagtabog man sia sang madamo nga mga demonyo. Wala niya pagtugoti nga maghambal ang mga demonyo, tungod kay nahibal-an nila kon sin-o sia."
"And in the morning, a great while before day, he rose up and went out, and departed into a desert place, and there prayed.","Madulomdulom pa sang masunod nga aga, si Jesus nagbangon kag naggwa pakadto sa naligwin nga lugar sa diin sia nagpangamuyo."
And Simon and they that were with him followed after him;,Pero si Simon kag ang iya mga kaupdanan nagpinangita sa iya.
"and they found him, and say unto him, All are seeking thee.","Sang makita nila sia nagsiling sila, “Ginapangita ka sang tanan.”"
"And he saith unto them, Let us go elsewhere into the next towns, that I may preach there also; for to this end came I forth.",Pero nagsabat si Jesus: “Kinahanglan kita magkadto sa kaingod nga mga banwa. Kinahanglan magwali man ako didto tungod kay amo ini ang kabangdanan sang akon pag-abot.”
"And he went into their synagogues throughout all Galilee, preaching and casting out demons.",Gani ginlibot ni Jesus ang bug-os nga Galilea kag nagwali sa ila mga sinagoga kag nagtabog sang mga demonyo.
"And there cometh to him a leper, beseeching him, and kneeling down to him, and saying unto him, If thou wilt, thou canst make me clean.","May isa ka aruon nga nagpalapit kay Jesus, nagluhod sa iya atubang kag nagpangayo sing bulig. Nagsiling sia: “Kon gusto mo, sarang mo ako maayo.”"
"And being moved with compassion, he stretched forth his hand, and touched him, and saith unto him, I will; be thou made clean.","Si Jesus nagbatyag sing daku nga kaluoy, nag-untay sang iya kamot, kag gintandog sia. Nagsabat sia sa iya, “Gusto ko gid. Mag-ayo ka!”"
"And straightway the leprosy departed from him, and he was made clean.",Sa gilayon nadula ang iya aro kag nag-ayo sia.
"And he strictly charged him, and straightway sent him out,","Dayon ginpaandaman gid sia ni Jesus kag ginpalakat gilayon,"
"and saith unto him, See thou say nothing to any man: but go show thyself to the priest, and offer for thy cleansing the things which Moses commanded, for a testimony unto them.","sa tapos sia mahambalan sini: ‘Tandai, indi mo ini pag-isugid bisan kay sin-o kundi magkadto ka sa pari kag magpatan-aw sang imo kaugalingon sa iya. Magdulot ka dayon sing halad suno sa sugo ni Moises, sa pagpamatuod sa tanan nga ikaw nag-ayo na.”"
"And when he entered again into Capernaum after some days, it was noised that he was in the house.","Sang makaligad ang pila ka adlaw, nagbalik si Jesus sa Capernaum, kag naglapnag ang balita nga yara sia sa iya balay."
"And many were gathered together, so that there was no longer room for them , no, not even about the door: and he spake the word unto them.",Nagkadto didto ang madamo nga mga tawo sa bagay nga wala na sing lugar bisan pa sa atubangan sang pwertahan. Si Jesus nagawali gid sa ila sang pulong sang Dios
"And they come, bringing unto him a man sick of the palsy, borne of four.",sang mag-abot ang pila ka mga tawo nga ang apat sa ila nagayayong sang isa ka paralitiko.
"And when they could not come nigh unto him for the crowd, they uncovered the roof where he was: and when they had broken it up, they let down the bed whereon the sick of the palsy lay.","Pero indi sila makapalapit kay Jesus tungod kay nagaginutok ang mga tawo. Gani nagguhab sila sing lulotsan sa atop sang balay, didto gid nayon sa nahamtangan ni Jesus. Sang naguhaban na gintunton nila ang paralitiko nga yara sa iya higdaan."
"And Jesus seeing their faith saith unto the sick of the palsy, Son, thy sins are forgiven.","Kag sang nakita ni Jesus kon daw ano kadako ang ila pagtuo, nagsiling sia sa paralitiko, “Anak ko, napatawad na ang imo mga sala.”"
"But there were certain of the scribes sitting there, and reasoning in their hearts,","Karon may pila ka mga manunodlo sang Kasugoan nga nagapungko didto kag nagmuno sa ila kaugalingon,"
"Why doth this man thus speak? he blasphemeth: who can forgive sins but one, even God?","“Ngaa makahambal sia sing subong sina? Pagpasipala ina sa Dios! Wala sing tawo nga makapatawad sang mga sala, kundi ang Dios lamang.”"
"And straightway Jesus, perceiving in his spirit that they so reasoned within themselves, saith unto them, Why reason ye these things in your hearts?","Sa gilayon nahibaluan ni Jesus ang ila mga hunahuna, gani nagsiling sia sa ila, “Ngaa nga nagapainuino kamo sing subong sina sa inyo kaugalingon?"
"Which is easier, to say to the sick of the palsy, Thy sins are forgiven; or to say, Arise, and take up thy bed, and walk?","Diin bala ang mas mahapos, ang pagsiling sa paralitiko, ‘Napatawad na ang imo mga sala,’ ukon ang pagsiling ‘Bangon ka, dalha ang imo higdaan kag maglakat’?"
"But that ye may know that the Son of man hath authority on earth to forgive sins (he saith to the sick of the palsy),","Karon pamatud-an ko sa inyo, nga ang Anak sang Tawo may awtoridad sa duta sa pagpatawad sang mga sala.” Gani nagsiling sia sa paralitiko,"
"I say unto thee, Arise, take up thy bed, and go unto thy house.","“Nagasiling ako sa imo, bangon ka, dalha ang imo higdaan kag magpauli!”"
"And he arose, and straightway took up the bed, and went forth before them all; insomuch that they were all amazed, and glorified God, saying, We never saw it on this fashion.","Samtang nagatan-aw sila, ang paralitiko nagbangon, nagdala gilayon sang iya higdaan kag naglakat. Naurongan gid sila tanan kag nagdayaw sila sa Dios, nga nagasiling, “Wala pa gid kita makakita sing subong sini!”"
"And he went forth again by the sea side; and all the multitude resorted unto him, and he taught them.",Si Jesus nagbalik liwat sa higad sang Linaw sang Galilea. Nagpalapit sa iya ang madamo nga mga tawo kag nagsugod sia sa pagpanudlo sa ila.
"And as he passed by, he saw Levi the son of Alphæus sitting at the place of toll, and he saith unto him, Follow me. And he arose and followed him.","Sang pagkatapos, nagpadayon sia sa paglakat. Nakita niya ang isa ka manugsukot sang buhis, si Levi nga anak ni Alfeo, nga nagapungko sa iya opisina. Si Jesus nagsiling sa iya, “Sunod ka sa akon.” Nagtindog si Levi kag nagsunod sa iya."
"And it came to pass, that he was sitting at meat in his house, and many publicans and sinners sat down with Jesus and his disciples: for there were many, and they followed him.","Sang ulihi nagkaon si Jesus sa balay ni Levi. May madamo nga mga manugsukot sang buhis kag iban nga mga makasasala nga nagsunod kay Jesus, kag madamo sa ila ang nagkaon upod sa iya kag sa iya mga gintuton-an."
"And the scribes of the Pharisees, when they saw that he was eating with the sinners and publicans, said unto his disciples, How is it that he eateth and drinketh with publicans and sinners?","May pila ka manunodlo sang Kasugoan nga mga Fariseo nga nakakita kay Jesus nga nagkaon upod sa iban nga mga makasasala kag sa mga manugsukot sang buhis. Gani ginpamangkot nila ang iya mga gintuton-an, “Ngaa bala nagakaon sia upod sa mga manugsukot sang buhis kag sa iban nga mga makasasala?”"
"And when Jesus heard it, he saith unto them, They that are whole have no need of a physician, but they that are sick: I came not to call the righteous, but sinners.","Nabatian sila ni Jesus kag nagsabat sia, “Ang mga tawo nga wala sing balatian wala nagakinahanglan sang manugbulong, kundi ang mga masakiton lang. Wala ako mag-abot sa pagtawag sang mga matarong kundi sang mga makasasala.”"
"And John’s disciples and the Pharisees were fasting: and they come and say unto him, Why do John’s disciples and the disciples of the Pharisees fast, but thy disciples fast not?","Isa sadto ka tion ang mga sumolunod ni Juan nga manugbautiso kag ang mga Fariseo nagapuasa. May mga tawo nga nagpalapit kay Jesus kag nagpamangkot sa iya, “Ngaa bala nga nagapuasa ang mga gintuton-an ni Juan nga manugbautiso kag ang mga gintuton-an sang mga Fariseo, pero ang imo mga gintuton-an wala nagapuasa?”"
"And Jesus said unto them, Can the sons of the bridechamber fast, while the bridegroom is with them? as long as they have the bridegroom with them, they cannot fast.","Si Jesus nagsabat, “Nagapaabot bala kamo nga ang mga inagda sa kasal magapuasa samtang yara pa ang nobyo kaupod nila? Samtang yara pa ang nobyo kaupod nila, indi sila makahimo sina!"
"But the days will come, when the bridegroom shall be taken away from them, and then will they fast in that day.","Pero magaabot ang adlaw nga ang nobyo pagakuhaon sa ila, kag dayon magapuasa sila sa sadto nga adlaw."
"No man seweth a piece of undressed cloth on an old garment: else that which should fill it up taketh from it, the new from the old, and a worse rent is made.","“Wala sing bisan sin-o nga nagagamit sing bag-o nga panapton sa pagtukap sa daan nga bayu. Kon himuon niya ini, ang bag-o nga tukap magakulo kag magagisi sang daan nga bayu kag mangindaku pa gid ang tulukapan."
"And no man putteth new wine into old wine-skins; else the wine will burst the skins, and the wine perisheth, and the skins: but they put new wine into fresh wine-skins.","Wala man sing bisan sin-o nga nagasulod sing bag-o nga bino sa daan nga sulodlan nga panit. Kon himuon niya ini, ang bino magabusdik sang daan nga panit, kag ang bino mauyang kag ang panit nga sulodlan indi na mapuslan. Pero ang bag-o nga bino ginasulod sa bag-o nga sulodlan!”"
"And it came to pass, that he was going on the sabbath day through the grainfields; and his disciples began, as they went, to pluck the ears.","Sang isa ka Adlaw nga Inugpahuway, si Jesus nag-agi sa tunga sang kaumhan sang trigo. Sang nagalakat ang iya mga gintuton-an upod sa iya, nagsugod sila sa pagpangutol sang mga uhay."
"And the Pharisees said unto him, Behold, why do they on the sabbath day that which is not lawful?","Gani ang mga Fariseo nagsiling kay Jesus, “Tan-awa bala, batok sa aton Kasugoan ang ginahimo sang imo mga gintuton-an sa Adlaw nga Inugpahuway!”"
"And he said unto them, Did ye never read what David did, when he had need, and was hungry, he, and they that were with him?","Si Jesus nagsabat sa ila, “Wala gid bala ninyo mabasahi ang ginhimo ni David sang nagkinahanglan sia sing pagkaon? Sia kag ang iya mga tinawo gingutom,"
"How he entered into the house of God when Abiathar was high priest, and ate the showbread, which it is not lawful to eat save for the priests, and gave also to them that were with him?","gani nagsulod sia sa balay sang Dios kag nagkaon sang tinapay nga nahalad sa Dios. Natabo ini sang si Abiatar ang Pinakamataas nga Pari. Suno sa aton Kasugoan ang mga pari lang amo ang makakaon sini nga tinapay, pero si David nagkaon sini, kag ginhatagan pa niya ang iya mga tinawo.”"
"And he said unto them, The sabbath was made for man, and not man for the sabbath:","Kag si Jesus nagsiling pa gid, “Ang Adlaw nga Inugpahuway ginhimo para sa kaayuhan sang tawo kag ang tawo wala paghimua para sa Adlaw nga Inugpahuway."
so that the Son of man is lord even of the sabbath.,"Gani, ang Anak sang Tawo amo ang Ginoo bisan pa sang Adlaw nga Inugpahuway.”"
And he entered again into the synagogue; and there was a man there who had his hand withered.,Dayon nagbalik si Jesus sa sinagoga sa diin may tawo nga may naitus nga kamot.
"And they watched him, whether he would heal him on the sabbath day; that they might accuse him.","May mga tawo didto nga nagabantay kay Jesus kon ayuhon niya ang tawo sa Adlaw nga Inugpahuway, agod may isumbong sila batok sa iya."
"And he saith unto the man that had his hand withered, Stand forth.","Si Jesus nagsiling sa tawo nga naitus ang kamot, “Magpalapit ka diri sa atubangan.”"
"And he saith unto them, Is it lawful on the sabbath day to do good, or to do harm? to save a life, or to kill? But they held their peace.",Dayon nagpamangkot sia sa mga tawo: “Ano ang ginatugot sang aton Kasugoan nga himuon ta sa Adlaw nga Inugpahuway? Ang magbulig bala ukon ang maghalit? Ang magluwas bala sang kabuhi sang isa ka tawo ukon ang magpatay?”
"And when he had looked round about on them with anger, being grieved at the hardening of their heart, he saith unto the man, Stretch forth thy hand. And he stretched it forth; and his hand was restored.",Pero naghipos sila.
"And the Pharisees went out, and straightway with the Herodians took counsel against him, how they might destroy him.","Gintulok ni Jesus nga may kaakig ang mga tawo nga nagalibot sa iya, pero nagkasubo sia tungod sang katig-a sang ila tagipusoon. Dayon nagsiling sia sa tawo nga naitus ang kamot, “Untaya ang imo kamot.” Gin-untay niya kag nag-ayo ini."
"And Jesus with his disciples withdrew to the sea: and a great multitude from Galilee followed; and from Judæa,",Gani ang mga Fariseo naggwa sa sinagoga kag sa gilayon nagplano kaupod sa mga sumolunod ni Herodes kon paano mapatay nila si Jesus.
"and from Jerusalem, and from Idumæa, and beyond the Jordan, and about Tyre and Sidon, a great multitude, hearing what great things he did, came unto him.","Si Jesus kag ang iya mga gintuton-an nagkadto sa Linaw sang Galilea, kag ginsunod sia sang madamo nga mga tawo. Ini sila halin sa Galilea, sa Judea,"
"And he spake to his disciples, that a little boat should wait on him because of the crowd, lest they should throng him:","sa Jerusalem, sa kadutaan sang Idumea, sa kadutaan sa tabok sang Jordan kag sa palibot sang mga siudad sang Tiro kag Sidon. Ini nga mga tawo nagkadto kay Jesus, kay nakabati sila sang mga butang nga iya ginapanghimo."
for he had healed many; insomuch that as many as had plagues pressed upon him that they might touch him.,"Tungod sang tama kadamo nga mga tawo, si Jesus nagsugo sa iya mga gintuton-an sa pag-aman sang sakayan para sa iya, agod indi sia maipit sang mga tawo."
"And the unclean spirits, whensoever they beheld him, fell down before him, and cried, saying, Thou art the Son of God.","Madamo nga mga tawo ang iya gin-ayo, kag tungod sini ang tanan nga may balatian nagpanagil-ot sa pagpalapit kay Jesus, agod makatandog sa iya."
And he charged them much that they should not make him known.,"Kag kon makita sia sang mga tawo nga may malaut nga mga espiritu, nagahapa sila sa atubang niya kag nagasinggit, “Ikaw ang Anak sang Dios!”"
"And he goeth up into the mountain, and calleth unto him whom he himself would; and they went unto him.",Ginpaandaman gid ni Jesus ang malaut nga mga espiritu nga indi magpanugid kon sin-o sia.
"And he appointed twelve, that they might be with him, and that he might send them forth to preach,","Dayon si Jesus nagtaklad sa isa ka bakulod kag gintawag niya ang mga tawo nga iya luyag updon. Nagpalapit sila sa iya,"
and to have authority to cast out demons:,"kag nagpili sia sang dose nga gintawag niya nga mga apostoles. Si Jesus nagsiling sa ila, “Ginpili ko kamo nga mag-upod sa akon. Ipadala ko man kamo sa pagwali,"
and Simon he surnamed Peter;,kag magaangkon kamo sang gahom sa pagtabog sang mga demonyo.”
"and James the son of Zebedee, and John the brother of James; and them he surnamed Boanerges, which is, Sons of thunder:","Ang dose nga ginpili ni Jesus amo ang masunod: si Simon nga ginhingalanan niya kay Pedro,"
"and Andrew, and Philip, and Bartholomew, and Matthew, and Thomas, and James the son of Alphæus, and Thaddæus, and Simon the Cananæan,","si Santiago kag si Juan nga mga anak ni Zebedeo nga ginhingalanan niya nga Boanerges, nga kon sayuron “Mga Anak sang Daguob”,"
"and Judas Iscariot, who also betrayed him.","si Andres, si Felipe, si Bartolome, si Mateo, si Tomas, si Santiago nga anak ni Alfeo, si Tadeo, si Simon nga Makipungsodnon"
And he cometh into a house.,kag si Judas Iscariote nga sang ulihi nagluib sa iya.
"And the multitude cometh together again, so that they could not so much as eat bread.",Dayon si Jesus nagpauli. Sa liwat nagtilipon sa palibot niya ang madamo nga mga tawo sa bagay nga sia kag ang iya mga gintuton-an wala na sing tion sa pagkaon.
"And when his friends heard it, they went out to lay hold on him: for they said, He is beside himself.","Sang mabatian ini sang iya pamilya, naglakat sila sa pagkuha sa iya, tungod kay ang mga tawo nagsiling, “Nagbuang sia!”"
"And the scribes that came down from Jerusalem said, He hath Beelzebub, and, By the prince of the demons casteth he out the demons.","May mga manunodlo sang Kasugoan nga nag-abot gikan sa Jerusalem nga nagsiling, “Yara sa iya si Beelzebul! Ang pangulo sang mga demonyo amo ang naghatag sa iya sing gahom sa pagtabog sa ila.”"
"And he called them unto him, and said unto them in parables, How can Satan cast out Satan?","Gani gintawag ni Jesus ang mga tawo sa pagpalapit sa iya kag naghambal sia sa ila sing pila ka mga palaanggiran, “Ano bala ang pagtabog ni Satanas kay Satanas?"
"And if a kingdom be divided against itself, that kingdom cannot stand.","Kon ang isa ka pungsod magbinahinbahin sa iya kaugalingon kag mag-ilinaway ang isa batok sa isa, ina nga pungsod magabuloblag."
"And if a house be divided against itself, that house will not be able to stand.","Kon ang isa ka panimalay magbinahinbahin sa iya kaugalingon kag mag-ilinaway ang isa batok sa isa, ina nga panimalay magabuloblag."
"And if Satan hath risen up against himself, and is divided, he cannot stand, but hath an end.","Gani, kon ang ginharian ni Satanas mag-ilinaway batok sa iya kaugalingon kag magbinahinbahin, ina nga ginharian indi magdugay, kundi magabuloblag, kag amo ini ang iya katapusan."
"But no one can enter into the house of the strong man , and spoil his goods, except he first bind the strong man ; and then he will spoil his house.","“Wala sing bisan sin-o nga makasulod sa balay sang isa ka tawo nga makusog sa pagkuha sang iya mga pagkabutang, luas kon iya anay gapuson ang tawo nga makusog. Kon mahimo na niya ini sarang na sia makapanguha sa amo nga balay."
"Verily I say unto you, All their sins shall be forgiven unto the sons of men, and their blasphemies wherewith soever they shall blaspheme:","“Dumdoma ninyo ini! Ang mga tawo sarang mapatawad sang tanan nila nga mga sala kag sang tanan nga mga malaut nga ila ginahambal,"
"but whosoever shall blaspheme against the Holy Spirit hath never forgiveness, but is guilty of an eternal sin:","pero ang bisan sin-o nga nagahambal sing malain batok sa Espiritu Santo, indi gid mapatawad, kay sia nakahimo sing sala nga wala sing kapatawaran.”"
"because they said, He hath an unclean spirit.","Ginhambal ini ni Jesus, kay may iban nga nagsiling, “May malaut nga espiritu sa iya.”"
"And there come his mother and his brethren; and, standing without, they sent unto him, calling him.",Dayon ang iloy kag ang mga utod ni Jesus nag-abot. Nagtindog sila sa gwa sang balay kag nagpahibalo nga gusto sila magpakigkita kay Jesus.
"And a multitude was sitting about him; and they say unto him, Behold, thy mother and thy brethren without seek for thee.","May madamo nga mga tawo nga nagapungko sa palibot ni Jesus, kag nagsiling sila sa iya, “Ang iloy mo kag ang imo mga utod yara sa gwa, kag gusto sila magpakigkita sa imo.”"
"And he answereth them, and saith, Who is my mother and my brethren?","Nagsabat si Jesus, “Sin-o bala ang akon iloy? Sin-o bala ang akon mga utod?”"
"And looking round on them that sat round about him, he saith, Behold, my mother and my brethren!","Gintulok niya ang mga tawo nga nagapungko sa palibot niya, kag nagsiling, “Tan-awa ninyo, yari ang akon iloy kag mga utod!"
"And again he began to teach by the sea side. And there is gathered unto him a very great multitude, so that he entered into a boat, and sat in the sea; and all the multitude were by the sea on the land.",Sa liwat si Jesus nagpanudlo sa higad sang Linaw sang Galilea. Tama gid kadamo ang mga tawo nga nagtilipon sa palibot niya sa bagay nga nagsakay sia sa isa ka sakayan nga nagalutaw sa tubig kag nagpungko sia sa sini samtang ang madamo nga mga tawo nagpabilin sa bibi sang linaw.
"And he taught them many things in parables, and said unto them in his teaching,","Si Jesus naggamit sang mga palaanggiran sa pagtudlo sa ila sang madamo nga mga butang, kag sa iya pagpanudlo nagsiling sia sa ila:"
"Hearken: Behold, the sower went forth to sow:",“Magpamati kamo! May isa ka tawo nga naglakat sa pagsab-og.
"and it came to pass, as he sowed, some seed fell by the way side, and the birds came and devoured it.","Sang pagsab-og niya sang binhi, ang iban nagtupa sa dalan, kag nagdapo ang mga pispis kag nagtuka sini."
"And other fell on the rocky ground , where it had not much earth; and straightway it sprang up, because it had no deepness of earth:","Ang iban nagtupa sa batuhon nga lugar, sa diin hapaw lamang ang duta. Sa wala lang madugay nagtubo ang binhi tungod kay manabaw ang duta."
"and when the sun was risen, it was scorched; and because it had no root, it withered away.","Sang udtong adlaw na, nalayong ang bag-ong tubo nga mga tanom, kag bangod kay indi gid madalom ang gamot sini, ang tanom madali nga nalaya."
"And other fell among the thorns, and the thorns grew up, and choked it, and it yielded no fruit.",Ang iban nga binhi nagtupa sa duta nga may mga talungon. Nagtubo ang mga talungon kag naglumos sang tanom kag wala ini magpamunga.
"And others fell into the good ground, and yielded fruit, growing up and increasing; and brought forth, thirtyfold, and sixtyfold, and a hundredfold.","Pero ang iban nga binhi nagtupa sa maayo nga duta, namuhi, nagtubo kag nagpamunga: ang iban sini nagpatubas sing traynta ka pilo, ang iban sini sesenta ka pilo, kag ang iban sini 100 ka pilo.”"
"And he said, Who hath ears to hear, let him hear.","Kag si Jesus nagsiling, “Gani, magpamati kamo, kon may mga dulonggan kamo!”"
"And when he was alone, they that were about him with the twelve asked of him the parables.","Sang nagaisahanon na lang si Jesus, ang iban nga nakabati sa iya nagpalapit upod sa dose ka mga apostoles kag nagpangabay nga ipaathag niya ang mga palaanggiran."
"And he said unto them, Unto you is given the mystery of the kingdom of God: but unto them that are without, all things are done in parables:","Si Jesus nagsabat sa ila, “Sa inyo nahatag ang tinago nahanungod sang paghari sang Dios, pero ang iban nga indi katapo sini magapamati sini tanan paagi sa mga palaanggiran,"
"that seeing they may see, and not perceive; and hearing they may hear, and not understand; lest haply they should turn again, and it should be forgiven them.","agod nga,"
"And he saith unto them, Know ye not this parable? and how shall ye know all the parables?","‘Magatulok nga magatulok sila,"
The sower soweth the word.,"pero indi makakita,"
"And these are they by the way side, where the word is sown; and when they have heard, straightway cometh Satan, and taketh away the word which hath been sown in them.","magapamati nga magapamati sila,"
"And these in like manner are they that are sown upon the rocky places , who, when they have heard the word, straightway receive it with joy;","pero indi makahangop,"
"and they have no root in themselves, but endure for a while; then, when tribulation or persecution ariseth because of the word, straightway they stumble.",kay kon makahangop sila basi magliso sila sa Dios
"And others are they that are sown among the thorns; these are they that have heard the word,",kag patawaron niya sila.’”
"and the cares of the world, and the deceitfulness of riches, and the lusts of other things entering in, choke the word, and it becometh unfruitful.","Dayon si Jesus nagpamangkot sa ila, “Indi bala kamo makahangop sini nga palaanggiran? Karon, paano abi ang pagkahangop ninyo sang bisan ano nga palaanggiran?"
"And those are they that were sown upon the good ground; such as hear the word, and accept it, and bear fruit, thirtyfold, and sixtyfold, and a hundredfold.",Ang manugsab-og nagsab-og sang pulong sang Dios.
"And he said unto them, Is the lamp brought to be put under the bushel, or under the bed, and not to be put on the stand?","Ang iban nga mga tawo kaangay sang binhi nga nagtupa sa dalan: sang pagkabati nila sang pulong sang Dios, sa gilayon nagaabot si Satanas kag nagaagaw sang pulong nga ginsab-og sa ila."
"For there is nothing hid, save that it should be manifested; neither was anything made secret, but that it should come to light.","Ang iban nga mga tawo kaangay sang binhi nga nagtupa sa batuhon nga duta. Sang pagkabati nila sang pulong sang Dios, sa gilayon ginbaton nila ini sang malipayon."
"If any man hath ears to hear, let him hear.","Pero wala ini nagatudok sa ila tagipusoon, kag wala nagapabilin sing madugay. Gani sa gilayon wala na sila nagapadayon kon mag-abot ang mga pag-antos ukon mga paghingabot tungod sang pulong sang Dios."
"And he said unto them, Take heed what ye hear: with what measure ye mete it shall be measured unto you; and more shall be given unto you.","Ang iban nga mga tawo kaangay sang binhi nga ginsab-og sa duta nga may mga talungon. Ini sila amo ang nakabati sa pulong sang Dios,"
"For he that hath, to him shall be given: and he that hath not, from him shall be taken away even that which he hath.","pero ang palaligban sang pangabuhi, ang paghigugma sa manggad, kag ang paghandom sa iban nga mga butang nagaginutok sa ila mga tagipusoon kag nagalumos sang pulong sang Dios, kag wala ini nagapamunga."
"And he said, So is the kingdom of God, as if a man should cast seed upon the earth;","Pero ang iban nga mga tawo kaangay sang binhi nga ginsab-og sa maayo nga duta. Nagapamati sila sa pulong sang Dios, ginabaton nila ini, kag nagapamunga: ang iban traynta ka pilo, ang iban sesenta ka pilo kag ang iban 100 ka pilo.”"
"and should sleep and rise night and day, and the seed should spring up and grow, he knoweth not how.","Si Jesus nagpadayon: “May nagadala bala sing suga kag nagabutang sini sa idalom sang isa ka sulodlan, ukon sa idalom sang katre? Wala bala niya ini ginabutang sa tulongtungan?"
"The earth beareth fruit of herself; first the blade, then the ear, then the full grain in the ear.","Ang bisan ano nga ginatago, igapahayag kag ang bisan ano nga ginatabunan, pagabuksan."
"But when the fruit is ripe, straightway he putteth forth the sickle, because the harvest is come.","Gani, kon sin-o ang luyag magpamati, magpamati sia!”"
"And he said, How shall we liken the kingdom of God? or in what parable shall we set it forth?","Kag si Jesus nagsiling pa gid sa ila, “Talupangda gid ang inyo ginapamatian! Ang talaksan nga inyo ginagamit sa paghukom sa iban amo man ang pagagamiton sang Dios sa paghukom sa inyo, kag sobra pa sini ang pagahimuon sa inyo."
"It is like a grain of mustard seed, which, when it is sown upon the earth, though it be less than all the seeds that are upon the earth,","Ang tawo nga may iya na pagahatagan pa gid, kag ang tawo nga wala sing iya, bisan ang diutay nga yara sa iya pagakuhaon pa.”"
"yet when it is sown, groweth up, and becometh greater than all the herbs, and putteth out great branches; so that the birds of the heaven can lodge under the shadow thereof.","Nagsiling pa gid si Jesus, “Ang paghari sang Dios kaangay sang tawo nga nagsab-og sang binhi sa iya uma."
"And with many such parables spake he the word unto them, as they were able to hear it;","Nagatulog sia kon gab-i, kag kon adlaw nagaobra sia, samtang ang tanom sa binhi nagaulhot kag nagatubo, pero wala sia kahibalo kon paano ang pagkahimo sini."
and without a parable spake he not unto them: but privately to his own disciples he expounded all things.,"Ang duta mismo nagapatubo kag nagapabunga sang mga tanom, nahauna ang dahon, madason ang uhay, kag sa ulihi ang matinggas nga bunga."
"And on that day, when even was come, he saith unto them, Let us go over unto the other side.","Kon ang bunga gulang na, nagapadala sia sing manuggarab, tungod kay ang tig-alani nag-abot na.”"
"And leaving the multitude, they take him with them, even as he was, in the boat. And other boats were with him.","Si Jesus nagpamangkot, “Sa ano bala mapaanggid ang paghari sang Dios? Ano nga palaanggiran ang aton gamiton sa pagpaathag sini?"
"And there ariseth a great storm of wind, and the waves beat into the boat, insomuch that the boat was now filling.","Kaangay ini sang isa ka binhi sang mustasa, ang labing diutay nga binhi sa kalibutan, kag ginatanom ini sa duta."
"And he himself was in the stern, asleep on the cushion: and they awake him, and say unto him, Teacher, carest thou not that we perish?",Dayon nagatubo ini kag nagadaku sing labaw sa mga kahuykahoy. Ang iya mga sanga nagadalagku sa bagay nga ang mga pispis nagahapon kag nagapugad sa iya mga sanga nga mahandong.”
"And he awoke, and rebuked the wind, and said unto the sea, Peace, be still. And the wind ceased, and there was a great calm.","Paagi sa mga palaanggiran nga kasubong sini, nagwali si Jesus sa mga tawo sang pulong sang Dios. Naghambal sia sa ila suno sa ila mahangpan."
"And he said unto them, Why are ye fearful? have ye not yet faith?","Wala sia naghambal sa ila kon indi paagi sa mga palaanggiran. Pero kon silahanon lang sang iya mga gintuton-an, ginasaysay niya ang tanan sa ila."
"And they feared exceedingly, and said one to another, Who then is this, that even the wind and the sea obey him?","Sang sirom na sang amo nga adlaw, nagsiling si Jesus sa iya mga gintuton-an, “Dali, matabok kita sa pihak sang linaw.”"
"And they came to the other side of the sea, into the country of the Gerasenes.",Nag-abot si Jesus kag ang iya mga gintuton-an sa tabok sang Linaw sang Galilea sa duta sang mga taga-Gerasa.
"And when he was come out of the boat, straightway there met him out of the tombs a man with an unclean spirit,","Sang makapanaog si Jesus sa sakayan, ginsugata sia sang isa ka tawo nga naggwa gikan sa mga kweba nga lulobngan. Ini nga tawo ginagamhan sang malaut nga espiritu"
"who had his dwelling in the tombs: and no man could any more bind him, no, not with a chain;","kag nagaestar sa mga lulobngan. Wala na sing bisan sin-o nga makagapos sa iya, bisan pa gamitan sang mga kadena."
"because that he had been often bound with fetters and chains, and the chains had been rent asunder by him, and the fetters broken in pieces: and no man had strength to tame him.","Makapila na gingapos ang iya mga tiil kag mga kamot, pero ginabugras niya ang mga kadena, kag ginautod ang mga salsalon sa iya mga tiil. Sa pagkakusog sa iya sa bagay nga wala sing makasarang sa pagpugong sa iya."
"And always, night and day, in the tombs and in the mountains, he was crying out, and cutting himself with stones.",Sa adlaw kag sa gab-i nagalagawlagaw sia sa mga lulobngan kag sa mga bakulod nga nagatiyabaw kag ginapilas niya ang iya lawas sang mga bato.
"And when he saw Jesus from afar, he ran and worshipped him;","Malayulayo pa sia sang makita niya si Jesus, gani nagdalagan sia, nagluhod sa atubang niya,"
"and crying out with a loud voice, he saith, What have I to do with thee, Jesus, thou Son of the Most High God? I adjure thee by God, torment me not.","kag nagtiyabaw sing mabaskog, “Jesus, Anak sang Labing Mataas nga Dios! Ano ang himuon mo sa akon? Maluoy ka! Sa ngalan sang Dios, indi ako pagsiluti!”"
"For he said unto him, Come forth, thou unclean spirit, out of the man.","Ginsiling niya ini tungod kay si Jesus nagsiling sa iya, “Malaut nga espiritu, maggwa ka sa sini nga tawo!”"
"And he asked him, What is thy name? And he saith unto him, My name is Legion; for we are many.","Gani ginpamangkot sia ni Jesus, “Ano ang ngalan mo?”"
And he besought him much that he would not send them away out of the country.,"Nagsabat sia, “Ang akon ngalan amo si ‘Madamo’ kay sa pagkadamo sa amon!”"
Now there was there on the mountain side a great herd of swine feeding.,Kag sagad sia pakitluoy kay Jesus nga indi pagtabugon ang malaut nga mga espiritu pa gwa sa sadto nga lugar.
"And they besought him, saying, Send us into the swine, that we may enter into them.",Malapit sa sadtong lugar may daku nga panong sang mga baboy nga nagaungad sa banglid.
"And he gave them leave. And the unclean spirits came out, and entered into the swine: and the herd rushed down the steep into the sea, in number about two thousand; and they were drowned in the sea.","Nagpakitluoy ang mga espiritu sa kay Jesus, “Pakadtua kami sa mga baboy, kag tugoti kami nga magsulod sa ila.”"
"And they that fed them fled, and told it in the city, and in the country. And they came to see what it was that had come to pass.","Gani gintugotan niya sila. Ang malaut nga mga espiritu naggwa sa tawo kag nagsulod sa mga baboy. Ang bug-os nga panong nga mga 2,000 ka mga baboy, nagdinaguso padulhog sa kilid sang pil-as pakadto sa linaw, kag nagkalalumos sila tanan."
"And they come to Jesus, and behold him that was possessed with demons sitting, clothed and in his right mind, even him that had the legion: and they were afraid.",Ang mga manugsagod sang mga baboy nagpalalagyo kag nagpanugid sa mga tawo sa banwa kag sa mga tawo sa mga barangay sang natabo. Ang mga tawo nagkadto sa pagtan-aw kon ano ang nahanabo.
"And they that saw it declared unto them how it befell him that was possessed with demons, and concerning the swine.","Nagpalapit sila kay Jesus kag nakita nila ang tawo nga gingamhan anay sang mga demonyo. Nagapungko sia didto nga may bayu na, kag yara na sa iya husto nga panghunahuna, kag hinadlukan sila tanan."
And they began to beseech him to depart from their borders.,"Ang mga nakakita sang nahanabo sa tawo nga ginagamhan sang mga demonyo, kag sang nahanabo sa mga baboy nagpanugid sa mga tawo."
"And as he was entering into the boat, he that had been possessed with demons besought him that he might be with him.",Tungod sini ginpangabay nila si Jesus nga magbiya sa ila lugar.
"And he suffered him not, but saith unto him, Go to thy house unto thy friends, and tell them how great things the Lord hath done for thee, and how he had mercy on thee.","Sang manugsakay na si Jesus sa sakayan, ang tawo nga sang una gingamhan sang mga demonyo nagpakitluoy sa iya: “Paupda man ako sa imo!”"
"And he went his way, and began to publish in Decapolis how great things Jesus had done for him: and all men marvelled.","Pero si Jesus indi magtugot, kundi nagsiling sa iya, “Pauli ka sa imo panimalay kag sugiri sila kon daw ano ang ginhimo sang Ginoo sa imo kag kon daw ano ang iya kaayo sa imo!”"
"And when Jesus had crossed over again in the boat unto the other side, a great multitude was gathered unto him; and he was by the sea.",Gani naglakat ang tawo kag nagkadto sa rehiyon sang Decapolis nga nagapanugid sang ginhimo ni Jesus sa iya. Kag ang tanan nga nakabati sini natingala gid.
"And there cometh one of the rulers of the synagogue, Jaïrus by name; and seeing him, he falleth at his feet,",Si Jesus nagtabok liwat sa pihak sang linaw. Didto sa higad sang linaw gintipunan sia sang madamo nga mga tawo.
"and beseecheth him much, saying, My little daughter is at the point of death: I pray thee , that thou come and lay thy hands on her, that she may be made whole, and live.","Si Jairo, isa ka opisyal sang sinagoga, nagkadto didto, kag sang pagkakita niya kay Jesus nagluhod sia sa tiilan niya,"
"And he went with him; and a great multitude followed him, and they thronged him.",kag nagsagad gid sia pakitluoy: “Ang akon anak nga dalagita nagahimumogto. Kadtoi man sia palihog kag tanduga sia sang imo mga kamot agod magaayo sia kag mabuhi!”
"And a woman, who had an issue of blood twelve years,",Dayon si Jesus nag-upod sa iya. Madamo gid nga mga tawo ang nagsunod sa kay Jesus sa bagay nga nagaginutok sila sa palibot niya.
"and had suffered many things of many physicians, and had spent all that she had, and was nothing bettered, but rather grew worse,","May isa ka babayi didto nga tama gid ang iya pag-antos tungod sang pagpanggwa sang madamo nga dugo sa iya sa sulod sang dose ka tuig,"
"having heard the things concerning Jesus, came in the crowd behind, and touched his garment.","bisan pa nga ginbulong sia sang madamo nga mga manugbulong. Naurot na niya gasto ang iya kwarta sa pagpabulong, pero sa baylo nga mag-ayo sia, naglala pa gani sia."
"For she said, If I touch but his garments, I shall be made whole.","Nakabati sia nahanungod kay Jesus, gani nagpanagil-ot sia sa tunga sang madamo nga mga tawo sa likod nayon ni Jesus."
And straightway the fountain of her blood was dried up; and she felt in her body that she was healed of her plague.,"Kay siling niya sa iya kaugalingon, “Kon matandog ko bisan lang ang iya bayu, magaayo ako.”"
"And straightway Jesus, perceiving in himself that the power proceeding from him had gone forth, turned him about in the crowd, and said, Who touched my garments?","Gintandog niya ang bayu ni Jesus, kag sa gilayon nagtugon ang iya dugo, kag nabatyagan niya sa iya lawas nga nag-ayo na sia sa iya balatian."
"And his disciples said unto him, Thou seest the multitude thronging thee, and sayest thou, Who touched me?","Sa gilayon nahibaluan ni Jesus nga may gahom nga naggwa sa iya, gani nagbalikid sia sa mga tawo kag nagsiling, “Sin-o ang nagtandog sang akon bayu?”"
And he looked round about to see her that had done this thing.,"Ang iya mga gintuton-an nagsabat, “Nakita mo na gid nga nagaginutok ang mga tawo sa palibot mo, ngaa nga nagapamangkot ka pa kon sin-o ang nagtandog sa imo?”"
"But the woman fearing and trembling, knowing what had been done to her, came and fell down before him, and told him all the truth.",Pero nagpanghulonghulong si Jesus sa pagtan-aw kon sin-o ang naghimo sadto.
"And he said unto her, Daughter, thy faith hath made thee whole; go in peace, and be whole of thy plague.","Ang babayi nakatalupangod sang nahanabo sa iya, gani nagpalapit sia nga nagakurog sa kahadlok, kag nagluhod sa tiilan ni Jesus, kag nagsugid sa iya sang bug-os nga kamatuoran."
"While he yet spake, they come from the ruler of the synagogue’s house , saying, Thy daughter is dead: why troublest thou the Teacher any further?","Si Jesus nagsiling sa iya, “Anak ko, ang imo pagtuo nag-ayo sa imo. Lakat ka sa paghidait, kay nag-ayo ka na sa imo balatian.”"
"But Jesus, not heeding the word spoken, saith unto the ruler of the synagogue, Fear not, only believe.","Sang nagahambal pa sini si Jesus, may nag-abot nga mga sinugo halin sa balay ni Jairo, kag nagsiling sa iya, “Napatay na ang imo anak nga babayi. Ngaa pabudlayan mo pa ang Manunodlo?”"
"And he suffered no man to follow with him, save Peter, and James, and John the brother of James.","Si Jesus waay nagsapak sang ila ginsiling, kundi nagsiling sia kay Jairo, “Indi ka magkahadlok, kundi magtuo ka lang.”"
"And they come to the house of the ruler of the synagogue; and he beholdeth a tumult, and many weeping and wailing greatly.",Dayon wala sia magtugot bisan kay sin-o sa pag-upod sa iya luas lamang kay Pedro kag sa mag-utod nga si Santiago kag si Juan.
"And when he was entered in, he saith unto them, Why make ye a tumult, and weep? the child is not dead, but sleepeth.","Sang pag-abot nila sa balay sang opisyal sang sinagoga, nakita ni Jesus ang mga tawo nga nagaginahod, kag nabatian niya ang mabaskog nga hinibi kag panalambiton."
"And they laughed him to scorn. But he, having put them all forth, taketh the father of the child and her mother and them that were with him, and goeth in where the child was.","Nagsulod sia kag nagsiling sa ila, “Ngaa nagakinagula kag nagahinibi kamo? Ang bata indi patay, kundi nagakatulog lang sia!”"
"And taking the child by the hand, he saith unto her, Talitha cumi; which is, being interpreted, Damsel, I say unto thee, Arise.","Ginkadlawan nila sia, gani ginpagwa niya sila tanan, kag gindala niya ang amay kag iloy sang bata kag ang iya tatlo ka mga gintuton-an, kag nagsulod sa kwarto sa diin ang bata nahamyang."
"And straightway the damsel rose up, and walked; for she was twelve years old. And they were amazed straightway with a great amazement.","Gin-uyatan niya sa kamot ang bata kag nagsiling sa iya, “ Talitha, koum ,” nga kon sayuron, “Inday, nagasiling ako sa imo, bangon ka!”"
And he went out from thence; and he cometh into his own country; and his disciples follow him.,Naghalin si Jesus sa sadto nga lugar upod sa iya mga gintuton-an kag nagkadto sa iya ginaestaran nga banwa.
"And when the sabbath was come, he began to teach in the synagogue: and many hearing him were astonished, saying, Whence hath this man these things? and, What is the wisdom that is given unto this man, and what mean such mighty works wrought by his hands?","Sang Adlaw nga Inugpahuway nagpanudlo sia sa sinagoga. May madamo nga mga tawo didto, kag sang pagkabati nila sa iya natingala gid sila kag nagpamangkot, “Diin bala niya kinuha ini tanan? Ano bala ini nga kaalam ang ginhatag sa iya? Paano ang paghimo niya sining mga milagro?"
"Is not this the carpenter, the son of Mary, and brother of James, and Joses, and Judas, and Simon? and are not his sisters here with us? And they were offended in him.","Indi bala ini sia ang panday nga anak ni Maria kag utod nanday Santiago, Jose, Judas kag Simon? Indi bala nga ang iya mga utod nga babayi taga-diri?” Gani indi sila magpati sa iya."
"And Jesus said unto them, A prophet is not without honor, save in his own country, and among his own kin, and in his own house.","Si Jesus nagsiling sa ila, “Ang isa ka propeta ginatahod bisan diin luas lang sa iya ginaestaran nga banwa kag sa iya mga pariente kag panimalay.”"
"And he could there do no mighty work, save that he laid his hands upon a few sick folk, and healed them.",Wala sia didto makahimo sang mga milagro luas lang sa pag-ayo sang pila ka mga masakiton paagi sa pagtandog sa ila.
And he marvelled because of their unbelief.,Natingala gid sia tungod kay wala sila sing pagtuo sa iya.
And he went round about the villages teaching.,Dayon nagkadto si Jesus sa palibot nga mga barangay nga nagapanudlo sa mga tawo.
"And he calleth unto him the twelve, and began to send them forth by two and two; and he gave them authority over the unclean spirits;",Gintawag niya ang dose ka mga apostoles kag ginpalakat sila sing tagduhaduha. Ginhatagan niya sila sing autoridad sa pagtabog sang malaut nga mga espiritu.
"and he charged them that they should take nothing for their journey, save a staff only; no bread, no wallet, no money in their purse;","Ginmanduan niya sila nga sa ila pagpanglakaton indi magdala sing pagkaon ukon kwarta ukon bag, kundi sang sungkod lamang."
"but to go shod with sandals: and, said he , put not on two coats.",Sarang sila makagamit sang sandalyas pero indi na sila magdala sang ilislan nga bayu.
"And he said unto them, Wheresoever ye enter into a house, there abide till ye depart thence.","Ginsingganan pa gid niya sila, “Kon mag-abot kamo sa isa ka banwa, magdayon kamo sa balay sang nagabaton sa inyo tubtob sa inyo paghalin sa sina nga lugar."
"And whatsoever place shall not receive you, and they hear you not, as ye go forth thence, shake off the dust that is under your feet for a testimony unto them.","Kon magkadto kamo sa isa ka banwa sa diin wala kamo ginabaton ukon ginapamatian sang mga tawo, bayai ninyo ina nga lugar kag tataka ang mga yab-ok sa inyo mga tiil. Ini manginpaandam sa ila!”"
"And they went out, and preached that men should repent.",Gani naglakat ang dose ka mga apostoles kag nagwali sa mga tawo nga dapat sila magbiya sa ila mga sala.
"And they cast out many demons, and anointed with oil many that were sick, and healed them.","Gintabog nila ang madamo nga mga demonyo, kag ginhaplasan nila sing lana ang mga masakiton kag nag-alayo sila."
"And king Herod heard thereof ; for his name had become known: and he said, John the Baptizer is risen from the dead, and therefore do these powers work in him.","Karon ini tanan nabatian ni Haring Herodes tungod kay ginbantog si Jesus sa tanan nga lugar. May mga tawo nga nagsiling, “Nabanhaw si Juan nga manugbautiso! Amo ini ang kabangdanan kon ngaa may gahom sia sa paghimo sang mga milagro.”"
"But others said, It is Elijah. And others said, It is a prophet, even as one of the prophets.","Pero ang iban nagsiling, “Si Elias sia.”"
"But Herod, when he heard thereof , said, John, whom I beheaded, he is risen.","Kag ang iban pa gid nagsiling, “Isa sia ka propeta, kaangay sang mga propeta sang una anay.”"
"For Herod himself had sent forth and laid hold upon John, and bound him in prison for the sake of Herodias, his brother Philip’s wife; for he had married her.","Sang pagkabati ni Herodes sini nagsiling sia, “Si Juan nga manugbautiso sia! Ginpapugotan ko sia, pero karon nabanhaw!”"
"For John said unto Herod, It is not lawful for thee to have thy brother’s wife.",Si Herodes mismo amo ang nagmando nga ipadakop kag ipagapos kag ipabilanggo si Juan. Ginhimo ni Herodes ini tungod kay Herodias nga iya ginpangasawa bisan nga sia asawa sang iya utod nga si Felipe.
"And Herodias set herself against him, and desired to kill him; and she could not;","Pirme lang si Herodes ginahambalan ni Juan nga manugbautiso, “Indi matarong ang imo pagpakigpuyo sa asawa sang imo utod!”"
"for Herod feared John, knowing that he was a righteous and holy man, and kept him safe. And when he heard him, he was much perplexed; and he heard him gladly.","Gani gindumtan ni Herodias si Juan kag gintuyo niya nga patyon sia, pero indi sia makahimo sini tungod kay Herodes."
"And when a convenient day was come, that Herod on his birthday made a supper to his lords, and the high captains, and the chief men of Galilee;","Nahadlok si Herodes sa kay Juan tungod kay nahibal-an niya nga si Juan matarong kag balaan nga tawo. Gani, gin-apinan niya si Juan nga indi maano. Naluyag sia magpamati sa iya wala sapayan nga nagakatublag gid sia sa kada tion nga nagapamati sia sa iya."
"and when the daughter of Herodias herself came in and danced, she pleased Herod and them that sat at meat with him; and the king said unto the damsel, Ask of me whatsoever thou wilt, and I will give it thee.","Sang ulihi nag-abot gid ang kahigayunan nga ginahulat ni Herodias. Kaadlawan yadto ni Herodes kag naghiwat sia sing isa ka punsyon para sa mataas nga mga pangulo sang banwa, mga opisyales sang mga soldado kag bantog nga mga pumoluyo sang Galilea."
"And he sware unto her, Whatsoever thou shalt ask of me, I will give it thee, unto the half of my kingdom.","Ang anak nga babayi ni Herodias nagsulod kag nagsaot, kag naglingaw sa kay Herodes kag sang iya mga dinapit. Gani ang hari nagsiling sa dalagita, “Pangayo ka sang bisan ano nga luyag mo kay ihatag ko sa imo.”"
"And she went out, and said unto her mother, What shall I ask? And she said, The head of John the Baptizer.","Kag nagsiling pa sia, “Ginasumpa ko nga ihatag ko sa imo ang bisan ano nga pangayuon mo, bisan pa ang katunga sang akon ginharian!”"
"And she came in straightway with haste unto the king, and asked, saying, I will that thou forthwith give me on a platter the head of John the Baptist.","Gani naggwa ang dalagita kag nagpamangkot sa iya iloy, “Ano bala ang pangayuon ko?”"
"And the king was exceeding sorry; but for the sake of his oaths, and of them that sat at meat, he would not reject her.","Ang iloy nagsabat, “Ang ulo ni Juan nga manugbautiso.”"
"And straightway the king sent forth a soldier of his guard, and commanded to bring his head: and he went and beheaded him in the prison,","Sa gilayon nagdalidali sa pagbalik ang dalagita sa hari kag nagpangabay, “Gusto ko nga ihatag mo sa akon sa gilayon ang ulo ni Juan nga manugbautiso sa isa ka bandihado!”"
"and brought his head on a platter, and gave it to the damsel; and the damsel gave it to her mother.","Nagpasubo gid ini sa hari, pero indi na sia makabalibad tungod kay nagpanumpa sia sa atubang sang iya mga inagda."
"And when his disciples heard thereof , they came and took up his corpse, and laid it in a tomb.",Gani ginsugo niya sa gilayon ang isa ka soldado sa pagdala sa iya sang ulo ni Juan. Nagkadto ang soldado sa prisuhan kag ginpugotan si Juan.
"And the apostles gather themselves together unto Jesus; and they told him all things, whatsoever they had done, and whatsoever they had taught.",Kag gindala niya ang ulo nga natungtong sa isa ka bandihado kag ginhatag ini sa dalagita nga amo ang naghatag sini sa iya iloy.
"And he saith unto them, Come ye yourselves apart into a desert place, and rest a while. For there were many coming and going, and they had no leisure so much as to eat.","Sang mabatian ini sang mga gintuton-an ni Juan, ginkadtuan nila kag ginkuha ang iya bangkay kag ginlubong."
And they went away in the boat to a desert place apart.,Ang mga apostoles nagbalik sa kay Jesus kag ginsugiran nila sia sang tanan nga ila nahimo kag napanudlo.
"And the people saw them going, and many knew them , and they ran together there on foot from all the cities, and outwent them.","Sa pagkadamo sang mga tawo ang nagapakadto kag nagapakari sa bagay nga si Jesus kag ang iya mga gintuton-an wala na sing tion bisan sa pagkaon. Gani nagsiling sia sa ila, “Dali masaylo kita sa isa ka lugar nga kitahanon lang agod makapahuwayhuway kamo.”"
"And he came forth and saw a great multitude, and he had compassion on them, because they were as sheep not having a shepherd: and he began to teach them many things.",Gani nagsakay sila sa sakayan nga silahanon lang kag nagkadto sa isa ka naligwin nga lugar.
"And when the day was now far spent, his disciples came unto him, and said, The place is desert, and the day is now far spent;","Pero madamo nga mga tawo ang nakakita sang ila paghalin kag nakahibalo dayon kon sin-o sila. Gani naggwa sila sa tanan nga mga banwa kag nagdalagan pakadto sa ginapadulongan ni Jesus kag sang iya mga gintuton-an, kag una pa sila makaabot didto."
"send them away, that they may go into the country and villages round about, and buy themselves somewhat to eat.","Sang pagtakas ni Jesus, nakita niya ang masyado kadamo nga mga tawo kag nagbatyag sia sing kaluoy sa ila tungod kay subong sila sang mga karnero nga wala sing manugbantay. Kag gintudloan niya sila sang madamo nga mga butang."
"But he answered and said unto them, Give ye them to eat. And they say unto him, Shall we go and buy two hundred shillings’ worth of bread, and give them to eat?","Sang hapon na gid ang iya mga gintuton-an nagkadto sa iya kag nagsiling, “Hapon na gid kag baw-ing ini nga lugar."
"And he saith unto them, How many loaves have ye? go and see. And when they knew, they say, Five, and two fishes.",Palakta kag pakadtua ang mga tawo sa mga barangay ukon sityo sa palibot agod nga makabakal sila mismo sang ila pagkaon.”
And he commanded them that all should sit down by companies upon the green grass.,"Nagsabat si Jesus, “Kamo mismo ang maghatag sa ila sing pagkaon.”"
"And they sat down in ranks, by hundreds, and by fifties.","Nagpamangkot sila, “Gusto mo bala nga maglakat kami sa pagbakal sing tinapay nga nagabili sing 200 ka denario agod nga mapakaon sila?”"
"And he took the five loaves and the two fishes, and looking up to heaven, he blessed, and brake the loaves; and he gave to the disciples to set before them; and the two fishes divided he among them all.",Gani si Jesus nagpamangkot sa ila. “Pila bala ka bilog ang inyo tinapay? Abi tan-awa ninyo.”
"And they all ate, and were filled.","Sang mausisa nila, nagsiling sila, “Lima ka bilog nga tinapay kag duha ka bilog nga isda.”"
"And they took up broken pieces, twelve basketfuls, and also of the fishes.",Gani ginsugo ni Jesus ang iya mga gintuton-an sa pagpapungko sang mga tawo sing grupo-grupo sa hilamon.
And they that ate the loaves were five thousand men.,Kag ang mga tawo grupo-grupo nga nagpungko kag napa-idas. Ang iban nga grupo tag-ginatos kag ang iban naman tag-singkwenta.
"And straightway he constrained his disciples to enter into the boat, and to go before him unto the other side to Bethsaida, while he himself sendeth the multitude away.","Dayon ginkuha ni Jesus ang lima ka bilog nga tinapay kag ang duha ka bilog nga isda, nagtangla sia sa langit, kag nagpasalamat sa Dios. Iya ginpamihakpihak ang tinapay kag ginhatag sa iya mga gintuton-an agod nga ila ipanagtag sa mga tawo. Iya man ginpartiparti ang duha ka bilog nga isda sa ila tanan."
"And after he had taken leave of them, he departed into the mountain to pray.",Nagkaon sila tanan kag nagkalabusog.
"And when even was come, the boat was in the midst of the sea, and he alone on the land.",Dayon gintipon sang mga gintuton-an ang nagkalabilin nga tinapay kag isda kag napuno ang dose ka mga alat.
"And seeing them distressed in rowing, for the wind was contrary unto them, about the fourth watch of the night he cometh unto them, walking on the sea; and he would have passed by them:","Ang kadamuon sang mga lalaki nga nagkalaon 5,000."
"but they, when they saw him walking on the sea, supposed that it was a ghost, and cried out;","Sa gilayon ginpasakay ni Jesus ang iya mga gintuton-an sa sakayan kag ginpauna sila sa Betsaida sa tabok sang linaw, samtang ginpapauli niya ang mga tawo."
"for they all saw him, and were troubled. But he straightway spake with them, and saith unto them, Be of good cheer: it is I; be not afraid.","Sa tapos sia makapaalam sa ila, nagkadto sia sa isa ka bakulod sa pagpangamuyo."
And he went up unto them into the boat; and the wind ceased: and they were sore amazed in themselves;,"Sang pagkagab-i, ang sakayan yadto na sa tunga sang linaw, samtang si Jesus isahanon lang sa takas."
"for they understood not concerning the loaves, but their heart was hardened.","Nalantawan niya nga ang iya mga gintuton-an ginabudlayan sa pagbugsay kay sumpong ang hangin. Gani sang kaagahon na, nag-apas si Jesus sa ila nga nagalakat sa ibabaw sang tubig. Ligaran lang niya sila kuntani,"
"And when they had crossed over, they came to the land unto Gennesaret, and moored to the shore.","pero nakita nila sia nga nagalakat sa ibabaw sang tubig kag naghunahuna sila nga bagat sia. Gani nagsinggit sila, “Bagat!”"
"And when they were come out of the boat, straightway the people knew him,",Kay sang pagkakita nila tanan sa iya hinadlukan sila.
"and ran round about that whole region, and began to carry about on their beds those that were sick, where they heard he was.","Sa gilayon si Jesus nagsiling sa ila, “Indi kamo magkahadlok! Ako ini. Magpakaisog kamo!”"
"And there are gathered together unto him the Pharisees, and certain of the scribes, who had come from Jerusalem,",Karon ang mga Fariseo kag pila sa mga manunodlo sang Kasugoan nga nag-abot halin sa Jerusalem nagtipon sa palibot ni Jesus.
"and had seen that some of his disciples ate their bread with defiled, that is, unwashen, hands.","Ila natalupangdan nga ang iban sang iya mga gintuton-an nagakaon nga indi matinlo ang ila mga kamot, kon sayuron, wala sila makapanghinaw suno sa paagi nga ginapatuman sang mga Fariseo sa mga tawo."
"(For the Pharisees, and all the Jews, except they wash their hands diligently, eat not, holding the tradition of the elders;","Kay ang tanan nga mga Judio, kag labi na gid ang mga Fariseo, nagasunod sang mga pagtulon-an nga nabaton nila sa ila mga katigulangan. Wala sila nagakaon kon indi makapanghinaw sang ila mga kamot suno sa gintudlo sa ila."
"and when they come from the marketplace, except they bathe themselves, they eat not; and many other things there are, which they have received to hold, washings of cups, and pots, and brasen vessels.)","Wala man sila nagakaon sang bisan ano nga binakal sa tiendahan kon indi anay nila ini matinluan. May madamo pa nga sinadto nga mga pagsulondan nga ila ginatuman subong sang pagpanghugas sang mga tasa, kolon, kaldero nga saway, kag mga higdaan."
"And the Pharisees and the scribes ask him, Why walk not thy disciples according to the tradition of the elders, but eat their bread with defiled hands?","Gani ang mga Fariseo kag ang mga manunodlo sang Kasugoan nagpamangkot sa kay Jesus, “Ngaa bala nga ang imo mga gintuton-an wala nagasunod sang gintudlo sang aton mga katigulangan kundi nagakaon sila nga wala matinlui ang ila mga kamot?”"
"And he said unto them, Well did Isaiah prophesy of you hypocrites, as it is written,","Ginsabat sila ni Jesus, “Wala gid magsala si Isaias sang iya pagtagna nahanungod sa inyo! Mga hipokrito kamo subong sang iya ginsulat:"
"This people honoreth me with their lips,","‘Ang Dios nagasiling, ginapasidunggan ako sining mga tawo sang ila mga bibig,"
But their heart is far from me.,pero ang ila tagipusoon malayo gid sa akon.
"But in vain do they worship me,","Wala pulos ang ila pagsimba sa akon,"
Teaching as their doctrines the precepts of men.,kay ginatudlo nila ang mga kasugoan sang tawo subong nga sila akon mga kasugoan!”
"Ye leave the commandment of God, and hold fast the tradition of men.",“Ginasikway ninyo ang kasugoan sang Dios kag ginatuman ninyo ang mga pagtulon-an sang mga tawo.”
"And he said unto them, Full well do ye reject the commandment of God, that ye may keep your tradition.","Kag nagpadayon si Jesus sa pagsiling, “Maayo gid kamo mangita sing padihot sa pagsikway sang ginapatuman sang Dios agod nga masunod ninyo ang inyo gid iya pagtulon-an!"
"For Moses said, Honor thy father and thy mother; and, He that speaketh evil of father or mother, let him die the death:","Kay si Moises nagsugo, ‘Tahura ang imo amay kag iloy,’ kag, ‘Ang bisan sin-o nga nagahambal sing malaut batok sa iya amay kag iloy dapat patyon.’"
"but ye say, If a man shall say to his father or his mother, That wherewith thou mightest have been profited by me is Corban, that is to say, Given to God ;","Pero kamo nagatudlo nga kon ang isa ka tawo may sarang ihatag sa pagbulig sa iya amay ukon iloy, pero nagasiling sia, ‘Korban ini’ nga kon sayuron, iya ini sang Dios,"
ye no longer suffer him to do aught for his father or his mother;,indi na sia dapat magbulig pa sa iya amay kag iloy.
"making void the word of God by your tradition, which ye have delivered: and many such like things ye do.",Sa sini nga paagi ginapakawalay pulos ninyo ang pulong sang Dios tungod sang pagtulon-an nga inyo ginapaalinton sa iban. Kag madamo pa nga mga butang pareho sini ang inyo ginahimo.”
"And he called to him the multitude again, and said unto them, Hear me all of you, and understand:","Dayon ginpapalapit liwat ni Jesus ang mga tawo sa iya kag ginsingganan sila, “Pamati kamo tanan sa akon, kag hangpa ninyo."
"there is nothing from without the man, that going into him can defile him; but the things which proceed out of the man are those that defile the man.","Wala sing butang nga nagasulod sa tawo nga makadagta sa iya, kundi ang nagagwa sa iya."
16,"Sang mabayaan ni Jesus ang mga tawo kag nagsulod sia sa isa ka balay, ang iya mga gintuton-an nagpamangkot sa iya sang kahulogan sining palaanggiran."
"And when he was entered into the house from the multitude, his disciples asked of him the parable.","Si Jesus nagsiling sa ila, “Wala gid kamo sing kinalis sa iban nga indi makahangop! Wala sing bisan ano gikan sa gwa nga nagasulod sa tawo nga makadagta sa iya,"
"And he saith unto them, Are ye so without understanding also? Perceive ye not, that whatsoever from without goeth into the man, it cannot defile him;","tungod kay wala ini nagakadto sa iya tagipusoon kundi sa iya tiyan kag dayon ginapagwa sa lawas.” Sa iya pagsiling sini, si Jesus nagpahayag nga ang tanan nga pagkaon bagay kaunon."
"because it goeth not into his heart, but into his belly, and goeth out into the draught? This he said , making all meats clean.","Kag nagpadayon sia sa pagsiling, “Ang nagagwa sa tawo amo ang nagadagta sa iya."
"And he said, That which proceedeth out of the man, that defileth the man.","Kay halin sa sulod sang tagipusoon sang tawo nagagikan ang malaut nga mga handom nga amo ang nagatulod sa iya sa paghimo sang mga imoralidad, pagpangawat, pagpatay,"
"For from within, out of the heart of men, evil thoughts proceed, fornications, thefts, murders, adulteries,","pagpanginbabayi ukon pagpanginlalaki, pagkaibog, pagbuhat sang tanan nga sahi sang malaut nga mga butang, pagdaya, pagbinastos, paghisa, pagpasipala, pagpabugal, kag pagbinuang."
"covetings, wickednesses, deceit, lasciviousness, an evil eye, railing, pride, foolishness:",Ini tanan nga kalautan nagahalin sa sulod sang tawo kag amo ang nagadagta sa iya.”
"all these evil things proceed from within, and defile the man.","Dayon si Jesus naglakat kag nagkadto sa kadutaan nga malapit sa siudad sang Tiro. Nagdayon sia sa isa ka balay, kag indi sia luyag nga may makahibalo nga yara sia didto, pero indi gid sia makapanago sa mga tawo."
"And from thence he arose, and went away into the borders of Tyre and Sidon. And he entered into a house, and would have no man know it; and he could not be hid.","Ang isa ka iloy, nga may anak nga babayi nga ginagamhan sang malaut nga espiritu, nakabati nahanungod kay Jesus kag nagkadto sia gilayon sa iya, kag nagluhod sa iya tiilan."
"But straightway a woman, whose little daughter had an unclean spirit, having heard of him, came and fell down at his feet.","Ini nga babayi isa ka Hentil nga taga-Fenicia, nga sakop sang Siria. Nagpakitluoy sia kay Jesus nga tabugon ang demonyo nga yara sa iya anak."
"Now the woman was a Greek, a Syrophoenician by race. And she besought him that he would cast forth the demon out of her daughter.","Pero nagsabat si Jesus, “Busgon ta anay sing una ang mga anak, kay indi matarong nga kuhaon ang pagkaon sang mga anak kag ihaboy sa mga ido.”"
"And he said unto her, Let the children first be filled: for it is not meet to take the children’s bread and cast it to the dogs.","Ang babayi nagsabat, “Husto ina, Sir, bisan ang mga ido sa idalom sang lamisa nagakaon sang mga usik sang mga anak!”"
"But she answered and saith unto him, Yea, Lord; even the dogs under the table eat of the children’s crumbs.","Gani nagsiling si Jesus sa iya, “Tungod sinang imo sabat, makapauli ka na, ang demonyo naggwa na sa imo anak!”"
"And he said unto her, For this saying go thy way; the demon is gone out of thy daughter.",Gani nagpauli sia kag nakita niya ang iya anak nga nagahigda kag matuod gid nga nakagwa na ang demonyo sa iya.
"And she went away unto her house, and found the child laid upon the bed, and the demon gone out.",Dayon naghalin si Jesus sa kadutaan sang Tiro kag nagpadulong sa Linaw sang Galilea. Nag-agi sia sa Sidon kag sa mga lugar nga sakop sang Decapolis.
"And again he went out from the borders of Tyre, and came through Sidon unto the sea of Galilee, through the midst of the borders of Decapolis.","May isa ka tawo nga bungol kag halos makahambal nga gindala sang mga tawo kay Jesus, kag nagpakitluoy sila sa iya nga itungtong niya ang iya mga kamot sa bungol."
"And they bring unto him one that was deaf, and had an impediment in his speech; and they beseech him to lay his hand upon him.","Gani gindala sia ni Jesus sa unhan, malayo sa madamo nga mga tawo, kag gingulo ni Jesus ang iya mga tudlo sa mga dulonggan sang tawo, nagdupla si Jesus kag gintandog niya ang dila sang tawo."
"And he took him aside from the multitude privately, and put his fingers into his ears, and he spat, and touched his tongue;","Dayon nagtangla si Jesus sa langit, nagpangamuyo sing madali kag nagsiling sa iya, “ Effata ,” nga kon sayuron, “Magbukas ka!”"
"and looking up to heaven, he sighed, and saith unto him, Ephphatha, that is, Be opened.",Sa gilayon ang tawo nakabati kag makahambal na sing maathag.
"And his ears were opened, and the bond of his tongue was loosed, and he spake plain.","Dayon nagmando si Jesus sa mga tawo nga indi magpanugid sa kay bisan sin-o sang nahanabo, pero sa sagad niya dumili sa ila tapat pa gani nga ginpanugid nila."
"And he charged them that they should tell no man: but the more he charged them, so much the more a great deal they published it.","Ang tanan nga nakabati sini natingala gid sing labi. Nagsiling sila, “Daw ano kaayo ang paghimo niya sang tanan nga mga butang. Gin-ayo niya bisan pa ang mga tawo nga indi makabati kag ang mga tawo nga indi makahambal!”"
"In those days, when there was again a great multitude, and they had nothing to eat, he called unto him his disciples, and saith unto them,","Sa wala lang madugay, nagtipon liwat ang madamo nga mga tawo. Sang wala na sila sing nabilin nga kalan-on, gintawag ni Jesus ang iya mga gintuton-an kag nagsiling sa ila,"
"I have compassion on the multitude, because they continue with me now three days, and have nothing to eat:","“Naluoy ako sa sini nga mga tawo, tungod kay tatlo na ini ka adlaw ang ila pag-upod sa akon kag karon wala na sila sing kalan-on."
"and if I send them away fasting to their home, they will faint on the way; and some of them are come from far.",Kon papaulion ko sila nga wala makakaon basi magkalalipong sila sa dalanon tungod kay malayo ang ginhalinan sang iban sa ila.”
"And his disciples answered him, Whence shall one be able to fill these men with bread here in a desert place?","Ang iya mga gintuton-an nagpamangkot sa iya, “Diin bala kita sa sini nga desierto makakita sang kalan-on nga makaigo sa sini tanan nga mga tawo?”"
"And he asked them, How many loaves have ye? And they said, Seven.","Nagpamangkot si Jesus, “Pila pa ka bilog ang inyo tinapay?”"
"And he commandeth the multitude to sit down on the ground: and he took the seven loaves, and having given thanks, he brake, and gave to his disciples, to set before them; and they set them before the multitude.","Nagsabat sila, “Pito.”"
"And they had a few small fishes: and having blessed them, he commanded to set these also before them.","Ginsugo niya ang mga tawo nga magpungko sa duta. Dayon ginkuha niya ang pito ka bilog nga tinapay, nagpasalamat sia sa Dios, ginpamihakpihak niya ini kag ginhatag sa iya mga gintuton-an agod ipanagtag nila sa mga tawo, kag ginpanagtag ini sang mga gintuton-an."
"And they ate, and were filled: and they took up, of broken pieces that remained over, seven baskets.",May pila man sila ka bilog nga magagmay nga isda. Nagpasalamat si Jesus tungod sini kag iya ginsugo ang iya mga gintuton-an nga ipanagtag man ini.
And they were about four thousand: and he sent them away.,"8-9 Ang tanan nagkalaon kag nagkalabusog, kag ang kadamuon sang mga tawo mga 4,000. Sa tapos sini ang mga nabilin gintipon sang mga gintuton-an kag napuno ang pito ka alat. Ginpapauli ni Jesus ang mga tawo,"
"And straightway he entered into the boat with his disciples, and came into the parts of Dalmanutha.",kag sa gilayon nagsakay sia sa isa ka sakayan upod ang iya mga gintuton-an kag nagkadto sila sa distrito sang Dalmanuta.
"And the Pharisees came forth, and began to question with him, seeking of him a sign from heaven, trying him.","May mga Fariseo nga nagpalapit kag nagpakigsuay sa kay Jesus. Luyag nila nga tilawan sia, gani nagpangayo sila sa iya sing isa ka milagro sa pagpakita nga may gahom sia halin sa Dios."
"And he sighed deeply in his spirit, and saith, Why doth this generation seek a sign? verily I say unto you, There shall no sign be given unto this generation.","Nagpanghakroy si Jesus sing malawig kag nagsiling, “Ngaa bala nga ang mga tawo karon nga mga inadlaw nagapangayo sang isa ka milagro? Nagasiling ako sing matuod sa inyo, nga wala sing milagro nga ihatag sa sini nga mga tawo!”"
"And he left them, and again entering into the boat departed to the other side.","Ginbayaan sila ni Jesus, nagbalik sia upod sa iya mga gintuton-an sa sakayan kag nagtabok sa pihak sang linaw."
And they forgot to take bread; and they had not in the boat with them more than one loaf.,Nalipat ang mga gintuton-an sa pagdala sang tinapay luas sang isa ka bilog nga nadala nila sa sakayan.
"And he charged them, saying, Take heed, beware of the leaven of the Pharisees and the leaven of Herod.","Ginpaandaman sila ni Jesus, “Mag-andam kamo kag magbantay sang inyo kaugalingon batok sa lebadora sang mga Fariseo kag ni Herodes.”"
"And they reasoned one with another, saying, We have no bread.","Nagbinaisay sila kag nagsiling, “Ginhambal niya ini tungod kay wala kita sing tinapay.”"
"And Jesus perceiving it saith unto them, Why reason ye, because ye have no bread? do ye not yet perceive, neither understand? have ye your heart hardened?","Si Jesus nakahibalo sang ila ginabaisan, gani ginpamangkot niya sila, “Ngaa bala nga nagabais kamo kay wala kamo sing tinapay? Wala pa bala kamo makahibalo ukon makahangop? Matig-a gid bala kamo sing ulo."
"Having eyes, see ye not? and having ears, hear ye not? and do ye not remember?","May mga mata man kamo, kag indi bala kamo makakita? May mga dulonggan man kamo, kag indi bala kamo makabati? Wala bala kamo makadumdom"
"When I brake the five loaves among the five thousand, how many baskets full of broken pieces took ye up? They say unto him, Twelve.","sang ginpamihakpihak ko ang lima ka bilog nga tinapay para sa 5,000 ka mga tawo? Pila ka alat ang napuno sang nabilin nga inyo gintipon?”"
"And when the seven among the four thousand, how many basketfuls of broken pieces took ye up? And they say unto him, Seven.","Nagsabat sila, “Dose.”"
"And he said unto them, Do ye not yet understand?","Si Jesus nagpamangkot, “Kag sang ginpamihakpihak ko ang pito ka bilog nga tinapay para sa 4,000 ka mga tawo, pila bala ka alat ang napuno sang natipon ninyo nga sobra?”"
"And they come unto Bethsaida. And they bring to him a blind man, and beseech him to touch him.","Nagsabat sila, “Pito.”"
"And he took hold of the blind man by the hand, and brought him out of the village; and when he had spit on his eyes, and laid his hands upon him, he asked him, Seest thou aught?","Nagpamangkot sia sa ila, “Kag indi pa bala kamo makahangop?”"
"And he looked up, and said, I see men; for I behold them as trees, walking.",Nag-abot sila sa Betsaida. May mga tawo didto nga nagdala sang isa ka bulag kay Jesus kag nagpakitluoy sa iya nga iya sia tandugon.
"Then again he laid his hands upon his eyes; and he looked stedfastly, and was restored, and saw all things clearly.","Gin-uyatan ni Jesus ang bulag sa kamot kag gintuytoyan pa gwa sa barangay. Sang malamhitan ni Jesus sang dupla ang mga mata sang bulag, gintungtong niya ang iya mga kamot sa bulag kag nagpamangkot, “May makita ka bala?”"
"And he sent him away to his home, saying, Do not even enter into the village.","Nagtangla ang tawo kag nagsiling, “May makita ako nga mga tawo, pero daw mga kahoy sila nga nagalakatlakat.”"
"And Jesus went forth, and his disciples, into the villages of Cæsarea Philippi: and on the way he asked his disciples, saying unto them, Who do men say that I am?","Ginbutang liwat ni Jesus ang iya mga kamot sa mga mata sang bulag. Sa sini nga tion naghimutad gid ang tawo kag nag-ayo ang iya mga mata, kag nakita niya ang tanan sing maathag."
"And they told him, saying, John the Baptist; and others, Elijah; but others, One of the prophets.","Ginpapauli sia ni Jesus kag ginsingganan, “Indi ka magbalik sa barangay.”"
"And he asked them, But who say ye that I am? Peter answereth and saith unto him, Thou art the Christ.","Dayon si Jesus kag ang iya mga gintuton-an nagkadto sa mga barangay sang Cesarea Filipo. Sa dalanon nagpamangkot sia sa ila, “Sugiri ninyo ako, sin-o bala ako suno sa mga tawo?”"
And he charged them that they should tell no man of him.,"Nagsabat sila, “Suno sa iban ikaw si Juan nga manugbautiso, ang iban nagasiling ikaw si Elias, pero ang iban pa gid iya nagasiling nga ikaw isa sang mga propeta.”"
"And he began to teach them, that the Son of man must suffer many things, and be rejected by the elders, and the chief priests, and the scribes, and be killed, and after three days rise again.","Si Jesus nagpamangkot sa ila, “Pero sa inyo iya, sin-o gid bala ako?”"
"And he spake the saying openly. And Peter took him, and began to rebuke him.","Si Pedro nagsabat, “Ikaw amo ang Cristo.”"
"But he turning about, and seeing his disciples, rebuked Peter, and saith, Get thee behind me, Satan; for thou mindest not the things of God, but the things of men.","Dayon si Jesus nagmando sa ila, “Indi ninyo pag-isugid bisan kay sin-o kon sin-o ako.”"
"And he called unto him the multitude with his disciples, and said unto them, If any man would come after me, let him deny himself, and take up his cross, and follow me.","Dayon si Jesus nagsugod sa pagpanudlo sa iya mga gintuton-an: “Ang Anak sang Tawo dapat magaagi sang madamo nga mga pag-antos, kag pagasikwayon sia sang mga katigulangan sang mga Judio, sang pangulo nga mga pari, kag sang mga manunodlo sang Kasugoan. Pagapatyon sia kag sa tapos sang tatlo ka adlaw mabanhaw sia.”"
For whosoever would save his life shall lose it; and whosoever shall lose his life for my sake and the gospel’s shall save it.,Ginpaathag gid niya ini sa ila. Gani gindala sia ni Pedro sa unhan kag ginsaway.
"For what doth it profit a man, to gain the whole world, and forfeit his life?","Pero nagliso si Jesus, nagtulok sa iya mga gintuton-an, kag ginsaway si Pedro, “Magpalayo ka sa akon, Satanas! Ang imo panghunahuna iya sang tawo kag indi iya sang Dios!”"
For what should a man give in exchange for his life?,"Dayon gintawag ni Jesus ang mga tawo kag ang iya mga gintuton-an sa pagpalapit. Nagsiling sia sa ila, “Kon sin-o ang luyag mag-upod sa akon, kinahanglan nga kalimtan niya ang iya kaugalingon, magpas-an sang iya krus kag magsunod sa akon."
"For whosoever shall be ashamed of me and of my words in this adulterous and sinful generation, the Son of man also shall be ashamed of him, when he cometh in the glory of his Father with the holy angels.","Kay ang bisan sin-o nga buot magluwas sang iya kugalingon nga kabuhi madula niya ini, pero ang bisan sin-o nga nagadula sang iya kabuhi tungod sa akon kag sa Maayong Balita maluwas niya ini."
"And he said unto them, Verily I say unto you, There are some here of them that stand by , who shall in no wise taste of death, till they see the kingdom of God come with power.","Kag nagpadayon sia sa pagsiling, “Dumdoma ninyo ini! May mga yari diri nga indi mapatay tubtob nga makita nila ang pag-abot sang paghari sang Dios nga may gahom.”"
"And after six days Jesus taketh with him Peter, and James, and John, and bringeth them up into a high mountain apart by themselves: and he was transfigured before them;","Sang makaligad ang anom ka adlaw, gindala ni Jesus si Pedro, si Santiago, kag si Juan upod sa iya sa pagtaklad sa isa ka mataas nga bukid nga silahanon lang. Samtang nagatan-aw sila, nagbalhin ang dagway ni Jesus,"
"and his garments became glistering, exceeding white, so as no fuller on earth can whiten them.",kag ang iya bayu nanginmakasililaw sa kaputi. Wala sing bisan sin-o sa kalibutan nga makapaputi sang bayu kaangay sini.
And there appeared unto them Elijah with Moses: and they were talking with Jesus.,Dayon nakita sang tatlo ka gintuton-an si Elias kag si Moises nga nagapakighambal kay Jesus.
"And Peter answereth and saith to Jesus, Rabbi, it is good for us to be here: and let us make three tabernacles; one for thee, and one for Moses, and one for Elijah.","Si Pedro naghambal kag nagsiling kay Jesus, “Manunodlo, maayo gid nga yari kita diri! Mahimo kami sing tatlo ka tolda, isa para sa imo, isa para kay Moises, kag ang isa para kay Elias.”"
For he knew not what to answer; for they became sore afraid.,Si Pedro wala makahibalo kon ano ang iya isiling tungod kay sia kag ang iya mga kaupdanan kinulbaan gid.
"And there came a cloud overshadowing them: and there came a voice out of the cloud, This is my beloved Son: hear ye him.","Dayon nag-abot ang panganod kag ginlikupan sila, kag gikan diri may tingog sila nga nabatian, “Ini amo ang akon gid hinigugma nga Anak. Pamatii ninyo sia!”"
"And suddenly looking round about, they saw no one any more, save Jesus only with themselves.","Maabtik sila nga nanghulonghulong, pero wala sila sing iban nga nakita luas lamang kay Jesus."
"And as they were coming down from the mountain, he charged them that they should tell no man what things they had seen, save when the Son of man should have risen again from the dead.","Sang nagadulhog sila sa bukid, si Jesus nagmando sa ila, “Indi kamo magpanugid bisan kay sin-o sang inyo nakit-an, tubtob nga mabanhaw ang Anak sang Tawo.”"
"And they kept the saying, questioning among themselves what the rising again from the dead should mean.","Gintuman nila ang ginmando ni Jesus, pero sang silahanon lang nagpinamangkutanay sila, “Ano ang kahulogan sining ‘mabanhaw sia’?”"
"And they asked him, saying, How is it that the scribes say that Elijah must first come?","Kag ginpamangkot nila si Jesus, “Ngaa bala nagasiling ang mga manunodlo sang Kasugoan nga kinahanglan mag-abot anay sing una si Elias?”"
"And he said unto them, Elijah indeed cometh first, and restoreth all things: and how is it written of the Son of man, that he should suffer many things and be set at nought?","Nagsabat sia, “Si Elias kinahanglan mag-abot anay sing una sa pag-aman sang tanan. Pero ngaa bala ang mga Kasulatan nagasiling nga ang Anak sang Tawo magaantos sing tuman kag pagasikwayon?"
"But I say unto you, that Elijah is come, and they have also done unto him whatsoever they would, even as it is written of him.","Pero nagasiling ako sa inyo nga si Elias nakaabot na, kag ginhimo sang mga tawo sa iya ang tanan nga luyag nila, suno sa ginasiling sang mga Kasulatan nahanungod sa iya.”"
"And when they came to the disciples, they saw a great multitude about them, and scribes questioning with them.","Sang nakabalik na sila sa iban nga mga gintuton-an, nakita nila nga may madamo gid nga mga tawo nga nagapalibot didto. May mga manunodlo sang Kasugoan nga nagapakigbais sa iban nga mga gintuton-an."
"And straightway all the multitude, when they saw him, were greatly amazed, and running to him saluted him.","Sang pagkakita sang mga tawo sa kay Jesus, natingala gid sila kag nagdalagan sila pakadto sa iya, kag gintamyaw sia."
"And he asked them, What question ye with them?","Si Jesus nagpamangkot sa iya mga gintuton-an, “Ano bala ang ginabaisan ninyo sang mga manunodlo sang kasugoan?”"
"And one of the multitude answered him, Teacher, I brought unto thee my son, who hath a dumb spirit;","May isa ka tawo sa mga nagtilipon nga nagsabat, “Manunodlo, gindala ko sa imo ining akon anak nga lalaki tungod kay ginagamhan sia sang malaut nga espiritu kag indi sia makahambal."
"and wheresoever it taketh him, it dasheth him down: and he foameth, and grindeth his teeth, and pineth away: and I spake to thy disciples that they should cast it out; and they were not able.","Kon ginasakit sia sang malaut nga espiritu, ginalampos sia sa duta kag nagabura ang iya baba, nagabagrot ang iya mga ngipon, kag nagatiskog ang bug-os niya nga lawas. Ginpangabay ko ang imo mga gintuton-an sa pagtabog sini nga espiritu, pero indi sila makasarang.”"
"And he answereth them and saith, O faithless generation, how long shall I be with you? how long shall I bear with you? bring him unto me.","Si Jesus nagsiling sa ila, “Ay, mga tawo nga wala sing pagtuo! Tubtob san-o pa bala ako dapat magpakig-upod sa inyo? Tubtob san-o pa bala ang akon pagbatas sa inyo? Dal-a diri sa akon ang bata!”"
"And they brought him unto him: and when he saw him, straightway the spirit tare him grievously; and he fell on the ground, and wallowed foaming.",Kag gindala nila ang bata kay Jesus.
"And he asked his father, How long time is it since this hath come unto him? And he said, From a child.","Sang pagkakita sang malaut nga espiritu sa kay Jesus, ginpakurog niya ang bata sa bagay nga natumba sia sa duta kag nagligid nga nagabura ang baba."
"And oft-times it hath cast him both into the fire and into the waters, to destroy him: but if thou canst do anything, have compassion on us, and help us.","Ginpamangkot ni Jesus ang amay sang bata, “Kasan-o pa nga nagsubong sia sini?”"
"And Jesus said unto him, If thou canst! All things are possible to him that believeth.","Ang amay nagsabat, “Halin sang diutay pa sia."
"Straightway the father of the child cried out, and said, I believe; help thou mine unbelief.","Makapila na gintinguhaan sang malaut nga espiritu nga patyon sia paagi sa paghaboy sa iya sa kalayo kag sa pagtagbong sa iya sa tubig. Kaluoyi kag buligi kami, kon makasarang ka!”"
"And when Jesus saw that a multitude came running together, he rebuked the unclean spirit, saying unto him, Thou dumb and deaf spirit, I command thee, come out of him, and enter no more into him.","Si Jesus nagsabat, “Ngaa nagasiling ka, Kon makasarang ka? Ang tanan mahimo sa tawo nga nagatuo.”"
"And having cried out, and torn him much, he came out: and the boy became as one dead; insomuch that the more part said, He is dead.","Ang amay sa gilayon nagsinggit, “Nagatuo ako, pero kulang pa. Dugangi ang akon pagtuo!”"
"But Jesus took him by the hand, and raised him up; and he arose.","Sang makita ni Jesus nga nagadinaguso ang mga tawo pakadto sa ila, nagmando sia sa malaut nga espiritu, “Bungol kag apa nga espiritu, ginamanduan ko ikaw, gwa ka sa bata kag indi ka na gid magbalik sa iya liwat!”"
"And when he was come into the house, his disciples asked him privately, How is it that we could not cast it out?","Nagsinggit ang malaut nga espiritu, iya ginpakurog sing tuman ang bata kag naggwa. Daw bangkay tan-awon ang bata, gani ang kalabanan sang mga tawo didto nagsiling, “Patay na sia!”"
"And he said unto them, This kind can come out by nothing, save by prayer.","Pero gin-uyatan ni Jesus sa kamot ang bata kag ginpabangon, kag nagtindog ang bata."
"And they went forth from thence, and passed through Galilee; and he would not that any man should know it.","Sang nakasulod na si Jesus sa balay, nagpamangkot ang mga gintuton-an sa iya sing tago, “Ngaa bala nga indi kami amon makatabog sining malaut nga espiritu?”"
"For he taught his disciples, and said unto them, The Son of man is delivered up into the hands of men, and they shall kill him; and when he is killed, after three days he shall rise again.","Nagsabat si Jesus, “Indi kamo makatabog sini nga sahi sang malaut nga espiritu kon indi kamo magpangamuyo.”"
"But they understood not the saying, and were afraid to ask him.","Naghalin si Jesus kag ang iya mga gintuton-an sa sadto nga lugar kag nagpadayon sa paglakat nga nagaagi sa Galilea. Indi luyag ni Jesus nga mahibaluan sang iban kon diin sia,"
"And they came to Capernaum: and when he was in the house he asked them, What were ye reasoning on the way?","tungod kay nagapanudlo sia sa iya mga gintuton-an nga nagasiling, “Ang Anak sang Tawo igatugyan sa mga tawo nga magapatay sa iya, pero sa tapos ang tatlo ka adlaw, mabanhaw sia.”"
"But they held their peace: for they had disputed one with another on the way, who was the greatest.","Wala sila makahangop kon ano ang kahulogan sang iya ginasiling, pero nahadlok sila sa pagpamangkot sa iya."
"And he sat down, and called the twelve; and he saith unto them, If any man would be first, he shall be last of all, and servant of all.","Nag-abot sila sa Capernaum, kag sang nakasulod na si Jesus sa balay, nagpamangkot sia sa iya mga gintuton-an, “Ano bala ang ginbaisan ninyo sa dalanon?”"
"And he took a little child, and set him in the midst of them: and taking him in his arms, he said unto them,",Pero wala sila magsabat sa iya kay man ang ila ginbaisan sa dalanon amo nga kon sin-o sa ila ang labing daku.
"Whosoever shall receive one of such little children in my name, receiveth me: and whosoever receiveth me, receiveth not me, but him that sent me.","Nagpungko si Jesus kag gintawag niya ang dose ka mga apostoles kag nagsiling sa ila, “Ang bisan sin-o nga luyag mangin-una sa tanan, dapat magpaulihi sa tanan kag manginsuloguon sang tanan.”"
"John said unto him, Teacher, we saw one casting out demons in thy name; and we forbade him, because he followed not us.","Dayon nagkuha sia sing isa ka bata kag ginpatindog sa atubang nila. Ginkugos niya ini kag nagsiling sa ila,"
"But Jesus said, Forbid him not: for there is no man who shall do a mighty work in my name, and be able quickly to speak evil of me.","“Ang bisan sin-o nga nagabaton sang isa sining mga bata sa akon ngalan, nagabaton sa akon, kag ang bisan sin-o nga nagabaton sa akon, wala lamang nagabaton sa akon, kundi nagabaton man sang nagpadala sa akon.”"
For he that is not against us is for us.,"Si Juan nagsiling sa iya, “Manunodlo, nakakita kami sang isa ka tawo nga nagatabog sang mga demonyo sa imo ngalan, kag gintapna namon sia tungod kay indi sia kaupod naton.”"
"For whosoever shall give you a cup of water to drink, because ye are Christ’s, verily I say unto you, he shall in no wise lose his reward.","Si Jesus nagsiling, “Pabay-i lang ninyo sia tungod kay wala sing may nagahimo sing milagro paagi sa akon ngalan kag makahambal dayon sing malaut batok sa akon."
"And whosoever shall cause one of these little ones that believe on me to stumble, it were better for him if a great millstone were hanged about his neck, and he were cast into the sea.",Kay ang bisan sin-o nga indi batok sa aton kaapin naton.
"And if thy hand cause thee to stumble, cut it off: it is good for thee to enter into life maimed, rather than having thy two hands to go into hell, into the unquenchable fire.","Dumdoma ninyo ini! Ang bisan sin-o nga nagapainom sa inyo sing tubig, tungod kay iya kamo ni Cristo magabaton gid sing balos."
44,"“Ang bisan sin-o nga manginkabangdanan sang pagbiya sa pagtuo sa akon sang isa sining mga katawhan nga nagasalig sa akon kaangay sang mga kabataan, mas maayo pa sa sina nga tawo nga ihigot ang galingan nga bato sa iya liog kag itagbong sia sa dagat."
"And if thy foot cause thee to stumble, cut it off: it is good for thee to enter into life halt, rather than having thy two feet to be cast into hell.","Gani, kon ang imo kamot manginkabangdanan sang imo pagbiya sa imo pagtuo, utda ini! Mas maayo pa nga magsulod ka sa langit nga wala na ang isa mo ka kamot sang sa duha ang imo kamot kag itagbong ka sa impierno, sa kalayo nga wala nagakapalong."
46,"Kag kon ang isa mo ka tiil manginkabangdanan sang imo pagbiya sa imo pagtuo, utda ini! Mas maayo pa nga magsulod ka sa langit nga isa lang ang imo tiil sang sa duha ang imo tiil kag itagbong ka sa impierno."
"And if thine eye cause thee to stumble, cast it out: it is good for thee to enter into the kingdom of God with one eye, rather than having two eyes to be cast into hell;","Kag kon ang imo mata manginkabangdanan sang imo pagbiya sa imo pagtuo, lukata ini! Mas maayo pa nga magsulod ka sa Ginharian sang Dios nga isa lang ang imo mata sang sa duha ang imo mata kag itagbong ka sa impierno."
"where their worm dieth not, and the fire is not quenched.",Didto ‘ang mga ulod nga nagaut-ot sa ila kalawasan wala nagakapatay kag ang kalayo nga nagasunog sa ila wala nagakapalong.’
For every one shall be salted with fire.,“Ang tagsatagsa pagaputli-on sa kalayo subong sang halad nga ginaputli sang asin.
"Salt is good: but if the salt have lost its saltness, wherewith will ye season it? Have salt in yourselves, and be at peace one with another.","“Ang asin maayo, pero kon madula ang iya kaarat paano ini mapaasin liwat?"
"And he arose from thence, and cometh into the borders of Judæa and beyond the Jordan: and multitudes come together unto him again; and, as he was wont, he taught them again.","Dayon naghalin si Jesus sa amo nga lugar, nagkadto sa rehiyon sang Judea kag nagtabok sa Suba sang Jordan. Ang mga tawo nagtilipon liwat sa iya, kag suno sa iya kinabatasan, nagpanudlo sia sa ila."
"And there came unto him Pharisees, and asked him, Is it lawful for a man to put away his wife? trying him.","May pila ka mga Fariseo nga nagpalapit sa iya, kag sa pagdakupdakop sa iya, nagpamangkot sila, “Sugiri kami, tugot bala sa aton Kasugoan nga ang isa ka tawo magbulag sa iya asawa?”"
"And he answered and said unto them, What did Moses command you?","Si Jesus nagsabat paagi sa isa ka pamangkot, “Ano bala ang kasugoan nga ginhatag ni Moises sa inyo?”"
"And they said, Moses suffered to write a bill of divorcement, and to put her away.","Nagsabat sila, “Si Moises nagtugot nga ang bana maghimo sing papeles sa pagbulagay kag ugaling magbiya sia sa iya asawa.”"
"But Jesus said unto them, For your hardness of heart he wrote you this commandment.","Si Jesus nagsiling sa ila, “Ginsulat ni Moises ining kasugoan para sa inyo, tungod kay matig-a gid ang inyo ulo."
"But from the beginning of the creation, Male and female made he them.","Pero sa ginsugoran, sang pagtuga sang Dios sang katawhan, ginsiling sang kasulatan, ‘Ang Dios naghimo sa ila nga lalaki kag babayi."
"For this cause shall a man leave his father and mother, and shall cleave to his wife;","Kag tungod sini, ang lalaki magabiya sang iya amay kag iloy, kag magapuyo upod sa iya asawa,"
"and the two shall become one flesh: so that they are no more two, but one flesh.","kag sila nga duha mangin-isa.’ Gani, indi na sila duha, kundi isa."
"What therefore God hath joined together, let not man put asunder.","Gani, indi dapat bulagon sang tawo ang ginhiusa sang Dios.”"
And in the house the disciples asked him again of this matter.,"Sang pagbalik na nila sa balay, ang mga gintuton-an nagpamangkot liwat kay Jesus nahanungod sini nga butang."
"And he saith unto them, Whosoever shall put away his wife, and marry another, committeth adultery against her:","Nagsiling sia sa ila, “Ang lalaki nga magbulag sa iya asawa kag magpangasawa sa isa naman ka babayi, nagapanginbabayi."
"and if she herself shall put away her husband, and marry another, she committeth adultery.","Amo man ang babayi nga magbulag sa iya bana kag magpamana sa isa naman ka lalaki, nagapanginlalaki.”"
"And they were bringing unto him little children, that he should touch them: and the disciples rebuked them.","May mga tawo nga nagdala sing mga bata sa kay Jesus agod iya sila matandog, pero ginsaway sang mga gintuton-an ang mga tawo nga nagdala sa ila."
"But when Jesus saw it, he was moved with indignation, and said unto them, Suffer the little children to come unto me; forbid them not: for to such belongeth the kingdom of God.","Sang matalupangdan ini ni Jesus, naakig sia kag nagsiling sa iya mga gintuton-an, “Pabay-i ninyo ang mga kabataan nga magpalapit sa akon, kag indi ninyo sila pagpunggi, kay ang Ginharian sang Dios iya sang mga kaangay nila."
"Verily I say unto you, Whosoever shall not receive the kingdom of God as a little child, he shall in no wise enter therein.",Dumdoma ninyo ini! Ang bisan sin-o nga indi magbaton sang paghari sang Dios subong sang isa ka bata indi gid makabig nga katapo sang amo nga Ginharian.”
"And he took them in his arms, and blessed them, laying his hands upon them.","Dayon ginkugos ni Jesus ang mga kabataan, iya gintungtong ang iya mga kamot sa tagsatagsa sa ila, kag iya sila ginbendisyunan."
"And as he was going forth into the way, there ran one to him, and kneeled to him, and asked him, Good Teacher, what shall I do that I may inherit eternal life?","Sang malakat na kuntani si Jesus kag ang iya mga gintuton-an, may isa ka tawo nga nagdalagan pakadto sa iya, nagluhod sa iya atubang kag nagpamangkot, “Maayo nga Manunodlo, ano bala ang himuon ko agod akon maangkon ang kabuhi nga dayon?”"
"And Jesus said unto him, Why callest thou me good? none is good save one, even God.","Si Jesus nagpamangkot sa iya, “Ngaa ginatawag mo ako nga maayo? Wala gid sing bisan isa nga maayo kundi ang Dios lamang."
"Thou knowest the commandments, Do not kill, Do not commit adultery, Do not steal, Do not bear false witness, Do not defraud, Honor thy father and mother.","Nahibaluan mo naman ang mga kasugoan: ‘Indi ka magpatay, indi ka magpanginbabayi ukon magpanginlalaki, indi ka magpangawat, indi ka magsaksi sang binutig, indi ka magdaya, tahura ang imo amay kag iloy.’”"
"And he said unto him, Teacher, all these things have I observed from my youth.","Ang tawo nagsiling sa iya, “Manunodlo, sugod sang lamharon pa ako natuman ko na ini tanan nga mga kasugoan.”"
"And Jesus looking upon him loved him, and said unto him, One thing thou lackest: go, sell whatsoever thou hast, and give to the poor, and thou shalt have treasure in heaven: and come, follow me.","Gintulok sia ni Jesus nga wala pulopamisok kag mahigugmaon nga ginsingganan, “Isa pa ka butang ang nakulang sa imo. Lakat ka kag ibaligya ang tanan mo nga pagkabutang, kag ihatag mo ang kwarta sa mga imol, kag magaangkon ka sang manggad sa langit, kag dali sunod ka sa akon.”"
"But his countenance fell at the saying, and he went away sorrowful: for he was one that had great possessions.","Sang pagkabati sini sang tawo, nahulog ang iya guya, kag naglakat sia nga masinulob-on, tungod kay madamo gid ang iya mga pagkabutang."
"And Jesus looked round about, and saith unto his disciples, How hardly shall they that have riches enter into the kingdom of God!","Si Jesus nagpanghulonghulong sa palibot niya kag nagsiling sa iya mga gintuton-an, “Daw ano kabudlay para sa mga manggaranon ang magpasakop sa paghari sang Dios!”"
"And the disciples were amazed at his words. But Jesus answereth again, and saith unto them, Children, how hard is it for them that trust in riches to enter into the kingdom of God!","Ang mga gintuton-an naurongan sa sini nga mga pulong, pero si Jesus nagpadayon sa pagsiling, “Mga anak ko, daw ano kabudlay ang magpasakop sa paghari sang Dios!"
"It is easier for a camel to go through a needle’s eye, than for a rich man to enter into the kingdom of God.","Labi pa kabudlay para sa isa ka manggaranon ang magpasakop sa paghari sang Dios, sang sa isa ka kamelyo nga maglapos sa buho sang dagom.”"
"And they were astonished exceedingly, saying unto him, Then who can be saved?","Tungod sini, ang mga gintuton-an natingala gid kag nagpinamangkutanay, “Sin-o na lang bala ang maluwas?”"
"Jesus looking upon them saith, With men it is impossible, but not with God: for all things are possible with God.","Gintulok sila ni Jesus nga wala pulopamisok, kag ginsabat, “Para sa tawo indi ini mahimo, pero para sa Dios mahimo ini, kay ang tanan nga butang sarang mahimo sang Dios.”"
"Peter began to say unto him, Lo, we have left all, and have followed thee.","Dayon si Pedro nagsiling, “Tan-awa bala, ginbayaan namon ang tanan kag nagsunod kami sa imo.”"
"Jesus said, Verily I say unto you, There is no man that hath left house, or brethren, or sisters, or mother, or father, or children, or lands, for my sake, and for the gospel’s sake,","Si Jesus nagsiling sa ila, “Huo matuod, kag tungod sini ginasiling ko sa inyo nga ang bisan sin-o nga nagabiya sang iya balay, ukon mga utod nga lalaki ukon babayi, ukon iloy, ukon amay, ukon mga kabataan, ukon mga kaumhan tungod sa akon kag sa Maayong Balita,"
"but he shall receive a hundredfold now in this time, houses, and brethren, and sisters, and mothers, and children, and lands, with persecutions; and in the world to come eternal life.","magabaton sing labi pa sa sini nga panag-on. Magabaton pa gid sia sing ginatos ka pilo nga mga balay, mga utod nga lalaki ukon babayi, mga iloy, mga kabataan kag mga kaumhan, kag mga paghingabot man. Kag sa palaabuton nga panag-on magabaton sia sang kabuhi nga dayon."
But many that are first shall be last; and the last first.,"Pero madamo ang mga nahauna subong nga mangin-ulihi, kag mga naulihi subong nga manginnahauna.”"
"And they were on the way, going up to Jerusalem; and Jesus was going before them: and they were amazed; and they that followed were afraid. And he took again the twelve, and began to tell them the things that were to happen unto him,","Karon nagataklad na si Jesus kag ang iya mga gintuton-an pakadto sa Jerusalem. Nag-una si Jesus sa ginakugmat nga mga gintuton-an, kag ang mga tawo nga nagsunod sa iya ginakulbaan man. Sa liwat gindala ni Jesus sing pain ang iya dose ka mga apostoles kag ginsugiran niya sila sang mga butang nga matabo sa iya."
"saying , Behold, we go up to Jerusalem; and the Son of man shall be delivered unto the chief priests and the scribes; and they shall condemn him to death, and shall deliver him unto the Gentiles:","Nagsiling sia sa ila, “Pamatii ninyo ini, nagapakadto kita sa Jerusalem sa diin ang Anak sang Tawo pagaitugyan sa pangulo nga mga pari kag sa mga manunodlo sang Kasugoan. Ila sia pamatbatan sing kamatayon, kag itugyan sa kamot sang mga Hentil."
"and they shall mock him, and shall spit upon him, and shall scourge him, and shall kill him; and after three days he shall rise again.","Ila sia yagutaon, duplaan, bunalon kag patyon, pero sa tapos ang tatlo ka adlaw mabanhaw sia.”"
"And there come near unto him James and John, the sons of Zebedee, saying unto him, Teacher, we would that thou shouldest do for us whatsoever we shall ask of thee.","Dayon si Santiago kag si Juan nga mga anak ni Zebedeo nagkadto kay Jesus, kag nagsiling sa iya, “Manunodlo, may luyag kami kuntani pangayuon sa imo.”"
"And he said unto them, What would ye that I should do for you?","Si Jesus nagsabat sa ila, “Ano bala ang luyag ninyo nga himuon ko para sa inyo?”"
"And they said unto him, Grant unto us that we may sit, one on thy right hand, and one on thy left hand, in thy glory.","Nagsabat sila, “Kon magpungko ka na gani sa trono sa imo mahimayaon nga Ginharian, papungkua kami upod sa imo, ang isa sa imo tuo kag ang isa sa imo wala.”"
"But Jesus said unto them, Ye know not what ye ask. Are ye able to drink the cup that I drink? or to be baptized with the baptism that I am baptized with?","Si Jesus nagsiling sa ila, “Wala kamo makahibalo kon ano ang inyo ginapangayo. Sarang bala kamo makainom sa kupa sang pag-antos nga akon pagaimnan? Sarang bala kamo makapabautiso subong sang pagbautiso sa akon?”"
"And they said unto him, We are able. And Jesus said unto them, The cup that I drink ye shall drink; and with the baptism that I am baptized withal shall ye be baptized:","Nagsabat sila, “Makasarang kami.”"
but to sit on my right hand or on my left hand is not mine to give; but it is for them for whom it hath been prepared.,"Si Jesus nagsiling sa ila, “Matuod gid nga magainom kamo sa kupa nga akon pagaimnan kag pagabautisohan kamo subong sang pagbautiso sa akon."
"And when the ten heard it, they began to be moved with indignation concerning James and John.","Pero ang pagpungko sa akon tuo ukon sa akon wala, indi akon ang paghatag sini. Ang Dios amo ang magahatag sini sa mga gin-amanan niya.”"
"And Jesus called them to him, and saith unto them, Ye know that they who are accounted to rule over the Gentiles lord it over them; and their great ones exercise authority over them.","Sang pagkabati sini sang napulo ka mga gintuton-an, naakig sila kay Santiago kag kay Juan."
"But it is not so among you: but whosoever would become great among you, shall be your minister;","Gani, ginpatawag sila tanan ni Jesus kag ginsingganan, “Inyo nahibaluan nga ang mga ginakabig nga mga pangulo sang mga pagano may gahom sa ila mga sinakpan kag ang mga gamhanan may bug-os nga awtoridad sa ila."
"and whosoever would be first among you, shall be servant of all.","Pero, indi amo ini iya ang sa inyo. Kon ang isa sa inyo luyag mangingamhanan, dapat sia manginsuloguon ninyo."
"For the Son of man also came not to be ministered unto, but to minister, and to give his life a ransom for many.","Kag kon ang isa sa inyo luyag manginpangulo, dapat sia mangin-ulipon sang tanan."
"And they come to Jericho: and as he went out from Jericho, with his disciples and a great multitude, the son of Timæus, Bartimæus, a blind beggar, was sitting by the way side.","Kay bisan pa gani ang Anak sang Tawo wala mag-abot agod alagaron, kundi sa pag-alagad kag sa paghatag sang iya kabuhi sa pagtubos sang madamo nga mga tawo.”"
"And when he heard that it was Jesus the Nazarene, he began to cry out, and say, Jesus, thou son of David, have mercy on me.","Karon nag-abot sila sa Jerico. Sang nagapagwa na si Jesus sa sadto nga banwa upod sa iya mga gintuton-an kag sa madamo nga mga tawo, ang isa ka bulag nga manugpakilimos nga ginahingalanan kay Bartimeo, anak ni Timeo, nagapungko sa higad sang dalan."
"And many rebuked him, that he should hold his peace: but he cried out the more a great deal, Thou son of David, have mercy on me.","Sang pagkabati niya nga nagaagi si Jesus nga taga-Nazaret, nagsinggit sia, “Jesus, Anak ni David, kaluoyi ako!”"
"And Jesus stood still, and said, Call ye him. And they call the blind man, saying unto him, Be of good cheer: rise, he calleth thee.","Madamo sang mga tawo ang nagsaway kag nagsiling sa iya nga maghipos sia. Pero nagsinggit pa gid gani sia sing mabaskog, “Anak ni David, kaluoyi ako!”"
"And he, casting away his garment, sprang up, and came to Jesus.","Nagdulog si Jesus kag nagsiling, “Tawga ninyo sia.”"
"And Jesus answered him, and said, What wilt thou that I should do unto thee? And the blind man said unto him, Rabboni, that I may receive my sight.","Gani, gintawag nila ang bulag, kag ginsingganan sia, “Magkalipay ka, tindog ka, kay iya ikaw ginatawag.”"
"And Jesus said unto him, Go thy way; thy faith hath made thee whole. And straightway he received his sight, and followed him in the way.","Iya hinaboy ang iya kunop, gulpi sia tumindog kag pumalapit kay Jesus."
"And when they draw nigh unto Jerusalem, unto Bethphage and Bethany, at the mount of Olives, he sendeth two of his disciples,","Sang nagahilapit na sila sa Jerusalem, sa mga banwa sang Betfage kag Betania nakaabot sila sa Bukid sang mga Olivo. Ginpauna ni Jesus ang duha niya ka mga gintuton-an"
"and saith unto them, Go your way into the village that is over against you: and straightway as ye enter into it, ye shall find a colt tied, whereon no man ever yet sat; loose him, and bring him.","kag ginsingganan sila: “Kadto kamo didto sa barangay nga yara sa unhan ninyo. Sa inyo gid pagsulod, inyo makita ang isa ka tinday sang asno nga nahigot kag wala pa gid masakyi. Hubari ninyo kag dal-a diri."
"And if any one say unto you, Why do ye this? say ye, The Lord hath need of him; and straightway he will send him back hither.","Kag kon may magpamangkot sa inyo, ‘Ngaa inyo ginahimo ini?’ singgana sia, ‘Ang Ginoo nagakinahanglan sini kag iuli man niya gilayon.’”"
"And they went away, and found a colt tied at the door without in the open street; and they loose him.","Gani naglakat sila nga duha, kag ila nakita sa dalan ang isa ka tinday sang asno nga nahigot sa pwertahan sang isa ka balay. Samtang ila ini ginahubaran,"
"And certain of them that stood there said unto them, What do ye, loosing the colt?","may mga nagatalan-aw nga nagpamangkot sa ila, “Ano ang inyo ginahimo? Ngaa ginahubaran ninyo ang tinday sang asno?”"
And they said unto them even as Jesus had said: and they let them go.,"Nagsabat sila suno sa ginsiling ni Jesus sa ila, kag ginpabay-an sila sang mga tawo."
"And they bring the colt unto Jesus, and cast on him their garments; and he sat upon him.","Gindala nila ang tinday sang asno kay Jesus, ila ginhampiluan sang ila mga kunop, kag ginsakyan ini ni Jesus."
"And many spread their garments upon the way; and others branches, which they had cut from the fields.",Madamo nga mga tawo ang naghumlad sang ila mga kunop sa dalan kag ang iban nagladlad sang mga sanga nga ila ginpanapas sa mga kahoy sa kaumhan.
"And they that went before, and they that followed, cried, Hosanna; Blessed is he that cometh in the name of the Lord:","Ang mga nagauna kag nagasunod sa iya nagsilinggit, “Dayawon ang Dios! Dayawon ang nagaabot sa ngalan sang Ginoo!"
"Blessed is the kingdom that cometh, the kingdom of our father David: Hosanna in the highest.",Dayawon ang palaabuton nga ginharian sang isa sang aton mga katigulangan nga si Haring David! Dayawon ang Dios sa kahitaasan!”
"And he entered into Jerusalem, into the temple; and when he had looked round about upon all things, it being now eventide, he went out unto Bethany with the twelve.","Nagkadto si Jesus sa Jerusalem, nagsulod sia sa Templo kag nagpanan-awtan-aw sang tanan. Tungod kay madali na lang magtunod ang adlaw, naglakat sia upod sa dose ka mga apostoles pakadto sa Betania."
"And on the morrow, when they were come out from Bethany, he hungered.","Pagkaaga, sang nagbalik sila gikan sa Betania ginutom si Jesus."
"And seeing a fig tree afar off having leaves, he came, if haply he might find anything thereon: and when he came to it, he found nothing but leaves; for it was not the season of figs.","Nakita niya sa unhan ang isa ka madabong nga kahoy nga higera, gani nagkadto sia sa pagtan-aw kon may makuha sia nga bunga. Sang didto na sia, wala sia sing may nakita nga bunga, kundi mga dahon lamang, tungod kay indi pa yadto tigbulunga sang kahoy nga higera."
"And he answered and said unto it, No man eat fruit from thee henceforward for ever. And his disciples heard it.","Si Jesus nagsiling sa kahoy nga higera, “Halin karon wala na gid sing may makakaon liwat sang imo bunga!”"
"And they come to Jerusalem: and he entered into the temple, and began to cast out them that sold and them that bought in the temple, and overthrew the tables of the money-changers, and the seats of them that sold the doves;",Kag ang iya mga gintuton-an nakabati sini.
and he would not suffer that any man should carry a vessel through the temple.,"Sang pag-abot nila sa Jerusalem, si Jesus nagsulod sa Templo kag nagsugod sa pagpanabog sang tanan nga mga nagapamaligya kag nagapamakal didto. Ginpamaliskad niya ang mga lamisa sang mga manugbaylo sang kwarta kag ang mga pulongkuan sang mga nagapamaligya sang mga pating,"
"And he taught, and said unto them, Is it not written, My house shall be called a house of prayer for all the nations? but ye have made it a den of robbers.",kag iya gindumili sa tanan ang paglaktod sa Templo nga nagadala sang bisan ano nga butang.
"And the chief priests and the scribes heard it, and sought how they might destroy him: for they feared him, for all the multitude was astonished at his teaching.","Dayon nagpanudlo sia sa mga tawo nga nagasiling: “Nasulat na sa mga Kasulatan, ‘Ang akon Templo pagatawgon nga balay nga palangamuyoan para sa mga tawo sang tanan nga mga pungsod.’ Pero inyo ini ginhimo nga isa ka palanaguan sang mga makawat!”"
And every evening he went forth out of the city.,"Ang pangulo nga mga pari kag ang mga manunodlo sang Kasugoan nakabati sini. Gani, nagpangita sila sing mga pahito sa pagpatay kay Jesus. Ugaling nahadlok sila sa iya, tungod kay ang tanan nga mga tawo natingala sa iya pagtulon-an."
"And as they passed by in the morning, they saw the fig tree withered away from the roots.","Sang madali na lang magtunod ang adlaw, si Jesus kag ang iya mga gintuton-an naggwa sa siudad."
"And Peter calling to remembrance saith unto him, Rabbi, behold, the fig tree which thou cursedst is withered away.","Aga pa gid sa madason nga adlaw, sang pag-agi nila liwat sa dalan, nakita nila nga ang kahoy nga higera nalaya tubtob sa iya mga gamot."
"And Jesus answering saith unto them, Have faith in God.","Nadumdoman ni Pedro ang nahanabo, gani nagsiling sia kay Jesus, “Manunodlo, tan-awa! Ang kahoy nga higera nga imo ginpakamalaut nalaya!”"
"Verily I say unto you, Whosoever shall say unto this mountain, Be thou taken up and cast into the sea; and shall not doubt in his heart, but shall believe that what he saith cometh to pass; he shall have it.","Si Jesus nagsabat sa ila, “Magtuo kamo sa Dios."
"Therefore I say unto you, All things whatsoever ye pray and ask for, believe that ye receive them, and ye shall have them.","Dumdoma ninyo ini! Ang bisan sin-o nga magsiling sa sining bukid, ‘Halin ka diri kag maglukso sa dagat,’ kag wala sia nagaduhaduha sa iya tagipusoon, kundi nagatuo nga ang iya ginasiling mahanabo, matuman ina sa iya."
"And whensoever ye stand praying, forgive, if ye have aught against any one; that your Father also who is in heaven may forgive you your trespasses.","Gani nagasiling ako sa inyo: Ang bisan ano nga inyo ginapangayo sa pangamuyo, magtuo kamo nga inyo na ina nabaton, kag ini tanan ihatag gid sa inyo."
26,"Kag kon kamo nagatindog nga nagapangamuyo, patawara ninyo ang mga nakasayop sa inyo, agod nga ang inyo Amay sa langit magpatawad man sang inyo mga sala."
"And they come again to Jerusalem: and as he was walking in the temple, there come to him the chief priests, and the scribes, and the elders;","Nagbalik sila liwat sa Jerusalem. Sang nagalakat si Jesus sa sulod sang Templo, ang pangulo nga mga pari kag ang mga manunodlo sang Kasugoan kag ang mga katigulangan sang mga Judio nagpalapit sa iya"
"and they said unto him, By what authority doest thou these things? or who gave thee this authority to do these things?","kag nagpamangkot, “Ano bala ang imo awtoridad sa paghimo sining mga butang, ukon sin-o ang naghatag sa imo sang awtoridad sa paghimo sini?”"
"And Jesus said unto them, I will ask of you one question, and answer me, and I will tell you by what authority I do these things.","Si Jesus nagsabat sa ila, “Mamangkot ako sa inyo sing isa lang. Sabta anay ninyo ako kag ako man magasugid sa inyo kon sa kay sin-o awtoridad ginahimo ko ining mga butang."
"The baptism of John, was it from heaven, or from men? answer me.",Kay sin-o bala nagikan ang awtoridad ni Juan sa pagbautiso: sa Dios ukon sa tawo? Sugiri ninyo ako!”
"And they reasoned with themselves, saying, If we shall say, From heaven; he will say, Why then did ye not believe him?","Kag nagbinaisay sila, “Ano ang aton isiling? Kon magsiling kita, ‘Gikan sa Dios,’ masiling sia, ‘Ti, ngaa wala kamo magpati kay Juan?’"
"But should we say, From men—they feared the people: for all verily held John to be a prophet.","Pero kon kita magsiling, ‘Gikan sa tawo…’” Bangod nahadlok sila sa mga tawo, kay ang tanan nagakabig kay Juan nga isa ka matuod nga propeta."
"And they answered Jesus and say, We know not. And Jesus saith unto them, Neither tell I you by what authority I do these things.","Gani, nagsabat sila kay Jesus, “Wala kami makahibalo.”"
"And he began to speak unto them in parables. A man planted a vineyard, and set a hedge about it, and digged a pit for the winepress, and built a tower, and let it out to husbandmen, and went into another country.","Dayon naghambal si Jesus sa ila paagi sa mga palaanggiran: “May isa ka tawo nga nagtanom sing ubas sa iya talamnan. Iya ini ginkudalan palibot, nagkutkot sia sing buho nga pulogaan sang ubas kag nagpatindog sing isa ka balantayan nga mataas. Dayon iya ini ginpaagsahan kag nagpanglakaton."
"And at the season he sent to the husbandmen a servant, that he might receive from the husbandmen of the fruits of the vineyard.","Sang tion na sa pagpamupo sang ubas, iya ginpadala ang isa niya ka suloguon sa mga agsador sa pagkuha sa ila sang iya parti sang patubas."
"And they took him, and beat him, and sent him away empty.","Gindakop nila ang suloguon, ginbunal kag ginpabalik nga wala sing dala."
"And again he sent unto them another servant; and him they wounded in the head, and handled shamefully.","Nagpadala liwat ang tag-iya sing isa pa gid ka suloguon, pero ginlampusan nila sia sa ulo kag ginpakahuy-an."
"And he sent another; and him they killed: and many others; beating some, and killing some.","Nagpadala na man ang tag-iya sing isa pa gid ka suloguon, kag ini ginpatay nila. Amo man ang ginhimo nila sa iban pa gid, ang iban ila ginpamunal kag ang iban sa ila ginpamatay."
"He had yet one, a beloved son: he sent him last unto them, saying, They will reverence my son.","Ang nabilin na lang nga iya sarang masugo amo ang iya gid pinalangga nga anak. Sa katapusan iya sia ginpadala sa ila nga nagasiling sa iya kaugalingon, ‘Pagatahuron gid nila ang akon anak.’"
"But those husbandmen said among themselves, This is the heir; come, let us kill him, and the inheritance shall be ours.","Pero ang mga agsador nagsinilingay, ‘Amo ini ang manunubli! Dali, patyon naton sia, agod mangin-aton ang iya palanublion!’"
"And they took him, and killed him, and cast him forth out of the vineyard.","Gani gindakop nila sia, kag ginpatay, kag ginhaboy nila ang iya bangkay sa gwa sang talamnan sang ubas."
"What therefore will the lord of the vineyard do? he will come and destroy the husbandmen, and will give the vineyard unto others.","Nagpamangkot si Jesus, “Karon, ano ang himuon sang tag-iya sang talamnan sang ubas? Balikan niya ang mga agsador kag pamatyon, kag paagsahan niya sa iban ang iya talamnan sang ubas."
Have ye not read even this scripture:,Wala bala ninyo ini mabasahi sa kasulatan?
"The stone which the builders rejected,","‘Ang bato nga ginsikway sang mga manunokod,"
The same was made the head of the corner;,nanginpamakod nga bato.
"This was from the Lord,","Ang Ginoo amo ang naghimo sini,"
And it is marvellous in our eyes?,daw ano ini ka makatilingala sa aton panulok!’”
"And they sought to lay hold on him; and they feared the multitude; for they perceived that he spake the parable against them: and they left him, and went away.","Ang mga pangulo sang mga Judio nagtinguha nga dakpon si Jesus, tungod kay nahangpan nila nga yadto nga palaanggiran iya ginpatungod batok sa ila. Ugaling nahadlok sila sa mga tawo, gani ginpabay-an nila sia kag naglakat."
"And they send unto him certain of the Pharisees and of the Herodians, that they might catch him in talk.",May mga Fariseo kag mga katapo sang partido ni Herodes nga ginpadala sa pagdakupdakop kay Jesus paagi sa mga pamangkot.
"And when they were come, they say unto him, Teacher, we know that thou art true, and carest not for any one; for thou regardest not the person of men, but of a truth teachest the way of God: Is it lawful to give tribute unto Cæsar, or not?","Nagkadto sila sa iya kag nagpamangkot, “Manunodlo, nahibaluan namon nga ikaw nagasugid sing matuod. Wala ka sing may ginapasulabi kag wala ka nagatan-aw sang tindog sang tawo, kundi imo lamang ginatudlo ang kabubot-on sang Dios para sa tawo. Sugiri kami, batok bala sa aton Kasugoan ang pagbayad sang buhis sa Emperador ukon indi? Magbayad bala kami sini ukon indi?”"
"Shall we give, or shall we not give? But he, knowing their hypocrisy, said unto them, Why make ye trial of me? bring me a denarius, that I may see it.","Pero nasat-uman ni Jesus ang ila kalag-it, gani nagsiling sia sa ila, “Ngaa bala nagatinguha gid kamo sa pagdakupdakop sa akon? Abi, dalhi ninyo ako diri sing denario kay tan-awon ko.”"
"And they brought it. And he saith unto them, Whose is this image and superscription? And they said unto him, Cæsar’s.","Kag gindalhan nila sia sing isa ka denario kag ginpamangkot niya sila, “Kay sin-o bala larawan kag ngalan ini?”"
"And Jesus said unto them, Render unto Cæsar the things that are Cæsar’s, and unto God the things that are God’s. And they marvelled greatly at him.","Nagsabat sila, “Iya sang Emperador.”"
"And there come unto him Sadducees, who say that there is no resurrection; and they asked him, saying,","Gani si Jesus nagsiling sa ila, “Ti, kon amo, ihatag ninyo sa Emperador ang iya sang Emperador kag sa Dios ang iya sang Dios.”"
"Teacher, Moses wrote unto us, If a man’s brother die, and leave a wife behind him, and leave no child, that his brother should take his wife, and raise up seed unto his brother.",Kag natingala gid sila sa kay Jesus.
"There were seven brethren: and the first took a wife, and dying left no seed;",Dayon nagkadto kay Jesus ang mga Saduceo. Ini sila amo ang nagasiling nga wala sing pagkabanhaw.
"and the second took her, and died, leaving no seed behind him; and the third likewise:","Ginpamangkot nila sia, “Manunodlo, ginsulat ni Moises ining kasugoan sa aton: ‘Kon ang isa ka tawo mapatay kag mabilin ang asawa, pero wala sing bata, ang utod sina nga tawo dapat magpangasawa sang nabalo, agod makapamata para sa sadtong utod niya nga napatay.’"
and the seven left no seed. Last of all the woman also died.,Sang una anay may pito ka mag-ulotod nga lalaki. Ang kamagulangan nagpangasawa kag napatay sia nga wala sing kabataan.
In the resurrection whose wife shall she be of them? for the seven had her to wife.,Dayon ginpangasawa sang madason niya nga utod ang nabalo kag napatay man ini nga utod nga wala sing kabataan. Amo man ang nahanabo sa ikatlo
"Jesus said unto them, Is it not for this cause that ye err, that ye know not the scriptures, nor the power of God?","kag sa iban niya nga mga utod. Sila tanan nga pito nagpangasawa sa sadto nga babayi kag napatay nga wala gid makapamata. Sang ulihi, napatay man ang babayi."
"For when they shall rise from the dead, they neither marry, nor are given in marriage; but are as angels in heaven.","Karon, kon ang tanan nga mga patay mabanhaw sa adlaw sang pagkabanhaw, kay sin-o bala asawa ang babayi, kay sila nga pito nakapangasawa sa iya?”"
"But as touching the dead, that they are raised; have ye not read in the book of Moses, in the place concerning the Bush, how God spake unto him, saying, I am the God of Abraham, and the God of Isaac, and the God of Jacob?","Si Jesus nagsabat sa ila, “Nagsala gid kamo, kay wala kamo makasayasat sang mga Kasulatan ukon makahibalo sang gahom sang Dios!"
"He is not the God of the dead, but of the living: ye do greatly err.","Kay kon ang mga patay mabanhaw, manginsubong sila sang mga anghel sa langit, ang mga lalaki kag babayi indi na magaasawahay."
"And one of the scribes came, and heard them questioning together, and knowing that he had answered them well, asked him, What commandment is the first of all?","Karon nahanungod sa pagbanhaw sang mga patay, wala bala ninyo mabasahi sa Libro ni Moises ang dinalan nahanungod sa nagadabdab nga magamay nga kahoy? Dira nasulat nga ang Dios nagsiling kay Moises, ‘Ako amo ang Dios ni Abraham, ang Dios ni Isaac kag ang Dios ni Jacob.’"
"Jesus answered, The first is, Hear, O Israel; The Lord our God, the Lord is one:",Sia ang Dios sang mga buhi kag indi sang mga patay. Matuod gid nga nagsala kamo!”
"and thou shalt love the Lord thy God with all thy heart, and with all thy soul, and with all thy mind, and with all thy strength.","May isa ka manunodlo sang Kasugoan nga nagpalapit kag nakabati sang ila pagbinaisay. Natalupangdan niya nga si Jesus nagsabat sa ila sing nagakaigo. Gani, nagpamangkot man sia sa iya: “Ano gid bala ang labing importante nga sugo sa tanan?”"
"The second is this, Thou shalt love thy neighbor as thyself. There is none other commandment greater than these.","Si Jesus nagsabat, “Amo ini ang labing importante nga sugo: ‘Pamati ka, O Israel, ang Ginoo nga aton Dios amo lamang ang Ginoo."
"And the scribe said unto him, Of a truth, Teacher, thou hast well said that he is one; and there is none other but he:","Higugmaa ang Ginoo nga imo Dios sa bug-os mo nga tagipusoon, sa bug-os mo nga kalag, sa bug-os mo nga hunahuna, kag sa bug-os mo nga kusog.’"
"and to love him with all the heart, and with all the understanding, and with all the strength, and to love his neighbor as himself, is much more than all whole burnt-offerings and sacrifices.",Ang ikaduha amo ini: ‘Higugmaa ang imo isigkatawo subong sang imo kaugalingon.’ Wala na sing iban pa nga sugo nga mas labi pa ka importante sang sa sining duha.”
"And when Jesus saw that he answered discreetly, he said unto him, Thou art not far from the kingdom of God. And no man after that durst ask him any question.","Ang manunodlo sang Kasugoan nagsiling sa iya, “Husto gid, Manunodlo! Matuod ang siling mo, nga isa lamang ang Dios, kag wala na gid sing iban pa luas sa iya."
"And Jesus answered and said, as he taught in the temple, How say the scribes that the Christ is the son of David?","Kag dapat higugmaon sang tawo ang Dios sa bug-os niya nga tagipusoon, sa bug-os niya nga hunahuna, kag sa bug-os niya nga kusog, kag dapat niya higugmaon ang iya isigkatawo subong sang iya kaugalingon. Labi pa ka importante ang pagtuman sining duha ka sugo sang sa tanan nga halad nga sinunog kag halad nga inihaw.”"
"David himself said in the Holy Spirit,","Kag sang pagkahibalo ni Jesus nga maayo ang iya sabat, iya sia ginsingganan, “Indi ka malayo nga manginsakop sang paghari sang Dios.”"
"The Lord said unto my Lord,","Sa tapos sadto, wala na gid sing may nangahas sa pagpamangkot kay Jesus."
"Sit thou on my right hand,","Sang nagapanudlo si Jesus sa Templo, nagpamangkot sia, “Paano bala ang pagsiling sang mga manunodlo sang Kasugoan nga ang Cristo magagikan sa kaliwat ni David?"
Till I make thine enemies the footstool of thy feet.,Kay ang Espiritu Santo nagbugna kay David sa pagsiling:
David himself calleth him Lord; and whence is he his son? And the common people heard him gladly.,‘Ang Ginoo nagsiling sa akon Ginoo:
"And in his teaching he said, Beware of the scribes, who desire to walk in long robes, and to have salutations in the marketplaces,","pungko ka diri sa akon tuo,"
"and chief seats in the synagogues, and chief places at feasts:",tubtob nga mabutang ko ang imo mga kaaway sa idalom sang imo mga tiil.’
"they that devour widows’ houses, and for a pretence make long prayers; these shall receive greater condemnation.","Kon si David mismo nagtawag sa iya nga ‘Ginoo,’ karon paano bala ang pagkahimo nga ang Cristo kaliwat ni David?”"
"And he sat down over against the treasury, and beheld how the multitude cast money into the treasury: and many that were rich cast in much.",Ang madamo nga mga tawo nanamian magpamati kay Jesus.
"And there came a poor widow, and she cast in two mites, which make a farthing.","Sang nagpanudlo sia sa ila, nagsiling sia, “Mag-andam kamo sa mga manunodlo sang Kasugoan nga luyag maglagawlagaw nga may malaba nga mga bayu, kag luyag nga ang mga tawo mag-abiabi nga may pagtahod sa ila sa mga tiendahan,"
"And he called unto him his disciples, and said unto them, Verily I say unto you, This poor widow cast in more than all they that are casting into the treasury:",kag nagapili sang pinasulabi nga mga pulongkuan sa mga sinagoga kag sang mga pulongkuan sang mga dungganon sa mga punsyon.
"And as he went forth out of the temple, one of his disciples saith unto him, Teacher, behold, what manner of stones and what manner of buildings!","Sang nagagwa si Jesus sa Templo nagsiling ang isa sang iya mga gintuton-an, “Manunodlo, tan-awa bala! Sa pagkatahom sining mga bato kag sa pagkadalagku nga mga balay!”"
"And Jesus said unto him, Seest thou these great buildings? there shall not be left here one stone upon another, which shall not be thrown down.","Si Jesus nagsabat, “Nakita mo ining dalagku nga mga balay? Wala sing bisan isa ka bato nga mabilin nga nagatungtong pa sa ibabaw sang isa ka bato kay ang tanan pagagub-on.”"
"And as he sat on the mount of Olives over against the temple, Peter and James and John and Andrew asked him privately,","Samtang nagapungko si Jesus sa Bukid sang mga Olivo nga nagaatubang sa Templo, nagpalapit sa iya sanday Pedro, Santiago, Juan kag Andres kag nagpamangkot sa iya nga silahanon lang,"
"Tell us, when shall these things be? and what shall be the sign when these things are all about to be accomplished?",“Sugiri kami kon san-o ini mahanabo kag sugiri man kami sang mga tanda nga madali na lang ini tanan nga mga butang mahanabo.”
"And Jesus began to say unto them, Take heed that no man lead you astray.","Si Jesus nagsiling sa ila, “Mag-andam kamo nga wala sing may makapatalang sa inyo."
"Many shall come in my name, saying, I am he ; and shall lead many astray.","Madamo ang magaabot sa akon ngalan kag magasiling, ‘Ako ang Cristo!’ kag sila magapatalang sang madamo nga mga tawo."
"And when ye shall hear of wars and rumors of wars, be not troubled: these things must needs come to pass; but the end is not yet.","Kag indi kamo magpakulba kon mabatian ninyo ang linupok sang mga inaway sa malapit kag ang balita sang mga gira sa malayo nga lugar. Kay ini nga mga butang kinahanglan matabo, pero wala ini nagakahulogan nga ang katapusan nag-abot na."
"For nation shall rise against nation, and kingdom against kingdom; there shall be earthquakes in divers places; there shall be famines: these things are the beginning of travail.",Ang mga pungsod magailinaway kag ang mga ginharian magasumponganay. May mga linog kag gutom sa nagakalainlain nga mga lugar. Ini nga mga butang manginkaangay sang nahauna nga pagpasakit sang manugbata.
"But take ye heed to yourselves: for they shall deliver you up to councils; and in synagogues shall ye be beaten; and before governors and kings shall ye stand for my sake, for a testimony unto them.","“Kamo inyo dapat mag-andam, kay ipadakop kamo sang mga tawo kag ipadala sa hukmanan. Pagabunalon kamo sa mga sinagoga. Magatindog kamo sa atubang sang mga pangulo kag sang mga hari tungod sa akon sa pagsugid sa ila sang Maayong Balita."
And the gospel must first be preached unto all the nations.,Ang Maayong Balita kinahanglan iwali anay sa tanan nga mga tawo dayon ang katapusan magaabot.
"And when they lead you to judgment , and deliver you up, be not anxious beforehand what ye shall speak: but whatsoever shall be given you in that hour, that speak ye; for it is not ye that speak, but the Holy Spirit.","Kag kon dakpon kamo kag dalhon sa hukmanan, indi kamo magpalibog kon ano ang inyo ihambal sa wala pa ang tion. Kon mag-abot na ina nga tion ihambal lang ninyo ang ginahatag sang Dios sa inyo. Kay ang mga pulong nga inyo igahambal indi inyo, kundi magahalin sa Espiritu Santo."
"And brother shall deliver up brother to death, and the father his child; and children shall rise up against parents, and cause them to be put to death.","May mga tawo nga magatugyan sang ila kaugalingon nga mga utod agod pagapatyon, kag amo man ini ang himuon sang mga amay sa ila mga anak. Ang mga anak magabato kag magapapatay sang ila mga ginikanan."
"And ye shall be hated of all men for my name’s sake: but he that endureth to the end, the same shall be saved.","Ang tanan magadumot sa inyo tungod sa akon, pero ang bisan sin-o nga nagapadayon tubtob sa katapusan maluwas."
"But when ye see the abomination of desolation standing where he ought not (let him that readeth understand), then let them that are in Judæa flee unto the mountains:","“Makita ninyo ‘Ang Makakulogmat nga Kangil-aran’ nga ginpatindog sa lugar nga indi dapat niya luntaran.” (Sa bumalasa: hangpa ang kahulogan sini!), “Sa sadto nga tion ang yara sa Judea kinahanglan magpalagyo sa kabukiran."
"and let him that is on the housetop not go down, nor enter in, to take anything out of his house:",Ang tawo nga yara sa atop sang iya balay dapat nga indi na mag-usik sang tion sa pagpanaog kag pagsulod sa iya balay sa pagkuha sang iya dalal-on.
and let him that is in the field not return back to take his cloak.,Ang tawo nga yara sa uma dapat nga indi na magpauli sa pagkuha sang iya kunop.
But woe unto them that are with child and to them that give suck in those days!,Sa sadto nga mga adlaw daw ano ka makaluluoy ang mga babayi nga nagabusong kag ang mga iloy nga may lapsag nga ginapasuso!
And pray ye that it be not in the winter.,Magpangamuyo kamo sa Dios nga ini nga mga butang indi mahanabo sa tion sang tigtulognaw!
"For those days shall be tribulation, such as there hath not been the like from the beginning of the creation which God created until now, and never shall be.",Kay ang kalalat-an sadto nga mga adlaw indi matupongan halin sang pagtuga sang Dios sang kalibutan tubtob karon. Kag wala na gid sing manginkaangay pa sini liwat.
"And except the Lord had shortened the days, no flesh would have been saved; but for the elect’s sake, whom he chose, he shortened the days.","Pero ginpalip-ot sang Ginoo ang kalawigon sadtong mga adlaw, kay kon wala niya paghimua ini, wala sing may mabilin nga buhi. Pero tungod sang iya pinili nga mga katawhan, ginpalip-ot niya yadtong mga adlaw."
"And then if any man shall say unto you, Lo, here is the Christ; or, Lo, there; believe it not:","“Gani indi kamo magpati kon may magsiling sa inyo, ‘Tan-awa bala, yari ang Cristo!’ ukon ‘Lantawa bala, adto sia didto!’"
"for there shall arise false Christs and false prophets, and shall show signs and wonders, that they may lead astray, if possible, the elect.","Kay magatuhaw ang indi matuod nga mga Cristo kag ang indi matuod nga mga propeta. Magahimo sila sing mga talandaan kag mga kalatingalahan sa tuyo nga ila mapatalang, kon sarang pa lang nila mahimo, bisan pa ang pinili nga mga katawhan sang Dios."
"But take ye heed: behold, I have told you all things beforehand.","Pero kamo inyo magbantay! Nasugid ko na sa inyo ang tanan, sa wala pa mahanabo ini nga mga butang."
"But in those days, after that tribulation, the sun shall be darkened, and the moon shall not give her light,","“Sa sadtong mga adlaw, sa tapos sining kalalat-an, ang adlaw magadulom kag ang bulan indi na magsanag,"
"and the stars shall be falling from heaven, and the powers that are in the heavens shall be shaken.","ang mga bituon magakalahulog gikan sa langit, kag ang mga gahom sa kahawaan pagapatalangon sa ila kinaandan nga alagyan."
And then shall they see the Son of man coming in clouds with great power and glory.,"Dayon makita ang Anak sang Tawo nga nagapadulong nga yara sa mga panganod, nga may daku nga gahom kag himaya."
"And then shall he send forth the angels, and shall gather together his elect from the four winds, from the uttermost part of the earth to the uttermost part of heaven.",Magapadala sia sang mga anghel sa apat ka pamusod sang duta sa pagtipon sang pinili nga mga katawhan sang Dios gikan sa tanan nga mga lugar sang kalibutan.
"Now from the fig tree learn her parable: when her branch is now become tender, and putteth forth its leaves, ye know that the summer is nigh;","“Magtuon kamo sing leksyon sa kahoy nga higera. Kon ang iya mga sanga magpanglumbay na, inyo mahibaluan nga malapit na ang tingadlaw."
"even so ye also, when ye see these things coming to pass, know ye that he is nigh, even at the doors.","Sa amo man nga bagay, kon makita ninyo nga nagakahanabo na ini nga mga butang, inyo mahibaluan nga malapit na sia, kag madali na lang mag-abot."
"Verily I say unto you, This generation shall not pass away, until all these things be accomplished.",Dumdoma ninyo ini! Mahanabo ini tanan nga mga butang sa wala pa magkalamatay ang mga tawo nga buhi pa subong.
Heaven and earth shall pass away: but my words shall not pass away.,"Ang langit kag ang duta magataliwan, pero ang akon mga pulong indi gid magtaliwan."
"But of that day or that hour knoweth no one, not even the angels in heaven, neither the Son, but the Father.","“Pero wala sing may nakahibalo kon san-o ina nga adlaw ukon oras magaabot, bisan pa ang mga anghel sa langit, ukon ang Anak, kundi ang Amay gid lamang."
"Take ye heed, watch and pray: for ye know not when the time is.","Magbantay kag magpangaman kamo, kay wala ninyo mahibaloi kon san-o yadto nga tion magaabot."
"It is as when a man, sojourning in another country, having left his house, and given authority to his servants, to each one his work, commanded also the porter to watch.","Manginkaangay ini sang isa ka tawo nga nagpanglakaton sa malayo. Sa wala pa sia makahalin, gintugyan niya sa iya mga suloguon ang pag-atipan sang iya balay, ang tagsatagsa may iya nga kaugalingon nga hilikuton. Kag nagsugo sia sa manugbantay sang pwertahan sa pagbantay."
"Watch therefore: for ye know not when the lord of the house cometh, whether at even, or at midnight, or at cockcrowing, or in the morning;","Gani magbantay kamo kay wala kamo makahibalo kon san-o mabalik ang agalon sang puloy-an, basi sa kahapunanon, ukon sa tungang gab-i, sa kaagahon ukon sa pagbutlak sang adlaw."
lest coming suddenly he find you sleeping.,"Kon mag-abot sia sing hinali, kinahanglan nga indi niya kamo maabtan nga nagakatulog."
"And what I say unto you I say unto all, Watch.",Ang ginasiling ko sa inyo ginasiling ko sa tanan: Magbantay kamo!”
"Now after two days was the feast of the passover and the unleavened bread: and the chief priests and the scribes sought how they might take him with subtlety, and kill him:",Duha na lang ka adlaw kag magaabot na ang Piesta sang Pascua kag ang Piesta sang Tinapay nga Wala sing Lebadora. Ang pangulo nga mga pari kag ang mga manunodlo sang Kasugoan nagpangita sang paagi sa pagdakop kay Jesus sa tago kag sa pagpatay sa iya.
"for they said, Not during the feast, lest haply there shall be a tumult of the people.","Nagsiling sila, “Indi naton paghimuon ini sa tion sang piesta, kay basi magkinagamo ang mga tawo.”"
"And while he was in Bethany in the house of Simon the leper, as he sat at meat, there came a woman having an alabaster cruse of ointment of pure nard very costly; and she brake the cruse, and poured it over his head.","Yadto didto si Jesus sa Betania sa balay ni Simon nga sadto anay aruon. Sang nagakaon sia, nag-abot ang isa ka babayi nga may dala nga tibodtibod nga alabastro nga puno sang malahalon gid nga agwa nga nahimo sa puraw nga nardo. Iya ginbuong ang tibodtibod kag ginbubo ang agwa sa ulo ni Jesus."
"But there were some that had indignation among themselves, saying , To what purpose hath this waste of the ointment been made?","May mga tawo didto nga naakig kag nagsinilingay, “Ngaa bala nga ginausikan niya ang agwa?"
"For this ointment might have been sold for above three hundred shillings, and given to the poor. And they murmured against her.",Sarang kuntani mabaligya ini sing kapin sa 300 ka denario kag ang kwarta mahatag sa mga imol!” Gani naakig sila sa babayi.
"But Jesus said, Let her alone; why trouble ye her? she hath wrought a good work on me.","Pero si Jesus nagsiling, “Pabay-i ninyo sia! Ngaa ginatublag ninyo sia? Maayo ining ginahimo niya sa akon."
"For ye have the poor always with you, and whensoever ye will ye can do them good: but me ye have not always.","Sa gihapon ang mga imol kaupod ninyo kag sarang kamo makabulig sa ila sa bisan anong oras nga luyag ninyo, pero ako indi manginkaupod ninyo sa tanan nga tion."
She hath done what she could; she hath anointed my body beforehand for the burying.,Ini nga babayi naghimo sang iya masarangan. Ginbuboan niya sing agwa ang akon lawas sa pag-aman sini sa akon lubong.
"And verily I say unto you, Wheresoever the gospel shall be preached throughout the whole world, that also which this woman hath done shall be spoken of for a memorial of her.","Dumdoma ninyo ini! Bisan diin iwali ang Maayong Balita sa bug-os nga kalibutan, isugid man ang ginhimo sini nga babayi sa handumanan niya.”"
"And Judas Iscariot, he that was one of the twelve, went away unto the chief priests, that he might deliver him unto them.",Dayon si Judas Iscariote nga isa sang dose ka mga apostoles nagkadto sa pangulo nga mga pari agod nga iya matugyan si Jesus sa ila mga kamot.
"And they, when they heard it, were glad, and promised to give him money. And he sought how he might conveniently deliver him unto them .","Sang pagkabati nila sini, nalipay gid sila kag nagtug-an sa paghatag sa iya sing kwarta. Gani, sugod sadto si Judas nagpangita sing kahigayunan agod matugyan niya si Jesus sa ila."
"And on the first day of unleavened bread, when they sacrificed the passover, his disciples say unto him, Where wilt thou that we go and make ready that thou mayest eat the passover?","Sang nahauna nga adlaw sang Piesta sang Tinapay nga wala sing Lebadora, ang adlaw nga ginaihaw ang mga kordero para sa panihapon sang Piesta sang Pascua, ang mga gintuton-an ni Jesus nagpamangkot sa iya, “Diin bala ang luyag mo nga amon pagakadtuan sa pag-aman para sa imo sang panihapon sang Piesta sang Pascua?”"
"And he sendeth two of his disciples, and saith unto them, Go into the city, and there shall meet you a man bearing a pitcher of water: follow him;",Dayon ginsugo ni Jesus ang duha sang iya mga gintuton-an nga iya ginsingganan: “Kadto kamo sa siudad kag didto masugata ninyo ang isa ka tawo nga nagapas-an sang isa ka banga nga tubig. Sunda ninyo sia
"and wheresoever he shall enter in, say to the master of the house, The Teacher saith, Where is my guest-chamber, where I shall eat the passover with my disciples?","kag kon diin nga balay sia magsulod, singgana ninyo ang tagbalay: ‘Ang Manunodlo nagasiling, Diin ang kwarto nga akon pagakan-an sang panihapon sang Piesta sang Pascua upod sa akon mga gintuton-an?’"
And he will himself show you a large upper room furnished and ready: and there make ready for us.,Kag ipakita niya sa inyo ang isa ka daku nga kwarto sa ibabaw nga naaman na. Didto kamo maghanda para sa aton.”
"And the disciples went forth, and came into the city, and found as he had said unto them: and they made ready the passover.","Ang mga gintuton-an naglakat kag sang nakaabot sila sa siudad, nakita nila ang tanan suno sa ginpamulong ni Jesus sa ila, kag naghanda sila sang panihapon sang Piesta sang Pascua."
And when it was evening he cometh with the twelve.,"Sang sirom na, nag-abot si Jesus kag ang dose ka mga apostoles."
"And as they sat and were eating, Jesus said, Verily I say unto you, One of you shall betray me, even he that eateth with me.","Sang nagakaon na sila sa lamisa, nagsiling si Jesus sa ila, “Dumdoma ninyo ini, ang isa sa inyo nga nagakaon upod sa akon magaluib sa akon.”"
"They began to be sorrowful, and to say unto him one by one, Is it I?","Natublag ang mga gintuton-an kag tag-isaisa sila nga nagpamangkot sa iya, “Ako bala?”"
"And he said unto them, It is one of the twelve, he that dippeth with me in the dish.","Si Jesus nagsabat sa ila, “Isa sa inyo nga dose nga nagadungan sa akon sa pagtusmaw sang iya tinapay sa yahong."
"For the Son of man goeth, even as it is written of him: but woe unto that man through whom the Son of man is betrayed! good were it for that man if he had not been born.","Ang Anak sang Tawo mapatay suno sa ginsiling sang mga Kasulatan, pero daw ano ka makaluluoy ang tawo nga magaluib sa Anak sang Tawo! Mas maayo pa kuntani nga wala sia matawo!”"
"And as they were eating, he took bread, and when he had blessed, he brake it, and gave to them, and said, Take ye: this is my body.","Sang nagakaon sila, si Jesus nagkuha sang tinapay, nagpasalamat sa Dios, kag iya ginpamihakpihak ini kag ginhatag sa iya mga gintuton-an nga nagasiling, “Kuha kamo sini, ini amo ang akon lawas.”"
"And he took a cup, and when he had given thanks, he gave to them: and they all drank of it.","Dayon nagkuha sia sang kupa, nagpasalamat sia sa Dios, kag ginhatag ini sa ila, kag sila tanan nag-inom."
"And he said unto them, This is my blood of the covenant, which is poured out for many.","Nagsiling si Jesus, “Ini amo ang akon dugo nga ginaula para sa madamo, ang akon dugo nga nagaselyo sang kasugtanan sang Dios."
"Verily I say unto you, I shall no more drink of the fruit of the vine, until that day when I drink it new in the kingdom of God.",Ginasiling ko sa inyo nga indi na ako mag-inom liwat sini nga bino tubtob sa adlaw nga mainom ko ang bag-o nga bino sa Ginharian sang Dios.”
"And when they had sung a hymn, they went out unto the mount of Olives.",Sa tapos sila makakanta sang isa ka ambahanon nagkadto sila sa bukid sang mga Olivo.
"And Jesus saith unto them, All ye shall be offended: for it is written, I will smite the shepherd, and the sheep shall be scattered abroad.","Si Jesus nagsiling sa ila, “Tanan kamo magapalagyo kag magabiya sa akon kay ang kasulatan nagasiling, ‘Ang Dios magapatay sang manugbantay kag magaalaplaag ang mga karnero.’"
"Howbeit, after I am raised up, I will go before you into Galilee.","Pero sa tapos ako mabanhaw, magauna ako sa inyo sa Galilea.”"
"But Peter said unto him, Although all shall be offended, yet will not I.","Si Pedro nagsabat, “Bisan pa bayaan ikaw sang tanan magaunong gid ako sa imo!”"
"And Jesus saith unto him, Verily I say unto thee, that thou to-day, even this night, before the cock crow twice, shalt deny me thrice.","Si Jesus nagsiling sa iya, “Dumdoma ini! Sa wala pa makapamalo ang manok sing makaduha karon gid nga gab-i, ikaw mismo magasiling sing tatlo ka beses nga wala ka makakilala sa akon.”"
"But he spake exceeding vehemently, If I must die with thee, I will not deny thee. And in like manner also said they all.","Pero si Pedro nagsabat nga may pagpamilit kag sa mabaskog nga tingog, “Indi gid ako magpanghiwala sa imo, bisan pa nga patyon ako upod sa imo!”"
"And they come unto a place which was named Gethsemane: and he saith unto his disciples, Sit ye here, while I pray.",Kag amo man ini ang ginsiling sang tanan nga mga gintuton-an.
"And he taketh with him Peter and James and John, and began to be greatly amazed, and sore troubled.","Nag-abot si Jesus kag ang iya mga gintuton-an sa isa ka lugar nga ginatawag Getsemani, kag nagsiling sia sa iya mga gintuton-an, “Pungko kamo diri samtang nagapangamuyo ako.”"
"And he saith unto them, My soul is exceeding sorrowful even unto death: abide ye here, and watch.","Dayon gin-upod niya sanday Pedro, Santiago, kag Juan. Nag-abot kay Jesus ang daku nga kakugmat kag kalisod,"
"And he went forward a little, and fell on the ground, and prayed that, if it were possible, the hour might pass away from him.","kag nagsiling sia sa ila, “Daw malumos ako sa kalisod. Pabilin kamo diri kag magbantay.”"
"And he said, Abba, Father, all things are possible unto thee; remove this cup from me: howbeit not what I will, but what thou wilt.","Naglakat sia sa ulounhan kag naghapa sa duta kag nagpangamuyo nga kon mahimo, ipaiway lang kuntani ang tion sang iya pag-antos."
"And he cometh, and findeth them sleeping, and saith unto Peter, Simon, sleepest thou? couldest thou not watch one hour?","Nagpangamuyo sia, “Amay ko, O Amay ko, mahimo mo ang tanan. Ilikaw ining kupa sang pag-antos sa akon. Pero indi ang akon kabubot-on ang matuman kundi ang imo.”"
"Watch and pray, that ye enter not into temptation: the spirit indeed is willing, but the flesh is weak.","Dayon nagbalik sia kag nasapwan niya ang tatlo ka mga gintuton-an nga nagakatulog, kag nagpamangkot sia kay Pedro, “Nagakatulog ka bala, Simon? Indi ka gid bala makapulaw bisan isa lang ka oras?”"
"And again he went away, and prayed, saying the same words.","Kag nagsiling sia sa ila, “Magpulaw kamo kag magpangamuyo agod nga indi kamo mahulog sa pagsulay. Handa ang espiritu, ugaling ang lawas maluya.”"
"And again he came, and found them sleeping, for their eyes were very heavy; and they knew not what to answer him.",Naglakat sia liwat kag nagpangamuyo sang amo man gihapon nga pangamuyo.
"And he cometh the third time, and saith unto them, Sleep on now, and take your rest: it is enough; the hour is come; behold, the Son of man is betrayed into the hands of sinners.","Sang pagbalik niya liwat sa iya mga gintuton-an, nasapwan niya nga nagakatulog sila kay natuyo gid sila, kag indi sila makahibalo kon ano ang ila isabat sa iya."
"Arise, let us be going: behold, he that betrayeth me is at hand.","Sang ikatlo na nga pagbalik ni Jesus sa ila, nagsiling sia, “Nagakatulog pa bala kamo kag nagapahuway? Husto na ina! Ang oras nag-abot na! Yari na, ang Anak sang Tawo ginatugyan sa gahom sang makasasala nga mga tawo."
"And straightway, while he yet spake, cometh Judas, one of the twelve, and with him a multitude with swords and staves, from the chief priests and the scribes and the elders.","Bangon kamo, malakat kita. Kita ninyo, nag-abot na ang tawo nga magatugyan sa akon!”"
"Now he that betrayed him had given them a token, saying, Whomsoever I shall kiss, that is he; take him, and lead him away safely.","Sa gilayon, sang nagahambal pa si Jesus, nag-abot si Judas nga isa sang dose ka mga apostoles. Madamo nga mga tawo nga may dala nga mga espada kag mga inuglampos ang kaupod niya. Ini sila ginsugo sang pangulo nga mga pari kag sang mga manunodlo sang Kasugoan, kag sang mga katigulangan sang mga Judio."
"And when he was come, straightway he came to him, and saith, Rabbi; and kissed him.",Ang traidor naghatag na sini nga senyas sa mga tawo nga kaupod niya: “Ang tawo nga tamyawon ko paagi sa halok amo ina sia ang ginapangita ninyo. Dakpa ninyo sia kag dal-a nga ginagwardyahan gid sing maayo.”
"And they laid hands on him, and took him.","Sang pagsampot ni Judas, gintamyaw niya si Jesus nga nagasiling, “Manunodlo!” kag ginhalukan niya sia."
"But a certain one of them that stood by drew his sword, and smote the servant of the high priest, and struck off his ear.",Kag gindakop nila si Jesus kag ginsiguro nga indi sia makapalagyo.
"And Jesus answered and said unto them, Are ye come out, as against a robber, with swords and staves to seize me?",Pero ang isa sang mga nagatambong didto naghunos sang iya espada kag ginlabo ang isa ka suloguon sang Pinakamataas nga Pari kag nautas ang iya sini dulonggan.
"I was daily with you in the temple teaching, and ye took me not: but this is done that the scriptures might be fulfilled.","Si Jesus nagpamangkot sa ila, “Kinahanglan gid bala ninyo ang mga espada kag mga inuglampos sa pagdakop sa akon, subong abi nga daw buyong ako?"
"And they all left him, and fled.",Adlaw-adlaw yara ako kaupod ninyo nga nagapanudlo sa Templo kag wala man ninyo ako pagdakpa. Pero kinahanglan nga matuman ang nasulat sa mga Kasulatan.”
"And a certain young man followed with him, having a linen cloth cast about him, over his naked body : and they lay hold on him;","Dayon ginbayaan sia sang iya mga gintuton-an, kag nagpalagyo sila tanan."
"but he left the linen cloth, and fled naked.","May isa ka pamatan-on nga lalaki nga nagatampi lang sing isa ka panapton nga lino nga nagasunod kay Jesus. Dakpon kuntani nila sia,"
And they led Jesus away to the high priest: and there come together with him all the chief priests and the elders and the scribes.,pero nanginpadlos sia kag nagpalagyo nga hublas kay nabilin ang iya ginatampi.
"And Peter had followed him afar off, even within, into the court of the high priest; and he was sitting with the officers, and warming himself in the light of the fire .","Karon gindala nila si Jesus sa balay sang Pinakamataas nga Pari sa diin nagtililipon ang tanan nga pangulo nga mga pari, ang mga katigulangan sang mga Judio, kag ang mga manunodlo sang Kasugoan."
Now the chief priests and the whole council sought witness against Jesus to put him to death; and found it not.,"Si Pedro nagsunod kay Jesus sa malayo, kag nagsulod man sia sa hardin sang palasyo sang Pinakamataas nga Pari. Didto nagpungko sia upod sa mga gwardya sa pagpainit-init sa kalayo."
"For many bare false witness against him, and their witness agreed not together.","Karon ang pangulo nga mga pari kag ang tanan nga mga katapo sang Konseho nagpangita sang mga saksi batok kay Jesus agod nga mapapatay sia, pero wala gid sila sing may makita."
"And there stood up certain, and bare false witness against him, saying,",Madamo nga mga saksi ang nagsugid sang kabutigan batok kay Jesus ugaling wala magsinanto ang ila mga sugid.
"We heard him say, I will destroy this temple that is made with hands, and in three days I will build another made without hands.",Karon may mga tawo nga nagtindog kag nagsugid sini nga butig batok kay Jesus nga nagasiling:
And not even so did their witness agree together.,"“Nabatian namon sia nga nagsiling, ‘Gub-on ko ini nga Templo nga ginpatindog sang mga tawo, kag sa sulod sang tatlo ka adlaw patindugon ko ang isa nga indi mga tawo ang naghimo.’”"
"And the high priest stood up in the midst, and asked Jesus, saying, Answerest thou nothing? what is it which these witness against thee?",Pero bisan ini sila indi makapasanto sang ila mga sugid.
"But he held his peace, and answered nothing. Again the high priest asked him, and saith unto him, Art thou the Christ, the Son of the Blessed?","Karon ang Pinakamataas nga Pari nagtindog sa atubang nila kag nagpamangkot kay Jesus, “Wala ka bala sing masabat sa sining mga panumbongon nila batok sa imo?”"
"And Jesus said, I am: and ye shall see the Son of man sitting at the right hand of Power, and coming with the clouds of heaven.","Pero si Jesus naghipos kag wala gid magsabat. Sa liwat nagpamangkot sa iya ang Pinakamataas nga Pari, “Ikaw bala ang Cristo, ang Anak sang Dalayawon nga Dios?”"
"And the high priest rent his clothes, and saith, What further need have we of witnesses?","Nagsabat si Jesus, “Huo ako matuod, kag inyo tanan makita ang Anak sang Tawo nga nagapungko sa tuo sang Makagagahom kag nagaabot nga yara sa mga panganod sang langit!”"
Ye have heard the blasphemy: what think ye? And they all condemned him to be worthy of death.,"Gingisi sang Pinakamataas nga Pari ang iya bayu kag nagsiling, “Wala na kita nagakinahanglan sang dugang pa nga mga saksi!"
"And some began to spit on him, and to cover his face, and to buffet him, and to say unto him, Prophesy: and the officers received him with blows of their hands.",Nabatian ninyo ang iya pagpasipala sa Dios. Ano bala ang inyo pamat-od?”
"And as Peter was beneath in the court, there cometh one of the maids of the high priest;",Kag ginpamatbatan nila nga nakasala sia kag dapat sia pagapatyon.
"and seeing Peter warming himself, she looked upon him, and saith, Thou also wast with the Nazarene, even Jesus.","Ang iban sa ila nagsugod sa pagdupla kay Jesus, ginbutabutahan nila sia kag ginbunal nga nagasiling, “Pakta abi kon sin-o ang nagbunal sa imo?” Ginkuha sia sang mga gwardya kag tinampa."
"But he denied, saying, I neither know, nor understand what thou sayest: and he went out into the porch; and the cock crew.","Sang didto pa sa idalom si Pedro sa hardin sa sulod sang palasyo, naglabay ang isa ka babayi nga suloguon sang Pinakamataas nga Pari."
"And the maid saw him, and began again to say to them that stood by, This is one of them.","Sang makita niya si Pedro nga nagapainit-init sa kalayo, ginhimutaran niya sia kag ginsingganan, “Ikaw kaupod man ni Jesus nga taga-Nazaret.”"
"But he again denied it. And after a little while again they that stood by said to Peter, Of a truth thou art one of them; for thou art a Galilæan.","Pero iya ini ginpanghiwala nga nagasiling, “Ambot, wala ako makahangop sang imo ginasiling.” Sa tapos makahambal si Pedro sini naglakat sia pakadto sa pwertahan. Sa sadto gid nga tion may nagpamalo nga manok."
"But he began to curse, and to swear, I know not this man of whom ye speak.","Nakita sia liwat didto sang babayi nga suloguon kag ginsulit niya ang pagsiling sa mga tumalan-aw didto, “Ini sia isa man sang mga kaupod nila!”"
"And straightway the second time the cock crew. And Peter called to mind the word, how that Jesus said unto him, Before the cock crow twice, thou shalt deny me thrice. And when he thought thereon, he wept.",Pero ginpanghiwala ini liwat ni Pedro.
"And straightway in the morning the chief priests with the elders and scribes, and the whole council, held a consultation, and bound Jesus, and carried him away, and delivered him up to Pilate.","Aga pa gid ang pangulo nga mga pari naghinun-anon sa mga katigulangan sang mga Judio, sa mga manunodlo sang Kasugoan, kag sa tanan nga mga katapo sang Konseho. Gingapos nila si Jesus kag gindala nga itugyan kay Pilato."
"And Pilate asked him, Art thou the King of the Jews? And he answering saith unto him, Thou sayest.","Ginpamangkot sia ni Pilato, “Ikaw bala ang hari sang mga Judio?”"
And the chief priests accused him of many things.,"Nagsabat si Jesus, “Ginasiling mo.”"
"And Pilate again asked him, saying, Answerest thou nothing? behold how many things they accuse thee of.","Madamo ang mga panumbongon sang pangulo nga mga pari batok kay Jesus,"
But Jesus no more answered anything; insomuch that Pilate marvelled.,"gani sa liwat ginpamangkot sia ni Pilato, “Wala ka bala sing masabat sa sining mga panumbongon? Pamatii kon daw ano kadamo sang ila panumbongon batok sa imo!”"
"Now at the feast he used to release unto them one prisoner, whom they asked of him.","Pero si Jesus wala na magsabat, gani natingala gid si Pilato."
"And there was one called Barabbas, lying bound with them that had made insurrection, men who in the insurrection had committed murder.",Sa tagsa ka Piesta sang Pascua may kinabatasan si Pilato sa paghilway sang isa ka binilanggo nga pagapangayuon sang mga tawo nga pagabuy-an.
And the multitude went up and began to ask him to do as he was wont to do unto them.,Sa sadto nga tion may isa ka tawo nga ginhingalanan kay Barrabas nga ginbilanggo kaupod sa mga rebelde nga nakapamatay sang ila pagpakig-away batok sa gubyerno.
"And Pilate answered them, saying, Will ye that I release unto you the King of the Jews?",Madamo nga mga tawo ang nagpalapit kay Pilato kag nagpangabay nga himuon niya ang iya kinabatasan nga ginahimo sa sini nga tion sang tuig.
For he perceived that for envy the chief priests had delivered him up.,"Nagpamangkot sia sa ila, “Luyag bala ninyo nga buy-an ko sa inyo ang hari sang mga Judio?”"
"But the chief priests stirred up the multitude, that he should rather release Barabbas unto them.",Nakahibalo gid si Pilato nga ang pangulo nga mga pari nagtugyan kay Jesus sa iya tungod kay nahisa sila.
"And Pilate again answered and said unto them, What then shall I do unto him whom ye call the King of the Jews?",Pero ang pangulo nga mga pari nagsudyot sa mga tawo nga sa baylo kay Jesus pangayuon nila nga buy-an si Barrabas.
"And they cried out again, Crucify him.","Nagpamangkot liwat si Pilato sa mga tawo, “Karon, ano ang luyag ninyo nga himuon ko sa iya nga ginatawag ninyo nga hari sang mga Judio?”"
"And Pilate said unto them, Why, what evil hath he done? But they cried out exceedingly, Crucify him.","Nagsinggit sila, “Ilansang sia sa krus!”"
"And Pilate, wishing to content the multitude, released unto them Barabbas, and delivered Jesus, when he had scourged him, to be crucified.","Nagpamangkot si Pilato sa ila, “Ngaa ano bala nga sala ang iya nahimo?”"
"And the soldiers led him away within the court, which is the Prætorium; and they call together the whole band.","Pero gintudohan pa gid nila ang pagsinggit, “Ilansang sia sa krus!”"
"And they clothe him with purple, and platting a crown of thorns, they put it on him;","Gani, si Pilato nga luyag magpaayon sa mga tawo naghilway kay Barrabas. Dayon ginpabunal niya si Jesus kag gintugyan sia sa mga soldado, agod nga ilansang sa krus."
"and they began to salute him, Hail, King of the Jews!",Gindala si Jesus sang mga soldado sa sulod sang palasyo sang Gobernador kag gintawag nila ang iban pa nga mga soldado sa pagtipon didto.
"And they smote his head with a reed, and spat upon him, and bowing their knees worshipped him.",Ginpasukloban nila si Jesus sing kapa nga granate kag naghimo sila sing korona nga tunokon kag ginbutang nila ini sa ulo ni Jesus.
"And when they had mocked him, they took off from him the purple, and put on him his garments. And they lead him out to crucify him.",Dayon nagsulosaludo sila sa iya nga nagasiling: “Mabuhay ang Hari sang mga Judio!”
"And they compel one passing by, Simon of Cyrene, coming from the country, the father of Alexander and Rufus, to go with them , that he might bear his cross.","Kag liwatliwat nga ginhanot nila sia sang tigbaw sa ulo, ginduplaan, ginluhodluhoran kag ginsulosaludohan."
"And they bring him unto the place Golgotha, which is, being interpreted, The place of a skull.","Sang matapos nila yaguta si Jesus, ginkuha nila sa iya ang kapa nga granate kag ginpasuksokan nila sia sang iya kaugalingon nga bayu. Dayon gindala nila sia sa gwa agod nga ilansang sa krus."
And they offered him wine mingled with myrrh: but he received it not.,"Nasugata nila sa dalan ang isa ka tawo nga ginhingalanan kay Simon nga nagapabanwa halin sa uma. Ginpilit sia sang mga soldado sa pagpas-an sang krus ni Jesus. Ini amo si Simon nga taga-Cirene, ang amay ni Alejandro kag ni Rufo."
"And they crucify him, and part his garments among them, casting lots upon them, what each should take.","Gindala nila si Jesus sa lugar nga ginatawag Golgota, nga kon sayuron “Lugar sang Bagol.”"
"And it was the third hour, and they crucified him.","Didto ginhatagan nila sia sing bino nga ginsimbugan sing mira, pero indi mag-inom sini si Jesus."
"And the superscription of his accusation was written over, THE KING OF THE JEWS.","Dayon ginlansang nila sia sa krus kag ginpartida nila ang iya bayu paagi sa pagabutgabot, agod nga ila mahibaluan kon ano nga bahin ang makuha sang isa kag isa."
"And with him they crucify two robbers; one on his right hand, and one on his left.",Mga alas nwebe sa aga sadto sang paglansang nila kay Jesus sa krus.
28,Ang panumbongon batok sa iya nga ginsulat sa tapitapi nagasiling: “Ang Hari sang mga Judio.”
"And they that passed by railed on him, wagging their heads, and saying, Ha! thou that destroyest the temple, and buildest it in three days,","Ginlansang man nila dungan kay Jesus ang duha ka buyong, ang isa sa iya tuo kag ang isa sa iya wala."
"save thyself, and come down from the cross.",Ang nagaagi nga mga tawo naglungolungo sang ila mga ulo kag nagpasipala sa kay Jesus nga nagasiling: “Gali ha! Gub-on mo ang Templo kag patindugon man sa sulod sang tatlo ka adlaw!
"In like manner also the chief priests mocking him among themselves with the scribes said, He saved others; himself he cannot save.",Karon panaog ka sa krus kag luwasa ang imo kaugalingon!”
"Let the Christ, the King of Israel, now come down from the cross, that we may see and believe. And they that were crucified with him reproached him.","Sa amo man nga bagay ang pangulo nga mga pari kag ang mga manunodlo sang Kasugoan nagyaguta kay Jesus nga nagasinilingay, “Ginluwas niya ang iban, pero indi sia makaluwas sang iya kaugalingon!"
"And when the sixth hour was come, there was darkness over the whole land until the ninth hour.","Tan-awon ta abi karon kon makapanaog sa krus ang Cristo, ang hari sang Israel, kag dayon magatuo kita sa iya!”"
"And at the ninth hour Jesus cried with a loud voice, Eloi, Eloi, lama sabachthani? which is, being interpreted, My God, my God, why hast thou forsaken me?",Ang duha nga ginlansang sa krus dungan kay Jesus nagpasipala man sa iya.
"And some of them that stood by, when they heard it, said, Behold, he calleth Elijah.","Sang udtong adlaw na, ang bug-os nga duta ginlikupan sang kadudulman. Ini nagpadayon sa sulod sang tatlo ka oras."
"And one ran, and filling a sponge full of vinegar, put it on a reed, and gave him to drink, saying, Let be; let us see whether Elijah cometh to take him down.","Sang alas tres sang hapon si Jesus nagsinggit sing mabaskog, “ Eloi, Eloi, lema sabactani ?” nga kon sayuron, “Dios ko, Dios ko, ngaa ginpatumbayaan mo ako?”"
"And Jesus uttered a loud voice, and gave up the ghost.","May mga tawo didto nga nakabati sang iya ginhambal kag nagsiling sila, “Pamatii ninyo, nagapanawag sia kay Elias!”"
And the veil of the temple was rent in two from the top to the bottom.,"Kag nagdalagan ang isa sa ila nga may dala nga espongha nga iya gintum-oy sa maaslom nga bino kag gintakod ini sa punta sang isa ka tukon. Dayon gintunghol niya ini sa baba ni Jesus kag nagsiling, “Hulat anay kamo! Tan-awon ta kon maabot si Elias sa pagkuha sa iya sa krus!”"
"And when the centurion, who stood by over against him, saw that he so gave up the ghost, he said, Truly this man was the Son of God.",Nagsinggit si Jesus sing mabaskog kag nabugto ang iya ginhawa.
"And there were also women beholding from afar: among whom were both Mary Magdalene, and Mary the mother of James the less and of Joses, and Salome;","Ang kurtina sang Templo nagisi sa tunga, halin sa ibabaw pa idalom."
"who, when he was in Galilee, followed him, and ministered unto him; and many other women that came up with him unto Jerusalem.","Ang kapitan sang mga soldado nga nagatindog sa atubangan sang krus nakakita kon paano napatay si Jesus. Nagsiling sia, “Matuod gid nga ini nga tawo amo ang Anak sang Dios!”"
"And when even was now come, because it was the Preparation, that is, the day before the sabbath,","May pila ka mga babayi sa unhan nga nagatan-aw. Ang iban sa ila amo sanday Salome, Maria Magdalena, kag Maria nga iloy ni Santiago nga bataon kag ni Jose."
"there came Joseph of Arimathæa, a councillor of honorable estate, who also himself was looking for the kingdom of God; and he boldly went in unto Pilate, and asked for the body of Jesus.","Nagsunod ini sila kay Jesus kag nakaalagad sa iya sang didto pa sia sa Galilea. Kag may iban pa nga mga babayi nga yadto man didto, nga nakaupod kay Jesus sa Jerusalem."
"And Pilate marvelled if he were already dead: and calling unto him the centurion, he asked him whether he had been any while dead.","42-43 Sang kahapunanon na sang Adlaw sang Pag-aman, ukon bisperas sang Adlaw nga Inugpahuway, nag-abot si Jose nga taga-Arimatea. Isa sia sang mga ginatahod nga katapo sang Konseho kag isa man nga nagahulat sang pag-abot sang paghari sang Dios. Nagpalapit sia nga may kaisog kay Pilato sa pagpangayo sang bangkay ni Jesus."
"And when he learned it of the centurion, he granted the corpse to Joseph.",Natingala si Pilato sang pagkabati niya nga si Jesus patay na. Ginpatawag niya ang kapitan kag ginpamangkot kon dugay na nga napatay si Jesus.
"And he bought a linen cloth, and taking him down, wound him in the linen cloth, and laid him in a tomb which had been hewn out of a rock; and he rolled a stone against the door of the tomb.","Sang pagkabati ni Pilato sang panugid sang kapitan, gintugotan niya si Jose sa pagkuha sang bangkay ni Jesus."
And Mary Magdalene and Mary the mother of Joses beheld where he was laid.,"Si Jose nagbakal sing panapton nga lino, gintaltal niya ang bangkay ni Jesus sa krus, ginputos sang panapton kag ginbutang ini sa lulobngan nga ginguhab sa igang sa banglid. Dayon ginpaligid niya ang daku nga bato sa pagtakop sang pwertahan sang lulobngan."
"And when the sabbath was past, Mary Magdalene, and Mary the mother of James, and Salome, bought spices, that they might come and anoint him.","Sa tapos ang Adlaw nga Inugpahuway, sanday Maria Magdalena, Salome kag Maria nga iloy ni Santiago, nagbakal sing mga pahamot, kay makadto sila sa lulobngan sa paghaplas sang bangkay ni Jesus."
"And very early on the first day of the week, they come to the tomb when the sun was risen.","Aga pa sang Domingo, sang nagabutlak pa lang ang adlaw, nagkadto sila sa lulobngan."
"And they were saying among themselves, Who shall roll us away the stone from the door of the tomb?","3-4 Sa dalanon nagapamangkutanay sila, “Sin-o bala ang magapaligid sang bato para sa aton sa pagbukas sang lulobngan?” Kay daku gid kaayo yadto nga bato. Sang pagtan-aw nila, ila nasapwan nga ang bato napaligid na."
"and looking up, they see that the stone is rolled back: for it was exceeding great.","Gani nagsulod sila sa lulobngan sa diin nakita nila ang isa ka pamatan-on nga lalaki, nga nagapungko sa tuo nayon nga nagasuksok sing malaba kag maputi nga bayu. Hinadlukan gid sila."
"And entering into the tomb, they saw a young man sitting on the right side, arrayed in a white robe; and they were amazed.","Nagsiling sia sa ila, “Indi kamo magkahadlok! Nakahibalo ako nga ginapangita ninyo si Jesus nga taga-Nazaret nga ginlansang sa krus. Wala sia diri! Nabanhaw sia! Tan-awa bala ninyo, yari ang lugar nga ginpahamyangan nila sang iya bangkay."
"And he saith unto them, Be not amazed: ye seek Jesus, the Nazarene, who hath been crucified: he is risen; he is not here: behold, the place where they laid him!",Karon lakat kamo kag isugid ninyo ini nga balita sa iya mga gintuton-an labi na gid kay Pedro: ‘Magauna sia sa inyo sa Galilea. Didto makita ninyo sia suno gid sa ginsiling niya sa inyo.’”
"But go, tell his disciples and Peter, He goeth before you into Galilee: there shall ye see him, as he said unto you.","Gani naggwa ang mga babayi sa lulobngan kag nagpalagyo, kay nagakulurog sila sa kahadlok. Kag wala gid sila maghambal bisan kay sin-o, tungod kay hinadlukan sila."
"And they went out, and fled from the tomb; for trembling and astonishment had come upon them: and they said nothing to any one; for they were afraid.",[
"Now when he was risen early on the first day of the week, he appeared first to Mary Magdalene, from whom he had cast out seven demons.","Aga pa gid sang nahauna nga adlaw sang simana, sang pagkabanhaw ni Jesus, nagpakita sia sing una kay Maria Magdalena nga gikan sa iya anay gintabog niya ang pito ka demonyo."
"She went and told them that had been with him, as they mourned and wept.","Naglakat si Maria Magdalena kag nagpanugid sang nahanabo sa mga kaupdanan anay ni Jesus. Nagapangalisod sila kag nagahinibi,"
"And they, when they heard that he was alive, and had been seen of her, disbelieved.","kag sang pagkabati nila sang iya panugiron nga si Jesus buhi kag nakit-an niya, wala sila magpati sa iya."
"And after these things he was manifested in another form unto two of them, as they walked, on their way into the country.","Sa tapos sini, nagpakita si Jesus sa lain nga paagi sa duha ka gintuton-an samtang nagapakadto sila sa uma."
And they went away and told it unto the rest: neither believed they them.,"Nagbalik sila kag ginsugiran nila ang iban nga mga gintuton-an, pero indi sila magpati."
"And afterward he was manifested unto the eleven themselves as they sat at meat; and he upbraided them with their unbelief and hardness of heart, because they believed not them that had seen him after he was risen.","Sang ulihi, nagpakita si Jesus sa onse ka mga apostoles sang nagakaon sila. Ginsaway niya sila, tungod kay wala sila sing pagtuo kag tungod sang katig-a sang ila tagipusoon sa pagpati sa mga nakakita sa iya nga nabanhaw sia."
"And he said unto them, Go ye into all the world, and preach the gospel to the whole creation.","Nagsiling sia sa ila, “Lakat kamo sa bug-os nga kalibutan kag iwali ang Maayong Balita sa tanan nga mga tawo."
He that believeth and is baptized shall be saved; but he that disbelieveth shall be condemned.,"Ang bisan sin-o nga magtuo kag mabautisohan, maluwas; ang indi magtuo, kondenahon."
And these signs shall accompany them that believe: in my name shall they cast out demons; they shall speak with new tongues;,"Ang mga tumoluo pagahatagan sining masunod nga mga gahom: magatabog sila sang mga yawa sa akon ngalan, magahambal sila sang iban nga mga hambal,"
"they shall take up serpents, and if they drink any deadly thing, it shall in no wise hurt them; they shall lay hands on the sick, and they shall recover.","kag kon mag-uyat sila sang mga man-og ukon makainom sang bisan ano nga hilo, indi sila mahalitan. Magatungtong sila sang ila mga kamot sa mga masakiton, kag ini sila magaayo.”"
"So then the Lord Jesus, after he had spoken unto them, was received up into heaven, and sat down at the right hand of God.","Sa tapos si Ginoong Jesus nakapakighambal sa ila, nagkayab sia sa langit kag nagpungko sa tuo sang Dios."
"And they went forth, and preached everywhere, the Lord working with them, and confirming the word by the signs that followed. Amen.","Naglakat kag nagwali ang mga gintuton-an sa bisan diin nga lugar kag ang Ginoo nagbulig sa ila, kag nagpamatuod sang ila mensahe paagi sa paghatag sa ila sing gamhanan nga mga tanda.]"
