war	en
ginsusurat namon ini basi mahingpit an aton kalipay.	we write this to make our joy complete.
kon sumiring kita nga waray kita makasala, ginpapahimuwa ta an dyos, ngan waray dinhe ha aton an iya mga pulong.	if we claim we have not sinned, we make him out to be a liar and his word is not in us.
kon magtuman kita han mga sugo han dyos, waray ruhaduha nga nakilala kita ha iya.	we know that we have come to know him if we keep his commands.
an nasiring nga aada hiya han dyos kinahanglan magukoy hiya hin kinabuhi nga sugad kan jesucristo.	whoever claims to live in him must live as Jesus did.
aada pa gihapon ha kasisidman an bisan hino nga nagdudumot han iya bugto, bisan kon nasiring hiya nga aada na hiya ha kapawa.	anyone who claims to be in the light but hates a brother or sister is still in the darkness.
nagsusurat ako ha iyo, mga anak ko, kay ginpasaylo na an iyo mga sala tungod han ngaran ni Cristo.	i am writing to you, dear children, because your sins have been forgiven on account of his name.
kundi iginbubo ha iyo ni Cristo an espirito santo, sanglit maaram kamo ngatanan han kamatuoran.	but you have an anointing from the holy one, and all of you know the truth.
ngan amo ini an iginsaad ni Cristo ngahaw nga ihahatag ha atonan dayon nga kinabuhi.	and this is what he promised useternal life.
nagsusurat ako hini ha iyo mahitungod hadton mga nagtatalinguha hin paglimbong ha iyo.	i am writing these things to you about those who are trying to lead you astray.
an ngatanan nga mayada hini nga paglaom kan Cristo, nagputli han ira kalugaringon, sugad nga putli hi Cristo.	all who have this hope in him purify themselves, just as he is pure.
an nakasala nagtatalapas han balaod han dyos kay sala an pagtalapas han balaod.	everyone who sins breaks the law; in fact, sin is lawlessness.
sayod kamo nga kinmanhi hi Cristo pagkuha han mga sala han mga tawo, ngan waray hiya sala.	but you know that he appeared so that he might take away our sins. and in him is no sin.
ayaw kamo pagpalimbong, mga anak! an bisan hino nga nagbubuhat hin matadong, matadong sugad nga matadong man hi Cristo.	dear children, do not let anyone lead you astray. the one who does what is right is righteous, just as he is righteous.
amo ini an hinbatian niyo nga mensahe tikang pa ha tinikangan: kinahanglan maghigugmaay kita.	for this is the message you heard from the beginning: we should love one another.
sanglit ayaw kamo hipausa, kabugtoan ko, kon pagdumtan kamo han mga tawo han kalibutan.	do not be surprised, my brothers and sisters, if the world hates you.
sanglit amo ini an paghibaro naton nga skop kita han kamatuoran, ngan mayada naton pagsarig ha atubangan han dyos.	this is how we know that we belong to the truth and how we set our hearts at rest in his presence:
sanglit, hinigugma ko nga kasangkayan, kon diri kita paghukman han aton konsensya, may pagtapod naton ha atubangan han dyos.	dear friends, if our hearts do not condemn us, we have confidence before God
diri nakilala han dyos an bisan hino nga diri nahigugma, kay gugma an dyos.	whoever does not love does not know God, because God is love.
hinigugma ko nga kasangkayan, kon sugad hini an paghigugma han dyos ha aton, kinahanglan maghigugmaay man kita.	dear friends, since God so loved us, we also ought to love one another.
ngan aton hinkitan ngan iginsumat ha iba nga an amay nagsugo han iya anak nga magin magtaralwas han kalibutan.	and we have seen and testify that the father has sent his son to be the savior of the world.
an bisan hino nga magpahayag nga hi Jesus amo an anak han dyos, naguokoy dida ha dyos ngan naguokoy man an dyos dida ha iya.	if anyone acknowledges that Jesus is the son of God, God lives in them and they in God.
nahigugma kita kay una an dyos humigugma ha aton.	we love because he first loved us.
sanglit amo ini an sugo nga iginhatag ni Cristo ha aton: kinahanglan nga adton nahigugma han dyos humigugma man han iya bugto.	and he has given us this command: anyone who loves God must also love their brother and sister.
hino ba an makakadaog han kalibutan? adton natoo la nga hi Jesus amo an anak han dyos.	who is it that overcomes the world? only the one who believes that Jesus is the son of God.
mayada tulo nga mga saksi:	for there are three that testify:
an espiritu, an tubig, ngan an dugo; ngan nagkakauruyon ini nga tulo ha ira pagkasaksi.	the spirit, the water and the blood; and the three are in agreement.
sanglit amo ini an pagsaksi: naghatag an dyos ha aton han waray kataposan nga kinabuhi, ngan aada han iya anak ini nga kinabuhi.	and this is the testimony: God has given us eternal life, and this life is in his son.
mayada hini nga kinabuhi adton anuokyan han anak, ngan waray hini nga kinabuhi adton diri inuokyan han anak han dyos.	whoever has the son has life; whoever does not have the son of God does not have life.
sala an ngatanan nga maraot nga buhat, kundi mayada sala nga diri nakakamatay.	all wrongdoing is sin, and there is sin that does not lead to death.
maaram kita nga kanan dyos na kita bisan kon ginahahadian han yawa an bugos nga kalibutan.	we know that we are children of God, and that the whole world is under the control of the evil one.
mga anak, paglikay kamo han mga diri matuod nga kadiyosan.	dear children, keep yourselves from idols.
kay kinakarawat niyo an tuyo han iyo pagtoo, nga amo an katalwasan han iyo mga kalag.	for you are receiving the end result of your faith, the salvation of your souls.
lugod, kinahanglan mabaraan kamo ha ngatanan nga iyo ginbubuhat, sugad gud nga baraan an dyos nga nagtawag ha iyo.	but just as he who called you is holy, so be holy in all you do;
nasiring an kasuratan, “kinahanglan mabaraan kamo, kay baraan ako.”	for it is written: “be holy, because i am holy.”
kundi ginlukat kamo pinaagi han hamili nga dugo ni Cristo nga iginhalad sugad hin kordero nga waray dumit o buring.	but with the precious blood of Christ, a lamb without blemish or defect.
kundi nagpapabilin ha kadayonan an pulong han Ginoo.” amo ini an pulong nga gindara ha iyo han maupay nga sumat.	but the word of the Lord endures forever.” and this is the word that was preached to you.
sumala han siring han kasuratan, “natilawan na niyo an pagkamaupay han Ginoo.”	now that you have tasted that the Lord is good.
dangop kamo han Ginoo, an buhi nga bato nga ginsalikway han mga tawo, kundi ginmahal han dyos.	as you come to him, the living stonerejected by humans but chosen by God and precious to him—
tungod han Ginoo, pagpasakop kamo ha ngatanan nga kagamhanan dinhe ha tuna: ha emperador nga amo an gilalabawi nga magburuot,	submit yourselves for the lords sake to every human authority: whether to the emperor, as the supreme authority,
tahora an ngatanan nga mga tawo, higugmaa an iyo igkasi mga magtinuohon, kahadloki an dyos, ngan tahora niyo an emperador.	show proper respect to everyone, love the family of believers, fear God, honor the emperor.
waray hiya makasala ngan waray gud hiya magbuwa.	“he committed no sin, and no deceit was found in his mouth.”
kay makita hira han kaputli ngan kabaraan han iyo kinabuhi.	when they see the purity and reverence of your lives.
kinahanglan bumaya hiya han maraot ngan magbuhat hin maupay; kinahanglan pangitaon niya an kalinaw ngan iya ini sundon.	they must turn from evil and do good; they must seek peace and pursue it.
hino in maglalabot ha iyo kon tinguha niyo an pagbuhat hin maupay?	who is going to harm you if you are eager to do good?
ngan ha iya espirituhanon nga kahimtang kinmadto ngan nagwali hiya han mga binilanggo nga mga espiritu.	after being made alive, he went and made proclamation to the imprisoned spirits—
kundi mahatag hira sa dyos hin katuhayan nga andam paghukom han mga buhi ngan han mga minatay.	but they will have to give account to him who is ready to judge the living and the dead.
labaw han ngatanan, paghigugmaay kamo hin tinuod, kay natahob hin damo nga mga sala an gugma.	above all, love each other deeply, because love covers over a multitude of sins.
pasaka an makada ha iyo mga panimalay, hin waray pagngurutob.	offer hospitality to one another without grumbling.
ayaw pagpakaladnganan ha ira mga igintapod ha iyo, kundi magin susbaranan kamo han panon.	not lording it over those entrusted to you, but being examples to the flock.
ngan kon magpadayag na an labaw nga magmarangno, makarawat kamo han mahimayaon nga pudongpudong nga diri malubad.	and when the chief shepherd appears, you will receive the crown of glory that will never fade away.
sanglit pagpaubos kamo ha ubos han gahom han dyos, basi pahitason kamo niya kon umabot na an iya iginsaad nga panahon.	humble yourselves, therefore, under gods mighty hand, that he may lift you up in due time.
itubyan ha iya an ngatanan niyo nga mga kasungkuan, kay napaid hiya ha iyo.	cast all your anxiety on him because he cares for you.
ha iya an gahom ha kadayonan! Amen.	to him be the power for ever and ever. Amen.
pagharokay kamo hin cristohanon nga paghigugma. maada unta an kamurayaw ha iyo ngatanan nga sakop ni Cristo.	greet one another with a kiss of love. peace to all of you who are in Christ.
masukot hiya pagtamayon ug pagpakaalohan ni fenena, kay ginhimo hiya nga bawas han Ginoo ..	because the Lord had closed hannahs womb, her rival kept provoking her in order to irritate her.
naiha an paginampoon ni ana ngadto han Ginoo ngan ginininaw ni Eli an iya mga imim.	as she kept on praying to the Lord ,, Eli observed her mouth.
ngan ginsiring hiya, “ayaw na pagpakahubog! ayaw na pagininom ngan upaya na an imo panhunahuna!”	and said to her, “how long are you going to stay drunk? put away your wine.”
katapos pagihawa han baka, ira gindara an bata ngadto kan Eli.	when the bull had been sacrificed, they brought the boy to Eli,
pinangaro ko ha iya ini nga bata, ngan pinamatian niya an akon pinangaro.	i prayed for this child, and the Lord has granted me what i asked of him.
“waray tawo nga baraan nga sugad han Ginoo ;; waray gud sugad ha iya, waray darangpan nga sugad han aton dyos.	“there is no one holy like the Lord ;; there is no one besides you; there is no rock like our God.
nababari an mga pana han kusgan nga mga sondalo, kundi nagmamakusog an mga magluya.	“the bows of the warriors are broken, but those who stumbled are armed with strength.
itinugot niya nga mapobre in pira nga mga tawo ngan mariko an iba; nga magpaubos in pipira ngan magamhanan an iba.	the Lord sends poverty and wealth; he humbles and he exalts.
mga bugoy an mga anak ni Eli. waray nira pagtahod han Ginoo	elis sons were scoundrels; they had no regard for the Lord ..
ayaw na niyo pagbuhata ini, mga anak ko! uraura ini hin kamaraot nga ginyiyinakan han mga tawo han Ginoo ..	no, my sons; the report i hear spreading among the Lord ’s people is not good.
nagpadayon hin pagtubo an bata nga Samuel ngan nakalipay gud hiya han Ginoo ngan han mga tawo.	and the boy Samuel continued to grow in stature and in favor with the Lord and with people.
nagtawag an Ginoo kan Samuel. binmaton hiya, “aadi ako!”	then the Lord called Samuel. Samuel answered, “here i am.”
gintawag hiya ni Eli, “Samuel, anak ko!” “aadi ako,” binmaton hi Samuel.	but Eli called him and said, “Samuel, my son.” Samuel answered, “here i am.”
naagaw an kahon han ginsaaran han Ginoo ,, ngan pinamatay hira ofni ug pinehas nga mga anak ni Eli.	the ark of God was captured, and elis two sons, hophni and phinehas, died.
hi Eli hini nga panahon 98 na an panuigon ngan haros buta na gud hiya.)	who was ninetyeight years old and whose eyes had failed so that he could not see.
nagsiring hiya, “binmaya na han Israel an himaya han dyos, kay naagaw na an kanan dyos kahon han ginsaaran.”	she said, “the glory has departed from Israel, for the ark of God has been captured.”
nagkamayada mga hubag bisan adton waray magkamamatay ngan naggogliat an mga tawo ha ira kadiyosan pangaro hin bulig.	those who did not die were afflicted with tumors, and the outcry of the city went up to heaven.
katapos hin pito ka bulan nga nakadto ha filistia an kahon han ginsaaran han Ginoo ,,	when the ark of the Lord had been in philistine territory seven months,
kahuman nagkinita an lima nga kahadian nga filisteohanon ngan inmoli hira ha Ekron hito ngahaw nga adlaw.	the five rulers of the Philistines saw all this and then returned that same day to Ekron.
sanglit iginsalikway han mga israelita an ira mga diyosdiyos nga baal ug astarte, ngan an Ginoo an ira ginsingba.	so the Israelites put away their baals and ashtoreths, and served the Lord only.
niyan pinakadto ha mispa ni Samuel an ngatanan nga israelita, ngan ginsiring hira, “magaampo ako han Ginoo didto para ha iyo.”	then Samuel said, “assemble all Israel at Mizpah, and i will intercede with the Lord for you.”
namunoan han Israel hi Samuel samtang buhi pa hiya.	Samuel continued as israels leader all the days of his life.
kada tuig napakadto hiya ha betel, Gilgal, ug mispa, ngan didto hini nga mga dapit gintutuhay niya an mga kalipongan.	from year to year he went on a circuit from bethel to Gilgal to Mizpah, judging Israel in all those places.
han tigurang na hi Samuel, ginhimo niya an iya mga anak nga mga maghurukom didto ha Israel.	when Samuel grew old, he appointed his sons as israels leaders.
Joel an ngaran han magurang nga anak ngan abia an manghod; mga maghurukom hira didto ha berseba.	the name of his firstborn was Joel and the name of his second was abijah, and they served at Beersheba.
niyan nagtirok an ngatanan nga mga pangulo han Israel, kinmadto hira kan Samuel didto ha rama,	so all the elders of Israel gathered together and came to Samuel at Ramah.
an ngatanan nga tugon ha iya han Ginoo iginsumat ni Samuel ngadto han mga tawo nga naaro ha iya hin hadi.	Samuel told all the words of the Lord to the people who were asking him for a king.
maghihimo an iyo mga anak nga kababayenan hin iya mga pahamot, ngan magbubuhat nga iya mga paraluto ngan mga parahudno.	he will take your daughters to be perfumers and cooks and bakers.
kukuhaon niya ha iyo an ikanapulo nga bahin han iyo mga panon, ngan mahihimo kamo ngahaw nga iya mga oripon.	he will take a tenth of your flocks, and you yourselves will become his slaves.
waray la bumali kan Samuel an mga tawo, kundi nagsiring hira, “diri! karuyag gud namon in usa nga hadi,	but the people refused to listen to Samuel. “no!” they said. “we want a king over us.
pinamatian ni Samuel an ngatanan nga ira iginsiring ngan linmakat hiya ngan ginsumatan niya an Ginoo ..	when Samuel heard all that the people said, he repeated it before the Lord ..
dida han adlaw han waray pa aabot hi Saul, nagsiring na an Ginoo kan Samuel,	now the day before Saul came, the Lord had revealed this to Samuel:
makikighimangraw hira ha imo ngan ihahatag ha imo in duha ka bugos nga tinapay ngan imo ini kakarawton.	they will greet you and offer you two loaves of bread, which you will accept from them.
han katapos ni Saul hin pagpanagna, kinmadto hiya han altar didto han pungtod.	after Saul stopped prophesying, he went to the high place.
pinmakiana an bata ni Saul, “ngan ano man an iya iginsumat ha iyo?”	sauls uncle said, “tell me what Samuel said to you.”
gintawag ni Samuel an mga tawo didto ha mispa basi magtirok ha atubangan han Ginoo,	Samuel summoned the people of Israel to the Lord at Mizpah
niyan ginpadaop ni Samuel an kada tribo, ngan ginpili han Ginoo an tribo ni Benjamin.	when Samuel had all Israel come forward by tribes, the tribe of Benjamin was taken by lot.
gintirok hira ni Saul didto ha bezek: mayada 300000 tikang ha Israel ngan 30000 tikang ha Juda.	when Saul mustered them at bezek, the men of Israel numbered three hundred thousand and those of Judah thirty thousand.
kundi nagsiring hi Saul, “waray tawo nga papatayon yana nga adlaw, kay amo ini an adlaw nga gintalwas han Ginoo an Israel.”	but Saul said, “no one will be put to death today, for this day the Lord has rescued Israel.”
ngan nagsiring ha ira hi Samuel, “pakadto kita ngatanan ha Gilgal ngan hin makausa pa igsangyaw ta hi Saul nga aton hadi.”	then Samuel said to the people, “come, let us go to Gilgal and there renew the kingship.”
binmaton an mga tawo, “waray ka maglimbong o magraogdaog ha amon, waray ka ginkuha ha amon nga bisan ano.”	“you have not cheated or oppressed us,” they replied. “you have not taken anything from anyones hand.”
sanglit tindog kamo dida han iyo hinmumutangan ngan makita kamo han magpaaramdok nga butang nga bubuhaton han Ginoo ..	“now then, stand still and see this great thing the Lord is about to do before your eyes!
kundi kon magpadayon kamo hin pagpinakasala, pagpupuohon kamo ngan an iyo hadi.”	yet if you persist in doing evil, both you and your king will perish.”
nagpadara an mga filisteohanon hin usa nga hugpo hin mga sondalo hin pagpanalipod han aragian han micmas.	now a detachment of Philistines had gone out to the pass at mikmash.
nakadto an usa ha amihanan nga naatubang han micmas, ngan an ikaduha ha timogan nga naatubang han geba.	one cliff stood to the north toward mikmash, the other to the south toward geba.
nakigaway gud hira unhan pa han betaben. gintalwas han Ginoo an Israel hito nga adlaw.	so on that day the Lord saved Israel, and the battle moved on beyond beth aven.
napasingadto hira ngatanan hin usa nga kagurangan ngan nakaagi hira hin dugos ha ngatanan nga dapit.	the entire army entered the woods, and there was honey on the ground.
nagtindog hi Saul hin altar ngadto han Ginoo ,, syahan ini nga altar nga iya gintindog.	then Saul built an altar to the Lord ;; it was the first time he had done this.
niyan nagsiring hi Saul, “pilia kon hi ako ba o hi jonatan nga akon anak.” ngan hi jonatan an salaan.	Saul said, “cast the lot between me and Jonathan my son.” and Jonathan was taken.
nagsiring ha iya hi Saul, “patayon unta ako han dyos kon diri ta ikaw patayon!”	Saul said, “may God deal with me, be it ever so severely, if you do not die, Jonathan.”
katapos hito hinmunong hi Saul hin pagbukod han mga filisteohanon, ngan inmoli hira ngadto han ira kalugaringon nga katunaan.	then Saul stopped pursuing the Philistines, and they withdrew to their own land.
mga anak ni abiel hira cis nga amay ni Saul, ug ner nga amay ni abner.	sauls father kish and abners father ner were sons of abiel.
niyan kinmadto hiya ngan an iya mga tawo han syudad han amalek, ngan gimnama hira didto hin usa nga walog.	Saul went to the city of amalek and set an ambush in the ravine.
ginpirde ni Saul an mga amalekanhon, ha iya pakigaway tikang ha habila ngadto ha sur ha sinirangan han Ehipto.	then Saul attacked the Amalekites all the way from havilah to shur, near the eastern border of Egypt.
nagsiring an Ginoo kan Samuel,	then the word of the Lord came to Samuel:
niyan tinmalikod hi Samuel hin pagbaya, kundi hinkaptan ni Saul an iya bado, ngan nagisi ini.	as Samuel turned to leave, Saul caught hold of the hem of his robe, and it tore.
sanglit binmunyog ha iya hi Samuel ngadto ha Gilgal, ngan nagsingba hi Saul han Ginoo ..	so Samuel went back with Saul, and Saul worshiped the Lord ..
katapos kinmadto hi Samuel ha rama ngan inmoli hi Saul ngadto ha gabaa.	then Samuel left for Ramah, but Saul went up to his home in gibeah of Saul.
niyan gindara ni isai hi sama. nagsiring hi Samuel, “diri, waray liwat hiya pagpilia han Ginoo .”.”	jesse then had shammah pass by, but Samuel said, “nor has the Lord chosen this one.”
binmaya kan Saul an espiritu han Ginoo ,, ngan ginsakit hiya hin usa nga maraot nga espiritu nga iginpadara han Ginoo ..	now the spirit of the Lord had departed from Saul, and an evil spirit from the Lord tormented him.
nagsiring ha iya an iya mga surugoon, “maaram kami nga ginsasakit ka hin usa nga maraot nga espiritu nga iginpadara han dyos.	sauls attendants said to him, “see, an evil spirit from God is tormenting you.
mayada niya polinas nga tumbaga ngan nakakadara hiya hin usa nga bronse nga bangkaw nga ikinakabilay niya ha iya sugbong.	on his legs he wore bronze greaves, and a bronze javelin was slung on his back.
han pakabati hini ni Saul ngan han iya mga tawo nagkahadlok hira hin duro.	on hearing the Philistines words, Saul and all the Israelites were dismayed and terrified.
hi David an gimamanghori nga anak. samtang upod ni Saul an tulo nga gimamagorangi nga kabugtoan,	David was the youngest. the three oldest followed Saul,
dayuday naginuulian hi David ngadto ha betlehem hin pagmangno han mga karnero han iya amay.	but David went back and forth from Saul to tend his fathers sheep at Bethlehem.
waray hunong hin pangayat hi goliat han mga israelita kada aga ngan gabi sulod hin kwarenta ka adlaw.	for forty days the philistine came forward every morning and evening and took his stand.
nagasdangay an filisteohanon ngan israelita nga mga kasondalohan. andam na hira nga duha hin pakigaway.	Israel and the Philistines were drawing up their lines facing each other.
han paghikiti la han mga israelita kan goliat, nagdadlagan hira tungod hin kahadlok.	whenever the Israelites saw the man, they all fled from him in great fear.
ira ginsumatan hiya kon ano an ihahatag han tawo nga makakamatay kan goliat.	they repeated to him what they had been saying and told him, “this is what will be done for the man who kills him.”
“kay ano gud an akon ginbuhat?” nagpakiana hi David. “diri ba ako makakahimo hin pagpakiana?”	“now what have i done?” said David. “cant i even speak?”
hinbatian hin pipira ka tawo an iginsiring ni David ngan ginsumatan nira hi Saul, ngan iginpatawag hiya ni Saul.	what David said was overheard and reported to Saul, and Saul sent for him.
nagtikang pagdaop hi goliat ngadto kan David, nga naguuna ha iya an paradara han iya taming. nagtipahirani na hiya,	meanwhile, the philistine, with his shield bearer in front of him, kept coming closer to David.
nagsugo hi Saul, “kadtoa ngan usisaha.”	the king said, “find out whose son this young man is.”
tikang hadto nga adlaw ginhawiran ni Saul hi David ngan waray na hiya paulia.	from that day Saul kept David with him and did not let him return home to his family.
nagsumpa hi jonatan hin dayon nga pakigsangkay kan David, tungod han iya dako nga paghigugma ha iya.	and Jonathan made a covenant with David because he loved him as himself.
sanglit tikang hito nga adlaw maabugho ngan matinahapon na hiya kan David.	and from that time on Saul kept a close eye on David.
nahadlok hi Saul kan David kay upod na kan David an Ginoo ngan ginbayaan na hiya.	Saul was afraid of David, because the Lord was with David but had departed from Saul.
ngan nagmainuswagon hiya ha ngatanan nga iya ginbuhat, kay upod ha iya an Ginoo ..	in everything he did he had great success, because the Lord was with him.
hinkitan ni Saul an paguswag ni David ngan nagdugang an iya kahadlok ha iya.	when Saul saw how successful he was, he was afraid of him.
kundi hinmigugma kan David an ngatanan didto ha Israel ug Juda, kay mainuswagon gud hiya nga pangulo.	but all Israel and Judah loved David, because he led them in their campaigns.
kundi nahigugma kan David hi mical nga anak liwat ni Saul, ngan nalipay hi Saul han paghibaro niya hini.	now sauls daughter michal was in love with David, and when they told Saul about it, he was pleased.
ginsumatan hi Saul han mga opisyal han iginsiring hi David,	when sauls servants told him what David had said,
nakasabot gud hi Saul nga upod kan David an Ginoo ngan nahigugma liwat ha iya hi mical nga iya anak.	when Saul realized that the Lord was with David and that his daughter michal loved David,
sanglit nagdugang an iya kahadlok kan David, ngan iya kaaway hi David samtang buhi pa hiya.	Saul became still more afraid of him, and he remained his enemy the rest of his days.
pinamatian ni Saul an ginsiring ni jonatan ngan nagsumpa hiya ha ngaran han Ginoo nga diri niya papatayon hi David.	Saul listened to Jonathan and took this oath: “as surely as the Lord lives, David will not be put to death.”
ginpalusad hi David ni mical ha bintana, ngan dinmalagan ngan kinmalagiw hiya.	so michal let David down through a window, and he fled and escaped.
han pagabot na han mga tawo ni Saul pagkuha kan David, ginsumatan hira ni mical nga masakit hiya.	when Saul sent the men to capture David, michal said, “he is ill.”
sinmakob hira ngan ira hinagian didto han higdaan an diyosdiyos han balay ngan an ulonan nga barahibo hin kanding nga inoonlan.	but when the men entered, there was the idol in the bed, and at the head was some goats’ hair.
ginsumatan hi Saul nga nakadto hi David ha naiot didto ha rama,	word came to Saul: “David is in naioth at Ramah”;
nagsiring hi jonatan, “tutumanon ko an bisan ano nga imo karuyag.”	Jonathan said to David, “whatever you want me to do, ill do for you.”
sanglit nagpakiana hi David, “hino man in magpapahibaro ha akon kon mangisog an imo amay hin pagbaton ha imo?”	David asked, “who will tell me if your father answers you harshly?”
binmaton hi jonatan, “tana, pakadto kita ha kaumhan.” sanglit kinmadto hira,	“come,” Jonathan said, “lets go out into the field.” so they went there together.
ngan kon buhion pa ako, tumana Gad an imo iginsumpa ngan unongi ako; kundi kon mamatay ako,	but show me unfailing kindness like the Lord ’s kindness as long as i live, so that i may not be killed,
diri la unta gihapon mabungkag an aton ginsaaran. kon mabungkag ini, kakastigohon ka han Ginoo .”.”	so Jonathan made a covenant with the house of David, saying, “may the Lord call davids enemies to account.”
niyan mapana ako ngan pupontingon ko ito nga dapit hin makatulo.	i will shoot three arrows to the side of it, as though i were shooting at a target.
mahitungod han ginsaaran naton, an Ginoo an maaram nga tutumanon ta ini ha kadayonan.”	and about the matter you and i discussedremember, the Lord is witness between you and me forever.”
sanglit tinmago hi David didto han uma. dida han pyesta na han bago nga subang han bulan, kinmadto hi hadi Saul hin pagkaon,	so David hid in the field, and when the new moon feast came, the king sat down to eat.
binmaton hi jonatan, “nagsarit hiya ha akon nga makadto hiya ha betlehem. nagsiring hiya,	Jonathan answered, “David earnestly asked me for permission to go to Bethlehem.
binmaton hi jonatan, “kay ano nga papatayon hiya? ano an iya nabuhat?”	“why should he be put to death? what has he done?” Jonathan asked his father.
nga waray gud hiya kalibutan han karuyag sidngon; hi jonatan ngan hi David la an maaram.	(the boy knew nothing about all this; only Jonathan and David knew.)
iginhatag ni jonatan an iya mga hinganiban ngadto han bata ngan ginpauli niya ngadto ha bungto.	then Jonathan gave his weapons to the boy and said, “go, carry them back to town.”
sanglit yana ano man nga pagkaon an aada ha imo? tagi ako hin lima ka bugos nga tinapay o bisan ano nga aada ha imo.”	now then, what do you have on hand? give me five loaves of bread, or whatever you can find.”
sanglit linmakat hi David. pinalagiw hiya kan Saul, ngan kinmadto hiya kan hadi aquis han gat.	that day David fled from Saul and went to achish king of Gath.
gintirotimbang ni David ini nga ira mga pulong, ngan nahadlok hiya hin duro kan hadi aquis.	David took these words to heart and was very much afraid of achish king of Gath.
nagsiring hi Saul kan ahimelec, “pamati, ahimelec!” “namamati ako ha imo,” binmaton hiya.	Saul said, “listen now, son of ahitub.” “yes, my Lord,” he answered.
nagsiring an hadi, “ahimelec, kinahanglan mamatay ka ngan an ngatanan mo nga kauropdan!”	but the king said, “you will surely die, ahimelek, you and your whole family.”
kundi nakapalagiw hi abiatar nga usa han mga anak nga kalalakenan ni ahimelec, ngan kinmadto hiya ngan tinmampo kan David.	but one son of ahimelek son of ahitub, named abiathar, escaped and fled to join David.
iginsumat niya kan David an pagpataya ni Saul han kapadian han Ginoo ..	he told David that Saul had killed the priests of the Lord ..
nahibaro hi David nga ginmawas hi Saul hin pagpatay ha iya. nakadto hi David ha hores, didto han kamingawan hirani han zif.	while David was at horesh in the desert of ziph, he learned that Saul had come out to take his life.
didto kinmadto ha iya hi jonatan ngan ginaghat hiya upod an mga pagpatapod han mga pagpanalipod han dyos,	and sauls son Jonathan went to David at horesh and helped him find strength in God.
nagsinumpaay hira nga duha hin pagpadigon han ira kamagsangkay. nagpabilin hi David didto ha hores, ngan inmoli hi jonatan.	the two of them made a covenant before the Lord .. then Jonathan went home, but David remained at horesh.
binmaton hi Saul, “bendisyonan unta kamo han Ginoo kag malooy man kamo ha akon!	Saul replied, “the Lord bless you for your concern for me.
linmakat hi David ngan kinmadto hiya han katunaan han engadi, diin nagtinago hiya.	and David went up from there and lived in the strongholds of en gedi.
kundi kahuman hini, nagbasol hi David,	afterward, David was consciencestricken for having cut off a corner of his robe.
hino an giniiparatay han hadi han Israel? hino an iya ginbubukod! usa nga patay nga ayam, usa nga purgas?	“against whom has the king of Israel come out? who are you pursuing? a dead dog? a flea?
yana maaram ako nga ikaw an magigin hadi han Israel, nga magpapadayon an ginhadian ha ubos han imo pagdumara.	i know that you will surely be king and that the kingdom of Israel will be established in your hands.
ngan hinbaroan ini ni David nga nakadto ha kamingawan,	while David was in the wilderness, he heard that nabal was shearing sheep.
binmalik an iya mga tawo ngadto kan David ngan ginsumatan hiya han iginsiring ni nabal.	davids men turned around and went back. when they arrived, they reported every word.
ginpanalipdan kami nira adlaw gabi ha bugos nga panahon nga kaupod kami nira hin pagmangno han amon mga panon.	night and day they were a wall around us the whole time we were herding our sheep near them.
paglabay hin mga napulo ka adlaw, ginhampak han Ginoo hi nabal ngan namatay.	about ten days later, the Lord struck nabal and he died.
pinangasawa liwat ni David hi ahinoam nga tagajezrael ngan yana nahimo liwat hi abigail nga iya asawa.	David had also married ahinoam of Jezreel, and they both were his wives.
nagsugo hiya hin mga magirinaw ngan hinbaroan niya nga tinuod nakadto hi Saul.	he sent out scouts and learned that Saul had definitely arrived.
binmaton hi David, “aadi an imo bangkaw, harangdon nga hadi. pakadia hin pagkuha hini in usa han imo mga tawo.	“here is the kings spear,” David answered. “let one of your young men come over and get it.
han paghibaro ni Saul nga pinmalagiw na hi David ngadto ha gat, inmundang hiya hin pagpinamiling ha iya.	when Saul was told that David had fled to Gath, he no longer searched for him.
naukoy hi David didto ha filistia sulod hin 16 ka bulan.	David lived in philistine territory a year and four months.
nagpakiana an babaye, “hino man an akon tatawgon para ha imo?” “hi Samuel,” binmaton hiya.	then the woman asked, “whom shall i bring up for you?” “bring up Samuel,” he said.
nagsiring hi Samuel, “kay ano nga nagsangpit ka ha akon kon ginbayaan ka na man han Ginoo ngan kaaway mo na hiya?	Samuel said, “why do you consult me, now that the Lord has departed from you and become your enemy?
sanglit uli nala anay ha maupay nga paglakat, ngan ayaw pagbuhat hin bisan ano nga makakapabido ha ira.”	now turn back and go in peace; do nothing to displease the philistine rulers.”
ginbihag bisan an duha nga asawa ni David, hira ahinoam ug abigail.	davids two wives had been capturedahinoam of Jezreel and abigail, the widow of nabal of Carmel.
nabawi ni David an ngatanan nga mga tawo ngan an ngatanan nga natikas han mga amalekanhon, upod an iya duha nga asawa.	David recovered everything the Amalekites had taken, including his two wives.
ginhimo ini ni David nga usa nga balaod, ngan ginsunod ini han mga israelita tikang hadto.	David made this a statute and ordinance for Israel from that day to this.
aroer, sifmot, estemoa,	to those in aroer, siphmoth, eshtemoa
ug racal; ha banay ni jerameel, ha mga kenitanhon;	and rakal; to those in the towns of the jerahmeelites and the kenites;
ngan ha mga tawo han mga bungto han horma, borasan, atac,	to those in hormah, bor ashan, athak
ug Hebron. iginpadara ini niya ha ngatanan nga mga dapit nga nahingadtoan niya ngan han iya mga tawo.	and Hebron; and to those in all the other places where he and his men had roamed.
han paghibaro la han mga tawo han jabes didto ha galaad han ginbuhat han mga filisteohanon kan Saul,	when the people of jabesh Gilead heard what the Philistines had done to Saul,
dayuday nagpapasalamat kami han dyos tungod ha iyo ngatanan, ngan dayuday ilinalakip kamo namon dida ha amon mga pagampo.	we always thank God for all of you and continually mention you in our prayers.
kabugtoan, maaram kami nga an dyos nahigugma ha iyo ngan ginpili kamo nga magin iya kalugaringon.	for we know, brothers and sisters loved by God, that he has chosen you,
sanglit nahimo kamo nga susbaranan han ngatanan nga mga magtinuohon ha Macedonia ngan ha acaya.	and so you became a model to all the believers in Macedonia and achaia.
kabugtoan, maaram kamo ngahaw nga waray makawang an amon pagduaw ha iyo.	you know, brothers and sisters, that our visit to you was not without results.
diri sayop an amon pagwali ug diri maraot an amon hangyo ha iyo, ngan waray kami maglimbong bisan kan kanay.	for the appeal we make does not spring from error or impure motives, nor are we trying to trick you.
karuyag namon bumalik ha iyo. nagtinguha ako, hi Pablo, pagbalik ngada ha iyo diri la makausa, kundi ginulang kami ni satanas.	for we wanted to come to youcertainly i, Paul, did, again and againbut satan blocked our way.
kamo gud an amon sadang iparayaw ngan ikalipay!	indeed, you are our glory and joy.
sanglit han waray na kami makakailob hini nga kamingaw, nagpabilin kami la ha atenas,	so when we could stand it no longer, we thought it best to be left by ourselves in Athens.
sanglit, kabugtoan, ha butnga han amon mga kakurian ngan pagantos, nadasig kami tungod han iyo pagtoo,	therefore, brothers and sisters, in all our distress and persecution we were encouraged about you because of your faith.
kay yana nakakaginhawa na kami hin maupay kay marigon an iyo pagtindog dida ha pagalagad han Ginoo.	for now we really live, since you are standing firm in the Lord.
ihatag unta ha amon han aton dyos ngan amay ngan han aton Ginoo nga Jesus an higayon hin pagduaw ha iyo!	now may our God and father himself and our Lord Jesus clear the way for us to come to you.
kay maaram na man kamo han mga tugon nga iginhatag namon ha iyo, pinaagi han pagburotan han Ginoo nga Jesus.	for you know what instructions we gave you by the authority of the Lord Jesus.
amo ini an kaburuton han dyos ha iyo: karuyag niya nga magbaraan ngan magkalikay gud kamo han kalawayan.	it is gods will that you should be sanctified: that you should avoid sexual immorality;
kinahanglan mahibaro an tagsa ha iyo nga mga lalake hin pagdumara hin asawa ha baraan ngan dungganan nga paagi,	that each of you should learn to control your own body in a way that is holy and honorable,
nga diri inupdan hin malaway nga ungara, sugad han ginbubuhat han mga tawo nga diri nakilala han dyos.	not in passionate lust like the pagans, who do not know God;
gintawag kita han dyos basi magukoy kita dida hin kinabuhi nga baraan, diri ha kalawayan.	for God did not call us to be impure, but to live a holy life.
sanglit, pagdinasigay kamo tungod hini nga mga pulong.	therefore encourage one another with these words.
kay maaram gud kamo ngahaw nga maabot an adlaw han Ginoo sugad hin pagabot hin kawatan ha kagabihon.	for you know very well that the day of the Lord will come like a thief in the night.
kundi, kabugtoan, diri na kamo aada ha kasisidman, sanglit diri na kamo hikakalitan hito nga adlaw nga maabot sugad hin kawatan.	but you, brothers and sisters, are not in darkness so that this day should surprise you like a thief.
kamo ngatanan nga mga tawo nga sakop han kapawa, ngan sakop han adlaw; diri kita sakop han kagabihon o han kasisidman.	you are all children of the light and children of the day. we do not belong to the night or to the darkness.
sanglit kinahanglan diri kita mangaturog sugad han iba; kundi kinahanglan magagma kita ngan magmalinaw an panhunahuna.	so then, let us not be like others, who are asleep, but let us be awake and sober.
batasan han mga tawo an pagkaturog ngan paghubog ha gabi.	for those who sleep, sleep at night, and those who get drunk, get drunk at night.
nga nagpakamatay para ha aton, basi magukoy kita upod ha iya, buhi o patay kita ha pagbalik niya.	he died for us so that, whether we are awake or asleep, we may live together with him.
tungod hini nga hinungdan, pagdinasigay ngan pagbinuligay kamo sugad gud han iyo binubuhat yana.	therefore encourage one another and build each other up, just as in fact you are doing.
dayuday pagmalipayon kamo,	rejoice always,
pagampo ha ngatanan nga panahon,	pray continually,
ayaw niyo pagpugngi an Espiritu Santo. Santo.	do not quench the spirit.
ayaw niyo pagtamaya an dyosnon nga mga mensahe.	do not treat prophecies with contempt
sarihi an ngatanan nga mga butang: tipigi an maupay	but test them all; hold on to what is good,
ngan likayi an ngatanan nga karatan.	reject every kind of evil.
bubuhaton ito niya nga nagtatawag ha iyo, kay matinumanon hiya.	the one who calls you is faithful, and he will do it.
kabugtoan, igampo liwat kami niyo.	brothers and sisters, pray for us.
ipangumosta kami han ngatanan nga kabugtoan hin minagburugto nga harok.	greet all gods people with a holy kiss.
nagaaghat ako ha iyo, ha pagburutan han Ginoo, nga basahon niyo ini nga surat ha ngatanan nga mga magtinuohon.	i charge you before the Lord to have this letter read to all the brothers and sisters.
an grasya han aton Ginoo jesucristo maada unta ha iyo.	the grace of our Lord Jesus Christ be with you.
may mga tawo nga binmulag na ngan nawara ha ira mga dalan tungod hin binuang nga larulantugi.	some have departed from these and have turned to meaningless talk.
sayod kita nga maupay an balaod kon gamiton hin igo ngan angay nga paagi.	we know that the law is good if one uses it properly.
maupay ngan nakakalipay ini han dyos nga aton magtaralwas,	this is good, and pleases God our savior,
nga naruruyag nga matalwas an ngatanan nga mahibaro han kamatuoran.	who wants all people to be saved and to come to a knowledge of the truth.
kay uusa la an dyos, ngan uusa la an makakagusa han dyos nga han mga tawo; amo ini hi Cristo Jesus	for there is one God and one mediator between God and mankind, the man Christ Jesus,
kundi hin magupay nga mga panggawi nga angay hin kababayenan nga mainampoon.	but with good deeds, appropriate for women who profess to worship God.
kinahanglan nga mahibaro an kababayenan hin hilom ngan hingpit nga pagpaubos.	a woman should learn in quietness and full submission.
diri ako natugot nga an kababayenan magtutdo o maagaron han kalalakenan; kinahanglan humilom la hira.	i do not permit a woman to teach or to assume authority over a man; she must be quiet.
kay una paghimoon hi adan, sano hi eva.	for Adam was formed first, then Eve.
ngan diri hi adan kundi hi eva, an babaye, an ginlimbongan ngan nagtalapas han sugo han dyos.	and Adam was not the one deceived; it was the woman who was deceived and became a sinner.
kinahanglan diri hiya parahubog o maisog nga tawo, kundi mapuanguron ngan diri makiawayon; kinahanglan diri hiya makisalapi;	not given to drunkenness, not violent but gentle, not quarrelsome, not a lover of money.
kinahanglan nga hamtong na hiya ha pagtoo, basi diri hiya pumarayaw ngan paghukman hiya ha karatan sugad han yawa.	he must not be a recent convert, or he may become conceited and fall under the same judgment as the devil.
kinahanglan nga pagtumanon nira an iginpadayag nga kamatuoran han pagtoo, upod in limpyo nga konsensya.	they must keep hold of the deep truths of the faith with a clear conscience.
kinahanglan sarihan hira anay, ngan kon makapasar hira hini makakahimo na hira hin pagalagad ha singbahan.	they must first be tested; and then if there is nothing against them, let them serve as deacons.
samtang ginsusurat ko ini ha imo, naglalaom ako hin diri maiha hin pagkada ngan pagkigkita ha imo.	although i hope to come to you soon, i am writing you these instructions so that,
kay pinaagi han pulong han dyos ngan han pagampo, kinakarawat ini han dyos.	because it is consecrated by the word of God and prayer.
matuod ini nga pulong, ngan angay karawaton ngan tuohan hin hingpit.	this is a trustworthy saying that deserves full acceptance.
isugo ngan itutdo ini nga mga butang.	command and teach these things.
buhata ini nga mga butang ngan tumana hin kinasingkasing, basi hikitan han ngatanan an imo paguswag.	be diligent in these matters; give yourself wholly to them, so that everyone may see your progress.
tahora an mga balo nga kababayenan nga tinuod nga naguusaan.	give proper recognition to those widows who are really in need.
kundi, an balo nga babaye nga nagpapatakas hin kalipayan, patay na paghunahunaon bisan kon buhi pa hiya.	but the widow who lives for pleasure is dead even while she lives.
ihatag ini nga sugo ha ira, basi waray makagsuson ha ira.	give the people these instructions, so that no one may be open to blame.
ngan nakakasala hira hin diri pagtuman han ira syahan nga saad ha iya.	thus they bring judgment on themselves, because they have broken their first pledge.
kay mayada na iba nga mga balo nga kababayenan nga binmaya ngan nagsunod na kan satanas.	some have in fact already turned away to follow satan.
ayaw pamatii an sumbong kontra hin pangulo hin singbahan labot la kon ginsalawad ito hin duha o tulo nga mga saksi.	do not entertain an accusation against an elder unless it is brought by two or three witnesses.
sawaya ha atubangan han kadaman an mga nagpapakasala, basi mahadlok an iba.	but those elders who are sinning you are to reprove before everyone, so that the others may take warning.
ayaw paginom hin tubig la, kundi gamit hin gutiay nga bino, pagtambal han imo suroksurok, kay agsob ka la masakit.	stop drinking only water, and use a little wine because of your stomach and your frequent illnesses.
ha amo nga paagi, nakikita hin dayag an magupay nga mga buhat, ngan bisan an diri nakikita hin dayag diri matatago.	in the same way, good deeds are obvious, and even those that are not obvious cannot remain hidden forever.
matuod, nakakapariko gud an toluohan, kon kontento la an tawo han aada na ha iya.	but godliness with contentment is great gain.
ano an aton gindara han katawo naton nganhi ha kalibutan? waray! ano man an aton makukuha hini nga kalibutan? Waray!	for we brought nothing into the world, and we can take nothing out of it.
sanglit kon mayada na kita pagkaon ngan panapton, igo na unta ito ha aton.	but if we have food and clothing, we will be content with that.
tugona hira pagbuhat hin maupay, nga mariko hira hin magupay nga mga buhat, nga magmahinatagon ngan andam hin pagtabang han iba.	command them to do good, to be rich in good deeds, and to be generous and willing to share.
ihatag unta ha iyo han dyos nga aton amay ngan han Ginoo jesucristo an grasya ug an kalinaw.	grace and peace to you from God our father and the Lord Jesus Christ.
tungod kay diri ako nagruruhaduha hini ngatanan, nakahunahuna ako syahan hin pagbisita ha iyo, basi mapadisan an iyo kalipayan.	because i was confident of this, i wanted to visit you first so that you might benefit twice.
sugad nga tinuod gud nga an dyos diri buwaon, an akon saad ha iyo diri man liwat pagruruhaduhaan.	but as surely as God is faithful, our message to you is not “yes” and “no.”
an dyos ngahaw an naghatag han karigonan han amon kinabuhi upod ha iyo dida kan Cristo. an dyos ngahaw an nagpili ha aton,	now it is God who makes both us and you stand firm in Christ. he anointed us,
sanglit gintibway ko na la hin diri na pagkada kay bangin makabido la ako ha iyo.	so i made up my mind that i would not make another painful visit to you.
kay kon ako an makapabido ha iyo, hino pa man an maglilipay ha akon? an mga tawo la ngahaw nga akon ginbido.	for if i grieve you, who is left to make me glad but you whom i have grieved?
igo na para hini nga tawo nga ginsirotan na hiya han kadaman ha iyo.	the punishment inflicted on him by the majority is sufficient.
kundi yana, kinahanglan pasayloon ngan dasigon hiya niyo basi diri hiya mabido hin duro ngan mawadan hin paglaom.	now instead, you ought to forgive and comfort him, so that he will not be overwhelmed by excessive sorrow.
sanglit nahangyo ako ha iyo nga pahibaroon hiya niyo nga hinihigugma pa hiya niyo.	i urge you, therefore, to reaffirm your love for him.
basi diri kita madaog ni satanas; kay maaram kita han iya mga ginhuhunahunaan.	in order that satan might not outwit us. for we are not unaware of his schemes.
nasiring kami hini kay natapod kami han dyos pinaagi kan Cristo.	such confidence we have through Christ before God.
ano daw nga himaya an makikita ha pagalagad han espiritu!	will not the ministry of the spirit be even more glorious?
kay kon may kalamrag hadton lumalabay la, labi na hin kalamrag hadton himaya nga waray pagkatapos!	and if what was transitory came with glory, how much greater is the glory of that which lasts!
nadasig kami kay mayada kami hini nga paglaom.	therefore, since we have such a hope, we are very bold.
bisan yana kon nagbabasa hira han balaod ni Moises an ira mga hunahuna natatahoban pa gihapon han biray.	even to this day when Moses is read, a veil covers their hearts.
kundi nakukuha ini, sumala han siring han kasuratan, “nakuha an biray ni Moises han pagdangop niya han Ginoo.”	but whenever anyone turns to the Lord, the veil is taken away.
yana, “an Ginoo” hini nga bahin han kasuratan amo an espiritu; ngan kon hain an espiritu han Ginoo, mayada kagawasan.	now the Lord is the spirit, and where the spirit of the Lord is, there is freedom.
kay kon an iginwawali namon nga maupay nga sumat diri hinsasabotan, diri ini hinsasabtan hadton diri matatalwas.	and even if our gospel is veiled, it is veiled to those who are perishing.
agsob kami pagsakiton, kundi diri napupukan; nagruruhaduha kami usahay, kundi diri gud kami nagtuturaw.	we are hard pressed on every side, but not crushed; perplexed, but not in despair;
karuyag sidngon hini nga aanhi ha amon an kamatayon; kundi aada ha iyo an kinabuhi.	so then, death is at work in us, but life is at work in you.
ngan naaraba kita yana kay dako gud an aton paghingyap nga mahibutang dinhe ha aton an aton urokyan nga aadto ha langit.	meanwhile we groan, longing to be clothed instead with our heavenly dwelling,
kon masulotan na kita hini, diri mahimo nga waray naton lawas.	because when we are clothed, we will not be found naked.
kay nabubuhi kita pinaagi hin pagtoo ngan diri pinaagi hin butang nga kinikita.	for we live by faith, not by sight.
nadasig gud kita ngan karuyag gud naton pagbaya han aton urokyan dida hini nga lawas ngan magukoy kita upod han Ginoo.	we are confident, i say, and would prefer to be away from the body and at home with the Lord.
kundi labaw han ngatanan karuyag naton makalipay ha iya, ma anhi kita ha aton urokyan o ma adto kita upod ha Ginoo.	so we make it our goal to please him, whether we are at home in the body or away from it.
diri namon karuyag nga mayada ha iyo magsuson han amon buruhaton, sanglit diri man kami naguulang hin bisan hino ha iyo.	we put no stumbling block in anyones path, so that our ministry will not be discredited.
ginhampak kami, ginpriso, ngan ginraogdaog; nagtrabaho kami labaw han kaangayan ngan waray pagkaturog o waray namon pagkaon.	in beatings, imprisonments and riots; in hard work, sleepless nights and hunger;
hinigugma nga kasangkayan ha corinto! nagyakan kami hin dayag ha iyo ngan waray namon iginlilirong ha iyo.	we have spoken freely to you, corinthians, and opened wide our hearts to you.
labis an amon paghigugma ha iyo; kamo in kulang hin pagbati para ha amon.	we are not withholding our affection from you, but you are withholding yours from us.
uunanhon hin pagkauyon ni Cristo ngan han yawa? ano an ginkakaurusaan han magtinuohon ngan han diri magtinuohon?	what harmony is there between Christ and belial ?? or what does a believer have in common with an unbeliever?
kundi gindasig kami han dyos nga paralipay han mga mabidoon pinaagi han pagabot ni tito.	but God, who comforts the downcast, comforted us by the coming of Titus,
malipayon gud ako nga hingpit an akon pagsarig ha iyo!	i am glad i can have complete confidence in you.
kabugtoan, karuyag namon nga mahibaroan niyo an nabuhat han grasya han dyos dida han mga singbahan ha Macedonia.	and now, brothers and sisters, we want you to know about the grace that God has given the macedonian churches.
nakakapatapod ako ha iyo nga hinmatag hira sugad han ira nahimo ngan bangin sobra pa, kay ha ira kalugaringon nga kaburuton,	for i testify that they gave as much as they were able, and even beyond their ability. entirely on their own,
naghangyo ngan nanginyupo gud hira ha amon nga makaamot hira hin pagtabang han mga magtinuohon ha Judea.	they urgently pleaded with us for the privilege of sharing in this service to the lords people.
kon karuyag gud niyo humatag, kakarawton ini han dyos sumala han sadang niyo ihatag, diri han waray dida ha iyo.	for if the willingness is there, the gift is acceptable according to what one has, not according to what one does not have.
sugad han siring han kasuratan: “an nagtirok hin damo waray magsobra, ngan an nagtirok hin gutiay waray magkulang.”	as it is written: “the one who gathered much did not have too much, and the one who gathered little did not have too little.”
dako an amon pagpasalamat han dyos nga nagpasindak kan tito hin pagbulig ha iyo sugad gud han amon kasindak hin pagbulig ha iyo!	thanks be to God, who put into the heart of Titus the same concern i have for you.
naghihirot kami nga waray sumuson mahitungod han paagi han pagdumara namon hini nga dako nga bulig.	we want to avoid any criticism of the way we administer this liberal gift.
diri na kinahanglan nga magsurat pa ako ha iyo mahitungod han mga bulig nga ginpadara ngadto han mga magtinuohon ha Judea.	there is no need for me to write to you about this service to the lords people.
sugad han siring han kasuratan: “mahinatagon gud hiya ngadto han mga kablas; waray katapusan an iya pagkalooy.”	as it is written: “they have freely scattered their gifts to the poor; their righteousness endures forever.”
pagpasalamat kita han dyos tungod han diri sadang mahiasoy nga hatag niya!	thanks be to God for his indescribable gift!
matuod Gad nga naguukoy kita dinhe ha kalibutan, kundi diri kita nakikigaway tungod hin kalibutanon nga mga panuyo.	for though we live in the world, we do not wage war as the world does.
ngan katapos niyo pagpakita han iyo timos nga pagkamasinugtanon, andam na kami hin pagsirot hin bisan ano nga pagsupak.	and we will be ready to punish every act of disobedience, once your obedience is complete.
diri ko karuyag nga maghunahuna kamo nga gintatarhog ko la kamo han akon mga surat.	i do not want to seem to be trying to frighten you with my letters.
karuyag ko nga tugotan ako niyo bisan kon usahay mayada ko gutiay nga kalurongan. tugoti ako kon mahihimo!	i hope you will put up with me in a little foolishness. yes, please put up with me!
pamati ko diri Gad ako ubos han gimaupayi niyo nga mga “apostoles”!	i do not think i am in the least inferior to those “superapostles.”
kay ano in pagsiring ko hini? tungod ba nga diri ako nahigugma ha iyo? maaram an dyos nga hinihigugma ko kamo!	why? because i do not love you? God knows i do!
diri ini orosahon! kay bisan ngani hi satanas nakakahimo hin pagpakita ha iya ngahaw sugad hin anghel han kapawa!	and no wonder, for satan himself masquerades as an angel of light.
kundi tungod nga damo man in naparayaw hin kanan tawo la nga mga panuyo, bubuhaton ko man in sugad.	since many are boasting in the way the world does, i too will boast.
mga makinaadmananon gud man kamo, sanglit malipayon la kamo pagtugot hin mga lurong!	you gladly put up with fools since you are so wise!
mga hebreo ba hira? sugad man ako. mga israelita ba hira? sugad man ako. mga tulin ba hira ni Abraham? sugad man ako.	are they Hebrews? so am i. are they Israelites? so am i. are they abrahams descendants? so am i.
nakalima ako kumarawat han tag traynta y nuybe nga mga hampak han mga judiyo;	five times i received from the Jews the forty lashes minus one.
ngan waray labot han iba pa nga mga butang, nagantos ako adlawadlaw hin kabaraka para han ngatanan nga mga singbahan.	besides everything else, i face daily the pressure of my concern for all the churches.
kon mayada maluya, naabat man ako hin kamaluya; kon mayada nakakasala, napupuno ako hin kabidoan.	who is weak, and i do not feel weak? who is led into sin, and i do not inwardly burn?
kon kinahanglan ako pumarayaw, ipaparayaw ko an mga butang nga nagpapakita han akon kamaluya.	if i must boast, i will boast of the things that show my weakness.
maaram an dyos nga amay han Ginoo nga Jesus nga diri ako nagbubuwa. dayawon ha kadayonan an iya ngaran!	the God and father of the Lord Jesus, who is to be praised forever, knows that i am not lying.
kundi gintunton ako sulod hin basket pinaagi hin buho dida han pader, ngan nakakalagiw ako.	but i was lowered in a basket from a window in the wall and slipped through his hands.
nagampo ako ha Ginoo makatulo mahitungod hini, ngan naghangyo nga kuhaon ini.	three times i pleaded with the Lord to take it away from me.
ano ngani nga paagi? sinmingabot ba ako ha iyo pinaagi han mga tawo nga akon ginsugo?	did i exploit you through any of the men i sent to you?
nasarig ako nga mahibabaro kamo nga waray kami mapakyas.	and i trust that you will discover that we have not failed the test.
kay diri kami makakahimo hin bisan ano supak han kamatuoran, kundi para gudla han kamatuoran.	for we cannot do anything against the truth, but only for the truth.
nalilipay kami kon maluya kami ngan makusog kamo. sanglit nagaampo liwat kami nga mahingpit kamo.	we are glad whenever we are weak but you are strong; and our prayer is that you may be fully restored.
magpangumostahay kamo hin minagburugto nga harok. nangungumosta ha iyo an ngatanan nga mga magtinuohon han dyos.	greet one another with a holy kiss.
an grasya han Ginoo jesucristo, an gugma han dyos, ngan an pagkausa han Espiritu Santo santo maada unta ha iyo ngatanan!	all gods people here send their greetings.
kay magpapabilin ha aton an kamatuoran ngan maguupod ha aton ha kadayonan.	because of the truth, which lives in us and will be with us forever:
kay an maghatag ha iya hin katalahoran, nahihimo nga kabulig han iya magraot nga mga buhat.	anyone who welcomes them shares in their wicked work.
nangungumosta ha imo an mga anak han imo hinigugma nga bugto nga babaye.	the children of your sister, who is chosen by God, send their greetings.
mapuno unta kamo han grasya ngan kamurayaw, pinaagi han iyo pagkilala han dyos ngan kan Jesus nga aton Ginoo.	grace and peace be yours in abundance through the knowledge of God and of Jesus our Lord.
ha iyo pagkadyosnon idugang an minagburugto nga pagbati, ngan ha iyo minaburugto nga pagbati idugang an paghigugma.	and to godliness, mutual affection; and to mutual affection, love.
natoo ako nga akon katungod hin pagpukaw han iyo panumdoman hiunong hini nga mga butang, samtang buhi pa ako.	i think it is right to refresh your memory as long as i live in the tent of this body,
hinbatian namon ngahaw ini nga tingog nga tikang ha langit, han upod kami niya dida han baraan nga bukid.	we ourselves heard this voice that came from heaven when we were with him on the sacred mountain.
ngan tubig liwat han lunop an nagpuo han daan nga kalibutan.	by these waters also the world of that time was deluged and destroyed.
kundi maghuhulat kita han iginsaad han dyos: an bago nga kalangitan ngan bago nga tuna, diin naghahadi an pagkamatadong.	but in keeping with his promise we are looking forward to a new heaven and a new earth, where righteousness dwells.
nagpakiana ha iya hi David, “diin ka tikang?” “nakakalagiw ako tikang han kampo han mga israelita,” binmaton hiya.	“where have you come from?” David asked him. he answered, “i have escaped from the israelite camp.”
han paglingi niya, hinkitan ako ngan gintawag ako niya. binmaton ako, ‘aadi ako!’	when he turned around and saw me, he called out to me, and i said, ‘what can i do?’
nagpakiana hiya kon hino ako, ngan ginsumatan ko hiya nga amalekanhon ako.	“he asked me, ‘who are you?’ ““ ‘an amalekite,’ i answered.
nagpakiana ha iya hi David, “ano an kasugad nga nagpasipara ka pagpatay han kanan Ginoo pinili nga hadi?”	David asked him, “why werent you afraid to lift your hand to destroy the Lord ’s anointed?”
ginkanta ni David an iya kasubo tungod kan Saul ngan han iya anak hi jonatan,	David took up this lament concerning Saul and his son Jonathan,
ngan nagsugo hiya nga igtutdo ini ha mga tawo han Juda. (nahisurat ini dida han an basahan ni jasar .).)	and he ordered that the people of Judah be taught this lament of the bow (it is written in the book of jashar):
ngan naghadi hiya han Juda didto ha Hebron hin pito hin tunga ka tuig.	the length of time David was king in Hebron over Judah was seven years and six months.
tikang ha mahanaim kinmadto han syudad han gabaon hi abner ngan an mga opisyal ni isboset.	abner son of ner, together with the men of ishbosheth son of Saul, left mahanaim and went to Gibeon.
ginlanat niya hi abner.	he chased abner, turning neither to the right nor to the left as he pursued him.
linmingi hi abner ngan nagsiring, “amo ka ba hi asahel?” “oo,” binmaton hiya.	abner looked behind him and asked, “is that you, asahel?” “it is,” he answered.
niyan nagtrompeta hi joab pagpahunong na han iya mga tawo hin paglanat han mga israelita; sanglit inmundang an araway.	so joab blew the trumpet, and all the troops came to a halt; they no longer pursued Israel, nor did they fight anymore.
nakamatay an mga tawo ni David hin 360 han kan abner mga tawo nga sakop han tribo ni Benjamin.	but davids men had killed three hundred and sixty benjamites who were with abner.
hi adonias nga anak ni haguit; hi sefatias nga anak ni abital;	the fourth, adonijah the son of haggith; the fifth, shephatiah the son of abital;
hi itream nga anak ni egla. ini ngatanan mga anak ni David ngan didto hira ngatanan natawo ha Hebron.	and the sixth, ithream the son of davids wife eglah. these were born to David in Hebron.
duro gud an kahadlok ni isboset kan abner nga waray hiya makayakan bisan usa ka pulong.	ishbosheth did not dare to say another word to abner, because he was afraid of him.
sanglit iginpakuha ni isboset hi mical tikang han iya bana nga hi paltiel nga anak ni lais.	so ishbosheth gave orders and had her taken away from her husband paltiel son of laish.
ginkanta ni David ini nga pagnguyngoy para kan abner: “kinahanglan mamatay ba hi abner sugad hin lurong?	the king sang this lament for abner: “should abner have died as the lawless die?
nangalagiw ngadto ha gitaim an tinuod nga mga umurokoy han beerot, diin nagukoy hira tikang pa hadto.)	because the people of beeroth fled to gittaim and have resided there as foreigners to this day.
hi David 30 na an panuigon han kahimo niya nga hadi, ngan naghadi hiya hin 40 ka tuig.	David was thirty years old when he became king, and he reigned forty years.
kundi nabihag ni David an ira madigon nga kota han sion, ngan ginkilala ini nga “syudad ni David.”)	nevertheless, David captured the fortress of zionwhich is the city of David.
nagtikakusog la hi David, kay nakada ha iya an Ginoo nga dyos nga labi kamakagarahum.	and he became more and more powerful, because the Lord God Almighty was with him.
amo ini an mga anak nga natawo didto ha Jerusalem: hira samua, sobab, natan, Solomon,	these are the names of the children born to him there: shammua, shobab, nathan, Solomon,
ibaar, elisua, nefeg, jafia,	ibhar, elishua, nepheg, japhia,
elisama, eliada, ug elifelet.	elishama, eliada and eliphelet.
nagkaabot ngadto ha kahamuban han refaim an mga filisteohanon ngan ginrikopohan ini.	now the Philistines had come and spread out in the valley of rephaim;
niyan binmalik ngadto ha kahamuban han refaim an mga filisteohanon ngan ginrikopohan na liwat ini.	once more the Philistines came up and spread out in the valley of rephaim;
gintirok na liwat ni David an gimamagupayi nga mga sondalo didto ha Israel, nga inmabot ngatanan hin 30000 nga kalalakenan,	David again brought together all the able young men of israelthirty thousand.
nga naguuna han karomata hi ahio.	with the ark of God on it, and ahio was walking in front of it.
sanglit tikang hadto gintawag nga perez uza adto nga dapit. napungot hi David kay ginkastigo han Ginoo ,, ha iya kasina, hi uza.	then David was angry because the Lord ’s wrath had broken out against uzzah, and to this day that place is called perez uzzah.
nagsinayaw hi David, tugob hin kalipay, ha pagpasidungog han Ginoo ,, nga nakakatapis la hiya hin dugnit nga lino.	wearing a linen ephod, David was dancing before the Lord with all his might,
waray gud maganak hi mical nga anak ni Saul, asta nga namatay.	and michal daughter of Saul had no children to the day of her death.
binmaton hi natan, “buhata an imo ginhuhunahuna, kay aada ha imo an Ginoo .”.”	nathan replied to the king, “whatever you have in mind, go ahead and do it, for the Lord is with you.”
kundi hito nga gabi nagsiring an Ginoo kan natan,	but that night the word of the Lord came to nathan, saying:
hiya amo an magtitindog hin templo para ha akon, ngan tatalinguhaon ko nga maghadi an iya katulinan ha kadayonan.	he is the one who will build a house for my name, and i will establish the throne of his kingdom forever.
iginsumat ni natan kan David an ngatanan nga iginpadayag ha iya han dyos.	nathan reported to David all the words of this entire revelation.
ano pa in akon igsisiring ha imo! nakilala ka ha akon nga imo surugoon.	“what more can David say to you? for you know your servant, sovereign Lord ..
ginagaw ni David an bulawan nga mga taming nga dara han mga opisyal ni hadadeser ngadto ha Jerusalem.	David took the gold shields that belonged to the officers of hadadezer and brought them to Jerusalem.
ginkuha liwat niya in kadaman nga mga bronse tikang ha beta ug berotai nga mga syudad nga ginhahadian ni hadadeser.	from tebah and berothai, towns that belonged to hadadezer, king David took a great quantity of bronze.
hinbatian ni hadi toi han hamat nga ginpirde ni David an ngatanan nga kasondalohan ni hadadeser.	when tou king of hamath heard that David had defeated the entire army of hadadezer,
hira sadoc nga anak ni ahitob ngan hi ahimelec nga anak ni abiatar amo an kapadian; hi seraias amo an sekretaryo han korte;	zadok son of ahitub and ahimelek son of abiathar were priests; seraiah was secretary;
sanglit iginpakuha ini nga tawo ni hadi David.	so king David had him brought from lo debar, from the house of makir son of ammiel.
sanglit nagukoy didto ha Jerusalem hi mefiboset nga piay an duha nga tiil, nga dayuday kasaro han hadi.	and mephibosheth lived in Jerusalem, because he always ate at the kings table; he was lame in both feet.
waray kaiha namatay hi hadi nahas han amon ngan hi hanun nga iya anak an naghadi.	in the course of time, the king of the Ammonites died, and his son hanun succeeded him as king.
hinbaroan ini ni David ngan ginsugo niya hi joab hin pagsulong ha ira upod an ngatanan nga kasondalohan.	on hearing this, David sent joab out with the entire army of fighting men.
sinmulong hin pakigaway hi joab ngan an iya mga tawo, ngan nangalagiw an mga siriahanon.	then joab and the troops with him advanced to fight the arameans, and they fled before him.
han pakakita han mga siriahanon nga ginpirde na hira han mga israelita, gintirok nira an ngatanan nira nga kasondalohan.	after the arameans saw that they had been routed by Israel, they regrouped.
waray kaiha nakasabot hiya nga burod na hiya ngan ginsumatan niya hi David.	the woman conceived and sent word to David, saying, “i am pregnant.”
han pagkaaga nagsurat hi David kan joab ngan iginpadara ini kan urias.	in the morning David wrote a letter to joab and sent it with uriah.
niyan nagpadara hi joab ngadto kan David hin sumat hiunong han away,	joab sent David a full account of the battle.
ngan iya gintugon an sinugo, “katapos mo pagsumati kan David han ngatanan hiunong han araway,	he instructed the messenger: “when you have finished giving the king this account of the battle,
sanglit kinmadto kan David an sinugo ngan ginsumatan niya hi David han iginsugo ha iya ni joab.	the messenger set out, and when he arrived he told David everything joab had sent him to say.
han paghibaro la ni batseba nga namatay na an iya bana, nagmasulobon hiya tungod han iya bana.	when uriahs wife heard that her husband was dead, she mourned for him.
damo an mga baka ngan mga karnero han riko,	the rich man had a very large number of sheep and cattle,
kinahanglan pagbaydan niya hin upat ka pilo an iya kinuha, tungod han pagbuhat niya hin sugad kamabangis nga butang.”	he must pay for that lamb four times over, because he did such a thing and had no pity.”
imo ini gintago nga sala, kundi ipabubuhat ko ini ha kapawan han adlaw, ha atubangan han bugos nga Israel.’”	you did it in secret, but i will do this thing in broad daylight before all Israel.’ ””
nagpadayon hi joab pakigaway kontra han raba nga kapital nga syudad han amon, ngan gutiay na gud la marikopo ini.	meanwhile joab fought against rabbah of the Ammonites and captured the royal citadel.
sanglit gintirok ni David an iya kasondalohan, kinmadto ha raba, ginsulong, ngan nakuha niya an syudad.	so David mustered the entire army and went to rabbah, and attacked and captured it.
kundi waray la hiya mamati kan tamar; ngan tungod nga makurukusog man hi amnon ha iya, linupigan ngan ginlugos hiya.	but he refused to listen to her, and since he was stronger than she, he raped her.
han paghibaroi ni David han nahinabo, napungot hiya hin duro.	when king David heard all this, he was furious.
hinbaroan ni joab nga anak ni seruia nga nahihidlaw hin duro hi hadi David kan absalon,	joab son of zeruiah knew that the kings heart longed for Absalom.
niyan kadtoa an hadi ngan sidnga hiya han akon igsisiring ha imo.” katapos ginsumatan hiya ni joab han iya igyayakan han hadi.	then go to the king and speak these words to him.” and joab put the words in her mouth.
binmaton an hadi, “uli nala, ngan akon ini paninimangnoon.”	the king said to the woman, “go home, and i will issue an order in your behalf.”
niyan binmuhat hiya ngan kinmadto ha gesur, ngan iginbalik hi absalon ngadto ha Jerusalem.	then joab went to geshur and brought Absalom back to Jerusalem.
may tulo nga mga anak nga kalalakenan hi absalon, ngan usa nga babaye nga ginngaranan kan tamar, mahusay hin duro nga babaye.	three sons and a daughter were born to Absalom. his daughters name was tamar, and she became a beautiful woman.
nagukoy hi absalon hin duha ka tuig didto ha Jerusalem ngan waray hiya igkakita han hadi.	Absalom lived two years in Jerusalem without seeing the kings face.
“maupay na la nga imo paglakat,” nagsiring an hadi. sanglit kinmadto ha Hebron hi absalon.	the king said to him, “go in peace.” so he went to Hebron.
han nabaya na han syudad an hadi ngan an ngatanan nga iya mga tawo, hinmapit hira dida han kataposan nga balay.	so the king set out, with all the people following him, and they halted at the edge of the city.
sanglit iginbalik ngadto ha Jerusalem nira sadoc ug abiatar an kahon han ginsaaran ngan nagpabilin hira didto.	so zadok and abiathar took the ark of God back to Jerusalem and stayed there.
nagsiring ha iya hi David, “diri ka makakabulig ha akon kon umupod ka ha akon,	David said to him, “if you go with me, you will be a burden to me.
sanglit binmalik ngadto han syudad hi husai nga sangkay ni David, dida han tisakob na hi absalon han syudad.	so hushai, davids confidant, arrived at Jerusalem as Absalom was entering the city.
kinapoy hin duro hi David ngan an ngatanan niya nga mga tawo han pagabot nira han Jordan, ngan pinmahuway hira didto.	the king and all the people with him arrived at their destination exhausted. and there he refreshed himself.
sinmulod ha Jerusalem hi absalon ngan an ngatanan nga mga israelita nga tinmampo ha iya, ngan upod nira hi ahitofel.	meanwhile, Absalom and all the men of Israel came to Jerusalem, and ahithophel was with him.
niyan inatubang ni absalon hi ahitofel ngan ginsiring, “yana nga aanhi na kita, ano an imo sadang isagdon ha akon?”	Absalom said to ahithophel, “give us your advice. what should we do?”
daw nakalipay ini nga sagdon kan absalon ngan han ngatanan nga mga punoan nga israelita.	this plan seemed good to Absalom and to all the elders of Israel.
nagsiring hi absalon, “tawaga liwat hi husai, ngan pamatii ta kon ano man an iya igsisiring.”	but Absalom said, “summon also hushai the arkite, so we can hear what he has to say as well.”
binmaton hi husai, “diri maupay an iginsagdon ha iyo yana ni ahitofel.	hushai replied to Absalom, “the advice ahithophel has given is not good this time.
nakadto na hi David han bungto han mahanaim han pakatabok han Jordan ni absalon ngan han iya mga tawo. ((	David went to mahanaim, and Absalom crossed the Jordan with all the men of Israel.
nagkampo didto han tuna han galaad hi absalon ngan an iya mga tawo.	the Israelites and Absalom camped in the land of Gilead.
ginmawas ngadto han kapatagan an kasondalohan ni David ngan pinakiawayan an mga israelita didto ha kagurangan han efraim.	davids army marched out of the city to fight Israel, and the battle took place in the forest of ephraim.
niyan dinmaop kan absalon in napulo han mga sondalo ni joab, ngan ginhuman nira an pagpatay kan absalon.	and ten of joabs armorbearers surrounded Absalom, struck him and killed him.
“tukdaw anay didto,” ginsiring hiya han hadi, sanglit kinmadto hiya ngan hinmulat.	the king said, “stand aside and wait here.” so he stepped aside and stood there.
ginsumatan hi joab nga nagtangis ngan nagmabidoon tungod kan absalon hi hadi David.	joab was told, “the king is weeping and mourning for Absalom.”
ngan nagsiring hiya kan simei, “nagsusumpa ako ha imo nga diri ka papatayon.”	so the king said to shimei, “you shall not die.” and the king promised him on oath.
nagsiring ha iya an hadi, “upod ha akon ngadto ha Jerusalem ngan pagmamangnoan ko ikaw.”	the king said to barzillai, “cross over with me and stay with me in Jerusalem, and i will provide for you.”
linmakat hi amasa hin pagtirok ha ira, kundi waray hira bumalik han adlaw nga igintalaan han hadi.	but when amasa went to summon Judah, he took longer than the time the king had set for him.
“diri gud,” binmaton hi joab. “diri gud ako magruruba o magbubungkag han iyo syudad!	“far be it from me!” joab replied, “far be it from me to swallow up or destroy!
hi adoram amo an tinaporan han inoripon nga trabaho; hi josafat nga anak ni ahilud amo an tinaporan han mga sinurat;	adoniram was in charge of forced labor; jehoshaphat son of ahilud was recorder;
hi seva amo an sekretaryo han palasyo; hira sadoc ug abiatar amo an mga padi,	sheva was secretary; zadok and abiathar were priests;
ngan usa liwat han kan David kapadian amo hi ira nga taga bungto han jair.	and ira the jairite was davids priest.
han paghibaroi ni David han ginbuhat ni rizpa,	when David was told what aiahs daughter rizpah, sauls concubine, had done,
ginayat niya an mga israelita ngan ginpatay hiya ni jonatan nga anak ni sama nga bugto ni David.	when he taunted Israel, Jonathan son of shimeah, davids brother, killed him.
akon bato, akon kota an Ginoo ngan hiya ha akon nagbawi.	he said: “the Lord is my rock, my fortress and my deliverer;
natawag ako han Ginoo ,, takos hiya han akon pagdayeg. ginggawas ako ha mga kasamokan.	“i called to the Lord ,, who is worthy of praise, and have been saved from my enemies.
an mga balod han kamatayon nakalumos ha akon. an mga baha han akon kapukan nakadaog ha akon.	the waves of death swirled about me; the torrents of destruction overwhelmed me.
an mga pisi han kamatayon nakahikog ha akon. an mga bitik han kamatayon nakapalisang ha akon.	the cords of the grave coiled around me; the snares of death confronted me.
nabayog ug nangurog an tuna; nabantad an patukoranan han langit. kinmurog kay nasina hiya.	the earth trembled and quaked, the foundations of the heavens shook; they trembled because he was angry.
binuksan niya an kalangitan, ngan tuna an iya linusaran, upod in mga dampog nga maitom ha iya mga tiil nailarom.	he parted the heavens and came down; dark clouds were under his feet.
an anghel an iya sinasakyan, hataas an iya linolupdan. masukot hiya hikitan, ha bawbaw han kahanginan.	he mounted the cherubim and flew; he soared on the wings of the wind.
tabon niya an kasisidman, mga dampog hin tubig hiya ginugupan.	he made darkness his canopy around him— the dark rain clouds of the sky.
mga baga nga naglalahinggab, hin kalayo naulyab.	out of the brightness of his presence bolts of lightning blazed forth.
an Ginoo ginmoliat ha kalangitan, han gihahataasi in tingog hinbatian.	the Lord thundered from heaven; the voice of the most high resounded.
tungod han iya pana hira nagsarang, han kikidlat hira nanadlagan.	he shot his arrows and scattered the enemy, with great bolts of lightning he routed them.
ginggawad ako niya ngan ginggawas ha katubigan ngan ako natalwas.	“he reached down from on high and took hold of me; he drew me out of deep waters.
tikang han mga kaaway gintalwas ako han mga nagdudumot nga mga tawo. waray ako makaato, kay makusog hira hin duro.	he rescued me from my powerful enemy, from my foes, who were too strong for me.
ginsulong ako takna nga kakurian, kundi han Ginoo ako ginsalipdan.	they confronted me in the day of my disaster, but the Lord was my support.
ginagaw ako niya ha kataragman; tungod kay ako iya nalilipayan.	he brought me out into a spacious place; he rescued me because he delighted in me.
an Ginoo nabalos kay ako matadong; ginpakaupay ako kay di' masupakon.	“the Lord has dealt with me according to my righteousness; according to the cleanness of my hands he has rewarded me.
balaod han Ginoo ako masugtanon, han dyos di' ako masinupilon.	for i have kept the ways of the Lord ;; i am not guilty of turning from my God.
gintuman ko an mga balaod niya, iya mga sugo waray ko pagsupaka.	all his laws are before me; i have not turned away from his decrees.
maaram gud hiya nga diri ako salaan, nga nadiri ako pagbuhat hin karatan.	i have been blameless before him and have kept myself from sin.
sanglit nabalos kay ako matadong, sayod hiya nga diri ako masupakon.	the Lord has rewarded me according to my righteousness, according to my cleanness in his sight.
maputli ka hadton putli ha hunahuna, ngan maisog ka hadton makasasala.	to the pure you show yourself pure, but to the devious you show yourself shrewd.
gintatalwas mo an mapinaubsanon, ginpapaubos an mapinahitason.	you save the humble, but your eyes are on the haughty to bring them low.
ikaw, o Ginoo ,, an akon kapawa; an kasisidman ko imo pinapara.	you, Lord ,, are my lamp; the Lord turns my darkness into light.
kusog hin pakiaway ha akon imo hinatag, ngan gahom hin mga panalipod pagbungkag.	with your help i can advance against a troop ;; with my God i can scale a wall.
an Ginoo gudla an dyos, hino pa man? an dyos gudla amo an aton darangpan.	for who is God besides the Lord ?? and who is the rock except our God?
ini nga dyos madigon ko nga arayopan, an akon dalan nga waray kataragman.	it is God who arms me with strength and keeps my way secure.
diri magsasayop an akon mga pitad, sugad han bugsok ha bukid paglakat.	he makes my feet like the feet of a deer; he causes me to stand on the heights.
hin pagaway iya ako gintutdoan, hin pagpana akon ginadman.	he trains my hands for battle; my arms can bend a bow of bronze.
o Ginoo ,, imo ako ginpanalipdan; han imo tambulig ako nagamhanan.	you make your saving help my shield; your help has made me great.
waray mo itugot nga ako mabihag, nga ako mapukan, ha imo mahibulag.	you provide a broad path for my feet, so that my ankles do not give way.
ginlanat, ginpirde an kaaway nakon; ha ira pagbungkag waray ako humunong.	“i pursued my enemies and crushed them; i did not turn back till they were destroyed.
gintumba ko hira, diri na mabangon; tumba nga pirdedo ha tiilan nakon.	i crushed them completely, and they could not rise; they fell beneath my feet.
hatag ha akon kusog ha pagawayan, ha akon kaaway, akon pagdaragan.	you armed me with strength for battle; you humbled my adversaries before me.
mga kaaway ko pinalagiw ha akon; an nagdumot ha akon maupay pagpuohon.	you made my enemies turn their backs in flight, and i destroyed my foes.
hin tambulig hira nangingita, kundi waray nakakatalwas ha ira. han Ginoo hira nangaraba, kundi waray hira niya batona.	they cried for help, but there was no one to save them— to the Lord ,, but he did not answer.
akon gindudugmok hira ngatanan, tapotapo an ira dinangatan. akon hira gintatamaktamakan, sugad hin lapok ha kadalanan.	i beat them as fine as the dust of the earth; i pounded and trampled them like mud in the streets.
mga lumalangyaw ha akon nahapa, nasugot gud dayon kon nabati hira.	foreigners cower before me; as soon as they hear of me, they obey me.
nangurog hin kahadlok mga lumalangyaw, paggawas ha kota, kay hira nagtalaw.	they all lose heart; they come trembling from their strongholds.
akon pagdaragan iya ginhatag, akon kaaway iya ginbihag. akon nasakop an mga tawo,	he is the God who avenges me, who puts the nations under me,
naghihimangraw pinaagi ha akon an espiritu han Ginoo ;; aanhi han akon mga imim an iya mensahe.	“the spirit of the Lord spoke through me; his word was on my tongue.
hiya an labi kabantogan han “an traynta,” ngan nahimo nga ira pangulo, kundi diri hiya sugad kabantogan han “an tutulo.”	was he not held in greater honor than the three? he became their commander, even though he was not included among them.
gintuman ni David an sugo han Ginoo ngan kinmadto hiya sumala han iginsiring ha iya ni Gad.	so David went up, as the Lord had commanded through Gad.
tagan unta kamo han dyos amay ngan han Ginoo jesucristo han grasya ngan kamurayaw.	grace and peace to you from God the father and the Lord Jesus Christ.
bubuhaton han dyos an matadong: papapagantoson niya an mga nagpapaantos ha iyo,	God is just: he will pay back trouble to those who trouble you
diri ba kamo nahinunumdom? ginsumatan ko kamo hini ngatanan samtang nakada pa ako ha iyo.	dont you remember that when i was with you i used to tell you these things?
tungod hini itinugot han dyos nga kalimbongan hira ngan tumoo hira han mga buwa,	for this reason God sends them a powerful delusion so that they will believe the lie
basi paghukman ha karatan an ngatanan nga waray tumoo han kamatuoran, kundi nagpatakas la hin pagpinakasala.	and so that all will be condemned who have not believed the truth but have delighted in wickedness.
kundi katataporan an Ginoo. paririgunon kamo niya ngan pananalipdan kamo han mga karatan han yawa.	but the Lord is faithful, and he will strengthen you and protect you from the evil one.
hinaot unta nga bantaron han Ginoo an iyo mga kasingkasing hin paghigugma han dyos, ngan hin pagilob nga ginhatag ni Cristo.	may the Lord direct your hearts into gods love and christs perseverance.
maaram kamo ngahaw nga kinahanglan niyo buhaton an amon ginbuhat. diri kami mga hubya han nakada pa kami ha iyo.	for you yourselves know how you ought to follow our example. we were not idle when we were with you,
kundi, kabugtoan, kinahanglan diri kamo gulan hin pagbuhat han maupay.	and as for you, brothers and sisters, never tire of doing what is good.
kundi ayaw isipa hiya nga kaaway; lugod, sagdoni hiya sugad hin usa nga bugto.	yet do not regard them as an enemy, but warn them as you would a fellow believer.
maada unta ha iyo ngatanan an grasya han aton Ginoo jesucristo.	the grace of our Lord Jesus Christ be with you all.
nahinunumdom ako han imo mga luha, ngan karuyag ko gud makigkita ha imo, basi magmalipayon ako.	recalling your tears, i long to see you, so that i may be filled with joy.
gintungdan ako han dyos hin pagsangyaw han maupay nga sumat sugad nga apostol ngan magturutdo,	and of this gospel i was appointed a herald and an apostle and a teacher.
tipigi an magupay nga mga butang nga igintapod ha imo, pinaagi han gahom han Espiritu Santo santo nga naguukoy dinhe ha aton.	guard the good deposit that was entrusted to youguard it with the help of the Holy Spirit spirit who lives in us.
maaram ka nga hira ngatanan didto ha lalawigan han asia, upod hira figelo ug hermogenes tinmalikod ha akon.	you know that everyone in the province of asia has deserted me, including phygelus and hermogenes.
kundi han pagabot niya ha Roma, ginpinamiling ako niya dayon tubtob nga hinagian ako niya.	on the contrary, when he was in Rome, he searched hard for me until he found me.
mahitungod ha imo, anak ko, pagmakusog pinaagi han gahom nga naangkon ta dida ha pakigusa kan Cristo Jesus.	you then, my son, be strong in the grace that is in Christ Jesus.
pakigangbit hin pagantos sugad hin mainugopon nga sondalo ni Cristo Jesus.	join with me in suffering, like a good soldier of Christ Jesus.
adton nadalagan dida hin paisanisan diri man makakadaog han primyo, gawas kon sundon niya an mga turumanon han uyag.	similarly, anyone who competes as an athlete does not receive the victors crown except by competing according to the rules.
an parauma nga nagkabudlay hin dako kinahanglan amo an makaangkon han syahan nga bahin han inani.	the hardworking farmer should be the first to receive a share of the crops.
paghunahunaa kon ano an karuyag ko sidngon, kay an Ginoo mabulig ha imo hin pakasabot han ngatanan nga mga butang.	reflect on what i am saying, for the Lord will give you insight into all this.
hinumdomi hi jesucristo nga tulin ni David, nga ginbanhaw, sumala han maupay nga sumat nga akon iginwali.	remember Jesus Christ, raised from the dead, descended from David. this is my gospel,
matuod ini nga darahunon: “kon mamatay kita upod ha iya, mabubuhi man kita upod ha iya.	here is a trustworthy saying: if we died with him, we will also live with him;
kon magpadayon kita hin pagilob, maghahadi man kita upod ha iya. kon iglirong ta hiya, iglilirong man kita niya.	if we endure, we will also reign with him. if we disown him, he will also disown us;
kon diri kita magmatinumanon, nagpapadayon gihapon hiya kamatinumanon, kay diri hiya matipa han iya kalugaringon.”	if we are faithless, he remains faithful, for he cannot disown himself.
likayi an diri dyosnon nga linurong nga mga larolantugi, nakakapahirayo sa dyos han mga tawo.	avoid godless chatter, because those who indulge in it will become more and more ungodly.
an ira igintututdo nasusugad hin kapithok nga nagkukutkot han unod. duha ini nga mga magturutdo amo hira himeneo ug fileto.	their teaching will spread like gangrene. among them are hymenaeus and philetus,
kundi pahirayo han linurong ngan waray pulos nga mga pakiglantugi; sayod ka nga an dadangatan hini amo an mga pagkaawayaway.	dont have anything to do with foolish and stupid arguments, because you know they produce quarrels.
an surugoon han Ginoo kinahanglan diri makigaway. kinahanglan maloloyon hiya ha ngatanan, maupay ngan mailobon nga magturutdo,	and the lords servant must not be quarrelsome but must be kind to everyone, able to teach, not resentful.
tigamni ini! magmamakuri an panahon ha kataposan nga mga adlaw.	but Mark this: there will be terrible times in the last days.
magmamalingo hira, magpapasagad la hira ngan malabyaw asay lugod nira hihigugmaon an kalipayan, diri an dyos;	treacherous, rash, conceited, lovers of pleasure rather than lovers of God—
magpapakita hira nga daw mainampoon, kundi ira isasalikway an tinuod nga gahom han tuloohan. pahirayo hini nga mga tawo.	having a form of godliness but denying its power. have nothing to do with such people.
kababayenan nga dayuday nagtitinguha pagaram, kundi diri gud nakakasabot han kamatuoran.	always learning but never able to come to a knowledge of the truth.
pagpapakurian manta an ngatanan nga karuyag magukoy hin dyosnon nga kinabuhi dida ha pakigusa kan Cristo Jesus;	in fact, everyone who wants to live a godly life in Christ Jesus will be persecuted,
kundi an magraot nga mga tawo magpapadayon hin paghingaraot, maglilimbong hira han iba, ngan kalilimbongan man liwat hira.	while evildoers and impostors will go from bad to worse, deceiving and being deceived.
basi an tawo nga nagaalagad han dyos matakos ngan masangkap hin hingpit nga pagtuman han ngatanan nga magupay nga mga buhat.	so that the servant of God may be thoroughly equipped for every good work.
magpapakabungol hira han kamatuoran, ngan asay lugod nira pamamatian an hinimohimo nga mga susumaton.	they will turn their ears away from the truth and turn aside to myths.
an para ha akon, inmabot na an takna hin paghalad han akon kalugaringon, aanhi na an panahon nga mabaya ako hini nga kinabuhi.	for i am already being poured out like a drink offering, and the time for my departure is near.
ginbuhat ko tubtob han akon maabot dida han paisanisan, ngan natapos ko gud ini, gintipigan ko an pagtoo.	i have fought the good fight, i have finished the race, i have kept the faith.
talinguhaa gud nga magdali ka hin pagkadi ha akon.	do your best to come to me quickly,
ginpakadto ko ha efeso hi tiquico.	i sent tychicus to Ephesus.
paghirot liwat kamo ha iya kay natipa gud hiya han aton mensahe.	you too should be on your guard against him, because he strongly opposed our message.
nangungumosta ako kanda priscila ug Aquila, ngan han panimalay ni onesiforo.	greet Priscilla and Aquila and the household of onesiphorus.
nagpabilin ha corinto hi erasto, ngan iginbilin ko ha mileto hi trofimo, kay nasakit hiya.	erastus stayed in Corinth, and i left trophimus sick in Miletus.
an Ginoo maada unta ha iyo. an grasya han dyos maada ha iyo ngatanan.	the Lord be with your spirit. grace be with you all.
tikang han usa nga tigurang han singbahan— ngadto han akon minahal nga gayo nga hinigugma ko hin tinuod.	the elder, to my dear friend gaius, whom i love in the truth.
waray na labaw nga nakakalipay ha akon kay hin pakabati nga an akon mga anak naguokoy dida han kamatuoran.	i have no greater joy than to hear that my children are walking in the truth.
an tuyo han ira paglakaton amo an pagalagad kan Cristo, ngan waray kumarawat hin bulig tikang han diri mga magtinuohon.	it was for the sake of the name that they went out, receiving no help from the pagans.
sanglit, an mga cristianos kinahanglan bumulig hini nga mga tawo, basi makaangbit kita han ira buruhaton para han kamatuoran.	we ought therefore to show hospitality to such people so that we may work together for the truth.
damo pa an akon isurumat ha imo, kundi gabay ko diri ipaagi hin pagsurat.	i have much to write you, but i do not want to do so with pen and ink.
naglalaom ako hin pakigkita dayon ha imo, ngan maghihimangraw na la kita nga duha.	i hope to see you soon, and we will talk face to face.
kaapi ini hi Judas han amon hugpo, kay ginpili hiya nga kabahin han amon buruhaton.” ((	he was one of our number and shared in our ministry.”
sanglit igintuboy nira in duha nga lalake: hi Jose nga an ngaran barsabas (gintawag liwat nga justo), ngan hi matias.	so they nominated two men: Joseph called barsabbas (also known as justus) and Matthias.
nga masaliwan kan Judas hin pagkaapostol nga binayaan niya han pagkadto niya han dapit nga angay ha iya.”	to take over this apostolic ministry, which Judas left to go where he belongs.”
katapos ginripa nira an duha nga mga ngaran, ngan hi matias amo an napili. igindugang hiya han hugpo han onse nga mga apostoles.	then they cast lots, and the lot fell to Matthias; so he was added to the eleven apostles.
han pagabot na han adlaw han pentecostes, nagkatitirok an ngatanan nga mga magtinuohon ha usa nga dapit.	when the day of pentecost came, they were all together in one place.
ngan nakakita hira hin sugad hin mga dila nga kalayo nga hinmugdon ha kada usa ha ira.	they saw what seemed to be tongues of fire that separated and came to rest on each of them.
naguokoy didto ha Jerusalem in mga judiyo nga maginampoon, mga tawo nga tikang ha magkalainlain nga mga nasod han kalibutan.	now there were staying in Jerusalem godfearing Jews from every nation under heaven.
nagsiring hira ha dako nga paghipausa, “diri ba mga tagagalilea ini ngatanan nga nagyayakan?	utterly amazed, they asked: “arent all these who are speaking galileans?
naunano man nga nakabati kita ngatanan ha ira nga nagyayakan han aton tagsa nga kalugaringon nga yinaknan?	then how is it that each of us hears them in our native language?
ha ira paghipausa ngan kagupong, naggiparopakiana hira, “ano ba an karuyag sidngon hini?”	amazed and perplexed, they asked one another, “what does this mean?”
kundi an mga magtinuohon ginintrimisan han iba ha ira ngan nagsiring, “mga hubog ini nga mga tawo!”	some, however, made fun of them and said, “they have had too much wine.”
diri hubog ini nga mga tawo sugad han iyo paghunahuna, kay alas nuybe pa la ha aga yana.	these people are not drunk, as you suppose. its only nine in the morning!
kundi amo ini an iginsiring han manaragna nga hi Joel:	no, this is what was spoken by the prophet Joel:
ngan onina matatalwas an bisan hino nga magsangpit han Ginoo hin pakibulig.’	and everyone who calls on the name of the Lord will be saved.’
iginpakita mo ha akon an mga agianan tipakadto ha kinabuhi; ngan magpupuno ha akon hin kalipay an imo pakigusa ha akon.’	you have made known to me the paths of life; you will fill me with joy in your presence.’
ginbanhaw han dyos ini ngahaw nga Jesus, ngan mga saksi kami hini ngatanan.	God has raised this Jesus to life, and we are all witnesses of it.
tubtob nga himoon ko an imo mga kaaway nga taramakan han imo mga tiil.’	until i make your enemies a footstool for your feet.” ’’
damo ha ira in tinmoo han iya mensahe ngan ginbunyagan hira. mga 3000 nga mga tawo an nahidugang han hugpo hito nga adlaw.	those who accepted his message were baptized, and about three thousand were added to their number that day.
ginbuhat in damo nga mga milagro ngan mga urosahon pinaagi han mga apostoles ngan nakapatingala ini han ngatanan.	everyone was filled with awe at the many wonders and signs performed by the apostles.
usa ka adlaw kinmadto ha templo hira Pedro ug Juan alas tres ha kulop, an takna han pagampo.	one day Peter and John were going up to the temple at the time of prayerat three in the afternoon.
han pakakita niya kanda Pedro ug Juan nga nasulod, nakilimos hiya ha ira.	when he saw Peter and John about to enter, he asked them for money.
tinutokan hiya nira ngan nagsiring hi Pedro, “siplat ha amon!”	Peter looked straight at him, as did John. then Peter said, “look at us!”
sanglit sinmiplat hiya ha ira nga naglalaom nga lilimosan hiya.	so the man gave them his attention, expecting to get something from them.
an ngatanan nakakita ha iya nga naglalakat ngan nagdadayaw han dyos;	when all the people saw him walking and praising God,
baraan ngan matadong hiya, kundi ginsalikway hiya niyo, ngan iyo lugod pinangaro kan pilato nga buhian niya an usa nga kriminal.	you disowned the holy and righteous one and asked that a murderer be released to you.
ginpatay niyo an burabod han kinabuhi, kundi ginbanhaw hiya han dyos, ngan mga saksi kami hini.	you killed the author of life, but God raised him from the dead. we are witnesses of this.
an diri magtuman han igyayakan hadto nga manaragna, igbubulag hira tikang han katawhan han dyos ngan pupuohon hira.’	anyone who does not listen to him will be completely cut off from their people.’
sanglit gindakop hira ngan ginpriso ngada han pagkasunod nga adlaw kay tikagabi na adto.	they seized Peter and John and, because it was evening, they put them in jail until the next day.
kundi tinmuo in damo han nagpakabati han mensahe, ngan inmabot na hin mga 5000 an mga tawo.	but many who heard the message believed; so the number of men who believed grew to about five thousand.
han pagkabuwas nagkatirok didto ha Jerusalem an mga pangulo nga judiyo, an katigurangan, ngan an mga magturutdo han balaod.	the next day the rulers, the elders and the teachers of the law met in Jerusalem.
binmaton hi Pedro nga puno han Espiritu Santo, santo, “mga pangulo han mga tawo ngan mga katigurangan:	then Peter, filled with the Holy Spirit, spirit, said to them: “rulers and elders of the people!
kundi waray gud nira sadang igriwa kay nakita hira han tawo nga naupay na nga natindog upod nira Pedro ug Juan.	but since they could see the man who had been healed standing there with them, there was nothing they could say.
sanglit ginpagawas hira han ruwang han labaw nga hukmanan ngan naghirohimangraw hin hira la,	so they ordered them to withdraw from the sanhedrin and then conferred together.
kay diri kami kapupugngan hin pagyakan han amon hinkitan ngan hinbatian.”	as for us, we cannot help speaking about what we have seen and heard.”
sobra na hin 40 ka tuig an edad han tawo nga ginbuhatan hini nga milagro hin pagtambal.	for the man who was miraculously healed was over forty years old.
nagandam an kahadian han tuna, ngan nagkatirok an mga punoan kontra han Ginoo ngan han iya Mesiyas.’	the kings of the earth rise up and the rulers band together against the Lord and against his anointed one. ’’
nagkaurosa hira hin pagbuhat han bisan ano, nga pinaagi han imo gahom ug pagbuot, imo na nga daan ginlarang nga mahinanabo.	they did what your power and will had decided beforehand should happen.
ngan ginhahatag ngadto han mga apostoles, ngan ginbabahinbahin an kwarta ha tagsatagsa sumala han iya kinahanglan.	and put it at the apostles’ feet, and it was distributed to anyone who had need.
dinmaop an mga batanon nga kalalakenan, ginputos an iya lawas, gindara hiya ha gawas, ngan iginlubong.	then some young men came forward, wrapped up his body, and carried him out and buried him.
pagagi hin mga tulo ka oras, sinmulod an iya asawa, kundi diri hiya maaram han nahinabo.	about three hours later his wife came in, not knowing what had happened.
duro gud an kahadlok han bugos nga singbahan ngan han ngatanan nga nagpakabati hini.	great fear seized the whole church and all who heard about these events.
waray taga gawas han hugpo nga nagpasipara hin pagtampo ha ira bisan kon hitaas an pagtahod ha ira han mga tawo.	no one else dared join them, even though they were highly regarded by the people.
kundi nagtikadamo an mga tawo nga nahidugang han ira hugpokadaman nga kalalakenan ngan kababayenan nga tinmoo han Ginoo.	nevertheless, more and more men and women believed in the Lord and were added to their number.
gindakop nira an mga apostoles ngan iginsulod ha prisohan.	they arrested the apostles and put them in the public jail.
“kadto ngan tindog kamo didto ha templo ngan pagsumati an mga tawo mahitungod hini nga bago nga kinabuhi.”	“go, stand in the temple courts,” he said, “and tell the people all about this new life.”
ginpasulod nira an mga apostoles, ginpaatubang han labaw nga hukmanan, ngan ginpakianhan hira han labaw nga padi.	the apostles were brought in and made to appear before the sanhedrin to be questioned by the high priest.
binmaton hi Pedro ngan an iba nga mga apostoles, “kinahanglan pagsugton namon an dyos, diri an mga tawo.	Peter and the other apostles replied: “we must obey God rather than human beings!
nagbanhaw kan Jesus an dyos han amon kaapoyapoyan kahuman niyo pataya hiya pinaagi hin pagraysangan ha iya ha kros.	the God of our ancestors raised Jesus from the deadwhom you killed by hanging him on a cross.
han pakabati hini han mga kaapi han labaw nga hukmanan, uraura gud an ira kasina, nga karuyag nira ipapatay an mga apostoles.	when they heard this, they were furious and wanted to put them to death.
tungod hini magagamit namon an amon bugos nga panahon hin pagampo ngan pagwali.”	and will give our attention to prayer and the ministry of the word.”
gindara hira han hugpo ngadto han mga apostoles, ngan an mga apostoles nagampo ngan nagpandong han ira mga kamot ha ira.	they presented these men to the apostles, who prayed and laid their hands on them.
kundi an espiritu naghatag kan esteban hin dako nga kinaadman, sanglit waray gud hira makakabaton ha iya.	but they could not stand up against the wisdom the spirit gave him as he spoke.
nagpakiana kan esteban an labaw nga padi, “matuod ba ini?”	then the high priest asked Stephen, “are these charges true?”
ngan ginsiring hiya, ‘bayai an imo panimalay ngan an imo nasod ngan kadto han tuna nga igpapakita ko ha imo.’	‘leave your country and your people,’ God said, ‘and go to the land i will show you.’
han ikaduha nira nga pagkadto, nagpakilala hi Jose han iya kabugtoan, ngan nakilala ni paraon an panimalay ni Jose.	on their second visit, Joseph told his brothers who he was, and pharaoh learned about josephs family.
ngan kinmadto hi Jacob ha Ehipto diin namatay hiya ngan an iya mga anak.	then Jacob went down to Egypt, where he and our ancestors died.
niyan may sinmaliwan hin paghadi ha Ehipto nga diri nakilala kan Jose.	then ‘a new king, to whom Joseph meant nothing, came to power in Egypt.’
gintutdoan hi Moises han ngatanan nga kinaadman han mga tagaehipto, ngan nagin bantogan hiya ha pulong ug ha buhat.	Moses was educated in all the wisdom of the Egyptians and was powerful in speech and action.
“han 40 na ka tuig an edad ni Moises naghunahuna hiya hin pagduaw han iya mga igkasiisraelita.	“when Moses was forty years old, he decided to visit his own people, the Israelites.
buot mo ba patayon ako sugad han pagpatay mo han ehiptohanon kakulop?’	are you thinking of killing me as you killed the egyptian yesterday?’
nakalipay han dyos hi David, ngan naghangyo hiya han dyos nga tugotan hiya hin pagtindog hin urokyan han dyos ni Jacob.	who enjoyed gods favor and asked that he might provide a dwelling place for the God of Jacob.
kundi hi Solomon na an nagtindog hini nga balay.	but it was Solomon who built a house for him.
“kundi diri naguokoy an labi ka harangdon nga dyos ha mga balay nga gintindog hin mga tawo; sumala han siring han manaragna:	“however, the most high does not live in houses made by human hands. as the prophet says:
diri ba ako ngahaw an naghimo hini ngatanan nga mga butang?’	has not my hand made all these things?’
hi kamo an kinmarawat han balaod han dyos nga iginhatag pinaagi hin mga anghel, kundi waray ini niyo pagtumana!”	you who have received the law that was given through angels but have not obeyed it.”
nagsiring hiya, “kitaa, nakita ako nga nabuksan an langit ngan an anak han tawo nga natindog ha tuo han dyos!”	“look,” he said, “i see heaven open and the son of man standing at the right hand of God.”
sinagpo han ira mga kamot an ira mga talinga upod in paggoliat, ngan nagdurungan hira ngatanan hin pagdasmag ha iya.	at this they covered their ears and, yelling at the top of their voices, they all rushed at him,
ginbinato nira hi esteban samtang nagaampo hiya han Ginoo nga nasiring, “Ginoo nga Jesus, karawata an akon espiritu!”	while they were stoning him, Stephen prayed, “Lord Jesus, receive my spirit.”
an nagkaburublag nga mga magtinuohon napakadto ha magkalainlain nga dapit ngan nagpasangyaw han mensahe.	those who had been scattered preached the word wherever they went.
kinmadto hi felipe ha syudad ha Samaria ngan didto iginwali niya ha mga tawo an Mesiyas.	Philip went down to a city in Samaria and proclaimed the Messiah there.
sanglit nagkamayada dako nga kalipay ha bugos nga Samaria.	so there was great joy in that city.
sulod hin maiha nga panahon nakapahiburong hiya ha ira tungod han iya salamangka, sanglit pinamatian gud hiya nira.	they followed him because he had amazed them for a long time with his sorcery.
han pagabot nira, nagampo hira para han mga magtinuohon basi makarawat nira han Espiritu Santo. Santo.	when they arrived, they prayed for the new believers there that they might receive the Holy Spirit, spirit,
kay waray pa man kumunsad an Espiritu Santo santo ha bisan usa ha ira; ginbunyagan la hira ha ngaran han Ginoo nga Jesus.	because the Holy Spirit spirit had not yet come on any of them; they had simply been baptized in the name of the Lord Jesus.
niyan iginpandong nira Pedro ug Juan an ira mga kamot ha ira, ngan kinarawat nira an Espiritu Santo. Santo.	then Peter and John placed their hands on them, and they received the Holy Spirit. Spirit.
waray ka bahin o labot han amon buruhaton kay diri matadong an imo kasingkasing ha atubangan han dyos.	you have no part or share in this ministry, because your heart is not right before God.
kay kinikita ko nga duro gud an imo kaawa ngan napripriso ka han sala.”	for i see that you are full of bitterness and captive to sin.”
nagsiring kan felipe an Espiritu Santo, santo, “kadtoa ngan duoka ito nga karuwahe.”	the spirit told Philip, “go to that chariot and stay near it.”
sanglit ginasoyan hiya ni felipe han maupay nga sumat mahitungod kan Jesus tikang gud dinhe hini nga bahin han kasuratan.	then Philip began with that very passage of scripture and told him the good news about Jesus.
han nagtitikahirani na hi saulo han syudad han damasco, tigda la nga nalukop hiya hin kapawa nga tikang ha langit.	as he neared Damascus on his journey, suddenly a light from heaven flashed around him.
natumba hiya ngan hinbatian niya in tingog nga nasiring ha iya, “saulo, saulo, kay ano nga ginpapakurian mo ako?”	he fell to the ground and heard a voice say to him, “Saul, Saul, why do you persecute me?”
nagpakiana hiya, “hino ka ba, Ginoo?” binmaton an tingog, “amo ako hi Jesus nga imo ginpapakurian.	“who are you, Lord?” Saul asked. “i am Jesus, whom you are persecuting,” he replied.
buhat ngan pakadto ha syudad, ngan didto pagsusumatan ka kon ano an imo pagbubuhaton.”	“now get up and go into the city, and you will be told what you must do.”
sulod hin tulo ka adlaw waray hiya pakakita, ngan hito nga panahon waray hiya kumaon o uminom.	for three days he was blind, and did not eat or drink anything.
ngan ako ngahaw an magpapakita ha iya han ngatanan nga iya pagaantoson tungod ha akon.”	i will show him how much he must suffer for my name.”
kinmadto dayon hiya ha mga sinagoga ngan nagwali nga hi Jesus amo an anak han dyos.	at once he began to preach in the synagogues that Jesus is the son of God.
paglabay hin damo nga mga adlaw, nagkatirok an mga judiyo ngan naglarang hira hin pagpatay kan saulo;	after many days had gone by, there was a conspiracy among the Jews to kill him,
kundi hinbaroan ini niya. ginbantayan nira adlaw gabi an mga portahan han syudad basi patayon hiya.	but Saul learned of their plan. day and night they kept close watch on the city gates in order to kill him.
han paghibaro han mga magtinuohon mahitungod hini, gindara nira hi saulo ngadto ha cesarea, ngan ginpakadto hiya ha tarso.	when the believers learned of this, they took him down to Caesarea and sent him off to Tarsus.
nakakita ha iya an ngatanan nga mga tawo nga naguokoy ha lida ngan ha saron, ngan tinmoo hira han Ginoo.	all those who lived in lydda and Sharon saw him and turned to the Lord.
nahibantog ini ha bugos nga jope, ngan damo nga mga tawo in tinmoo han Ginoo.	this became known all over Joppa, and many people believed in the Lord.
nagpabilin hi Pedro ha jope sulod hin pira pa ka adlaw upod kan Simon nga paratina hin anit.	Peter stayed in Joppa for some time with a tanner named Simon.
may usa ka tawo ha cesarea nga ginngangaranan kan cornelio, usa nga kapitan han kasondalohan nga italyano.	at Caesarea there was a man named cornelius, a centurion in what was known as the italian regiment.
ngan yana pagsugo hin mga tawo ngadto ha jope hin pakigkita hin usa ka tawo, hi Simon, nga ginngangaranan kan Pedro.	now send men to Joppa to bring back a man named Simon who is called Peter.
aadto nalungon hiya kan Simon nga paratina hin anit, nga an balay aada ha ligid han dagat.”	he is staying with Simon the tanner, whose house is by the sea.”
ginsumatan niya hira han nahinabo ngan ginpakadto hira ha jope.	he told them everything that had happened and sent them to Joppa.
ginutom hiya ngan karuyag kumaon. samtang ginaandam an pagkaon, nakakita hiya hin pananawon.	he became hungry and wanted something to eat, and while the meal was being prepared, he fell into a trance.
nakada sulod hini an ngatanan nga mga mananap nga naglalakat ngan nagkakamang, ngan ihalas nga katamsihan.	it contained all kinds of fourfooted animals, as well as reptiles and birds.
may tingog nga nagsiring ha iya, “tindog, Pedro; pagihaw ngan kaon!”	then a voice told him, “get up, Peter. kill and eat.”
nagyakan liwat an tingog ha iya, “ayaw paghunahunaa nga mahugaw an bisan ano nga ginsiring na han dyos nga malinis.”	the voice spoke to him a second time, “do not call anything impure that God has made clean.”
nahinabo ini makatulo, ngan kahuman, iginbalik an iya hinkitan ngadto ha langit.	this happened three times, and immediately the sheet was taken back to heaven.
nagsangpit hira ngan nagpakiana, “may sumasaka ba dinhe nga ginngangaranan kan Simon Pedro?”	they called out, asking if Simon who was known as Peter was staying there.
sanglit lusad ngan ayaw pagalang hin pagupod ha ira kay akon hira ginsugo.”	so get up and go downstairs. do not hesitate to go with them, for i have sent them.”
sanglit linmusad hi Pedro ngan ginsiring an mga tawo, “ako an iyo ginbibiling. kay ano nga kinmanhi kamo?”	Peter went down and said to the men, “im the one youre looking for. why have you come?”
han tisakob na hi Pedro, gintapo hiya ni cornelio nga linmuhod ngan yimukbo ha iya atubangan.	as Peter entered the house, cornelius met him and fell at his feet in reverence.
kundi ginpabuhat hiya ni Pedro ngan ginsiring, “tindog; tawo la ako pareho man ha imo.”	but Peter made him get up. “stand up,” he said, “i am only a man myself.”
nakighinimangraw hi Pedro kan cornelio samtang nasulod hiya han balay diin hinkitan niya in damo nga mga tawo nga nagkatirok.	while talking with him, Peter went inside and found a large gathering of people.
ngan nagsiring: ‘cornelio! pinamatian han dyos an imo mga pagampo ngan nahinumdoman an imo mga buhat ha kalooy.	and said, ‘cornelius, God has heard your prayer and remembered your gifts to the poor.
nagtikang hi Pedro hin pamulong, “hinsasabtan ko na yana nga matuod gud man nga waray han dyos pinalabi.	then Peter began to speak: “i now realize how true it is that God does not show favoritism
kinakarawat niya an may kahadlok ha iya ngan nagbubuhat han matadong, bisan kon ano nga tulin hin katawhan hiya.	but accepts from every nation the one who fears him and does what is right.
kundi ginbanhaw hiya han dyos ha ikatulo ka adlaw, ngan pinmakita hiya,	but God raised him from the dead on the third day and caused him to be seen.
samtang nagyayakan pa hi Pedro, kinmunsad an Espiritu Santo santo ngada han ngatanan nga namamati han iya mensahe.	while Peter was still speaking these words, the Holy Spirit spirit came on all who heard the message.
nahibaroan han mga apostoles ngan han mga magtinuohon ha bugos nga Judea nga an mga hentil kinmarawat liwat han pulong han dyos.	the apostles and the believers throughout Judea heard that the Gentiles also had received the word of God.
“kay ano nga nakigusa ka hadton diri tinori nga mga hentil ngan nakigsaro ka pa ngani ha ira?”	and said, “you went into the house of uncircumcised men and ate with them.”
sanglit iginsaysay ha ira hin tukib ni Pedro an nahinabo tikang gud ha tinikangan:	starting from the beginning, Peter told them the whole story:
niyan nakabati ako hin tingog nga nagsiring ha akon, ‘Pedro, tindog; pagihaw ngan kaon!’	then i heard a voice telling me, ‘get up, Peter. kill and eat.’
nagyakan liwat an tingog tikang ha langit, ‘ayaw paghunahunaa nga mahugaw in bisan ano nga ginsiring na han dyos nga malinis.’	“the voice spoke from heaven a second time, ‘do not call anything impure that God has made clean.’
nahinabo ini makatulo ngan kahuman, iginbalik an akon hinkitan ngadto ha langit.	this happened three times, and then it was all pulled up to heaven again.
hito manta nga takna inmabot ha balay nga akon sinakan in tulo ka tawo nga ginsugo tikang ha cesarea.	“right then three men who had been sent to me from Caesarea stopped at the house where i was staying.
magyayakan hiya ha iyo hin mga pulong nga makakatalwas ha imo ngan han bugos mo nga panimalay.’	he will bring you a message through which you and all your household will be saved.’
nakada ha ira an gahom han Ginoo, ngan tinmoo in damo kaupay nga mga tawo, ngan nakabig hira ngadto ha Ginoo.	the lords hand was with them, and a great number of people believed and turned to the Lord.
inmabot ha singbahan ha Jerusalem an sumat mahitungod hini, sanglit ginsugo nira hi bernabe ngadto ha antioquia.	news of this reached the church in Jerusalem, and they sent Barnabas to Antioch.
niyan kinmadto hi bernabe ha tarso hin pagbiling kan saulo.	then Barnabas went to Tarsus to look for Saul,
hadto nga panahon inmabot ha antioquia in mga manaragna nga tikang ha Jerusalem.	during this time some prophets came down from Jerusalem to Antioch.
ginbuhat nira ini, ngan ginpadara nira an kwarta kanda bernabe ug saulo ngadto han mga katigurangan han singbahan.	this they did, sending their gift to the elders by Barnabas and Saul.
hini nga panahon nagtikang hi hadi herodes hin pagpakurii in pira nga mga kaapi han singbahan.	it was about this time that king Herod arrested some who belonged to the church, intending to persecute them.
iginpapatay niya pinaagi hin espada hi Santiago nga bugto ni Juan.	he had James, the brother of John, put to death with the sword.
nagpadayon hin pagtuktok hi Pedro, ngan han pagabrehi na nira han porta ngan han pakakita nira ha iya, nahipausa hira.	but Peter kept on knocking, and when they opened the door and saw him, they were astonished.
han pagkaaga na duro an kalisang han mga gwardya kon ano an nahinabo kan Pedro.	in the morning, there was no small commotion among the soldiers as to what had become of Peter.
naggoliat an mga tawo, “diri ini tawo nga nagyayakan, kundi usa nga Diyos!”	they shouted, “this is the voice of a God, not of a man.”
nagpadayon hin paglurab ngan pagtubo an pulong han dyos.	but the word of God continued to spread and flourish.
niyan hi saulonga kinikilala liwat nga Pablo, nga puno han Espiritu Santo, santo, sinmiplat hiya han salamangkero,	then Saul, who was also called Paul, filled with the Holy Spirit, spirit, looked straight at elymas and said,
ngan sulod hin 40 ka tuig ginilob niya hira didto ha kamingawan.	for about forty years he endured their conduct in the wilderness;
ginbungkag niya in pito nga mga nasod didto ha tuna han Canaan, ngan ginhatag ini ha ira ngan ginpatagiya hira hini nga tuna.	and he overthrew seven nations in Canaan, giving their land to his people as their inheritance.
hi Jesus nga tulin ni David amo an ginhimo han dyos nga magtaralwas han katawhan han Israel sumala han iya iginsaad.	“from this mans descendants God has brought to Israel the savior Jesus, as he promised.
kundi ginbanhaw hiya han dyos,	but God raised him from the dead,
kundi waray ini mahinabo nga pagkadunot ngadto han ginbanhaw han dyos.	but the one whom God raised from the dead did not see decay.
sanglit pagbantay kamo basi diri mahinabo ha iyo an iginsiring han mga manaragna:	take care that what the prophets have said does not happen to you:
han pagkasunod nga adlaw nga iparahuway an haros ngatanan nga mga tawo han bungto kinmadto pamati han pulong han Ginoo.	on the next sabbath almost the whole city gathered to hear the word of the Lord.
naglurab an pulong han Ginoo ha ngatanan nga dapit didto hito nga tuna.	the word of the Lord spread through the whole region.
ginpaspas han mga apostoles an tapotapo han ira mga tiil nga tigaman han ira pagriwa, ngan nagpadayon hira ngadto ha iconio.	so they shook the dust off their feet as a warning to them and went to iconium.
duro an kalipay han mga magtinuohon ha antioquia, ngan napuno hira han Espiritu Santo. Santo.	and the disciples were filled with joy and with the Holy Spirit. Spirit.
kundi an mga hentil gintukso han mga judiyo nga diri natoo, sanglit nasina hira han mga magtinuohon.	but the Jews who refused to believe stirred up the other Gentiles and poisoned their minds against the brothers.
nabahin an mga tawo han syudad: may inmugop han mga judiyo ngan mayada man liwat inmugop han mga apostoles.	the people of the city were divided; some sided with the Jews, others with the apostles.
didto iginwali nira an maupay nga sumat.	where they continued to preach the gospel.
ngan ginsiring ha dako nga tingog, “tadong hin pagtindog!” linmukso an tawo ngan naglinakatlakat.	and called out, “stand up on your feet!” at that, the man jumped up and began to walk.
ginngaranan nira hin seus hi bernabe ngan herme hi Pablo, kay hiya man an parayakan.	Barnabas they called zeus, and Paul they called hermes because he was the chief speaker.
hadto nga mga panahon pinasagdan la niya an ngatanan nga mga katawhan hin pagtuman han ira karuyag.	in the past, he let all nations go their own way.
kahuman nira maglatas han katunaan han pisidia, inmabot hira ha pamfilya.	after going through pisidia, they came into Pamphylia,
iginwali nira an mensahe didto ha perga, ngan katapos linmugsong hira ngadto ha atalia.	and when they had preached the word in perga, they went down to attalia.
didto nagpabilin hira hin maiha upod han mga magtinuohon.	and they stayed there a long time with the disciples.
nagkatirok an mga apostoles ngan an mga katigurangan hin pagtuhay hini nga kasamok.	the apostles and elders met to consider this question.
waray ginpalabi han dyos ha aton ngan ha ira; ginpasaylo niya an ira mga sala kay tinmoo man hira.	he did not discriminate between us and them, for he purified their hearts by faith.
diri ito amo! natoo kami nga hira, sugad ha aton, natatalwas pinaagi han grasya han Ginoo nga Jesus.”	no! we believe it is through the grace of our Lord Jesus that we are saved, just as they are.”
katapos nira pagyakan, nagsiring liwat hi Santiago: “kabugtoan, pamatii ako niyo.	when they finished, James spoke up. “brothers,” he said, “listen to me.
nahauyon ini han mga pulong han mga manaragna sumala han siring han kasuratan:	the words of the prophets are in agreement with this, as it is written:
amo ini an siring han Ginoo nga nagpadayag hini hadto pa nga panahon.’	things known from long ago.
“ha akon nga bahin,” nagpadayon hi Santiago, “diri naton pagsamokon an mga hentil nga nadangop han dyos.	“it is my judgment, therefore, that we should not make it difficult for the Gentiles who are turning to God.
nga nagtubyan han ira kinabuhi tungod hin pagsirbe han aton Ginoo jesucristo.	men who have risked their lives for the name of our Lord Jesus Christ.
nagsusugo kami ngada ha iyo kanda Judas ug Silas nga amo an magsusumat ha iyo han mga butang nga iginsurat namon ha iyo.	therefore we are sending Judas and Silas to confirm by word of mouth what we are writing.
han pakabasa han mga tawo han surat, nalipay gud hira tungod han mensahe nga nakapadasig.	the people read it and were glad for its encouraging message.
karuyag ni bernabe nga igupod gihapon nira hi Juan marcos.	Barnabas wanted to take John, also called Mark, with them,
samtang ginpili ni Pablo hi Silas, ngan ginmikan hira nga igintubyan han kabugtoan ngadto ha grasya han Ginoo.	but Paul chose Silas and left, commended by the believers to the grace of the Lord.
kinmadto hira ha siria ug Cilicia ngan ginparigon niya ang mga singbahan.	he went through Syria and Cilicia, strengthening the churches.
dinayaw hi timoteo han ngatanan nga mga magtinuohon ha listra ug iconio.	the believers at lystra and iconium spoke well of him.
sanglit nagmarigon an pagtoo han mga singbahan ngan pirme hira nadudugangan kada adlaw.	so the churches were strengthened in the faith and grew daily in numbers.
sanglit linabyan la nira an misia ngan linmugsong hira ngadto ha Troas.	so they passed by mysia and went down to Troas.
tikang ha Troas nagsakay kami hin pagtabok ngadto ha samotrasia, ngan han pagkabuwas, ngadto ha neapolis.	from Troas we put out to sea and sailed straight for samothrace, and the next day we went on to neapolis.
nagaro hin suga an gwardya han prisohan, nagdagmit pagsulod, ngan hinmapa nga nangungurog ha tiilan nira Pablo ug Silas.	the jailer called for lights, rushed in and fell trembling before Paul and Silas.
ngan igingawas hira ngan nagpakiana hiya ha ira, “mga mano, ano an kinahanglan ko pagbuhaton basi matalwas ako?”	he then brought them out and asked, “sirs, what must i do to be saved?”
binmaton hira, “too han Ginoo nga Jesus, ngan matatalwas kaikaw, pati an imo panimalay.”	they replied, “believe in the Lord Jesus, and you will be savedyou and your household.”
niyan iginwali nira an pulong han Ginoo ha iya ngan han ngatanan nga sakop han iya balay.	then they spoke the word of the Lord to him and to all the others in his house.
han pagkaaga na, nagsugo an mga punoan nga romano hin mga polis nga buhian na hira Pablo ug Silas.	when it was daylight, the magistrates sent their officers to the jailer with the order: “release those men.”
pinaagi hini nga mga paggoliat nagkasaramok an mga tawo ngan an mga punoan han syudad.	when they heard this, the crowd and the city officials were thrown into turmoil.
han kapyansahi na kan jason ngan han iya mga kaupod, ginbuhian hira han mga punoan.	then they made jason and the others post bond and let them go.
damo ha ira in tinmuo; upod in kadaman nga griego nga kababayenan nga kinikilala han bungto, ngan hin mga kalalakenan.	as a result, many of them believed, as did also a number of prominent greek women and many greek men.
ginpalakat dayon hi Pablo han mga magtinuohon ngadto ha baybayon, kundi nagpabilin ha Berea hira Silas ug timoteo.	the believers immediately sent Paul to the coast, but Silas and Timothy stayed at Berea.
ngan binmaya hi Pablo han katirok.	at that, Paul left the council.
katapos hini, ginmikan hi Pablo tikang ha atenas ngan nagpadayon ngadto ha corinto.	after this, Paul left Athens and went to Corinth.
ha kada adlaw nga iparahuway nakiglantugi hiya didto ha sinagoga basi makabig niya in mga judiyo ngan mga griego.	every sabbath he reasoned in the synagogue, trying to persuade Jews and Greeks.
kay upod ako ha imo. waray maglalabot ha imo kay damo an akon mga tawo dinhe hini nga syudad.”	for i am with you, and no one is going to attack and harm you, because i have many people in this city.”
sanglit nagpabilin didto hi Pablo hin usa ka tuig ngan unom ka bulan ngan gintutdoan niya an mga tawo han pulong han dyos.	so Paul stayed in Corinth for a year and a half, teaching them the word of God.
nagsiring hira, “ini nga tawo naghuhugay han mga tawo hin pagsingba han dyos hin paagi nga nasupak han balaod!”	“this man,” they charged, “is persuading the people to worship God in ways contrary to the law.”
ngan iya ginpagawas hira han hukmanan.	so he drove them off.
ginhangyo hiya han mga tawo nga magpabilin hiya hin mairoiha upod ha ira, kundi waray hiya tumangdo.	when they asked him to spend more time with them, he declined.
“kon sugad, ano man nga pagbunyag an iyo kinarawat?” nagpakiana hi Pablo. ngan nagbaton hira nga an bunyag ni Juan.	so Paul asked, “then what baptism did you receive?” “johns baptism,” they replied.
han pakabati nira hini, ginbunyagan hira ha ngaran han Ginoo nga Jesus.	on hearing this, they were baptized in the name of the Lord Jesus.
may mga 12 ka tawo hira ngatanan.	there were about twelve men in all.
ginbuhat han dyos in talagsaon nga mga milagro pinaagi kan Pablo.	God did extraordinary miracles through Paul,
nagbubuhat hini an pito nga magburugto nga mga anak nga kalalakenan ni esceva nga usa nga gilalabawi nga padi han mga judiyo.	seven sons of sceva, a jewish chief priest, were doing this.
nagkaabot in damo nga mga bago pa nga nakabig ngan nagtugan ini hira hin dayag han ira nabuhat nga diwata.	many of those who believed now came and openly confessed what they had done.
tungod hini nagpadayon hin paglurab ngan pagmadinaogon an makusog nga pulong han dyos.	in this way the word of the Lord spread widely and grew in power.
nahinabo hadto nga panahon in dako nga kasamok ha efeso tungod han dalan han Ginoo.	about that time there arose a great disturbance about the way.
karuyag unta ni Pablo nga kumadto hiya ha atubangan han mga tawo, kundi waray hiya tugoti han mga magtinuohon.	Paul wanted to appear before the crowd, but the disciples would not let him.
waray makakariwa hini nga mga butang. sanglit kinahanglan magmingaw kamo ngan ayaw kamo pagdalidali hin pagpatukso.	therefore, since these facts are undeniable, you ought to calm down and not do anything rash.
kundi kon mayada pa iba nga iyo karuyag tuhayon, pagtutuhayon ini dida han katirok han mga bungtuhanon sumala han balaod.	if there is anything further you want to bring up, it must be settled in a legal assembly.
katapos mamulong an sekretaryo, ginpauli niya an mga tawo.	after he had said this, he dismissed the assembly.
naguna hira ngan naghulat ha amon didto ha Troas.	these men went on ahead and waited for us at Troas.
damo in mga suga ha igbaw nga kwarto han balay nga ginkakatirokan namon.	there were many lamps in the upstairs room where we were meeting.
iginoli nira nga buhi an batanon ngan nalipay gud hira.	the people took the young man home alive and were greatly comforted.
han pagkakita na namon didto ha ason, ginpasakay hiya namon ngan nagpadayon kami ngadto ha mitilene.	when he met us at assos, we took him aboard and went on to mitylene.
tikang ha mileto nagpatugon hi Pablo ha mga katigurangan han singbahan ha efeso nga makigkita hira ha iya.	from Miletus, Paul sent to Ephesus for the elders of the church.
sanglit nasiring ako ha iyo hini gud nga adlaw nga kon mayada diri matalwas ha iyo, ayaw ako niyo pagbasola.	therefore, i declare to you today that i am innocent of the blood of any of you.
kay waray ko igdiwara ha iyo an bugos nga katuyoan han dyos; waray ako gintago ha iyo.	for i have not hesitated to proclaim to you the whole will of God.
maaram ako nga kon tumalikod na ako, maabot in mga tawo nga sugad hin magbangis nga mga mananap, nga magpapasarang han panon.	i know that after i leave, savage wolves will come in among you and will not spare the flock.
waray ako maipa han kanan iba salapi, bulawan, o panapton.	i have not coveted anyones silver or gold or clothing.
han kahuman pagyakan ni Pablo, nagkaluhod hira ngan nagampo.	when Paul had finished speaking, he knelt down with all of them and prayed.
hira ngatanan nanangis, hinmangkop kan Pablo ngan ginhagkan hiya.	they all wept as they embraced him and kissed him.
nakakita kami didto hin sakayan nga tipakadto ha fenicia, sanglit sinmakay kami ngan nagpadayon.	we found a ship crossing over to Phoenicia, went on board and set sail.
ngan han pakapanamilit na namon ngatanan, sinmakay kami han sakayan ngan nangoli hira.	after saying goodbye to each other, we went aboard the ship, and they returned home.
mayada niya upat nga mga anak nga kababayenan nga mga manaragna.	he had four unmarried daughters who prophesied.
samtang nakadto kami hin mga pira na ka adlaw, inmabot tikang ha Judea in usa nga manaragna nga hi agabo.	after we had been there a number of days, a prophet named agabus came down from Judea.
waray gud kami makawaring han iya panhunahuna, sanglit inmukoy na la kami ngan magsiring, “matuman unta an kaburoton han Ginoo.”	when he would not be dissuaded, we gave up and said, “the lords will be done.”
katapos hin pira ka adlaw didto, nagandam kami han amon mga daradon ngan kinmadto kami ha Jerusalem.	after this, we started on our way up to Jerusalem.
han pagabot namon ha Jerusalem, nagkarawat ha amon hin malipayon an mga magtinuohon.	when we arrived at Jerusalem, the brothers and sisters received us warmly.
mahibabaro gud hira nga hahani ka na. sanglit ano man an angay pagbuhaton?	what shall we do? they will certainly hear that you have come,
buhata an amon isisiring ha imo. mayada dinhe upat ka tawo nga mayada mga panaad.	so do what we tell you. there are four men with us who have made a vow.
inmabot hira tubtob la ha may hagdanan, kundi napirit hira hin pagpasan ha iya kay duro na gud an kasamok han mga tawo.	when Paul reached the steps, the violence of the mob was so great he had to be carried by the soldiers.
ginsusunod hiya han mga tawo nga naggogoliat, “pataya hiya!”	the crowd that followed kept shouting, “get rid of him!”
“kabugtoan ngan mga ginikanan, pamatii niyo an akon panalipod nga akon bubuhaton ha iyo atubangan!”	“brothers and fathers, listen now to my defense.”
han pakabati nira nga nagyayakan hiya ha pinulongan nga hebreo, labi na nga nagmingaw hira; ngan nagpadayon hi Pablo:	when they heard him speak to them in aramaic, they became very quiet. then Paul said:
‘hino ka, Ginoo?’ binmaton ako. nagsiring hiya ha akon, ‘hi Jesus ako nga taganazaret nga ginpapakurian mo.’	““ ‘who are you, Lord?’ i asked. ““ ‘i am Jesus of Nazareth, whom you are persecuting,’ he replied.
nakakita han kapawa an mga kaupod ko, kundi waray hira makabati han tingog nga nagyakan ha akon.	my companions saw the light, but they did not understand the voice of him who was speaking to me.
kay magigin saksi ka para ha iya hin pagpasangyaw ha ngatanan nga mga tawo han imo hinkitan ngan hinbatian.	you will be his witness to all people of what you have seen and heard.
“binmalik ako ha Jerusalem ngan samtang nagaampo ako didto han templo, nagkamayada ako usa nga pananawon	“when i returned to Jerusalem and was praying at the temple, i fell into a trance
ngan nagsiring ha akon an Ginoo, ‘lakat kay susugoon ko ikaw ha higrayo nga mga dapit, ngadto han mga hentil.’”	“then the Lord said to me, ‘go; i will send you far away to the Gentiles.’ ””
naggogogliat hira, iginbabarabad an ira mga panapton, ngan iginsasabrag ha igbaw an tapotapo.	as they were shouting and throwing off their cloaks and flinging dust into the air,
ginsugo ni ananias nga labaw nga padi adton mga natukdaw hirani kan Pablo nga tampalohon hiya.	at this the high priest ananias ordered those standing near Paul to strike him on the mouth.
an mga tawo nga hirani kan Pablo nagsiring ha iya, “ginpapanamastamasan mo an labaw nga padi han dyos!”	those who were standing near Paul said, “how dare you insult gods high priest!”
han pagsiring niya hini, nagkalantugi an mga parisiyo ngan mga sadusiyo, ngan nabahin an hugpo. ((	when he said this, a dispute broke out between the Pharisees and the Sadducees, and the assembly was divided.
kapin 40 hira nga nagkasarabot.	more than forty men were involved in this plot.
ngan nagsurat an kapitan hin alidagid hini:	he wrote a letter as follows:
“mga pangumosta tikang kan claudio lisias ngadto han iya kaharangdon nga gobernador felix.	claudius lysias, to his excellency, governor felix: greetings.
karuyag ko mahibaroan an sumbong nira kontra ha iya, sanglit gindara ko hiya ngadto han ira labaw nga hukmanan.	i wanted to know why they were accusing him, so i brought him to their sanhedrin.
gintuman han mga sondalo an sugo ha ira. gindara nira hi Pablo hito nga gabi tubtob ha antipatris.	so the soldiers, carrying out their orders, took Paul with them during the night and brought him as far as antipatris.
han pagkabuwas binmalik ha kwartel an mga sondalo, kundi nagpadayon an mga sondalo nga dikabayo hin pagupod ha iya.	the next day they let the cavalry go on with him, while they returned to the barracks.
han pagabot nira ha cesarea, iginhatag nira an surat han gobernador ngan igintubyan nira hi Pablo ha iya.	when the cavalry arrived in Caesarea, they delivered the letter to the governor and handed Paul over to him.
an mga judiyo inmabuyon liwat ha ira, ngan nagsiring nga matuod ini ngatanan.	the other Jews joined in the accusation, asserting that these things were true.
waray nira mahahatag nga karigonan han ira mga sumbong kontra ha akon.	and they cannot prove to you the charges they are now making against me.
sanglit dayuday nga gintatalinguha ko nga magmalinis an akon konsensya ha atubangan han dyos ngan han mga tawo.	so i strive always to keep my conscience clear before God and man.
pagagi hin tulo ka adlaw tikang umabot hi festo ha lalawigan, kinmadto hiya ha Jerusalem tikang ha cesarea.	three days after arriving in the province, festus went up from Caesarea to Jerusalem,
didto an mga puno han kapadian ngan an mga pangulo nga judiyo nagsumbong ha iya kontra kan Pablo. ginhangyo nira kan festo	where the chief priests and the jewish leaders appeared before him and presented the charges against Paul.
binmaton hi festo, “priso pa hi Pablo didto ha cesarea, ngan ha diri maiha mabalik ako ngadto.	festus answered, “Paul is being held at Caesarea, and i myself am going there soon.
pagagi hin pira ka adlaw, inmabot ha cesarea hira hadi agripa ug berenice hin pagduaw ngan pangumosta kan festo.	a few days later king agrippa and bernice arrived at Caesarea to pay their respects to festus.
nagsiring hi agripa kan festo, “karuyag ko mamati hini nga tawo.” “buwas hibabatian mo hiya,” binmaton hi festo.	then agrippa said to festus, “i would like to hear this man myself.” he replied, “tomorrow you will hear him.”
kay baga diri naangay ha akon an pagpadara hin usa nga priso nga diri ako makagsumat hin tuhay han mga sumbong kontra ha iya.”	for i think it is unreasonable to send a prisoner on to Rome without specifying the charges against him.”
ngan yana iini ako ginhuhukman ha iyo atubangan tungod han akon paglaom han saad nga ginhimo han dyos ha amon kaapoyapoyan—	and now it is because of my hope in what God has promised our ancestors that i am on trial today.
kay ano nga nagkukuri man kamo nga mga judiyo hin pagtoo nga pagbabanhawon han dyos an mga minatay?	why should any of you consider it incredible that God raises the dead?
“sanglit kinmadto ako ha damasco dara an pagburutan ngan sugo tikang han labaw nga kapadian.	“on one of these journeys i was going to Damascus with the authority and commission of the chief priests.
pinmakiana ako, ‘hino ka, Ginoo?’ ngan nagsiring an Ginoo: ‘amo ako hi Jesus nga imo ginpapakurian.	“then i asked, ‘who are you, Lord?’ ““ ‘i am Jesus, whom you are persecuting,’ the Lord replied.
tatalwason ko ikaw tikang han mga judiyo ngan han mga hentil nga amo an pararadan ko ha imo,	i will rescue you from your own people and from the Gentiles. i am sending you to them
“sanglit, hadi agripa, gintuman ko an akon hinkitan nga pananawon tikang ha langit.	“so then, king agrippa, i was not disobedient to the vision from heaven.
tungod hini gindakop ako han mga judiyo didto ha templo, ngan giniparatay ako nira.	that is why some Jews seized me in the temple courts and tried to kill me.
binmaton hi Pablo, “diri Gad ako lurong, harangdon nga festo! nagyayakan la ako han lusay nga kamatuoran.	“i am not insane, most excellent festus,” Paul replied. “what i am saying is true and reasonable.
hadi agripa, natoo ka ba han mga manaragna? maaram ako nga natoo ka!”	king agrippa, do you believe the prophets? i know you do.”
nagsiring hi agripa kan Pablo, “kasiring mo ba nga madali la an pagkabig ha akon hin ka cristiano?”	then agrippa said to Paul, “do you think that in such a short time you can persuade me to be a christian?”
niyan tinmindog an hadi, an gobernador, hi berenice, ngan an ngatanan nga nagtambong,	the king rose, and with him the governor and bernice and those sitting with them.
ngan nagsiring hi agripa kan festo, “ini nga tawo kabubuhian unta kon waray hiya dumangop ngadto han emperador.”	agrippa said to festus, “this man could have been set free if he had not appealed to caesar.”
tinmalabok kami han dagat nga atbang han Cilicia ngan panfilia, ngan inmabot kami ha mira nga bungto han licia.	when we had sailed across the open sea off the coast of Cilicia and Pamphylia, we landed at myra in Lycia.
didto an opisyal nakaagi hin barko nga tikang ha alejandria nga magikan para italia, sanglit ginpasakay kami niya.	there the centurion found an alexandrian ship sailing for italy and put us on board.
kundi waray la pagiha nagmadlos tikang ha puro an makusog nga hangin nga dumagsa.	before very long, a wind of hurricane force, called the northeaster, swept down from the island.
nagpadayon an makusog nga bagyo, sanglit han pagkabuwas nagtikang hira hin paglabog han iba nga mga kargamento han barko,	we took such a violent battering from the storm that the next day they began to throw the cargo overboard.
ngan han sunod nga adlaw naglugaring hira hin paglabog han mga kasangkapan han barko.	on the third day, they threw the ships tackle overboard with their own hands.
sanglit kasangkayan, magmadinasigon kamo! kay nasarig ako nga pagtutumanon ini han dyos sugad han iya iginsiring ha akon.	so keep up your courage, men, for i have faith in God that it will happen just as he told me.
kundi igdadagsa kita ha baybayon hin usa nga puro.”	nevertheless, we must run aground on some island.”
sanglit gintabtab han mga sondalo an mga pisi nga higot han bote ngan ginpaanod ini.	so the soldiers cut the ropes that held the lifeboat and let it drift away.
nadasig hira ngan nangaon liwat hira ngatanan.	they were all encouraged and ate some food themselves.
mayada dos syintos setenta y sais ka tawo kami ngatanan ha barko.	altogether there were 276 of us on board.
han kabusog na nira ngatanan, iginlabog nira ha dagat an kargamento nga trigo basi gumaan an barko.	when they had eaten as much as they wanted, they lightened the ship by throwing the grain into the sea.
naglarang an mga sondalo hin pagpatay han ngatanan nga mga priso basi waray makalangoy ngadto ha tabi ngan makakalagiw.	the soldiers planned to kill the prisoners to prevent any of them from swimming away and escaping.
han nakadto na kami ha tabi, nahibaro kami nga Malta an ngaran han puro.	once safely on shore, we found out that the island was called Malta.
kundi iginwirik ni Pablo an halas ngadto han kalayo ngan waray man hiya maano.	but Paul shook the snake off into the fire and suffered no ill effects.
han kahuman hini nga hinabo, pinmakadto han puro an ngatanan nga mga magsakit ngan nagkauupay hira.	when this had happened, the rest of the sick on the island came and were cured.
dinmuong kami ha siracusa, ngan didto nagpabilin kami hin tulo ka adlaw.	we put in at syracuse and stayed there three days.
han pagabot namon ha Roma, gintugotan hi Pablo hin paglugaring, kundi binantayan hiya hin usa nga sondalo.	when we got to Rome, Paul was allowed to live by himself, with a soldier to guard him.
nakabig in pira ha ira pinaagi han iya mga pulong, kundi waray gud tumoo an iba.	some were convinced by what he said, but others would not believe.
tikang kan Pablo nga apostol ni Cristo Jesus tungod han kaburoton han dyos, ngan tikang kan timoteo nga aton bugto—	Paul, an apostle of Christ Jesus by the will of God, and Timothy our brother,
dayuday nagpapasalamat kami han dyos nga amay han aton Ginoo jesucristo kon nagaampo kami tungod ha iyo,	we always thank God, the father of our Lord Jesus Christ, when we pray for you,
ginsumatan kami niya hiunong han gugma nga iginhatag han espiritu ha iyo.	and who also told us of your love in the spirit.
gintalwas kita niya tikang han gahom han kasisidman, ngan ginbalhin kita ngadto han ginhadian han iya hinigugma nga anak,	for he has rescued us from the dominion of darkness and brought us into the kingdom of the son he loves,
nga pinaagi ha iya gintalwas kita, kon ha aton pa, ginpasaylo na an aton mga sala.	in whom we have redemption, the forgiveness of sins.
kay paglarang gud han dyos nga an iya anak mayada dida ha iya han bugos nga kinaiya han dyos.	for God was pleased to have all his fullness dwell in him,
hadto anay hirayo kamo han dyos, ngan mga kaaway kamo niya, tungod han magraot nga mga butang nga iyo ginbuhat ngan ginhunahuna.	once you were alienated from God and were enemies in your minds because of your evil behavior.
amo hiya an yawi nga nagaabre han ngatanan nga tinago nga mga manggad han kinaadman ngan hibaro han dyos.	in whom are hidden all the treasures of wisdom and knowledge.
tungod kay ginkarawat man niyo nga Ginoo hi Cristo Jesus, pakigusa kamo ha iya.	so then, just as you received Christ Jesus as Lord, continue to live your lives in him,
kay aada kan Cristo, ha iya pagkatawo, an hingpit han dyosnon nga kinaiya,	for in Christ all the fullness of the deity lives in bodily form,
lambong la ini ngatanan han mga butang nga tiarabot; kundi hi Cristo an katumanan hini ngatanan.	these are a shadow of the things that were to come; the reality, however, is found in Christ.
“ayaw pagkapti ini.” “ayaw pagtilawi ito.” “ayaw paglabti adto”?	“do not handle! do not taste! do not touch!”?
ikadto an iyo hunahuna han mga butang didto ha langit, diri han mga butang dinhe ha tuna.	set your minds on things above, not on earthly things.
kay namatay na kamo, ngan an iyo kinabuhi natatago upod kan Cristo dida ha dyos.	for you died, and your life is now hidden with Christ in God.
tungod hini nga mga butang maabot an kapungot han dyos ngadto hadton mga diri nasugot ha iya.	because of these, the wrath of God is coming.
ngan hadto anay nagukoy kamo sumala hini nga mga karuyagon samtang naghadi han iyo kinabuhi ini nga mga karuyagon.	you used to walk in these ways, in the life you once lived.
diri kamo maggipabuwabuwa, kay ginlubas na niyo an iyo daan nga pagkatawo upod an iya mga ginawian,	do not lie to each other, since you have taken off your old self with its practices
ngan ha ngatanan hini idugang an gugma nga naghihigot han ngatanan nga mga butang ngada hin hingpit nga pagkaurosa.	and over all these virtues put on love, which binds them all together in perfect unity.
mga asawa, pagsugot kamo han iyo bana, kay amo ini an angay niyo buhaton ha iyo pagkacristianos.	wives, submit yourselves to your husbands, as is fitting in the Lord.
mga bana, higugmaa niyo an iyo asawa, ngan upaya an iyo pagalagad ha ira.	husbands, love your wives and do not be harsh with them.
mga anak, kinahanglan dayuday an pagsugot niyo han iyo mga kaganak, kay amo ini an nakakalipay han dyos.	children, obey your parents in everything, for this pleases the Lord.
mga kaganak, ayaw niyo pagbusai an iyo mga anak, bangin hira magturaw.	fathers, do not embitter your children, or they will become discouraged.
pagpadayon kamo pagampo, upod an pagpasalamat han dyos, ngan pagikmat kamo samtang nagaampo kamo.	devote yourselves to prayer, being watchful and thankful.
sanglit, pagampo kamo nga magmatinaw an akon pagyakan, sugad han angay ko buhaton.	pray that i may proclaim it clearly, as i should.
pagtagam kamo han iyo panggawi ngadto hadton diri mga magtinuohon. pahimulosi niyo hin maupay an ngatanan nga higayon.	be wise in the way you act toward outsiders; make the most of every opportunity.
nangungumosta man ha iyo hi lucas nga aton hinigugma nga doktor, ngan hi Demas.	our dear friend Luke, the doctor, and Demas send greetings.
ngan sidnga hi arquipo nga taposon gud an buruhaton nga iginhatag ha iya han Ginoo.	tell archippus: “see to it that you complete the ministry you have received in the Lord.”
onse ka adlaw an pagbaktas tikang ha bukid Sinai ngadto ha cades barnea kon aadto aagi han sagkahon nga nasod han edumea.)	(it takes eleven days to go from Horeb to kadesh barnea by the mount seir road.)
“han nakadto pa kita ha bukid Sinai, nagsiring ha aton an Ginoo nga aton dyos, ‘maiha na an iyo paginukoy dinhe hini nga bukid.	the Lord our God said to us at Horeb, “you have stayed long enough at this mountain.
ginpadamo kamo han Ginoo nga iyo dyos sugad han kabitonan ha langit.	the Lord your God has increased your numbers so that today you are as numerous as the stars in the sky.
kundi uunanhon ko, kon hi ako la, hin pakaakos han mabugat nga katungdanan hin pagtuhay han iyo mga kalipongan?	but how can i bear your problems and your burdens and your disputes all by myself?
ngan inmuyon kamo nga amo ini an maupay pagbuhaton.	you answered me, “what you propose to do is good.”
iginhatag ko liwat ha iyo in mga turumanon para han iba pa nga iyo pagbubuhaton.	and at that time i told you everything you were to do.
“baga maupay man adto nga iyo larang, sanglit nagpili ako hin 12 nga mga tawo, usa tikang han kada tribo.	the idea seemed good to me; so i selected twelve of you, one man from each tribe.
sinmulod hira han sagkahon nga nasod tubtob ha kahamuban han escol ngan ginusisa nira ini.	they left and went up into the hill country, and came to the valley of eshkol and explored it.
“kundi sinmupil kamo han sugo han Ginoo nga iyo dyos, ngan waray kamo sumulod han tuna.	but you were unwilling to go up; you rebelled against the command of the Lord your God.
“kundi ginsiring ko kamo, ‘ayaw kamo kahadlok hito nga mga tawo.	then i said to you, “do not be terrified; do not be afraid of them.
kundi bisan pa hini nga akon iginsiring, waray la kamo gihapon sumarig han Ginoo ,,	in spite of this, you did not trust in the Lord your God,
“hinbatian han Ginoo an iyo mga pagngurutob ngan nasina hiya, sanglit nagsumpa hiya,	when the Lord heard what you said, he was angry and solemnly swore:
tungod ha iyo nasina liwat ha akon an Ginoo ngan nagsiring, ‘bisan ikaw, Moises, diri ka makakasulod han tuna.	because of you the Lord became angry with me also and said, “you shall not enter it, either.
kundi kamo nga mga tawo, balik kamo ngadto ha kamingawan ngan sulsoga niyo an dalan tipakadto han dagat aqaba.’	but as for you, turn around and set out toward the desert along the route to the Red Sea. sea. ””
sanglit nangaraba kamo han Ginoo hin pakibulig ha iya, kundi waray hiya mamati o bumali ha iyo.	you came back and wept before the Lord ,, but he paid no attention to your weeping and turned a deaf ear to you.
“sanglit katapos naton pagukoy hin maiha didto ha cades,	and so you stayed in kadesh many daysall the time you spent there.
“niyan ginsiring ako han Ginoo	then the Lord said to me,
nga maiha na an aton paglinayawlayaw didto hito nga kapungtoran, ngan kinahanglan magpadayon kita tipaamihanan.	“you have made your way around this hill country long enough; now turn north.
sugad han mga anakim kinikilala liwat hira nga mga refaim; kundi emim an pagtawag ha ira han mga moabita.	like the anakites, they too were considered rephaites, but the Moabites called them emites.
“niyan tinmabok kita han salog sered sumala han iginsiring ha aton han Ginoo ..	and the Lord said, “now get up and cross the zered valley.” so we crossed the valley.
nagpadayon pagkontra ha ira an Ginoo tubtob nga naubos hira pagpataya han Ginoo ..	the Lord ’s hand was against them until he had completely eliminated them from the camp.
“han kamatay na han ngatanan nga paraaway,	now when the last of these fighting men among the people had died,
nagsiring ha aton an Ginoo ,,	the Lord said to me,
‘yana nga adlaw matalabok na kamo han katunaan han Moab ngan ha ar kamo maagi.	“today you are to pass by the region of Moab at ar.
‘paagia kami han imo nasod. matadong la kami ngan diri gud masimang han dalan.	“let us pass through your country. we will stay on the main road; we will not turn aside to the right or to the left.
ginmawas hi sihon upod an ngatanan niya nga mga tawo hin pakigaway ha aton hirani han bungto han jahas,	when sihon and all his army came out to meet us in battle at jahaz,
pinanguha ta an mga baka ngan gintikasan ta an mga bungto.	but all the livestock and the plunder from their cities we carried off for ourselves.
gintawag han mga sidonianhon nga sirion an bukid Hermon, ngan senir han mga amoreohanon.)	(Hermon is called sirion by the sidonians; the Amorites call it senir.)
“iginhatag ko an galaad ngadto han banay ni maquir han tribo ni manases.	and i gave Gilead to makir.
ayaw kahadlok ha ira, kay an Ginoo nga imo dyos amo an makikigaway para ha imo.’”	do not be afraid of them; the Lord your God himself will fight for you.”
“hito nga panahon nagampo ako hin kinasingkasing,	at that time i pleaded with the Lord ::
“sanglit nagpabilin kita didto han kahamuban nga atbang han bungto han betpeor.”	so we stayed in the valley near beth peor.
kundi ngada ha iyo nga mga magtinumanon ngadto han Ginoo nga iyo dyos nagpapabilin nga buhi ngada hini nga adlaw.	but all of you who held fast to the Lord your God are still alive today.
naguusoy nga mananap o isda.	or like any creature that moves along the ground or any fish in the waters below.
kay an Ginoo nga iyo dyos sugad hin naglalahinggab nga kalayo; naabugho gud hiya nga dyos.	for the Lord your God is a consuming fire, a jealous God.
iginpakita ini ha iyo han Ginoo ,, ha pagpamatuod ha iyo nga hiya gudla amo an dyos ngan waray na iba.	you were shown these things so that you might know that the Lord is God; besides him there is no other.
niyan iginggahin ni Moises in tulo nga mga syudad ha sinirangan han Jordan,	then Moses set aside three cities east of the Jordan,
iginhatag ni Moises ha mga tawo han Israel an mga balaod ngan mga pagturonan han dyos.	this is the law Moses set before the Israelites.
didto ha bukid Sinai naghimo hin ginsaaran an Ginoo nga aton dyos	the Lord our God made a covenant with us at Horeb.
didto han bukid nakigatubang ha iyo hin pakighimangraw an Ginoo tikang ha butnga han kalayo.	the Lord spoke to you face to face out of the fire on the mountain.
‘ako amo an Ginoo nga iyo dyos nga nagpagawas ha iyo tikang ha Ehipto diin mga oripon kamo.	“i am the Lord your God, who brought you out of Egypt, out of the land of slavery.
“‘ayaw kamo pagsingba hin lain nga Diyos labot ha akon.	“you shall have no other gods before me.
“‘tumana niyo an adlaw nga igparahuway ngan ini nga adlaw sumala han iginsugo ha iyo han Ginoo nga iyo dyos.	“observe the sabbath day by keeping it holy, as the Lord your God has commanded you.
mayada niyo unom ka adlaw hin pagtuman han ngatanan niyo nga mga buruhaton,	six days you shall labor and do all your work,
“‘ayaw kamo pagpatay.	“you shall not murder.
“‘ayaw kamo panlibog.	“you shall not commit adultery.
“‘ayaw kamo pangawat.	“you shall not steal.
“‘ayaw kamo pagsumbong hin buwa kontra han iyo igkasi tawo.	“you shall not give false testimony against your neighbor.
kadto ngan pabalika hira ngadto han ira mga tulda.	“go, tell them to return to their tents.
“Israel, hinumdomi ini! an Ginoo —ngan an Ginoo gud laamo an aton dyos.	hear, o Israel: the Lord our God, the Lord is one.
higugmaa an Ginoo nga iyo dyos han bugos niyo nga kasingkasing, han bugos niyo nga kalag, ngan han bugos niyo nga kusog.	love the Lord your God with all your heart and with all your soul and with all your strength.
ayaw gud niyo hingalimti ini nga mga sugo nga akon ihahatag ha iyo yana nga adlaw.	these commandments that i give you today are to be on your hearts.
ighigot ini dida han iyo mga butkon ngan ibutang nga tigaman ha iyo mga agtang, basi diri niyo hingalimtan.	tie them as symbols on your hands and bind them on your foreheads.
igsurat ini dida ha mga harigi ngan ha mga portahan han iyo mga balay.	write them on the doorframes of your houses and on your gates.
tahora niyo an Ginoo nga iyo dyos, hiya la an pagsingbaha, ngan an iya la ngaran in gamita hin pagsumpa.	fear the Lord your God, serve him only and take your oaths in his name.
ayaw kamo pagsingba hin iba nga kadiyosan, hin bisan ano nga kadiyosan han mga katawhan palibot niyo.	do not follow other gods, the gods of the peoples around you;
“ayaw niyo pagsulaya an Ginoo nga iyo dyos sugad han ginbuhat niyo didto ha masa.	do not put the Lord your God to the test as you did at massah.
ngan papaiwason niya an iyo mga kaaway sumala han iya iginsaad.	thrusting out all your enemies before you, as the Lord said.
sanglit yana tumana niyo an mga igintutdo ha iyo; sugta an ngatanan nga mga balaod nga iginhatag ko ha iyo yana nga adlaw.	therefore, take care to follow the commands, decrees and laws i give you today.
“ayaw kamo paghunahuna nga darudamo ha iyo ini nga mga tawo ngan diri kamo makakapaiwas ha ira.	you may say to yourselves, “these nations are stronger than we are. how can we drive them out?”
sulod hini nga 40 ka tuig waray madumog an iyo mga panapton ngan waray manhubag an iyo mga tiil.	your clothes did not wear out and your feet did not swell during these forty years.
usa nga tuna nga hura hin trigo ug sebada, mga ubas, mga igos, mga granada, mga olibo, ug dugos.	a land with wheat and barley, vines and fig trees, pomegranates, olive oil and honey;
kon mahura na kamo hin pagkaon, ngan makatindog na kamo hin magupay nga mga balay nga iyo paguokyan,	otherwise, when you eat and are satisfied, when you build fine houses and settle down,
bisan didto ha bukid Sinai ginaghat niyo hin kasina an Ginoo —kasina nga unta igo na hin pagpuo ha iyo.	at Horeb you aroused the Lord ’s wrath so that he was angry enough to destroy you.
napungot liwat hin duro kan Aaron an Ginoo nga karuyag niya hin pagpatay kan Aaron, kundi nagampo liwat ako para kan Aaron.	and the Lord was angry enough with Aaron to destroy him, but at that time i prayed for Aaron too.
“ginaghat liwat niyo hin kasina an Ginoo nga iyo dyos han nakadto kamo ha tabera, masa, ug kibrot hataava.	you also made the Lord angry at taberah, at massah and at kibroth hattaavah.
tikang pa han pakakilala ko ha iyo, inmato na kamo han Ginoo ..	you have been rebellious against the Lord ever since i have known you.
tikang didto kinmadto hira ha gudgoda ngan nagpadayon ngadto ha jotbata nga usa nga dapit nga may damo nga mga sapa.	from there they traveled to gudgodah and on to jotbathah, a land with streams of water.
an Ginoo an tagiya bisan han gihihitaasi nga kalangitan; iya liwat an tuna ngan an ngatanan nga aada hini.	to the Lord your God belong the heavens, even the highest heavens, the earth and everything in it.
sanglit tikang yana pagsugot kamo han Ginoo ngan ayaw na pagpatigaha an iyo mga ulo.	circumcise your hearts, therefore, and do not be stiffnecked any longer.
sanglit higugmaa niyo an mga lumalangyaw, kay mga lumalangyaw kamo hadto anay didto ha Ehipto.	and you are to love those who are foreigners, for you yourselves were foreigners in Egypt.
maaram kamo han ginbuhat han Ginoo para ha iyo didto ha kamingawan han waray pa kamo aabot nganhi.	it was not your children who saw what he did for you in the wilderness until you arrived at this place,
tinuod, amo kamo an nakakita hini ngatanan nga dagko nga mga butang nga ginbuhat han Ginoo ..	but it was your own eyes that saw all these great things the Lord has done.
ngan kabanwaan para han iyo mga baka. ngan mahuhura kamo han ngatanan nga pagkaon nga karuyag niyo.	i will provide grass in the fields for your cattle, and you will eat and be satisfied.
igsurat ini niyo dida han mga harigi ngan han mga portahan han iyo mga balay.	write them on the doorframes of your houses and on your gates,
“yana nga adlaw magpipili kamo han iyo karuyag: bendisyon o tunglo—	see, i am setting before you today a blessing and a curse—
bendisyon, kon pagsugton niyo an mga sugo han Ginoo nga iyo dyos nga ighahatag ko ha iyo yana nga adlaw;	the blessing if you obey the commands of the Lord your God that i am giving you today;
talinguhaa gud nga tumanon niyo an ngatanan nga mga balaod nga ihahatag ko ha iyo yana nga adlaw.	be sure that you obey all the decrees and laws i am setting before you today.
“ayaw kamo pagsingba han Ginoo nga iyo dyos ha sugad nga paagi han pagsingba hini nga mga tawo han ira kadiyosan.	you must not worship the Lord your God in their way.
kay aanhi pa man kamo ha gawas han tuna nga ihahatag ha iyo han Ginoo nga iyo dyos, diin makakagukoy kamo dida hin kalinaw.	since you have not yet reached the resting place and the inheritance the Lord your God is giving you.
ayaw kamo pagdara han iyo mga halad nga susunogon ngadto hin bisan la diin nga dapit nga iyo karuyag;	be careful not to sacrifice your burnt offerings anywhere you please.
kundi ayaw kamo pagkaon han dugo hini; kinahanglan ighuwad ini niyo ngada ha tuna.	but you must not eat the blood; pour it out on the ground like water.
talinguhaa liwat niyo nga diri niyo pagpasibayan an mga Levita, samtang naguokoy kamo didto han iyo tuna.	be careful not to neglect the Levites as long as you live in your land.
ayaw niyo gamita an dugo para hin pagkaon; lugod ihuwad ini ngada ha tuna.	you must not eat the blood; pour it out on the ground like water.
“pagbuhata niyo an ngatanan nga akon iginsugo ha iyo; ayaw niyo pagdugangi o pagibani ini nga mga sugo.	see that you do all i command you; do not add to it or take away from it.
kundi ayaw gud kamo pagpadara ha iya o bisan pamati ha iya. ayaw hiya niyo kalooyi o pagpairi ngan ayaw hiya panalipdi.	do not yield to them or listen to them. show them no pity. do not spare them or shield them.
“kon magukoy na kamo didto han mga bungto nga iginhatag ha iyo han Ginoo nga iyo dyos, bangin makabati kamo	if you hear it said about one of the towns the Lord your God is giving you to live in
“ayaw kamo pagkaon hin bisan ano nga iginpasabot na han Ginoo nga mahugaw.	do not eat any detestable thing.
an mga mananap nga makakaon niyo amo ini: an baka, karnero, kanding,	these are the animals you may eat: the ox, the sheep, the goat,
bisan ano nga mga mananap nga may nagkakabahin nga mga kulo ngan nasabsab han banwa.	you may eat any animal that has a divided hoof and that chews the cud.
“makakaon niyo in bisan ano nga isda nga may mga kapay ngan mga hingbis,	of all the creatures living in the water, you may eat any that has fins and scales.
“makakaon niyo in bisan ano nga malinis nga tamsi.	you may eat any clean bird.
“maghugaw an ngatanan nga pakoan nga gudtiay nga mga mananap; ayaw niyo pagkaona ini.	all flying insects are unclean to you; do not eat them.
makakaon niyo in bisan ano nga malinis nga gudtiay nga mananap.	but any winged creature that is clean you may eat.
“igahin an ikanapulo nga bahinan ikanapulo nga bahin han ngatanan nga abot han iyo kaumhan ha kada tuig.	be sure to set aside a tenth of all that your fields produce each year.
“ayaw niyo pagpasibayi an mga Levita nga naguokoy didto han iyo mga bungto; waray hira mga hiagi nga ira kalugaringon.	and do not neglect the Levites living in your towns, for they have no allotment or inheritance of their own.
“ha katapos han kada ikapito ka tuig, kinahanglan paraon an ngatanan nga mga utang.	at the end of every seven years you must cancel debts.
kon buhian na hiya niyo, ayaw hiya pagpalakta nga waray dara.	and when you release them, do not send them away emptyhanded.
kada tuig kakaonon ini niyo ngan han iyo mga panimalay ha atubangan han Ginoo didto han usa nga dapit hin pagsingba.	each year you and your family are to eat them in the presence of the Lord your God at the place he will choose.
kundi ayaw niyo gamita an dugo hini para hin pagkaon; kinahanglan ihuwad ini ngada han tuna.	but you must not eat the blood; pour it out on the ground like water.
talinguhaa gud niyo hin pagtuman hini nga mga sugo; ayaw niyo hingalimti nga mga oripon kamo didto ha Ehipto.	remember that you were slaves in Egypt, and follow carefully these decrees.
sugad han iya mahihimo nga tumbas han mga kaupayan nga iginhatag ha iya han Ginoo nga iyo dyos.	each of you must bring a gift in proportion to the way the Lord your God has blessed you.
ayaw liwat niyo pagtindogi hin harigi nga bato para hin pagsingba hin diyosdiyos; nangangalas hini an Ginoo ..	and do not erect a sacred stone, for these the Lord your God hates.
niyan hibabatian ini han ngatanan ngan mahahadlok hira ngan waray na magpapasipara hin pagbuhat hin sugad.	all the people will hear and be afraid, and will not be contemptuous again.
o mga lumay, ngan ayaw hira pasangpita han mga espiritu han mga minatay.	or casts spells, or who is a medium or spiritist or who consults the dead.
pagmatinumanon gud kamo ha Ginoo .”.”	you must be blameless before the Lord your God.
sanglit nagsiring ha akon an Ginoo ,, ‘maupay an ira ginhangyo.	the Lord said to me: “what they say is good.
magyayakan hiya ha akon ngaran, ngan kakastigohon ko an bisan hino nga diri magsugot ha iya.	i myself will call to account anyone who does not listen to my words that the prophet speaks in my name.
“bangin mahiburong kamo kon uunanhon niyo hin pakasabot kon an mensahe hin usa nga manaragna diri natikang han Ginoo ..	you may say to yourselves, “how can we know when a message has not been spoken by the Lord ?”?”
amo ito nga nagsusugo ako ha iyo hin paggahin hin tulo nga mga syudad.	this is why i command you to set aside for yourselves three cities.
kon magtinguha in usa ka tawo hin pagdaot hin iba nga tawo pinaagi hin pagbutangbutang ha iya hin sala,	if a malicious witness takes the stand to accuse someone of a crime,
ha diri pa kamo makikigaway, makada anay ha atubangan in usa nga padi ngan masiring ngadto han kasondalohan,	when you are about to go into battle, the priest shall come forward and address the army.
kon diri tumubyan an mga tawo hito nga syudad, kundi makigaway hira ha iyo, paliboti ini han iyo kasondalohan.	if they refuse to make peace and they engage you in battle, lay siege to that city.
niyan kon an syudad ipabihag na ha iyo han Ginoo nga iyo dyos, pamataya niyo an ngatanan nga kalalakenan han syudad.	when the Lord your God delivers it into your hand, put to the sword all the men in it.
amo ito an iyo pagbubuhaton hadton mga syudad nga hirayo hin duro tikang han tuna nga iyo paguokyan.	this is how you are to treat all the cities that are at a distance from you and do not belong to the nations nearby.
ngan masiring hira, ‘waray kami magpatay han tawo, ngan diri kami maaram kon hino an nagbuhat hini.	and they shall declare: “our hands did not shed this blood, nor did our eyes see it done.
bangin hikitan mo tampo ha ira in usa nga mahusay nga babaye nga imo kinakaruyag ngan buot mo pangasawon.	if you notice among the captives a beautiful woman and are attracted to her, you may take her as your wife.
dada hiya ngadto han imo balay diin magkikiskis hiya han iya ulo, mamamaklo,	bring her into your home and have her shave her head, trim her nails
“ayaw niyo pagpadisa hin pagarado in baka ug asno.	do not plow with an ox and a donkey yoked together.
“ayaw kamo pagsulot hin dugnit nga ginhimo hin barahibo hin karnero ug lino, nga ginusa la hin paghablon.	do not wear clothes of wool and linen woven together.
“tahii niyo hin mga puntiyas dida han upat nga mga kanto han iyo mga panapton.”	make tassels on the four corners of the cloak you wear.
“pananglit in usa nga lalake mangasawa hin babaye, ngan katapos diri na hiya maruyag hini nga iya asawa;	if a man takes a wife and, after sleeping with her, dislikes her
niyan kukuhaon han mga pangulo han bungto an bana ngan paglalatobon hiya.	and the elders shall take the man and punish him.
“kundi kon matuod an sumbong ngan waray man saksi nga uray an babaye,	if, however, the charge is true and no proof of the young womans virginity can be found,
“pananglit hidakpan in usa nga lalake didto hin bungto nga nakikighilawas hin babaye nga may kasabot na nga iba nga lalake.	if a man happens to meet in a town a virgin pledged to be married and he sleeps with her,
“waray tawo nga magpakaalo han iya amay pinaagi hin pakighilawas han bisan hino han mga asawa han iya amay.	a man is not to marry his fathers wife; he must not dishonor his fathers bed.
“waray tawo nga ginkapon o ginutdan han iya ikinatawo nga masasakop han mga tawo han Ginoo ..	no one who has been emasculated by crushing or cutting may enter the assembly of the Lord ..
samtang usa pa kamo nga nasod, ayaw gud niyo pagbuligi basi diri magmainuswagon ini nga mga nasod.	do not seek a treaty of friendship with them as long as you live.
an ira mga tulin tikang han ikatulo ka lito han ira katulinan mahihimo masakop han mga tawo han Ginoo ..	the third generation of children born to them may enter the assembly of the Lord ..
“kon aadto kamo ha kampo ha panahon hin araway, paglikyi niyo an bisan ano nga makakahugaw ha iyo.	when you are encamped against your enemies, keep away from everything impure.
ha pagkakulop kinahanglan kumarigos hiya ngan ha pagkatunod han adlaw makakabalik na hiya ngadto han kampo.	but as evening approaches he is to wash himself, and at sunset he may return to the camp.
“kinahanglan mayada niyo dapit ha gawas han kampo nga kakadtoan niyo kon mauro kamo.	designate a place outside the camp where you can go to relieve yourself.
“kon kumalagiw in usa nga oripon tikang han iya agaron ngan dumangop ha iyo hin pagpaugop, ayaw hiya pabalika.	if a slave has taken refuge with you, do not hand them over to their master.
diri sala an diri pagsumpa ha Ginoo ,,	but if you refrain from making a vow, you will not be guilty.
niyan pananglit pumaasawa ini nga babaye hin lain nga lalake,	and if after she leaves his house she becomes the wife of another man,
hinumdomi niyo an ginbuhat han Ginoo nga iyo dyos kan Miriam han paggawas niyo tikang ha Ehipto.	remember what the Lord your God did to Miriam along the way after you came out of Egypt.
hulat la kamo didto ha gawas ngan hiya an pahataga hini ha iyo.	stay outside and let the neighbor to whom you are making the loan bring the pledge out to you.
kon kablas hiya nga tawo, ayaw ini pagtipigi ngada han pagkagabi;	if the neighbor is poor, do not go to sleep with their pledge in your possession.
ayaw niyo hingalimti nga mga oripon kamo didto ha Ehipto; sanglit iginhatag ko ha iyo ini nga sugo.	remember that you were slaves in Egypt. that is why i command you to do this.
“ayaw niyo pagbusali an baka samtang ginagamit mo ini hin paggiok.	do not muzzle an ox while it is treading out the grain.
kikilalon an iya panimalay didto ha Israel nga ‘an panimalay han tawo nga ginhukasan han iya sandalyas.’	that mans line shall be known in Israel as the family of the unsandaled.
ayaw niyo kalooyi an babaye; utda an iya kamot.	you shall cut off her hand. show her no pity.
1314 “ayaw kamo paglimbong kon nagamit kamo hin mga timbangan suroklan ngan mga taraksan.	do not have two differing measures in your houseone large, one small.
“hinumdomi niyo an ginbuhat ha iyo han mga amalekanhon han paggawas niyo ha Ehipto.	remember what the Amalekites did to you along the way when you came out of Egypt.
“kukuhaon han padi tikang ha imo an basket ngan ibubutang ini ha atubangan han altar han Ginoo nga iyo dyos.	the priest shall take the basket from your hands and set it down in front of the altar of the Lord your God.
ginraogdaog kami han mga ehiptohanon ngan ginpirit kami hin pagtrabaho nga ira mga oripon.	but the Egyptians mistreated us and made us suffer, subjecting us to harsh labor.
gindara kami niya nganhi ngan iginhatag ha amon ini nga hura ngan matambok nga tuna.	he brought us to this place and gave us this land, a land flowing with milk and honey;
dida han mga bato nga binawbawan hin apog igsurat niyo hin dayag kaupay an tagsa nga pulong han mga balaod han dyos.”	and you shall write very clearly all the words of this law on these stones you have set up.”
niyan ginsiring ni Moises an mga tawo han Israel,	on the same day Moses commanded the people:
ighihimangraw han mga Levita hin dako nga tingog ini nga mga pulong:	the Levites shall recite to all the people of Israel in a loud voice:
“‘higagabaan han dyos an bisan hino nga magpakaalo han iya amay o iroy.’ “ngan an ngatanan nga mga tawo mabaton, ‘amen!’	“cursed is anyone who dishonors their father or mother.” then all the people shall say, “amen!”
“‘higagabaan han dyos an bisan hino nga makighilawas hin mananap.’ “ngan an ngatanan nga mga tawo mabaton, ‘amen!’	“cursed is anyone who has sexual relations with any animal.” then all the people shall say, “amen!”
pagsugta an Ginoo nga iyo dyos ngan magigin iyo ini ngatanan nga mga bendisyon:	all these blessings will come on you and accompany you if you obey the Lord your God:
“bebendisyonan han Ginoo an iyo mga bungto ngan an iyo kaumhan.	you will be blessed in the city and blessed in the country.
“bebendisyonan han Ginoo an iyo inani nga mga abot ngan an iyo pagkaon.	your basket and your kneading trough will be blessed.
“bebendisyonan han Ginoo an ngatanan nga ginbubuhat niyo.	you will be blessed when you come in and blessed when you go out.
“higagabaan han Ginoo an iyo mga bungto ngan an iyo kaumhan.	you will be cursed in the city and cursed in the country.
“higagabaan han Ginoo an iyo inani nga mga abot ngan an pagkaon nga ginaandam niyo tikang hini nga mga abot.	your basket and your kneading trough will be cursed.
“higagabaan han Ginoo an ngatanan nga iyo ginbubuhat.	you will be cursed when you come in and cursed when you go out.
diri na mauran ngan masusugad hin puthaw kamatiga an iyo tuna.	the sky over your head will be bronze, the ground beneath you iron.
hahampakon kamo han Ginoo hin pagkalurong, pagkabuta, ngan pagkagupong.	the Lord will afflict you with madness, blindness and confusion of mind.
makakapatuyaw ha iyo an iyo mga pagantos.	the sights you see will drive you mad.
“magtatanom kamo hin damo nga mga binhe, kundi gutiay la an iyo pagaanihon, kay kakaonon han mga duron an iyo mga tanom.	you will sow much seed in the field but you will harvest little, because locusts will devour it.
magkakamayada niyo mga anak nga kalalakenan ug kababayenan, kundi mawawara hira ha iyo, kay dadadon hira nga mga bihag.	you will have sons and daughters but you will not keep them, because they will go into captivity.
kakaonon hin gudtiay nga mga mananap an ngatanan niyo nga mga kahoy ngan mga abot.	swarms of locusts will take over all your trees and the crops of your land.
“magtitikagamhanan an mga lumalangyaw nga naguokoy didto han iyo tuna, samtang magtitiluya an iyo gahom.	the foreigners who reside among you will rise above you higher and higher, but you will sink lower and lower.
magkakamayada nira kwarta nga igpapautang ha iyo, kundi mawawaray kamo igpapautang ha ira. ha kataposan paghahadian kamo nira.	they will lend to you, but you will not lend to them. they will be the head, but you will be the tail.
magigin tigaman ini han kanan dyos paghukom ha kadayonan ha iyo ngan han iyo mga tulin.	they will be a sign and a wonder to you and your descendants forever.
magmamapintas hira ngan waray pagkalooy hin bisan hino, ma batanon o tigurang.	a fiercelooking nation without respect for the old or pity for the young.
kinmita kamo han magpakangingirhat nga mga peste, an mga milagro, ngan an dagko nga mga urosahon nga ginbuhat han Ginoo ..	with your own eyes you saw those great trials, those signs and great wonders.
diri kamo la an ginhihimoan han Ginoo hini nga ginsaaran upod an mga turumanon hini.	i am making this covenant, with its oath, not only with you
“diri makuri hin duro o mahihimo niyo hin pagtuman an sugo nga ihahatag ko ha iyo yana nga adlaw.	now what i am commanding you today is not too difficult for you or beyond your reach.
diri, aada ini ha iyo. aada ini ha iyo mga imim ug kasingkasing, sanglit tumana ini niyo yana.	no, the word is very near you; it is in your mouth and in your heart so you may obey it.
“yana nga adlaw ginpapagpili ko kamo han iyo karuyag: maupay o maraot, kinabuhi o kamatayon.	see, i set before you today life and prosperity, death and destruction.
nagpadayon hi Moises hin paghimangraw ngadto han mga tawo han Israel,	then Moses went out and spoke these words to all Israel:
ngan didto pinmakita ha ira an Ginoo dida hin usa nga harigi nga dampog nga tinmindog ha ligid han portahan han tulda.	then the Lord appeared at the tent in a pillar of cloud, and the cloud stood over the entrance to the tent.
hito manta nga adlaw iginsurat ni Moises an kanta ngan igintutdo ini han katawhan han Israel.	so Moses wrote down this song that day and taught it to the Israelites.
iginsurat ni Moises an balaod han dyos dida hin usa nga basahan nga ginupay gud niya nga waray hilikatan.	after Moses finished writing in a book the words of this law from beginning to end,
han kahuman niya, ginsiring niya an Levita nga kapadian nga tinaporan han kahon han ginsaaran han Ginoo ,,	he gave this command to the Levites who carried the ark of the covenant of the Lord ::
niyan iginyakan ni Moises an bugos nga kanta samtang nanmamati an ngatanan nga mga tawo han Israel.	and Moses recited the words of this song from beginning to end in the hearing of the whole assembly of Israel:
“tuna ug langit, pamatii an akon mga pulong, dungga hin maupay an akon igyayakan.	listen, you heavens, and i will speak; hear, you earth, the words of my mouth.
dadayawon ko an ngaran han Ginoo ,, ngan igsusumat han iya mga tawo an iya pagkagamhanan.	i will proclaim the name of the Lord .. oh, praise the greatness of our God!
kundi malingo kamo, diri angay nga magin iya mga tawo, usa nga makasasala ngan malimbong nga nasod.	they are corrupt and not his children; to their shame they are a warped and crooked generation.
kundi iya ginpili an mga tulin ni Jacob para ha iya ngahaw.	for the Lord ’s portion is his people, Jacob his allotted inheritance.
an Ginoo la an nagmando han iya mga tawo, nga waray buligi hiya hin langyaw nga Diyos.	the Lord alone led him; no foreign God was with him.
nangabugho an Ginoo tungod han ira pagsingba hin mga diyosdiyos; nasina hiya han maraot nga ira ginbuhat.	they made him jealous with their foreign gods and angered him with their detestable idols.
nangalimot hira han ira dyos, an makagarahum nira nga magtaralwas, an dyos nga naghatag ha ira hin kinabuhi.	you deserted the rock, who fathered you; you forgot the God who gave you birth.
“‘dadadan ko hira hin waray pagkatapos nga mga karatan, ngan gagamiton ko an akon mga pana kontra ha ira.	“i will heap calamities on them and spend my arrows against them.
karuyag ko unta hin pagpuo ha ira, basi hingalimtan hira ha kadayonan.	i said i would scatter them and erase their name from human memory,
“an Israel amo in usa nga nasod nga waray buot; waray gud nira pagsabot.	they are a nation without sense, there is no discernment in them.
diri hira maaram kon kay ano nga ginpirde hira, diri hira nakakasabot han nahinabo.	if only they were wise and would understand this and discern what their end will be!
maaram an ira mga kaaway nga magluya an ira kalugaringon nga kadiyosan, nga diri makagarahum sugad han dyos han Israel.	for their rock is not like our rock, as even our enemies concede.
sugad hin bino nga hinimo tikang han lara hin kahalasan.	their wine is the venom of serpents, the deadly poison of cobras.
“nanumdom an Ginoo han ginbuhat han ira mga kaaway; naghulat hiya han igo nga panahon hin pagkastigo ha ira.	“have i not kept this in reserve and sealed it in my vaults?
niyan mapakiana an Ginoo han iya mga tawo, ‘hain na adton gamhanan nga kadiyosan nga iyo ginsarigan?	he will say: “now where are their gods, the rock they took refuge in,
sugad nga ako amo an buhi nga dyos, inaalsa ko an akon kamot hin pagsumpa	i lift my hand to heaven and solemnly swear: as surely as i live forever,
han kahuman ni Moises hin paghatag han mga tawo han mga pagturonan han dyos,	when Moses finished reciting all these words to all Israel,
hito manta nga adlaw nagsiring an Ginoo kan Moises,	on that same day the Lord told Moses,
makakalantaw ka la han tuna, kundi diri ka makakasulod han tuna nga akon ihahatag han mga tawo han Israel.”	therefore, you will see the land only from a distance; you will not enter the land i am giving to the people of Israel.”
masugot kita han balaod nga iginhatag ha aton ni Moises, an gimamahali nga manggad han aton nasod.	the law that Moses gave us, the possession of the assembly of Jacob.
an Ginoo nahimo nga hadi han iya mga tawo nga Israel, han pagkatirok han ira mga tribo ngan mga pangulo.	he was king over jeshurun when the leaders of the people assembled, along with the tribes of Israel.
nagsiring hi Moises mahitungod han tribo ni ruben: “diri unta mapuo hi ruben, bisan kon gutiay la hira nga mga tawo.”	“let Reuben live and not die, nor his people be few.”
maluob unta hin pinili nga mga bunga an kadaan nira nga kabungtoran.	with the choicest gifts of the ancient mountains and the fruitfulness of the everlasting hills;
nagsiring hiya mahitungod han tribo ni Dan: “hi Dan amo in usa nga nati nga liyon; nalukso hiya tikang ha basan.”	about Dan he said: “Dan is a lions cub, springing out of Bashan.”
mga puthaw an mga trangka han nga mga ganghaan, ngan dayuday nga himyang an iya pagukoy.”	the bolts of your gates will be iron and bronze, and your strength will equal your days.
sanglit namatay hi Moises nga surugoon han Ginoo didto han tuna han Moab, sumala han iginsiring han Ginoo ..	and Moses the servant of the Lord died there in Moab, as the Lord had said.
waray gud manaragna han Israel nga sugad kan Moises; nga suok kaupay han Ginoo ..	since then, no prophet has risen in Israel like Moses, whom the Lord knew face to face,
tagan unta kamo han dyos nga aton amay ngan han Ginoo jesucristo hin grasya ngan kamurayaw.	grace and peace to you from God our father and the Lord Jesus Christ.
pagdayawon ta an dyos tungod han iya mahimayaon nga grasya nga iginhatag ha aton pinaagi han iya hinigugma nga anak!	to the praise of his glorious grace, which he has freely given us in the one he loves.
nga iya iginhatag ha aton hin waray sukol! ha bugos niya nga kinaadman ngan hibaro	that he lavished on us. with all wisdom and understanding,
ginbuhat han dyos an iya nahunahunaan, ngan iginpasabot niya ha aton an iya kaburuton hin paghingpit pinaagi kan Cristo.	he made known to us the mystery of his will according to his good pleasure, which he purposed in Christ,
sanglit kita nga una maglaom kan Cristo magdayaw kita han himaya han dyos.	in order that we, who were the first to put our hope in Christ, might be for the praise of his glory.
waray ako humunong hin pagpasalamat han dyos tungod ha iyo. hinnunumdoman ko kamo ha akon mga pagampo.	i have not stopped giving thanks for you, remembering you in my prayers.
hadto anay mga patay kamo ha espiritu tungod han iyo mga pagtalapas ngan mga sala.	as for you, you were dead in your transgressions and sins,
kundi labis an pagkalooy han dyos ha aton, ngan labi na an iya paghigugma ha aton,	but because of his great love for us, God, who is rich in mercy,
ha aton pakigusa kan Cristo Jesus, ginbanhaw kita upod ha iya basi maghadi kita kaupod niya didto ha langit.	and God raised us up with Christ and seated us with him in the heavenly realms in Christ Jesus,
waray gud niyo dinhe sadang ipanhambog, tungod nga diri ini bunga han iyo kalugaringon nga mga buhat.	not by works, so that no one can boast.
kundi yana ha pakigusa kan Cristo Jesus, kamo nga hadto anay nahirayo han dyos, nahirani na pinaagi han kamatayon ni Cristo.	but now in Christ Jesus you who once were far away have been brought near by the blood of Christ.
amo hiya an nahawid han bugos nga balay, ngan nagpapadako ngadto hin usa nga templo nga baraan han Ginoo.	in him the whole building is joined together and rises to become a holy temple in the Lord.
tungod hini, ako, hi Pablo nga binilanggo tungod kan Cristo Jesus para ha iyo nga mga hentil nagaampo ngadto han dyos.	for this reason i, Paul, the prisoner of Christ Jesus for the sake of you Gentiles—
iginpadayag han dyos an iya tinago nga pagburotan ngan iginpahibaro niya ha akon. (nagsurat ako hin halipot hiunong hini,	that is, the mystery made known to me by revelation, as i have already written briefly.
ngan kon iyo basahon an akon ginsurat, hibabaroan niyo an akon hinsabotan mahitungod han tinago mahitungod kan Cristo.)	in reading this, then, you will be able to understand my insight into the mystery of Christ,
ginbuhat ini han dyos sumala han iya dayon nga panuyo, nga iya nahimo pinaagi kan Cristo Jesus nga aton Ginoo.	according to his eternal purpose that he accomplished in Christ Jesus our Lord.
sanglit tungod hini, naluhod ako ha atubangan han amay,	for this reason i kneel before the father,
nga amo an nahatag han matuod nga ngaran ha tagsa nga panimalay ha langit ngan ha tuna.	from whom every family in heaven and on earth derives its name.
dayawon ta hiya dida ha singbahan ug dida kan Cristo tubtob ha katubtoban. matuman kunta.	to him be glory in the church and in Christ Jesus throughout all generations, for ever and ever! Amen.
dayuday mapinaubsanon kamo, maaghop, ngan mailobon kamo. ipakita an iyo gugma pinaagi hin pakialayon han iba.	be completely humble and gentle; be patient, bearing with one another in love.
talinguhaa an pagpadayon han pagkaurosa nga iginhatag han espiritu, pinaagi han kamurayaw nga naggagapos ha iyo.	make every effort to keep the unity of the spirit through the bond of peace.
mayada usa nga lawas ngan usa nga espiritu, sugad nga mayada usa nga paglaom nga tungod hini gintawag kamo han dyos.	there is one body and one spirit, just as you were called to one hope when you were called;
mayada usa nga Ginoo, usa nga pagtoo, usa nga pagbunyag;	one Lord, one faith, one baptism;
an kada usa ha aton tinagan hin upa, sumala han ginbahinbahin ni Cristo.	but to each one of us grace has been given as Christ apportioned it.
ginbuhat niya ini hin pagandam han ngatanan nga magtinuohon para han cristiano nga pagalagad hin pagparigon han lawas ni Cristo.	to equip his people for works of service, so that the body of Christ may be built up
diri amo ini an iyo hinbaroan hiunong kan Cristo!	that, however, is not the way of life you learned
kinahanglan mabago hin hingpit an iyo mga kasingkasing ngan mga hunahuna.	to be made new in the attitude of your minds;
kon masina kamo, ayaw itugot nga an kasina matinikangan han imo pakasala; ngan ayaw pagkinasina ha bugos nga adlaw.	“in your anger do not sin” :: do not let the sun go down while you are still angry,
ayaw pagtagi hin higayon an yawa.	and do not give the devil a foothold.
kay mga hinigugma man kamo nga mga anak han dyos, kinahanglan magtinguha kamo hin pagsubad ha iya.	follow gods example, therefore, as dearly loved children
sanglit likayi niyo an sugad nga mga tawo.	therefore do not be partners with them.
kay an kapawa amo an nagaani han bunga han pagkamaupay, pagkamatadong, ngan kamatuoran.	(for the fruit of the light consists in all goodness, righteousness and truth)
tinguhaa nga mahibaroan niyo an nakakalipay han Ginoo.	and find out what pleases the Lord.
makaarawod gudman bisan hin paghimangraw la mahitungod han mga butang nga binubuhat nira hin tago.)	it is shameful even to mention what the disobedient do in secret.
ngan kon madara na ha kapawan an ngatanan nga mga butang, dida hito madadayag na hin maupay an ira tinuod nga kinaiya;	but everything exposed by the light becomes visibleand everything that is illuminated becomes a light.
pahimulosi niyo hin maupay an tagsa nga higayon nga iyo maaangkon, kay salaan ini nga mga adlaw.	making the most of every opportunity, because the days are evil.
sanglit ayaw kamo pagpakalurong, kundi tinguhaa nga masabtan niyo an karuyag han Ginoo ipabuhat ha iyo.	therefore do not be foolish, but understand what the lords will is.
ayaw gud kamo paghubog hin bino kay makakadaot ini ha iyo, kundi mapuno lugod kamo han espiritu.	do not get drunk on wine, which leads to debauchery. instead, be filled with the spirit,
pagsinugtanay kamo tungod han iyo pagtahod kan Cristo.	submit to one another out of reverence for Christ.
mga asawa, sugot kamo han iyo bana sugad han pagsugot niyo han Ginoo.	wives, submit yourselves to your own husbands as you do to the Lord.
kay mga kaapi kita han iya lawas.)	for we are members of his body.
mga anak, iyo ito cristianos nga katungdanan hin pagsugot han iyo mga kaganak, kay amo ini an angay buhaton.	children, obey your parents in the Lord, for this is right.
“pasidunggi an amay ug an iroy niyo.” amo ini an syahan nga sugo nga may igindugang nga saad:	“honor your father and motherwhich is the first commandment with a promise—
“basi maghingaupay kamo, ngan mabuhi kamo hin maiha dinhe ha tuna.”	“so that it may go well with you and that you may enjoy long life on the earth.”
sanglit buhata nga malipayon an iyo mga buruhaton ha ka oripon, nga daw an Ginoo an ginaalagad niyo, ngan diri la mga tawo.	serve wholeheartedly, as if you were serving the Lord, not people,
ha kataposan padigona an iyo kusog pinaagi hin pakigusa han Ginoo ngan pinaagi han iya dako nga gahom.	finally, be strong in the Lord and in his mighty power.
isulot niyo an bugos nga hinganiban nga ihinahatag han dyos ha iyo, basi makaato kamo supak han salaan nga mga limbong han yawa.	put on the full armor of God, so that you can take your stand against the devils schemes.
ngan an kaandam hin pagpasangyaw han maupay nga sumat han kalinaw sugad hin mga sandalyas han iyo mga tiil.	and with your feet fitted with the readiness that comes from the gospel of peace.
ngan karawata niyo an katalwasan sugad hin helmet, ngan an pulong han dyos sugad hin espada nga ihinahatag ha iyo han espiritu.	take the helmet of salvation and the sword of the spirit, which is the word of God.
tagan unta han dyos nga amay ngan han Ginoo jesucristo hin kamurayaw ngan gugma, upod an pagtoo, an ngatanan nga kabugtoan.	peace to the brothers and sisters, and love with faith from God the father and the Lord Jesus Christ.
maada unta an grasya han dyos ha ngatanan nga nahigugma hin waray paglubad han aton Ginoo jesucristo.	grace to all who love our Lord Jesus Christ with an undying love.
amo hira ruben, Simeon, Levi, Juda,	Reuben, Simeon, Levi and Judah;
isacar, zabulon, Benjamin,	Issachar, Zebulun and Benjamin;
Dan, neftali, Gad ug aser.	Dan and Naphtali; Gad and Asher.
setenta hira ngatanan nga mga tawo nga tunay nga tulin ni Jacob. hi Jose nga iya anak nakadto na ngadaan ha Ehipto.	the descendants of Jacob numbered seventy in all; Joseph was already in Egypt.
linmabay in maiha nga katuigan ngan nagkamatay hira Jose, an ngatanan nga iya kabugtoan, ngan an ngatanan hini nga katulinan,	now Joseph and all his brothers and all that generation died,
nagkamayada bago nga hadi didto ha Ehipto nga waray gud niya hinbaroan mahitungod kan Jose.	then a new king, to whom Joseph meant nothing, came to power in Egypt.
nagsiring hiya ha iya mga tawo, “damo na hin duro ug magkusog na ini nga mga israelita ngan makaharadlok na hira para ha aton.	“look,” he said to his people, “the Israelites have become far too numerous for us.
didto ha uruunhan nagtukdaw an bugto nga babaye han bata hin paginaw kon ano an mahinanabo han bata.	his sister stood at a distance to see what would happen to him.
“alayon, hin pagkadto,” binmaton hiya. sanglit linmakat an babayehay ngan gindara niya an kalugaringon nga iroy han bata.	“yes, go,” she answered. so the girl went and got the babys mother.
han pagbalik nira ngadto han ira amay, nagpakiana hiya, “kay ano nga timprano pa man kamo manguli yana nga adlaw?”	when the girls returned to reuel their father, he asked them, “why have you returned so early today?”
sanglit didto hi Moises pagukoy, ngan iginpaasawa ha iya ni jetro hi sefora nga iya anak.	Moses agreed to stay with the man, who gave his daughter zipporah to Moses in marriage.
hinkitan niya an pagkaoripon han mga israelita, ngan nalooy hiya ha ira.	so God looked on the Israelites and was concerned about them.
yana sinusugo ko ikaw ngadto han hadi han Ehipto basi makagmando ka han akon mga tawo hin paggawas tikang han iya nasod.”	so now, go. i am sending you to pharaoh to bring my people the Israelites out of Egypt.”
maaram ako nga diri matugot ha iyo an hadi han Ehipto gawas kon piriton gud hiya.	but i know that the king of Egypt will not let you go unless a mighty hand compels him.
sanglit nagpakiana ha iya an Ginoo ,, “ano ito nga imo kinakaptan?” “usa nga tungkod,” binmaton hiya.	then the Lord said to him, “what is that in your hand?” “a staff,” he replied.
nagsiring an Ginoo ,, “kon diri hira tumood ha imo o tumangdo han syahan nga milagro, matood hira hini nga ikaduha.	then the Lord said, “if they do not believe you or pay attention to the first sign, they may believe the second.
hala, kadto na! bubuligan ko ikaw hin pagyakan ngan susumatan ko ikaw han imo igyayakan.”	now go; i will help you speak and will teach you what to say.”
kundi binmaton hi Moises, “ayaw ako, Ginoo, pagsugo Gad hin lain nga tawo.”	but Moses said, “pardon your servant, Lord. please send someone else.”
dada ini nga tungkod; kay magbubuhat ka hin mga milagro pinaagi hini.”	but take this staff in your hand so you can perform the signs with it.”
niyan kinahanglan pagsumatan mo hiya nga nasiring ako nga Ginoo ,, ‘akon suhag nga lalake an Israel.	then say to pharaoh, ‘this is what the Lord says: Israel is my firstborn son,
didto hin usa nga karampohan nga dapit dida han dalan tipakadto ha Ehipto, gintapo han Ginoo hi Moises ngan giniparatay hiya.	at a lodging place on the way, the Lord met Moses and was about to kill him.
sanglit kinmadto ha Ehipto hira Moises ug Aaron ngan gintirok nira an ngatanan nga mga pangulo nga israelita.	Moses and Aaron brought together all the elders of the Israelites,
darudamo na ngani kamo nga mga tawo kay han mga ehiptohanon. ngan yana karuyag na niyo umundang hin pagtrabaho!”	then pharaoh said, “look, the people of the land are now numerous, and you are stopping them from working.”
hito manta nga adlaw ginsugo han hadi an magisog nga mga kapatas nga ehiptohanon ngan an mga tinaporan nga mga israelita,	that same day pharaoh gave this order to the slave drivers and overseers in charge of the people:
sanglit ginsahid han mga tawo an bugos nga Ehipto hin pagbiling hin mga uhot.	so the people scattered all over Egypt to gather stubble to use for straw.
han nabaya na hira, ira ginkatapo hira Moises ug Aaron, nga naghihinulat ha ira.	when they left pharaoh, they found Moses and Aaron waiting to meet them,
naghimangraw kan Moises an dyos ngan nagsiring, “ako amo an Ginoo ..	God also said to Moses, “i am the Lord ..
niyan nagsiring kan Moises an Ginoo ,,	then the Lord said to Moses,
“kadto ngan sumati an hadi han Ehipto nga kinahanglan pagawson niya han iya tuna an mga israelita.”	“go, tell pharaoh king of Egypt to let the Israelites go out of his country.”
may duha nga anak nga kalalakenan hi gerson: hira libni ug simei, ngan nagkamayada nira damo nga mga tulin.	the sons of gershon, by clans, were libni and shimei.
may tulo nga anak nga kalalakenan hi isar: hira core, nefeg, ug zicri.	the sons of izhar were korah, nepheg and zikri.
may tulo liwat nga mga anak nga kalalakenan hi uziel: hira misael, elzafan, ug sitri.	the sons of uzziel were mishael, elzaphan and sithri.
han paghimangraw han Ginoo kan Moises didto han tuna han Ehipto,	now when the Lord spoke to Moses in Egypt,
kundi binmaton hi Moises, “maaram ka nga maluya gud ako nga magyarakan; kay ano nga mamamati ha akon an hadi?”	but Moses said to the Lord ,, “since i speak with faltering lips, why would pharaoh listen to me?”
ginbuhat nira Moises ug Aaron an iginsugo han Ginoo ..	Moses and Aaron did just as the Lord commanded them.
otsenta na an panuigon ni Moises, ngan 83 na an kan Aaron han paghimangraw nira han hadi.	Moses was eighty years old and Aaron eightythree when they spoke to pharaoh.
nagsiring an Ginoo kanda Moises ngan Aaron,	the Lord said to Moses and Aaron,
iginitsa nira an ira mga tungkod ngan nagkahihimo ini nga mga halas. kundi ginlamoy han tungkod ni Aaron an ira mga tungkod.	each one threw down his staff and it became a snake. but aarons staff swallowed up their staffs.
niyan nagsiring an Ginoo kan Moises, “matiga hin duro an ulo han hadi ngan nadiri hiya hin pagpalakat han mga tawo.	then the Lord said to Moses, “pharaohs heart is unyielding; he refuses to let the people go.
linmakat lugod hiya ngan binmalik ngadto han iya palasyo ngan waray la hiya pakaalantad hini.	instead, he turned and went into his palace, and did not take even this to heart.
linmabay in pito ka adlaw katapos han Ginoo pagbalbaga an salog.	seven days passed after the Lord struck the Nile.
kon dumiri ka, pagkakastigohon ko an imo nasod pinaagi hin pagluoba hini hin mga pakla.	if you refuse to let them go, i will send a plague of frogs on your whole country.
malukso hira ngada ha imo, han imo mga tawo, ngan han ngatanan nga imo mga opisyal.’”	the frogs will come up on you and your people and all your officials.’ ””
sanglit ginkaptan ni Aaron an iya tungkod ha bawbaw han ngatanan nga katubigan, ngan inmulpot an mga pakla ngan naluob an tuna.	so Aaron stretched out his hand over the waters of Egypt, and the frogs came up and covered the land.
gintambak ini han mga ehiptohanon hin dagko nga mga pundok, tubtob nga nagbaraho an tuna.	they were piled into heaps, and the land reeked of them.
paglalainon ko an akon mga tawo ngan an imo mga tawo. mahinanabo ini nga milagro buwas.’”	i will make a distinction between my people and your people. this sign will occur tomorrow.’ ””
binayaan ni Moises an hadi, ngan nagampo hiya han Ginoo ,,	then Moses left pharaoh and prayed to the Lord ,,
kundi bisan pa hini nga takna, nagmatiga la gihapon an kasingkasing han hadi, ngan waray na liwat niya palakta an mga israelita.	but this time also pharaoh hardened his heart and would not let the people go.
kon dumiri ka na liwat hin pagpalakat ha ira,	if you refuse to let them go and continue to hold them back,
igintalaan ko nga Ginoo ,, an buwas nga adlaw hin pagbuhat ko hini nga kastigo.’”	the Lord set a time and said, “tomorrow the Lord will do this in the land.”
kundi ginpatiga han Ginoo an kasingkasing han hadi, ngan sumala han iya iginsiring, waray an hadi mamati kanda Moises ug Aaron.	but the Lord hardened pharaohs heart and he would not listen to Moses and Aaron, just as the Lord had said to Moses.
kundi mapinahitason ka la gihapon ngan nadiri ka pagtugot hin pagpalakat han akon mga tawo.	you still set yourself against my people and will not let them go.
kundi waray la baliha han iba an pahimatngon han Ginoo ,, ngan ginpabayan la ha gawas an ira mga oripon ngan kamanampan.	but those who ignored the word of the Lord left their slaves and livestock in the field.
an katunaan la han gosen nga ginukyan han mga israelita an waray urani han mga bato nga yelo.	the only place it did not hail was the land of goshen, where the Israelites were.
kundi maaram ako nga diri pa ikaw nahahadlok han Ginoo nga dyos ngan an imo mga opisyal.”	but i know that you and your officials still do not fear the Lord God.”
nagkadudunot an tanom nga lino ngan an sebada, kay hinog na an sebada ngan nanmukad na an lino.	(the flax and barley were destroyed, since the barley had headed and the flax was in bloom.
kundi waray may nadunot han trigo, kay orhe man an kahinog hini.	the wheat and spelt, however, were not destroyed, because they ripen later.)
kon magpadayon ka hin pagdumiri, buwas gud igpapadara ko nganhi han imo nasod in mga duron.	if you refuse to let them go, i will bring locusts into your country tomorrow.
binayaan ni Moises an hadi, ngan nagampo hiya han Ginoo ..	Moses then left pharaoh and prayed to the Lord ..
kundi ginpatiga han Ginoo an kasingkasing han hadi ngan waray han hadi palakta an mga israelita.	but the Lord hardened pharaohs heart, and he would not let the Israelites go.
ginpatiga han Ginoo an kasingkasing han hadi ngan waray gud hiya tumugot nga lumakat hira.	but the Lord hardened pharaohs heart, and he was not willing to let them go.
binmaton hi Moises, “sumala han imo siring, diri ka na gud makita ha akon.”	“just as you say,” Moses replied. “i will never appear before you again.”
niyan ginsiring ni Moises an hadi, “nasiring an Ginoo ,, ‘ha katutnga han gabi maglalatas ako han Ehipto,	so Moses said, “this is what the Lord says: ‘about midnight i will go throughout Egypt.
naghimangraw an Ginoo kanda Moises ug Aaron didto ha Ehipto:	the Lord said to Moses and Aaron in Egypt,
“amo ini an syahan nga bulan han tuig para ha iyo.	“this month is to be for you the first month, the first month of your year.
kinahanglan pagtumanon niyo ngan han iyo mga anak ha kadayonan ini nga mga turumanon.	“obey these instructions as a lasting ordinance for you and your descendants.
kon magpakiana ha iyo an iyo mga anak, ‘ano an kahulogan hini nga seremonyas?’	and when your children ask you, ‘what does this ceremony mean to you?’
inmupod liwat ha ira in damo nga iba nga mga tawo ngan damo nga mga karnero, mga kanding ngan mga baka.	many other people went up with them, and also large droves of livestock, both flocks and herds.
nagukoy an mga israelita didto ha Ehipto sulod hin 430 ka tuig.	now the length of time the israelite people lived in Egypt was 430 years.
kundi makakakaon hini in bisan hino nga oripon nga iyo pinalit, kon pagtorion hiya anay.	any slave you have bought may eat it after you have circumcised him,
diri makakakaon hini adton lumalabay la nga umorukoy o sinuholan la nga paratrabaho.	but a temporary resident or a hired worker may not eat it.
kinahanglan pagsaurogon han bugos nga bungto han Israel ini nga pyesta.	the whole community of Israel must celebrate it.
waray kalainan an mga turumanon han tunay nga natawo nga mga israelita ngan han mga lumalangyaw nga naguokoy tampo ha iyo.”	the same law applies both to the nativeborn and to the foreigner residing among you.”
dida hito manla nga adlaw ginpagawas han Ginoo an mga tribo nga israelita tikang ha Ehipto.	and on that very day the Lord brought the Israelites out of Egypt by their divisions.
nagsiring kan Moises an Ginoo ,,	the Lord said to Moses,
mabaya kamo han Ehipto dida hini nga adlaw han syahan nga bulan, an bulan han abib.	today, in the month of aviv, you are leaving.
pagsauroga niyo ini nga pyesta dida han igintalaan nga panahon ha kada tuig.	you must keep this ordinance at the appointed time year after year.
binayaan han mga israelita an sucot ngan nagkampo hira didto ha etam, didto han ligid han kamingawan.	after leaving sukkoth they camped at etham on the edge of the desert.
dayuday naguna han mga tawo an harigi nga dampog kon adlaw ngan an harigi nga kalayo kon gabi.	neither the pillar of cloud by day nor the pillar of fire by night left its place in front of the people.
niyan nagsiring kan Moises an Ginoo ,,	then the Lord said to Moses,
makakasiring an hadi nga nagkaburublag ngan nagsarang ha tuna an mga israelita ngan diri makakagawas ha kamingawan.	pharaoh will think, ‘the Israelites are wandering around the land in confusion, hemmed in by the desert.’
sanglit ginandam han hadi an iya mga karuwahe ngan an iya kasondalohan hin pakigaway.	so he had his chariot made ready and took his army with him.
an Ginoo amo an makikigaway para ha iyo, ngan an kinahanglan la niyo pagbuhaton amo an paghilom.”	the Lord will fight for you; you need only to be still.”
usa nga paraaway an Ginoo ;; an Ginoo amo an iya ngaran.	the Lord is a warrior; the Lord is his name.
ginlapwasan hira han hilarom nga dagat; linmunod hira ha kahiladman sugad hin bato.	the deep waters have covered them; they sank to the depths like a stone.
ginunat mo an imo tuo nga kamot, ngan ginlamoy han tuna an amon mga kaaway.	“you stretch out your right hand, and the earth swallows your enemies.
hinbatian han kanasoran ngan nangungurog hira hin kahadlok; inaalpan hin duro nga kakulba an mga filisteohanon	the nations will hear and tremble; anguish will grip the people of Philistia.
maghahadi ka ha kadayonan, o Ginoo .”.”	“the Lord reigns for ever and ever.”
nagsumbong kan Moises an mga tawo ngan nagpakiana, “ano an aton iimnon?”	so the people grumbled against Moses, saying, “what are we to drink?”
didto han kamingawan nagngurutob hira ngatanan kontra kanda Moises ug Aaron	in the desert the whole community grumbled against Moses and Aaron.
nagsiring an Ginoo ,,	the Lord said to Moses,
ginbuhat ini han mga israelita. mayada ha ira nagtirok hin damo, ngan an iba gutiay la.	the Israelites did as they were told; some gathered much, some little.
nagsiring ha ira hi Moises, “kinahanglan waray maghimos hin bisan ano hini para buwas.”	then Moses said to them, “no one is to keep any of it until morning.”
ikinaaga nangunguha an kada usa sugad la han iya kinahanglan; ngan kon mapaso na an adlaw, natunaw adton nahibibilin ha tuna.	each morning everyone gathered as much as they needed, and when the sun grew hot, it melted away.
dida han ikapito nga adlaw ginmawas in pipira han mga tawo basi manguha hin mga pagkaon, kundi waray hira makaagi.	nevertheless, some of the people went out on the seventh day to gather it, but they found none.
niyan nagsiring kan Moises an Ginoo ,, “tubtob sano an diri niyo pagsugot han akon mga sugo?	then the Lord said to Moses, “how long will you refuse to keep my commands and my instructions?
sanglit waray magtrabaho an mga tawo dida han ikapito nga adlaw.	so the people rested on the seventh day.
baynte ka litro an hinaaraan nga taraksan nga ginggamit hadto nga panahon.)	(an omer is onetenth of an ephah.)
nagkaabot an mga amalekanhon ngan ginsulong nira an mga israelita didto ha refidim.	the Amalekites came and attacked the Israelites at rephidim.
hini nga paagi ginpirde ni josue an mga amalekanhon.	so Joshua overcame the amalekite army with the sword.
nagtindog hi Moises hin usa nga altar ngan ginngaranan ini nga “an Ginoo amo an akon bandera.”	Moses built an altar and called it the Lord is my banner.
sanglit kinmadto hiya kan Moises ngan upod niya hi sefora nga asawa ni Moises, nga iginbilin la anay ha iya,	after Moses had sent away his wife zipporah, his fatherinlaw jethro received her
binmaton hi Moises, “kinahanglan pagbuhaton ko ini kay nadangop man ha akon an mga tawo hin panginsayod han kaburoton han dyos.	Moses answered him, “because the people come to me to seek gods will.
niyan nagsiring hi jetro, “diri maupay ini nga imo ginbubuhat. gugulan ka hin duro pati ini nga mga tawo.	Moses’ fatherinlaw replied, “what you are doing is not good.
gintuman ni Moises an sagdon ni jetro,	Moses listened to his fatherinlaw and did everything he said.
katapos, nanamilit kan jetro hi Moises ngan inmoli hi jetro.	then Moses sent his fatherinlaw on his way, and jethro returned to his own country.
ngan ginsiring hira ni Moises, “kinahanglan maandam kamo dida han ikatulo ka adlaw ngan ayaw la anay kamo pakighilawas.”	then he said to the people, “prepare yourselves for the third day. abstain from sexual relations.”
ginunhan hira ni Moises paggawas han kampo hin pakigkita han dyos, ngan tinmindog hira didto han ubos han bukid.	then Moses led the people out of the camp to meet with God, and they stood at the foot of the mountain.
nagtikadako an tunog han trompeta. nagyakan hi Moises ngan ginbaton hiya han dyos pinaagi hin dalugdog.	as the sound of the trumpet grew louder and louder, Moses spoke and the voice of God answered him.
sanglit linmugsong hi Moises ngadto han mga tawo ngan ginsumatan hira han iginsiring han Ginoo ..	so Moses went down to the people and told them.
naghimangraw an dyos, ngan amo ini an iya mga pulong:	and God spoke all these words:
“ako amo an Ginoo nga iyo dyos nga nagdara ha iyo tikang ha Ehipto, diin mga oripon kamo.	“i am the Lord your God, who brought you out of Egypt, out of the land of slavery.
“ayaw kamo pagsingba hin lain nga Diyos labot ha akon.	“you shall have no other gods before me.
“tumana niyo an adlaw nga igparahuway ngan pagbaraana ini nga adlaw.	“remember the sabbath day by keeping it holy.
mayada niyo unom ka adlaw hin pagbuhat han ngatanan niyo nga buruhaton,	six days you shall labor and do all your work,
“ayaw kamo pagpatay hin tawo.	“you shall not murder.
“ayaw kamo panlibog.	“you shall not commit adultery.
“ayaw kamo pangawat.	“you shall not steal.
“ayaw kamo pagsumbong hin buwa kontra han iyo igkasitawo.	“you shall not give false testimony against your neighbor.
ayaw kamo pagtindog hin altar para ha akon nga mayada mga balitang tipaigbaw, kay bangin ha pagsaka humuwaw kamo.	and do not go up to my altar on steps, or your private parts may be exposed.’
“ighatag han mga israelita inin nasunod nga mga balaod:	“these are the laws you are to set before them:
“kinahanglan patayon an bisan hino nga magkastigo hin tawo ngan makamatay ini ha iya.	“anyone who strikes a person with a fatal blow is to be put to death.
“kinahanglan patayon an bisan hino nga magkastigo han iya amay o iroy.	“anyone who attacks their father or mother is to be put to death.
“kinahanglan patayon an bisan hino nga magbihag hin tawo, basi niya hin igbaligya o himoon nga oripon.	“anyone who kidnaps someone is to be put to death, whether the victim has been sold or is still in the kidnappers possession.
“kinahanglan patayon an bisan hino nga magtunglo han iya amay o iroy.	“anyone who curses their father or mother is to be put to death.
kundi kon mamatay ngani an babaye, kinahanglan kinabuhi an igbabayad para hin kinabuhi,	but if there is serious injury, you are to take life for life,
mata para hin mata, ngipon para hin ngipon, kamot para hin kamot, tiil para hin tiil,	eye for eye, tooth for tooth, hand for hand, foot for foot,
kapaso para hin kapaso, samad para hin samad, pilas para hin pilas.	burn for burn, wound for wound, bruise for bruise.
kon ngihoan niya hin usa nga ngipon, kinahanglan buhian niya an oripon sugad nga bayad han ngipon.	and an owner who knocks out the tooth of a male or female slave must let the slave go free to compensate for the tooth.
kon makamatay an baka hin usa nga bata nga lalake o babaye, gagamiton an amo ngahaw nga balaod.	this law also applies if the bull gores a son or daughter.
kundi kon kawaton an hayop, kinahanglan pagbaydan han naghupot an tagiya.	but if the animal was stolen from the neighbor, restitution must be made to the owner.
“pataya niyo an bisan hino nga babaye nga diwatahan.	“do not allow a sorceress to live.
“pataya niyo an bisan hino nga tawo nga makighilawas hin mananap.	“anyone who has sexual relations with an animal is to be put to death.
“pataya niyo an bisan hino nga maghalad ngadto hin bisan ano nga Diyos labot ha akon nga Ginoo ..	“whoever sacrifices to any God other than the Lord must be destroyed.
“ayaw niyo pagtalimpigosa o pagraogdaoga in lumalangyaw; panumdom nga mga lumalangyaw kamo hadto anay didto ha Ehipto.	“do not mistreat or oppress a foreigner, for you were foreigners in Egypt.
ayaw niyo pagraogdaoga an bisan hino nga balo nga babaye o ilo.	“do not take advantage of the widow or the fatherless.
kon pagbuhaton niyo ini, mabaton ha ira ako nga Ginoo kon magtawag hira ha akon hin pakibulig,	if you do and they cry out to me, i will certainly hear their cry.
“ayaw niyo pagpakaraota an dyos, ngan ayaw kamo pagtunglo hin usa nga pangulo han iyo mga tawo.	“do not blaspheme God or curse the ruler of your people.
ayaw kamo pagpakita hin pagdapig hin usa nga kablasanon dida han iya bista.	and do not show favoritism to a poor person in a lawsuit.
“kon hikitan niyo nga nakabuhi in baka o asno han iyo kaaway, iguli ini ha iya.	“if you come across your enemys ox or donkey wandering off, be sure to return it.
“ayaw niyo iglirong an katadongan ngadto hin usa nga kablasanon kon naatubang hiya han hukmanan.	“do not deny justice to your poor people in their lawsuits.
“sulod hin unom ka tuig, tamni an iyo tuna ngan tiroka an mga abot han iyo uma.	“for six years you are to sow your fields and harvest the crops,
“sauroga hin pagpasidungog ha akon in tulo nga mga pyesta ha kada tuig.	“three times a year you are to celebrate a festival to me.
paiiwason ko lugod hira hin hinayhinay tubtob nga igo na an iyo kadamo hin pagtagiya han tuna.	little by little i will drive them out before you, until you have increased enough to take possession of the land.
ayaw kamo pakigsabot ha ira o han ira kadiyosan.	do not make a covenant with them or with their gods.
ikaw la an mahirani ha akon, an iba diri maupod ha imo. diri ngani angay sumagka han bukid an mga tawo.”	but Moses alone is to approach the Lord ;; the others must not come near. and the people may not come up with him.”
sinmagka han bukid hira Moises, Aaron, nadab, abiu, ngan an 70 nga mga pangulo han Israel,	Moses and Aaron, nadab and abihu, and the seventy elders of Israel went up
nagandam hira Moises ug josue nga iya kabulig ngan nagtikang hi Moises hin pagsagka han baraan nga bukid.	then Moses set out with Joshua his aide, and Moses went up on the mountain of God.
sinmagka hi Moises han bukid Sinai ngan natahoban an bukid hin dampog.	when Moses went up on the mountain, the cloud covered it,
nagsiring kan Moises an Ginoo ,,	the Lord said to Moses,
amo ini an imo kakarawaton nga mga halad: bulawan, salapi, ug bronse;	these are the offerings you are to receive from them: gold, silver and bronze;
lino nga pino, delana nga asul, granate, ngan pula, dugnit nga hinimo hin barahibo hin kanding,	blue, purple and scarlet yarn and fine linen; goat hair;
anit hin lalaki nga karnero nga tinina hin pula, anit hin kanding; kahoy nga akasya;	ram skins dyed red and another type of durable leather ;; acacia wood;
lana para han mga lampara, mga pahamot para han lana nga igdirihog ngan pahamot para han insyenso;	olive oil for the light; spices for the anointing oil and for the fragrant incense;
kinahanglan ighimo ako han mga tawo hin usa nga baraan nga tulda, basi makagukoy ako tampo ha ira.	“then have them make a sanctuary for me, and i will dwell among them.
haklapi ini hin puraw nga bulawan ha sulod ngan ha gawas, ngan paliboti ini hin borlas nga bulawan nga ribite.	overlay it with pure gold, both inside and out, and make a gold molding around it.
paghimo hin mga parasgan nga kahoy nga akasya ngan putsa ini hin bulawan,	then make poles of acacia wood and overlay them with gold.
ayaw pagtarutalsoa an mga parasgan dida han mga maglidong nga sulpotan.	the poles are to remain in the rings of this ark; they are not to be removed.
niyan igsulod ha kahon an duha nga mga papan nga bato nga ighahatag ko ha imo nga sinuratan han akon mga sugo.	then put in the ark the tablets of the covenant law, which i will give you.
igsulod ha kahon an duha nga mga papan nga bato ngan ibutang ha bawbaw an takop.	place the cover on top of the ark and put in the ark the tablets of the covenant law that i will give you.
haklapi ini hin puraw nga bulawan ngan paliboti ini hin ribite nga bulawan.	overlay it with pure gold and make a gold molding around it.
igbubutang ha hirani han moldora an mga maglidong nga sulpotan nga susuhotan han mga parasgan para hin pagdara han lamesa.	the rings are to be close to the rim to hold the poles used in carrying the table.
paghimo hin pito nga mga lampara para han kandilero ngan igbutang ini basi makalamrag ngadto ha atubangan.	“then make its seven lamps and set them up on it so that they light the space in front of it.
himoa tikang hin puraw nga bulawan an mga kimpit ngan mga sangga han lampara.	its wick trimmers and trays are to be of pure gold.
gamit hin 35 ka kilo nga puraw nga bulawan hin paghimo han kandilero ngan han ngatanan nga mga kasangkapan hini.	a talent of pure gold is to be used for the lampstand and all these accessories.
himoa gud ini sumala han surubdan nga iginpakita ko ha imo didto ha bukid.	see that you make them according to the pattern shown you on the mountain.
takiptakipa hin pagtahi an lima ka tinabas, ngan sugad man an lain nga lima nga tinabas.	join five of the curtains together, and do the same with the other five.
“paghimo hin tahob para han tulda tikang hin onse ka pedaso nga mga dugnit nga hinimo hin barahibo hin kanding.	“make curtains of goat hair for the tent over the tabernacleeleven altogether.
“paghimo hin natindog nga mga balayan para han tulda tikang hin kahoy nga akasya,	“make upright frames of acacia wood for the tabernacle.
nga upat ka metros an kahilaba ngan 66 ka sentimetros an kahilapad an kada usa,	each frame is to be ten cubits long and a cubit and a half wide,
paghimo hin 20 nga mga balayan para han timogan nga ligid	make twenty frames for the south side of the tabernacle
paghimo hin 20 nga mga balayan para han amihanan nga ligid han tulda,	for the other side, the north side of the tabernacle, make twenty frames
para han luyo han tulda didto ha katundan, paghimo hin unom nga mga balayan,	make six frames for the far end, that is, the west end of the tabernacle,
ngan duha nga mga balayan para han mga kanto.	and make two frames for the corners at the far end.
“paghimo hin 15 nga mga palhog nga kahoy nga akasya, lima para han mga balayan dida han usa nga ligid han tulda,	“also make crossbars of acacia wood: five for the frames on one side of the tabernacle,
malahos an butnga nga palhog nga aada ha katunga han mga balayan matikang ha usa nga kataposan han tulda ngadto ha luyo.	the center crossbar is to extend from end to end at the middle of the frames.
tindoga an tulda sumala han surubdan nga iginpakita ko ha imo didto han bukid.	“set up the tabernacle according to the plan shown you on the mountain.
takpi an kahon han ginsaaran.	put the atonement cover on the ark of the covenant law in the most holy place.
igbutang an rehas ha ubos han moldora han altar, basi makaabot ini ha katunga han kahitaas han altar.	put it under the ledge of the altar so that it is halfway up the altar.
paghimo hin mga parasgan nga kahoy nga akasya, ngan putsa ini hin bronse,	make poles of acacia wood for the altar and overlay them with bronze.
didto han sinirangan nga ligid, diin aadto an porta magigin 22 ka metros liwat an kahiluag han alad.	on the east end, toward the sunrise, the courtyard shall also be fifty cubits wide.
himoi hin padianon nga biste hi Aaron nga imo bugto, hin paghatag ha iya hin dungog ngan katahom.	make sacred garments for your brother Aaron to give him dignity and honor.
ipagamit han batid nga mga sastre an delana nga asul, granate, ngan pula, tingkal nga bulawan, ngan lino nga pino.	have them use gold, and blue, purple and scarlet yarn, and fine linen.
butangi ini hin duha nga mga hapin ha sugbong nga ikakabit ha duha nga ligid basi kataoran han efod.	it is to have two shoulder pieces attached to two of its corners, so it can be fastened.
kuha ma duha nga kornalina nga bato, ngan iguhit dida hini nga mga bato an mga ngaran han dose nga mga anak ni Jacob,	“take two onyx stones and engrave on them the names of the sons of Israel
paghimo ma duha nga mga tungtongan nga bulawan,	make gold filigree settings
kinahanglan kwadrado ngan pinilo ini hin doble, 22 ka sentimetros an kahilaba ngan 22 ka sentimetros an kahilapad.	it is to be squarea span long and a span wideand folded double.
ipadukot dida hini in upat ka rungbay nga mga mahal nga bato: rubi, tupasyo, ug karbungkol an syahan nga rungbay;	then mount four rows of precious stones on it. the first row shall be carnelian, chrysolite and beryl;
esmeraldo, sapiro, ug dyamante an ikaduha nga rungbay;	the second row shall be turquoise, lapis lazuli and emerald;
hasinto, agata, ug amatista an ikatulo nga rungbay;	the third row shall be jacinth, agate and amethyst;
ngan birilo, kornalina, ug haspe an ikaupat nga rungbay. kinahanglan ibawbaw ini dida hin mga tungtongan nga bulawan.	the fourth row shall be topaz, onyx and jasper. mount them in gold filigree settings.
para han tahob han dughan paghimo hin mga karukadena nga puraw nga bulawan, nga linubag sugad hin mga lubid.	“for the breastpiece make braided chains of pure gold, like a rope.
ngan igkabit ngada han duha nga mga bahol nga singsing an duha nga mga lubid nga bulawan.	fasten the two gold chains to the rings at the corners of the breastpiece,
“kinahanglan paghimoon hin lubos nga asul nga delana an kapa nga nabawbaw han efod.	“make the robe of the ephod entirely of blue cloth,
ighigot ini hin asul nga lubid ngada ha atubangan han pudong.	fasten a blue cord to it to attach it to the turban; it is to be on the front of the turban.
igsulot ha iya an pudong, ngan ighigot ngada hini an adorno nga may ginuhit nga mga pulong: ‘iginhalad ngadto han Ginoo .’.’	put the turban on his head and attach the sacred emblem to the turban.
niyan kuhaa an lana nga idirihog ngan ibubo ini ha iya ulo ngan dihogi hiya.	take the anointing oil and anoint him by pouring it on his head.
“dada an iya mga anak nga kalalakenan ngan badoi hira;	bring his sons and dress them in tunics
ihawa an baka didto han akon baraan nga atubangan ha may porta han tulda.	slaughter it in the Lord ’s presence at the entrance to the tent of meeting.
ihawa ini, ngan kuhaa an dugo ngan igsablig ngada han upat nga mga ligid han altar.	slaughter it and take the blood and splash it against the sides of the altar.
ighalad ha aga an usa ngan ha gabi, an ikaduha.	offer one in the morning and the other at twilight.
didto makikigkita ako han mga tawo han Israel, ngan himoon ko nga baraan an dapit tungod han akon himaya.	there also i will meet with the Israelites, and the place will be consecrated by my glory.
maguokoy ako tampo han mga tawo han Israel ngan magigin dyos ako nira.	then i will dwell among the Israelites and be their God.
“paghimo hin usa nga altar nga akasya nga para hin pagtubod hin insyenso.	“make an altar of acacia wood for burning incense.
paghimo hin mga parasgan nga akasya ngan putsa ini hin bulawan.	make the poles of acacia wood and overlay them with gold.
nagsiring kan Moises an Ginoo ,,	then the Lord said to Moses,
nagsiring kan Moises an Ginoo ,,	then the Lord said to Moses,
gagamiton an tubig ni Aaron ngan han iya mga anak nga kalalakenan hin panhunaw ngan panhimsaw	Aaron and his sons are to wash their hands and feet with water from it.
nagsiring kan Moises an Ginoo ,,	then the Lord said to Moses,
ngan unom ka kilo nga kasya (tinimbang ngatanan sumala han timbangan nga opisyal). dugangi hin usa ka galon nga lana hin olibo,	500 shekels of cassiaall according to the sanctuary shekeland a hin of olive oil.
gamita ini hin pagdihog han tulda han Ginoo ,, han kahon han ginsaaran,	then use it to anoint the tent of meeting, the ark of the covenant law,
niyan dihogi hi Aaron ngan an iya mga anak nga kalalakenan, ngan ordinahi hira hin ka padi ha pagalagad ha akon.	“anoint Aaron and his sons and consecrate them so they may serve me as priests.
diri na gud pagiisipon nga kausa han akon mga tawo an bisan hino nga maghimo hin sugad hini basi gamiton nga pahamot.”	whoever makes incense like it to enjoy its fragrance must be cut off from their people.”
nagsiring kan Moises an Ginoo ,,	then the Lord said to Moses,
“ginpili ko hi bezalel nga anak ni uri ngan apo ni hur, nga sakop han tribo ni Juda,	“see, i have chosen bezalel son of uri, the son of hur, of the tribe of Judah,
hiya an maghimo hin mga matahom nga debuho ngan magamit hiya hin bulawan, salapi, ug bronse;	to make artistic designs for work in gold, silver and bronze,
hiya an magtatabas hin mga mahal nga bato; an magguguhit hin kahoy; ngan han iba nga mga de arte nga buhat.	to cut and set stones, to work in wood, and to engage in all kinds of crafts.
an akon tulda, an kahon han ginsaaran upod an takop hini, an ngatanan nga mga kasangkapan han tulda,	the tent of meeting, the ark of the covenant law with the atonement cover on it, and all the other furnishings of the tent—
nagsugo kan Moises an Ginoo	then the Lord said to Moses,
sanglit ginkuha han ngatanan nga mga tawo an ira mga ariyos nga bulawan ngan gindara ini ngadto kan Aaron.	so all the people took off their earrings and brought them to Aaron.
maaram ako han kamagtiga han mga kasingkasing hini nga mga tawo.	“i have seen these people,” the Lord said to Moses, “and they are a stiffnecked people.
sanglit ginliwat han Ginoo an iya hunahuna, ngan waray na ipadara ngadto han iya mga tawo an karatan nga iya ginhunahuna.	then the Lord relented and did not bring on his people the disaster he had threatened.
ginhimo han dyos ngahaw an mga papan ngan igingguhit ngada hini an mga sugo.	the tablets were the work of God; the writing was the writing of God, engraved on the tablets.
binmaton hi Aaron, “ayaw Gad ako kasinahi; maaram ka man nga karuyag hini nga mga tawo an pagbuhat hin magraot.	“do not be angry, my Lord,” Aaron answered. “you know how prone these people are to evil.
binmaton an Ginoo ,, “an mga maaram la hadton mga nakasala ha akon an paparaon ko dida han akon basahan.	the Lord replied to Moses, “whoever has sinned against me i will blot out of my book.
sanglit iginpadara han Ginoo in sakit ngadto han mga tawo, kay ginaghat nira hi Aaron hin paghimo han bulawan nga nati nga baka.	and the Lord struck the people with a plague because of what they did with the calf Aaron had made.
sanglit waray na magsulot hin mga alahas an mga tawo han Israel tikang hira bumaya han bukid Sinai.	so the Israelites stripped off their ornaments at mount Horeb.
nagsiring an Ginoo ,, “maupod ako ha imo ngan ihahatag ko ha imo an pagdaragan.”	the Lord replied, “my presence will go with you, and i will give you rest.”
binmaton hi Moises, “kon diri ka umupod ha amon, ayaw kami pabayaa hini nga dapit.	then Moses said to him, “if your presence does not go with us, do not send us up from here.
niyan naghangyo hi Moises, “pakitaa Gad ako han imo himaya.”	then Moses said, “now show me your glory.”
kundi iini in dapit nga sapit ha akon diin makakatukdaw ka dida hin usa nga bato.	then the Lord said, “there is a place near me where you may stand on a rock.
niyan kukuhaon ko an akon kamot, ngan hikikitan mo an akon talikoran, kundi diri ka makita han akon bayhon.”	then i will remove my hand and you will see my back; but my face must not be seen.”
pagandam buwas han aga, ngan sagka han bukid Sinai ngan pakigkita ha akon didto ha bawbaw han bukid.	be ready in the morning, and then come up on mount Sinai. present yourself to me there on top of the mountain.
linmusad an Ginoo dida hin usa nga dampog, tinmindog didto sapit ha iya, ngan iginpabati an iya baraan nga ngaran, an Ginoo ..	then the Lord came down in the cloud and stood there with him and proclaimed his name, the Lord ..
hinmapa dayon hi Moises ha tuna ngan nagsingba.	Moses bowed to the ground at once and worshiped.
“ayaw kamo pagsingba hin lain nga Diyos, kay maabugho ako nga Ginoo ..	do not worship any other God, for the Lord ,, whose name is jealous, is a jealous God.
“ayaw kamo paghimo ngan pagsingba hin kadiyosan nga metal.	“do not make any idols.
han katapos ni Moises makighimangraw ha ira, gintahoban niya hin bilo an iya bayhon.	when Moses finished speaking to them, he put a veil over his face.
igindidiri bisan pagdagkot hin kalayo didto han iyo mga balay kon adlaw nga igparahuway.”	do not light a fire in any of your dwellings on the sabbath day.”
ginsiring ni Moises an ngatanan nga mga tawo han Israel, “amo ini an iginsugo han Ginoo ::	Moses said to the whole israelite community, “this is what the Lord has commanded:
lino nga pino; delana nga asul, granate, ug pula; dugnit nga hinimo hin barahibo hin kanding;	blue, purple and scarlet yarn and fine linen; goat hair;
anit hin karnero nga lalaki nga tinina hin pula; anit hin kanding; kahoy nga akasya;	ram skins dyed red and another type of durable leather ;; acacia wood;
lana para han mga lampara, mga pahamot para han lana nga igdirihog ngan pahamot para han insyenso;	olive oil for the light; spices for the anointing oil and for the fragrant incense;
mga kornalina ngan iba pa nga mga alahas nga igburutang dida han efod ngan dida han tahob ha dughan han labaw nga padi.	and onyx stones and other gems to be mounted on the ephod and breastpiece.
“kinahanglan kumanhi an ngatanan nga batid nga trabahador dida ha iyo basi himoon an ngatanan nga iginsugo han Ginoo ::	“all who are skilled among you are to come and make everything the Lord has commanded:
an kahon han ginsaaran, ngan an mga kasangkapan hini: an mga parasgan, an takop, ngan an biray nga salipod hini;	the ark with its poles and the atonement cover and the curtain that shields it;
an lamesa upod an mga parasgan ngan an ngatanan nga kasangkapan hini; an tinapay nga igharalad ngadto sa dyos;	the table with its poles and all its articles and the bread of the presence;
an kandilero para han suga ngan an kasangkapan hini; an mga lampara upod an mga lana hini;	the lampstand that is for light with its accessories, lamps and oil for the light;
an mga biray para han alad, an mga harigi ngan mga tungtongan hini; an biray para han agian han alad;	the curtains of the courtyard with its posts and bases, and the curtain for the entrance to the courtyard;
an mga usok ngan an pisi para han tulda ngan han alad;	the tent pegs for the tabernacle and for the courtyard, and their ropes;
nanguli an ngatanan nga mga tawo han Israel,	then the whole israelite community withdrew from Moses’ presence,
naghimo liwat hira hin tingkal nga barahibo hin kanding.	and all the women who were willing and had the skill spun the goat hair.
nagdara an mga pangulo hin mga kornalina ngan iba pa nga mga alahas nga igburutang dida han efod ngan dida han tahob ha dughan,	the leaders brought onyx stones and other gems to be mounted on the ephod and breastpiece.
ngan mga pahamot ug lana para han mga lampara, para han lana nga igdirihog, ngan pahamot para han insyenso.	they also brought spices and olive oil for the light and for the anointing oil and for the fragrant incense.
para hin paghimo hin mga debuho nga magtahom nga magamit hiya hin bulawan, salapi, ug bronse;	to make artistic designs for work in gold, silver and bronze,
para hin pagtabas hin mga mahal nga bato; para hin pagguhit hin kahoy; ngan para han iba pa nga de arte nga buhat.	to cut and set stones, to work in wood and to engage in all kinds of artistic crafts.
sobra na an iginhatag han mga tawo para han ginkikinahanglan han bugos nga buruhaton.	because what they already had was more than enough to do all the work.
gintaragkip nira pagtahi an lima nga tinabas ngan sugad man an lain nga lima nga tinabas.	they joined five of the curtains together and did the same with the other five.
gintaragkip nira an lima ka tinabas ngadto hin usa nga tinakip, ngan sugad man an iba nga unom ka tinabas.	they joined five of the curtains into one set and the other six into another set.
naghimo hira hin 50 nga mga sabitan nga bronse hin pagsumpay han duha nga mga tinakip basi mahimo in usa la nga tahob.	they made fifty bronze clasps to fasten the tent together as a unit.
naghimo hira hin natindog nga mga balayan nga akasya para han tulda.	they made upright frames of acacia wood for the tabernacle.
an kada balayan upat ka metros an kahitaas ngan 66 ka sentimetros an kahilapad,	each frame was ten cubits long and a cubit and a half wide,
naghimo hira hin 20 nga mga balayan para ha timogan nga ligid,	they made twenty frames for the south side of the tabernacle
naghimo hira hin 20 nga mga balayan para han amihanan nga ligid han tulda,	for the other side, the north side of the tabernacle, they made twenty frames
para han luyo han tulda, didto ha katundan, naghimo hira hin unom nga mga balayan,	they made six frames for the far end, that is, the west end of the tabernacle,
ngan hin duha nga mga balayan para han mga kanto.	and two frames were made for the corners of the tabernacle at the far end.
naghimo hira hin 15 nga mga palhog nga akasya, lima para han mga balayan didto han usa nga ligid han tulda,	they also made crossbars of acacia wood: five for the frames on one side of the tabernacle,
nalahos tikang han usa nga kataposan han tulda ngadto ha luyo an butnga nga palhog nga igintaod ha katungatunga han mga balayan.	they made the center crossbar so that it extended from end to end at the middle of the frames.
ginhaklapan ini niya hin puraw nga bulawan ha sakob ngan ha gawas, ngan ginpalibotan niya hin ribite nga bulawan.	he overlaid it with pure gold, both inside and out, and made a gold molding around it.
naghimo hiya hin mga parasgan nga akasya ngan ginputos ini hin bulawan,	then he made poles of acacia wood and overlaid them with gold.
ngan iginsulot ini dida han mga maglidong nga sulpotan ha kada ligid han kahon.	and he inserted the poles into the rings on the sides of the ark to carry it.
naghimo hiya hin duha nga mga kerubin tikang hin pinilpig nga bulawan,	then he made two cherubim out of hammered gold at the ends of the cover.
ginputos ini niya hin puraw nga bulawan ngan ginpalibotan ini hin ribite nga bulawan.	then they overlaid it with pure gold and made a gold molding around it.
igintaod ha hirani han moldora an mga sulpotan nga para han mga parasgan han lamesa.	the rings were put close to the rim to hold the poles used in carrying the table.
ginhimo niya an mga parasgan nga akasya ngan ginputos ini hin bulawan.	the poles for carrying the table were made of acacia wood and were overlaid with gold.
ginamit niya in 35 ka kilo nga puraw nga bulawan hin paghimo han kandilero ngan han ngatanan nga kasangkapan hini.	they made the lampstand and all its accessories from one talent of pure gold.
ginhimo niya an mga parasgan nga akasya ngan ginputos ini hin bulawan.	they made the poles of acacia wood and overlaid them with gold.
naghimo hiya hin upat nga mga maglidong nga sulpotan ngan igintaod ini dida han upat nga mga kanto.	they cast bronze rings to hold the poles for the four corners of the bronze grating.
ginhimo niya in mga parasgan nga akasya, ginputos ini hin bronse,	they made the poles of acacia wood and overlaid them with bronze.
didto han sinirangan nga ligid, diin nakadto an agian, 22 ka metros liwat an kahaluag han alad.	the east end, toward the sunrise, was also fifty cubits wide.
hinimo hin lino nga pino an ngatanan nga mga biray palibot han alad.	all the curtains around the courtyard were of finely twisted linen.
hinimo hin bronse an ngatanan nga mga talibugsok han tulda ngan han nagpapalibot nga alad.	all the tent pegs of the tabernacle and of the surrounding courtyard were bronze.
inmabot hin 2425 ka kilo an bronse nga iginhalad ngadto han Ginoo ..	the bronze from the wave offering was 70 talents and 2400 shekels.
ginhimo nira an efod hin lino nga pino, delana nga asul, granate, ug pula, ngan mga tingkal nga bulawan.	they made the ephod of gold, and of blue, purple and scarlet yarn, and of finely twisted linen.
ginpaduktan ini nira hin upat ka rungbay nga mga marahalon nga mga bato: an syahan nga rungbay; rubi, tupasyo, ug karbunkol;	then they mounted four rows of precious stones on it. the first row was carnelian, chrysolite and beryl;
an ikaduha nga rungbay; esmeraldo, sapiro, ug dyamante;	the second row was turquoise, lapis lazuli and emerald;
an ikatulo nga rungbay; hasinto, agata, ug amatista;	the third row was jacinth, agate and amethyst;
para han tahob han dughan naghimo hira hin mga karukadena hin puraw nga bulawan, nga linubag sugad hin lubid.	for the breastpiece they made braided chains of pure gold, like a rope.
iginsabit nira ngada han duha nga mga bahol nga singsing han duha nga mga lubid nga bulawan,	they fastened the two gold chains to the rings at the corners of the breastpiece,
ginhimo nira an kapa nga ibarawbaw han efod tikang hin lubos nga delana nga asul.	they made the robe of the ephod entirely of blue cloththe work of a weaver—
ginhimo nira para kan Aaron ngan han iya mga anak nga kalalakenan an mga bado,	for Aaron and his sons, they made tunics of fine linenthe work of a weaver—
iginhigot nira ini hin asul nga lubid ngada ha atubangan han pudong, sumala han iginsugo han Ginoo kan Moises.	then they fastened a blue cord to it to attach it to the turban, as the Lord commanded Moses.
an tahob nga anit hin karnero nga lalaki nga tinina hin pula; an tahob nga anit hin kanding, an salipod nga biray;	the covering of ram skins dyed red and the covering of another durable leather and the shielding curtain;
an kahon han ginsaaran nga sinusudlan han mga papan nga bato, an mga parasgan ngan an takop hini;	the ark of the covenant law with its poles and the atonement cover;
an lamesa ngan an ngatanan nga kasangkapan hini, an tinapay nga iharalad ngadto ha dyos:	the table with all its articles and the bread of the presence;
an altar nga bulawan; an lana nga igdirihog; an insyenso nga mahamot; an biray para han agian han tulda;	the gold altar, the anointing oil, the fragrant incense, and the curtain for the entrance to the tent;
ginbuhat han mga israelita an ngatanan nga buruhaton sumala han iginsugo han Ginoo kan Moises.	the Israelites had done all the work just as the Lord had commanded Moses.
nagsiring an Ginoo kan Moises,	then the Lord said to Moses:
“dida han syahan nga adlaw han syahan nga bulan tindoga an tulda han Ginoo ..	“set up the tabernacle, the tent of meeting, on the first day of the first month.
igsulod ngadto hini an kahon han ginsaaran nga sinusudlan han napulo nga mga sugo ngan igtaod an biray ha atubangan han kahon.	place the ark of the covenant law in it and shield the ark with the curtain.
igbutang ha atubangan han tulda an altar nga pagtutuboran hin mga halad.	“place the altar of burnt offering in front of the entrance to the tabernacle, the tent of meeting;
igbutang ha butnga han tulda ngan han altar an palanggana nga hurunawan, ngan sudli ini hin tubig.	place the basin between the tent of meeting and the altar and put water in it.
paliboti hin alad an tulda ngan butangi hin biray didto han agian han alad.	set up the courtyard around it and put the curtain at the entrance to the courtyard.
ighalad liwat ha amo ngahaw nga paagi an palanggana nga hurunawan ngan an tungtongan ini.	anoint the basin and its stand and consecrate them.
“dada hi Aaron ngan an iya mga anak nga kalalakenan ngadto han agian han tulda ngan pakarigoa hira.	“bring Aaron and his sons to the entrance to the tent of meeting and wash them with water.
dada an iya mga anak nga kalalakenan ngan badoi hira.	bring his sons and dress them in tunics.
ginbuhat ni Moises an ngatanan sumala han iginsugo han Ginoo ..	Moses did everything just as the Lord commanded him.
iginsulod niya an lamesa ngadto han tulda, didto han amihanan nga ligid ha gawas han biray,	Moses placed the table in the tent of meeting on the north side of the tabernacle outside the curtain
ngan iginbutang dida hini an tinapay nga iginhalad ngadto han Ginoo ,, sumala han iginsugo han Ginoo ..	and set out the bread on it before the Lord ,, as the Lord commanded him.
iginsulod niya ngadto han tulda an kandilero tugbang han lamesa didto han timogan nga ligid,	he placed the lampstand in the tent of meeting opposite the table on the south side of the tabernacle
ngan gindagkotan niya an mga lampara didto ha atubangan han Ginoo ,, sumala han iginsugo han Ginoo ..	and set up the lamps before the Lord ,, as the Lord commanded him.
iginsulod niya ngadto han tulda an altar nga bulawan ha atubangan han biray,	Moses placed the gold altar in the tent of meeting in front of the curtain
ngan gintubod an insyenso nga mahamot, sumala han iginsugo han Ginoo ..	and burned fragrant incense on it, as the Lord commanded him.
igintaod niya an biray didto han agian han tulda,	then he put up the curtain at the entrance to the tabernacle.
nanhuhunaw ngan nanhihimsaw dida hini hi Moises, hi Aaron, ngan an iya mga anak nga kalalakenan,	and Moses and Aaron and his sons used it to wash their hands and feet.
niyan gintahoban han dampog an tulda ngan napuno ini han himaya han Ginoo ..	then the cloud covered the tent of meeting, and the glory of the Lord filled the tabernacle.
ginbabalhin han mga israelita an ira kampo ngadto hin lain nga dapit dida la kon napaigbaw an dampog tikang han tulda.	in all the travels of the Israelites, whenever the cloud lifted from above the tabernacle, they would set out;
diri nira ginbabalhin an ira kampo samtang nagpapabilin didto an dampog.	but if the cloud did not lift, they did not set outuntil the day it lifted.
naduyog ha akon an ngatanan nga kabugtoan dida hin pangumosta han mga singbahan ha galacia.	and all the brothers and sisters with me, to the churches in Galatia:
tagan unta kamo han grasya ngan kalinaw han dyos nga aton amay ngan han Ginoo jesucristo.	grace and peace to you from God our father and the Lord Jesus Christ,
ngadto sa dyos an pagdayaw nga waray kataposan! Amen.	to whom be glory for ever and ever. Amen.
kabugtoan ko, tugoti ako pagsumat ha iyo nga diri kanan tawo la an maupay nga sumat nga akon iginwawali.	i want you to know, brothers and sisters, that the gospel i preached is not of human origin.
waray ako iginkakita nga mga apostoles labot kan Santiago nga bugto han Ginoo.	i saw none of the other apostlesonly James, the lords brother.
matuod an akon ginsusurat. diri ako nagbubuwa, sayod man hini an dyos!	i assure you before God that what i am writing you is no lie.
katapos, kinmadto ako hin mga dapit ha siria ug Cilicia.	then i went to Syria and Cilicia.
hadto nga panahon diri pa nakilala ha akon an mga kaapi han mga singbahan ha Judea.	i was personally unknown to the churches of Judea that are in Christ.
sanglit gindayaw nira an dyos tungod ha akon.	and they praised God because of me.
linmabay anay in 14 ka tuig sano ako bumalik ha Jerusalem kaupod ko hi bernabe; iginupod ko liwat hi tito.	then after fourteen years, i went up again to Jerusalem, this time with Barnabas. i took Titus along also.
ngani, hi tito nga akon kaupod, bisan kon griego hiya, waray hiya pirita hin pagtoria,	yet not even Titus, who was with me, was compelled to be circumcised, even though he was a greek.
waray gud kami umuyon ha ira bisan hin usa la ka dali, basi kabantayan para ha iyo, an kamatuoran han maupay nga sumat.	we did not give in to them for a moment, so that the truth of the gospel might be preserved for you.
ginhangyo la nira nga hinumdoman namon an mga kablas han ira hugpo, ngan amo man ngani ini an akon gintatalingoha hin pagbuhat.	all they asked was that we should continue to remember the poor, the very thing i had been eager to do all along.
ngan pagabot ni Pedro ha antioquia, linmaris ako ha iya ha atubangan han mga tawo kay dayag man an iya kasaypanan.	when cephas came to Antioch, i opposed him to his face, because he stood condemned.
ha pagkatinuod mga judiyo kami tikang han katawo namon ngan diri mga “makasasala nga hentil.”	“we who are Jews by birth and not sinful Gentiles
kon akon na liwat aydon an paagi han balaod nga akon na ginbayaan, nagpapasabot ini nga ako usa nga nagtatalapas han balaod.	if i rebuild what i destroyed, then i really would be a lawbreaker.
nawaray gudla kapulsanan an ngatanan niyo nga ginagian? waray ruhaduha nga mayada hini karuyag sidngon.	have you experienced so much in vainif it really was in vain?
sanglit hibaroi niyo nga an mga tawo nga mayada pagtoo amo an matuod nga mga tulin ni Abraham.	understand, then, that those who have faith are children of Abraham.
tinmoo hi Abraham ngan ginpakaupay hiya han dyos; sanglit sugad ha iya pagpapakaupayon man han dyos an ngatanan nga natoo.	so those who rely on faith are blessed along with Abraham, the man of faith.
kundi waray kinahanglan hin magturuhay kon may uusa la ka tawo; ngan uusa la an dyos.	a mediator, however, implies more than one party; but God is one.
yana nga aanhi na an panahon han pagtoo, diri na magmarangno ha aton an balaod.	now that this faith has come, we are no longer under a guardian.
pinaagi hin pagtoo kan Cristo Jesus nagin anak kamo ngatanan han dyos.	so in Christ Jesus you are all children of God through faith,
ginbunyagan kamo ngan nahiusa na kamo kan Cristo, sanglit ginangkon niyo an mga kinaiya ni Cristo ngahaw.	for all of you who were baptized into Christ have clothed yourselves with Christ.
kon kan Cristo na kamo, mga tulin kamo ni Abraham, ngan makarawat kamo han iginsaad han dyos.	if you belong to Christ, then you are abrahams seed, and heirs according to the promise.
hin pagtubos hadton mga sakop han balaod, basi mahimo kita nga mga anak han dyos.	to redeem those under the law, that we might receive adoption to sonship.
han nagagi nga panahon diri kamo nakilala han dyos, sanglit mga oripon kamo hin mga diyosdiyos.	formerly, when you did not know God, you were slaves to those who by nature are not gods.
may niyo linain nga pagsalinurog hin mga adlaw, mga bulan, mga panahon, ngan mga tuig.	you are observing special days and months and seasons and years!
nababaraka ako ha iyo! mahihimo ba nga mawaray la kapulsanan an ngatanan nga buhat ko para ha iyo?	i fear for you, that somehow i have wasted my efforts on you.
nahimo ba nga kaaway ako niyo yana tungod kay nagsumat ako ha iyo han kamatuoran?	have i now become your enemy by telling you the truth?
niyan maupay Gad kon dayuday tumanon naton an aton maupay nga panuyomatuod gud ini ngan diri la kon aada ako upod ha iyo.	it is fine to be zealous, provided the purpose is good, and to be so always, not just when i am with you.
karuyag ko unta nga upod ako ha iyo yana basi maliwat an akon hunahuna bahin ha iyo. duro iton akon kabaraka ha iyo.	how i wish i could be with you now and change my tone, because i am perplexed about you!
tugoti ako hin pagpakiana ha iyo nga karuyag magpasakop han balaod: diri ba kamo nabati han siring han balaod?	tell me, you who want to be under the law, are you not aware of what the law says?
kundi an langitnon nga Jerusalem diri oripon ngan amo hiya an aton iroy.	but the Jerusalem that is above is free, and she is our mother.
yana, kabugtoan ko, sugad kan Isaac mga anak kita han dyos tungod han iya saad.	now you, brothers and sisters, like Isaac, are children of promise.
sanglit, kabugtoan ko, diri kita mga anak han oripon nga babaye, kundi han talwas nga babaye.	therefore, brothers and sisters, we are not children of the slave woman, but of the free woman.
pamati! ako, hi Pablo, nagsusumat ha iyo hini: kon magpatori kamo, karuyag sidngon nga waray na gud pulos hi Cristo ha iyo.	Mark my words! i, Paul, tell you that if you let yourselves be circumcised, Christ will be of no value to you at all.
liliwaton ko pagpahinumdom han tawo nga mapatori, nga napipirit hiya hin pagtuman han bugos nga balaod.	again i declare to every man who lets himself be circumcised that he is obligated to obey the whole law.
waray ito buhata han dyos nga nagtawag ha iyo.	that kind of persuasion does not come from the one who calls you.
siring pa nira, “gutiay la nga patubo an kinahanglan hin pagpatubo han bugos nga minasa.”	“a little yeast works through the whole batch of dough.”
karuyag ko unta nga diri la hira magpatori, kundi magpakapon pa ha ira ngahaw adton mga tawo nga nagsasamok ha iyo.	as for those agitators, i wish they would go the whole way and emasculate themselves!
kay natitigob dida hin usa nga sugo an bugos nga balaod: “higugmaa an imo igkasi tawo sugad han imo kalugaringon.”	for the entire law is fulfilled in keeping this one command: “love your neighbor as yourself.”
kon maghadi ha iyo an espiritu, diri na kamo sakop han balaod.	but if you are led by the spirit, you are not under the law.
dayag kaupay an binubuhat han lawasnon nga kinaiya. makikita ini dida han malaway, mahugaw, ngan mangilad nga mga panggawi;	the acts of the flesh are obvious: sexual immorality, impurity and debauchery;
kundi nabunga an espiritu hin gugma, kalipay, kamurayaw, pagpailob, pagkalooy, pagkamaupay, pagkamatinumanon,	but the fruit of the spirit is love, joy, peace, forbearance, kindness, goodness, faithfulness,
pagpaubos, ngan pagpugong han kalugaringon. diri ini hira nasupak han balaod.	gentleness and selfcontrol. against such things there is no law.
ngan ginpatay na han mga sakop ni Cristo Jesus an ira lawasnon nga kinaiya, upod an ngatanan nga kaipahon ngan mga karuyagon.	those who belong to Christ Jesus have crucified the flesh with its passions and desires.
naghatag na ha aton hin kinabuhi an espiritu; kinahanglan hiya liwat an magbuot han aton kinabuhi.	since we live by the spirit, let us keep in step with the spirit.
kinahanglan diri kita magmapinahitason, o magmainunggiton, o maginabughoay.	let us not become conceited, provoking and envying each other.
magbinuligay kamo hin pagpasan han iyo mga daradon, ngan pinaagi hini makakatuman kamo han balaod ni Cristo.	carry each others burdens, and in this way you will fulfill the law of Christ.
kay magpapasan an kada usa han iya kalugaringon nga daradon.	for each one should carry their own load.
ayaw paglimbongi an iyo kalugaringon; waray makakaglimbong han dyos. kon ano an igtanom han tawo, amo man an iya pagaanihon.	do not be deceived: God cannot be mocked. a man reaps what he sows.
sanglit ayaw kita paghinubya hin pagbuhat hin maupay; kay kon magpadayon kita, maabot an panahon nga magaani kita.	let us not become weary in doing good, for at the proper time we will reap a harvest if we do not give up.
kitaa niyo kon ano kadagko an mga litra nga akon iginsusurat yana ha akon kalugaringon nga kamot!	see what large letters i use as i write to you with my own hand!
waray sapayan kon tinori o diri tinori an tawo. an kinahanglanon gud amo nga mabago hiya.	neither circumcision nor uncircumcision means anything; what counts is the new creation.
ha kataposan: tikang yana waray na unta magsamok ha akon, kay nagpapakita an mga ulat ha akon lawas nga oripon ako ni Jesus.	from now on, let no one cause me trouble, for i bear on my body the marks of Jesus.
maada unta ha iyo ngatanan, kabugtoan ko, an grasya han aton Ginoo jesucristo. Amen.	the grace of our Lord Jesus Christ be with your spirit, brothers and sisters. Amen.
ha tinikangan, han pagtuha han dyos han bugos nga kalibutan ug han mga butang ha kalangitan	in the beginning God created the heavens and the earth.
niyan nagsiring an dyos, “magkamayada kapawangan pinmakita an kapawa.	and God said, “let there be light,” and there was light.
nalipay an dyos han iya hinkitan. ngan ginlain niya han kasisidman an kapawa,	God saw that the light was good, and he separated the light from the darkness.
ginngaranan niya nga “langit” an panganoron. linmabay an kagabihon ngan inmabot an agaamo adto an ikaduha nga adlaw.	God called the vault “sky.” and there was evening, and there was morningthe second day.
linmabay an kagabihon ngan inmabot an agaamo adto an ikatulo nga adlaw.	and there was evening, and there was morningthe third day.
masiga ini hira didto ha langit basi makahatag ha tuna hin kapawangan natuman ini.	and let them be lights in the vault of the sky to give light on the earth.” and it was so.
iginbutang niya an mga suga didto ha langit basi makalamrag han tuna,	God set them in the vault of the sky to give light on the earth,
makapawa ha bugos nga adlaw ug gabi, ngan basi malain han kasisidman an kapawa. ngan nalipay an dyos han iya hinkitan.	to govern the day and the night, and to separate light from darkness. and God saw that it was good.
linmabay an kagabihon ngan inmabot an agaamo adto an ikaupat nga adlaw.	and there was evening, and there was morningthe fourth day.
linmabay an kagabihon ngan inmabot an agaamo adto an ikalima nga adlaw.	and there was evening, and there was morningthe fifth day.
sanglit nahuman an bugos nga kalibutan ngan an mga butang ha kalangitan.	thus the heavens and the earth were completed in all their vast array.
kundi naawas in tubig tikang ha ilarom han tuna ngan amo an nagtutubig han tuna.	but streams came up from the earth and watered the whole surface of the ground.
an syahan nga salog amo an pison; naawas ini palibot han katunaan han havila. ((	the name of the first is the pishon; it winds through the entire land of havilah, where there is gold.
aadto hiaagii an puraw nga bulawan ngan an talagsaon liwat nga pahamot ngan mahal nga mga bato.)	(the gold of that land is good; aromatic resin and onyx are also there.)
an ikaduha nga salog amo an gihon; naawas ini palibot han katunaan han cus.	the name of the second river is the gihon; it winds through the entire land of cush.
an ikatulo nga salog amo an Tigris nga naawas ha sinirangan han Asiria, ngan an ikaupat nga salog amo an eufrates.	the name of the third river is the Tigris; it runs along the east side of ashur. and the fourth river is the Euphrates.
niyan iginbutang han Ginoo nga dyos an tawo didto han tanaman han Eden basi niya pagumhon ngan pagbantayan.	the Lord God took the man and put him in the garden of Eden to work it and take care of it.
ginsiring hiya han dyos, “makakakaon ka han bunga han bisan ano nga kahoy dinhe ha tanaman,	and the Lord God commanded the man, “you are free to eat from any tree in the garden;
mga hubolubas nga duha an lalake ngan an babaye, kundi waray hira pagkaawod.	Adam and his wife were both naked, and they felt no shame.
binmaton an babaye, “makakakaon kami han bunga hin bisan ano nga kahoy dinhe han tanaman,	the woman said to the serpent, “we may eat fruit from the trees in the garden,
binmaton an halas, “buwa ito; diri kamo mapatay.	“you will not certainly die,” the serpent said to the woman.
kundi gintawag han Ginoo nga dyos an lalake, “hain ka?”	but the Lord God called to the man, “where are you?”
binmaton hiya, “hinbatian ko ikaw dinhe han tanaman; nahadlok ako ngan tinmago ako ha imo, kay hubo ako.”	he answered, “i heard you in the garden, and i was afraid because i was naked; so i hid.”
maturok ha tuna in katungkan ngan kasapinitan, ngan an imo kakaonon amo an mga tanom ha kapatagan.	it will produce thorns and thistles for you, and you will eat the plants of the field.
ginngaranan ni adan an iya asawa nga eva kay amo hiya an iroy han ngatanan nga mga tawo.	Adam named his wife Eve, because she would become the mother of all the living.
ngan naghimo an Ginoo nga dyos hin mga panapton nga anit hin mananap para kan adan ngan han iya asawa, ngan iya ginbadoan hira.	the Lord God made garments of skin for Adam and his wife and clothed them.
sanglit ginpaiwas hiya han Ginoo nga dyos tikang han tanaman han Eden ngan ginpapaguma hiya han tuna nga ginhimo ha iya.	so the Lord God banished him from the garden of Eden to work the ground from which he had been taken.
usa ka adlaw nagdara hi Cain hin mga abot han iya inani ngan iya iginhalad ini ngadto han Ginoo ..	in the course of time Cain brought some of the fruits of the soil as an offering to the Lord ..
kundi iginsikway niya hi Cain ngan an iya halad. napungot hin duro hi Cain ngan nagkuriot hiya hin kasina.	but on Cain and his offering he did not look with favor. so Cain was very angry, and his face was downcast.
niyan nagsiring an Ginoo kan Cain, “kay ano nga nasisina ka? kay ano nga nagkukuriot ka?	then the Lord said to Cain, “why are you angry? why is your face downcast?
ngan ginsiring ni Cain an Ginoo ,, “makuri ko ini maantos nga kastigo.	Cain said to the Lord ,, “my punishment is more than i can bear.
ngan pinmahirayo hi Cain han Ginoo ngan nagukoy hiya didto hin usa nga tuna nga ginngaranan nga nod ha sinirangan han Eden.	so Cain went out from the Lord ’s presence and lived in the land of nod, east of Eden.
may duha nga mga asawa hi lamec: hira ada ug zila.	lamech married two women, one named adah and the other zillah.
naganak hi ada kan jabal nga amo an ginikanan hadton mga magmarangno hin kahayopan ngan naguokoy dida hin mga tulda.	adah gave birth to jabal; he was the father of those who live in tents and raise livestock.
an iya bugto amo hi jubal nga ginikanan han ngatanan nga mga musikero nga nagtutukar han arpa ngan han plauta.	his brothers name was jubal; he was the father of all who play stringed instruments and pipes.
kon pito nga kinabuhi an iginbabayad para hin pagpatay kan Cain, setentay siete nga kinabuhi an igbabayad kon pagpatayon ako.”	if Cain is avenged seven times, then lamech seventyseven times.”
amo ini an lista han mga tulin ni adan. (han pagtuhaa han dyos han mga tawo, iya ginhimo hira nga ladawan han dyos.	this is the written account of adams family line. when God created mankind, he made them in the likeness of God.
iya gintuha hira nga lalake ug babaye, ginbendisyonan hira, ngan ginngaranan hira nga “tawo”.)	he created them male and female and blessed them. and he named them “mankind” when they were created.
ngan namatay hiya ha panuigon nga 930.	altogether, Adam lived a total of 930 years, and then he died.
han 105 na hi set, nagkamayada hiya anak nga lalake nga hi enos,	when Seth had lived 105 years, he became the father of enosh.
ngan nabuhi pa hi set hin 807 ka tuig. mayada pa hiya iba nga mga anak,	after he became the father of enosh, Seth lived 807 years and had other sons and daughters.
ngan namatay hiya ha panuigon nga 912.	altogether, Seth lived a total of 912 years, and then he died.
han 90 na hi enos, nagkamayada hiya anak nga lalake nga hi kenan,	when enosh had lived 90 years, he became the father of kenan.
ngan namatay hiya ha panuigon nga 905.	altogether, enosh lived a total of 905 years, and then he died.
han 70 na hi kenan, nagkamayada hiya anak nga lalake nga hi mahalalel,	when kenan had lived 70 years, he became the father of mahalalel.
ngan namatay hiya ha panuigon nga 910.	altogether, kenan lived a total of 910 years, and then he died.
han 65 na hi mahalalel, nagkamayada hiya anak nga lalake nga hi jared,	when mahalalel had lived 65 years, he became the father of jared.
ngan namatay hiya ha panuigon nga 895.	altogether, mahalalel lived a total of 895 years, and then he died.
han 162 na hi jared, nagkamayada hiya anak nga lalake nga hi enoc,	when jared had lived 162 years, he became the father of Enoch.
ngan nabuhi pa hi jared hin 800 ka tuig. mayada pa hiya iba nga mga anak,	after he became the father of Enoch, jared lived 800 years and had other sons and daughters.
ngan namatay hiya ha panuigon nga 962.	altogether, jared lived a total of 962 years, and then he died.
han 65 na hi enoc, nagkamayada hiya anak nga lalake nga hi matusalem.	when Enoch had lived 65 years, he became the father of methuselah.
nakaabot hiya hin panuigon nga 365.	altogether, Enoch lived a total of 365 years.
nagataman hiya han dyos ha bugos niya nga kinabuhi ngan katapos waray na hikiti hiya, kay ginkuha hiya han dyos.	Enoch walked faithfully with God; then he was no more, because God took him away.
han 187 na hi matusalem, nagkamayada hiya anak nga lalake nga hi lamec,	when methuselah had lived 187 years, he became the father of lamech.
ngan namatay hiya ha panuigon nga 969.	altogether, methuselah lived a total of 969 years, and then he died.
han 182 na hi lamec, nagkamayada hiya anak nga lalake,	when lamech had lived 182 years, he had a son.
ngan namatay hiya ha panuigon nga 777.	altogether, lamech lived a total of 777 years, and then he died.
han pagabot ni noe hin panuigon nga 500, nagkamayada hiya tulo nga mga anak nga kalalakenan: hira sem, Ham, ug jafet.	after Noah was 500 years old, he became the father of Shem, Ham and Japheth.
hadto nga panahon nagdamo na an mga tawo ha bugos nga kalibutan, ngan mayada nira mga anak nga kababayenan.	when human beings began to increase in number on the earth and daughters were born to them,
nagbasol hiya nga iya ginhimo hira ngan iginbutang hira dinhe han tuna. dako gud an iya pagbasol,	the Lord regretted that he had made human beings on the earth, and his heart was deeply troubled.
kundi hi noe nakalipay han Ginoo ..	but Noah found favor in the eyes of the Lord ..
ginbuhat ni noe an ngatanan nga iginsugo han dyos.	Noah did everything just as God commanded him.
ngan gintuman ni noe an ngatanan nga iginsugo han dyos.	and Noah did all that the Lord commanded him.
unom ka gatos na an panuigon ni noe han paglunopi han tuna.	Noah was six hundred years old when the floodwaters came on the earth.
paglabay hin pito ka adlaw, inmabot an lunop.	and after the seven days the floodwaters came on the earth.
ngan inmuranos ha tuna sulod hin 40 ka adlaw ug gabi.	and rain fell on the earth forty days and forty nights.
inmupod kan noe ngadto han arka in usa nga lalaki ngan usa nga babayi han tagsa nga buhi nga binuhat,	pairs of all creatures that have the breath of life in them came to Noah and entered the ark.
nagtikahilarom an tubig, ngan iginanodanod an sakayan ha bawbaw han tubig.	the waters rose and increased greatly on the earth, and the ark floated on the surface of the water.
hinmilarom gud an tubig ngan linmapwas han labi ka higtaas nga kabukiran.	they rose greatly on the earth, and all the high mountains under the entire heavens were covered.
nagpadayon hin pagtubo an tubig tubtob nga inmabot ini hin mga pito ka metros an kahilarom ha bawbaw han pungkay han kabukiran.	the waters rose and covered the mountains to a depth of more than fifteen cubits.
nagkamatay an ngatanan nga buhi dinhe ha tuna.	everything on dry land that had the breath of life in its nostrils died.
waray magtikang hin paghubas an tubig sulod hin 150 ka adlaw.	the waters flooded the earth for a hundred and fifty days.
ginsadhan an mga burabod han katubigan ha kahiladman han tuna ngan an mga ganghaan han uran didto ha langit. inmukoy an uran,	now the springs of the deep and the floodgates of the heavens had been closed, and the rain had stopped falling from the sky.
ngan naghinayhinay hin paghubas an tubig sulod hin 150 ka adlaw.	the water receded steadily from the earth. at the end of the hundred and fifty days the water had gone down,
dida han ika 17 nga adlaw han ikapito nga bulan nahisangya an arka didto hin usa nga bukid didto han kabukiran han Ararat.	and on the seventeenth day of the seventh month the ark came to rest on the mountains of Ararat.
katapos hin 40 ka adlaw ginbuksan ni noe in usa nga bintana	after forty days Noah opened a window he had made in the ark
ngan ginpagawas in usa nga uwak. waray ini bumalik, kundi naglinupadlupad la ini tubtob han paghubas na gud han tubig.	and sent out a raven, and it kept flying back and forth until the water had dried up from the earth.
hito ngahaw nga takna ginpagawas ni noe in usa nga sarapati hin pagkita kon hinmubas na an tubig,	then he sent out a dove to see if the water had receded from the surface of the ground.
naghulat hiya hin pito pa ka adlaw ngan ginpagawas na liwat an sarapati.	he waited seven more days and again sent out the dove from the ark.
niyan naghulat hiya hin pito pa ka adlaw ngan ginpagawas na liwat niya an sarapati; hini nga takna, waray na ini bumalik.	he waited seven more days and sent the dove out again, but this time it did not return to him.
dida han ika 27 nga adlaw han ikaduha nga bulan, mamara na gud an tuna.	by the twentyseventh day of the second month the earth was completely dry.
nagsiring an dyos kan noe,	then God said to Noah,
sanglit ginmawas han arka hi noe upod an iya asawa, an iya mga anak, ngan an ira kaasawan.	so Noah came out, together with his sons and his wife and his sons’ wives.
kinahanglan diri niyo pagkaonon an karne nga dugoan pa; igindidiri ko ini kay aada han dugo an kinabuhi.	“but you must not eat meat that has its lifeblood still in it.
“kinahanglan magkamayada kamo damo nga mga anak, basi makaluob an iyo mga tulin han bugos nga tuna.”	as for you, be fruitful and increase in number; multiply on the earth and increase upon it.”
nagsiring an dyos kan noe ngan han iya mga anak nga kalalakenan,	then God said to Noah and to his sons with him:
“ginhihimo ko yana an akon ginsaaran ha iyo ngan ha iyo mga tulin,	“i now establish my covenant with you and with your descendants after you
ibinubutang ko an akon balangaw didto han mga dampog. magigin tigaman ini han akon ginsaaran nga akon ginhimo han kalibutan.	i have set my rainbow in the clouds, and it will be the sign of the covenant between me and the earth.
ha kada pagtitirok hin mga dampog ha langit, ngan nagpapakita an balangaw,	whenever i bring clouds over the earth and the rainbow appears in the clouds,
ini nga tulo nga mga anak nga kalalakenan ni noe amo an ginikanan han ngatanan nga mga tawo ha tuna.	these were the three sons of Noah, and from them came the people who were scattered over the whole earth.
hi noe nga usa nga parauma, amo an syahan nga tawo nga naguma hin urubasan.	Noah, a man of the soil, proceeded to plant a vineyard.
katapos niya paginom han bino, nahubog hiya, naglubas han iya panapton, ngan hinmigda nga hubo didto han iya tulda.	when he drank some of its wine, he became drunk and lay uncovered inside his tent.
han kahawhawi na kan noe ngan han paghibaro niya han ginbuhat ha iya han iya puto nga lalake,	when Noah awoke from his wine and found out what his youngest son had done to him,
nagsiring hiya, “higabaan unta hi Canaan! maooripon hiya han iya kabugtoan nga kalalakenan.	he said, “cursed be Canaan! the lowest of slaves will he be to his brothers.”
pagdayawon an Ginoo nga dyos ni sem! magigin oripon ni sem hi Canaan.	he also said, “praise be to the Lord ,, the God of Shem! may Canaan be the slave of Shem.
pagpadamoon unta han dyos hi jafet! magukoy unta an iya mga tulin upod han mga tawo ni sem! magigin oripon ni jafet hi Canaan.”	may God extend japheths territory; may Japheth live in the tents of Shem, and may Canaan be the slave of Japheth.”
katapos han lunop, nabuhi pa hi noe hin 350 ka tuig,	after the flood Noah lived 350 years.
ngan namatay hiya ha panuigon nga 950.	Noah lived a total of 950 years, and then he died.
an mga anak ni gomer amo hira askenaz, rifat, ug togarma.	the sons of gomer: ashkenaz, riphath and togarmah.
an mga anak ni javan amo hira elisa, tarsis, kitim, ug dodanim;	the sons of javan: elishah, tarshish, the kittites and the rodanites.
mayada hi cus anak nga lalake nga ginngaranan nga nimrod nga nagin syahan nga gamhanan han kalibutan.	cush was the father of nimrod, who became a mighty warrior on the earth.
ha tinikangan sakop niya an ginhadian han babilon, erec, ug accad; sakop ini nga tulo han Babilonia.	the first centers of his kingdom were Babylon, uruk, akkad and kalneh, in shinar.
tikang didto hito nga tuna kinmadto hi nimrod ha Asiria ngan gintindog an mga syudad han ninive, rehobotir, cala,	from that land he went to Assyria, where he built nineveh, rehoboth ir, calah
ug resen nga nabubutnga han ninive ngan han dako nga syudad han cala.	and resen, which is between nineveh and calahwhich is the great city.
an mga tulin ni Ehipto amo an mga tawo han lydia, anam, lehab, naftu,	Egypt was the father of the ludites, anamites, lehabites, naphtuhites,
patrus, caslu, ngan han creta, diin tinmikang an mga filisteohanon.	pathrusites, kasluhites (from whom the Philistines came) and caphtorites.
ginikanan liwat hi Canaan han mga jebuseohanon, mga amoreohanon, mga girgaseohanon,	Jebusites, Amorites, girgashites,
mga hibeohanon, mga arkeohanon, mga sineohanon,	Hivites, arkites, sinites,
mga arbadeohanon, mga semareohanon, ngan mga hamateohanon. nagsarang an magkalainlain nga mga tribo han mga canaanhon,	arvadites, zemarites and hamathites. later the canaanite clans scattered
hi sem nga magurang nga bugto nga lalake ni jafet amo an ginikanan han ngatanan nga mga hebreohanon.	sons were also born to Shem, whose older brother was Japheth; Shem was the ancestor of all the sons of eber.
an mga tulin ni aram amo an mga tawo han hus, hul, geter, ug mosec.	the sons of aram: uz, hul, gether and meshek.
hi arfacsad amo an amay ni sela nga amay ni eber.	arphaxad was the father of shelah, and shelah the father of eber.
an mga tulin ni joctan amo an mga tawo han almodad, selef, asarmot, jera,	joktan was the father of almodad, sheleph, hazarmaveth, jerah,
adoram, usal, dicla,	hadoram, uzal, diklah,
hebal, abimael, saba,	obal, abimael, sheba,
ofir, habila, ug jobab. tinmikang kan joctan hira ngatanan.	ophir, havilah and jobab. all these were sons of joktan.
an tuna nga ira ginukyan inmabot tikang ha mesa ngadto ha sefar didto han sinirangan nga sagkahon nga katunaan.	the region where they lived stretched from mesha toward sephar, in the eastern hill country.
ha syahan mayada usa la nga pinulongan an mga tawo ha bugos nga kalibutan ngan waray kalainan an mga pulong nga ira ginagamit.	now the whole world had one language and a common speech.
samtang nagtitipakadto hira ha sinirangan, nahingadto hira ha kapatagan didto ha Babilonia ngan didto hira pagukoy.	as people moved eastward, they found a plain in shinar and settled there.
niyan linmusad an Ginoo hin pagkita han syudad ngan han lantawan nga gintindog hito nga mga tawo,	but the Lord came down to see the city and the tower the people were building.
sanglit ginpasarang han Ginoo hira ngatanan ha bugos nga tuna ngan ginpaukoy nira an pagtindog han syudad.	so the Lord scattered them from there over all the earth, and they stopped building the city.
han 35 na an panuigon ni arfacsad, nagkamayada hiya anak nga lalake nga hi sela;	when arphaxad had lived 35 years, he became the father of shelah.
katapos hito nabuhi pa hiya hin 403 ka tuig ngan nagkamayada iba nga mga anak.	and after he became the father of shelah, arphaxad lived 403 years and had other sons and daughters.
han 30 na an panuigon ni sela, nagkamayada hiya anak nga lalake nga hi eber;	when shelah had lived 30 years, he became the father of eber.
katapos hito nabuhi pa hiya hin 403 ka tuig ngan nagkamayada iba nga mga anak.	and after he became the father of eber, shelah lived 403 years and had other sons and daughters.
han 34 na an panuigon ni eber, nagkamayada hiya anak nga lalake nga hi peleg;	when eber had lived 34 years, he became the father of peleg.
katapos hito nabuhi pa hiya hin 430 ka tuig ngan nagkamayada iba nga mga anak.	and after he became the father of peleg, eber lived 430 years and had other sons and daughters.
han 30 na an panuigon ni peleg, nagkamayada hiya anak nga lalake nga hi reu;	when peleg had lived 30 years, he became the father of reu.
katapos hito nabuhi pa hiya hin 209 ka tuig, ngan nagkamayada iba nga mga anak.	and after he became the father of reu, peleg lived 209 years and had other sons and daughters.
han 32 na an panuigon ni reu, nagkamayada hiya anak nga lalake nga hi serug;	when reu had lived 32 years, he became the father of serug.
katapos hito nabuhi pa hiya hin 207 ka tuig ngan nagkamayada iba nga mga anak.	and after he became the father of serug, reu lived 207 years and had other sons and daughters.
han 30 na an panuigon ni serug, nagkamayada hiya anak nga lalake nga hi nahor;	when serug had lived 30 years, he became the father of nahor.
han 29 na an panuigon ni nahor, nagkamayada hiya anak nga lalake nga hi tera;	when nahor had lived 29 years, he became the father of terah.
han 70 na an panuigon ni tera, nagin amay hiya nira abram, nahor, ug haran.	after terah had lived 70 years, he became the father of abram, nahor and haran.
ngan namatay hi haran didto han iya natawhan nga bungto han ur didto ha Babilonia samtang buhi pa an amay niya.	while his father terah was still alive, haran died in ur of the Chaldeans, in the land of his birth.
waray maganak hi sarai.	now sarai was childless because she was not able to conceive.
didto namatay hi tera ha panuigon nga 205.	terah lived 205 years, and he died in harran.
niyan nagpadayon hiya tikang ha usa ngadto han sunod nga dapit, tipakadto han timogan nga bahin han Canaan.	then abram set out and continued toward the Negev.
sumati hira nga bugto ko ikaw; ngan tungod ha imo, diri ako nira paglalabtan ngan uupayon an ira pagdara ha akon.”	say you are my sister, so that i will be treated well for your sake and my life will be spared because of you.”
han pagtabok na niya han pagultan ngadto ha Ehipto, hinkitan manggud han mga ehiptohanon an iya asawa.	when abram came to Egypt, the Egyptians saw that sarai was a very beautiful woman.
riko hin duro hi abram hin mga karnero, mga kanding, ngan mga baka, sugad man hin salapi ug bulawan.	abram had become very wealthy in livestock and in silver and gold.
ngan gintindogan niya hin usa nga altar. didto nagsingba hiya han Ginoo ..	and where he had first built an altar. there abram called on the name of the Lord ..
kanay mga tawo magraot ngan dagko nga mga magpakasasala kontra han Ginoo ..	now the people of sodom were wicked and were sinning greatly against the Lord ..
yana, kadto na ngan tanawa an bugos nga tuna, kay ighahatag ko ini ngatanan ha imo.”	go, walk through the length and breadth of the land, for i am giving it to you.”
ginoripon hira ni cedorlaomer sulod hin 12 ka tuig, kundi sinmupil hira ha iya dida han ika13 nga tuig.	for twelve years they had been subject to kedorlaomer, but in the thirteenth year they rebelled.
ngan an mga horitanhon didto han kabukiran han Edom. ira ginlanat hira tubtob ha elparan, didto ha sidsid han kamingawan.	and the horites in the hill country of seir, as far as el paran near the desert.
ginkuha han upat nga kahadian an ngatanan nga mga butang didto ha sodoma ug gomora, lakip an pagkaon, ngan nagkalakat hira.	the four kings seized all the goods of sodom and gomorrah and all their food; then they went away.
didto ha sodoma pagukoy hi lot nga umangkon ni abram, sanglit gindara hiya nira upod an ngatanan niya nga mga manggad.	they also carried off abrams nephew lot and his possessions, since he was living in sodom.
nagsiring kan abram an hadi han sodoma, “imo na an mga naagaw, kundi ibalik ha akon an ngatanan ko nga mga tawo.”	the king of sodom said to abram, “give me the people and keep the goods for yourself.”
tinmapod hi abram han Ginoo ngan tungod hini nalipay ha iya an Ginoo ngan ginkarawat hiya.	abram believed the Lord ,, and he credited it to him as righteousness.
kundi pinmakiana hi abram, “Ginoo nga dyos, uunanhon ko hin paghibaro nga ako an magtatagiya hini?”	but abram said, “sovereign Lord ,, how can i know that i will gain possession of it?”
kon nahugdon an mga manaol ngada han mga patay nga lawas, gintatabog ini ni abram.	then birds of prey came down on the carcasses, but abram drove them away.
han tikaturunod na an adlaw, nangaturog ngan nahimuok hi abram. inalpan hiya hin dako nga kahadlok nga nalisang hiya.	as the sun was setting, abram fell into a deep sleep, and a thick and dreadful darkness came over him.
ha imo nga bahin malalagas ka hin duro, mapatay ka nga murayaw, ngan iglulubong ka.	you, however, will go to your ancestors in peace and be buried at a good old age.
lakip an katunaan han mga kinitanhon, mga kinizitanhon, mga kadmonitanhon,	the land of the kenites, kenizzites, kadmonites,
mga hiteohanon, mga periseohanon, mga refaim,	Hittites, Perizzites, rephaites,
mga amoreohanon, mga canaanhon, mga girgaseohanon, ngan han mga jebuseohanon.”	Amorites, Canaanites, girgashites and Jebusites.”
nagsiring an anghel, “balik ngadto ha iya ngan paoripon ha iya.”	then the angel of the Lord told her, “go back to your mistress and submit to her.”
sanglit ginngaranan han mga tawo an atabay ha butnga han cades ngan han bered nga “an atabay han buhi nga nakita ha akon.”	that is why the well was called beer lahai roi ;; it is still there, between kadesh and bered.
naganak hi agar hin usa nga lalaki ngan ginngaranan hiya ni abram nga ismael.	so hagar bore abram a son, and abram gave the name ishmael to the son she had borne.
an panuigon ni abram hito nga panahon 86 na.	abram was eightysix years old when hagar bore him ishmael.
maghihimo ako ha imo hin ginsaaran ngan tatagan ko ikaw hin damo nga mga tulin.”	then i will make my covenant between me and you and will greatly increase your numbers.”
hinmapa hi abram, ngan nagsiring an dyos,	abram fell facedown, and God said to him,
“amo ini an ginsaaran nga akon hihimoon ha imo: nagsasaad ako nga mahihimo ka nga ginikanan hin damo nga mga nasod.	“as for me, this is my covenant with you: you will be the father of many nations.
ginpakianhan niya an dyos, “kay ano nga diri na la hi ismael an himoon nga sumurunod ha akon?”	and Abraham said to God, “if only ishmael might live under your blessing!”
han kahuman paghimangraw han dyos kan Abraham, iya binayaan hiya.	when he had finished speaking with Abraham, God went up from him.
an panuigon ni Abraham 99 na han pagtoria ha iya,	Abraham was ninetynine years old when he was circumcised,
ngan 13 na an panuigon ni ismael nga iya anak.	and his son ishmael was thirteen;
gintori hira nga duha hito manta nga adlaw,	Abraham and his son ishmael were both circumcised on that very day.
tugoti ako hin pagkuha hin tubig para hin panhimsaw niyo; makakapahuway kamo dinhe ha lindong hini nga kahoy.	let a little water be brought, and then you may all wash your feet and rest under this tree.
niyan pinmakiana kan Abraham an mga tawo, “hain man hi sara nga imo asawa?” “aadto hiya ha sakob han tulda,” binmaton hiya.	“where is your wife Sarah?” they asked him. “there, in the tent,” he said.
lagas na hin duro hira Abraham ug sara, ngan hinmunong na an ikinabulan nga regla ni sara.	Abraham and Sarah were already very old, and Sarah was past the age of childbearing.
ngan nagsiring ha iya la ngahaw an Ginoo ,, “diri ko pagtatagoon kan Abraham an akon nahuhunahunaan hin pagbuhat.	then the Lord said, “shall i hide from Abraham what i am about to do?
gindaop ni Abraham an Ginoo ngan ginpakianhan, “tinuod ba nga pagpupuohon mo an mga waray sala upod han mga salaan?	then Abraham approached him and said: “will you sweep away the righteous with the wicked?
katapos niya makighimangraw kan Abraham, linmakat an Ginoo ,, ngan inmoli hi Abraham.	when the Lord had finished speaking with Abraham, he left, and Abraham returned home.
ginmawas hi lot ngan ginsadhan an porta ha luyo niya.	lot went outside to meet them and shut the door behind him
iya ginsiring hira, “kasangkayan, nakikimalooy ako ha iyo, ayaw Gad pagbuhata niyo in sugad kamaraot nga butang!	and said, “no, my friends. dont do this wicked thing.
kundi ginkaptan han duha nga tawo hi lot, ngan ginbutong hiya ngadto ha sakob, ngan ginsadhan an porta.	but the men inside reached out and pulled lot back into the house and shut the door.
niyan ginbuta an ngatanan nga kalalakenan didto ha gawas, sanglit waray na hira makakatultol han porta.	then they struck the men who were at the door of the house, young and old, with blindness so that they could not find the door.
kundi binmaton hi lot, “kon mahimo, diri Gad kami makadto hito nga dapit.	but lot said to them, “no, my lords, please!
nasirang na an adlaw han pagabot ni lot ngadto ha zoar.	by the time lot reached zoar, the sun had risen over the land.
ha gilayon ginpauranan han Ginoo an mga syudad han sodoma ug gomora hin nagkakalayo nga asufre,	then the Lord rained down burning sulfur on sodom and gomorrahfrom the Lord out of the heavens.
kundi linmingi an asawa ni lot ngan nahimo hiya nga harigi nga asin.	but lots wife looked back, and she became a pillar of salt.
timprano pa han pagkaaga nagdagmit hi Abraham ngadto han dapit nga iya gintukdawan ha atubangan han Ginoo ..	early the next morning Abraham got up and returned to the place where he had stood before the Lord ..
dida hini nga paagi nagburod an duha nga mga anak nga kababayenan ni lot, pinaagi han ira kalugaringon nga amay.	so both of lots daughters became pregnant by their father.
kay ano nga imo man ini ginbuhat?”	and abimelek asked Abraham, “what was your reason for doing this?”
tinuod gud nga bugto ko hiya nga babaye. bugto ko hiya ha amay, kundi diri ha iroy, ngan pinangasawa ko hiya.	besides, she really is my sister, the daughter of my father though not of my mother; and she became my wife.
nagsiring hiya kan Abraham, “iini an bugos ko nga katunaan. pagukoy bisan diin an imo karuyag.”	and abimelek said, “my land is before you; live wherever you like.”
ginbendisyonan han Ginoo hi sara sumala han iya iginsaad,	now the Lord was gracious to Sarah as he had said, and the Lord did for Sarah what he had promised.
ginngaranan hiya ni Abraham nga Isaac.	Abraham gave the name Isaac to the son Sarah bore him.
han walo na ka adlaw an iya edad, gintori hiya ni Abraham sumala han iginsugo han dyos.	when his son Isaac was eight days old, Abraham circumcised him, as God commanded him.
ang panuigon ni Abraham 100 na an han katawo ni Isaac.	Abraham was a hundred years old when his son Isaac was born to him.
tinmubo an bata, ngan dida han adlaw han kalutas niya, naghatag hi Abraham hin dako nga panagtawo.	the child grew and was weaned, and on the day Isaac was weaned Abraham held a great feast.
nakapaguol ini hin duro kan Abraham, kay anak man liwat niya hi ismael.	the matter distressed Abraham greatly because it concerned his son.
han kaubos na han tubig, ginbayaan niya an bata ha sirong hin usa nga tanaman	when the water in the skin was gone, she put the boy under one of the bushes.
buhat, kadtoa, purota hiya, ngan pagliawa hiya. hihimoon ko in usa nga dako nga nasod tikang han iya mga tulin.”	lift the boy up and take him by the hand, for i will make him into a great nation.”
nakaagi an iroy niya hin ehiptohanon nga asawa para ha iya.	while he was living in the desert of paran, his mother got a wife for him from Egypt.
nagsiring hi Abraham, “nagsaad ako.”	Abraham said, “i swear it.”
nagsumbong hi Abraham kan abimelec hiunong hin usa nga atabay nga ginagaw han mga surugoon ni abimelec.	then Abraham complained to abimelek about a well of water that abimeleks servants had seized.
ginlain ni Abraham in pito nga mga nati nga karnero tikang han iya panon,	Abraham set apart seven ewe lambs from the flock,
ngan pinmakiana ha iya hi abimelec, “kay ano nga ginbuhat mo ito?”	and abimelek asked Abraham, “what is the meaning of these seven ewe lambs you have set apart by themselves?”
sanglit gintawag an dapit nga berseba kay didto pagsumpa hira nga duha.	so that place was called Beersheba, because the two men swore an oath there.
nagukoy hi Abraham didto ha filistia sulod hin maiha nga panahon.	and Abraham stayed in the land of the Philistines for a long time.
waray pagiha ginsarihan han dyos hi Abraham. gintawag hiya han dyos, “Abraham!” binmaton hi Abraham, “oo, aadi ako namamati.”	some time later God tested Abraham. he said to him, “Abraham!” “here i am,” he replied.
dida han ikatulo ka adlaw hinkitan ni Abraham an dapit tikang ha hirayo.	on the third day Abraham looked up and saw the place in the distance.
niyan pinurot ni Abraham an kutsilyo hin pagpatay han iya anak.	then he reached out his hand and took the knife to slay his son.
kundi nagtawag ha iya tikang ha langit an anghel han Ginoo ,, “Abraham, Abraham!” binmaton hiya, “oo, aadi ako.”	but the angel of the Lord called out to him from heaven, “Abraham! Abraham!” “here i am,” he replied.
nagtawag hin ikaduha kan Abraham an anghel han Ginoo tikang ha langit,	the angel of the Lord called to Abraham from heaven a second time
hira uz nga suhag, buz nga iya bugto nga lalake, kemuel nga amay ni aram,	uz the firstborn, buz his brother, kemuel (the father of aram),
cesed, hazo, pildas, jidlaf, ug betuel	kesed, hazo, pildash, jidlaph and bethuel.”
nga amay ni rebecca. iginanak nira milca ug nahor nga bugto ni Abraham ini nga walo nga mga anak nga kalalakenan.	bethuel became the father of Rebekah. milkah bore these eight sons to abrahams brother nahor.
naganak hi reuma nga aruasawa ni nahor kanda teba, gaham, tahas, ug maaca.	his concubine, whose name was reumah, also had sons: tebah, gaham, tahash and maakah.
nakaabot hi sara hin panuigon nga 127.	Sarah lived to be a hundred and twentyseven years old.
binayaan ni Abraham an dapit nga hinahayaran han lawas han iya asawa, kinmadto hiya han mga hiteohanon, ngan nagsiring,	then Abraham rose from beside his dead wife and spoke to the Hittites. he said,
binmaton hira,	the Hittites replied to Abraham,
niyan yinmukbo hi Abraham ha atubangan nira,	then Abraham rose and bowed down before the people of the land, the Hittites.
kundi yinmukbo hi Abraham ha atubangan han mga hiteohanon,	again Abraham bowed down before the people of the land
binmaton hi efron,	ephron answered Abraham,
inmuyon hini an ngatanan nga mga hiteohanon nga nakadto hadto nga miting nga hi Abraham amo na an tagiya han tuna.	to Abraham as his property in the presence of all the Hittites who had come to the gate of the city.
yana lagas na hin duro hi Abraham, ngan ginpakaupay hiya han Ginoo ha ngatanan nga iya ginbuhat.	Abraham was now very old, and the Lord had blessed him in every way.
binmaton hi Abraham, “ayaw gud pagdada ngadto an akon anak!	“make sure that you do not take my son back there,” Abraham said.
dinmalagan an surugoon hin pagtapo ha iya ngan sumiring, “paimna Gad ako tikang han imo tibod.”	the servant hurried to meet her and said, “please give me a little water from your jar.”
ginininaw la hin hilom han tawo an daragita hin pagkita kon ginpauswag ba hiya han Ginoo ..	without saying a word, the man watched her closely to learn whether or not the Lord had made his journey successful.
binmaton hiya, “an akon amay amo hi betuel nga anak ni nahor ngan hi milca.	she answered him, “i am the daughter of bethuel, the son that milkah bore to nahor.”
damo in uhot ngan banwa nga tubong didto han amon balay, ngan mayada didto dapit para ha iyo.”	and she added, “we have plenty of straw and fodder, as well as room for you to spend the night.”
niyan linmuhod an tawo ngan nagsingba han Ginoo ..	then the man bowed down and worshiped the Lord ,,
dinmalagan an daragita ngadto han balay han iya nanay ngan iginsumat an ngatanan nga nahinabo.	the young woman ran and told her mothers household about these things.
nagsiring hiya, “amo ako an surugoon ni Abraham.	so he said, “i am abrahams servant.
pakadto lugod han mga tawo han akon amay, ngadto han akon kauropdan, ngan didto pagpili hin asawa para han akon anak!’	but go to my fathers family and to my own clan, and get a wife for my son.’
ngan ginpakianhan ko an akon agaron, ‘ano man kon diri umupod ha akon an babaye?’	“then i asked my master, ‘what if the woman will not come back with me?’
han pakabati hini han surugoon ni Abraham, hinmapa hiya ngan nagsingba han Ginoo ..	when abrahams servant heard what they said, he bowed down to the ground before the Lord ..
binmaton hira, “tawaga ta an daragita ngan pakianhi ta kon ano an igsisiring niya.”	then they said, “lets call the young woman and ask her about it.”
sanglit gintawag nira hi rebecca ngan ginpakianhan, “karuyag mo ba umupod hini nga tawo?” “oo,” binmaton hiya.	so they called Rebekah and asked her, “will you go with this man?” “i will go,” she said.
han pakakita ni rebecca kan Isaac, binmawas hiya han iya kamelyo,	Rebekah also looked up and saw Isaac. she got down from her camel
ginsumatan han surugoon hi Isaac han ngatanan nga iya ginbuhat.	then the servant told Isaac all he had done.
nangasawa hi Abraham hin lain nga babaye nga ginngaranan nga ketura.	Abraham had taken another wife, whose name was keturah.
naganak hira ngan hi Abraham kanda zimran, jocsan, medan, midian, isbac, ug sua.	she bore him zimran, jokshan, medan, midian, ishbak and shuah.
hi jocsan amo an amay nira seba ug dedan, ngan an mga tulin ni dedan amo an mga asurim, an mga letusim, ngan an mga leumin.	jokshan was the father of sheba and dedan; the descendants of dedan were the ashurites, the letushites and the leummites.
an mga anak ni midian amo hira efa, efer, hanoc, abida, ug eldaa. ini hira ngatanan amo an mga tulin ni ketura.	the sons of midian were ephah, epher, hanok, abida and eldaah. all these were descendants of keturah.
iginhatag ni Abraham an ngatanan nga iya hiagi ngadto kan Isaac.	Abraham left everything he owned to Isaac.
amo ini an uma nga ginpalit ni Abraham tikang han mga hiteohanon. iginlubong didto nga duha hira Abraham ug sara nga iya asawa.	the field Abraham had bought from the Hittites. there Abraham was buried with his wife Sarah.
hi ismael nga anak nira Abraham ngan hi agar nga ehiptohanon nga oripon ni sara,	this is the account of the family line of abrahams son ishmael, whom sarahs slave, hagar the egyptian, bore to Abraham.
misma, duma, masa,	mishma, dumah, massa,
hadad, tema, jetor, nafis, ug kedema.	hadad, tema, jetur, naphish and kedemah.
amo ini an susumaton ni Isaac nga anak ni Abraham.	this is the account of the family line of abrahams son Isaac. Abraham became the father of Isaac,
inmabot kan rebecca an iya panahon hin paganak, ngan naganak hiya hin karuha nga kalalakenan.	when the time came for her to give birth, there were twin boys in her womb.
usa ka adlaw samtang naglalaga hi Jacob hin monggos, inmabot hi Esau tikang hin pagpanganop. ginugutom hiya,	once when Jacob was cooking some stew, Esau came in from the open country, famished.
binmaton hi Jacob, “ighahatag ko ini ha imo kon ighatag mo ha akon an imo mga katungod hin pagkasuhag nga anak.”	Jacob replied, “first sell me your birthright.”
nagsiring hi Esau, “sigi, mapatay na ako hin gutom; ano nga kaupayan an mahihimo ha akon han akon mga katungod?”	“look, i am about to die,” Esau said. “what good is the birthright to me?”
pinmakita kan Isaac an Ginoo ngan nagsiring, “ayaw pagkadto ha Ehipto; pabilin dinhe hini nga tuna nga ginpaukyan ko ha imo.	the Lord appeared to Isaac and said, “do not go down to Egypt; live in the land where i tell you to live.
sanglit nagukoy hi Isaac didto ha gerar.	so Isaac stayed in gerar.
ginpahimatngonan ni abimelec an ngatanan nga mga tawo: “pagpapatayon an bisan hino nga maglabot hini nga tawo o han iya asawa.”	so abimelek gave orders to all the people: “anyone who harms this man or his wife shall surely be put to death.”
nagpadayon hiya hin pagkamainauswagon ngan nahimo hiya nga manggaranon hin duro nga tawo.	the man became rich, and his wealth continued to grow until he became very wealthy.
tungod nga nagdamo an iya panon hin mga karnero ug mga baka, ngan damo an iya mga surugoon, naawa ha iya an mga filisteohanon.	he had so many flocks and herds and servants that the Philistines envied him.
niyan nagsiring hi abimelec kan Isaac, “gawas na kamo han amon nasod. labi ka na hin gamhanan kay ha amon.”	then abimelek said to Isaac, “move away from us; you have become too powerful for us.”
sanglit linmakat hi Isaac, ngan nagkampo hiya didto ha kahamuban han gerar, diin didto la anay hiya pagukoy.	so Isaac moved away from there and encamped in the valley of gerar, where he settled.
nagukab an mga surugoon ni Isaac hin usa nga atabay didto han kahamuban ngan hinagian nira in tubig.	isaacs servants dug in the valley and discovered a well of fresh water there.
linmakat hi Isaac ngan kinmadto ha berseba.	from there he went up to Beersheba.
nagandam hi Isaac hin panagtawo para ha ira ngan nangaon ngan nagirignom hira.	Isaac then made a feast for them, and they ate and drank.
ginngaranan niya nga seba (karuyag sidngon sumpa) an atabay. tungod hini ginngaranan an syudad nga berseba asta ngada yana.	he called it shibah, and to this day the name of the town has been Beersheba.
ini nga mga asawa ni Esau nakahatag hin kaguol ug kasubo kanda Isaac ug rebecca.	they were a source of grief to Isaac and Rebekah.
nagsiring hi Isaac, “nakita ka nga lagas na ako ngan bangin diri na maiha mapatay na ako.	Isaac said, “i am now an old man and dont know the day of my death.
ginsiring niya hi Jacob, “hinbatian ko pala hi imo tatay nga nagsiring kan Esau,	Rebekah said to her son Jacob, “look, i overheard your father say to your brother Esau,
yana anak ko,” nagpadayon hi rebecca, “pamati ha akon, ngan buhata an akon igtutugon ha imo.	now, my son, listen carefully and do what i tell you:
dadadon mo ini ngadto ha iya, ngan ighahatag niya ha imo an iya bendisyon nga diri pa hiya mapatay.”	then take it to your father to eat, so that he may give you his blessing before he dies.”
ginputos niya an mga butkon ni Jacob han mga anit han kanding ngan an waray barahibo nga bahin han iya liog.	she also covered his hands and the smooth part of his neck with the goatskins.
iginhatag niya kan Jacob an marasa nga pagkaon upod an tinapay nga iya ginhimo.	then she handed to her son Jacob the tasty food and the bread she had made.
niyan kinmadto hi Jacob kan iya tatay ngan nagsiring, “tatay!” “oo,” binmaton hi Isaac. “hino ka ba nga akon anak?”	he went to his father and said, “my father.” “yes, my son,” he answered. “who is it?”
pinmakiana anay hiya, “tinuod ba nga hi Esau ka?” “amo ako,” binmaton hiya.	“are you really my son Esau?” he asked. “i am,” he replied.
katapos nagsiring ha iya hi iya tatay, “duruduok ngadi ngan hadki ako, anak.”	then his father Isaac said to him, “come here, my son, and kiss me.”
binmaton hi Isaac, “kinmanhi an imo bugto ngan ginlimbongan ako. ginagaw niya an imo bendisyon.”	but he said, “your brother came deceitfully and took your blessing.”
yana, anak, buhata an akon igtutugon ha imo. pakadto dayon kan laban nga akon bugto nga lalake didto ha haran.	now then, my son, do what i say: flee at once to my brother laban in harran.
pagpabilin anay didto ha iya tubtob han paghagkot han kasina han imo bugto,	stay with him for a while until your brothers fury subsides.
hinbaroan niya nga sinmugot hi Jacob kanda iya tatay ug nanay, ngan kinmadto hiya ha Mesopotamia.	and that Jacob had obeyed his father and mother and had gone to paddan aram.
sanglit nahisabtan ni Esau nga waray maruyag hi Isaac nga iya amay han kababayenan nga canaanhon.	Esau then realized how displeasing the canaanite women were to his father Isaac;
binmaya hi Jacob han berseba ngan linmakat hiya tipakadto ha haran.	Jacob left Beersheba and set out for harran.
nagmata hi Jacob ngan nagsiring, “aanhi dinhe an Ginoo !! aanhi hiya dinhe hini nga dapit, ngan diri ngani ako maaram hini!”	when Jacob awoke from his sleep, he thought, “surely the Lord is in this place, and i was not aware of it.”
ginngaranan niya nga betel an dapit. (kinikilala nga luz hadto anay ini nga bungto.)	he called that place bethel, though the city used to be called luz.
ngan kon makabalik ako nga talwas ngadto han balay han akon amay, niyan magigin dyos ko gud ikaw.	so that i return safely to my fathers household, then the Lord will be my God
nagpadayon hi Jacob han iya paglakaton ngan nagtipakadto hiya han tuna ha sinirangan.	then Jacob continued on his journey and came to the land of the eastern peoples.
ginpakianhan ni Jacob an mga magmarangno hin mga karnero, “kasangkayan ko, taga diin kamo?” “tagaharan,” binmaton hira.	Jacob asked the shepherds, “my brothers, where are you from?” “were from harran,” they replied.
nagpakiana hiya, “nakilala ba kamo kan laban nga anak ni nahor?” “oo, nakilala kami,” binmaton hira.	he said to them, “do you know laban, nahors grandson?” “yes, we know him,” they answered.
kahuman ginhadkan niya hi raquel ngan nagtangis hiya tungod hin kalipay.	then Jacob kissed Rachel and began to weep aloud.
nagsiring hi laban, “matuod gud nga akon ka kalugaringon nga unod ug dugo.” nagpabilin didto hi Jacob sulod hin usa ka bulan.	then laban said to him, “you are my own flesh and blood.” after Jacob had stayed with him for a whole month,
mayada hi laban duha nga mga anak nga kababayenan; ginngaranan nga lea an magurang ngan raquel an manghod.	now laban had two daughters; the name of the older was Leah, and the name of the younger was Rachel.
maghusay an mga mata ni lea kundi maupay an tindog han lawas hi raquel ngan matahum hiya.	Leah had weak eyes, but Rachel had a lovely figure and was beautiful.
binmaton hi laban, “gabay ko pa hiya ighatag ha imo kay ngadto hin iba nga tawo; pabilin dinhe upod ha akon.”	laban said, “its better that i give her to you than to some other man. stay here with me.”
sanglit naghatag hi laban hin kombite hin pagkasal ngan gindapit niya an ngatanan.	so laban brought together all the people of the place and gave a feast.
kundi hito nga gabi, diri hi raquel, kundi hi lea an gindara ni laban ngadto kan Jacob ngan nakighilawas ha iya hi Jacob.	but when evening came, he took his daughter Leah and brought her to Jacob, and Jacob made love to her.
(iginhatag ni laban kan lea nga iya anak nga babaye hi zilpa nga iya oripon nga babaye sugad nga iya surugoon.)	and laban gave his servant zilpah to his daughter as her attendant.
binmaton hi laban, “diri ini batasan dinhe nga ipaasawa an manghod nga anak nga babaye una han magurang.	laban replied, “it is not our custom here to give the younger daughter in marriage before the older one.
(iginhatag ni laban kan raquel nga iya anak nga babaye hi bilha nga iya oripon nga babaye sugad nga iya surugoon.)	laban gave his servant bilhah to his daughter Rachel as her attendant.
sanglit iginhatag niya hi bilha ngadto han iya bana, ngan nakighilawas ha iya hi Jacob.	so she gave him her servant bilhah as a wife. Jacob slept with her,
nagburod hi bilha ngan naganak hira ngan hi Jacob hin usa nga lalake.	and she became pregnant and bore him a son.
nagburod liwat hi bilha ngan naganak hira ngan hi Jacob hin ikaduha nga lalake.	rachels servant bilhah conceived again and bore Jacob a second son.
niyan naganak hira zilpa ngan hi Jacob hin usa nga lalake.	leahs servant zilpah bore Jacob a son.
nagsiring hi lea, “nagin palaran ako”; sanglit iya ginngaranan hiya nga Gad.	then Leah said, “what good fortune!” so she named him Gad.
naganak liwat hira zilpa ngan hi Jacob hin usa pa nga lalake,	leahs servant zilpah bore Jacob a second son.
ginbaton han dyos an pagampo ni lea, ngan nagburod hiya, ngan naganak hira ngan hi Jacob hin ikalima nga lalake.	God listened to Leah, and she became pregnant and bore Jacob a fifth son.
nagburod na liwat hi lea ngan naganak hira ngan hi Jacob hin ikaunom nga anak nga lalake.	Leah conceived again and bore Jacob a sixth son.
ha orhe na naganak hiya hin usa nga babaye nga iya ginngaranan nga dina.	some time later she gave birth to a daughter and named her Dinah.
niyan nahinumdom an dyos kan raquel; binmaton niya an iya pagampo ngan ginhimo niya nga magkamayada hiya mga anak.	then God remembered Rachel; he listened to her and enabled her to conceive.
tagan pa unta ako han Ginoo hin lain pa nga anak nga lalake”; sanglit iya ginngaranan hiya nga Jose.	she named him Joseph, and said, “may the Lord add to me another son.”
sumati ako han imo mga suhol ngan pagbabaydan ko ini.”	he added, “name your wages, and i will pay them.”
binmaton hi laban, “nauyon ako. bubuhaton ta sumala han imo siring.”	“agreed,” said laban. “let it be as you have said.”
hinsabtan liwat ni Jacob nga diri na makisasangkayon ha iya hi laban sugad han una.	and Jacob noticed that labans attitude toward him was not what it had been.
sanglit nagpatugon hi Jacob ngadto kanda raquel ug lea nga tapoon hiya nira didto han uma diin nakadto an iya mga panon.	so Jacob sent word to Rachel and Leah to come out to the fields where his flocks were.
maaram man kamo nga duha nga nagkabudlay ako ha bugos ko nga kusog para han iyo amay.	you know that ive worked for your father with all my strength,
ginkuha han dyos in mga panon tikang han iyo amay ngan iginhatag ini ha akon.”	so God has taken away your fathers livestock and has given them to me.
naghimangraw ha akon dida han akon inop an anghel han dyos ngan nagsiring, ‘Jacob!’ binmaton ako, ‘aadi akon.’	the angel of God said to me in the dream, ‘Jacob.’ i answered, ‘here i am.’
ginlipat ni Jacob hi laban pinaagi hin diri niya pagpahibaroa ha iya nga tilakat hiya.	moreover, Jacob deceived laban the aramean by not telling him he was running away.
paglabay hin tulo ka adlaw ginsumatan hi laban nga pinmalagiw hi Jacob.	on the third day laban was told that Jacob had fled.
makadamo ako pagantos han kapaso han adlaw, ngan han kahagkot han gabi. waray ko maupay nga pagkaturog.	this was my situation: the heat consumed me in the daytime and the cold at night, and sleep fled from my eyes.
andam ako hin pakigsabot ha imo. pagtambak kita hin mga bato hin pagpahinumdom ha aton hini nga aton ginsabotan.”	come now, lets make a covenant, you and i, and let it serve as a witness between us.”
sanglit kinmuha hi Jacob hin usa nga bato ngan igintindog ini sugad nga usa nga hinumdoman.	so Jacob took a stone and set it up as a pillar.
ginngaranan ini ni laban nga jagarsahaduta, samtang ginngaranan ini ni Jacob nga galeed.	laban called it jegar sahadutha, and Jacob called it galeed.
iini an mga bato nga akon gintambak ha butnga naton, ngan iini an bato nga hinumdoman.	laban also said to Jacob, “here is this heap, and here is this pillar i have set up between you and me.
han nagpapadayon hin paglakat hi Jacob, tinmapo ha iya in mga anghel.	Jacob also went on his way, and the angels of God met him.
nagpauna hi Jacob hin mga surugoon ngadto kan Esau nga iya bugto didto ha tuna han edumea.	Jacob sent messengers ahead of him to his brother Esau in the land of seir, the country of Edom.
naghunahuna hiya, “kon umabot hi Esau ngan sulongon an syahan nga hugpo, bangin makapalagiw pa an ikaduha.”	he thought, “if Esau comes and attacks one group, the group that is left may escape.”
iya ginpauna ha iya an mga regalo, ngan nagpalabay hiya hito nga gabi didto han kampo.	so jacobs gifts went on ahead of him, but he himself spent the night in the camp.
katapos niya pagpataboka ha ira, iya liwat gindara ngadto ha tabok an ngatanan nga iya mga hiagi,	after he had sent them across the stream, he sent over all his possessions.
kundi pinmabilin hiya nga naguusaan la. niyan inmabot in usa ka tawo ngan nakigdulong ha iya tubtob gud han pagpunias han adlaw.	so Jacob was left alone, and a man wrestled with him till daybreak.
“ano an imo ngaran?” pinmakiana an tawo. “Jacob,” binmaton hiya.	the man asked him, “what is your name?” “Jacob,” he answered.
nasirang na an adlaw han pagtalikod ni Jacob han peniel, ngan nagiingka hiya tungod han kaigo han iya pigi.	the sun rose above him as he passed peniel, and he was limping because of his hip.
naguna ha ira hi Jacob ngan hinmapa hiya ha tuna hin makapito han tikaharani na hiya han iya bugto.	he himself went on ahead and bowed down to the ground seven times as he approached his brother.
kundi dinmalagan hi Esau hin pagtapo ha iya, ginggakos, ngan ginhadkan hiya. nagtangis hira nga duha.	but Esau ran to meet Jacob and embraced him; he threw his arms around his neck and kissed him. and they wept.
niyan dinmaop an mga aruasawa upod an ira mga anak ngan yinmukbo hira.	then the female servants and their children approached and bowed down.
niyan dinmaop hi lea ngan an iya mga anak, ngan ha kataposan dinmaop hira Jose ug raquel ngan yinmukbo liwat hira.	next, Leah and her children came and bowed down. last of all came Joseph and Rachel, and they too bowed down.
kundi nagsiring hi Esau, “bugto ko, igo na kadamo an akon hiagi; tipigi na la an imo.”	but Esau said, “i already have plenty, my brother. keep what you have for yourself.”
nagsiring hi Esau, “pagandam kita ngan pagkalakat. maguuna ako ha imo.”	then Esau said, “let us be on our way; ill accompany you.”
sanglit hito nga adlaw ginmikan hi Esau hin pagbalik ngadto ha Edom.	so that day Esau started on his way back to seir.
nagtindog hiya hin usa nga altar didto ngan ginngaranan ini nga el, an dyos han Israel.	there he set up an altar and called it el elohe Israel.
usa ka adlaw kinmadto hi dina nga anak nga babaye nira Jacob ug lea hin pagbisita hin mga kababayenan nga tagacanaan.	now Dinah, the daughter Leah had borne to Jacob, went out to visit the women of the land.
kundi hinusayan hi siquem kan dina sanglit hinmigugma hiya ha iya ngan gintalinguha niya nga paghigugmaon hiya ni dina.	his heart was drawn to Dinah daughter of Jacob; he loved the young woman and spoke tenderly to her.
ginmawas hi hamor nga amay ni siquem, hin pakighimangraw kan Jacob,	then shechems father hamor went out to talk with Jacob.
makakatangdo la kami kon magsugad kamo ha amon, pinaagi hin pagtori han ngatanan niyo nga kalalakenan.	we will enter into an agreement with you on one condition only: that you become like us by circumcising all your males.
kundi kon diri niyo pagtumanon ini nga pagtori; dadadon namon hi dina ngan malakat kami.”	but if you will not agree to be circumcised, well take our sister and go.”
nakalipay ini nga ira mga pulong kan hamor ngan kan siquem nga iya anak,	their proposal seemed good to hamor and his son Shechem.
kundi binmaton hira, “diri kami makakatugot nga pagsusugaron la hin usa nga maraot nga babaye an amon bugto.”	but they replied, “should he have treated our sister like a prostitute?”
inmabot hi Jacob upod an ngatanan niya nga mga tawo ngadto ha luz nga kinikilala na yana nga betel, didto ha tuna han Canaan.	Jacob and all the people with him came to luz (that is, bethel) in the land of Canaan.
han pagbalik ni Jacob tikang ha Mesopotamia, pinmakita na liwat ha iya an dyos, ngan ginbendisyonan hiya.	after Jacob returned from paddan aram, God appeared to him again and blessed him.
niyan binayaan hiya han dyos.	then God went up from him at the place where he had talked with him.
ginngaranan niya nga betel ini nga dapit.	Jacob called the place where God had talked with him bethel.
han kamatay ni raquel, iginlubong hiya ha ligid han dalan tipakadto ha efrata nga kinikilala na yana nga betlehem.	so Rachel died and was buried on the way to ephrath (that is, Bethlehem).
nagpadayon hi Jacob ngan nagkampo hiya didto han luyo nga dapit han lantawan han eder.	Israel moved on again and pitched his tent beyond migdal eder.
an mga anak ni lea amo hira ruben (an suhag nga lalake ni Jacob), Simeon, Levi, Juda, isacar, ug zabulon.	the sons of Leah: Reuben the firstborn of Jacob, Simeon, Levi, Judah, Issachar and Zebulun.
an mga anak ni raquel amo hira Jose ug Benjamin.	the sons of Rachel: Joseph and Benjamin.
an mga anak ni bilha nga oripon ni raquel amo hira Dan ug neftali.	the sons of rachels servant bilhah: Dan and Naphtali.
nakaabot hi Isaac hin panuigon nga 180,	Isaac lived a hundred and eighty years.
amo ini an mga tulin ni Esau nga gintawag liwat nga Edom.	this is the account of the family line of Esau (that is, Edom).
ug basemat nga anak nga babaye ni ismael, ngan bugto ni nebaiot.	also basemath daughter of ishmael and sister of nebaioth.
naganak hi ada kan elifas; naganak hi basemat kan reuel;	adah bore eliphaz to Esau, basemath bore reuel,
sanglit nagukoy hi Esau didto han sagkahon nga tuna han Edom.	so Esau (that is, Edom) settled in the hill country of seir.
amo ini an mga tulin ni Esau nga ginikanan han mga edomitanhon.	this is the account of the family line of Esau the father of the Edomites in the hill country of seir.
core, gatam, ug amalec. mga tulin ini ngatanan ni ada nga asawa ni Esau.	korah, gatam and amalek. these were the chiefs descended from eliphaz in Edom; they were grandsons of adah.
tinmikang kan Esau ini ngatanan nga mga tribo.	these were the sons of Esau (that is, Edom), and these were their chiefs.
amo hi sobal an ginikanan han mga banay nira alvan, manahat, ebal, sefo, ug onam.	the sons of shobal: alvan, manahath, ebal, shepho and onam.
hi eser amo an ginikanan han mga banay nira bilhan, saavan ug jacan.	the sons of ezer: bilhan, zaavan and akan.
hi disan amo an ginikanan han mga banay nira hus ug aran.	the sons of dishan: uz and aran.
2930 amo ini an horitanhon nga mga tribo didto ha tuna han Edom: nira lotan, sobal, zibeon, ana, dison, eser, ug disan.	dishon, ezer and dishan. these were the horite chiefs, according to their divisions, in the land of seir.
nagpadayon hi Jacob hin pagukoy didto ha tuna han Canaan nga ginukyan han iya amay,	Jacob lived in the land where his father had stayed, the land of Canaan.
nagsiring hiya, “pamatii daw niyo an akon inop.	he said to them, “listen to this dream i had:
naawa ha iya an kabugtoan ni Jose, kundi ginpainoino han iya amay ini ngatanan nga mga butang.	his brothers were jealous of him, but his father kept the matter in mind.
usa ka adlaw han paghingadto ha siquem han kabugtoan ni Jose hin pagmangno han panon han ira amay,	now his brothers had gone to graze their fathers flocks near Shechem,
ngan nagsinudoysudoy hiya didto han kaumhan. hinkitan hiya hin usa ka tawo ngan ginpakianhan hiya, “ano an imo ginbibiling?”	a man found him wandering around in the fields and asked him, “what are you looking for?”
binmaton hiya, “nagbibiling ako han akon kabugtoan nga nagmamangno han ira panon. makakagsumat ka ba ha akon kon hain hira?”	he replied, “im looking for my brothers. can you tell me where they are grazing their flocks?”
naggipasiringsiring hira, “iini na an parainop.	“here comes that dreamer!” they said to each other.
hinbatian hira ni ruben ngan nagtalinguha hi ruben hin pagtalwas kan Jose. “ayaw ta hiya pagpataya,” nagsiring hiya.	when Reuben heard this, he tried to rescue him from their hands. “lets not take his life,” he said.
niyan gintalo hiya nira ngan iginlabog hiya ngadto han atabay nga mamara.	and they took him and threw him into the cistern. the cistern was empty; there was no water in it.
binmalik hiya ngadto han iya kabugtoan ngan nagsiring, “waray na didto an bata! ano daw la an akon pagbubuhaton?”	he went back to his brothers and said, “the boy isnt there! where can i turn now?”
didto iginkita hi Juda hin usa nga babaye nga canaanhon kanay amay ginngaranan nga sua. pinangasawa niya an babaye	there Judah met the daughter of a canaanite man named shua. he married her and made love to her;
ngan naganak hira hin usa nga lalake nga ginngaranan niya nga er.	she became pregnant and gave birth to a son, who was named er.
nagburod liwat an babaye ngan naganak hin usa pa nga lalake ngan ginngaranan niya nga onan.	she conceived again and gave birth to a son and named him onan.
para kan er nga iya suhag nga lalake kinmuha hi Juda hin usa nga asawa kanay ngaran amo hi tamar.	Judah got a wife for er, his firstborn, and her name was tamar.
maraot an ginawian ni er ngan nakapabido ini han Ginoo ,, sanglit ginpatay hiya han Ginoo ..	but er, judahs firstborn, was wicked in the Lord ’s sight; so the Lord put him to death.
nakapabido han Ginoo an iya ginbuhat, ngan ginpatay liwat hiya han Ginoo ..	what he did was wicked in the Lord ’s sight; so the Lord put him to death also.
may nagsumat kan tamar nga tikadto ha timna an iya ugangan nga lalake hin pagarot han iya mga karnero.	when tamar was told, “your fatherinlaw is on his way to timnah to shear his sheep,”
inmoli hi tamar, ginhukas an iya panyo, ngan iginbalik niya hin pagsulot an iya mga panapton hin balo.	after she left, she took off her veil and put on her widows clothes again.
han pagabot na han panahon ha iya paganak, hinbaroan nga karuha an iya igaanak.	when the time came for her to give birth, there were twin boys in her womb.
nakada kan Jose an Ginoo ngan ginhimo hiya nga mainuswagon. nagukoy hiya didto han balay han iya agaron nga ehiptohanon,	the Lord was with Joseph so that he prospered, and he lived in the house of his egyptian master.
nga nakakita nga nakada kan Jose an Ginoo nga naghimo ha iya nga mainuswagon ha ngatanan nga iya ginbuhat.	when his master saw that the Lord was with him and that the Lord gave him success in everything he did,
waray pagiha nagtikang hin kaipa kan Jose an asawa han iya agaron ngan ginhangyo hi Jose nga makighilawas ha iya.	and after a while his masters wife took notice of Joseph and said, “come to bed with me!”
bisan kon ginhangyo niya hi Jose adlawadlaw, waray gud umalagad hi Jose hin pakighilawas ha iya.	and though she spoke to Joseph day after day, he refused to go to bed with her or even be with her.
han paghikiti han babaye nga binayaan ni Jose an iya hilawig nga bado ngan dinmalagan ha gawas han balay,	when she saw that he had left his cloak in her hand and had run out of the house,
ginhimos niya an hilawig nga bado ni Jose tubtob han paguli han agaron ni Jose.	she kept his cloak beside her until his master came home.
nasina hiya hini nga duha nga mga opisyal,	pharaoh was angry with his two officials, the chief cupbearer and the chief baker,
ngan ginpriso hira didto han balay han kapitan han gwardya, didto han amo manta nga dapit nga ginbutangan kan Jose.	and put them in custody in the house of the captain of the guard, in the same prison where Joseph was confined.
han pagkadtoa ha ira ni Jose dida han aga, hinkitan niya nga masulobon hira.	when Joseph came to them the next morning, he saw that they were dejected.
nagsiring hi Jose, “amo ini an kahulogan hini: an tulo nga mga sanga amo an tulo ka adlaw.	“this is what it means,” Joseph said to him. “the three branches are three days.
binmaton hi Jose, “amo ini an kahulogan: an tulo nga mga basket amo an tulo ka adlaw.	“this is what it means,” Joseph said. “the three baskets are three days.
kundi iya iginpapatay an labaw nga parahimo hin tinapay. natuman an ngatanan sugad gud han iginsiring ni Jose.	but he impaled the chief baker, just as Joseph had said to them in his interpretation.
kundi waray nagud hinumdomi hi Jose han tinaporan han binoiya hinkalimtan na gud la hiya.	the chief cupbearer, however, did not remember Joseph; he forgot him.
paglabay hin duha ka tuig naginop an hadi han Ehipto nga natukdaw hiya ha ligid han salog han nilo.	when two full years had passed, pharaoh had a dream: he was standing by the Nile,
ngan pinangaon han pito nga maggasaay nga mga baka an pito nga magtambok nga mga baka. onina nagmata an hadi.	and the cows that were ugly and gaunt ate up the seven sleek, fat cows. then pharaoh woke up.
niyan binmuswak liwat in pito nga lain nga mga uhay hin trigo nga mga kuyapi ngan mga apa tungod han mapaso nga hangin,	after them, seven other heads of grain sproutedthin and scorched by the east wind.
usa ka gabi naginop an kada usa ha amon ngan mayada magkalain nga mga kahulogan an mga inop.	each of us had a dream the same night, and each dream had a meaning of its own.
binmaton hi Jose, “diri ako makakahimo, harangdon nga hadi, kundi mahatag an dyos hin maupay nga paghubad.”	“i cannot do it,” Joseph replied to pharaoh, “but God will give pharaoh the answer he desires.”
kinaon han maggasaay nga mga baka an magtambok nga mga baka,	the lean, ugly cows ate up the seven fat cows that came up first.
niyan binmuswak in pito nga mga uhay hin trigo nga mga kuyapi ngan apa tungod han mapaso nga hangin.	after them, seven other heads sproutedwithered and thin and scorched by the east wind.
amo gud ini sumala han akon iginsumat ha imoiginpakita ha imo han dyos kon ano an iya pagbubuhaton.	“it is just as i said to pharaoh: God has shown pharaoh what he is about to do.
magkakamayada pito ka tuig nga kahuraan ha bugos nga tuna han Ehipto.	seven years of great abundance are coming throughout the land of Egypt,
hingangalimtan gud an panahon hin kahuraan kay makalilisang an masunod nga gutom.	the abundance in the land will not be remembered, because the famine that follows it will be so severe.
“yana kinahanglan magpili ka hin tawo nga makinaadmananon ngan maaram ngan igbutang mo hiya nga tinaporan han nasod.	“and now let pharaoh look for a discerning and wise man and put him in charge of the land of Egypt.
ginabuyonan han hadi ngan han iya mga opisyal ini nga larang,	the plan seemed good to pharaoh and to all his officials.
yana gintutudlok ko ikaw nga gobernador han bugos nga Ehipto.”	so pharaoh said to Joseph, “i hereby put you in charge of the whole land of Egypt.”
sulod han pito ka tuig nga kahuraan naghatag an tuna hin damo gud nga mga abot.	during the seven years of abundance the land produced plentifully.
natapos an pito ka tuig nga kahuraan nga ginpahimulosan han tuna han Ehipto,	the seven years of abundance in Egypt came to an end,
sanglit kinmadto an kan Jose napulo nga kabugtoan ha amay hin pagpalit hin trigo didto ha Ehipto,	then ten of josephs brothers went down to buy grain from Egypt.
kinmilala hi Jose han iya kabugtoan, kundi waray hira kumilala ha iya.	although Joseph recognized his brothers, they did not recognize him.
binmaton hira, “diri Gad, Ginoo. kinmanhi kami sugad nga imo mga oripon, hin pagpalit hin pagkaon.	“no, my Lord,” they answered. “your servants have come to buy food.
magburugto kami ngatanan. diri Gad kami mga espiya, Ginoo, tangkod kami nga mga tawo.”	we are all the sons of one man. your servants are honest men, not spies.”
nagsiring ha ira hi Jose, “diri! kinmanhi kamo hin paginaw kon hain an maluya nga dapit han amon nasod.”	“no!” he said to them. “you have come to see where our land is unprotected.”
binmaton hi Jose, “sumala han akon iginsiring, mga espiya gud kamo.	Joseph said to them, “it is just as i told you: you are spies!
katapos hito, iya ginpriso hira sulod hin tulo ka adlaw.	and he put them all in custody for three days.
nasayoran ni Jose an ira iginsiring, kundi waray hira makasabot, kay nakigkarukayakan hira ha iya pinaagi hin parahubad.	they did not realize that Joseph could understand them, since he was using an interpreter.
ginkargahan han kabugtoan an ira mga asno han trigo nga ira ginpalit, ngan nagkalakat hira.	they loaded their grain on their donkeys and left.
“ginisgan kami han gobernador han Ehipto ngan ginpasangilan kami nga mga espiya kontra han iya nasod.	“the man who is Lord over the land spoke harshly to us and treated us as though we were spying on the land.
binmaton kami, ‘diri Gad kami mga espiya, mga tangkod la kami nga mga tawo.	but we said to him, ‘we are honest men; we are not spies.
nagtikagrabi an gutom didto ha Canaan,	now the famine was still severe in the land.
kon tumugot ka nga umupod ha amon an amon bugto, makadto kami ngan mapalit hin pagkaon para ha imo.	if you will send our brother along with us, we will go down and buy food for you.
kon waray pa kami paghinulat hin maiha, ngada yana makaduha na unta kami pakabalik.”	as it is, if we had not delayed, we could have gone and returned twice.”
dada an iyo bugto, ngan balik kamo dayon.	take your brother also and go back to the man at once.
ginbuhat han surugoon sumala han iginsugo ha iya, ngan gindara an magburugto ngadto han balay ni Jose.	the man did as Joseph told him and took the men to josephs house.
sanglit dida han porta han balay, nagsiring hira ngadto han surugoon nga tinaporan,	so they went up to josephs steward and spoke to him at the entrance to the house.
“kon mahimo, mano, kinmanhi kami hadto makausa hin pagpalit hin pagkaon.	“we beg your pardon, our Lord,” they said, “we came down here the first time to buy food.
timprano pa han pagkaaga, ginpalakat an magburugto dara an ira mga asno.	as morning dawned, the men were sent on their way with their donkeys.
han paghiabti ha ira han surugoon, iginyakan niya ha ira ini ngahaw nga mga pulong.	when he caught up with them, he repeated these words to them.
kon hiagian in usa ha amon nga mayada hini nga kupa, kinahanglan pagpatayon hiya, ngan magigin mga oripon nimo kami ngatanan.”	if any of your servants is found to have it, he will die; and the rest of us will become my lords slaves.”
sanglit ginhawas dayon nira ha tuna an ira mga sako, ngan ginbukas an sako han kada tawo.	each of them quickly lowered his sack to the ground and opened it.
ginpakianhan mo kami, ‘mayada ba niyo amay, o lain nga bugto nga lalake?’	my Lord asked his servants, ‘do you have a father or a brother?’
ginsiring mo kami hin pagdara ha iya nganhi basi makakita ka ha iya,	“then you said to your servants, ‘bring him down to me so i can see him for myself.’
“han pagbalik namon ngadto han amon amay, amon hiya ginsumatan han imo iginsiring.	when we went back to your servant my father, we told him what my Lord had said.
niyan ginpabalik kami niya ngan ginpapalit hin pagkaon.	“then our father said, ‘go back and buy a little more food.’
ikaduha pala ka tuig ini nga gutom dinhe ha tuna; mayada lilima pa ka tuig nga mawawaray pagarado o pagani.	for two years now there has been famine in the land, and for the next five years there will be no plowing and reaping.
diri hira angay mabaraka hin pagbaya han ira mga butang; magtatagiya hira han gimamaupayi dinhe han bugos nga tuna han Ehipto.”	never mind about your belongings, because the best of all Egypt will be yours.’ ””
ginpagikan niya an iya kabugtoan ngan han nalakat na hira, gintugon niya hira, “ayaw kamo pagaruaraway dida han dalan.”	then he sent his brothers away, and as they were leaving he said to them, “dont quarrel on the way!”
ginmawas hira han Ehipto ngan nangoli hira ngadto kan Jacob nga ira amay didto ha Canaan.	so they went up out of Egypt and came to their father Jacob in the land of Canaan.
ngan an mga anak nga kalalakenan ni ruben: hira hanoc, falu, hesron, ug carmi.	the sons of Reuben: hanok, pallu, hezron and karmi.
hi Levi ngan an iya mga anak: hira gerson, coat, ug merari.	the sons of Levi: gershon, kohath and merari.
hi isacar ngan an iya mga anak: hira tola, pua, jasub, ug simron.	the sons of Issachar: tola, puah, jashub and shimron.
hi zabulon ngan an iya mga anak: hira sered, elon, ug jaleel.	the sons of Zebulun: sered, elon and jahleel.
hi Gad ngan an iya mga anak: hira sifeon, hagi, suni, ezbon, eri, arod, ug areli.	the sons of Gad: zephon, haggi, shuni, ezbon, eri, arodi and areli.
naganak hira raquel ug Jacob hin duha nga lalake: hira Jose ug Benjamin.	the sons of jacobs wife Rachel: Joseph and Benjamin.
hira bela, bequer, asbel, gera, naaman, ehi, ros, mupim, hupim, ug ard nga mga anak ni Benjamin.	the sons of Benjamin: bela, beker, ashbel, gera, naaman, ehi, rosh, muppim, huppim and ard.
amo ini nga 14 an mga tulin nira Jacob ug raquel.	these were the sons of Rachel who were born to jacobfourteen in all.
hi Dan ngan hi husim nga iya anak.	the son of Dan: hushim.
hi neftali ngan an iya mga anak: hira jazeel, guni, jezer, ug silem.	the sons of Naphtali: jahziel, guni, jezer and shillem.
kon tawgon kamo han hadi ngan magpakiana kon ano an iyo pagpakabuhi,	when pharaoh calls you in and asks, ‘what is your occupation?’
niyan iginpakilala niya han hadi an iya kabugtoan.	he chose five of his brothers and presented them before pharaoh.
nagsiring an hadi kan Jose, “yana nga nagkaabot na an imo amay ngan an imo kabugtoan,	pharaoh said to Joseph, “your father and your brothers have come to you,
niyan gindara ni Jose hi Jacob nga iya amay ngan iginpakilala hiya han hadi. ginbendisyonan ni Jacob an hadi,	then Joseph brought his father Jacob in and presented him before pharaoh. after Jacob blessed pharaoh,
ngan ginpakianhan hiya han hadi, “pira na an imo panuigon?”	pharaoh asked him, “how old are you?”
ginbendisyonan ni Jacob hin panamilit an hadi, ngan linmakat hiya.	then Jacob blessed pharaoh and went out from his presence.
ginhimo ni Jose nga mga oripon an mga tawo tikang ha usa ngadto ha luyo nga kataposan han Ehipto.	and Joseph reduced the people to servitude, from one end of Egypt to the other.
binmaton hira, “gintalwas mo an amon mga kinabuhi; kinalooyan mo kami, ngan mga oripon kami han hadi.”	“you have saved our lives,” they said. “may we find favor in the eyes of our Lord; we will be in bondage to pharaoh.”
han paghikiti la ni Jacob han mga anak ni Jose, nagpakiana hiya, “hira hino ini?”	when Israel saw the sons of Joseph, he asked, “who are these?”
niyan ginkuha ni Jose tikang han mga paa ni Jacob an mga bata, ngan hinmapa hi Jose ha atubangan ni Jacob.	then Joseph removed them from israels knees and bowed down with his face to the ground.
“pagalirong ngan pamati kamo mga anak ni Jacob. pamati kan Israel nga iyo amay.	“assemble and listen, sons of Jacob; listen to your father Israel.
“magbugto hira Simeon ug Levi. ginagamit nira hin paglupig an ira mga hinganiban.	“Simeon and Levi are brothers— their swords are weapons of violence.
magpula an iya mga mata tungod hin pagininom hin bino, magbusag an iya mga ngipon tungod hin pagininom hin gatas.	his eyes will be darker than wine, his teeth whiter than milk.
“pareho la hin asno hi isacar nga naunat hin pagluob ha butnga han mga magbugat nga mga dara han asno.	“Issachar is a rawboned donkey lying down among the sheep pens.
“mahihinto nga pangulo han iya katawhan hi Dan. masusugad hira han iba nga mga tribo han Israel.	“Dan will provide justice for his people as one of the tribes of Israel.
“naghuhulat ako han imo pagtalwas, o Ginoo ..	“i look for your deliverance, Lord ..
“pagsusulongon hi Gad hin hugpo hin mga tikasan, kundi aasdangon ngan lalanaton niya hira.	“Gad will be attacked by a band of raiders, but he will attack them at their heels.
“mabunga hin magrasa nga pagkaon an tuna ni aser. mahatag hiya hin pagkaon nga angay para hin usa nga hadi.	“ashers food will be rich; he will provide delicacies fit for a king.
“usa nga layaw nga bugsok hi neftali, nga nagaanak hin magtahom nga mga nati.	“Naphtali is a doe set free that bears beautiful fawns.
sinusulong hiya hin waray kalooy han iya mga kaaway, ngan ginlalanat hiya han ira mga pana.	with bitterness archers attacked him; they shot at him with hostility.
“sugad hin mapintas nga lubo hi Benjamin. pinapatay an iya tinutukob ngan kinakaon adlaw gabi.”	“Benjamin is a ravenous wolf; in the morning he devours the prey, in the evening he divides the plunder.”
ginpalit tikang han mga hiteohanon an uma ngan an lungib nga aada hini. iglubong ako niyo didto.”	the field and the cave in it were bought from the Hittites. ””
hinangkopan dayon ni Jose an iya amay ngan nagtinangis nga naghihinarok han iya bayhon.	Joseph threw himself on his father and wept over him and kissed him.
binmaton an hadi, “kadto na ngan iglubong an imo amay sumala han imo iginsumpa.”	pharaoh said, “go up and bury your father, as he made you swear to do.”
binmunyog liwat ha iya in mga tawo nga mga dikaruwahe, ngan mga dikabayo; dako hin duro adto nga hugpo.	chariots and horsemen also went up with him. it was a very large company.
sanglit ginbuhat han mga anak ni Jacob sumala han iginsugo niya ha ira;	so jacobs sons did as he had commanded them:
sanglit nagpadara hira kan Jose hini nga mensahe: “han waray pa kamamatay an aton amay,	so they sent word to Joseph, saying, “your father left these instructions before he died:
kundi nagsiring ha ira hi Jose, “ayaw kamo kahadlok. diri ako makakahimo hin pagsaliwan han dyos.	but Joseph said to them, “dont be afraid. am i in the place of God?
nagpadayon hi Jose hin pagukoy didto ha Ehipto upod han panimalay han iya amay; 110 na an iya panuigon han kamatay niya.	Joseph stayed in Egypt, along with all his fathers family. he lived a hundred and ten years
maaanaw hira ngatanan, kundi magpapabilin ka; madadaan hira ngatanan sugad hin mga panapton.	they will perish, but you remain; they will all wear out like a garment.
sanglit kinahanglan tipigan ta gud hin maupay an mga kamatuoran nga aton hinbatian, basi diri kita mahianod.	we must pay the most careful attention, therefore, to what we have heard, so that we do not drift away.
waray igbutang han dyos an mga anghel nga maghahadi han tiarabot nga bago nga kalibutanan kalibutan nga amon hinnanabihan.	it is not to angels that he has subjected the world to come, about which we are speaking.
ngan matalwas niya adton mga naoripon ha bugos nira nga kinabuhi tungod han ira kahadlok han kamatayon.	and free those who all their lives were held in slavery by their fear of death.
ngan yana makakabulig na hiya hadton mga ginsusulay, kay ginsulay ngan nagantos man hiya ngahaw.	because he himself suffered when he was tempted, he is able to help those who are being tempted.
matuod, hinimo hin tawo an kada balaykundi an dyos an naghimo han ngatanan nga mga butang.	for every house is built by someone, but God is the builder of everything.
sanglit sumala han siring han Espiritu Santo: santo: “kon hibatian niyo an tingog han dyos yana nga adlaw,	so, as the Holy Spirit spirit says: “today, if you hear his voice,
ira ako ginsulay ngan ginsarihan didto, nasiring an dyos, bisan kon hinkitan nira an akon ginbuhat sulod hin kwarenta ka tuig.	where your ancestors tested and tried me, though for forty years they saw what i did.
napungot ngan nanumpa ako: ‘diri gud hira makakasulod ngan makakapahuway upod ha akon!’”	so i declared on oath in my anger, ‘they shall never enter my rest.’ ””
sanglit aton nakikita nga waray hira makasulod, kay waray man hira tumoo.	so we see that they were not able to enter, because of their unbelief.
amo man gihapon ini an ginsiring: “diri gud hira makasulod ngan makakapahuway upod ha akon.”	and again in the passage above he says, “they shall never enter my rest.”
kundi mayada adlaw nga pagpahuway para han mga tawo han dyos sugad han pagpahuway han dyos ha ikapito ka adlaw.	there remains, then, a sabbathrest for the people of God;
nagsiring liwat hiya ha lain nga bahin hin kasuratan, “magigin padi ka ha kadayonan, sugad han pagkapadi ni melquisedec.”	and he says in another place, “you are a priest forever, in the order of melchizedek.”
kundi bisan kon anak hiya han dyos nahibaro hiya hin kamasinugtanon pinaagi han iya mga pagantos.	son though he was, he learned obedience from what he suffered
han kahingpit na niya, nahimo hiya nga burabod han dayon nga katalwasan para hadton ngatanan nga masinugtanon ha iya.	and, once made perfect, he became the source of eternal salvation for all who obey him
ngan iginpakilala hiya han dyos nga labaw hiya nga padi, dida han hugpo hin pagkapadi ni melquisedec.	and was designated by God to be high priest in the order of melchizedek.
damo pa unta an amon isisiring hiunong hini nga butang, kundi makuri an pagsaysay hini ha iyo, kay mahinay gud kamo makasabot.	we have much to say about this, but it is hard to make it clear to you because you no longer try to understand.
yana pagpadayon na kita! ngan amo ini an aton bubuhaton, kon itugot ini han dyos.	and God permitting, we will do so.
hinaraan na nira an kamaupay han pulong han dyos, ngan nakatagamtam na hira han mga gahom han tiarabot nga panahon.	who have tasted the goodness of the word of God and the powers of the coming age
nagsiring hiya, “nagsasaad ako ha imo nga pagpapakaupayon ko ikaw ngan ihahatag ko ha imo in damo nga katulinan.”	saying, “i will surely bless you and give you many descendants.”
ginilob ini ni Abraham, sanglit kinarawat niya an iginsaad han dyos.	and so after waiting patiently, Abraham received what was promised.
waray ruhaduha nga darudako an nagbebendisyon kay han ginbebendisyonan.	and without doubt the lesser is blessed by the greater.
kay kon liwanan an pagkapadi, kinahanglan liwanan liwat an balaod.	for when the priesthood is changed, the law must be changed also.
naklaro ini nga butang; dida han pagpakita hin lain nga padi nga sugad kan melquisedec.	and what we have said is even more clear if another priest like melchizedek appears,
kay nasiring an kasuratan, “magpapadi ka ha kadayonan, dida han hugpo hin pagkapadi ni melquisedec.”	for it is declared: “you are a priest forever, in the order of melchizedek.”
sanglit binayaan an daan nga lagda, kay maluya ini ngan waray gamit.	the former regulation is set aside because it was weak and useless
labot pa, aada liwat an sumpa han dyos. waray sugad hini nga sumpa han kahimo nga padi han iba.	and it was not without an oath! others became priests without any oath,
sanglit ini nga kalainan naghimo kan Jesus nga karigonan hin mauruupay nga ginsaaran.	because of this oath, Jesus has become the guarantor of a better covenant.
kundi buhi hin kadayonan hi Jesus, ngan an iya buruhaton hini pagkapadi waray itubyan ha iba.	but because Jesus lives forever, he has a permanent priesthood.
kon waray pa sayop an syahan nga ginsaaran, waray na unta kinahanglan hin ikaduha.	for if there had been nothing wrong with that first covenant, no place would have been sought for another.
pasasayloon ko an ira mga sala, ngan diri ko na hinunumdoman an ira mga kasaypanan.”	for i will forgive their wickedness and will remember their sins no more.”
an syahan nga ginsaaran mayada mga turumanon ngan mayada dapit hin pagsingba nga hinimo la hin tawo.	now the first covenant had regulations for worship and also an earthly sanctuary.
ha luyo han ikaduha nga biray mayada tulda nga ginngaranan nga labi ka baraan nga dapit.	behind the second curtain was a room called the most holy place,
kon mayada testamento, kinahanglan nga hibaroan nga patay na an naghimo,	in the case of a will, it is necessary to prove the death of the one who made it,
kay waray gamit an testamento samtang buhi pa an naghimo; may gamit la kon patay na an naghimo.	because a will is in force only when somebody has died; it never takes effect while the one who made it is living.
amo man ngani nga bisan an syahan nga ginsaaran ginparigon pinaagi hin paggamit hin dugo.	this is why even the first covenant was not put into effect without blood.
ngan nagsiring hiya, “amo ini an dugo nga nagpaparigon han ginsaaran nga ginsugo han dyos nga pagtumanon niyo.”	he said, “this is the blood of the covenant, which God has commanded you to keep.”
kinahanglan mamatay an tagsatagsa makausa, ngan katapos hini paghukman hiya han dyos.	just as people are destined to die once, and after that to face judgment,
kundi, sugad hito yana an mga paghalad nagpapahinumdom matagtuig han mga tawo han ira mga sala.	but those sacrifices are an annual reminder of sins.
kay diri gud makakakuha han mga sala an dugo han mga baka ngan mga kanding.	it is impossible for the blood of bulls and goats to take away sins.
diri ka nalilipay hin mga mananap nga ginsusunog ha bawbaw han halaran, o hin mga halad pagkuha hin mga sala.	with burnt offerings and sin offerings you were not pleased.
didto naghuhulat hiya yana tubtob nga himoon han dyos an iya mga kaaway nga taramakan han iya mga tiil.	and since that time he waits for his enemies to be made his footstool.
sanglit pinaagi hin usa la nga paghalad hin unong ginhingpit niya ha kadayonan adton mga nalinisan han sala.	for by one sacrifice he has made perfect forever those who are being made holy.
ngan nagpapamatuod liwat ha aton an Espiritu Santo. santo. una han ngatanan nagsiring hiya,	the Holy Spirit spirit also testifies to us about this. first he says:
ngan, nasiring hiya, “diri na gud ako manunomdom han ira mga sala ngan magraot nga mga binuhatan.”	then he adds: “their sins and lawless acts i will remember no more.”
sanglit kon ginpasaylo na ini nga mga sala, diri na kinahanglan in halad pagkuha hin mga sala.	and where these have been forgiven, sacrifice for sin is no longer necessary.
ginabrehan niya para ha aton in bago ngan buhi nga aragian, pinaagi han birayha aton pa, pinaagi han iya kalugaringon nga lawas.	by a new and living way opened for us through the curtain, that is, his body,
mayada kita gamhanan nga padi nga tinaporan han balay han dyos.	and since we have a great priest over the house of God,
kapti naton hini maupay an aton paglaom, kay makakasarig kita han dyos nga magtutuman han iya saad.	let us hold unswervingly to the hope we profess, for he who promised is faithful.
pagdinasigay kita ha usa kag usa hin pagpakita han gugma ngan pagbuhat hin maupay.	and let us consider how we may spur one another on toward love and good deeds,
ginpapatay hin waray kalooy an nagtatalapas han balaod ni Moises, kon paghukman hin duha o tulo nga mga testigo nga salaan.	anyone who rejected the law of Moses died without mercy on the testimony of two or three witnesses.
makalilisang an pagkahulog ngadto han mga kamot han buhi nga dyos!	it is a dreadful thing to fall into the hands of the living God.
sanglit ayaw gud kamo pagturaw kay nagdadara ini hin dako nga kabaralsan.	so do not throw away your confidence; it will be richly rewarded.
kinahanglan magmailobon kamo basi makagtuman kamo han kaburuton han dyos, ngan karawaton niyo an iya mga iginsasaad.	you need to persevere so that when you have done the will of God, you will receive what he has promised.
kay sumala han siring han kasuratan, “gutiay na la an panahon, ngan maabot na hiya nga ginpipinamulat, diri hiya maglalangan.	for, “in just a little while, he who is coming will come and will not delay.”
diri kita mga tawo nga matalikod ngan mawawara. lugod, mayada kita pagtoo, ngan natatalwas kita.	but we do not belong to those who shrink back and are destroyed, but to those who have faith and are saved.
pinaagi han ira pagtoo an mga tawo hadton una nga panahon ginpakaupay han dyos.	this is what the ancients were commended for.
kay ginhulat ni Abraham an syudad nga an dyos amo an nagplano, naglarang ngan nagtukod, kanay patukoranan diri gud mapupukan.	for he was looking forward to the city with foundations, whose architect and builder is God.
adton naghimangraw hin sugad, nagpapasabot nga nagbibiling hira hin tuna nga ira kalugaringon.	people who say such things show that they are looking for a country of their own.
waray na hira mangandoy han tuna nga ira tinalikdan; kon naghunahuna pa hira, mayada pa unta nira higayon hin pagbalik.	if they had been thinking of the country they had left, they would have had opportunity to return.
nagsiring an dyos kan Abraham, “magkakamayada ka mga tulin pinaagi kan Isaac.”	even though God had said to him, “it is through Isaac that your offspring will be reckoned.”
tungod hin pagtoo, nagsaad hi Isaac kanda Jacob ug Esau hin mga kaupayan para han tiarabot nga panahon.	by faith Isaac blessed Jacob and Esau in regard to their future.
tungod hin pagtoo hi Moises, han batanon na hiya, nagdumiri nga tawgon hiya nga anak han anak nga babaye ni paraon.	by faith Moses, when he had grown up, refused to be known as the son of pharaohs daughter.
tungod hin pagtoo napukan an mga pader han jerico, katapos paglibota han mga israelita sulod hin pito ka adlaw.	by faith the walls of Jericho fell, after the army had marched around them for seven days.
ginpakaalohan ngan ginhampak an iba, ngan ginggapos ngan ginbilanggo an iba.	some faced jeers and flogging, and even chains and imprisonment.
kay mayada pa an dyos mauroupay nga paglarang para ha aton. tuyo han dyos nga mahihingpit la hira kon upod kita ha ira.	since God had planned something better for us so that only together with us would they be made perfect.
kay ha iyo pakigaway han sala, waray pa kamo mahitangpi han kamatayon.	in your struggle against sin, you have not yet resisted to the point of shedding your blood.
kay sinasaway han Ginoo an iya hinihigugma, ngan ginkakastigo niya an kinakarawat niya nga iya anak.”	because the Lord disciplines the one he loves, and he chastens everyone he accepts as his son.”
sanglit alsaha niyo an iyo kinakapoy nga mga kamot, ngan pakusga an iyo magluya nga mga tuhod!	therefore, strengthen your feeble arms and weak knees.
sulsoga niyo an matadong nga mga dalan, basi may gamit an piay nga tiil ngan maupay dayon.	“make level paths for your feet,” so that the lame may not be disabled, but rather healed.
talinguhaa hin pakigdaet ha ngatanan nga mga tawo, ngan pagukoy hin baraan nga kinabuhi, kay gawas hini waray makita han Ginoo.	make every effort to live in peace with everyone and to be holy; without holiness no one will see the Lord.
makalilisang hin duro adto nga taranawon nga nakasiring hi Moises, “nangungurog ngan nahahadlok ako!”	the sight was so terrifying that Moses said, “i am trembling with fear.”
kay kalayo gud nga nakakaugtang an aton dyos.	for our “God is a consuming fire.”
ipadayon an iyo minagburugto nga pagsihigugmaay dida ha pagalagad kan Cristo.	keep on loving one another as brothers and sisters.
sanglit pagmaisog kita ngan magsiring, “an Ginoo an akon kabulig, diri ako mahahadlok. ano ba in sadang buhaton ha akon?”	so we say with confidence, “the Lord is my helper; i will not be afraid. what can mere mortals do to me?”
amo la gihapon hi jesucristo hadto, yana, ngan ha kadayonan.	Jesus Christ is the same yesterday and today and forever.
an mga padi nga nagaalagad didto han arampoan han mga judiyo waray katungod hin pagkaon han mga hinalad ha aton altar.	we have an altar from which those who minister at the tabernacle have no right to eat.
sanglit kadto kita ha iya ha gawas han kampo, ngan angbit kita han makaaalo nga ginbuhat ha iya.	let us, then, go to him outside the camp, bearing the disgrace he bore.
kay waray dayon nga syudad para ha aton dinhe ha tuna; nangingita kita han syudad nga tiarabot.	for here we do not have an enduring city, but we are looking for the city that is to come.
ayaw hingalimti an pagbuhat hin maupay nga an pagbinuligay, kay amo ini an mga halad nga nakakalipay han dyos.	and do not forget to do good and to share with others, for with such sacrifices God is pleased.
ngan nanginginyupo pa gud ako ha iyo nga magampo kamo nga pabalikon ako han dyos ngada ha iyo ha madali nga panahon.	i particularly urge you to pray so that i may be restored to you soon.
maada unta ha iyo ngatanan an grasya han dyos.	grace be with you all.
kabugtoan ko, hunahunaa niyo nga palaran kamo kon naatubang kamo hin magkalainlain nga mga pagsulay,	consider it pure joy, my brothers and sisters, whenever you face trials of many kinds,
kay kon nagdadaog an iyo pagtoo hin sugad nga mga pagsulay, pagpakita ito nga nahibaro kamo hin pagilob.	because you know that the testing of your faith produces perseverance.
seguroha nga magpadayon an iyo kamailobon, basi mahingpit kamo, ngan mawaray kakulangan dida ha iyo.	let perseverance finish its work so that you may be mature and complete, not lacking anything.
kinahanglan magmalipayon an kablas nga bugto kon pahitason hiya han dyos,	believers in humble circumstances ought to take pride in their high position.
ngan an riko nga bugto kon paubson hiya han dyos. kay magpapapas an manggaranon sugad han bukad han tanom ha kapatagan.	but the rich should take pride in their humiliationsince they will pass away like a wild flower.
kundi nasusulay an tawo kon nahuhugay ngan nabibitik hiya han iya kalugaringon nga maraot nga ungara.	but each person is tempted when they are dragged away by their own evil desire and enticed.
hinigugma ko nga kabugtoan, ayaw kamo pagpalimbong!	dont be deceived, my dear brothers and sisters.
diri nakakatuman han matadong nga tuyo han dyos an kasina han tawo	because human anger does not produce the righteousness that God desires.
natanaw hiya hin maupay ha iya ngahaw, ngan katapos nalakat hiya, ngan hinngangalimtan dayon kon ano an iya hitsura.	and, after looking at himself, goes away and immediately forgets what he looks like.
dida hito nakakasala na kamo hin ka mayada niyo pinili nga mga tawo ngan hin paghukom nga pinasikad hin magraot nga mga panuyo.	have you not discriminated among yourselves and become judges with evil thoughts?
amo hira an nagmiminanggad hito nga maupay nga ngaran nga iginhatag han dyos ha iyo.	are they not the ones who are blaspheming the noble name of him to whom you belong?
an nagtatalapas hin usa nga sugo han balaod, nagtatalapas han ngatanan.	for whoever keeps the whole law and yet stumbles at just one point is guilty of breaking all of it.
pagyakan ngan panggawi kamo sugad hin mga tawo nga paghuhukman han balaod nga nagtatalwas han mga tawo.	speak and act as those who are going to be judged by the law that gives freedom,
kay diri malolooy an dyos kon maghukom na hiya han tawo nga waray pagkalooy. kundi dinadaog gud han kalooy an paghukom.	because judgment without mercy will be shown to anyone who has not been merciful. mercy triumphs over judgment.
pananglit mayada kabugtoan nga nagkikinahanglan hin mga panapton ngan kulang hin pagkaon.	suppose a brother or a sister is without clothes and daily food.
amo man ini an pagtoo: kon pagtoo la, ngan waray padis nga buhat, patay ito nga pagtoo.	in the same way, faith by itself, if it is not accompanied by action, is dead.
natoo ka ba nga may uusa la nga dyos? maupay! natoo man liwat hini an mga yawa ngan nangungurog hira hin kahadlok.	you believe that there is one God. good! even the demons believe thatand shudder.
lurong ka! karuyag ba nimo hikitan nga waray kapulsanan an pagtoo nga diri inupdan hin mga buhat?	you foolish person, do you want evidence that faith without deeds is useless ??
sanglit nakikita niyo nga giniisip nga matadong sa dyos an tawo pinaagi han iya ginbubuhat ngan diri tungod la han iya pagtoo.	you see that a person is considered righteous by what they do and not by faith alone.
sanglit, sugad nga patay an lawas kon waray espiritu; patay man an pagtoo kon waray mga buhat.	as the body without the spirit is dead, so faith without deeds is dead.
kundi waray pa gud tawo nga nakagpaanad han dila. maraot ngan makuri kapugngan, ngan puno hin makamaratay nga hilo.	but no human being can tame the tongue. it is a restless evil, full of deadly poison.
naguwa ha usa la nga baba in mga pulong hin pagpasalamat ngan pagpakaraot. kabugtoan ko, diri ini angay mahinabo!	out of the same mouth come praise and cursing. my brothers and sisters, this should not be.
diri mahihimo nga matikang hin usa ngan amo la ngahaw nga burabod in matamis ug mapait nga tubig.	can both fresh water and salt water flow from the same spring?
diri natikang ha langit ini nga kinaadman; kinalibutanon la ini, yawanon ngan diri espirituhanon.	such “wisdom” does not come down from heaven but is earthly, unspiritual, demonic.
kon hain an pangabugho ngan kahalot, aadto man an kasamok ngan ngatanan nga karatan.	for where you have envy and selfish ambition, there you find disorder and every evil practice.
ngan an pagkamatadong amo an naaani nga bunga han mga binhe nga itinatanom han mga nagbubuhat dida hin kalinaw.	peacemakers who sow in peace reap a harvest of righteousness.
sanglit, pagsugot kamo han dyos. atohi niyo an yawa ngan mapahirayo hiya ha iyo.	submit yourselves, then, to God. resist the devil, and he will flee from you.
pagmabidoon kamo, pagnguyngoy, ngan pagtangis; saliwani niyo hin pagtangis an iyo katatawa, ngan kabidoan an iyo kalipayan!	grieve, mourn and wail. change your laughter to mourning and your joy to gloom.
pagpaubos kamo ha atubangan han Ginoo ngan pagpapahitason kamo niya.	humble yourselves before the Lord, and he will lift you up.
amo unta ini an angay niyo igsiring, “kon tumugot an Ginoo, mabubuhi pa kami, ngan magbubuhat kami hini o hadto.”	instead, you ought to say, “if it is the lords will, we will live and do this or that.”
kundi yana mapinahitason ngan nanhahambog kamo; sayop in sugad nga panhambog.	as it is, you boast in your arrogant schemes. all such boasting is evil.
sanglit, nakakasala an tawo nga diri nagbubuhat han maupay nga iya hinbabaroan nga angay niya buhaton.	if anyone, then, knows the good they ought to do and doesnt do it, it is sin for them.
ngan yana, pamatii ako niyo, kamo nga mga riko! pagtangis ngan pagnguyngoy kamo tungod han mga kagulanan nga tiarabot ha iyo!	now listen, you rich people, weep and wail because of the misery that is coming on you.
nadunot na an iyo mga manggad ngan ginkutkot na an iyo mga panapton.	your wealth has rotted, and moths have eaten your clothes.
ginsirotan nga ginpatay niyo an tawo nga waray sala, ngan waray hiya umato ha iyo.	you have condemned and murdered the innocent one, who was not opposing you.
kinahanglan magmailobon liwat kamo. magmalinaomon gud kamo kay hirani na an adlaw han pagabot han Ginoo.	you too, be patient and stand firm, because the lords coming is near.
mayada ba nagkukuri ha iyo? kinahanglan magampo hiya. mayada ba malipayon? kinahanglan magkanta hiya hin mga pagdayaw.	is anyone among you in trouble? let them pray. is anyone happy? let them sing songs of praise.
nagampo liwat hiya, ngan inmuran ngan nanmunga an mga tanom ha tuna.	again he prayed, and the heavens gave rain, and the earth produced its crops.
kabugtoan ko, kon mahimulag tikang han kamatuoran in usa ha iyo, ngan mayada usa nga makapabalik ha iya,	my brothers and sisters, if one of you should wander from the truth and someone should bring that person back,
binmaton an Ginoo ,, “an tribo ni Juda an mauna, kay igintubyan ko na ha ira ini nga tuna.”	the Lord answered, “Judah shall go up; i have given the land into their hands.”
tikang didto ginsulong han mga tawo han Juda an syudad han dabir nga hadto nga panahon ginngaranan nga quiriatsefer.	from there they advanced against the people living in debir (formerly called kiriath sepher).
sumala han sugo ni Moises, iginhatag an Hebron kan Caleb nga nagpaiwas ha syudad han tulo nga mga banay nga mga tulin ni anac.	as Moses had promised, Hebron was given to Caleb, who drove from it the three sons of anak.
an pagultan han mga edomitanhon natikang ha amihanan nga dapit han sela tipakadto han aragian han akrabim.	the boundary of the Amorites was from scorpion pass to sela and beyond.
sanglit ginngaranan nga boquim ini nga dapit. didto naghalad hira hin mga hayop nga ira tutuboron para han Ginoo ..	and they called that place bokim. there they offered sacrifices to the Lord ..
namatay hi josue nga anak ni nun, nga surugoon han Ginoo ha panuigon nga 110.	Joshua son of nun, the servant of the Lord ,, died at the age of a hundred and ten.
niyan nakasala han Ginoo an mga tawo han Israel ngan nagalagad na hira han mga baal.	then the Israelites did evil in the eyes of the Lord and served the baals.
hinmunong hira hin pagsingba han Ginoo ngan ginalagad nira an mga baal ngan an mga astarte.	because they forsook him and served baal and the ashtoreths.
niyan tinagan han Ginoo an mga israelita hin mga maghurukom nga amo an magtatalwas ha ira tikang han mga parapanikas.	then the Lord raised up judges, who saved them out of the hands of these raiders.
diri ko na paiiwason an mga nasod nga naguokoy pa han ira tuna han kamatay ni josue.	i will no longer drive out before them any of the nations Joshua left when he died.
nagkamayada kalinaw didto han tuna sulod hin kwarenta ka tuig, ngan katapos namatay hi otoniel.	so the land had peace for forty years, until othniel son of kenaz died.
ginsakop ni eglon an mga israelita sulod hin 18 ka tuig.	the Israelites were subject to eglon king of Moab for eighteen years.
niyan iya gindara an mga regalo ngadto kan eglon nga matambok hin duro nga tawo.	he presented the tribute to eglon king of Moab, who was a very fat man.
han paghatagan na ha iya ni ehud han mga regalo, ginpauli niya an mga tawo nga nagdara hini.	after ehud had presented the tribute, he sent on their way those who had carried it.
pinaagi han iya wala nga kamot hinulbot ni ehud an espada tikang han iya tuo nga kagiliran ngan iginbuno ini han tiyan han hadi.	ehud reached with his left hand, drew the sword from his right thigh and plunged it into the kings belly.
niyan ginmawas hi ehud, ginsadhan an mga porta, gintrangkahan ini,	then ehud went out to the porch ;; he shut the doors of the upper room behind him and locked them.
hito nga adlaw ginpirde han mga israelita an Moab, ngan nagkamayada kalinaw didto han tuna sulod hin 80 ka tuig.	that day Moab was made subject to Israel, and the land had peace for eighty years.
han kamatay ni ehud, nakasala na liwat han Ginoo an mga tawo han Israel.	again the Israelites did evil in the eyes of the Lord ,, now that ehud was dead.
hadto nga panahon an maghurukom han Israel amo hi debora, nga asawa ni lapidot, ngan usa hiya nga manaragna.	now Deborah, a prophet, the wife of lappidoth, was leading Israel at that time.
han paghibaro ni sisera nga sinmagka hi barac han bukid Tabor,	when they told sisera that barak son of abinoam had gone up to mount Tabor,
hito nga adlaw ginpadaog han dyos an mga israelita kontra kan jabin nga canaanhon nga hadi.	on that day God subdued jabin king of Canaan before the Israelites.
hito nga adlaw ginkanta nira debora ug barac ini nga kanta:	on that day Deborah and barak son of abinoam sang this song:
nangurog an kabukiran ha atubangan han Ginoo han Sinai, ha atubangan han Ginoo nga dyos han Israel.	the mountains quaked before the Lord ,, the one of Sinai, before the Lord ,, the God of Israel.
niyan linmugsong an mga magtinumanon ngadto han ira mga pangulo; kinmadto ha iya an mga tawo han Ginoo nga andam hin pakigaway.	“the remnant of the nobles came down; the people of the Lord came down to me against the mighty.
nakigaway an kabitunan tikang ha langit; han paglatas hini han kalangitan, nakigaway ini kontra kan sisera.	from the heavens the stars fought, from their courses they fought against sisera.
niyan nagkaabot an mga kabayo nga nagdadadlagan, nga an ira mga tiil nagbabandok han tuna.	then thundered the horses’ hooves— galloping, galloping go his mighty steeds.
nangaro hin tubig hi sisera, kundi tinagan hiya hin gatas; gindadan hiya hin keso dida hin mahusay nga makaong.	he asked for water, and she gave him milk; in a bowl fit for nobles she brought him curdled milk.
ginbaton hiya han iya magaram nga kababayenan, ngan hiya la an binmaton han iya kalugaringon.	the wisest of her ladies answer her; indeed, she keeps saying to herself,
ngan waray mahihimo han Israel hin pagkontra ha ira.	midian so impoverished the Israelites that they cried out to the Lord for help.
niyan nagtawag an mga tawo han Israel ngadto han Ginoo hin pakibulig kontra han mga madianitanhon.	when the Israelites cried out to the Lord because of midian,
pinmakita ha iya didto an anghel han Ginoo ngan nagsiring, “aada ha imo an Ginoo ,, ikaw nga maisog ngan kusgan nga tawo!”	when the angel of the Lord appeared to Gideon, he said, “the Lord is with you, mighty warrior.”
kundi nagsiring ha iya an Ginoo ,, “an kamurayaw maada ha imo! ayaw kahadlok. diri ka mapatay.”	but the Lord said to him, “peace! do not be afraid. you are not going to die.”
niyan nagsiring hi Gideon ngadto han dyos, “nagsiring ka nga gagamiton mo ako hin pagtalwas han Israel.	Gideon said to God, “if you will save Israel by my hand as you have promised—
kundi kon nahahadlok ka hin pagsulong, lugsong ngadto han kampo upod hi pura nga imo surugoon.	if you are afraid to attack, go down to the camp with your servant purah
sanglit nagsiring hiya ha ira, “mabalik ako nga waray ako maano, ngan kon bumalik na ako, rurumpagon ko ini nga torre!”	so he said to the men of peniel, “when i return in triumph, i will tear down this tower.”
han nabalik na hi Gideon tikang han pagawayan pinaagi han agianan han hares,	Gideon son of joash then returned from the battle by the pass of heres.
iya liwat ginrumpag an torre didto ha penuel ngan pinamatay an kalalakenan hito nga syudad.	he also pulled down the tower of peniel and killed the men of the town.
binmalik hi Gideon ngadto han iya kalugaringon nga balay ngan didto hiya nagukoy.	jerubbaal son of joash went back home to live.
mayada hiya 70 nga mga anak nga kalalakenan, kay damo an iya asawa.	he had seventy sons of his own, for he had many wives.
niyan ginsiring han kakahoyan an kahoy nga igos, ‘kadi ngan paghadii kami.’	“next, the trees said to the fig tree, ‘come and be our king.’
sanglit ginsiring han kakahoyan an ubas, ‘kadi ngan paghadii kami.’	“then the trees said to the vine, ‘come and be our king.’
sanglit ginsiring han ngatanan nga kakahoyan an tunukon nga kahoy, ‘kadi ngan paghadii kami.’	“finally all the trees said to the thornbush, ‘come and be our king.’
niyan tungod han iya kahadlok kan abimelec nga iya bugto, kinmalagiw hi jotam ngan didto nagukoy ha beer.	then jotham fled, escaping to beer, and he lived there because he was afraid of his brother abimelek.
naghadi han Israel hi abimelec sulod hin tulo ka tuig.	after abimelek had governed Israel three years,
nasina hi zebul nga pangulo han syudad han pagsumati ha iya han ginsiring ni gaal.	when zebul the governor of the city heard what gaal son of ebed said, he was very angry.
sanglit yana, kinahanglan lumakat ka ha gabi, ikaw ngan an imo mga tawo ngan tumago kamo ha kaumhan.	now then, during the night you and your men should come and lie in wait in the fields.
ginunhan ni gaal hin paggawas an mga tawo han siquem ngan nakigaway hira kan abimelec.	so gaal led out the citizens of Shechem and fought abimelek.
han pagkabuwas hinbaroan ni abimelec nga naglarang an mga tawo han siquem hin paggawas ngadto ha kaumhan,	the next day the people of Shechem went out to the fields, and this was reported to abimelek.
ginsumatan hi abimelec nga nagtitirok hira didto,	when abimelek heard that they had assembled there,
niyan kinmadto ha tebez hi abimelec, ginpalibotan niya ang syudad, ngan iya nabihag.	next abimelek went to thebez and besieged it and captured it.
han pagabot ni abimelec hin pagsulong han torre, kinmadto hiya ha porta hin pagsurit han torre.	abimelek went to the tower and attacked it. but as he approached the entrance to the tower to set it on fire,
kundi ginhulogan hiya hin usa nga babaye hin gilingan nga bato ngan nabasag an iya ulo.	a woman dropped an upper millstone on his head and cracked his skull.
han paghikiti han mga israelita nga patay na hi abimelec, nanguli hira ngatanan.	when the Israelites saw that abimelek was dead, they went home.
pangulo hiya han Israel sulod hin 23 ka tuig. katapos namatay hiya ngan ginlubong didto ha samir.	he led Israel twentythree years; then he died, and was buried in shamir.
katapos ni tola inmabot hi jair nga tagagalaad. nangulo hiya han Israel sulod hin 22 ka tuig.	he was followed by jair of Gilead, who led Israel twentytwo years.
namatay hi jair ngan iginlubong didto ha camon.	when jair died, he was buried in kamon.
kundi iyo ako gihapon ginbayaan ngan ginsingba niyo an iba nga kadiyosan, sanglit diri ko na kamo pagtatalwason liwat.	but you have forsaken me and served other gods, so i will no longer save you.
kadto ngan tawga niyo an kadiyosan nga iyo ginpili. hira an patalwasa ha iyo kon magkukuri kamo.”	go and cry out to the gods you have chosen. let them save you when you are in trouble!”
linmabay anay in panahon sano makigaway an mga amonitanhon kontra han Israel.	some time later, when the Ammonites were fighting against Israel,
ginsiring hiya nira, “kadi ngan pagpangulohi kami basi makaaway kami kontra han mga amonitanhon.”	“come,” they said, “be our commander, so we can fight the Ammonites.”
ginpabalik ni jefte in mga magsarangyaw ngadto han hadi han amon	jephthah sent back messengers to the ammonite king,
kundi waray gud bumali an hadi han amon hini nga mensahe tikang kan jefte.	the king of Ammon, however, paid no attention to the message jephthah sent him.
nagsaad han Ginoo hi jefte: “kon padagon mo ako han mga amonitanhon,	and jephthah made a vow to the Lord :: “if you give the Ammonites into my hands,
sunod kan jefte nangulo han Israel hi ibzan nga tagabetlehem.	after him, ibzan of Bethlehem led Israel.
katapos namatay hiya ngan iginlubong didto ha betlehem.	then ibzan died and was buried in Bethlehem.
katapos namatay hiya ngan iginlubong didto ha ayalon, ha katunaan han zabulon.	then elon died and was buried in aijalon in the land of Zebulun.
sunod kan elon nangulo han Israel hi abdon nga anak ni ilel nga tagafaraton.	after him, abdon son of hillel, from pirathon, led Israel.
ayaw gud paginom hin bino o irimnon nga makahurobog o pagkaon hin bisan ano nga igindidiri nga pagkaon;	now see to it that you drink no wine or other fermented drink and that you do not eat anything unclean.
binmaton an anghel han Ginoo ,, “kinahanglan buhaton han imo asawa an ngatanan nga akon iginsiring ha iya.	the angel of the Lord answered, “your wife must do all that i have told her.
pinmakiana an anghel, “kay ano nga karuyag niyo mahibaro han akon ngaran? makatitingala ini nga ngaran.”	he replied, “why do you ask my name? it is beyond understanding. ””
ginsiring ni manoa an iya asawa, “mamamatay gud kita kay kinita kita han dyos!”	“we are doomed to die!” he said to his wife. “we have seen God!”
usa ka adlaw linmugsong hi Samson ngadto ha timna diin hinkitan niya in usa nga babaye nga filisteohanon.	Samson went down to timnah and saw there a young philistine woman.
niyan kinmadto hiya ngan nakighimangraw hiya han babaye ngan naruyagan niya an babaye.	then he went down and talked with the woman, and he liked her.
han pakakita ha iya han mga filisteohanon, nagsugo hira hin 30 nga mga batanon nga kalalakenan hin pagpaupod ha iya.	when the people saw him, they chose thirty men to be his companions.
ngan iginhatag an iya asawa ngadto han tawo nga iya abay dida han pagkasal.	and samsons wife was given to one of his companions who had attended him at the feast.
nagsiring hi Samson, “hini nga higayon diri na ako manginginlabot han akon bubuhaton han mga filisteohanon!”	Samson said to them, “this time i have a right to get even with the Philistines; i will really harm them.”
nagkaabot an mga filisteohanon ngan nagkampo hira didto ha Juda. ginsulong nira an bungto han lehi.	the Philistines went up and camped in Judah, spreading out near lehi.
ginpangulohan ni Samson an Israel sulod hin 20 ka tuig samtang an mga filisteohanon naghahadi han tuna.	Samson led Israel for twenty years in the days of the Philistines.
katapos hini hinmigugma hi Samson hin usa nga babaye nga ginngaranan kan dalila nga nagukoy didto ha kahamuban han sorec.	some time later, he fell in love with a woman in the valley of sorek whose name was Delilah.
kundi nagtikang na liwat hin pagtubo an iya buhok.	but the hair on his head began to grow again after it had been shaved.
mayada hadto usa ka tawo nga ginngaranan kan miqueas, nga nagukoy didto han sagkahon nga nasod han efraim.	now a man named Micah from the hill country of ephraim
waray hadi didto ha Israel hito nga panahon; nagbuhat an kada tawo han bisan ano nga iya karuyag.	in those days Israel had no king; everyone did as they saw fit.
hito ngahaw nga panahon mayada usa nga batanon nga Levita nga nagukoy anay didto han bungto han betlehem ha Juda.	a young levite from Bethlehem in Judah, who had been living within the clan of Judah,
inmuyon an batanon nga Levita hin pagpabilin upod kan miqueas ngan nahimo hiya nga sugad hin usa han iya mga anak.	so the levite agreed to live with him, and the young man became like one of his sons to him.
gintudlok hiya nga padi ni miqueas ngan nagukoy hiya didto han balay ni miqueas.	then Micah installed the levite, and the young man became his priest and lived in his house.
binmaton hiya, “mayada kami ginkasabotan ngan hi miqueas nga nagsusuhol ha akon ha pagalagad ko nga padi para ha iya.”	he told them what Micah had done for him, and said, “he has hired me and i am his priest.”
binmaton an padi, “waray niyo sadang kabarakan. ginmamangnoan kamo han Ginoo dida hini nga iyo paglakaton.”	the priest answered them, “go in peace. your journey has the Lord ’s approval.”
tikang didto nagpadayon hira ngan inmabot hira ha balay ni miqueas didto han sagkahon nga nasod han efraim.	from there they went on to the hill country of ephraim and came to micahs house.
sanglit sinmulod hira ngadto han balay hi miqueas, nga inuokyan han batanon nga Levita, ngan pinangumosta nira an Levita.	so they turned in there and went to the house of the young levite at micahs place and greeted him.
binmalik hira ngan nagkalakat hira. naguna ha ira an ira kabataan, ira kabakahan, ngan an ira mga higamit.	putting their little children, their livestock and their possessions in front of them, they turned away and left.
mga israelita kamo ngatanan nga aanhi. ano an aton bubuhaton mahitungod hini?”	now, all you Israelites, speak up and tell me what you have decided to do.”
amo ini an aton bubuhaton: magriripa kita ngan magpipili hin mga tawo nga masulong han gabaa.	but now this is what well do to gibeah: well go up against it in the order decided by casting lots.
sanglit nagkatirok an ngatanan nga kalalakenan didto ha Israel ngan usa la an ira tuyopagsulong han bungto.	so all the Israelites got together and united as one against the city.
sanglit han pagkaaga nagkalakat an mga israelita ngan nagkampo hira hirani han syudad han gabaa.	the next morning the Israelites got up and pitched camp near gibeah.
ginsulong nira hin ika duha an kasondalohan han Benjamin.	then the Israelites drew near to Benjamin the second day.
sanglit ginpatago han mga israelita an iba han mga sondalo palibot han gabaa.	then Israel set an ambush around gibeah.
pinamatay in 18000 han gimamagupayi nga benjaminhon nga mga sondalo.	eighteen thousand benjamites fell, all of them valiant fighters.
han pagpundoka han mga tawo waray didto tagahabes.	for when they counted the people, they found that none of the people of jabesh Gilead were there.
pamataya an ngatanan nga kalalakenan ngan an ngatanan nga kababayenan nga diri na uray.”	“this is what you are to do,” they said. “kill every male and every woman who is not a virgin.”
nabido an mga tawo tungod han mga benjaminhon kay ginbungkag han Ginoo an pagkaurosa han mga tribo han Israel.	the people grieved for Benjamin, because the Lord had made a gap in the tribes of Israel.
ginsiring nira an mga benjaminhon, “pakadto ngan panago kamo didto han mga urubasan	so they instructed the benjamites, saying, “go and hide in the vineyards
waray hadi didto ha Israel hadto nga panahon. nagbuhat an kada tawo han bisan ano nga iya karuyag.	in those days Israel had no king; everyone did as they saw fit.
han waray pa himoa an kalibutan, nakada na an pulong. kausa han dyos an pulong, ngan dyos gud an pulong.	in the beginning was the word, and the word was with God, and the word was God.
tikang pa ha tinikangan kausa na han dyos an pulong.	he was with God in the beginning.
dida han pulong nakada an kinabuhi, ngan an kinabuhi amo an kapawa han mga tawo.	in him was life, and that life was the light of all mankind.
an kapawa naglamrag dida han kasisidman, ngan an kasisidman waray gud makaparong ha iya.	the light shines in the darkness, and the darkness has not overcome it.
mayada tawo nga Juan an ngaran nga ginsugo han dyos	there was a man sent from God whose name was John.
hin pagsumat han mga tawo mahitungod han kapawa, basi an ngatanan makabati han mensahe ngan tumoo.	he came as a witness to testify concerning that light, so that through him all might believe.
diri hiya amo an kapawa; kinmanhi hiya hin pagsumat mahitungod han kapawa.	he himself was not the light; he came only as a witness to the light.
amo ini an matuod nga kapawaan kapawa nga nakanhi ha kalibutan ngan nakalamrag han ngatanan nga katawhan.	the true light that gives light to everyone was coming into the world.
kinmanhi hiya han iya kalugaringon nga tuna, kundi waray hiya karawata han iya kalugaringon nga katawhan.	he came to that which was his own, but his own did not receive him.
ginhatag han dyos an balaod pinaagi kan Moises; kundi inmabot an grasya ngan kamatuoran pinaagi kan jesucristo.	for the law was given through Moses; grace and truth came through Jesus Christ.
waray hiya maglirong, kundi nagsumat hin waray lipodlipod, “diri ako an Mesiyas.”	he did not fail to confess, but confessed freely, “i am not the Messiah.”
an mga tawo nga ginsugo han mga parisiyo	now the Pharisees who had been sent
nagpakiana kan Juan, “kay ano nga nagbubunyag ka man, kon diri ka man ngayan an Mesiyas, o hi elias, o an manaragna?”	questioned him, “why then do you baptize if you are not the Messiah, nor Elijah, nor the prophet?”
binmaton hi Juan, “nagbubunyag ako hin tubig, kundi may usa dida ha iyo nga diri niyo kinikilala.	“i baptize with water,” John replied, “but among you stands one you do not know.
masunod hiya ha akon, kundi diri ngani ako takos bisan hin paghukas han iya sandalyas.”	he is the one who comes after me, the straps of whose sandals i am not worthy to untie.”
nahinabo ini ngatanan didto ha betania, sinirangan nga dapit han salog han Jordan, diin namumunyag hi Juan.	this all happened at Bethany on the other side of the Jordan, where John was baptizing.
akon ito hinkitan, ngan nagsusumat ako ha iyo nga hiya amo an anak han dyos.”	i have seen and i testify that this is gods chosen one.”
han pagkasunod nga adlaw didto na liwat hi Juan upod in duha niya nga mga tinunan.	the next day John was there again with two of his disciples.
han pakakita niya kan Jesus nga nalabay, nagsiring hiya, “kitaa, iini an kordero han dyos!”	when he saw Jesus passing by, he said, “look, the lamb of God!”
nakabati an duha niya nga mga tinunan han iya pagsiring hini, ngan binmunyog hira kan Jesus.	when the two disciples heard him say this, they followed Jesus.
usa han duha nga nakabati kan Juan ngan binmunyog kan Jesus, amo hi andres nga bugto ni Simon Pedro.	Andrew, Simon peters brother, was one of the two who heard what John had said and who had followed Jesus.
tagabetsaida ini hi felipe, ngan amo liwat an bungto nira andres ug Pedro.)	Philip, like Andrew and Peter, was from the town of bethsaida.
nagsiring hi natanael, “magturutdo, ikaw an anak han dyos, ikaw an hadi han Israel!”	then nathanael declared, “rabbi, you are the son of God; you are the king of Israel.”
paghagos hin duha ka adlaw, nagkaada kasal didto ha bungto han cana, ha Galilea. nakadto an iroy ni Jesus.	on the third day a wedding took place at cana in Galilee. Jesus’ mother was there,
gindapit liwat ngadto hini nga pagkasal hi Jesus, pati an iya mga tinunan.	and Jesus and his disciples had also been invited to the wedding.
han kaubos na han bino, ginsiring hi Jesus han iroy niya, “waray na hira bino.”	when the wine was gone, Jesus’ mother said to him, “they have no more wine.”
nagbaton hi Jesus, “babaye, ayaw ako pagbuti han akon bubuhaton. waray pa abot an akon panahon.”	“woman, why do you involve me?” Jesus replied. “my hour has not yet come.”
gintugon han iroy ni Jesus an mga surugoon, “buhata gud an bisan ano nga igsugo niya ha iyo.”	his mother said to the servants, “do whatever he tells you.”
ginsiring ni Jesus an mga surugoon, “puna niyo hin tubig ini nga mga tadyaw.” ginpuno nira ini tubtob ha ganggang,	Jesus said to the servants, “fill the jars with water” ;; so they filled them to the brim.
hiraniay na an pyesta han paglabay han mga judiyo, sanglit napakadto hi Jesus ha Jerusalem.	when it was almost time for the jewish passover, Jesus went up to Jerusalem.
nagbaton hi Jesus, “bungkaga niyo ini nga balay han dyos ngan titindogon ko liwat sulod hin tulo ka adlaw.”	Jesus answered them, “destroy this temple, and i will raise it again in three days.”
“kwarentay seis ka tuig an pagtindog hini nga templo, ngan titindogon mo ini sulod la hin tulo ka adlaw?” nagpakiana hira.	they replied, “it has taken fortysix years to build this temple, and you are going to raise it in three days?”
kundi an templo nga karuyag sidngon ni Jesus, amo an iya lawas.	but the temple he had spoken of was his body.
kundi waray tumagya ha ira hi Jesus, kay sayod hiya kaupay han ngatanan nga mga tawo.	but Jesus would not entrust himself to them, for he knew all people.
waray na kinahanglan nga sumatan pa hiya mahitungod han mga tawo, kay daan hiya sayod kon ano an aada ha ira mga kasingkasing.	he did not need any testimony about mankind, for he knew what was in each person.
mayada tawo nga nicodemo an ngaran, usa nga pangulo han mga judiyo, nga sakop han hugpo han mga parisiyo.	now there was a pharisee, a man named Nicodemus who was a member of the jewish ruling council.
tikang hin mga kaganak an lawasnon nga pagkatawo; kundi tikang han espiritu an espirituhanon nga pagkatawo.	flesh gives birth to flesh, but the spirit gives birth to spirit.
ayaw hipausa nga nasiring ako ha imo, ‘kinahanglan matawo na liwat kamo ngatanan!’	you should not be surprised at my saying, ‘you must be born again.’
“uunanhon man ini?” nagpakiana hi nicodemo.	“how can this be?” Nicodemus asked.
nagbaton hi Jesus, “bantogan ka nga magturutdo ha Israel, ngan diri ka ba nakakasabot hini?	“you are israels teacher,” said Jesus, “and do you not understand these things?
ngan waray pagud nakasaka ha langit labot han anak han tawo nga linmusad tikang ha langit!”	no one has ever gone into heaven except the one who came from heaventhe son of man.
basi makaangkon han dayon nga kinabuhi an ngatanan nga natoo ha iya.	that everyone who believes may have eternal life in him.”
waray pa hadto kapriso hi Juan.)	(this was before John was put in prison.)
may mga tinunan ni Juan nga nakiglantugi hin usa nga judiyo mahitungod hin turumanon han tuluohan bahin hin paglinis.	an argument developed between some of johns disciples and a certain jew over the matter of ceremonial washing.
nagbaton hi Juan, “waray maaangkon in bisan hino labot kon ihatag ito ha iya han dyos.	to this John replied, “a person can receive only what is given them from heaven.
kamo ngahaw an akon mga saksi nga nagsiring ako, ‘diri ako amo an Mesiyas, kundi ginsugo ako una ha iya.’	you yourselves can testify that i said, ‘i am not the Messiah but am sent ahead of him.’
kinahanglan magtikadungganan hiya, samtang magtikaubos ako.”	he must become greater; i must become less.”
nagsusumat hiya han iya hinkitan ngan hinbatian, kundi waray nakarawat han iya mensahe.	he testifies to what he has seen and heard, but no one accepts his testimony.
bisan hino nga nakarawat han iya mensahe, nagpapamatuod nga kasasarigan an dyos.	whoever has accepted it has certified that God is truthful.
nahigugma an amay han iya anak ngan igintapod ha iya gahom an ngatanan nga mga butang.	the father loves the son and has placed everything in his hands.
ha tinuod diri hi Jesus ngahaw an nanmunyag, kundi an iya la mga tinunan.)	although in fact it was not Jesus who baptized, but his disciples.
han paghibaro ni Jesus hini, binmaya anay hiya han Judea, ngan binmalik ngadto ha Galilea.	so he left Judea and went back once more to Galilee.
maagi gud hiya ha Samaria kon makadto hiya ha Galilea.	now he had to go through Samaria.
nagsiring an babaye, “hain ka man kukuha hito nga tubig, kay waray ka man ikarabo, ngan hilarom an atabay?	“sir,” the woman said, “you have nothing to draw with and the well is deep. where can you get this living water?
binmaton hi Jesus, “uuhawon la gihapon an bisan hino nga mainom hini nga tubig,	Jesus answered, “everyone who drinks this water will be thirsty again,
nagsiring hi Jesus ha iya, “kadto na, tawaga an imo bana ngan balik nganhi.”	he told her, “go, call your husband and come back.”
“waray ako asawa,” nagsiring an babaye. binmaton hi Jesus, “tama an imo siring nga waray ka bana,	“i have no husband,” she replied. Jesus said to her, “you are right when you say you have no husband.
kay lima na an imo iginkaasawa, ngan diri mo bana iton iginkakalungon mo yana. matuod gud an imo siring.”	the fact is, you have had five husbands, and the man you now have is not your husband. what you have just said is quite true.”
“naabat ako nga usa ka nga manaragna,” nagsiring an babaye.	“sir,” the woman said, “i can see that you are a prophet.
espiritu an dyos, ngan kinahanglan magsingba ha espiritu ngan ha kamatuoran an mga nagsisingba ha iya.”	God is spirit, and his worshipers must worship in the spirit and in truth.”
binmaton hi Jesus, “ako amo hiya, ako nga nakikighimangraw ha imo.”	then Jesus declared, “i, the one speaking to youi am he.”
binayaan han babaye an iya tibod ngan binmalik ngadto ha bungto. nagsiring hiya ha mga tawo didto,	then, leaving her water jar, the woman went back to the town and said to the people,
“tana, kitaa niyo an tawo nga nagsumat ha akon han ngatanan nga akon nabuhat. amo na ba hiya an Mesiyas?”	“come, see a man who told me everything i ever did. could this be the Messiah?”
sanglit binayaan nira an bungto ngan napakadto hira kan Jesus.	they came out of the town and made their way toward him.
hito ngahaw nga takna naghinangyo an mga tinunan kan Jesus, “magturutdo, kaon na!”	meanwhile his disciples urged him, “rabbi, eat something.”
kundi nagbaton hiya, “mayada ako pagkaon nga waray niyo hibabaroi.”	but he said to them, “i have food to eat that you know nothing about.”
sanglit may hin parupakiana an mga tinunan, “mayada ba nagdulong ha iya hin pagkaon?”	then his disciples said to each other, “could someone have brought him food?”
matuod an darahunon, ‘usa an nagtatanom, iba an nagaani.’	thus the saying ‘one sows and another reaps’ is true.
damo pa in tinmoo tungod han iya mensahe,	and because of his words many more became believers.
katapos hin duha ka adlaw didto, linmakat hi Jesus ngan pinmakadto ha Galilea.	after the two days he left for Galilee.
hiya ngahaw an nagsiring, “diri tinutuod an manaragna dida han iya kalugaringon nga tuna.”	(now Jesus himself had pointed out that a prophet has no honor in his own country.)
nagsiring hi Jesus ha iya, “waray gud ha iyo matoo labot kon hikitan niyo in dagko nga mga orosahon.”	“unless you people see signs and wonders,” Jesus told him, “you will never believe.”
nagbaton an opisyal, “tana Gad, upod ha akon nga diri pa napatay an akon anak.”	the royal official said, “sir, come down before my child dies.”
dida ha dalan, han tipauli hiya, ginsugat hiya han iya mga surugoon upod an sumat nga buhi an iya anak.	while he was still on the way, his servants met him with the news that his boy was living.
amo ini an ikaduha nga milagro nga ginbuhat ni Jesus han pagabot niya ha Galilea tikang ha Judea.	this was the second sign Jesus performed after coming from Judea to Galilee.
katapos hini, nagpyesta an mga judiyo ngan napakadto hi Jesus ha Jerusalem.	some time later, Jesus went up to Jerusalem for one of the jewish festivals.
nakada hini nga mga balkon in damo nga mga magsakitmga buta, mga piay, ngan mga lulid. [naghuhulat hira nga bumantad an tubig,	here a great number of disabled people used to liethe blind, the lame, the paralyzed.
may didto usa nga tawo nga 38 ka tuig na an iya kasakit.	one who was there had been an invalid for thirtyeight years.
ginsiring hiya ni Jesus, “buhat, dada an imo higdaan, ngan lakat.”	then Jesus said to him, “get up! pick up your mat and walk.”
naupay dayon an tawo; gindara niya an iya higdaan, ngan linmakat. nahinabo ini ha adlaw nga iparahuway,	at once the man was cured; he picked up his mat and walked. the day on which this took place was a sabbath,
binmaton hiya, “ginsiring ako han tawo nga nagtambal ha akon, ‘dada an imo higdaan ngan lakat.’”	but he replied, “the man who made me well said to me, ‘pick up your mat and walk.’ ””
nagpakiana hira ha iya, “hino ini nga tawo nga nagsugo ha imo hin pagdara han imo higdaan ngan lakat?”	so they asked him, “who is this fellow who told you to pick it up and walk?”
ngan linmakat an tawo ngan iya ginsumatan an mga punoan nga judiyo nga hi Jesus an nagtambal ha iya.	the man went away and told the jewish leaders that it was Jesus who had made him well.
tungod hini nagtikang hira pagdumot kan Jesus, kay ginbuhat niya ini nga pagtambal ha adlaw nga iparahuway.	so, because Jesus was doing these things on the sabbath, the jewish leaders began to persecute him.
ginbaton hira ni Jesus, “dayuday nagbubuhat an akon amay, sanglit kinahanglan liwat magbuhat ako.”	in his defense Jesus said to them, “my father is always at his work to this very day, and i too am working.”
diri na maghuhukom an amay bisan kan kanay. iginhatag na niya ngadto han iya anak an bugos nga katungod hin paghukom,	moreover, the father judges no one, but has entrusted all judgment to the son,
ngan iginhatag ngadto han anak an katungod hin paghukom, kay anak han tawo man hiya.	and he has given him authority to judge because he is the son of man.
ayaw kamo hipausa hini; tiarabot an panahon nga makakabati han iya tingog an ngatanan nga mga minatay ha lubnganan,	“do not be amazed at this, for a time is coming when all who are in their graves will hear his voice
“kon magsaksi ako ha akon la ngahaw, diri angay karawaton sugad nga tinuod nga pruyba an akon iginsiring.	“if i testify about myself, my testimony is not true.
kundi mayada usa labot ha akon, nga nagsasaksi para ha akon, ngan maaram ako nga matuod an iginsisiring niya mahitungod ha akon.	there is another who testifies in my favor, and i know that his testimony about me is true.
ginpadara niyo an iyo mga sinugo ngadto kan Juan, ngan nagyakan hiya ha ngaran han kamatuoran.	“you have sent to John and he has testified to the truth.
diri nga nagkikinahanglan ako hin kanan tawo pagsaksi; ginsusumat ko la ini, basi matalwas unta kamo.	not that i accept human testimony; but i mention it that you may be saved.
sugad hi Juan hin suga nga naglalaga ngan malamrag, ngan naruyag kamo ha usa ka dali hin pagpahimulos han iya kapawa.	John was a lamp that burned and gave light, and you chose for a time to enjoy his light.
ngan waray niyo tipigi ha iyo mga kasingkasing an iya mensahe, kay diri man kamo natoo han ginsugo niya.	nor does his word dwell in you, for you do not believe the one he sent.
kundi diri niyo karuyag kumadi ha akon basi maangkon niyo an kinabuhi.	yet you refuse to come to me to have life.
“diri ako naguungara nga dayawon ako hin mga tawo.	“i do not accept glory from human beings,
kundi nakilala ako ha iyo; maaram ako nga waray kamo gugma para han dyos ha iyo mga kasingkasing.	but i know you. i know that you do not have the love of God in your hearts.
kon tinuod nga natoo kamo kan Moises, matoo unta kamo ha akon, kay nagsurat hiya mahitungod ha akon.	if you believed Moses, you would believe me, for he wrote about me.
kundi tungod nga diri man kamo natoo han iya iginsurat, uunanhon hin pakatoo niyo han akon iginsiring?”	but since you do not believe what he wrote, how are you going to believe what i say?”
katapos hini, binmalik hi Jesus ngadto ha tabok han lanaw han Galilea (o lanaw han tiberias).	some time after this, Jesus crossed to the far shore of the sea of Galilee (that is, the sea of tiberias),
sinmagka hi Jesus hin pungtod ngan linmingkod upod an iya mga tinunan.	then Jesus went up on a mountainside and sat down with his disciples.
hirani na an pyesta han paglabay han mga judiyo.	the jewish passover festival was near.
ginsiring ini niya hin pagsari kan felipe; ha tinuod, maaram hiya nga daan kon ano an iya bubuhaton.)	he asked this only to test him, for he already had in mind what he was going to do.
nagsiring hi andres nga bugto ni Simon Pedro, nga usa han iya mga tinunan,	another of his disciples, Andrew, Simon peters brother, spoke up,
han tipagsisirom na, nanlugsong an iya mga tinunan ngadto han lanaw.	when evening came, his disciples went down to the lake,
hini nga takna nagmadlos, ngan nagmabalod hin duro.	a strong wind was blowing and the waters grew rough.
nagsiring hi Jesus ha ira, “ako ini, ayaw kamo kahadlok!”	but he said to them, “it is i; dont be afraid.”
nalipay hira pagpasakay ha iya; ngan dinmuong hira dayon ha dapit nga ira kinakadtoan.	then they were willing to take him into the boat, and immediately the boat reached the shore where they were heading.
han paghiagii kan Jesus han mga tawo didto ha tabok han lanaw, nagsiring hira ha iya, “magturutdo, kakano ka pa abot nganhi?”	when they found him on the other side of the lake, they asked him, “rabbi, when did you get here?”
sanglit nagpakiana hira ha iya, “ano man an sadang namon buhaton basi makatuman kami han mga ipinapagbuhat ha amon han dyos?”	then they asked him, “what must we do to do the works God requires?”
nagbaton hi Jesus, “amo ini an karuyag han dyos ipabuhat ha iyo: sarig kamo han iya ginsugo.”	Jesus answered, “the work of God is this: to believe in the one he has sent.”
kay an pagkaon nga ihinahatag han dyos amo hiya nga linmusad tikang ha langit, ngan nahatag hin kinabuhi ha kalibutan.”	for the bread of God is the bread that comes down from heaven and gives life to the world.”
ngan naghangyo hira ha iya, “dayuday tagi kami hini nga pagkaon.”	“sir,” they said, “always give us this bread.”
ginsiring ko na kamo nga bisan kon hinkitan ako niyo, diri la gihapon kamo natoo ha akon.	but as i told you, you have seen me and still you do not believe.
napakadi ha akon an bisan hino nga itinutubyan ha akon han amay. diri ko gud isasalikway an bisan hino nga mapakadi ha akon,	all those the father gives me will come to me, and whoever comes to me i will never drive away.
kay linmusad ako tikang ha langit diri pagtuman han akon kalugaringon nga kaburoton, kundi han kaburoton han nagsugo ha akon.	for i have come down from heaven not to do my will but to do the will of him who sent me.
binmaton hi Jesus, “ayaw kamo pagnginurutob.	“stop grumbling among yourselves,” Jesus answered.
diri karuyag sidngon hini nga mayada na nakakita han amay; hiya la nga tikang han dyos an nakakita han amay.	no one has seen the father except the one who is from God; only he has seen the father.
susumatan ko kamo hin tinuod; mayada na dayon nga kinabuhi adton natoo.	very truly i tell you, the one who believes has eternal life.
amo ako an pagkaon nga nahatag han kinabuhi.	i am the bread of life.
nangaon han mana didto ha kamingawan an iyo mga ginikanan, kundi nagkamatay hira.	your ancestors ate the manna in the wilderness, yet they died.
kundi diri na mamamatay an nakaon han pagkaon nga tikang ha langit.	but here is the bread that comes down from heaven, which anyone may eat and not die.
kay tinuod gud nga pagkaon an akon unod, ngan tinuod gud nga irimnon an akon dugo.	for my flesh is real food and my blood is real drink.
an nakaon han akon unod ngan nainom han akon dugo aadi ha akon ngan aada ako ha iya.	whoever eats my flesh and drinks my blood remains in me, and i in them.
ginsiring ini ni Jesus samtang nagtutdo hiya didto han sinagoga ha Capernaum.	he said this while teaching in the synagogue in Capernaum.
tungod hini, binmulag in damo han iya mga tinunan ngan waray na bumunyog ha iya.	from this time many of his disciples turned back and no longer followed him.
sanglit nagpakiana hi Jesus han dose nga mga tinunan, “ngan kamo karuyag ba liwat niyo hin pagbaya ha akon?”	“you do not want to leave too, do you?” Jesus asked the twelve.
binmaton ha iya hi Simon Pedro, “ngain pa man kami kakadto, Ginoo? ikaw an may mga pulong nga nahatag han dayon nga kinabuhi.	Simon Peter answered him, “Lord, to whom shall we go? you have the words of eternal life.
ngan yana natoo ngan maaram kami nga amo ka an baraan nga tikang sa dyos.”	we have come to believe and to know that you are the holy one of God.”
nagbaton ha ira hi Jesus, “diri ba dose kamo nga akon ginpili? kundi yawa an usa ha iyo!”	then Jesus replied, “have i not chosen you, the twelve? yet one of you is a devil!”
hirani na an kanan judiyo pyesta han mga tabernakulo,	but when the jewish festival of tabernacles was near,
waray pagtoo ha iya bisan ngani an iya kabugtoan.)	for even his own brothers did not believe in him.
nagsiring hi Jesus ha ira, “waray pa umabot an akon igo nga panahon, kundi pirme igo ha iyo an ngatanan nga panahon.	therefore Jesus told them, “my time is not yet here; for you any time will do.
kamo na la in pasingadto ha pyesta; diri ako makadto hini nga pyesta; kay waray pa umabot an akon igo nga panahon.”	you go to the festival. i am not going up to this festival, because my time has not yet fully come.”
iginyakan ini niya ha ira, ngan nagpabilin hiya ha Galilea.	after he had said this, he stayed in Galilee.
pinmaorhe hi Jesus han iya kabugtoan hin pagkadto ha pyesta; waray hiya magpadayag, kundi hilit la an iya pagkadto.	however, after his brothers had left for the festival, he went also, not publicly, but in secret.
nagpinamiling ha iya an mga judiyo didto han pyesta ngan nagpinakiana hira kon hain hiya.	now at the festival the jewish leaders were watching for Jesus and asking, “where is he?”
kundi tungod han ira kahadlok han mga punoan nga judiyo, waray tawo nga ginmahom hin paghimangraw mahitungod ha iya.	but no one would say anything publicly about him for fear of the leaders.
han nagkakatunga na an ira pagsaurog han pyesta, pinmakadto hi Jesus ha templo ngan nagtutdo.	not until halfway through the festival did Jesus go up to the temple courts and begin to teach.
nagbaton ha ira hi Jesus, “diri akon pagturonan an igintututdo ko, kundi tikang sa dyos nga nagsugo ha akon.	Jesus answered, “my teaching is not my own. it comes from the one who sent me.
nagbaton an mga tawo, “mayada ka gud yawa! hino ngani an nagiiparatay ha imo?”	“you are demonpossessed,” the crowd answered. “who is trying to kill you?”
binmaton hi Jesus, “usa pa la nga milagro an akon ginbuhat, ngan nahipausa na kamo ngatanan.	Jesus said to them, “i did one miracle, and you are all amazed.
paghukom kamo sumala han tinuod nga lagda; ayaw na paghukom dara la han iyo hinkitan.”	stop judging by mere appearances, but instead judge correctly.”
nagsiring in pira nga mga tawo ha Jerusalem, “diri ba ini an tawo nga giniiparatay nira?	at that point some of the people of Jerusalem began to ask, “isnt this the man they are trying to kill?
nakilala ako ha iya, kay tikang ako ha iya, ngan hiya an nagsugo ha akon.”	but i know him because i am from him and he sent me.”
ngan ginidarakop hiya nira, kundi waray naglabot ha iya, kay waray pa man umabot an iya takna.	at this they tried to seize him, but no one laid a hand on him, because his hour had not yet come.
nagsiring hi Jesus, “madaliay na la an akon pakigurosa ha iyo, ngan mabalik na ako ngadto han nagsugo ha akon.	Jesus said, “i am with you for only a short time, and then i am going to the one who sent me.
mamimiling kamo ha akon, kundi diri kamo makakaagi ha akon; kay diri kamo makakakadto han akon kakadtoan.”	you will look for me, but you will not find me; and where i am, you cannot come.”
sumala han siring han kasuratan, ‘tikang ha kasingkasing hadton natoo ha akon maawas in tubig nga nahatag hin kinabuhi.’”	whoever believes in me, as scripture has said, rivers of living water will flow from within them.”
han pakabati han damo nga mga tawo hini nga siring ni Jesus, nabuhag hira. mayada nasiring, “amo na gud ini an manaragna!”	on hearing his words, some of the people said, “surely this man is the prophet.”
nagsiring liwat an iba, “amo na hiya an Mesiyas!” kundi nagsiring pa an iba, “diri matikang ha Galilea an Mesiyas!	others said, “he is the Messiah.” still others asked, “how can the Messiah come from Galilee?
sanglit tungod ha iya nagkabuhag an mga tawo.	thus the people were divided because of Jesus.
karuyag magdakop kan Jesus an pira ha ira, kundi waray gud nagpasipara hin pagkapot ha iya.	some wanted to seize him, but no one laid a hand on him.
nagbaton an mga gwardya, “waray pa gud tawo nga naghimangraw hin sugad nga pagyakan hini nga tawo!”	“no one ever spoke the way this man does,” the guards replied.
nagpakiana an mga parisiyo, “nalimbongan ba liwat kamo niya?	“you mean he has deceived you also?” the Pharisees retorted.
mayada na ba niyo hinbaroan nga usa han mga punoan o usa nga parisiyo nga tinmoo ha iya?	“have any of the rulers or of the Pharisees believed in him?
diri nasabot ini nga mga tawo han balaod ni Moises, sanglit ginpanhimaraot hira han dyos!”	no! but this mob that knows nothing of the lawthere is a curse on them.”
usa han mga parisiyo amo hi nicodemo nga nakigkita hadto kan Jesus. nagsiring hiya ha ira,	Nicodemus, who had gone to Jesus earlier and who was one of their own number, asked,
[ngan nanguli an ngatanan, kundi napakadto hi Jesus ha bukid han mga olibo.	but Jesus went to the mount of olives.
nagsiring hira kan Jesus, “magturutdo, hindakpan ini nga babaye nga nanlibog.	and said to Jesus, “teacher, this woman was caught in the act of adultery.
ngan tinmamod na liwat hiya ngan nagsurat ha tuna.	again he stooped down and wrote on the ground.
hinmangad hi Jesus ngan nagpakiana ha iya, “hain naman hira, mana? waray ba nahibilin hin pagsirot ha imo?”	Jesus straightened up and asked her, “woman, where are they? has no one condemned you?”
naghuhukom kamo hin tinawo gudla nga paagi; diri ako naghuhukom bisan kan kanay.	you judge by human standards; i pass judgment on no one.
nahisurat ha iyo balaod nga kon nagkakauyon in duha nga mga saksi, matuod an ira iginsisiring.	in your own law it is written that the testimony of two witnesses is true.
nagpapamatuod ako mahitungod ha akon, ngan nagpapamatuod man mahitungod ha akon an amay nga nagsugo ha akon.”	i am one who testifies for myself; my other witness is the father, who sent me.”
“kay hino ka man ngayan?” nagpakiana hira ha iya. nagbaton hi Jesus, “ada, amo ako an iginsumat ko na ha iyo tikang pa hadto.	“who are you?” they asked. “just what i have been telling you from the beginning,” Jesus replied.
waray hira sabot nga naghihimangraw hiya ha ira mahitungod han amay.	they did not understand that he was telling them about his father.
tinmoo kan Jesus in damo han mga nagpakabati hini nga mga iginsiring niya.	even as he spoke, many believed in him.
ngan hibabaroan niyo an kamatuoran, ngan an kamatuoran an magtatalwas ha iyo.”	then you will know the truth, and the truth will set you free.”
nagbaton hi Jesus, “susumatan ko kamo hin tinuod: oripon han sala an ngatanan nga nakakasala.	Jesus replied, “very truly i tell you, everyone who sins is a slave to sin.
diri dayuday sakop han panimalay an oripon, kundi sakop ha kadayonan an anak.	now a slave has no permanent place in the family, but a son belongs to it forever.
sanglit matatalwas gud kamo hin tinuod kon an anak an magtalwas ha iyo.	so if the son sets you free, you will be free indeed.
kay ano nga diri kamo nasabot han akon iginyayakan? tungod kay diri kamo nailob hin pamati han akon mga mensahe.	why is my language not clear to you? because you are unable to hear what i say.
nagsusumat ako han kamatuoran, sanglit diri kamo natuod ha akon.	yet because i tell the truth, you do not believe me!
nagbaton an mga judiyo kan Jesus, “diri ba tama an amon pagsiring nga samaritano ka ngan sinasangkayan ka hin yawa?”	the Jews answered him, “arent we right in saying that you are a samaritan and demonpossessed?”
nagbaton hi Jesus, “diri Gad ako sinasangkayan hin yawa. ginpapasidunggan ko la an akon amay, kundi ginpapakaalohan ako niyo.	“i am not possessed by a demon,” said Jesus, “but i honor my father and you dishonor me.
diri ako nagtitingoha hin dungog ha akon kalugaringon. mayada hito nagtitinguha ngan naghuhukom ugop ha akon.	i am not seeking glory for myself; but there is one who seeks it, and he is the judge.
susumatan ko kamo hin tinuod: diri na mapatay an bisan hino nga magtuman han akon pulong.”	very truly i tell you, whoever obeys my word will never see death.”
nalipay hi Abraham nga amay niyo hin pagikinikitaan han adlaw han akon pagkanhi; hinkitan ini niya ngan nalipay hiya.”	your father Abraham rejoiced at the thought of seeing my day; he saw it and was glad.”
nagsiring ha iya an mga judiyo, “waray pa ngani 50 an imo panuigonngan hinkitan mo na hi Abraham?”	“you are not yet fifty years old,” they said to him, “and you have seen Abraham!”
nagbaton hi Jesus, “susumatan ko kamo hin tinuod: diri pa tawo hi Abraham, ‘amo na ako’.”	“very truly i tell you,” Jesus answered, “before Abraham was born, i am!”
ngan namurot hira hin mga bato hin pagbato ha iya; kundi tinmago hi Jesus ngan ginmawas ha templo.	at this, they picked up stones to stone him, but Jesus hid himself, slipping away from the temple grounds.
han naglalakat hi Jesus, nakakita hiya hin tawo nga daan buta tikang han iya katawo.	as he went along, he saw a man blind from birth.
ako an kapawa han kalibutan samtang aanhi pa ako ha kalibutan.”	while i am in the world, i am the light of the world.”
nagpakiana hira ha iya, “naunano man nga nakita ka na?”	“how then were your eyes opened?” they asked.
“hain naman hiya?” nagpakiana hira. “ambot,” nagbaton hiya.	“where is this man?” they asked him. “i dont know,” he said.
ngan gindara nira ngadto han mga parisiyo an tawo nga hadto anay buta.	they brought to the Pharisees the man who had been blind.
adlaw adto nga iparahuway han paghimo ni Jesus hin lapok ngan pagtambal niya han kanan tawo mga mata.	now the day on which Jesus had made the mud and opened the mans eyes was a sabbath.
nagbaton an iya mga kaganak, “maaram kami nga amon hiya anak, ngan natawo hiya nga daan buta.	“we know he is our son,” the parents answered, “and we know he was born blind.
sanglit nagsiring an iya mga kaganak, “may buot na man hiya; hiya na la an pakianhi.”	that was why his parents said, “he is of age; ask him.”
nagpakiana hira, “ano an ginbuhat niya ha imo? ginunano niya hin pagtambal han imo mga mata?”	then they asked him, “what did he do to you? how did he open your eyes?”
ginpakaraot hiya nira ngan ginsiring, “ikaw an iya tinunan, kundi mga tinunan kami ni Moises.	then they hurled insults at him and said, “you are this fellows disciple! we are disciples of Moses!
maaram kami nga nakighimangraw an dyos kan Moises; mahitungod hito nga tawo, diri ngani kami maaram kon diin hiya tikang!”	we know that God spoke to Moses, but as for this fellow, we dont even know where he comes from.”
waray gud mahihimo hito nga tawo kon diri hiya tikang ha dyos.”	if this man were not from God, he could do nothing.”
nagbaton an tawo, “sumati Gad ako kon hino hiya, basi makatoo ako ha iya!”	“who is he, sir?” the man asked. “tell me so that i may believe in him.”
nagsiring hi Jesus ha iya, “hinkitan mo na hiya, ngan amo hiya nga nakikighimangraw yana ha imo.”	Jesus said, “you have now seen him; in fact, he is the one speaking with you.”
“natoo ako, Ginoo!” nagsiring an tawo, ngan linmuhod hiya ha atubangan ni Jesus.	then the man said, “Lord, i believe,” and he worshiped him.
magmarangno han mga karnero an tawo nga naagi ha porta.	the one who enters by the gate is the shepherd of the sheep.
diri hira masunod hin iba; lugod makalagiw hira, kay diri nira kinikilala an iya tingog.”	but they will never follow a stranger; in fact, they will run away from him because they do not recognize a strangers voice.”
iginsumat ni Jesus ha ira ini nga pananglitan, kundi waray hira makasabot han karuyag sidngon han pananglitan.	Jesus used this figure of speech, but the Pharisees did not understand what he was telling them.
sanglit nagsiring liwat hi Jesus, “susumatan ta kamo hin tinuod: amo ako an porta para han mga karnero.	therefore Jesus said again, “very truly i tell you, i am the gate for the sheep.
mga kawatan ngan mga tikasan an ngatanan nga kinmanhi una ha akon; kundi waray mamati ha ira an mga karnero.	all who have come before me are thieves and robbers, but the sheep have not listened to them.
amo ako an porta. matatalwas an bisan hino nga masulod pinaaagi ha akon, masulodguwa hiya ngan makakaagi hin panibsiban.	i am the gate; whoever enters through me will be saved. they will come in and go out, and find pasture.
nakalagiw an sinuholan, kay sinuholan man la hiya ngan diri napaid han mga karnero.	the man runs away because he is a hired hand and cares nothing for the sheep.
“nahigugma an amay ha akon kay andam man ako hin paghatag han akon kinabuhi basi mahibalik liwat ini ha akon.	the reason my father loves me is that i lay down my lifeonly to take it up again.
nagkabahin na liwat an mga judiyo tungod hini nga mga pulong.	the Jews who heard these words were again divided.
inmabot an panahon han pagsaurog han pyesta han paghalad didto ha Jerusalem ngan panahon adto hin kathagkot,	then came the festival of dedication at Jerusalem. it was winter,
ngan didto ha templo naglalakat hi Jesus didto han balkon ni Solomon.	and Jesus was in the temple courts walking in solomons colonnade.
kundi diri kamo matuod kay diri man kamo akon mga karnero.	but you do not believe because you are not my sheep.
namamati han akon tingog an akon mga karnero; nakilala ako ha ira, ngan nasunod hira ha akon;	my sheep listen to my voice; i know them, and they follow me.
magusa la an amay ug ako.”	i and the father are one.”
nanmurot na liwat an mga judiyo hin mga bato paglabay ha iya.	again his jewish opponents picked up stones to stone him,
nagbaton hi Jesus, “di ba nahisurat ha iyo kalugaringon nga balaod nga nagsiring an dyos, ‘mga dyos kamo’?	Jesus answered them, “is it not written in your law, ‘i have said you are “gods” ’’ ??
sanglit angay diri kamo tumoo ha akon kon diri ako nagbubuhat han mga buhat han akon amay.	do not believe me unless i do the works of my father.
ginidarakop na liwat hiya nira, kundi nakapudlos hiya tikang ha ira mga kamot.	again they tried to seize him, but he escaped their grasp.
ngan damo nga mga tawo didto in tinmoo kan Jesus.	and in that place many believed in Jesus.
may usa nga tawo nga hi Lazaro an ngaran. nagukoy hiya ha betania upod an iya kabugtoan nga kababayenan, hira Maria ug Marta. ((	now a man named Lazarus was sick. he was from Bethany, the village of Mary and her sister Martha.
nagpatugon ini nga magbugto nga kababayenan ngadto kan Jesus nga sidngon hiya, “Ginoo, masakit an imo suok nga sangkay.”	so the sisters sent word to Jesus, “Lord, the one you love is sick.”
hinigugma ni Jesus hira Marta, Maria, ug Lazaro.	now Jesus loved Martha and her sister and Lazarus.
han pakabati niya nga masakit hi Lazaro, duha anay ka adlaw an iya ginpalabay sano hiya kumadto.	so when he heard that Lazarus was sick, he stayed where he was two more days,
katapos, nagsiring hiya ngadto han iya mga tinunan, “tana, balik kita ha Judea.”	and then he said to his disciples, “let us go back to Judea.”
kundi mahipapakdol hiya kon maglakat hiya ha gabi, kay masirom man.”	it is when a person walks at night that they stumble, for they have no light.”
nagbaton an mga tinunan, “Ginoo, maguupay hiya kon nakaturog la hiya.”	his disciples replied, “Lord, if he sleeps, he will get better.”
sanglit ginsumatan hira ni Jesus hin waray lipodlipod, “patay na hi Lazaro;	so then he told them plainly, “Lazarus is dead,
kundi tungod ha iyo nalilipay ako nga waray ako didto upod ha iya, basi tumoo kamo. kadtoa ta hiya.”	and for your sake i am glad i was not there, so that you may believe. but let us go to him.”
pagabot ni Jesus, nasayran niya nga upat na ka adlaw nga iginlubong hi Lazaro.	on his arrival, Jesus found that Lazarus had already been in the tomb for four days.
mga tulo la ka kilometro an betania tikang ha Jerusalem,	now Bethany was less than two miles from Jerusalem,
ngan damo nga mga judiyo an kinmadto hin pagliaw kanda Marta ug Maria mahitungod han kamatay han ira bugto.	and many Jews had come to Martha and Mary to comfort them in the loss of their brother.
nagsiring hi Marta kan Jesus, “Ginoo, diri unta napatay an akon bugto kon nakanhi ka pa!	“Lord,” Martha said to Jesus, “if you had been here, my brother would not have died.
kundi maaram ako nga bisan yana, ihahatag ha imo han dyos an bisan ano nga imo pangaroon ha iya.”	but i know that even now God will give you whatever you ask.”
ginsumatan hiya ni Jesus, “mababanhaw an imo bugto.”	Jesus said to her, “your brother will rise again.”
nagbaton hi Marta, “maaram ako nga mababanhaw hiya ha kataposan nga adlaw.”	Martha answered, “i know he will rise again in the resurrection at the last day.”
ngan diri na gud mamamatay an bisan hino nga buhi nga natoo ha akon. natuod ka ba hini?”	and whoever lives by believing in me will never die. do you believe this?”
nagpakiana hiya ha ira, “diin niyo iglubong hiya?” nagbaton hira, “kadi, Ginoo, ngan kitaa.”	“where have you laid him?” he asked. “come and see, Lord,” they replied.
nagtangis hi Jesus.	Jesus wept.
sanglit nagsiring an mga judiyo, “kitaa, pagkadako han iya paghigugma kan Lazaro!”	then the Jews said, “see how he loved him!”
kinmadto hi Jesus ha lubnganan kay inalpan na liwat hiya hin kabido. usa adto nga lungib nga sinadhan hin bato.	Jesus, once more deeply moved, came to the tomb. it was a cave with a stone laid across the entrance.
nagsiring hi Jesus ha iya, “diri ba nagsiring ako ha imo nga hikikitan mo an gahom han dyos kon tumoo ka?”	then Jesus said, “did i not tell you that if you believe, you will see the glory of God?”
katapos niya magsiring hini, ginmoliat hiya, “Lazaro! gawas ngadi!”	when he had said this, Jesus called in a loud voice, “Lazarus, come out!”
nakakita han ginbuhat ni Jesus in damo han mga judiyo nga nagduaw kan Maria, ngan tinmoo hira ha iya.	therefore many of the Jews who had come to visit Mary, and had seen what Jesus did, believed in him.
kundi kinmadto han mga parisiyo an iba ha ira hin pagsumat ha ira han ginbuhat ni Jesus.	but some of them went to the Pharisees and told them what Jesus had done.
nagsiring an usa ha ira, nga caifas an ngaran, nga amo an labaw nga padi hadto nga tuig, “waray gud kamo makasabot!	then one of them, named Caiaphas, who was high priest that year, spoke up, “you know nothing at all!
ngan diri la para ha ira, kundi pagtirok liwat ngan pagurosa han ngatanan nga nagkakaburublag nga mga anak han dyos.	and not only for that nation but also for the scattered children of God, to bring them together and make them one.
tikang hadto nga adlaw, nagkasarabot an mga punoan nga judiyo hin pagpatay kan Jesus.	so from that day on they plotted to take his life.
nagsiring an usa han mga tinunan ni Jesus, hi Judas iscariotean maglilingo ha iya,	but one of his disciples, Judas iscariot, who was later to betray him, objected,
“kay ano nga waray lugod ibaligya ini nga pahamot hin sais syintos pesos ngan ihatag an kwarta ha mga kablas?”	“why wasnt this perfume sold and the money given to the poor? it was worth a years wages. ””
dayuday kaupod niyo an mga kablas, kundi diri ako dayuday kaupod niyo.”	you will always have the poor among you, but you will not always have me.”
sanglit nagkasarabot an mga puno han kapadian hin pagpatay kan Lazaro;	so the chief priests made plans to kill Lazarus as well,
kay tungod ha iya damo nga mga judiyo in nahibulag ha ira ngan tinmoo na kan Jesus.	for on account of him many of the Jews were going over to Jesus and believing in him.
nakaagi hi Jesus hin asno ngan iya ginsakyan, sugad han nahisurat:	Jesus found a young donkey and sat on it, as it is written:
“ayaw kahadlok, syudad han sion! aanhi naabot an imo hadi nga nasakay hin nati nga asno.”	“do not be afraid, daughter Zion; see, your king is coming, seated on a donkeys colt.”
sanglit gintapo hiya han kadaman, kay hinbatian nira nga ginbuhat niya ini nga urosahon.	many people, because they had heard that he had performed this sign, went out to meet him.
may mga griego nga kaupod han mga kinmadto ha Jerusalem hin pagsingba ha panahon han pyesta.	now there were some Greeks among those who went up to worship at the festival.
kinmadto hi felipe pagsumat kan andres, ngan kinmadto hira nga duha pagsumat kan Jesus.	Philip went to tell Andrew; Andrew and Philip in turn told Jesus.
nagbaton hi Jesus ha ira, “inmabot na yana an takna nga pagpapasidunggan an anak han tawo.	Jesus replied, “the hour has come for the son of man to be glorified.
kundi nagsiring hi Jesus ha ira, “diri tungod ha akon nga nagyakan ini nga tingog, kundi tungod ha iyo.	Jesus said, “this voice was for your benefit, not mine.
ginhuhukman na yana an kalibutan; pupukanon na yana an punoan hini nga kalibutan.	now is the time for judgment on this world; now the prince of this world will be driven out.
kakabigon ko ngadi ha akon an ngatanan nga mga tawo, kon isahon na ako tikang ha tuna.” ((	and i, when i am lifted up from the earth, will draw all people to myself.”
ha pagsiring niya hini, iginpasabot niya an paagi han kamatayon nga iya pagaantoson.)	he said this to show the kind of death he was going to die.
bisan kon ginbuhat niya ini ngatanan nga mga urosahon ha atubangan nira, waray gihapon hira tumoo ha iya,	even after Jesus had performed so many signs in their presence, they still would not believe in him.
tungod hini waray hira makatoo, kay nagsiring liwat hi isaias:	for this reason they could not believe, because, as Isaiah says elsewhere:
ginsiring ini ni isaias kay hinkitan niya an gahom ni Jesus, ngan nagyakan hiya mahitungod ha iya.	Isaiah said this because he saw Jesus’ glory and spoke about him.
ginpalabi nira an pagdayaw ha ira han mga tawo kay han pagdayaw ha ira han dyos.	for they loved human praise more than praise from God.
an bisan hino nga nakakakita ha akon nakakakita liwat ha iya nga nagpadara ha akon.	the one who looks at me is seeing the one who sent me.
kinmanhi ako usa nga kapawa han kalibutan, basi diri na magpabilin ha kasisidman an ngatanan nga natoo ha akon.	i have come into the world as a light, so that no one who believes in me should stay in darkness.
hinmarani kan Simon Pedro nga nagsiring ha iya, “Ginoo, mamumusa ka ba han akon mga tiil?”	he came to Simon Peter, who said to him, “Lord, are you going to wash my feet?”
nagbaton hi Jesus ha iya, “diri ka pa maaram yana kon ano an akon ginbubuhat, kundi hibabaroan mo ini onina.”	Jesus replied, “you do not realize now what i am doing, but later you will understand.”
maaram na hi Jesus kon hino an maglilingo ha iya, sanglit nagsiring hiya, “malinis na kamo kundi diri ngatanan.”)	for he knew who was going to betray him, and that was why he said not every one was clean.
natawag kamo ha akon nga magturutdo ngan Ginoo, ngan may kamatuoran, kay amo gud ito ako.	“you call me ‘teacher’ and ‘Lord,’ and rightly so, for that is what i am.
gintagan ko kamo hin susbaranan, basi sugaron niyo hin pagbuhat han ginbuhat ko ha iyo.	i have set you an example that you should do as i have done for you.
yana maaram na kamo hini nga kamatuoran; palaran kamo kon buhaton ini niyo!	now that you know these things, you will be blessed if you do them.
ginsusumat ko ini ha iyo yana, nga diri pa ini nahinanabo, basi kon mahinabo na ini, tumoo kamo nga hi ‘ako amo ako.’	“i am telling you now before it happens, so that when it does happen you will believe that i am who i am.
naggipasirosiplat hira nga nanhiburong kon hino gud an iya karuyag sidngon.	his disciples stared at one another, at a loss to know which of them he meant.
nalingkod sapit ni Jesus an hinigugma niya nga tinunan.	one of them, the disciple whom Jesus loved, was reclining next to him.
nagsenyas hi Simon Pedro ha iya ngan nagsiring, “pakianhi daw hiya kon hino an iya hinnanabihan.”	Simon Peter motioned to this disciple and said, “ask him which one he means.”
sanglit sinmiring kan Jesus adto nga tinunan ngan nagpakiana, “hino man hiya, Ginoo?”	leaning back against Jesus, he asked him, “Lord, who is it?”
waray nakasabot han mga nakada ha lamesa kay ano nga ginsiring ini ni Jesus ha iya.	but no one at the meal understood why Jesus said this to him.
ginkarawat ni Judas an tinapay ngan ginmawas hiya dayon. gabi adto.	as soon as Judas had taken the bread, he went out. and it was night.
kon magsihigugmaay kamo, mahibabaro an ngatanan nga akon kamo mga tinunan.”	by this everyone will know that you are my disciples, if you love one another.”
nagpakiana hi Pedro, “Ginoo, kay ano hin diri ko pakasunod ha imo yana? andam man ako pagpakamatay tungod ha imo!”	Peter asked, “Lord, why cant i follow you now? i will lay down my life for you.”
nagsiring ha ira hi Jesus, “ayaw kamo kabaraka ngan kagupong. too kamo han dyos ngan too man kamo ha akon.	“do not let your hearts be troubled. you believe in God ;; believe also in me.
maaram na kamo kon uunanhon niyo pagsangpot ngadto han akon kakadtoan.”	you know the way to the place where i am going.”
nagsiring ha iya hi tomas, “Ginoo, diri kami maaram kon tikain ka; uunanhon man namon paghibaro han dalan nga tipakadto?”	Thomas said to him, “Lord, we dont know where you are going, so how can we know the way?”
nagsiring ha iya hi felipe, “Ginoo, ipakita ha amon an amay ngan igo na ito para ha amon.”	Philip said, “Lord, show us the father and that will be enough for us.”
ngan bubuhaton ko an bisan ano nga iyo pangaroon ha akon ngaran, basi pagdayawon an amay pinaagi han anak.	and i will do whatever you ask in my name, so that the father may be glorified in the son.
bubuhaton ko an bisan ano nga pangaroon niyo ha akon ngaran.	you may ask me for anything in my name, and i will do it.
“kon nahigugma kamo ha akon, magtutuman kamo han akon mga sugo.	“if you love me, keep my commands.
“diri ko kamo babayaan nga maguusaan; mabalik ako ngada ha iyo.	i will not leave you as orphans; i will come to you.
kon umabot na ito nga adlaw, hibabaroan niyo nga aada ako han akon amay, ngan aadi kamo ha akon, sugad nga aada ako ha iyo.	on that day you will realize that i am in my father, and you are in me, and i am in you.
“iginsumat ko ini ha iyo samtang upod pa ako niyo.	“all this i have spoken while still with you.
iginsusumat ko ini ha iyo yana, nga diri pa ini nahinanabo, basi kon mahinabo na ini, tumoo kamo.	i have told you now before it happens, so that when it does happen you will believe.
diri na ako maghihimangraw ha iyo hin maiha, kay maabot na an punoan hini nga kalibutan. waray hiya gahom ha akon,	i will not say much more to you, for the prince of this world is coming. he has no hold over me,
“amo ako an tinuod nga balagon, ngan an akon amay an magmarangno.	“i am the true vine, and my father is the gardener.
nalinisan na kamo pinaagi han mensahe nga akon iginhimangraw ha iyo.	you are already clean because of the word i have spoken to you.
ginhihimaya an akon amay tungod han iyo pamunga hin damo; ngan pinaagi hini, nagigin mga tinunan ko kamo.	this is to my fathers glory, that you bear much fruit, showing yourselves to be my disciples.
hinihigugma ko kamo sugad gud han paghigugma ha akon han amay; pagpabilin kamo didi han akon gugma.	“as the father has loved me, so have i loved you. now remain in my love.
“iginsumat ko ini ha iyo basi mahingada ha iyo an akon kalipay, ngan basi mahingpit an iyo kalipay.	i have told you this so that my joy may be in you and that your joy may be complete.
amo ini an akon sugo: pagsihigugmaay kamo, sugad han paghigugma ko ha iyo.	my command is this: love each other as i have loved you.
ngan kasangkayan ko kamo, kon buhaton niyo an akon iginsusugo ha iyo.	you are my friends if you do what i command.
sanglit amo ini an igsusugo ko ha iyo: paggihigugmaay kamo.”	this is my command: love each other.
“kon magdumot ha iyo an kalibutan, kinahanglan hisabotan niyo nga una ako pagdumtan han kalibutan.	“if the world hates you, keep in mind that it hated me first.
an bisan hino nga nagdudumot ha akon, nagdudumot man han akon amay.	whoever hates me hates my father as well.
kundi kinahanglan mahinabo ini, basi matuman an iginsurat dida han ira balaod: ‘gindumtan ako nira hin waray la hinungdan.’	but this is to fulfill what is written in their law: ‘they hated me without reason.’
ngan magpapamatuod liwat kamo mahitungod ha akon, kay nagin kaupod ko man kamo tikang pa gud ha tinikangan.	and you also must testify, for you have been with me from the beginning.
“iginsumat ko ini ha iyo basi diri lumuya an iyo pagtoo ha akon.	“all this i have told you so that you will not fall away.
bubuhaton nira ha iyo ini nga mga butang, kay waray hira makakilala han amay o ha akon.	they will do such things because they have not known the father or me.
kundi yana, makadto na ako han nagsugo ha akon; kundi waray ha iyo napakiana ha akon, ‘tikain ka?’	but now i am going to him who sent me. none of you asks me, ‘where are you going?’
ngan yana nga ginsumatan ko na kamo, nagmamabidoon kamo.	rather, you are filled with grief because i have said these things.
sayop hira mahitungod han sala, kay diri hira natoo ha akon;	about sin, because people do not believe in me;
mahitungod han pagkamatadong, kay makadto ako han amay ngan diri na kamo makita ha akon;	about righteousness, because i am going to the father, where you can see me no longer;
mahitungod han paghukom, kay ginhukman na an punoan hini nga kalibutan.	and about judgment, because the prince of this world now stands condemned.
“damo pa Gad an akon igsurumat ha iyo, kundi diri pa ini niyo maaakos yana.	“i have much more to say to you, more than you can now bear.
paghihimayaon ako niya, kay natikang ha akon an igsusumat niya ha iyo.	he will glorify me because it is from me that he will receive what he will make known to you.
“ha diri maiha, diri na kamo makita ha akon; ngan ha diri liwat maiha makita na liwat kamo ha akon.”	Jesus went on to say, “in a little while you will see me no more, and then after a little while you will see me.”
nagpakiana pa hira, “ano an buot niya sidngon han ‘diri maiha’? diri kita nasabot han iya ginyiyinakan!”	they kept asking, “what does he mean by ‘a little while’ ?? we dont understand what he is saying.”
tikang gud ako han amay ngan kinmanhi ako ha kalibutan; ngan yana mabaya na ako han kalibutan ngan mabalik ako ngadto han amay.”	i came from the father and entered the world; now i am leaving the world and going back to the father.”
ngan nagsiring an iya mga tinunan, “kitaa, dayag na kaupay an imo pagyakan, ngan diri ka na nagamit hin mga pananglitan.	then Jesus’ disciples said, “now you are speaking clearly and without figures of speech.
nagbaton ha ira hi Jesus, “natoo na ba kamo yana?	“do you now believe?” Jesus replied.
iginpakita ko ha tuna an imo himaya; ginhuman ko na an iginpabuhat mo ha akon.	i have brought you glory on earth by finishing the work you gave me to do.
ngan yana maaram hira nga tikang ha imo an ngatanan nga iginhatag mo ha akon.	now they know that everything you have given me comes from you.
imo an ngatanan nga akon, ngan akon man an ngatanan nga imo; ngan napapasidunggan ako tungod ha ira.	all i have is yours, and all you have is mine. and glory has come to me through them.
diri ako nahangyo nga kuhaon mo hira ha kalibutan, kundi nga panalipdan mo hira han yawa.	my prayer is not that you take them out of the world but that you protect them from the evil one.
diri hira kanan kalibutan, sugad gud nga diri man ako kanan kalibutan.	they are not of the world, even as i am not of it.
ihalad hira ngada ha imo pinaagi han kamatuoran; an imo pulong amo an kamatuoran.	sanctify them by the truth; your word is truth.
ginpadara ko hira nganhi ha kalibutan sugad han pagsugoa mo ha akon nganhi ha kalibutan.	as you sent me into the world, i have sent them into the world.
ngan tungod ha ira ihinahalad ko ha imo an akon kalugaringon, basi hira liwat magin tinuod man nga iginhalad ha imo.	for them i sanctify myself, that they too may be truly sanctified.
gintagan ko hira han amo nga himaya nga ihinatag mo ha akon, basi magkaurosa hira sugad nga uusa la kita;	i have given them the glory that you gave me, that they may be one as we are one—
han pagsiring la ni Jesus, “amo ako,” inmisol hira ngan nagkatutumba ha tuna.	when Jesus said, “i am he,” they drew back and fell to the ground.
ginpakianhan na liwat hira ni Jesus, “hino gud an iyo ginbibiling?” nagbaton hira, “hi Jesus nga taganazaret.”	again he asked them, “who is it you want?” “Jesus of Nazareth,” they said.
ginsiring niya ini basi matuman an iya iginyakan, “amay, waray ako kawadi bisan usa han imo iginhatag ha akon.”)	this happened so that the words he had spoken would be fulfilled: “i have not lost one of those you gave me.”
gindakop ngan gingapos hi Jesus han mga sondalo nga upod han ira kapitan, ngan han mga gwardya nga judiyo.	then the detachment of soldiers with its commander and the jewish officials arrested Jesus. they bound him
gindara hiya nira, syahan ngadto kan anas nga ugangan ni caifas nga amo an labaw nga padi hadto nga tuig.	and brought him first to Annas, who was the fatherinlaw of Caiaphas, the high priest that year.
hi caifas an nagsagdon han mga judiyo nga maoruopay pa nga usa la nga tawo an mamatay para han ngatanan nga katawhan.	Caiaphas was the one who had advised the jewish leaders that it would be good if one man died for the people.
nagpakiana kan Jesus an labaw nga padi mahitungod han iya mga tinunan ngan mahitungod han iya pagturonan.	meanwhile, the high priest questioned Jesus about his disciples and his teaching.
ngan iginpadara ni anas hi Jesus nga ginapos pa, ngadto kan caifas, an labaw nga padi.	then Annas sent him bound to Caiaphas the high priest.
ngan nagsiring na liwat hi Pedro, “diri,” ngan hito ngahaw nga takna tinmugaok in manok.	again Peter denied it, and at that moment a rooster began to crow.
sanglit ginmawas na la hi pilato ngadto ha ira ngan nagpakiana, “ano in iyo sumbong kontra hini nga tawo?”	so Pilate came out to them and asked, “what charges are you bringing against this man?”
nagbaton hira, “diri unta namon hiya gindadara nganhi ha imo kon waray pa hiya makagtalapas.”	“if he were not a criminal,” they replied, “we would not have handed him over to you.”
nahinabo ini basi matuman an iginyakan ni Jesus han paghimangraw niya kon ano nga paagi mamamatay hiya.)	this took place to fulfill what Jesus had said about the kind of death he was going to die.
sinmulod liwat ha palasyo hi pilato ngan gintawag hi Jesus. nagpakiana hiya kan Jesus, “ikaw ba an hadi han mga judiyo?”	Pilate then went back inside the palace, summoned Jesus and asked him, “are you the king of the Jews?”
nagbaton hi Jesus, “kalugaringon mo ba ini nga pakiana, o ginsumatan ka ba hin iba mahitungod ha akon?”	“is that your own idea,” Jesus asked, “or did others talk to you about me?”
ginmoliat hira pagbaton ha iya, “diri, ayaw hiya! karuyag namon hi barabas?” (tikasan ini hi barabas.)	they shouted back, “no, not him! give us Barabbas!” now Barabbas had taken part in an uprising.
ngan ipinakuha ni pilato hi Jesus ngan iginpalatob hiya ha ira.	then Pilate took Jesus and had him flogged.
gindaop hiya, ngan ginsiring, “mabuhi an hadi han mga judiyo!” ngan gintampalo hiya nira.	and went up to him again and again, saying, “hail, king of the Jews!” and they slapped him in the face.
labi na nga nahadlok hi pilato han pakabati niya hini.	when Pilate heard this, he was even more afraid,
binmalik hiya pagsulod ngadto han palasyo ngan nagpakiana kan Jesus, “tikang ka ba diin?” kundi waray magbaton hi Jesus.	and he went back inside the palace. “where do you come from?” he asked Jesus, but Jesus gave him no answer.
sanglit igintubyan ha ira ni pilato hi Jesus, basi igraysang ha kros. sanglit gindara nira hi Jesus.	finally Pilate handed him over to them to be crucified. so the soldiers took charge of Jesus.
nagbaton hi pilato, “an nahisurat, nahisurat na.”	Pilate answered, “what i have written, i have written.”
dinmimdim hi Jesus han bino ngan nagsiring hiya, “natuman na!” ngan dinmuko hiya ngan nabunoson hiya han iya kinabuhi.	when he had received the drink, Jesus said, “it is finished.” with that, he bowed his head and gave up his spirit.
kundi han pagabot na nira kan Jesus, hinkitan nira nga patay na hiya, sanglit waray na la nira baria an iya mga bitiis.	but when they came to Jesus and found that he was already dead, they did not break his legs.
kundi ginbangkaw an iya kagiliran hin usa han mga sondalo, ngan inmawas dayon in dugo ug tubig. ((	instead, one of the soldiers pierced Jesus’ side with a spear, bringing a sudden flow of blood and water.
ginbuhat ini basi matuman an kasuratan nga nasiring, “waray usa han iya mga tulan nga mababari.”	these things happened so that the scripture would be fulfilled: “not one of his bones will be broken,”
ngan mayada lain pa nga bahin han kasuratan nga nasiring, “makita an mga tawo ngadto hadton ginbangkaw nira.”	and, as another scripture says, “they will look on the one they have pierced.”
tungod kay bisperas na adto han adlaw nga iparahuway, ngan hirani manla an lubnganan, didto na la nira iglubong hi Jesus.	because it was the jewish day of preparation and since the tomb was nearby, they laid Jesus there.
ngan napakadto dayon ha lubnganan hi Pedro ngan an usa nga tinunan.	so Peter and the other disciple started for the tomb.
inmubo hiya hin paghiling ngan hinkitan niya an lino nga mga dugnit, kundi waray hiya sumulod.	he bent over and looked in at the strips of linen lying there but did not go in.
ngan sinmulod liwat an tinunan nga una makaabot han lubnganan; nakakita hiya ngan tinmoo. ((	finally the other disciple, who had reached the tomb first, also went inside. he saw and believed.
waray pa gihapon hira makasabot han kasuratan nga nagsiring nga kinahanglan mabanhaw hiya.)	(they still did not understand from scripture that Jesus had to rise from the dead.)
ngan nanngoli an mga tinunan.	then the disciples went back to where they were staying.
nagtitinangis hi Maria nga natukdaw ha gawas han lubnganan. nagtitinangis pa hiya han pagubo niya hin paghiling han lubnganan,	now Mary stood outside the tomb crying. as she wept, she bent over to look into the tomb
diri kaupod nira hi tomas, (an gintatawag nga karuha) nga usa han dose nga mga tinunan, han pagpakita ni Jesus ha ira.	now Thomas (also known as didymus ),), one of the twelve, was not with the disciples when Jesus came.
nagbaton hi tomas ha iya, “Ginoo ko ngan dyos ko!”	Thomas said to him, “my Lord and my God!”
nagsiring hi Jesus ha iya, “natoo ka na ba kay nakakita ka ha akon? palaran adton natoo bisan waray makakita ha akon!”	then Jesus told him, “because you have seen me, you have believed; blessed are those who have not seen and yet have believed.”
ginbuhat ni Jesus in damo pa nga mga milagro ha atubangan han iya mga tinunan, nga waray mahisurat dida hini nga basahan.	Jesus performed many other signs in the presence of his disciples, which are not recorded in this book.
han tisirang na an adlaw, tinmindog hi Jesus ha baybayon, kundi waray makakilala an mga tinunan nga hi Jesus ngayan adto.	early in the morning, Jesus stood on the shore, but the disciples did not realize that it was Jesus.
nagsiring hiya ha ira, “nakadakop ba kamo?” “waray!” binmaton hira.	he called out to them, “friends, havent you any fish?” “no,” they answered.
ngan nagsiring ha ira hi Jesus, “pagdara ngadi hin mga isda nga iyo pa la nadakop.”	Jesus said to them, “bring some of the fish you have just caught.”
sanglit dinmaop hi Jesus, ginkuha an tinapay, ngan iginhatag ha ira, ngan sugad man an mga isda.	Jesus came, took the bread and gave it to them, and did the same with the fish.
amo ini an ikatulo nga pagpakita ni Jesus han iya mga tinunan katapos niya mabanhaw.	this was now the third time Jesus appeared to his disciples after he was raised from the dead.
han pakakita ni Pedro ha iya, nagsiring hiya kan Jesus, “Ginoo, ano man an mahinanabo hini nga tawo?”	when Peter saw him, he asked, “Lord, what about him?”
sugad han akon siring kan Moises, iginhatag ko ha imo ug han ngatanan nga akon mga tawo an bugos nga tuna nga iyo pagaagian.	i will give you every place where you set your foot, as i promised Moses.
ug ginsugo ni josue an mga pangulo	so Joshua ordered the officers of the people:
ginsiring ni josue an mga banay nira ruben ug Gad ngan an katunga han banay ni manases,	but to the reubenites, the gadites and the halftribe of manasseh, Joshua said,
han waray pa magkakahigda an mga magirinaw, sinmaka hi Rahab ngadto ha atop	before the spies lay down for the night, she went up on the roof
nagsiring ha iya an mga tawo, “tutumanon namon ini nga imo ginpasaad ha amon.	now the men had said to her, “this oath you made us swear will not be binding on us
kundi kon igsumat niyo an amon ginbuhat dinhe, diri kami kinahanglan magtuman han amon saad nga imo ginpasaad ha amon.”	but if you tell what we are doing, we will be released from the oath you made us swear.”
kahuman han ikatolo ka adlaw, an mga pangulo nagsudoy han kampo	after three days the officers went throughout the camp,
ginsiring ni josue an mga tawo, “paglinis kamo ha iyo kalugaringon kay buwas an Ginoo magbubuhat hin mga milagro dida ha iyo.”	Joshua told the people, “consecrate yourselves, for tomorrow the Lord will do amazing things among you.”
ngan nagsiring hi josue han mga tawo, “pakadi kamo ngan pamati kamo kon ano an ighihimangraw ha iyo han Ginoo nga iyo dyos.	Joshua said to the Israelites, “come here and listen to the words of the Lord your God.
kon an kahon han ginsaaran han Ginoo han ngatanan nga tuna tumalabok han Jordan una ha iyo.	see, the ark of the covenant of the Lord of all the earth will go into the Jordan ahead of you.
yana pagpili kamo hin dose nga mga kalalakenan, usa ha kada tribo han Israel.	now then, choose twelve men from the tribes of Israel, one from each tribe.
kaubos hin pakatabok na han Jordan han bugos nga nasod, sinmiring an Ginoo kan josue,	when the whole nation had finished crossing the Jordan, the Lord said to Joshua,
“pagpili hin dose nga mga kalalakenan, tagusa ha kada tribo,	“choose twelve men from among the people, one from each tribe,
ug ginsiring han Ginoo hi josue	then the Lord said to Joshua,
nga sidngon na niya an kapadian nga nagpapasan han kahon han ginsaaran nga humawas na ha Jordan.	“command the priests carrying the ark of the covenant law to come up out of the Jordan.”
nagtuman hini hi josue	so Joshua commanded the priests, “come up out of the Jordan.”
didto ni josue tindoga an dose nga mga bato nga kinuha didto ha Jordan.	and Joshua set up at Gilgal the twelve stones they had taken out of the Jordan.
sumati niyo hira nga tinmabok han Jordan an Israel dida hin mamara nga tuna.	tell them, ‘Israel crossed the Jordan on dry ground.’
kahuman han pagtoria han kalalakenan, pinmabilin ini hira ha kampo tubtob han kaupay han katorian.	and after the whole nation had been circumcised, they remained where they were in camp until they were healed.
sanglit kaupod ni josue an Ginoo ug nahibantog hiya ha bugos nga katunaan.	so the Lord was with Joshua, and his fame spread throughout the land.
sanglit mga tulo la ka yukot nga mga israelita an sinmulong, kundi napirit hira hin pagisol.	so about three thousand went up; but they were routed by the men of ai,
ano man an akon masisiring yana, Ginoo nga an mga israelita inmisol ha iya mga kaaway?	pardon your servant, Lord. what can i say, now that Israel has been routed by its enemies?
nagsiring kan josue an Ginoo ,, “buhat! kay ano nga nahapa ka man ha tuna?	the Lord said to Joshua, “stand up! what are you doing down on your face?
“tinuod,” binmaton hi acan, “nga nakasala ako han Ginoo ,, an dyos han Israel ug amo ini an akon ginbuhat.	achan replied, “it is true! i have sinned against the Lord ,, the God of Israel. this is what i have done:
labot han hadi han ai. nabihag hiya ngan gindara hiya ngadto kan josue.	but they took the king of ai alive and brought him to Joshua.
ngan nagtindog hi josue didto ha bukid han ebal hin altar ngadto han Ginoo ,, an dyos han Israel.	then Joshua built on mount ebal an altar to the Lord ,, the God of Israel,
didto ngahaw, samtang nagkikita an mga israelita, ipinatik ha mga bato an balaod nga ginsurat ni Moises.	there, in the presence of the Israelites, Joshua wrote on stones a copy of the law of Moses.
nagtitirok hira ngatanan ngan ginurosa nira an ira mga kasondalohan hin paggubat kan josue ug han mga israelita.	they came together to wage war against Joshua and Israel.
kundi an mga tawo ha gabaon nga mga hibeohanon nakabati han mga ginbuhat ni josue didto ha jerico ug ai,	however, when the people of Gibeon heard what Joshua had done to Jericho and ai,
sinmiring hira kan josue, “andam kami hin pagalagad ha imo.” pinmakiana hi josue ha ira, “hira hino kamo? tikang kamo diin?”	“we are your servants,” they said to Joshua. but Joshua asked, “who are you and where do you come from?”
kinmarawat an mga tawo han Israel han pagkaon nga tikang ha ira, kundi waray hira pakiana han Ginoo hiunong hini.	the Israelites sampled their provisions but did not inquire of the Lord ..
ug amo ini an ginbuhat ni josue: ginpanalipdan hira ug waray niya tugoti an mga tawo ha Israel nga pamatayon hira.	so Joshua saved them from the Israelites, and they did not kill them.
kahuman hini, binmalik ngadto han kampo ha Gilgal hira josue ug an iya mga kasondalohan.	then Joshua returned with all Israel to the camp at Gilgal.
lugaring nagpakakalagiw an lima nga mga hadi nga amoreohanon ug nagtitinago hira didto han lungib ha maceda.	now the five kings had fled and hidden in the cave at makkedah.
mayada nakaagi ha ira ngan nagsumat kan josue kon diin hira pagtitinago.	when Joshua was told that the five kings had been found hiding in the cave at makkedah,
niyan nagsiring hi josue, “buksi an ganghaan han lungib ngan dada niyo ngadi ha akon an lima nga kahadian.”	Joshua said, “open the mouth of the cave and bring those five kings out to me.”
kahuman hini, nagpadayon hi josue ug an iya mga kasondalohan tikang ha maceda ngadto ha libna ug iya ini ginsulong.	then Joshua and all Israel with him moved on from makkedah to libnah and attacked it.
kahuman, hi josue ug an iya kasondalohan tikang ha laquis pinmakadto ha eglon, ira ginrikupo ug ginsulong ini.	then Joshua and all Israel with him moved on from lachish to eglon; they took up positions against it and attacked it.
kahuman hini, tikang ha eglon sinmagka hi josue ug an iya kasondalohan ngadto han mga pungtod han Hebron, ginsulong ini nira	then Joshua and all Israel with him went up from eglon to Hebron and attacked it.
niyan binmalik hi josue ug an iya kasondalohan ngadto ha debir ngan iya ini ginsulong.	then Joshua and all Israel with him turned around and attacked debir.
kahuman hini, binmalik hi josue ug an iya kasondalohan ngadto han kampo didto ha Gilgal.	then Joshua returned with all Israel to the camp at Gilgal.
sanglit kinmalit hin pagsulong ha ira didto han sapa merom hi josue ug an iya mga tawo.	so Joshua and his whole army came against them suddenly at the waters of merom and attacked them,
ira liwat nabihag hi og nga hadi han basan, nga usa han kataposan han mga repaim; naghadi hiya tikang ha astarot ug edrei.	and the territory of og king of Bashan, one of the last of the rephaites, who reigned in ashtaroth and edrei.
nadaog han mga tawo han Israel an mga hadi hini nga mga syudad: jerico, ai (harani han betel),	the king of Jericho one the king of ai (near bethel) one
Jerusalem, Hebron,	the king of Jerusalem one the king of Hebron one
jarmut, laquis,	the king of jarmuth one the king of lachish one
eglon, gezer,	the king of eglon one the king of gezer one
dabir, gader,	the king of debir one the king of geder one
herma, arad,	the king of hormah one the king of arad one
libna, adulam,	the king of libnah one the king of adullam one
maceda, betel,	the king of makkedah one the king of bethel one
tapua, heper,	the king of tappuah one the king of hepher one
apec, lasaron,	the king of aphek one the king of lasharon one
madon, asor,	the king of madon one the king of hazor one
simeron, acsaf,	the king of shimron meron one the king of akshaph one
tenac, megido,	the king of taanach one the king of Megiddo one
cades, jacanan (ha carmelo),	the king of kedesh one the king of jokneam in Carmel one
dor (ha may baybayon), goim (didto ha Galilea ))	the king of dor (in naphoth dor) one the king of goyim in Gilgal one
ug tirzangatanan 31 nga kahadian.	the king of tirzah one thirtyone kings in all.
an ngatanan nga katunaan han filistia ug gesur,	“this is the land that remains: all the regions of the Philistines and geshurites,
ug yana, bahina ini nga tuna para han siyam nga mga tribo ug katunga han tribo ni manases nga maaangkon nira nga kalugaringon.”	and divide it as an inheritance among the nine tribes and half of the tribe of manasseh.”
tinagan ni Moises an mga panimalay han tribo ni ruben hin usa ka bahin han tuna ug ini magigin ira kalugaringon.	this is what Moses had given to the tribe of Reuben, according to its clans:
nahiupod hini an hesebon ug an ngatanan nga syudad didto ha kahitasan nga patag: an dibon, bamotbaal, an baalmeon,	to heshbon and all its towns on the plateau, including dibon, bamoth baal, beth baal meon,
an haza, sedimot, mefaat,	jahaz, kedemoth, mephaath,
cariatiarim, sebma, saratasar dida han pungtod han kahamuban,	kiriathaim, sibmah, zereth shahar on the hill in the valley,
an betpogor, an mga bakilid han bukid pisga ug an betesimot.	beth peor, the slopes of pisgah, and beth jeshimoth—
usa hadton mga pinamatay han mga tawo han Israel amo hi balaam, usa nga paratigo ug anak ni beor.	in addition to those slain in battle, the Israelites had put to the sword balaam son of beor, who practiced divination.
naghatag liwat hi Moises hin usa ka bahin nga tuna ngadto han mga panimalay han tribo ni Gad nga ira pagtatagiyahon.	this is what Moses had given to the tribe of Gad, according to its clans:
an ira tuna natikang ha hesebon ngadto ha ramotmaspe ug betonim, tikang ha manaim ngadto han pagultan han lodebar.	and from heshbon to ramath Mizpah and betonim, and from mahanaim to the territory of debir;
amo ini an mga syudad ug bungto nga ihinatag han mga panimalay han tribo ni Gad nga ira matatagiya.	these towns and their villages were the inheritance of the gadites, according to their clans.
amo ini an pagbahin ni Moises han tuna ha sinirangan han jerico ug han Jordan han nakadto hiya ha kapatagan han Moab.	this is the inheritance Moses had given when he was in the plains of Moab across the Jordan east of Jericho.
ginbahin han mga tawo ha Israel an tuna sumala han sugo han Ginoo kan Moises.	so the Israelites divided the land, just as the Lord had commanded Moses.
ginbendisyonan ni josue hi Caleb, anak ni jefone, ngan iginhatag ha iya nga iya malon an syudad han Hebron.	then Joshua blessed Caleb son of jephunneh and gave him Hebron as his inheritance.
ini nga pagultan ha timogan natikang ha kataposan nga timogan han patay nga dagat,	their southern boundary started from the bay at the southern end of the Dead Sea, sea,
amo ini an katunaan nga kinarawat han mga panimalay han tribo ni Juda nga ira malon.	this is the inheritance of the tribe of Judah, according to its clans:
kina, dimona, adada,	kinah, dimonah, adadah,
cades, asor, jetna,	kedesh, hazor, ithnan,
sip, telem, balot,	ziph, telem, bealoth,
asorhadata, cariotesron (o asor),	hazor hadattah, kerioth hezron (that is, hazor),
aman, sama, molada,	amam, shema, moladah,
asergada, hasemon, betpelet,	hazar gaddah, heshmon, beth pelet,
hasersual, berseba, basiotia,	hazar shual, Beersheba, biziothiah,
baala, jim, esem,	baalah, iyim, ezem,
eltolad, sesil, horma,	eltolad, kesil, hormah,
siclag, madmana, sensena,	ziklag, madmannah, sansannah,
libaot, silim, ain, ug rimon: 29 nga mga syudad ngatanan, lakip an mga bungto nga harani ha ira.	lebaoth, shilhim, ain and rimmona total of twentynine towns and their villages.
an mga syudad ha kapatagan amo ini: estaol, sarea, asena,	in the western foothills: eshtaol, zorah, ashnah,
sanoe, enganim, tapua, eniam,	zanoah, en gannim, tappuah, enam,
jerimut, adulam, soco, aseca,	jarmuth, adullam, sokoh, azekah,
saraim, aditaim, gedera, ug gederotaim: 14 nga mga syudad lakip an mga bungto nga harani ha ira.	shaaraim, adithaim and gederah (or gederothaim) —fourteen towns and their villages.
upod liwat an sanan, hadasa, magdalgad,	zenan, hadashah, migdal Gad,
dilean, mispa, jectel,	dilean, Mizpah, joktheel,
laquis, bascat, eglon,	lachish, bozkath, eglon,
kebon, lehinam, kitlis,	kabbon, lahmas, kitlish,
gederot, betdagon, naama, ug maceda: 16 nga mga syudad lakip an mga bungto nga harani ha ira.	gederoth, beth dagon, naamah and makkedahsixteen towns and their villages.
nahilakip liwat an libna, eter, asan,	libnah, ether, ashan,
jepta, esna, nesib,	iphtah, ashnah, nezib,
keila, acsib, ug marsa: siyam nga mga syudad lakip an mga bungto nga harani ha ira.	keilah, akzib and mareshahnine towns and their villages.
nahiupod pa gayud an acaron ug an mga bungto ug mga baryo hini,	Ekron, with its surrounding settlements and villages;
ngan an ngatanan nga mga syudad ug mga bungto nga harani han asoto, tikang ha acaron ngadto ha dagat mediteraneo.	west of Ekron, all that were in the vicinity of Ashdod, together with their villages;
didto han sagkahon nga katunaan an samir, jetir, sucot,	in the hill country: shamir, jattir, sokoh,
dana, cariatsona (o dabir),	dannah, kiriath sannah (that is, debir),
anab, estemo, anim,	anab, eshtemoh, anim,
gosen, olon, ug gilo: 11 ka mga syudad lakip an mga bungto nga harani ha ira.	goshen, holon and giloheleven towns and their villages.
nakadto liwat an arad, ruma, esaan,	arab, dumah, eshan,
janom, betapua, apeca,	janim, beth tappuah, aphekah,
humtan, cariatarbe (o Hebron), ug sior: siyam nga mga syudad lakip an mga bungto nga harani ha ira.	humtah, kiriath arba (that is, Hebron) and ziornine towns and their villages.
nahiupod liwat an maon, carmelo, sip, juta,	maon, Carmel, ziph, juttah,
jezrael, jocadam, sanoe,	Jezreel, jokdeam, zanoah,
acain, gabaa, ug timna: napulo nga mga syudad lakip an mga bungto nga harani ha ira.	kain, gibeah and timnahten towns and their villages.
nahilakip pa gud an halol, besor, cedor,	halhul, beth zur, gedor,
maret, betanot, ug eltecon: unom nga mga syudad lakip an mga bungto nga harani ha ira.	maarath, beth anoth and eltekonsix towns and their villages.
nahiupod liwat an cariatbaal (o cariatiarim) ug araba: duha nga mga syudad lakip an mga bungto nga harani ha ira.	kiriath baal (that is, kiriath jearim) and rabbahtwo towns and their villages.
didto ha kamingawan an betaraba, medin, sacaca,	in the wilderness: beth arabah, middin, sekakah,
nibsan, an syudad hin asin, ug an engadi: unom nga mga syudad lakip an mga bungto nga harani ha ira.	nibshan, the city of salt and en gedisix towns and their villages.
tikang ha betel napakadto ha lusa, nalabay tipakadto ha atarot adar, diin nagukoy an mga arkitanhon.	it went on from bethel (that is, luz), crossed over to the territory of the arkites in ataroth,
amo ini an nakarawat nga malon han mga sumurunod ni Jose, an mga tribo ni efraim ug ni manases.	so manasseh and ephraim, the descendants of Joseph, received their inheritance.
tikang ha janoe, natipailawod ini ngadto ha atarot ug naara, naabot ha jerico ngan aadto katatapos ha Jordan.	then it went down from janoah to ataroth and naarah, touched Jericho and came out at the Jordan.
mayada pa pito nga mga tribo han mga tawo han Israel nga waray pa katagi han ira malon.	but there were still seven israelite tribes who had not yet received their inheritance.
ngan inmagi tipaamihanan han tagaytay nga natangbo han kahamuban Jordan. katapos linmugsong ini ngadto han kahamuban,	it continued to the northern slope of beth arabah and on down into the arabah.
an mga syudad nga gintatagiya han mga panimalay han tribo ni Benjamin amo an jerico, bethogla, emecases,	the tribe of Benjamin, according to its clans, had the following towns: Jericho, beth hoglah, emek keziz,
betaraba, samaraim, betel,	beth arabah, zemaraim, bethel,
avim, para, opra,	avvim, parah, ophrah,
sefaramomi, opni ug geba: 12 nga mga syudad upod an mga bungto nga harani ha ira.	kephar ammoni, ophni and gebatwelve towns and their villages.
nakadto liwat an gabaon, rama, berot,	Gibeon, Ramah, beeroth,
mispa, capara, amosa,	Mizpah, kephirah, mozah,
requem, jarepel, tarela,	rekem, irpeel, taralah,
nahauupod hini dinhe an berseba, seba, molada,	it included: Beersheba (or sheba), moladah,
hasersusa, bala, esem,	hazar shual, balah, ezem,
eltolad, betul, horma,	eltolad, bethul, hormah,
siclag, betmarcabot, hasarsusa,	ziklag, beth markaboth, hazar susah,
betlebaot ug saruhen: 13 nga mga syudad lakip an mga bungto nga harani ha ira.	beth lebaoth and sharuhenthirteen towns and their villages;
upod liwat dinhe an ain, remon, ater, ug asan: upat nga mga syudad lakip an mga bungto nga harani ha ira.	ain, rimmon, ether and ashanfour towns and their villages—
tikang didto nagtipakatundan an pagultan ngadto ha merala, kinmamit ini han debaset ug han sapa ha sinirangan han jeconam.	going west it ran to maralah, touched dabbesheth, and extended to the ravine near jokneam.
didto ha amihanan nga dapit an pagultan linmiko ngadto ha hanaton ngan natapos didto ha kahamuban jeptael.	there the boundary went around on the north to hannathon and ended at the valley of iphtah el.
ini nga mga syudad ug an ira mga bungto nahasasakob han tuna nga ihinatag nga malon ha mga panimalay han tribo ni zabulon.	these towns and their villages were the inheritance of Zebulun, according to its clans.
an ikaupat nga malon nga tuna ihinatag han mga panimalay han tribo ni isacar.	the fourth lot came out for Issachar according to its clans.
nahiupod hini dinhe an jezrael, casalot, sunem,	their territory included: Jezreel, kesulloth, shunem,
haparaim, sion, anaharat,	hapharaim, shion, anaharath,
rabot, ision, abes,	rabbith, kishion, ebez,
ramet, enganim, enada, ug betpases.	remeth, en gannim, en haddah and beth pazzez.
ini nga mga syudad upod an ira mga bungto nahasasakob han tuna nga malon ha mga panimalay han tribo ni isacar.	these towns and their villages were the inheritance of the tribe of Issachar, according to its clans.
an ikalima nga malon nga tuna ihinatag han mga panimalay han tribo ni aser.	the fifth lot came out for the tribe of Asher according to its clans.
upod hini nga tuna an halcat, cali, beten, acsap,	their territory included: helkath, hali, beten, akshaph,
elmelec, amad, ug mesal. ha katundan nakamit ini han carmelo ug sihorlabanat.	allammelek, amad and mishal. on the west the boundary touched Carmel and shihor libnath.
ebron, rohob, hamon, cana, tubtob ngadto ha Sidon.	it went to abdon, rehob, hammon and kanah, as far as greater Sidon.
ama, apec, ug rohob: 22 nga mga syudad lakip an mga bungto nga harani ha ira.	ummah, aphek and rehob. there were twentytwo towns and their villages.
ini nga mga syudad ug mga bungto nahasasakob han tuna nga malon ha mga panimalay han tribo ni aser.	these towns and their villages were the inheritance of the tribe of Asher, according to its clans.
an ikaunom nga malon han tuna ihinatag ha mga panimalay han tribo ni neftali.	the sixth lot came out for Naphtali according to its clans:
an mga kinota nga syudad amo an asidim, ser, hamat, recat, kineret,	the fortified towns were ziddim, zer, hammath, rakkath, kinnereth,
edama, arama, asor,	adamah, Ramah, hazor,
cades, edrei, enasor,	kedesh, edrei, en hazor,
hiron, magdalel, horem, betanat, ug betsemes: 19 nga mga syudad lakip an mga bungto nga harani ha ira.	iron, migdal el, horem, beth anath and beth shemesh. there were nineteen towns and their villages.
ini nga mga syudad ug an ira mga bungto nahasasakob han tuna nga iginhatag nga malon ha mga panimalay han tribo ni neftali.	these towns and their villages were the inheritance of the tribe of Naphtali, according to its clans.
an ikapito nga malon han tuna ihinatag ha mga panimalay han tribo ni Dan.	the seventh lot came out for the tribe of Dan according to its clans.
nahasasakop hini nga tuna an sara, estaol, irsemes,	the territory of their inheritance included: zorah, eshtaol, ir shemesh,
selebin, aiyalon, jeteha,	shaalabbin, aijalon, ithlah,
elon, temna, acron,	elon, timnah, Ekron,
elteke, gebeton, balaat,	eltekeh, gibbethon, baalath,
jud, banebarac, getrimon,	jehud, bene berak, Gath rimmon,
meriacon ug aricon, sugad man an katunaan palibot han jope.	me jarkon and rakkon, with the area facing Joppa.
ini nga mga syudad ug an ira mga bungto nahasasakob dida han tuna nga ihinatag nga malon ha mga panimalay han tribo ni Dan.	these towns and their villages were the inheritance of the tribe of Dan, according to its clans.
niyan ginsiring han Ginoo hi josue nga	then the Lord said to Joshua:
jeter, estemo,	jattir, eshtemoa,
holon, dabir,	holon, debir,
tikang han katunaan ni Benjamin, tinagan hira hin upat nga mga syudad: gabaon, geba,	and from the tribe of Benjamin they gave them: Gibeon, geba,
anatot, ug almon upod an ira mga uma nga panibsiban.	anathoth and almon, together with their pasturelandsfour towns.
dies y nuebe ngatanan nga mga syudad upod an mga uma nga panibsiban an nahatag ngadto han kapadian nga tulin ni Aaron.	the total number of towns for the priests, the descendants of Aaron, came to thirteen, together with their pasturelands.
kibsaim ug an betoron upod an ira mga uma nga panibsiban.	kibzaim and beth horon, together with their pasturelandsfour towns.
tikang han katunaan han Dan tinagan hira hin upat nga mga syudad: elteco, gabaon,	also from the tribe of Dan they received: eltekeh, gibbethon,
an aiyalon ug an gatremon, upod an mga uma nga panibsiban.	aijalon and Gath rimmon, together with their pasturelandsfour towns.
ini nga mga panimalay han banay ni cohat kinmarawat hin napulo nga mga syudad upod an ira mga uma nga panibsiban.	all these ten towns and their pasturelands were given to the rest of the kohathite clans.
tikang han katunaan han isacar, kinmarawat hira hin upat nga mga syudad: kision ug daberat,	from the tribe of Issachar, kishion, daberath,
jaramut ug enganim upod an ira mga panibsiban nga uma.	jarmuth and en gannim, together with their pasturelandsfour towns;
tikang han katunaan han aser, kinmarawat hira hin upat nga mga syudad: masal, abdon,	from the tribe of Asher, mishal, abdon,
helcat, ug rohob upod an ira mga panibsiban nga uma.	helkath and rehob, together with their pasturelandsfour towns;
damna ug naalol upod an ira mga panibsiban nga uma.	dimnah and nahalal, together with their pasturelandsfour towns;
tikang han katunaan han ruben, kinmarawat hira hin upat nga mga syudad: boser, jasin,	from the tribe of Reuben, bezer, jahaz,
cademot ug mefaat upod an ira mga panibsiban nga uma.	kedemoth and mephaath, together with their pasturelandsfour towns;
hesebon ug an jaser upod an ira panibsiban nga mga uma.	heshbon and jazer, together with their pasturelandsfour towns in all.
gintuman han Ginoo an ngatanan nga mga saad nga iya ginhimo ha mga tawo han Israel.	not one of all the Lord ’s good promises to Israel failed; every one was fulfilled.
gintawag ni josue an ngatanan nga mga tawo han mga tribo ni ruben, Gad, ug manases ha sinirangan.	then Joshua summoned the reubenites, the gadites and the halftribe of manasseh
sanglit nagtindog kami hin altar, diri para hin pagtubod hin mga unong ug iba pa nga mga halad,	“that is why we said, ‘let us get ready and build an altarbut not for burnt offerings or sacrifices.’
lugod pagmatinumanon han Ginoo ,, sugad nga nagmatinumanon kamo ngada yana.	but you are to hold fast to the Lord your God, as you have until now.
sanglit higugmaa gayud an Ginoo nga iyo dyos.	so be very careful to love the Lord your God.
kundi waray ako mamati kan balaam, sanglit ginbendisyonan kamo niya ug dida hini nga paagi, natalwas kamo kan balac.	but i would not listen to balaam, so he blessed you again and again, and i delivered you out of his hand.
binmaton an mga tawo, “diri namon igsasalikway an Ginoo tungod hin pagalagad hin iba nga kadiyosan.	then the people answered, “far be it from us to forsake the Lord to serve other gods!
nagsiring kan josue an mga tawo, “magaalagad kami han Ginoo !”!”	but the people said to Joshua, “no! we will serve the Lord .”.”
nagsiring kan josue an mga tawo, “magaalagad kami han Ginoo nga amon dyos. magtutuman kami han iya mga sugo.”	and the people said to Joshua, “we will serve the Lord our God and obey him.”
ngan ginpauli ni josue an mga tawo, ngan an tagsatagsa inmoli ngadto han iya malon nga tuna.	then Joshua dismissed the people, each to their own inheritance.
mahingpit unta dida ha iyo an kalooy, kalinaw, ngan an gugma.	mercy, peace and love be yours in abundance.
kundi panumdom, kasangkayan ko! panumdom han iginsumat ha iyo hadto han mga apostoles han aton Ginoo jesucristo.	but, dear friends, remember what the apostles of our Lord Jesus Christ foretold.
ipakita an iyo kalooy hadton mga nagruruhaduha;	be merciful to those who doubt;
nagtawag kan Moises an Ginoo tikang han iya tulda ngan ginhatag kan Moises an nasunod nga mga turumanon	the Lord called to Moses and spoke to him from the tent of meeting. he said,
niyan pagaanitan niya an hayop ngan pagaatadohon niya.	you are to skin the burnt offering and cut it into pieces.
kunota ini ngan ipisi hin lana kon ighalad niyo ini.	crumble it and pour oil on it; it is a grain offering.
sakti ini hin lana hin olibo ngan hin insyenso.	put oil and incense on it; it is a grain offering.
kon ighalad in usa nga karnero,	if you offer a lamb, you are to present it before the Lord ,,
pagtutuboron han nangungulo nga padi ini ngatanan dida han altar sugad nga usa nga halad nga pagkaon ngadto han Ginoo ..	the priest shall burn them on the altar as a food offering presented to the Lord ..
kon ighalad hin kanding, in usa ka tawo	““ ‘if your offering is a goat, you are to present it before the Lord ,,
ginsugo han Ginoo hi Moises	the Lord said to Moses,
niyan makuha an labaw nga padi hin dugo han baka ngan dadadon ini ngadto han tulda.	then the anointed priest shall take some of the bulls blood and carry it into the tent of meeting.
kundi kukuhaon niya an panit, an ngatanan nga unod, an ulo, an mga paa, an mga sakob han ginhawa upod an mga tinae,	but the hide of the bull and all its flesh, as well as the head and legs, the internal organs and the intestines—
pagdadadon han labaw nga padi in dugo han baka ngadto han tulda,	then the anointed priest is to take some of the bulls blood into the tent of meeting.
itutunlob an iya tudlo dida hini ngan iwawarikwik an dugo hin makapito ha atubangan han biray.	he shall dip his finger into the blood and sprinkle it before the Lord seven times in front of the curtain.
niyan kukuhaon niya an ngatanan nga tambok han baka ngan pagtutuboron ini dida ha altar.	he shall remove all the fat from it and burn it on the altar,
kon salaan in usa ka tawo kinahanglan igkompisal niya an sala,	when anyone becomes aware that they are guilty in any of these matters, they must confess in what way they have sinned.
iginhatag han Ginoo kan Moises inin masunod nga mga turumanon.	the Lord said to Moses:
halad ini nga bayad han sala nga nabuhat niya kontra han Ginoo ..	it is a guilt offering; they have been guilty of wrongdoing against the Lord .”.”
iginhatag han Ginoo kan Moises ini nga mga turumanon.	the Lord said to Moses:
ginsugo han Ginoo hi Moises	the Lord said to Moses:
kinahanglan diri kawarayan hin kalayo dida ha altar ngan diri gud ini pagparongon.	the fire must be kept burning on the altar continuously; it must not go out.
iginhatag han Ginoo kan Moises an masunod nga mga turumanon	the Lord also said to Moses,
an ngatanan nga pagkaon nga ginhalad hin usa nga padi kinahanglan diri kaonon; kinahanglan pagsunogon ini ngatanan.	every grain offering of a priest shall be burned completely; it must not be eaten.”
ginsugo han Ginoo hi Moises	the Lord said to Moses,
an padi nga naghahalad han hayop amo an makaon hini didto hin usa nga baraan nga dapit, ha bungsaran han tulda han Ginoo ..	the priest who offers it shall eat it; it is to be eaten in the sanctuary area, in the courtyard of the tent of meeting.
makakakaon hini nga halad in bisan hino nga lalake han padianon nga mga panimalay; labi ini hin baraan.	any male in a priests family may eat it; it is most holy.
mga turumanon ini para hin mga halad hin pagbayad nga labi hin ka baraan nga mga halad.	““ ‘these are the regulations for the guilt offering, which is most holy:
an panit han hayop nga gintutubod kanan padi na nga nagtutubod han halad.	the priest who offers a burnt offering for anyone may keep its hide for himself.
mga turumanon ini para han mga halad hin pagkaurosa nga ighahalad ngadto han Ginoo ..	““ ‘these are the regulations for the fellowship offering anyone may present to the Lord ::
kinahanglan pagtuboron an karne nga mahisalin pa dida han ikatulo ka adlaw.	any meat of the sacrifice left over till the third day must be burned up.
iginhatag han Ginoo kan Moises an masunod nga mga turumanon	the Lord said to Moses,
para han mga tawo han Israel. diri kakaonon an tambok hin baka, karnero, o kanding.	“say to the Israelites: ‘do not eat any of the fat of cattle, sheep or goats.
bisan diin paguokoy an mga israelita, kinahanglan diri gud hira maggamit han dugo hin mga tamsi o mga mananap para hin pagkaon.	and wherever you live, you must not eat the blood of any bird or animal.
diri na gud pagiisipon nga usa han kanan dyos mga tawo an bisan hino nga magtalapas hini nga balaod.	anyone who eats blood must be cut off from their people.’ ””
iginhatag han Ginoo kan Moises an masunod nga mga turumanon	the Lord said to Moses,
pagtutuboron han padi an tambok dida han altar, kundi ihahatag ha kapadian an dughan.	the priest shall burn the fat on the altar, but the breast belongs to Aaron and his sons.
ihahatag an tuo nga mangorhi nga paa han hayop sugad nga usa nga linain nga amot	you are to give the right thigh of your fellowship offerings to the priest as a contribution.
nagsiring kan Moises an Ginoo ,,	the Lord said to Moses,
niyan tiroka didto an bugos nga bungto.”	and gather the entire assembly at the entrance to the tent of meeting.”
gintuman ni Moises sumala han iginsugo han Ginoo ,, ngan han katirok na han bungto,	Moses did as the Lord commanded him, and the assembly gathered at the entrance to the tent of meeting.
iya ginsiring hira, “an akon yana pagbubuhaton amo an iginsugo ha akon han Ginoo .”.”	Moses said to the assembly, “this is what the Lord has commanded to be done.”
gindara ni Moises hi Aaron ngan an iya mga anak nga kalalakenan ngan iya ginpakarigos hira.	then Moses brought Aaron and his sons forward and washed them with water.
iya iginsulot kan Aaron an tahob han dughan ngan igintaod dida hini an urim ug tumim.	he placed the breastpiece on him and put the urim and thummim in the breastpiece.
ginordenahan niya hi Aaron pinaagi hin pagbobi han iya ulo han igdirihog nga lana.	he poured some of the anointing oil on aarons head and anointed him to consecrate him.
ginihaw ini ni Moises ngan iginsablig an dugo ngada han ngatanan nga upat nga mga ligid han altar.	then Moses slaughtered the ram and splashed the blood against the sides of the altar.
sunoga an bisan ano nga karne o tinapay nga nahisalin.	then burn up the rest of the meat and the bread.
ginsugo kita han Ginoo hin pagtuman han aton ginbuhat yana nga adlaw basi makuha an iyo sala.	what has been done today was commanded by the Lord to make atonement for you.
sanglit ginbuhat ni Aaron ngan han iya mga anak nga kalalakenan an ngatanan nga iginsugo han Ginoo pinaagi kan Moises.	so Aaron and his sons did everything the Lord commanded through Moses.
kinmadto hi Aaron ha altar ngan ginihaw niya an todo nga baka para han iya kalugaringon nga halad tungod hin sala.	so Aaron came to the altar and slaughtered the calf as a sin offering for himself.
kundi gintubod niya an karne ngan an panit ha gawas han kampo.	the flesh and the hide he burned up outside the camp.
gindara liwat niya an hayop para han halad nga tutuboron ngan iginhalad ini sumala han mga turumanon.	he brought the burnt offering and offered it in the prescribed way.
ha bawbaw han mga dughan han mga hayop ngan gindara ini ngatanan ngadto ha altar. gintubod niya an tambok didto ha altar,	these they laid on the breasts, and then Aaron burned the fat on the altar.
ha gilayon nagpadara hin kalayo an Ginoo ngan ginsunog hira. namatay hira ha atubangan han Ginoo ..	so fire came out from the presence of the Lord and consumed them, and they died before the Lord ..
nagsiring an Ginoo kan Aaron,	then the Lord said to Aaron,
kinahanglan pagtutdoan mo an mga tawo han Israel han ngatanan nga mga balaod nga iginhatag ko ha imo pinaagi kan Moises.”	and so you can teach the Israelites all the decrees the Lord has given them through Moses.”
han pakabati hini ni Moises, tinmunga hiya han baton ni Aaron.	when Moses heard this, he was satisfied.
iginhatag han Ginoo kanda Moises ug Aaron ini nga mga turumanon	the Lord said to Moses and Aaron,
nga may mga bulag nga mga kulo ha tiil ngan nasibsib han banwa.	you may eat any animal that has a divided hoof and that chews the cud.
kinahanglan diri kamo kumaon hin bisan ano nga naukoy ha tubig nga waray mga kapay ngan mga hingbis.	anything living in the water that does not have fins and scales is to be regarded as unclean by you.
maghugaw an ngatanan nga pakoan nga gudtiay nga mga mananap,	““ ‘all flying insects that walk on all fours are to be regarded as unclean by you.
kundi kinahanglan iyo pagisipon nga mahugaw an iba ngatanan nga gudtiay nga mga butang nga may mga pako ngan nagkakamang.	but all other flying insects that have four legs you are to regard as unclean.
2930 kinahanglan pagisipon nga mahugaw an mga miro, mga yatot, mga tiki, ibid, buaya, ngan mga halo.	the gecko, the monitor lizard, the wall lizard, the skink and the chameleon.
kon mahulog in usa hini ngada hin binhe nga igpurugas, magpapabilin nga malinis an binhe.	if a carcass falls on any seeds that are to be planted, they remain clean.
kundi kon ginpahuroman ha tubig an binhe, ngan mahulog ngada hini in usa nga patay nga lawas, mahugaw na an binhe.	but if water has been put on the seed and a carcass falls on it, it is unclean for you.
kinahanglan diri kamo kumaon hin bisan ano han gudtiay nga mga mananap nga nagkikiwa dida ha tuna,	““ ‘every creature that moves along the ground is to be regarded as unclean; it is not to be eaten.
iginhatag han Ginoo kan Moises ini nga mga turumanon	the Lord said to Moses,
dida han ikawalo ka adlaw pagtotorion an bata.	on the eighth day the boy is to be circumcised.
iginhatag han Ginoo kanda Moises ug Aaron ini nga mga turumanon.	the Lord said to Moses and Aaron,
kon in usa ka tawo may sakit nga sanla, kinahanglan dadon hiya ngadto han padi	“when anyone has a defiling skin disease, they must be brought to the priest.
kundi kon hikitan in mapula nga unod dida han katol, mahugaw ini nga tawo.	but whenever raw flesh appears on them, they will be unclean.
kundi kon magupay an katol ngan magmabusag na liwat, mapakadto an padi han tawo	if the raw flesh changes and turns white, they must go to the priest.
kon an bisan hino may hubag nga nagupay na,	“when someone has a boil on their skin and it heals,
kundi kon magsarang ini nga mabusag nga nahubag, igpapahibaro han padi nga mahugaw hiya; mayada hiya sakit nga sanla.	if it is spreading in the skin, the priest shall pronounce them unclean; it is a defiling disease.
hiunong hin usa ka tawo nga nasunog, kon an unod nga nasunog magbusag o namumula nga pangapay,	“when someone has a burn on their skin and a reddishwhite or white spot appears in the raw flesh of the burn,
kon in usa nga lalake o usa nga babaye mayada katol ha iya ulo o ha iya sulang,	“if a man or woman has a sore on their head or chin,
kundi kon magsarang an katol kahuman igpahibaro nga malinis na hiya,	but if the sore does spread in the skin after they are pronounced clean,
kon an usa nga lalake o usa nga babaye mayada pamusag ha iya panit,	“when a man or woman has white spots on the skin,
4041 kon magroto an buhok hin usa ka tawo ha luyo o ha atubangan han iya ulo, diri ini nakakapahugaw ha iya.	if he has lost his hair from the front of his scalp and has a bald forehead, he is clean.
igpapahibaro han padi nga mahugaw hiya, tungod han sanla nga sakit dida han iya ulo.	the man is diseased and is unclean. the priest shall pronounce him unclean because of the sore on his head.
kon may alamag dida hin panapton, ma delana o lino,	“as for any fabric that is spoiled with a defiling moldany woolen or linen clothing,
o dida hin bisan ano nga lino o delana nga dugnit, o dida hin anit, o bisan ano nga hinimo hin anit,	any woven or knitted material of linen or wool, any leather or anything made of leather—
pagsususihon ini han padi ngan iglalain niya hin pagbutang sulod hin pito ka adlaw.	the priest is to examine the affected area and isolate the article for seven days.
iginhatag han Ginoo kan Moises	the Lord said to Moses,
ngan iggagawas hiya han kampo ngan didto paguusisahon hiya. kon upay na an sakit,	the priest is to go outside the camp and examine them. if they have been healed of their defiling skin disease,
makuha an padi hin lana han olibo ngan igbububo ini ngada han palad han iya kalugaringon nga wala nga kamot,	the priest shall then take some of the log of oil, pour it in the palm of his own left hand,
maipis an padi han lana hin olibo ngada han palad han iya kalugaringon nga wala nga kamot,	the priest is to pour some of the oil into the palm of his own left hand,
kahuman, ighahalad niya an usa han duha nga sarapati o tukmo	then he shall sacrifice the doves or the young pigeons, such as the person can afford,
iginhatag han Ginoo kanda Moises ug Aaron	the Lord said to Moses and Aaron,
bisan hino nga makakaagi hin alamag dida han iya balay, kinahanglan kumadto ngan igsumat ini ha padi.	the owner of the house must go and tell the priest, ‘i have seen something that looks like a defiling mold in my house.’
babayaan niya an balay ngan pagsasadhan ini sulod hin pito ka adlaw.	the priest shall go out the doorway of the house and close it up for seven days.
dida han ikapito ka adlaw mabalik hiya ngan paguusisahon na liwat an balay. kon nagsarang na an alamag,	on the seventh day the priest shall return to inspect the house. if the mold has spread on the walls,
magmamahugaw ngada han pagkagabi an bisan hino nga sumulod han balay nga sinadhan.	“anyone who goes into the house while it is closed up will be unclean till evening.
pagiihawon niya an usa han duha nga tamsi ha bawbaw hin makaong nga kalot nga may sulod nga puraw nga tubig tikang hin burabod.	he shall kill one of the birds over fresh water in a clay pot.
amo ini an mga turumanon hiunong han sakit nga sanla,	these are the regulations for any defiling skin disease, for a sore,
5556 han mga katol, mga hubag, o mga nanmumula; ngan hiunong han mga alamag dida hin mga panapton o hin mga balay.	and for a swelling, a rash or a shiny spot,
amo ini nga mga balaod an nagpapahayag kon mahugaw o malinis ba in usa nga butang.	to determine when something is clean or unclean. these are the regulations for defiling skin diseases and defiling molds.
iginhatag han Ginoo kanda Moises ug Aaron inin masunod nga mga turumanon	the Lord said to Moses and Aaron,
mahugaw liwat an bisan ano nga iya higdaan o lingkoran.	““ ‘any bed the man with a discharge lies on will be unclean, and anything he sits on will be unclean.
mahugaw an bisan ano nga montora o lingkoran nga lingkoran han tawo nga ginaawasan.	““ ‘everything the man sits on when riding will be unclean,
katatapunan hin ka mahugaw an bisan ano nga iya lingkoran o higdaan samtang reniregla hiya.	““ ‘anything she lies on during her period will be unclean, and anything she sits on will be unclean.
amo ini an mga turumanon mahitungod hin usa nga lalake nga may nagaawas ha iya ikinatawo o ginagawsan hin binhe,	these are the regulations for a man with a discharge, for anyone made unclean by an emission of semen,
niyan pagdadadon niya an duha nga kanding ngadto han agian han tulda han Ginoo ..	then he is to take the two goats and present them before the Lord at the entrance to the tent of meeting.
didto magriripa hiya, nga magamit hin duha nga bato, an usa minarkahan hin “para han Ginoo ”” ngan an ikaduha “para kan azazel.”	he is to cast lots for the two goatsone lot for the Lord and the other for the scapegoat.
pagtutuboron niya dida han altar an tambok han hayop nga ginihaw para han halad tungod hin sala.	he shall also burn the fat of the sin offering on the altar.
ginsugo han Ginoo hi Moises	the Lord said to Moses,
kon diri niya pagtumanon ini, kinahanglan magantos hiya han mga bunga han iya pagtalapas.	but if they do not wash their clothes and bathe themselves, they will be held responsible.’ ””
ginsiring han Ginoo hi Moises	the Lord said to Moses,
nga sumatan an mga tawo han Israel, “ako amo an Ginoo nga iyo dyos.	“speak to the Israelites and say to them: ‘i am the Lord your God.
ayaw pagpakaalohi an imo amay pinaagi hin pakighilawas bisan kan kanay han iba niya nga mga asawa.	““ ‘do not have sexual relations with your fathers wife; that would dishonor your father.
ayaw pakighilawas han imo bugto ha gawas nga babaye; bugto mo liwat hiya.	““ ‘do not have sexual relations with the daughter of your fathers wife, born to your father; she is your sister.
1213 ayaw pakighilawas hin imo dada, bisan bugto hiya han imo amay o han imo iroy.	““ ‘do not have sexual relations with your mothers sister, because she is your mothers close relative.
o han asawa han imo bugto.	““ ‘do not have sexual relations with your brothers wife; that would dishonor your brother.
ayaw pakighilawas hin babaye samtang reniregla hiya, kay mahugaw hiya sumala han seremonyas.	““ ‘do not approach a woman to have sexual relations during the uncleanness of her monthly period.
ayaw pakighilawas han asawa hin lain nga lalake, makakahugaw ini ha imo sumala han seremonyas.	““ ‘do not have sexual relations with your neighbors wife and defile yourself with her.
waray gud lalake nga makighilawas hin igkasi lalake; napupungot gud hini an dyos.	““ ‘do not have sexual relations with a man as one does with a woman; that is detestable.
ngan diri kamo igsasalikway han tuna sugad han pagsalikwaya han mga pagano nga nagukoy didto una ha iyo.	and if you defile the land, it will vomit you out as it vomited out the nations that were before you.
ginsiring han Ginoo hi Moises	the Lord said to Moses,
kay mahugaw na ini sumala han seremonyas, ngan kon may kumaon hini, diri ko kakarawton ini nga halad.	if any of it is eaten on the third day, it is impure and will not be accepted.
“ayaw kamo pangawat o panlimbong o pagbuwa.	““ ‘do not steal. ““ ‘do not lie. ““ ‘do not deceive one another.
“ayaw kamo pagkaon hin bisan ano nga karne nga aada pa hini an dugo. ayaw gud kamo pagbuhat hin bisan ano nga salamangka.	““ ‘do not eat any meat with the blood still in it. ““ ‘do not practice divination or seek omens.
ayaw niyo pagaroti an buhok dida han mga ligid han iyo ulo o pagkortihi an iyo bungot,	““ ‘do not cut the hair at the sides of your head or clip off the edges of your beard.
pagtumana niyo an adlaw nga iparahuway ngan pagpasidunggi niyo an dapit nga ginsisingbahan ha akon. hi ako an Ginoo ..	““ ‘observe my sabbaths and have reverence for my sanctuary. i am the Lord ..
“ayaw kamo pagraogdaog hin mga lumalangyaw nga naguokoy dida han iyo tuna.	““ ‘when a foreigner resides among you in your land, do not mistreat them.
“ayaw niyo paglimbongi an bisan hino pinaagi hin paggamit hin diri tuhay nga mga suruklan, timbangan, ug taraksan.	““ ‘do not use dishonest standards when measuring length, weight or quantity.
ginsiring han Ginoo hi Moises,	the Lord said to Moses,
pagbaraan kamo kay ako amo an Ginoo nga iyo dyos.	““ ‘consecrate yourselves and be holy, because i am the Lord your God.
pagsugta niyo an akon mga balaod, kay amo ako an Ginoo ngan ako an magbabaraan ha iyo.”	keep my decrees and follow them. i am the Lord ,, who makes you holy.
kon makighilawas in usa ka tawo hin usa nga mananap, kinahanglan patayon hiya ngan an mananap.	““ ‘if a man has sexual relations with an animal, he is to be put to death, and you must kill the animal.
kinahanglan mangasawa hiya hin babaye nga uray pa,	““ ‘the woman he marries must be a virgin.
ginsugo han Ginoo hi Moises	the Lord said to Moses,
an tawo nga may kimay nga kamot o piay nga tiil;	no man with a crippled foot or hand,
an tawo nga buktot o inano; an tawo nga may sakit ha mata o ha panit; ngan an tawo nga kapon.	or who is a hunchback or a dwarf, or who has any eye defect, or who has festering or running sores or damaged testicles.
amo ini an iginsiring ni Moises kan Aaron, ha mga anak nga kalalakenan ni Aaron, ngan ha ngatanan nga mga tawo han Israel.	so Moses told this to Aaron and his sons and to all the Israelites.
ginsugo han Ginoo hi Moises	the Lord said to Moses,
diri pagpasipadan han kapadian an baraan nga mga halad	the priests must not desecrate the sacred offerings the Israelites present to the Lord
ginsugo han Ginoo hi Moises	the Lord said to Moses,
basi karawton ini, kinahanglan lalaki ini nga waray gud mga dumit.	you must present a male without defect from the cattle, sheep or goats in order that it may be accepted on your behalf.
kon maghalad kamo hin bisan ano nga hayop nga may mga dumit, diri ini kakarawton han Ginoo ..	do not bring anything with a defect, because it will not be accepted on your behalf.
kon maghalad kamo hin usa nga halad hin pagpasalamat ngadto han Ginoo ,, sunda niyo an mga turumanon basi karawton kamo;	“when you sacrifice a thank offering to the Lord ,, sacrifice it in such a way that it will be accepted on your behalf.
kaona ini niyo ha amo manta nga adlaw ngan ayaw gud pagsalin hini ngada han pagkabuwas.	it must be eaten that same day; leave none of it till morning. i am the Lord ..
nagsiring an Ginoo ,, “pagsugta niyo an akon mga sugo; ako an Ginoo ..	“keep my commands and follow them. i am the Lord ..
ngan ginpagawas ko kamo ha Ehipto basi ako magin iyo dyos. hi ako an Ginoo .”.”	and who brought you out of Egypt to be your God. i am the Lord .”.”
iginhatag han Ginoo kan Moises	the Lord said to Moses,
dida han syahan hini nga mga adlaw magtitirok kamo hin pagsingba ngan diri kamo magbubuhat han iyo kada adlaw nga mga buruhaton.	on the first day hold a sacred assembly and do no regular work.
paghalad kamo hin usa nga halad nga pagkaon ngadto han Ginoo ngan ayaw kamo pagbuhat han iyo kada adlaw nga mga buruhaton.	do no regular work, but present a food offering to the Lord .’.’ ””
an bisan hino nga magpasipara hin pagkaon hin bisan ano hito nga adlaw, diri na hiya pagiisipon nga sakop han bungto han dyos.	those who do not deny themselves on that day must be cut off from their people.
ngan kon mayada magbuhat hin bisan ano nga buruhaton hito nga adlaw, an Ginoo ngahaw an mapatay ha iya.	i will destroy from among their people anyone who does any work on that day.
dida han syahan hini nga mga adlaw pagtirok kamo hin pagsingba ngan ayaw kamo pagbuhat han iyo kada adlaw nga mga buruhaton.	the first day is a sacred assembly; do no regular work.
maguokoy an ngatanan nga mga tawo han Israel dida hin mga payag nga sirongan sulod hin pito ka adlaw,	live in temporary shelters for seven days: all nativeborn Israelites are to live in such shelters
ginsiring han Ginoo hi Moises	the Lord said to Moses,
ginpabantayan hiya ngan naghulat hira han Ginoo kon ano gud an igpapabuhat ha ira han Ginoo ..	they put him in custody until the will of the Lord should be made clear to them.
nagsiring an Ginoo kan Moises,	then the Lord said to Moses:
“pagpapatayon man an bisan hino nga magpatay hin tawo,	““ ‘anyone who takes the life of a human being is to be put to death.
“an tawo nga makadaot hin lain nga tawo, an bisan ano nga iya nabuhat pagbubuhaton man ini ha iya.	anyone who injures their neighbor is to be injured in the same manner:
naghimangraw an Ginoo kan Moises didto ha bukid Sinai ngan ginsugo hiya	the Lord said to Moses at mount Sinai,
magigin baraan gud para ha iyo an bugos nga tuig; kakaonon la niyo adton mga abot tikang han kaumhan nga waray niyo pagtrabahoa.	for it is a jubilee and is to be holy for you; eat only what is taken directly from the fields.
dida hini nga tuig igooli ngadto han tunay nga tagiya an ngatanan nga hiagi nga iginbaligya.	““ ‘in this year of jubilee everyone is to return to their own property.
ayaw paglimbong hin iyo igkasi israelita, kundi kahadloki ngan tahora niyo an Ginoo nga iyo dyos.	do not take advantage of each other, but fear your God. i am the Lord your God.
pagbebendisyonan han Ginoo an tuna dida han ikaunom nga tuig basi makahatag ini hin igo nga pagkaon hin kanan duha ka tuig.	i will send you such a blessing in the sixth year that the land will yield enough for three years.
kon ginbabaligya in tuna, kinahanglan kilalahon niyo an katungod han tunay nga tagiya hin paglukat han tuna.	throughout the land that you hold as a possession, you must provide for the redemption of the land.
ayaw hiya pagsukti hin patubo, kundi pagsugta an dyos ngan paokya an iyo igkasi israelita hirani ha iyo.	do not take interest or any profit from them, but fear your God, so that they may continue to live among you.
ayaw niyo hira pagpakurii, kundi pagsugta niyo an iyo dyos.	do not rule over them ruthlessly, but fear your God.
katapos hiya igbaligya, mayada pa gihapon hiya katungod nga malukat hiya. usa han iya kabugtoan nga kalalakenan,	they retain the right of redemption after they have sold themselves. one of their relatives may redeem them:
pagtumana niyo an mga siringbahan nga pyesta ngan pagpasidunggi an dapit nga ginsisingbahan ha akon. hi ako an Ginoo ..	““ ‘observe my sabbaths and have reverence for my sanctuary. i am the Lord ..
“kon magukoy kamo hin kinabuhi sumala han akon mga balaod ngan magsugot kamo han akon mga sugo,	““ ‘if you follow my decrees and are careful to obey my commands,
magmamadaogon kamo kontra han iyo mga kaaway;	you will pursue your enemies, and they will fall by the sword before you.
maguokoy ako upod ha iyo didto han akon baraan nga tulda, ngan diri ko gud kamo tatalikdan.	i will put my dwelling place among you, and i will not abhor you.
maupod ako ha iyo; magigin dyos ako niyo, ngan magigin katawhan ko kamo.	i will walk among you and be your God, and you will be my people.
nagsiring an Ginoo ,, “kon diri kamo magsugot han akon mga sugo, pagkakastigohon ko kamo.	““ ‘but if you will not listen to me and carry out all these commands,
pagpapaubson ko an iyo duro nga kamapahitason; mawawaray uran, magmamara ngan mababangkil sugad hin puthaw an iyo tuna.	i will break down your stubborn pride and make the sky above you like iron and the ground beneath you like bronze.
“kon katapos hini ngatanan nga mga kastigo, diri la gihapon kamo mamati ha akon, kundi magpadayon kamo hin pagato ha akon,	““ ‘if in spite of these things you do not accept my correction but continue to be hostile toward me,
niyan pagkokontrahon ko kamo ngan pagkakastigohon ko kamo hin pito pa ka pilo hin kamakuri kay han una.	i myself will be hostile toward you and will afflict you for your sins seven times over.
“kon katapos hini ngatanan, magpadayon la kamo gihapon hin pagato ngan diri pagsugot ha akon,	““ ‘if in spite of this you still do not listen to me but continue to be hostile toward me,
makalilisang nga kagutom an maabot ha iyo nga mapupugos kamo hin pagkaon han iyo kalugaringon nga mga anak.	you will eat the flesh of your sons and the flesh of your daughters.
magkakamatay kamo didto ha pagkabihag, ngan lalamoyon kamo han tuna han iyo mga kaaway.	you will perish among the nations; the land of your enemies will devour you.
iginhatag han Ginoo kan Moises	the Lord said to Moses,
kon karuyag han tawo hin paglukat han mananap, kinahanglan pagbaydan niya an kabaraydan upod in dugang nga 20 por syento.	if the owner wishes to redeem the animal, a fifth must be added to its value.
kon ighalad hin usa ka tawo ngadto han Ginoo in usa nga uma nga iya napalit, ngan diri bahin han tuna nga iya nasunod,	““ ‘if anyone dedicates to the Lord a field they have bought, which is not part of their family land,
pagabot han tuig han pagpahioli, igooli an tuna ngadto han tunay nga tagiya o ngadto han iya mga tulin.	in the year of jubilee the field will revert to the person from whom it was bought, the one whose land it was.
ipapasikad an ngatanan nga kabaraydan han timbangan nga ginagamit ha sanktuaryo.	every value is to be set according to the sanctuary shekel, twenty gerahs to the shekel.
diri na ini malulukat, bisan pa ngani usa ka tawo nga iginhalad na; kinahanglan pagpatayon hiya.	““ ‘no person devoted to destruction may be ransomed; they are to be put to death.
amo ini an mga sugo nga iginhatag han Ginoo kan Moises didto ha bukid Sinai para han mga tawo han Israel.	these are the commands the Lord gave Moses at mount Sinai for the Israelites.
hinigugma ko nga teofilo: damo na in nagtalingoha hin pagsurat han mga butang nga nahinabo dinhe ha aton.	many have undertaken to draw up an account of the things that have been fulfilled among us,
binubuhat ko ini basi hibaroan mo an bugos nga kamatuoran mahitungod hadton mga butang nga igintutdo ha imo.	so that you may know the certainty of the things you have been taught.
waray nira anak kay bawas hi elisabet, ngan mga lagas na kaupay hira nga duha.	but they were childless because Elizabeth was not able to conceive, and they were both very old.
samtang nagaampo ha gawas in damo nga mga tawo ha takna han pagtubod han insyenso.	and when the time for the burning of incense came, all the assembled worshipers were praying outside.
pinmakita ha iya in usa nga anghel han Ginoo, nga natindog didto ha tuo nga dapit han altar diin gintutubod an insyenso.	then an angel of the Lord appeared to him, standing at the right side of the altar of incense.
nalisang ngan nahadlok hi zacarias han pakakita niya han anghel.	when Zechariah saw him, he was startled and was gripped with fear.
mapupuno ka hin kalipay sugad man in damo nga mga tawo kon matawo na hiya!	he will be a joy and delight to you, and many will rejoice because of his birth,
damo in mga tawo han Israel nga bubuligan niya hin pagbalik ngadto han Ginoo nga ira dyos.	he will bring back many of the people of Israel to the Lord their God.
katapos na han iya buruhaton ha templo, inmoli hi zacarias.	when his time of service was completed, he returned home.
waray pagiha, nagburod hi elisabet nga iya asawa, ngan nakadto la hiya ha sakob han ira balay sulod hin lima ka bulan.	after this his wife Elizabeth became pregnant and for five months remained in seclusion.
kinmadto an anghel ha iya ngan nagsiring, “maghimaya ka! puno ka hin grasya! an Ginoo aada ha imo!”	the angel went to her and said, “greetings, you who are highly favored! the Lord is with you.”
dako an kagupong ni Maria han iginpasabot han anghel, ngan ginpainoino niya kon ano an kahulogan han iya mga pulong.	Mary was greatly troubled at his words and wondered what kind of greeting this might be.
nagsiring ha iya an anghel, “ayaw kahadlok, Maria, kay ginpalabi ka han dyos.	but the angel said to her, “do not be afraid, Mary; you have found favor with God.
magbuburod ngan magaanak ka hin lalake, ngan pagngangaranan mo hiya nga Jesus.	you will conceive and give birth to a son, and you are to call him Jesus.
ngan mahihimo hiya nga hadi ha kadayonan han mga tulin ni Jacob; an iya ginhadian waray kataposan!”	and he will reign over jacobs descendants forever; his kingdom will never end.”
hi Maria nagsiring han anghel, “uray ngan putli ako. uunanhon man hin kahimo hini?”	“how will this be,” Mary asked the angel, “since i am a virgin?”
kay waray butang nga diri mahihimo han dyos.”	for no word from God will ever fail.”
waray pagiha, nagandam hi Maria ngan nagdagmit hin pagkadto ha usa nga bungto ha sagkahon nga tuna han Judea.	at that time Mary got ready and hurried to a town in the hill country of Judea,
kinmadto hiya ha balay ni zacarias ngan naghatag hin katalahoran kan elisabet.	where she entered zechariahs home and greeted Elizabeth.
kay ano nga itinugot man ini nga makanhi hin pagduaw ha akon an iroy han akon Ginoo?	but why am i so favored, that the mother of my Lord should come to me?
hin kabaraan niya nga natoo nga matutuman an ginpamulong ha iya han Ginoo!”	blessed is she who has believed that the Lord would fulfill his promises to her!”
nagsiring hi Maria, “nagdadayaw an akon kalag han Ginoo;	and Mary said: “my soul glorifies the Lord
naglilipay an akon kasingkasing dida han dyos nga akon manunubos,	and my spirit rejoices in God my savior,
tungod han dagko nga mga butang nga ginbuhat para ha akon han makagarahum nga dyos. baraan an iya ngaran;	for the mighty one has done great things for me— holy is his name.
nagpapakita hiya hin kalooy hadton mga nahadlok ha iya, tikang ha usa ngadto han sunod nga katulinan.	his mercy extends to those who fear him, from generation to generation.
ginpukan niya in gamhanan nga mga hadi tikang han ira mga trono, ngan ginpahitaas niya an mga mapainubsanon.	he has brought down rulers from their thrones but has lifted up the humble.
ginbusog niya hin magupay nga mga butang an mga gutom, ngan ginpalakat niya an mga riko nga waray dara.	he has filled the hungry with good things but has sent the rich away empty.
gintuman niya an iya iginsaad ha aton mga kaapoyapoyan, ngan binuligan niya an Israel nga iya surugoon;	he has helped his servant Israel, remembering to be merciful
nahinumdom hiya hin pagkalooy kan Abraham ngan ha ngatanan nga iya katulinan ha kadayonan!”	to Abraham and his descendants forever, just as he promised our ancestors.”
linmungon hi Maria kan elisabet sulod hin mga tulo ka bulan, ngan katapos, inmoli hiya.	Mary stayed with Elizabeth for about three months and then returned home.
inmabot an panahon han paganak ni elisabet, ngan naganak hiya hin lalake.	when it was time for Elizabeth to have her baby, she gave birth to a son.
kundi nagsiring an iroy niya, “diri! Juan an igngangaran ha iya.”	but his mother spoke up and said, “no! he is to be called John.”
nagsiring hira ha iya, “kundi waray man niyo uropod nga may sugad hini nga ngaran!”	they said to her, “there is no one among your relatives who has that name.”
niyan ginsenyasan nira hi zacarias kon ano an iya karuyag igngaran han bata.	then they made signs to his father, to find out what he would like to name the child.
nagaro hi zacarias hin susuratan, ngan nagsurat, “Juan an iya ngaran.” duro gud an paghipausa nira ngatanan!	he asked for a writing tablet, and to everyones astonishment he wrote, “his name is John.”
hito manta nga takna nakayakan na liwat hi zacarias ngan nagtikang hiya hin pagdayaw han dyos.	immediately his mouth was opened and his tongue set free, and he began to speak, praising God.
napuno han Espiritu Santo santo hi zacarias nga amay ni Juan, ngan namulong hiya han mensahe han dyos:	his father Zechariah was filled with the Holy Spirit spirit and prophesied:
“dayawa ta an Ginoo, an dyos han Israel! kinmanhi hiya hin pagbulig ngan pagtalwas han iya katawhan.	“praise be to the Lord, the God of Israel, because he has come to his people and redeemed them.
naghatag hiya hin gamhanan nga magtaralwas para ha aton, nga tulin ni David nga iya surugoon.	he has raised up a horn of salvation for us in the house of his servant David
nagsaad hiya ha maiha na nga panahon pinaagi han iya baraan nga mga manaragna:	(as he said through his holy prophets of long ago),
nga tatalwason kita tikang han aton mga kaaway, ngan tikang han gahom hadton ngatanan nga nagdudumot ha aton.	salvation from our enemies and from the hand of all who hate us—
nagsiring hiya nga malolooy hiya han aton mga ginikanan, ngan manunumdom hiya han iya baraan nga ginsaaran.	to show mercy to our ancestors and to remember his holy covenant,
basi mabaraan ngan magmatadong kita ha iya atubangan, ha ngatanan nga mga adlaw han aton kinabuhi.	in holiness and righteousness before him all our days.
“tatawgon ka, anak ko, nga manaragna han gihahataasi nga dyos. maguuna ka han Ginoo hin pagandam han dalan nga iya aagian;	and you, my child, will be called a prophet of the most high; for you will go on before the Lord to prepare the way for him,
hin pagsumat han iya katawhan nga matatalwas hira, pinaagi hin pagpasaylo han ira mga sala.	to give his people the knowledge of salvation through the forgiveness of their sins,
maloloyon ngan mapuanguron an aton dyos. ipapasirang niya ha aton an adlaw han katalwasan,	because of the tender mercy of our God, by which the rising sun will come to us from heaven
hi cirenio amo an gobernador han siria han paghimoa hini nga syahan nga sensos.	(this was the first census that took place while quirinius was governor of Syria.)
sanglit kinmadto hin pagpalista an ngatanan, an kada usa ngadto han iya kalugaringon nga bungto.	and everyone went to their own town to register.
kinmadto hiya hin pagpalista upod hi Maria nga sinayoran na ha iya, ngan hingarakan na.	he went there to register with Mary, who was pledged to be married to him and was expecting a child.
samtang nakadto hira ha betlehem, inmabot an panahon nga magaanak na hi Maria.	while they were there, the time came for the baby to be born,
natawo yana nga adlaw didto han bungto ni David an iyo magtaralwas nga amo an Cristo nga Ginoo.	today in the town of David a savior has been born to you; he is the Messiah, the Lord.
ha gilayon pinmakita upod han anghel in dako nga hugpo hin mga anghel ha langit, nga nagkakanta hin mga pagdayaw ha dyos:	suddenly a great company of the heavenly host appeared with the angel, praising God and saying,
“himaya sa dyos ha kahitasan, ngan kalinaw dinhe ha tuna hadton mga tawo nga maupay an kaburoton!”	“glory to God in the highest heaven, and on earth peace to those on whom his favor rests.”
han pakakita nira han bata, iginsumat han mga magmarangno an iginsiring han anghel mahitungod ha iya.	when they had seen him, they spread the word concerning what had been told them about this child,
nanhipausa an ngatanan nga nagpakabati hini nga iginsumat ha ira han mga magmarangno.	and all who heard it were amazed at what the shepherds said to them.
gintipigan ni Maria ini ngatanan nga mga butang, ngan ginpamalandong niya ha iya kasingkasing.	but Mary treasured up all these things and pondered them in her heart.
sumala han iginsurat dida han balaod han Ginoo: “kinahanglan ighalad ngadto han Ginoo an tagsa nga suhag nga lalake.”	(as it is written in the law of the Lord, “every firstborn male is to be consecrated to the Lord” ),),
naghalad liwat hira, sumala han kinahanglan han balaod han Ginoo, “usa ka padis nga sarapati o duha nga piso nga tukmo.”	and to offer a sacrifice in keeping with what is said in the law of the Lord: “a pair of doves or two young pigeons.”
ginkugos ni Simeon an bata ngan nagpasalamat han dyos:	Simeon took him in his arms and praised God, saying:
“yana, Ginoo, gintuman mo na an imo saad, ngan tugoti na pagbaya ha kamurayaw an imo surugoon.	“sovereign Lord, as you have promised, you may now dismiss your servant in peace.
ha akon kalugaringon nga mga mata, hinkitan ko na an imo katalwasan,	for my eyes have seen your salvation,
nga imo ginandam ha atubangan han ngatanan nga mga katawhan:	which you have prepared in the sight of all nations:
kapawa nga magpapadayag ha mga hentil han imo paagi ngan magdadara hin kadungganan han imo katawhan nga Israel.”	a light for revelation to the Gentiles, and the glory of your people Israel.”
nanhipausa an amay ug iroy han bata han mga butang nga iginsiring ni Simeon mahitungod ha iya.	the childs father and mother marveled at what was said about him.
tinmubo ngan nagmakusog an bata; puno hiya hin kinaadman, ngan nakada ha iya an mga bendisyon han dyos.	and the child grew and became strong; he was filled with wisdom, and the grace of God was on him.
kada tuig, napakadto ha Jerusalem an mga kaganak ni Jesus para han pyesta han paglabay.	every year Jesus’ parents went to Jerusalem for the festival of the passover.
han dose na an edad ni Jesus, kinmadto hira han pyesta sumala han ira nababatasan.	when he was twelve years old, they went up to the festival, according to the custom.
waray hira makaagi ha iya, sanglit binmalik hira ngadto ha Jerusalem hin pagbiling ha iya.	when they did not find him, they went back to Jerusalem to look for him.
nahipausa gud an ngatanan nga nagpakabati han iya magupay nga mga baton.	everyone who heard him was amazed at his understanding and his answers.
kundi waray hira makasabot han iginsiring niya ha ira.	but they did not understand what he was saying to them.
ngan nagtubo hi Jesus ha lawas ngan ha kinaadman; ngan nakalipay hiya han dyos ngan han mga tawo.	and Jesus grew in wisdom and stature, and in favor with God and man.
ngan makakakita an ngatanan nga katawhan han katalwasan nga tikang han dyos!’”	and all people will see gods salvation.’ ””
nagpakiana ha iya an mga tawo, “sanglit, ano man an amon bubuhaton?”	“what should we do then?” the crowd asked.
inmabot pagpabunyag in mga parasukot hin buhis ngan nagpakiana hira ha iya, “magturutdo, ano man an amon bubuhaton?”	even tax collectors came to be baptized. “teacher,” they asked, “what should we do?”
ginsiring niya hira, “ayaw kamo pagsukot hin diri na igo ug kaangayan.”	“dont collect any more than you are required to,” he told them.
gindasig ni Juan an mga tawo hin damo kalain nga mga paagi, samtang nga nagwawali hiya han maupay nga sumat ha ira.	and with many other words John exhorted the people and proclaimed the good news to them.
ginbuhat pa ni herodes in dako nga karatan. iginpapriso pa niya hi Juan.	Herod added this to them all: he locked John up in prison.
katapos na kabunyagi han ngatanan nga mga tawo, ginbunyagan liwat hi Jesus. samtang nagaampo hiya, nabuksan an langit,	when all the people were being baptized, Jesus was baptized too. and as he was praying, heaven was opened
ini hi Eli anak ni matat nga anak ni Levi nga anak ni melqui nga anak ni jana nga anak ni Jose.	the son of matthat, the son of Levi, the son of melki, the son of jannai, the son of Joseph,
hi Jose anak ni matatias nga anak ni Amos nga anak ni Nahum nga anak ni esli nga anak ni nagai.	the son of mattathias, the son of Amos, the son of Nahum, the son of esli, the son of naggai,
hi nagai anak ni maat nga anak ni matatias nga anak ni semei nga anak ni Jose nga anak ni Juda.	the son of maath, the son of mattathias, the son of semein, the son of josek, the son of joda,
hi Juda anak ni joan nga anak ni resa nga anak ni sorobabel nga anak ni salatiel nga anak ni neri.	the son of joanan, the son of rhesa, the son of zerubbabel, the son of shealtiel, the son of neri,
ini hi neri anak ni melqui nga anak ni adi nga anak ni cosam nga anak ni elmodam nga anak ni er.	the son of melki, the son of addi, the son of cosam, the son of elmadam, the son of er,
hi er anak ni josue nga anak ni eliezer nga anak ni jorim nga anak ni matat nga anak ni Levi.	the son of Joshua, the son of eliezer, the son of jorim, the son of matthat, the son of Levi,
hi Levi anak ni Simeon nga anak ni Juda nga anak ni Jose nga anak ni jonan nga anak ni eliakim.	the son of Simeon, the son of Judah, the son of Joseph, the son of jonam, the son of eliakim,
hi eliakim anak ni melea nga anak ni mainan nga anak ni matata nga anak ni natan nga anak ni David.	the son of melea, the son of menna, the son of mattatha, the son of nathan, the son of David,
anak ini hi David ni isai nga anak ni obed nga anak ni boos nga anak ni salmon nga anak ni naason.	the son of jesse, the son of obed, the son of Boaz, the son of salmon, the son of nahshon,
hi naason anak ni abinadab nga anak ni admin nga anak ni arni nga anak ni esrom nga anak ni fares nga anak ni Juda.	the son of amminadab, the son of ram, the son of hezron, the son of perez, the son of Judah,
hi Juda anak ni Jacob nga anak ni Isaac nga anak ni Abraham nga anak ni tare nga anak ni nahor.	the son of Jacob, the son of Isaac, the son of Abraham, the son of terah, the son of nahor,
hi nahor anak ni serug nga anak ni ragau nga anak ni peleg nga anak ni eber nga anak ni sela.	the son of serug, the son of reu, the son of peleg, the son of eber, the son of shelah,
hi sela anak ni cainan nga anak ni arfaxad nga anak ni sem nga anak ni noe nga anak ni lamec.	the son of cainan, the son of arphaxad, the son of Shem, the son of Noah, the son of lamech,
hi lamec anak ni metusela nga anak ni enoc nga anak ni jared nga anak ni mahalaleel nga anak ni cainan.	the son of methuselah, the son of Enoch, the son of jared, the son of mahalalel, the son of kenan,
anak ini hi cainan ni enos nga anak ni set nga anak ni adan nga anak han dyos.	the son of enosh, the son of Seth, the son of Adam, the son of God.
binmalik tikang ha Jordan hi Jesus nga puno han Espiritu Santo, santo, ngan gindara han espiritu ngadto ha kamingawan,	Jesus, full of the Holy Spirit, spirit, left the Jordan and was led by the spirit into the wilderness,
nagsiring ha iya an yawa, “kon anak ka manggud han dyos, igbuot nga ini nga bato mahimo nga tinapay.”	the devil said to him, “if you are the son of God, tell this stone to become bread.”
binmaton hi Jesus, “nasiring an kasuratan, ‘diri mabubuhi an tawo ha tinapay la.’”	Jesus answered, “it is written: ‘man shall not live on bread alone.’ ””
sanglit, ihahatag ko ini ngatanan ha imo kon magsingba ka ha akon.”	if you worship me, it will all be yours.”
binmaton hi Jesus, “nasiring an kasuratan, ‘singbahon mo an Ginoo nga imo dyos ngan hiya gudla an imo pagsirbehan.’”	Jesus answered, “it is written: ‘worship the Lord your God and serve him only.’ ””
kay nasiring an kasuratan, ‘susugoon han dyos an iya mga anghel hin pagmangno hin maupay ha imo.’	for it is written: ““ ‘he will command his angels concerning you to guard you carefully;
nasiring liwat, ‘sasapnayon ka nira han ira mga kamot, basi diri mapilasan an imo mga tiil dida ha mga bato.’”	they will lift you up in their hands, so that you will not strike your foot against a stone.’ ””
binmaton hi Jesus ha iya, “nasiring an kasuratan, ‘kinahanglan diri mo pagsulayon an Ginoo nga imo dyos.’”	Jesus answered, “it is said: ‘do not put the Lord your God to the test.’ ””
katapos na han yawa pagsulay kan Jesus hin ngatanan nga paagi, ginbayaan anay hiya hin madaliay han yawa.	when the devil had finished all this tempting, he left him until an opportune time.
nagtutdo hiya ha ira mga sinagoga, ngan gindayaw hiya han ngatanan.	he was teaching in their synagogues, and everyone praised him.
ngan hin pagpahibaro nga inmabot na an panahon nga tatalwason han Ginoo an iya katawhan.”	to proclaim the year of the lords favor.”
nagpadayon hi Jesus, “susumatan ko kamo hini: diri tinutuod in usa nga manaragna ha iya kalugaringon nga bungto.	“truly i tell you,” he continued, “no prophet is accepted in his hometown.
kundi waray pakadto hi elias ha bisan kanay ha ira, kundi ngadto hin usa la nga balo ha sarepta, ha tuna han Sidon.	yet Elijah was not sent to any of them, but to a widow in zarephath in the region of Sidon.
napungot an ngatanan nga mga tawo ha sinagoga han pakabati nira hini.	all the people in the synagogue were furious when they heard this.
kundi nagtarap hiya ha butnga han kadaman ngan linmakat.	but he walked right through the crowd and went on his way.
niyan kinmadto hi Jesus ha Capernaum, usa nga bungto ha Galilea, diin nagtutdo hiya han mga tawo ha adlaw nga iparahuway.	then he went down to Capernaum, a town in Galilee, and on the sabbath he taught the people.
nahipausa hira ngatanan han paagi han iya pagtutdo, kay may gahom an iya mga pulong.	they were amazed at his teaching, because his words had authority.
mayada tawo ha sinagoga nga may espiritu hin mahugaw nga yawa, ngan naggoliat hin dako nga tingog:	in the synagogue there was a man possessed by a demon, an impure spirit. he cried out at the top of his voice,
ngan nahibantog an sumat mahitungod kan Jesus ha ngatanan nga dapit didto hito nga tuna.	and the news about him spread throughout the surrounding area.
sanglit nagwali hiya didto ha mga sinagoga han bugos nga Judea.	and he kept on preaching in the synagogues of Judea.
gintunod nira an mga pukot, ngan nakadakop hira hin damo nga isda, nga haros magisi an mga pukot.	when they had done so, they caught such a large number of fish that their nets began to break.
nahipausa hi Simon ngan an iba nga mga kaupod niya han duro kadamo nga isda nga ira nadakop.	for he and all his companions were astonished at the catch of fish they had taken,
iginsangya nira an mga sakayan, ginbayaan an ngatanan, ngan sinmunod hira kan Jesus.	so they pulled their boats up on shore, left everything and followed him.
ginpadapat ni Jesus ngada ha iya an iya kamot, ngan sidngon, “karuyag ko, magmalinis ka!” ha gilayon nawara an iya sanla.	Jesus reached out his hand and touched the man. “i am willing,” he said. “be clean!” and immediately the leprosy left him.
kundi napakadto hiya ha mga dapit nga mamingaw, diin nagampo hiya.	but Jesus often withdrew to lonely places and prayed.
han pakakita ni Jesus han kadako han ira pagtoo, ginsiring niya an lulid, “sangkay, ginpasaylo na an imo mga sala.”	when Jesus saw their faith, he said, “friend, your sins are forgiven.”
hain ba in masurusayon, an pagsiring, ‘ginpasaylo an imo mga sala,’ o an pagsiring, ‘buhat ngan lakat?’	which is easier: to say, ‘your sins are forgiven,’ or to say, ‘get up and walk’?
tinmukdaw dayon an tawo ha atubangan nira ngatanan, gindara an iya higdaan, ngan inmoli nga nagdadayaw han dyos.	immediately he stood up in front of them, took what he had been lying on and went home praising God.
binmuhat hi Levi, ginbayaan an ngatanan, ngan sinmunod ha iya.	and Levi got up, left everything and followed him.
ginbaton hira ni Jesus, “diri nagkikinahanglan hin magtarambal an mga tawo nga magupay an lawas, kundi adton mga magsakit la.	Jesus answered them, “it is not the healthy who need a doctor, but the sick.
waray ako kumanhi hin pagtawag nga basi magbasol an mga magtadong, kundi hin pagtawag han mga makasasala.”	i have not come to call the righteous, but sinners to repentance.”
kundi maabot an panahon nga mabaya ha ira an karaslon nga lalake, ngan diri na ngahaw hira makaon ug mainom.”	but the time will come when the bridegroom will be taken from them; in those days they will fast.”
diri! kinahanglan igsulod an bago nga bino ngada hin bago nga anit nga surudlan!	no, new wine must be poured into new wineskins.
ngan waray naruruyag hin bago nga bino, katapos makainom hiya hin daan nga bino, kay nasiring hiya, ‘mauruopay an daan!’”	and no one after drinking old wine wants the new, for they say, ‘the old is better.’ ””
ginbaton hira ni Jesus, “waray ba niyo mabasa an ginbuhat ni David han paggutoma ha iya ngan an iya mga kaupod?	Jesus answered them, “have you never read what David did when he and his companions were hungry?
ngan gintapos ni Jesus hin pagsiring, “an anak han tawo amo an Ginoo han adlaw nga iparahuway.”	then Jesus said to them, “the son of man is Lord of the sabbath.”
kundi duro gud an ira kapungot, ngan nagsarabot hira kon ano an angay pagbuhaton nira kan Jesus.	but the Pharisees and the teachers of the law were furious and began to discuss with one another what they might do to Jesus.
hira Simon (nga iya liwat ginngaranan kan Pedro) ug andres nga iya bugto; Santiago ug Juan, felipe ug bartolome,	Simon (whom he named Peter), his brother Andrew, James, John, Philip, Bartholomew,
mateo ug tomas, Santiago nga anak ni alfeo, ug Simon (nga gintawag, an bayani),	Matthew, Thomas, James son of alphaeus, Simon who was called the zealot,
Judas nga anak ni Santiago, ug Judas iscariote nga naglingo han Ginoo.	Judas son of James, and Judas iscariot, who became a traitor.
nagtalingoha hin pagkamkam ha iya an ngatanan nga mga tawo, kay naguwa tikang ha iya in gahom nga nagtatambal ha ira ngatanan.	and the people all tried to touch him, because power was coming from him and healing them all.
“palaran kamo nga mga ginugutom yana, kay pagbubusgon kamo! “palaran kamo nga mga nagtatangis yana, kay malilipay kamo!	blessed are you who hunger now, for you will be satisfied. blessed are you who weep now, for you will laugh.
“kundi pagkamakaharadlok para ha iyo nga mga riko yana, kay nagkaada na kamo han iyo himyang nga kinabuhi!	“but woe to you who are rich, for you have already received your comfort.
pakaupaya an nagpapakaraot ha iyo, ngan igampo an mga nagraraogdaog ha iyo.	bless those who curse you, pray for those who mistreat you.
tagi adton maaro ha imo, ngan kon may magkuha han imo butang, ayaw na ipaoli ha iya.	give to everyone who asks you, and if anyone takes what belongs to you, do not demand it back.
buhata ha iba an imo karuyag nga ira pagbuhaton ha imo.	do to others as you would have them do to you.
pagmaloloyon kamo sugad nga maloloyon an amay niyo.	be merciful, just as your father is merciful.
“diri nahatag hin maraot nga bunga in maupay nga kahoy, o nahatag hin maupay nga bunga in maraot nga kahoy.	“no good tree bears bad fruit, nor does a bad tree bear good fruit.
“kay ano nga gintatawag ako niyo, ‘Ginoo, Ginoo,’ ngan diri niyo ginbubuhat an iginsusumat ko ha iyo?	“why do you call me, ‘Lord, Lord,’ and do not do what i say?
katapos ni Jesus maghimangraw hini ngatanan nga mga butang ha mga tawo, kinmadto hiya ha Capernaum.	when Jesus had finished saying all this to the people who were listening, he entered Capernaum.
may didto kapitan nga romano, nga mayada surugoon nga iya minahal, nga masakit ngan tikamaratay na.	there a centurions servant, whom his master valued highly, was sick and about to die.
dinmaop hira kan Jesus ngan nakimalooy ha iya, “takos gud ini nga tawo han imo bulig.	when they came to Jesus, they pleaded earnestly with him, “this man deserves to have you do this,
nahigugma hiya han aton mga tawo, nga nagtindog hiya hin sinagoga para ha aton.”	because he loves our nation and has built our synagogue.”
binmalik ha balay han kapitan an mga sinugo ngan hinkitan nira nga maupay na an iya surugoon.	then the men who had been sent returned to the house and found the servant well.
han pakakita ha iya han Ginoo, inalpan an Ginoo hin kalooy ha iya, ngan nagsiring an Ginoo ha iya, “ayaw pagtangis.”	when the Lord saw her, his heart went out to her and he said, “dont cry.”
linmingkod an minatay ngan nagtikang hin pagyakan, ngan iginhatag hiya ni Jesus ngadto han iroy niya.	the dead man sat up and began to talk, and Jesus gave him back to his mother.
nahibantog ini nga sumat mahitungod kan Jesus ha bugos nga Judea ngan ha mga higrani nga katunaan.	this news about Jesus spread throughout Judea and the surrounding country.
ginsumatan hi Juan han iya mga tinunan hiunong hini ngatanan nga mga butang. gintawag ni Juan in duha ha ira,	johns disciples told him about all these things. calling two of them,
pagkapalaran hadton waray na mga pagruhaduha hiunong ha akon!”	blessed is anyone who does not stumble on account of me.”
“niyan, ano man an akon ikatatanding han mga tawo hini nga panahon? sugad hin ano hira?	Jesus went on to say, “to what, then, can i compare the people of this generation? what are they like?
kundi an kinaadman han dyos ipapakita nga matuod hadton ngatanan nga makarawat hini nga kinaadman.”	but wisdom is proved right by all her children.”
binmaton hi Simon, “bangin la hiya nga dako an utang.” “igo an imo baton,” nagsiring hi Jesus.	Simon replied, “i suppose the one who had the bigger debt forgiven.” “you have judged correctly,” Jesus said.
waray mo ako tapoa hin harok, kundi tikang han akon pagabot, waray hiya undang hin paghinarok han akon tiil.	you did not give me a kiss, but this woman, from the time i entered, has not stopped kissing my feet.
waray ka magandam hin lana para han akon ulo, kundi ginbuban niya an akon mga tiil hin talamhot.	you did not put oil on my head, but she has poured perfume on my feet.
niyan nagsiring hi Jesus ngadto han babaye, “ginpasaylo na an imo mga sala.”	then Jesus said to her, “your sins are forgiven.”
kundi nagsiring hi Jesus ngadto han babaye, “an imo pagtoo an nagtalwas ha imo; maupay na la nga imo paglakat!”	Jesus said to the woman, “your faith has saved you; go in peace.”
nagkataktak an iba han mga binhe ha katunokan, nga tinmubo tampo han mga tanom, ngan naambongan an mga tanom.	other seed fell among thorns, which grew up with it and choked the plants.
nagpakiana kan Jesus an iya mga tinunan kon ano an kahulogan hini nga pananglitan.	his disciples asked him what this parable meant.
“amo ini an kahulogan han pananglitan: an pulong han dyos amo an binhe.	“this is the meaning of the parable: the seed is the word of God.
may nagsiring kan Jesus, “aadto ha gawas an iroy ngan kabugtoan mo, ngan karuyag makigkita ha imo.”	someone told him, “your mother and brothers are standing outside, wanting to see you.”
nagsiring hi Jesus ha ira ngatanan, “adton namamati ngan nagtutuman han pulong han dyos amo an iroy ngan kabugtoan ko.”	he replied, “my mother and brothers are those who hear gods word and put it into practice.”
nagpadayon hira hin pagsakay ngadto ha tuna han mga tagagadara, nga tabok han lanaw tikang ha Galilea.	they sailed to the region of the gerasenes, which is across the lake from Galilee.
nakimalooy kan Jesus an mga yawa nga diri hira tabogon ngadto ha kahiladman.	and they begged Jesus repeatedly not to order them to go into the abyss.
an mga nagpakakita nagsumat han mga tawo kon ginunano hin pagupay han sinangkayan hin yawa.	those who had seen it told the people how the demonpossessed man had been cured.
pagbalik ni Jesus ngadto ha tabok han lanaw, gintapo hiya han mga tawo, kay naghihinulat na hira ngatanan ha iya.	now when Jesus returned, a crowd welcomed him, for they were all expecting him.
kundi nagsiring hi Jesus, “mayada gud nagkamkam ha akon, kay inmabat ako nga may ginmawas nga gahom tikang ha akon.”	but Jesus said, “someone touched me; i know that power has gone out from me.”
ginsiring hiya ni Jesus, “anak ko, an imo pagtoo amo an nakaupay ha imo. maupay na la nga imo paglakat.”	then he said to her, “daughter, your faith has healed you. go in peace.”
kundi hinbatian ini ni Jesus ngan nagsiring hiya kan jairo, “ayaw kahadlok; too la, ngan maguupay hiya.”	hearing this, Jesus said to jairus, “dont be afraid; just believe, and she will be healed.”
gintinawaan la hiya nira ngatanan, kay maaram hira nga patay na an bata.	they laughed at him, knowing that she was dead.
kundi ginkaptan ha kamot ni Jesus an bata ngan ginsiring, “anak, buhat!”	but he took her by the hand and said, “my child, get up!”
binmalik ha iya an kinabuhi ngan binmuhat hiya dayon; ngan ginsugo hira ni Jesus nga tagan hiya hin pagkaon.	her spirit returned, and at once she stood up. then Jesus told them to give her something to eat.
nanhipausa an iya mga kaganak, kundi ginsugo hira ni Jesus nga diri magsumat bisan kan kanay han nahinabo.	her parents were astonished, but he ordered them not to tell anyone what had happened.
niyan ginsugo niya hin pagwali han ginhadian han dyos ngan pagtambal han mga magsakit.	and he sent them out to proclaim the kingdom of God and to heal the sick.
kon karawaton kamo, pabilin dida hito nga balay ngada han pagbaya niyo han bungto;	whatever house you enter, stay there until you leave that town.
an iba nasiring nga nagpakita hi elias, samtang nagsiring pa nga usa han kamaihaan na nga mga manaragna in nabanhaw.	others that Elijah had appeared, and still others that one of the prophets of long ago had come back to life.
ginbuhat ini han mga tinunan ngan ginpalingkod hira ngatanan.	the disciples did so, and everyone sat down.
nangaon hira ngatanan ngan nagkabubusog; ngan nakatirok an mga tinunan hin 12 pa ka basket han nahisalin han mga tawo.	they all ate and were satisfied, and the disciples picked up twelve basketfuls of broken pieces that were left over.
ginpakianhan hira niya, “an ha iyo, hino gud ako?” binmaton hi Pedro, “amo ka an Mesiyas han dyos.”	“but what about you?” he asked. “who do you say i am?” Peter answered, “gods Messiah.”
niyan gintugon gud hira ni Jesus nga diri magsumat bisan kan kanay,	Jesus strictly warned them not to tell this to anyone.
samtang nagaampo hi Jesus, nagiba an dagway han iya bayhon, ngan tungod hin kamasilaw, nagmabusag an iya panapton.	as he was praying, the appearance of his face changed, and his clothes became as bright as a flash of lightning.
ha gilayon pinmakita in duha ka tawo nga nakikighimangraw ha iya. hira Moises ug elias adto,	two men, Moses and Elijah, appeared in glorious splendor, talking with Jesus.
nagsiring in tingog tikang han dampog: “amo ini an akon anak nga akon pinili; pamatii hiya niyo!”	a voice came from the cloud, saying, “this is my son, whom i have chosen; listen to him.”
pagkabuwas, linmugsong hira han bukid, ngan gintapo hi Jesus hin damo nga mga tawo.	the next day, when they came down from the mountain, a large crowd met him.
nakimalooy ako han imo mga tinunan nga pagawson ini nga maraot nga espiritu, kundi diri man hira nakakahimo.”	i begged your disciples to drive it out, but they could not.”
“ayaw hingalimti ini nga akon iginsusumat ha iyo: itutubyan an anak han tawo ngadto ha gahom han mga tawo.”	“listen carefully to what i am about to tell you: the son of man is going to be delivered into the hands of men.”
nagkaada hin lantogi an mga tinunan kon hino ha ira an gilalabawi.	an argument started among the disciples as to which of them would be the greatest.
nagsiring hi Jesus ha iya ngan ha iba nga mga tinunan, “ayaw niyo pagdidi hiya, kay naugop ha iyo an diri nasupak ha iyo.”	“do not stop him,” Jesus said, “for whoever is not against you is for you.”
samtang nagtitikahirani an mga adlaw nga masaka na hi Jesus ha langit, nagbuot na gud la hiya nga mapakadto hiya ha Jerusalem.	as the time approached for him to be taken up to heaven, Jesus resolutely set out for Jerusalem.
kundi waray karawata hira han mga tawo didto, kay maaram hira nga tipakadto hi Jesus ha Jerusalem.	but the people there did not welcome him, because he was heading for Jerusalem.
linmingi hi Jesus ngan ginbusaan hira;	but Jesus turned and rebuked them.
samtang naglalakat hira ha dalan, nagsiring in usa ka tawo kan Jesus, “masunod ako ha imo bisan ngain.”	as they were walking along the road, a man said to him, “i will follow you wherever you go.”
kadto na! ginsusugo ta kamo sugad hin mga karnero ha butnga hin mga lubo.	go! i am sending you out like lambs among wolves.
pagsulod niyo hin balay, siring anay, ‘an kalinaw maada hini nga balay.’	“when you enter a house, first say, ‘peace to this house.’
kon makadto kamo hin bungto ngan karawton kamo, kaon han igdudurot ha iyo,	“when you enter a town and are welcomed, eat what is offered to you.
tambala niyo an mga magsakit didto hito nga bungto, ngan sidnga an mga tawo, ‘haraniay na ha iyo an ginhadian han dyos.’	heal the sick who are there and tell them, ‘the kingdom of God has come near to you.’
kundi kon sumulod kamo hin bungto ngan diri kamo karawaton, kadto kamo ha kadalanan ngan siring,	but when you enter a town and are not welcomed, go into its streets and say,
susumatan ko kamo nga ha adlaw han paghukom, mas kalolooyan pa han dyos an sodoma kay hito nga bungto!	i tell you, it will be more bearable on that day for sodom than for that town.
mas kalolooyan pa han dyos an tiro ug Sidon, kay ha iyo, ha adlaw han paghukom.	but it will be more bearable for Tyre and Sidon at the judgment than for you.
ngan para ha imo Capernaum, karuyag mo ba magundong han imo kalugaringon ngadto ha langit? ilalabog ka ngadto ha impyerno!”	and you, Capernaum, will you be lifted to the heavens? no, you will go down to hades.
ginbaton hira ni Jesus, “hinkitan ko hi satanas nga nahulog sugad hin kikidlat tikang ha langit.	he replied, “i saw satan fall like lightning from heaven.
binmaton hi Jesus ha iya, “ano an siring han kasuratan? inuunano mo hin pagsaysay ha ira?”	“what is written in the law?” he replied. “how do you read it?”
binmaton hi Jesus, “igo an imo baton; buhata ini ngan mabubuhi ka.”	“you have answered correctly,” Jesus replied. “do this and you will live.”
mayada bugto hi Marta nga Maria an ngaran, nga linmingkod ha tiilan han Ginoo ngan namati han iya gintututdo.	she had a sister called Mary, who sat at the lords feet listening to what he said.
binmaton ha iya an Ginoo, “Marta, Marta! naguguol ngan nababaraka ka hin damo nga mga butang,	“Martha, Martha,” the Lord answered, “you are worried and upset about many things,
kundi usa la an kinahanglanon. ginpili ni Maria an labi ka maupay nga butang, ngan diri na ini maaagaw ha iya.”	but few things are neededor indeed only one. Mary has chosen what is better, and it will not be taken away from her.”
tagi kami adlawadlaw han pagkaon nga amon kinahanglan.	give us each day our daily bread.
inmabot ha akon balay in usa ko nga sangkay nga naglalakaton, ngan waray ko sadang igdurot ha iya!’	a friend of mine on a journey has come to me, and i have no food to offer him.’
kay makarawat an nangangaro, ngan makakaagi an namimiling, ngan aabrehan an porta ha iya nga nagtutuktok.	for everyone who asks receives; the one who seeks finds; and to the one who knocks, the door will be opened.
mayada ba usa ha iyo nga mga amay, nga mahatag han iya anak hin halas kon mangaro hiya hin isda?	“which of you fathers, if your son asks for a fish, will give him a snake instead?
o tatagan ba niyo hiya hin bungad kon mangaro hiya hin bonay?	or if he asks for an egg, will give him a scorpion?
diri, nagpapaguwa lugod ako hin yawa, pinaagi han gahom han dyos, nga nagpapamatuod nga inmabot na ha iyo an ginhadian han dyos.	but if i drive out demons by the finger of God, then the kingdom of God has come upon you.
sanglit nabalik an yawa ngan nakita han balay nga malinis ngan inayad na an ngatanan.	when it arrives, it finds the house swept clean and put in order.
kundi binmaton hi Jesus, “lugod pagkapalaran hadton mga namamati ngan nagtutuman han pulong han dyos!”	he replied, “blessed rather are those who hear the word of God and obey it.”
sanglit paghirot nga an kapawa dida ha iyo diri mahimo nga kasisidman.	see to it, then, that the light within you is not darkness.
nahipausa an parisiyo han pakakita niya, nga waray anay manhunaw hi Jesus sano kumaon.	but the pharisee was surprised when he noticed that Jesus did not first wash before the meal.
mga lurong! diri ba an dyos nga naghimo han gawas, amo liwat an naghimo han sakob?	you foolish people! did not the one who made the outside make the inside also?
kundi ihatag ha mga kablas an sulod han iyo mga tasa ug plato ngan magmamalinis an ngatanan para ha iyo.	but now as for what is inside yoube generous to the poor, and everything will be clean for you.
nagsiring ha iya in usa han mga magturutdo han balaod, “magturutdo, kon nasiring ka hini ginpapakaalohan nimo kami!”	one of the experts in the law answered him, “teacher, when you say these things, you insult us also.”
nga nagtalingoha hira hin pagbitik ngan pagdakop ha iya dida hin sayop nga iya igyayakan.	waiting to catch him in something he might say.
mabubuksan an bisan ano nga tinahoban, ngan mahibabaroan an tagsa nga tinago.	there is nothing concealed that will not be disclosed, or hidden that will not be made known.
kay tututdoan kamo han Espiritu Santo, santo, hito nga takna, kon ano an angay niyo igyakan.”	for the Holy Spirit spirit will teach you at that time what you should say.”
binmaton hi Jesus ha iya, “hino in naghatag ha akon hin katungod hin paghukom o pagbahin han malon niyo nga duha?”	Jesus replied, “man, who appointed me a judge or an arbiter between you?”
niyan iginsumat ha ira ni Jesus ini nga pananglitan: “may usa ka tawo nga riko nga mayada uma nga kinmuha hin damo nga abot.	and he told them this parable: “the ground of a certain rich man yielded an abundant harvest.
naghunahuna hiya, ‘waray ko na dapit nga hihimosan han ngatanan nga akon mga abot. ano ba an akon bubuhaton?	he thought to himself, ‘what shall i do? i have no place to store my crops.’
labaw pa ka importante an kinabuhi kay han pagkaon, ngan labaw pa ka importante an lawas kay han panapton.	for life is more than food, and the body more than clothes.
hino man ha iyo in makakadugang hin pira ka tuig han iya kinabuhi pinaagi hin pagkinabaraka?	who of you by worrying can add a single hour to your life ??
kon diri man kamo nakakahimo bisan han mga gudtiay nga butang, kay ano nga mababaraka kamo hiunong han iba nga mga butang?	since you cannot do this very little thing, why do you worry about the rest?
sanglit ayaw kamo pagpinangarit, nga dayuday la nababaraka hiunong han iyo kakaonon ngan iimnom.	and do not set your heart on what you will eat or drink; do not worry about it.
lugod unaha niyo hin pagbiling an ginhadian, ngan tatagan kamo niya hini nga mga butang.	but seek his kingdom, and these things will be given to you as well.
“ayaw kamo kahadlok, gutiay nga panon, kay nalilipay an amay niyo hin paghatag ha iyo han ginhadian.	“do not be afraid, little flock, for your father has been pleased to give you the kingdom.
kon hain an imo mga manggad dayuday aadto man an imo kasingkasing.	for where your treasure is, there your heart will be also.
ngan pagandam man liwat kamo, kay maabot an anak han tawo ha takna nga diri niyo ginpapamulat hiya.”	you also must be ready, because the son of man will come at an hour when you do not expect him.”
nagsiring hi Pedro, “Ginoo, iginsusumat mo ba ini nga pananglitan para la ha amon, o para ba ini han ngatanan?”	Peter asked, “Lord, are you telling this parable to us, or to everyone?”
palaran adto nga surugoon nga hiabtan han iya agaron ha iya pagbalik, nga nagbubuhat hini!	it will be good for that servant whom the master finds doing so when he returns.
susumatan ko kamo hin tinuod, itatapod han agaron hadto nga surugoon an ngatanan nga iya mga manggad.	truly i tell you, he will put him in charge of all his possessions.
“kinmanhi ako hin pagsunog han tuna; karuyag ko unta nga magdilaab na ini!	“i have come to bring fire on the earth, and how i wish it were already kindled!
mayada bunyag nga akon kakarawaton nga diri ako mahimumutang tubtob nga matapos ini!	but i have a baptism to undergo, and what constraint i am under until it is completed!
tikang yana, mababahin in panimalay nga may lima nga mga sakop, an tulo kontra han duha, ug an duha kontra han tulo.	from now on there will be five in one family divided against each other, three against two and two against three.
ngan kon naabat kamo nga nahangin an timog, nasiring kamo, ‘magmamapaso ada,’ ngan nagmamapaso manggud.	and when the south wind blows, you say, ‘its going to be hot,’ and it is.
“kay ano nga diri man kamo magtirutimbang kon ano an angay buhaton?	“why dont you judge for yourselves what is right?
susumatan ko kamo, diri ka makakagawas didto, tubtob nga kabaydan mo an multa han kataposan mo nga sintabo.”	i tell you, you will not get out until you have paid the last penny.”
diri! susumatan ko kamo nga kon diri kamo bumaya han iyo mga sala, mapatay kamo ngatanan sugad ha ira.	i tell you, no! but unless you repent, you too will all perish.
diri! susumatan ko kamo nga kon diri kamo bumaya han iyo mga sala, mapatay kamo ngatanan sugad ha ira.”	i tell you, no! but unless you repent, you too will all perish.”
manggad nala bumunga han sunod nga tuig; kay kon diri pa, amo na in pagpudla naton.’”	if it bears fruit next year, fine! if not, then cut it down.’ ””
usa ka adlaw nga iparahuway, nagtutdo hi Jesus didto hin usa nga sinagoga.	on a sabbath Jesus was teaching in one of the synagogues,
han paghikiti ha iya ni Jesus, ginsiring hiya, “babaye, talwas ka na han imo sakit!”	when Jesus saw her, he called her forward and said to her, “woman, you are set free from your infirmity.”
idinuon ni Jesus an iya mga kamot ha iya, ngan nakatadong hiya dayon, ngan nagdayaw hiya han dyos.	then he put his hands on her, and immediately she straightened up and praised God.
nagpakiana hi Jesus, “ano an akon itatanding han ginhadian han dyos?	then Jesus asked, “what is the kingdom of God like? what shall i compare it to?
nagpakiana liwat hi Jesus, “ano an akon itatanding han ginhadian han dyos?	again he asked, “what shall i compare the kingdom of God to?
naglatas hi Jesus ha mga bungto ngan mga baryo, ngan nagtutdo samtang tipakadto hiya ha Jerusalem.	then Jesus went through the towns and villages, teaching as he made his way to Jerusalem.
may nagpakiana ha iya, “tinuod ba nga gutiay la an matatalwas?” ginbaton hira ni Jesus,	someone asked him, “Lord, are only a few people going to be saved?” he said to them,
onina mabaton kamo, ‘nagsasaro ngani kita, ngan nagtutdo ka ngani didto han amon bungto!’	“then you will say, ‘we ate and drank with you, and you taught in our streets.’
onina may mauuna nga nauorhe yana, ngan may mauorhe nga nauuna yana.”	indeed there are those who are last who will be first, and first who will be last.”
dinmaop kan Jesus in tawo nga nanhuhubag an mga bitiis ngan mga butkon.	there in front of him was a man suffering from abnormal swelling of his body.
kundi waray hira pagaringasa. kinaptan ni Jesus an tawo, gintambal, ngan ginpalakat hiya.	but they remained silent. so taking hold of the man, he healed him and sent him on his way.
kundi waray hira makabaton ha iya hiunong hini.	and they had nothing to say.
kay adton nagpapadako han iya kalugaringon pauubson; ngan adton magpaubos han iya kalugaringon padadakoon.”	for all those who exalt themselves will be humbled, and those who humble themselves will be exalted.”
kundi, kon mananagtawo ka asay lugod dapita an mga kablas, an mga lulid, an mga piay, ngan an mga buta.	but when you give a banquet, invite the poor, the crippled, the lame, the blind,
ngan magmamalipayon ka, kay diri man hira makakabalos ha imo. babaloson ka han dyos kon mabanhaw na an magupay nga mga tawo.”	and you will be blessed. although they cannot repay you, you will be repaid at the resurrection of the righteous.”
nagsiring hi Jesus ha iya, “mayada hadto tawo nga nagdapit hin damo nga mga tawo ngadto han iya dako nga kombite.	Jesus replied: “a certain man was preparing a great banquet and invited many guests.
nagsiring in lain pa, ‘bago pa la ako nga nakaasawa, ngan tungod hini, diri ako makakakadto.’	“still another said, ‘i just got married, so i cant come.’
waray pagiha nagsiring an surugoon, ‘natuman na an imo sugo, kundi may mga tarangkaan pa.’	““ ‘sir,’ the servant said, ‘what you ordered has been done, but there is still room.’
susumatan ko kamo ngatanan, nga waray hadton mga dinapit makakatilaw han akon panagtawo!’”	i tell you, not one of those who were invited will get a taste of my banquet.’ ””
binmunyog kan Jesus in damo gud nga mga tawo. inatubang hira ni Jesus ngan sidngon,	large crowds were traveling with Jesus, and turning to them he said:
diri mahihimo nga akon tinunan an bisan hino nga diri magpasan han iya kalugaringon nga kros ngan sumunod ha akon.	and whoever does not carry their cross and follow me cannot be my disciple.
masiring hira, ‘maupay la ini nga tawo hin pagtikang, diri ngayan maaram hin paghuman!’	saying, ‘this person began to build and wasnt able to finish.’
“maupay an asin, kundi kon magmatabang na, waray nagud paagi nga mahibalik an iya kapagad.	“salt is good, but if it loses its saltiness, how can it be made salty again?
usa ka panahon hinmarani hin pamati kan Jesus in damo nga mga parasukot hin buhis ngan mga makasasala.	now the tax collectors and sinners were all gathering around to hear Jesus.
sanglit ginsumatan hira ni Jesus hini nga pananglitan:	then Jesus told them this parable:
kon hiagian na ini niya, malipayon na hiya, ngan papasanon ini niya,	and when he finds it, he joyfully puts it on his shoulders
nagpadayon hi Jesus hin pagsiring, “may hadto usa ka tawo nga mayada duha nga anak nga lalake.	Jesus continued: “there was a man who had two sons.
mabangon ako ngan makadto han akon tatay ngan masiring, “tatay, nakasala ako han dyos ngan ha imo.	i will set out and go back to my father and say to him: father, i have sinned against heaven and against you.
diri na ako takos nga isipon pa nga imo anak. isipa na la ako nga usa han imo mga surugoon.” ’’	i am no longer worthy to be called your son; make me like one of your hired servants.’
katapos, kuhaa ngan ihawa niyo an pinatambok nga nati nga baka, ngan pagkombite kita!	bring the fattened calf and kill it. lets have a feast and celebrate.
gintawag niya in usa han mga surugoon ngan nagpakiana ha iya, ‘ano ini nga rugyaw?’	so he called one of the servants and asked him what was going on.
nagbaton ha iya an amay, ‘anak ko, dayuday ko ikaw nga kaupod dinhe, ngan imo an ngatanan nga akon mga butang.	““ ‘my son,’ the father said, ‘you are always with me, and everything i have is yours.
sanglit kon diri ka kasarigan hin pagdumara hin manggad nga kalibutanon, uunanhon hin pagtapori ha imo hin matuod nga manggad?	so if you have not been trustworthy in handling worldly wealth, who will trust you with true riches?
ngan kon diri ka kasarigan han mga butang hin iba, hino man in mahatag ha imo han imo kalugaringon nga mga butang?	and if you have not been trustworthy with someone elses property, who will give you property of your own?
hinbatian han mga parisiyo ini ngatanan, ngan gintinawaan la nira hi Jesus, kay makisalapi hira.	the Pharisees, who loved money, heard all this and were sneering at Jesus.
kundi masarusayon pa an pagpapas han langit ngan han tuna kay han pagkawara han gigugutiayi nga bahin han balaod.	it is easier for heaven and earth to disappear than for the least stroke of a pen to drop out of the law.
nagsiring an riko, ‘amay, kon amo man ito, nakikimalooy ako ha imo nga sugoon mo hi Lazaro ngadto ha balay han akon amay,	“he answered, ‘then i beg you, father, send Lazarus to my family,
pagbantay gud kamo! “kon makasala an imo bugto, sawaya hiya; ngan kon magbasol hiya, pasayloa.	so watch yourselves. “if your brother or sister sins against you, rebuke them; and if they repent, forgive them.
nagsiring ha Ginoo an mga apostol, “dugangi Gad an amon pagtoo.”	the apostles said to the Lord, “increase our faith!”
diri angay an surugoon nga magpasalamat tungod han iya pagsugot, di ba?	will he thank the servant because he did what he was told to do?
han tipakadto hi Jesus ha Jerusalem, nagagi hiya ha pagultan han Samaria ug Galilea.	now on his way to Jerusalem, Jesus traveled along the border between Samaria and Galilee.
tipakadto hiya hin usa nga baryo nga tapoon hiya hin napulo nga mga sanlahon. tayaw la ini hira.	as he was going into a village, ten men who had leprosy met him. they stood at a distance
naggoliat hira hin pagsiring, “Jesus! agaron! kalooyi Gad kami!”	and called out in a loud voice, “Jesus, master, have pity on us!”
usa ha ira, han pakakita nga upay na hiya, binmalik nga nagdadayaw han dyos hin dako nga tingog.	one of them, when he saw he was healed, came back, praising God in a loud voice.
hinmapa hiya ha tiilan ni Jesus hin pagpasalamat ha iya. usa hiya nga samaritano.	he threw himself at Jesus’ feet and thanked himand he was a samaritan.
nagyakan hi Jesus, “napulo man adto hira nga nagkalilinisan; hain naman an siyam?	Jesus asked, “were not all ten cleansed? where are the other nine?
kay ano nga ini la nga diri dinhianon an binmalik hin pagpasalamat han dyos?”	has no one returned to give praise to God except this foreigner?”
ngan nagsiring hi Jesus ha iya, “buhat ngan lakat. an imo pagtoo amo an nakaupay ha imo.”	then he said to him, “rise and go; your faith has made you well.”
waray masiring, ‘kitaa, hahani na!’ o ‘aadto na!’ kay aada ha sakob niyo an ginhadian han dyos.”	nor will people say, ‘here it is,’ or ‘there it is,’ because the kingdom of God is in your midst.”
mayada ha ira masiring ha iyo, ‘kitaa, aadto didto!’ o, ‘kitaa, aadi didi!’ kundi ayaw kamo pagkadto hin pamiling hito.	people will tell you, ‘there he is!’ or ‘here he is!’ do not go running off after them.
kundi kinahanglan magantos hiya anay ngan igsalikway han mga tawo hini nga panahon.	but first he must suffer many things and be rejected by this generation.
sugad an nahinabo han panahon ni noe amo man an mahinanabo kon umabot na an anak han tawo.	“just as it was in the days of Noah, so also will it be in the days of the son of man.
ha adlaw han paggawas ni lot ha sodoma, inmuran hin kalayo ug asupre tikang ha langit, nga amo an nakamatay ha ira ngatanan.	but the day lot left sodom, fire and sulfur rained down from heaven and destroyed them all.
amo liwat ini an mahinanabo kon magpadayag na an anak han tawo.	“it will be just like this on the day the son of man is revealed.
hinumdomi niyo an asawa ni lot!	remember lots wife!
susumatan ko kamo: hito nga gabi, makaturog in duha ka tawo ha usa nga higdaan kukuhaon an usa ngan ibibilin an ikaduha.	i tell you, on that night two people will be in one bed; one will be taken and the other left.
magbubulig hin paggiling in duha nga babaye; kukuhaon an usa ngan ibibilin an ikaduha.”	two women will be grinding grain together; one will be taken and the other left.”
“mayada hadto usa nga maghurukom hin usa nga bungto, nga waray pagkahadlok han dyos ngan waray pagtahod han mga tawo.	he said: “in a certain town there was a judge who neither feared God nor cared what people thought.
ngan nagpadayon an Ginoo, “paghunahunaa daw an iginsiring hadto nga maraot nga maghurukom.	and the Lord said, “listen to what the unjust judge says.
“kinmadto ha templo hin pagampo in duha ka tawo; parisiyo an usa, ngan parasukot hin buhis an ikaduha.	“two men went up to the temple to pray, one a pharisee and the other a tax collector.
nagpupuasa ako duha ka adlaw kada semana, ngan nahatag ako ha imo han ikanapulo nga bahin han ngatanan ko nga hiagi.’	i fast twice a week and give a tenth of all i get.’
nagpakiana man hi Jesus, “kay ano hin pagtawga mo ha akon nga maupay? waray iba nga maupay labot han dyos.	“why do you call me good?” Jesus answered. “no one is goodexcept God alone.
nagbaton an tawo, “gintuman ko na ini ngatanan nga mga sugo tikang pa han akon kabata.”	“all these i have kept since i was a boy,” he said.
kundi han pakabati niya hini, duro an iya kasubo, kay riko hiya hin duro.	when he heard this, he became very sad, because he was very wealthy.
nagpakiana an mga tawo nga nagpakabati ha iya, “kon amo ini, hino man ngayan in matatalwas?”	those who heard this asked, “who then can be saved?”
nagbaton hi Jesus, “nahihimo han dyos an diri nahihimo han mga tawo.”	Jesus replied, “what is impossible with man is possible with God.”
ngan nagsiring hi Pedro, “kitaa! ginbayaan na namon an amon mga panimalay ha pagsunod ha imo.”	Peter said to him, “we have left all we had to follow you!”
itutubyan hiya ha mga hentil nga magbibiaybiay ha iya, magyuyubit, ngan maglulura ha iya.	he will be delivered over to the Gentiles. they will mock him, insult him and spit on him;
paglalatobon ngan pagpapatayon hiya nira, kundi mababanhaw hiya ha ikatulo ka adlaw.”	they will flog him and kill him. on the third day he will rise again.”
tikahirani na hi Jesus ha jerico, ngan nakada ha ligid han dalan in usa nga buta nga nalingkod hin pakilimos.	as Jesus approached Jericho, a blind man was sitting by the roadside begging.
han pakabati niya han kadaman nga nalabay, nagpakiana hiya, “ano ba ini?”	when he heard the crowd going by, he asked what was happening.
ginsumatan hiya nga nalabay hi Jesus nga taganazaret.	they told him, “Jesus of Nazareth is passing by.”
naggoliat hiya, “Jesus! anak ni David! kalooyi Gad ako!”	he called out, “Jesus, son of David, have mercy on me!”
sanglit inmukoy hi Jesus ngan nagsugo nga dadon an buta ngada ha iya. han pagdaop na han buta, nagpakiana hi Jesus ha iya,	Jesus stopped and ordered the man to be brought to him. when he came near, Jesus asked him,
“ano an imo karuyag nga buhaton ko ha imo?” nagbaton hiya, “karuyag ko nga makakita na liwat ako.”	“what do you want me to do for you?” “Lord, i want to see,” he replied.
ngan nagsiring hi Jesus ha iya, “makakakita ka na! an imo pagtoo amo an nakaupay ha imo.”	Jesus said to him, “receive your sight; your faith has healed you.”
nagpadayon hi Jesus pagsulod ha jerico, ngan naglatas hiya han bungto.	Jesus entered Jericho and was passing through.
may didto riko nga labaw nga parasugot hin buhis, nga saqueo an ngaran.	a man was there by the name of Zacchaeus; he was a chief tax collector and was wealthy.
nagdagmit hi saqueo hin paglusad ngan ginkarawat niya nga malipayon hi Jesus.	so he came down at once and welcomed him gladly.
kay kinmanhi an anak han tawo hin pagbiling ngan pagtalwas han mga nagkawawara.”	for the son of man came to seek and to save the lost.”
ngan nagsiring hiya ha iya, ‘itatapod ko ha imo an pagdumara hin lima nga mga syudad.’	“his master answered, ‘you take charge of five cities.’
inmabot in lain pa nga surugoon ngan nagsiring, ‘agaron, iini an imo kwarta nga bulawan. ginputos ko ini hin panyo.	“then another servant came and said, ‘sir, here is your mina; i have kept it laid away in a piece of cloth.
nagsiring hira ha iya, ‘agaron, mayada na hiya napulo nga kwarta.’	““ ‘sir,’ they said, ‘he already has ten!’
nagsiring hini hi Jesus, ngan nagpadayon hiya ngadto ha Jerusalem, ngan naguna hiya ha ira.	after Jesus had said this, he went on ahead, going up to Jerusalem.
han pagabot niya hirani ha betfage ug betania, ha bukid han mga olibo, ginpauna niya in duha nga mga tinunan,	as he approached bethphage and Bethany at the hill called the mount of olives, he sent two of his disciples, saying to them,
kon may magpakiana ha iyo, ‘kay ano nga iyo man ito ginhuhubaran?’ sidnga hiya, ‘ginkikinahanglan ini han agaron.’”	if anyone asks you, ‘why are you untying it?’ say, ‘the Lord needs it.’ ””
nagkalakat hira ngan nakita nira sugad gud han iginsiring ni Jesus ha ira.	those who were sent ahead went and found it just as he had told them.
han ginhuhubad na nira an nati nga asno, nagpakiana ha ira an mga tagiya, “kay ano nga iyo man ito ginhuhubaran?”	as they were untying the colt, its owners asked them, “why are you untying the colt?”
nagbaton hira, “ginkikinahanglan ini han agaron,”	they replied, “the Lord needs it.”
han pagtipaunhan niya, pinanmitad nira ha dalan an ira mga kurugpos.	as he went along, people spread their cloaks on the road.
“dayawon han dyos an hadi nga makanhi ha ngaran han Ginoo! kalinaw ha langit, himaya sa dyos ha kahitasan!”	“blessed is the king who comes in the name of the Lord!” “peace in heaven and glory in the highest!”
nagbaton hi Jesus, “susumatan ko kamo: kon maghilom ngani hira, an mga bato ngahaw an mangongogliat.”	“i tell you,” he replied, “if they keep quiet, the stones will cry out.”
han hirani na hi Jesus ngan han pakakita niya han syudad han Jerusalem, nagtangis hiya,	as he approached Jerusalem and saw the city, he wept over it
sinmulod hi Jesus han templo ngan nagtikang hiya hin pagtabog han mga nanmamaligya,	when Jesus entered the temple courts, he began to drive out those who were selling.
ginbaton hira ni Jesus, “mapakiana man ako ha iyo. sumati daw ako,	he replied, “i will also ask you a question. tell me:
tikang ba sa dyos an katungod ni Juan hin pagbunyag, o tikang ba han mga tawo?”	johns baptismwas it from heaven, or of human origin?”
sanglit nagbaton hira, “diri kami maaram kon diin adto tikang.”	so they answered, “we dont know where it was from.”
niyan nagsugo hiya hin ikatulo nga oripon; ginkastigo liwat ini han mga saop, ngan iginlabog ha gawas.	he sent still a third, and they wounded him and threw him out.
an ngatanan nga mahulog ngada hini nga bato magkakasasamad, ngan mapipisa an kahulogan hini nga bato.”	everyone who falls on that stone will be broken to pieces; anyone on whom it falls will be crushed.”
sumati daw kami, supak ba ha aton balaod an pagbayad ta hin buhis han emperador ha Roma, o diri?”	is it right for us to pay taxes to caesar or not?”
kundi nahisabtan ni Jesus an ira bitik ngan ginsiring hira,	he saw through their duplicity and said to them,
sanglit nagsiring hi Jesus, “kon amo ito, ibayad ha emperador an kanan emperador, ngan ibayad man sa dyos an kanan dyos.”	he said to them, “then give back to caesar what is caesars, and to God what is gods.”
dinmaop kan Jesus in pira nga mga sadusiyo. (amo ini hira an nasiring nga waray na pagkabanhaw.) nagpakiana hira ha iya,	some of the Sadducees, who say there is no resurrection, came to Jesus with a question.
niyan, mayada hadto pito nga magburugto nga kalalakenan. nangasawa an gimagugurangi, ngan namatay nga waray anak.	now there were seven brothers. the first one married a woman and died childless.
ngan pinangasawa han sunod nga manghod an nabalo nga babaye	the second
ngan niyan han ikatulo nga manghod. amo gihapon an nahinabo ha ngatanan nga pitonagkamatay hira nga waray anak.	and then the third married her, and in the same way the seven died, leaving no children.
ha kataposan namatay an babaye.	finally, the woman died too.
niyan ha adlaw kon mabanhaw na an mga minatay, kanay man hiya asawa? kay an pito nga magburugto nangasawa man ha iya.”	now then, at the resurrection whose wife will she be, since the seven were married to her?”
nagbaton hi Jesus ha ira, “nagaasawa an kalalakenan ngan kababayenan hini nga panahon,	Jesus replied, “the people of this age marry and are given in marriage.
karuyag sidngon hini nga dyos hiya han mga buhi, diri han mga minatay, kay ha iya buhi an ngatanan.”	he is not the God of the dead, but of the living, for to him all are alive.”
nagyakan in pira nga mga magturutdo han balaod, “maupay nga pagkabaton, magturutdo!”	some of the teachers of the law responded, “well said, teacher!”
ngan waray na hira mangahas hin pagpakiana ha iya hin bisan ano.	and no one dared to ask him any more questions.
nagsiring hi Jesus ha ira, “uunanhon hin pakasiring nira nga magigin tulin ni David an Mesiyas?	then Jesus said to them, “why is it said that the Messiah is the son of David?
kay nasiring man hi David ngahaw, ha basahan han mga salmo: ‘nagsiring an Ginoo ngadto han akon Ginoo: lingkod didi ha akon tuo,	David himself declares in the book of psalms: ““ ‘the Lord said to my Lord: “sit at my right hand
tubtob nga ibutang ko an imo mga kaaway nga taramakan ha ilarom han imo mga tiil.’	until i make your enemies a footstool for your feet.” ’’
gintawag hiya nga ‘Ginoo’ ni David. sanglit, uunanhon nga magin tulin ni David an Mesiyas?”	David calls him ‘Lord.’ how then can he be his son?”
samtang nanmamati kan Jesus an ngatanan nga mga tawo, nagsiring hiya ha iya mga tinunan,	while all the people were listening, Jesus said to his disciples,
an ngatanan siniplatan ni Jesus, ngan kinmita hiya nga an mga riko naghulog han ira mga halad didto han surudlan ha templo.	as Jesus looked up, he saw the rich putting their gifts into the temple treasury.
hinkitan liwat niya in kablas nga balo nga babaye nga naghulog hin duha la nga sensilyo nga kwarta nga bronse.	he also saw a poor widow put in two very small copper coins.
nagsiring hi Jesus, “susumatan ko kamo, nga larulabaw an ginhatag hini nga kablas nga balo kay ha ira ngatanan.	“truly i tell you,” he said, “this poor widow has put in more than all the others.
nagpadayon hiya hin pagsiring, “magaaruaraway an mga nasod, ngan maggigipasulongsulong an mga ginhadian.	then he said to them: “nation will rise against nation, and kingdom against kingdom.
iyo ini higayon hin pagpasangyaw han maupay nga sumat.	and so you will bear testimony to me.
padigona ngadaan an iyo mga hunahuna basi diri kamo mabaraka kon uunanhon niyo hin pagpanalipod han iyo kalugaringon;	but make up your mind not to worry beforehand how you will defend yourselves.
kay tatagan ko kamo hin mga pulong ngan kinaadman nga waray han iyo mga kaaway makakabaton o makakariwa han iyo igyayakan.	for i will give you words and wisdom that none of your adversaries will be able to resist or contradict.
pagdudumtan kamo han ngatanan tungod ha akon.	everyone will hate you because of me.
kundi waray mawawara bisan usa nga buhok han iyo mga ulo.	but not a hair of your head will perish.
pagpadayon kamo hin kamakusog, kay hini nga paagi matatalwas an iyo mga kinabuhi.	stand firm, and you will win life.
kay amo na ini ‘an mga adlaw han pagkastigo’ basi matuman an ngatanan nga iginsiring han kasuratan.	for this is the time of punishment in fulfillment of all that has been written.
katapos, mapakita na an anak han tawo nga maabot dida hin dampog, may gahom ug himaya.	at that time they will see the son of man coming in a cloud with power and great glory.
ngan ginsumatan hira ni Jesus hini nga pananglitan: “hinumdomi an kahoy nga igos ngan an ngatanan nga iba nga mga kahoy.	he told them this parable: “look at the fig tree and all the trees.
kon hikitan na niyo nga nananaringsing, maaram kamo nga hirani na an panahon han kamapaso.	when they sprout leaves, you can see for yourselves and know that summer is near.
ha sugad nga kaagi, kon kumita kamo nga nahinanabo na ini nga mga butang, hibaroi niyo nga tiarabot na an ginhadian han dyos.	even so, when you see these things happening, you know that the kingdom of God is near.
“tigamni ini! mahinanabo ini ngatanan nga mga butang nga diri pa mapatay an ngatanan nga mga tawo nga buhi yana.	“truly i tell you, this generation will certainly not pass away until all these things have happened.
nagpapapas pa an langit ngan an tuna, kundi magpapabilin an akon mga pulong.	heaven and earth will pass away, but my words will never pass away.
kay maabot ini sugad hin bitik ha ngatanan nga mga tawo ha bugos nga tuna.	for it will come on all those who live on the face of the whole earth.
timprano pa ha kada aga napakadto na ha templo an ngatanan nga mga tawo hin pamati ha iya.	and all the people came early in the morning to hear him at the temple.
hirani na an pyesta han tinapay nga waray patubo nga ginngangaranan nga paglabay.	now the festival of unleavened bread, called the passover, was approaching,
ngan sinmulod hi satanas kan Judas nga gintatawag nga iscariote, usa han dose nga mga tinunan.	then satan entered Judas, called iscariot, one of the twelve.
nalipay hira ngan nagsaad hin paghatag ha iya hin kwarta.	they were delighted and agreed to give him money.
nagpakiana hira ha iya, “diin an karuyag mo nga pagaandaman namon?”	“where do you want us to prepare for it?” they asked.
ipapakita niya ha iyo in dako nga kwarto ha igbaw nga sangkap na. andama niyo didto an ngatanan.”	he will show you a large room upstairs, all furnished. make preparations there.”
nagkalakat hira ngan ira hinagian an ngatanan sugad han iginsumat ha ira ni Jesus, ngan ginandam nira an paglabay nga panihapon.	they left and found things just as Jesus had told them. so they prepared the passover.
han pagabot na han takna, linmingkod hi Jesus ha iya dapit ha lamesa upod han mga apostoles.	when the hour came, Jesus and his apostles reclined at the table.
nagsiring hiya ha ira, “karuyag ko gud hin pakigsaro ha iyo hini nga paglabay nga panihapon ugsa ako magantos!	and he said to them, “i have eagerly desired to eat this passover with you before i suffer.
kay susumatan ko kamo: diri na ako makaon hini tubtob nga matuman an kahulogan hini didto han ginhadian han dyos.”	for i tell you, i will not eat it again until it finds fulfillment in the kingdom of God.”
ngan ginkuha ni Jesus an kupa, nagpasalamat sa dyos, ngan nagsiring, “kuhaa niyo ini ngan pagbahinbahina ha iyo ngahaw,	after taking the cup, he gave thanks and said, “take this and divide it among you.
“kundi kitaa! aanhi kaupod ko ha lamesa an naglilingo ha akon!	but the hand of him who is going to betray me is with mine on the table.
kay mapatay an anak han tawo sumala han pagbuot han dyos; kundi kairo hito nga tawo nga maglilingo ha akon!”	the son of man will go as it has been decreed. but woe to that man who betrays him!”
ngan nagtikang hira hin paggiparupakiana kon hino ha ira an magbubuhat hini.	they began to question among themselves which of them it might be who would do this.
nagtikang dida han mga tinunan in lantugi kon hino ha ira an angay kilalahon nga gilalabawi.	a dispute also arose among them as to which of them was considered to be greatest.
“nagpabilin kamo upod ha akon ha ngatanan ko nga mga pagantos;	you are those who have stood by me in my trials.
ngan sugad nga gintagan ako han akon amay han katungod hin paghadi, tatagan ko man kamo han amo ngahaw nga katungod.	and i confer on you a kingdom, just as my father conferred one on me,
nagbaton hi Pedro, “Ginoo, andam ako hin pagupod ha imo ha bilanggoan, ngan hin pagpakamatay pa upod ha imo!”	but he replied, “Lord, i am ready to go with you to prison and to death.”
nagsiring an mga tinunan, “kitaa, Ginoo! iini in duha nga espada.” “igo na ito!” nagbaton hiya.	the disciples said, “see, Lord, here are two swords.” “thats enough!” he replied.
ngan inmuruonhan hiya ha ira hin kahirayo nga kanan usa ka labay hin bato, ngan linmuhod ngan nagampo,	he withdrew about a stones throw beyond them, knelt down and prayed,
“amay ko, kon imo pagbuot, kuhaa Gad ini nga kupa ha akon. diri an akon, kundi an imo pagbuot an matuman.” [[	“father, if you are willing, take this cup from me; yet not my will, but yours be done.”
pinmakita ha iya in usa nga anghel tikang ha langit, nga nagpakusog ha iya.	an angel from heaven appeared to him and strengthened him.
ngan nagsiring hiya ha ira, “kay ano nga nangangaturog kamo? pagmata kamo ngan pagampo nga diri kamo masulay.”	“why are you sleeping?” he asked them. “get up and pray so that you will not fall into temptation.”
kundi nagsiring hi Jesus, “Judas, lilingoon mo ba an anak han tawo pinaagi hin harok?”	but Jesus asked him, “Judas, are you betraying the son of man with a kiss?”
ngan gintigbas han usa ha ira an oripon han labaw nga padi, ngan napalong an iya tuo nga talinga.	and one of them struck the servant of the high priest, cutting off his right ear.
kundi nagsiring hi Jesus, “igo na ini!” ginkamkam niya an talinga han tawo, ngan ginupay niya.	but Jesus answered, “no more of this!” and he touched the mans ear and healed him.
may ginharing nga tapong ha butnga han bungsaran, ngan tinmampo hi Pedro han mga nagkakalingkod palibot han kalayo.	and when some there had kindled a fire in the middle of the courtyard and had sat down together, Peter sat down with them.
kundi naglirong hi Pedro hin pagsiring, “babaye, diri ngani ako nakilala ha iya!”	but he denied it. “woman, i dont know him,” he said.
ginmawas hi Pedro ngan nagtangis nga duro an kabido.	and he went outside and wept bitterly.
ginyubitan ngan gintubal hi Jesus han mga tawo nga nagbabantay ha iya.	the men who were guarding Jesus began mocking and beating him.
gintahoban nira an iya mga mata, ngan ginpakianhan, “tigoha! hino an nagsuntok ha imo?”	they blindfolded him and demanded, “prophesy! who hit you?”
ngan damo la nga mga pagyubit an ira ginyakan ha iya.	and they said many other insulting things to him.
ngan diri kamo mabaton kon magpakiana ako ha iyo.	and if i asked you, you would not answer.
kundi yana, malingkod na an anak han tawo ha tuo han dyos nga labi kamakagarahum.”	but from now on, the son of man will be seated at the right hand of the mighty God.”
nagsiring hira ngatanan, “kon sugad amo ka ba an anak han dyos?” nagbaton niya ha ira, “kamo an nasiring nga anak ako han dyos.”	they all asked, “are you then the son of God?” he replied, “you say that i am.”
binmuhat an bugos nga hugpo ngan gindara hi Jesus ngadto kan pilato,	then the whole assembly rose and led him off to Pilate.
nagpakiana ha iya hi pilato, “amo ka ba an hadi han mga judiyo?” “ikaw an nagyakan hito,” nagbaton hi Jesus.	so Pilate asked Jesus, “are you the king of the Jews?” “you have said so,” Jesus replied.
pakabati ni pilato hini, nagpakiana hiya, “tagagalilea ba ini nga tawo?”	on hearing this, Pilate asked if the man was a galilean.
sanglit damo an iya pakiana kan Jesus, kundi waray magbaton hi Jesus bisan usa ka pulong.	he plied him with many questions, but Jesus gave him no answer.
hadto manta nga adlaw nagkasangkay hira herodes ug pilato; magkontra hira hadto anay han waray pa ini mahinabo.	that day Herod and Pilate became friendsbefore this they had been enemies.
gintirok ni pilato an mga puno han kapadian, an mga pangulo, ngan an mga tawo,	Pilate called together the chief priests, the rulers and the people,
sanglit ipalalatob ko nala hiya ngan pabubuhian.” [[	therefore, i will punish him and then release him.”
naggoliat an bugos nga hugpo, “pataya hiya! buhii hi barabas para ha amon!” ((	but the whole crowd shouted, “away with this man! release Barabbas to us!”
napriso hi barabas tungod hin karibok nga nahinabo ha syudad, ngan tungod hin pagpatay.)	(Barabbas had been thrown into prison for an insurrection in the city, and for murder.)
karuyag ni pilato nga buhian hi Jesus, sanglit gintawag liwat niya an mga tawo.	wanting to release Jesus, Pilate appealed to them again.
kundi naggogliat hira, “igraysang hiya ha kros! igraysang ha kros!”	but they kept shouting, “crucify him! crucify him!”
sanglit iginpahamtang ni pilato kan Jesus an sirot nga ira ginpangaro.	so Pilate decided to grant their demand.
amo ito an panahon nga masiring ha kabukiran an mga tawo, ‘tabuni kami!’ ngan ha kapungtoran, ‘tagoa kami!’	then ““ ‘they will say to the mountains, “fall on us!” and to the hills, “cover us!” ’’
kay kon pagbuhaton in sugad nga mga butang kon hilaw pa an kahoy, ano in mahinanabo kon uga na ito?”	for if people do these things when the tree is green, what will happen when it is dry?”
nagdara liwat hira hin duha nga mga kriminal, nga papatayon nira upod kan Jesus.	two other men, both criminals, were also led out with him to be executed.
ginyubitan liwat hiya han mga sondalo. kinmadto hira ha iya hin paghatag ha iya hin maaslom nga bino,	the soldiers also came up and mocked him. they offered him wine vinegar
ngan nagsiring, “talwasa an imo kalugaringon, kon tinuod manggud nga ikaw amo an hadi han mga judiyo!”	and said, “if you are the king of the Jews, save yourself.”
iginsurat ini nga mga pulong ha igbaw niya: “amo ini an hadi han mga judiyo.”	there was a written notice above him, which read: this is the king of the Jews ..
ngan nagsiring hiya kan Jesus, “Jesus, hinumdomi Gad ako kon makanhi ka na nga hadi.”	then he said, “Jesus, remember me when you come into your kingdom. ””
nagbaton hi Jesus ha iya, “susumatan ko ikaw: yana ngahaw nga adlaw, maupod ka ha akon ngadto ha paraiso.”	Jesus answered him, “truly i tell you, today you will be with me in paradise.”
ngan napikas an biray han templo.	for the sun stopped shining. and the curtain of the temple was torn in two.
kinmadto hiya kan pilato ngan ginaro niya an lawas ni Jesus.	going to Pilate, he asked for Jesus’ body.
adlaw adto ha pagandam ngan bisperas na han adlaw nga iparahuway.	it was preparation day, and the sabbath was about to begin.
hinkitan nira nga nakadto na ha ligid an bato nga igintaklob han porta han lubnganan,	they found the stone rolled away from the tomb,
sanglit sinmulod hira; kundi waray nira hiagii an lawas han Ginoo nga Jesus.	but when they entered, they did not find the body of the Lord Jesus.
waray na hiya dinhe, nabanhaw na hiya. panumdoma an iginsiring niya ha iyo han nakadto pa hiya ha Galilea:	he is not here; he has risen! remember how he told you, while he was still with you in Galilee:
niyan nahinumdom an kababayenan han iya mga pulong,	then they remembered his words.
inmoli hira tikang han lubnganan, ngan iginsumat ini ngatanan nga mga butang ngadto han onse nga mga tinunan ngan han iba pa.	when they came back from the tomb, they told all these things to the eleven and to all the others.
kundi naghunahuna an mga apostoles nga kalurongan la an iginsiring han kababayenan ngan waray tumuod ha ira.	but they did not believe the women, because their words seemed to them like nonsense.
naghihinimangraw hira mahitungod han ngatanan nga mga butang nga nanhinabo.	they were talking with each other about everything that had happened.
samtang naghihimangraw hira, dinmaop hi Jesus ngan binmunyog ha ira.	as they talked and discussed these things with each other, Jesus himself came up and walked along with them;
hinkitan hiya nira, kundi ambot kon ano nga waray man hira pakakilala ha iya.	but they were kept from recognizing him.
nanhipausa kami han sumat hin pira nga kababayenan han amon hugpo. kinmadto hira ha lubnganan han maagahon pa,	in addition, some of our women amazed us. they went to the tomb early this morning
diri ba kinahanglan magantos anay an Mesiyas hini nga mga butang sano hiya makasulod han iya himaya?”	did not the Messiah have to suffer these things and then enter his glory?”
inmabot hira hirani han baryo nga ira kinakadtoan, ngan nagpakita hi Jesus nga sugad hin magpapadayon pa hiya ngadto ha unhan;	as they approached the village to which they were going, Jesus continued on as if he were going farther.
nabuksan an ira mga mata ngan kinmilala hira ha iya; kundi napara hiya dayon ha ira mga mata.	then their eyes were opened and they recognized him, and he disappeared from their sight.
nga nagsiring, “tinuod gud nga nabanhaw an Ginoo! nagpakita hiya kan Simon!”	and saying, “it is true! the Lord has risen and has appeared to Simon.”
tugob hira hin kahadlok ngan kakulba. an ira hunahuna nga kinmita hira hin kalag.	they were startled and frightened, thinking they saw a ghost.
kundi nagsiring hiya ha ira, “kay ano nga nababaraka man kamo? kay ano nga nagruruhaduha man kamo ha iyo mga hunahuna?	he said to them, “why are you troubled, and why do doubts rise in your minds?
iginsiring niya ini ngan iginpakita niya ha ira an iya mga kamot ngan mga tiil.	when he had said this, he showed them his hands and feet.
gintagan hiya nira hin sinugba nga isda,	they gave him a piece of broiled fish,
ngan kinarawat ini ni Jesus ngan ginkaon ha ira atubangan.	and he took it and ate it in their presence.
ngan ginbuksan niya an ira mga hunahuna basi makasabot hira han kasuratan,	then he opened their minds so they could understand the scriptures.
mga saksi kamo hini nga mga butang.	you are witnesses of these things.
niyan gindara hira niya ha gawas han syudad tubtob ha betania diin ginalsa niya an iya mga kamot ngan ginbendisyonan hira.	when he had led them out to the vicinity of Bethany, he lifted up his hands and blessed them.
samtang nagbebendisyon hiya ha ira, binmaya hiya ha ira ngan ginbayaw hiya ha langit.	while he was blessing them, he left them and was taken up into heaven.
nagsingba hira ha iya ngan binmalik hira ngadto ha Jerusalem, nga malipayon,	then they worshiped him and returned to Jerusalem with great joy.
ngan dayuday didto hira ha templo, hin pagpasalamat han dyos.	and they stayed continually at the temple, praising God.
amo ini an pagkasunodsunod han mga kaapoyapoyan ni jesucristo nga tulin ni David, nga tulin ni Abraham.	this is the genealogy of Jesus the Messiah the son of David, the son of Abraham:
nahinabo ini ngatanan basi matuman an iginyakan han Ginoo pinaagi han manaragna nga nasiring,	all this took place to fulfill what the Lord had said through the prophet:
han pakabati hini ni hadi herodes, nabaraka hiya pati an bugos nga Jerusalem.	when king Herod heard this he was disturbed, and all Jerusalem with him.
“didto ha bungto han betlehem, ha Judea,” nagbaton hira. “amo ini an iginsurat han manaragna:	“in Bethlehem in Judea,” they replied, “for this is what the prophet has written:
binmuhat hi Jose, gindara niya an bata ngan an iroy, ngan pinmalagiw hira ngadto ha Ehipto hadto ngahaw nga gabi.	so he got up, took the child and his mother during the night and left for Egypt,
dida hini natuman an iginsurat ni jeremias nga manaragna nga nasiring:	then what was said through the prophet Jeremiah was fulfilled:
sanglit binmuhat hi Jose, gindara niya an bata ngan an iroy niya, ngan inmoli ngadto ha Israel.	so he got up, took the child and his mother and went to the land of Israel.
hadto nga panahon hi Juan nga parabunyag kinmadto ha kamingawan han Judea ngan nagtikang hin pagwali.	in those days John the baptist came, preaching in the wilderness of Judea
nagsiring hiya, “magbasol ngan bayai an iyo mga sala kay hirani na an ginhadian han langit.”	and saying, “repent, for the kingdom of heaven has come near.”
iginkumpisal nira an ira mga sala ngan ginbunyagan hira ni Juan didto ha salog Jordan.	confessing their sins, they were baptized by him in the Jordan river.
ipakita ha iyo mga buhat nga nagbasol na kamo han iyo mga sala.	produce fruit in keeping with repentance.
hadto nga panahon, inmabot hi Jesus tikang ha Galilea, ngan kinmadto kan Juan didto ha Jordan basi bunyagan hiya ni Juan.	then Jesus came from Galilee to the Jordan to be baptized by John.
ngan nagsiring in tingog tikang ha langit, “amo ini an akon hinigugma nga anak nga nakakalipay gud ha akon.”	and a voice from heaven said, “this is my son, whom i love; with him i am well pleased.”
niyan gindara hi Jesus han espiritu ngadto han kamingawan basi pagsulayon han yawa.	then Jesus was led by the spirit into the wilderness to be tempted by the devil.
katapos hin 40 ka adlaw ngan 40 ka gabi nga pagpuasa, ginutom hi Jesus.	after fasting forty days and forty nights, he was hungry.
dinmaop ha iya an yawa ngan nagsiring, “kon anak ka manggud han dyos, himoa nga tinapay ini nga mga bato.”	the tempter came to him and said, “if you are the son of God, tell these stones to become bread.”
niyan gindara hiya han yawa ngadto han baraan nga syudad, ngan ibinutang hiya didto han gihahataasi nga atop han templo,	then the devil took him to the holy city and had him stand on the highest point of the temple.
binmaton hi Jesus, “kundi nasiring man liwat an kasuratan, ‘kinahanglan diri mo pagsulayon an Ginoo nga imo dyos.’”	Jesus answered him, “it is also written: ‘do not put the Lord your God to the test.’ ””
“ihahatag ko ha imo ini ngatanan,” nagsiring an yawa, “kon humapa ka ngan magsingba ka ha akon.”	“all this i will give you,” he said, “if you will bow down and worship me.”
ngan binmaya an yawa kan Jesus, ngan nagkaabot in mga anghel ug nagtimangno kan Jesus.	then the devil left him, and angels came and attended him.
han pakabati ni Jesus nga napriso hi Juan, kinmadto hiya ha Galilea.	when Jesus heard that John had been put in prison, he withdrew to Galilee.
nahinabo ini basi matuman an iginsurat ni isaias nga manaragna nga nasiring:	to fulfill what was said through the prophet Isaiah:
“Galilea han mga hentil! an tuna ha zabulon ngan an tuna ha neftali, aragian tipakadto ha dagat, ha tabok han Jordan.	“land of Zebulun and land of Naphtali, the way of the sea, beyond the Jordan, Galilee of the Gentiles—
tikang hadto nagtikang hi Jesus hin pagwali, “bayai niyo an iyo mga sala, kay hirani na an ginhadian han langit!”	from that time on Jesus began to preach, “repent, for the kingdom of heaven has come near.”
nagsiring hiya ha ira, “upod kamo ha akon ngan tututdoan ko kamo pagdakop hin mga tawo.”	“come, follow me,” Jesus said, “and i will send you out to fish for people.”
ira binayaan dayon an ira mga pukot ngan binmunyog hira ha iya.	at once they left their nets and followed him.
dida dayon binayaan nira an sakayan ngan an ira amay, ngan binmunyog hira kan Jesus.	and immediately they left the boat and their father and followed him.
ngan nagtikang hiya hin pagtutdo ha ira:	and he began to teach them. he said:
“palaran adton nakilala nga kablas hira ha espiritu, kay ira an ginhadian han langit!	“blessed are the poor in spirit, for theirs is the kingdom of heaven.
“palaran adton masulobon, kay pagliliawon hira han dyos!	blessed are those who mourn, for they will be comforted.
“palaran adton mapinaubsanon, kay kakarawaton nira an iginsaad han dyos!	blessed are the meek, for they will inherit the earth.
“palaran adton may dako nga tinguha pagtuman han kaburuton han dyos, kay patutungahon gud hira han dyos!	blessed are those who hunger and thirst for righteousness, for they will be filled.
“palaran adton maloloyon ha iba, kay malolooy man an dyos ha ira!	blessed are the merciful, for they will be shown mercy.
“palaran adton maglinis in kasingkasing, kay makakakita hira han dyos!	blessed are the pure in heart, for they will see God.
“palaran adton nagbubuhat para hin kamurayaw ha mga tawo, kay tatawgon hira nga mga anak han dyos!	blessed are the peacemakers, for they will be called children of God.
“palaran adton ginpapakurian tungod nga nagtutuman hira han kaburuton han dyos, kay ira an ginhadian han langit!	blessed are those who are persecuted because of righteousness, for theirs is the kingdom of heaven.
“kamo amo an kapawa han bugos nga kalibutan. diri matatago in bungto nga gintindog ha bawbaw hin bukid.	“you are the light of the world. a town built on a hill cannot be hidden.
nasiring ako ha imo: diri ka makakagawas didto tubtob nga kabaydan mo an ngatanan nga multa ha imo.	truly i tell you, you will not get out until you have paid the last penny.
“hinbatian niyo nga iginsiring ini, ‘diri ka manlibog.’	“you have heard that it was said, ‘you shall not commit adultery.’
kundi yana nasiring ako ha iyo: ayaw pagsumpa kon nagsasaad ka. ayaw gamita an langit hin pagsumpa, kay trono ito han dyos;	but i tell you, do not swear an oath at all: either by heaven, for it is gods throne;
ayaw gamita bisan pa an imo ulo, kay diri ka makakapabusag o makakapaitom hin usa han imo buhok.	and do not swear by your head, for you cannot make even one hair white or black.
igo na nga masiring ka, ‘oo’ kon matangdo ka; ‘diri’ kon mariwa ka; natikang na han yawa an sobra pa hini nga igyayakan mo.	all you need to say is simply ‘yes’ or ‘no’; anything beyond this comes from the evil one.
“hinbatian niyo nga iginsiring, ‘an mata bayaran hin mata ngan an ngipon bayaran hin ngipon.’	“you have heard that it was said, ‘eye for eye, and tooth for tooth.’
ngan kon may magsumbong ha imo basi makuha niya an imo kamiseta, ihatag pa ha iya pati an imo kamisadentro.	and if anyone wants to sue you and take your shirt, hand over your coat as well.
kon in sondalo magpirit ha imo hin pagdara han iya kasangkapan sulod hin usa ka kilometro, dada ito hin duha ka kilometro.	if anyone forces you to go one mile, go with them two miles.
tagi kon may mangaro ha imo, ngan pahudma kon may humoram ha imo.	give to the one who asks you, and do not turn away from the one who wants to borrow from you.
“hinbatian niyo nga iginsiring, ‘higugmaa an iyo kasangkayan, pagdumti an iyo mga kaaway.’	“you have heard that it was said, ‘love your neighbor and hate your enemy.’
kundi yana nasiring ako ha iyo: higugmaa an iyo mga kaaway ngan igampo an mga nagpapakuri ha iyo,	but i tell you, love your enemies and pray for those who persecute you,
sanglit kinahanglan mahingpit kamo, sugad nga hingpit an iyo amay ha langit.	be perfect, therefore, as your heavenly father is perfect.
basi mahilom an iyo paghatag, ngan babaloson kamo han amay niyo nga nakita han maupay nga ginbubuhat niyo hin hilom.	so that your giving may be in secret. then your father, who sees what is done in secret, will reward you.
sanglit sugara hini an iyo pagampo: ‘amay namon ha langit: pagdayawon an imo baraan nga ngaran,	“this, then, is how you should pray: ““ ‘our father in heaven, hallowed be your name,
maghadi ka unta ha amon, matuman dinhe ha tuna an imo kaburuton sugad han didto ha langit.	your kingdom come, your will be done, on earth as it is in heaven.
tagi kami yana nga adlaw han pagkaon nga amon kinahanglan.	give us today our daily bread.
pasayloa kami han amon mga sala sugad han pagpasaylo namon han mga nakasala ha amon.	and forgive us our debts, as we also have forgiven our debtors.
“kon pasayloon niyo an nakakasala ha iyo, pasasayloon man kamo han amay niyo ha langit.	for if you forgive other people when they sin against you, your heavenly father will also forgive you.
kon magpupuasa kamo, paghiramos ngan pagsudlay,	but when you fast, put oil on your head and wash your face,
kay kon hain an iyo mga manggad, dayuday aadto man an iyo kasingkasing.	for where your treasure is, there your heart will be also.
“an mga mata amo an suga para han lawas. kon maupay an iyo mga mata, malulukop hin kapawa an bugos niyo nga lawas.	“the eye is the lamp of the body. if your eyes are healthy, your whole body will be full of light.
hino man ha iyo in makakapahilaba han iya kinabuhi hin bisan pira la ka tuig pinaagi han iyo pagkinabaraka?	can any one of you by worrying add a single hour to your life ??
“sanglit ayaw kamo kabaraka han iyo kakaonon, iimnon, o igpapanapton.	so do not worry, saying, ‘what shall we eat?’ or ‘what shall we drink?’ or ‘what shall we wear?’
“ayaw kamo paghukom han iba basi diri kamo paghukman han dyos.	“do not judge, or you too will be judged.
“pangaro ngan tatagan kamo; pamiling ngan makakaagi kamo; pagtuktok ngan bubuksan an porta para ha iyo.	“ask and it will be given to you; seek and you will find; knock and the door will be opened to you.
kay makarawat an tagsa nga nangangaro, makakaagi an namimiling, ngan bubuksan an porta para ha iya nga nagtutuktok.	for everyone who asks receives; the one who seeks finds; and to the one who knocks, the door will be opened.
kamo nga mga amay, tatagan ba niyo hin bato kon mangaro an iyo anak hin tinapay?	“which of you, if your son asks for bread, will give him a stone?
tatagan ba niyo hin halas kon mangaro hiya hin isda?	or if he asks for a fish, will give him a snake?
kundi haligot an aragian ngan makuri an dalan tipakadto ha kinabuhi nga dayon, ngan diri damo an nakakatoltol hini nga dalan.	but small is the gate and narrow the road that leads to life, and only a few find it.
makikilala niyo hira pinaagi han ira mga panggawi. binuburo ba in ubas tikang hin kasapinitan, o in igos tikang hin niyutiyo?	by their fruit you will recognize them. do people pick grapes from thornbushes, or figs from thistles?
nabunga hin maupay an maupay nga kahoy, kundi nabunga hin maraot an maraot man nga kahoy.	likewise, every good tree bears good fruit, but a bad tree bears bad fruit.
diri makakabunga hin maraot an maupay nga kahoy, diri man liwat makakabunga hin maupay an maraot nga kahoy.	a good tree cannot bear bad fruit, and a bad tree cannot bear good fruit.
pupudlon ngan susunogon an kahoy nga diri nahatag hin maupay nga bunga.	every tree that does not bear good fruit is cut down and thrown into the fire.
sanglit, makikilala niyo an buwaon nga mga manaragna pinaagi han ira mga panggawi.	thus, by their fruit you will recognize them.
katapos ni Jesus pagyakan hini nga mga butang, nahipausa an mga tawo han paagi han iya pagtutdo,	when Jesus had finished saying these things, the crowds were amazed at his teaching,
kay nagtutdo hiya nga may gahom ngan diri sugad han ira mga magturutdo han balaod.	because he taught as one who had authority, and not as their teachers of the law.
linmugsong hi Jesus tikang hin pungtod ngan nagsunod ha iya in damo kaupay nga mga tawo.	when Jesus came down from the mountainside, large crowds followed him.
han pagsulod ni Jesus ha Capernaum gintapo hiya hin kapitan nga romano nga nakimalooy ha iya,	when Jesus had entered Capernaum, a centurion came to him, asking for help.
“sir, masakit an akon surugoon, nahigda, diri nakakakiwa, ngan nagkukuri hin duro.”	“Lord,” he said, “my servant lies at home paralyzed, suffering terribly.”
“makadto ako ngan uupayon ko hiya,” nagsiring hi Jesus.	Jesus said to him, “shall i come and heal him?”
kinmadto hi Jesus ha balay ni Pedro ngan hinkitan niya an babaye nga ugangan ni Pedro nga nahigda kay hinihirantan.	when Jesus came into peters house, he saw peters motherinlaw lying in bed with a fever.
kinaptan ni Jesus an iya kamot ngan nalungasan hiya han hiranat. binmuhat hiya ngan nagsirbe kan Jesus.	he touched her hand and the fever left her, and she got up and began to wait on him.
han pagkita ni Jesus han kadaman nga nagaalirong ha iya, nagsugo hiya han iya mga tinunan nga mapakadto ha tabok han lanaw.	when Jesus saw the crowd around him, he gave orders to cross to the other side of the lake.
dinimaop ha iya in usa nga magturutdo han balaod ngan nagsiring, “magturutdo, andam ako hin pagupod ha imo bisan ngain.”	then a teacher of the law came to him and said, “teacher, i will follow you wherever you go.”
nagsiring liwat in lain nga tinunan, “tugoti Gad ako hin pagoli anay hin paglubong han akon amay.”	another disciple said to him, “Lord, first let me go and bury my father.”
kundi ginbaton hiya ni Jesus, “sunod ha akon, ngan pabayi an mga patay nga asay maglubong han ira minatay.”	but Jesus told him, “follow me, and let the dead bury their own dead.”
sinmakay hi Jesus han sakayan ngan inmupod ha iya an iya mga tinunan.	then he got into the boat and his disciples followed him.
gindaop hiya han mga tinunan ngan ginsiring hin pagpukaw ha iya, “talwasa kami, Ginoo! malulunod kita!”	the disciples went and woke him, saying, “Lord, save us! were going to drown!”
may dako nga panon hin kababoyan nga naniningaon hirani hini nga dapit.	some distance from them a large herd of pigs was feeding.
nakimalooy kan Jesus an mga yawa, “kon pagagawson mo man kami, pasudla kami ngadto hito nga panon hin kababoyan.”	the demons begged Jesus, “if you drive us out, send us into the herd of pigs.”
sinmakay hi Jesus han sakayan, binmalik pagtabok han lanaw, ngan kinmadto han iya kalugaringon nga bungto.	Jesus stepped into a boat, crossed over and came to his own town.
ngan may hinsiring hin pira han mga magturutdo han balaod, “nagpanamastamas ini nga tawo!”	at this, some of the teachers of the law said to themselves, “this fellow is blaspheming!”
hain in masarusayon, an pagsiring, ‘an imo mga sala ginpasaylo,’ o an pagsiring, ‘buhat ngan lakat’?	which is easier: to say, ‘your sins are forgiven,’ or to say, ‘get up and walk’?
binmuhat an tawo ngan inmoli.	then the man got up and went home.
sanglit, binmuhat hi Jesus ngan sinmunod ha iya ngan inmupod ha iya an iya mga tinunan.	Jesus got up and went with him, and so did his disciples.
nagsiring hiya ha iya kalugaringon, “kon makakamkam la ako han iya bado, mauupay gud ako.”	she said to herself, “if i only touch his cloak, i will be healed.”
nagsiring hiya, “kagawas kamo ngatanan! diri patay an bata; nakaturog la hiya!” ngan gintinawaan hiya nira.	he said, “go away. the girl is not dead but asleep.” but they laughed at him.
ngan nahisangyaw ini nga nahinabo ha ngatanan nga dapit didto hito nga tuna.	news of this spread through all that region.
niyan kinamkam ni Jesus an ira mga mata ngan nagsiring, “mahimo unta sumala gud han iyo pagtoo!”—	then he touched their eyes and said, “according to your faith let it be done to you”;
kundi linmakat hira ngan iginsumat lugod nira ha ngatanan nga dapit didto hadto nga tuna an ginbuhat ha ira ni Jesus.	but they went out and spread the news about him all over that region.
kundi nagsiring an mga parisiyo, “an punoan han mga yawa an naghatag ha iya hin gahom hin pagpagawas han mga yawa.”	but the Pharisees said, “it is by the prince of demons that he drives out demons.”
sanglit ginsiring niya an iya mga tinunan, “damo in aranihon kundi gutiay la in mga magarani.	then he said to his disciples, “the harvest is plentiful but the workers are few.
pagampo kamo han tagada han aranihon nga padadan niya hin mga magarani nga magtitirok han ira ginani.”	ask the Lord of the harvest, therefore, to send out workers into his harvest field.”
hi felipe ngan hi bartolome; hi tomas ngan hi mateo nga parasukot hin buhis; hi Santiago, nga anak ni alfeo, ngan hi tadeo;	Philip and Bartholomew; Thomas and Matthew the tax collector; James son of alphaeus, and Thaddaeus;
hi Simon nga bayani, ngan hi Judas iscariote nga naglingo kan Jesus.	Simon the zealot and Judas iscariot, who betrayed him.
lugod, kadtoa niyo an nagkawawara nga mga karnero han katawhan han Israel.	go rather to the lost sheep of Israel.
lakat kamo ngan ipasangyaw nga hirani na an ginhadian han langit.	as you go, proclaim this message: ‘the kingdom of heaven has come near.’
ayaw kamo pagdara hin bulawan, salapi, o bronse nga kwarta ha iyo mga bulsa;	“do not get any gold or silver or copper to take with you in your belts—
pagsaka niyo hin balay siring kamo, ‘maada unta ha iyo an kamurayaw.’	as you enter the home, give it your greeting.
kay diri iyo an mga pulong nga igyayakan niyo, kundi tikang han espiritu han amay niyo nga magyayakan ha iyo.	for it will not be you speaking, but the spirit of your father speaking through you.
pagdudumtan kamo han ngatanan tungod ha akon, kundi matatalwas an magpailob tubtob ha kataposan.	you will be hated by everyone because of me, but the one who stands firm to the end will be saved.
“waray tinunan nga labaw han iya magturutdo; waray oripon nga labaw han iya agaron.	“the student is not above the teacher, nor a servant above his master.
an ha iyo nga bahin, ginihap na bisan ngani an ngatanan nga mga buhok han iyo ulo.	and even the very hairs of your head are all numbered.
sanglit ayaw kamo kahadlok; mahal pa kamo kaupay kay hin damo nga mga balinsasayaw!	so dont be afraid; you are worth more than many sparrows.
“aangkonon ko man ha atubangan han akon amay ha langit an bisan hino nga magpadayag ha kadaman nga akon hiya.	“whoever acknowledges me before others, i will also acknowledge before my father in heaven.
kundi iglilirong ko man ha atubangan han akon amay ha langit an bisan hino nga maglirong ha kadaman nga akon hiya.	but whoever disowns me before others, i will disown before my father in heaven.
an makaharadlok gud nga mga kaaway han tawo amo an mga sakop ngahaw han iya kalugaringon nga panimalay.	a mans enemies will be the members of his own household.’
diri takos ha akon an diri magpasan han iya kros ngan diri magsunod ha akon.	whoever does not take up their cross and follow me is not worthy of me.
an karuyag magtipig han iya kinabuhi ini mawawara ha iya; kundi an kawadan han iya kinabuhi tungod ha akon mabubuhi lugod.	whoever finds their life will lose it, and whoever loses their life for my sake will find it.
nagpakiana hira kan Jesus, “sumati daw kami, ikaw ba an ginpapaabot nga ginsiring ni Juan, o maghuhulat pa ba kami hin lain?”	to ask him, “are you the one who is to come, or should we expect someone else?”
binmaton hi Jesus, “balik kamo ngan sumati hi Juan han iyo hinbabatian ngan hinkikitan:	Jesus replied, “go back and report to John what you hear and see:
hin kapalaran hadton waray pagruhaduha ha akon!”	blessed is anyone who does not stumble on account of me.”
ngada han panahon ni Juan, naghimangraw mahitungod han ginhadian an ngatanan nga mga manaragna ngan an balaod ni Moises;	for all the prophets and the law prophesied until John.
ngan kon karuyag niyo hin pagtoo han ira sumat, hi Juan amo hi elias kanay pagabot daan na igintagna.	and if you are willing to accept it, he is the Elijah who was to come.
sanglit, pamati kamo kon may niyo mga durunggan!	whoever has ears, let them hear.
han pagkanhi ni Juan, nagpuasa hiya, ngan waray uminom hin bino, ngan nagsiring an ngatanan, ‘mayada yawa dida ha iya!’	for John came neither eating nor drinking, and they say, ‘he has a demon.’
sanglit, hinumdomi nga ha adlaw han paghukom, labaw pa nga malolooy an dyos han mga tawo han tiro ug Sidon kay ha iyo!	but i tell you, it will be more bearable for Tyre and Sidon on the day of judgment than for you.
sanglit, hinumdomi nga ha adlaw han paghukom, labaw pa nga malolooy an dyos han sodoma kay ha imo!”	but i tell you that it will be more bearable for sodom on the day of judgment than for you.”
tinuod, amay ko, nahimo ini tungod han imo kalugaringon nga pagbuot ug karuyag.	yes, father, for this is what you were pleased to do.
“kadi kamo ha akon, ngatanan kamo nga ginugulan hin pagdara han iyo mabugat nga mga parasanon, ngan tatagan ta kamo hin pahuway.	“come to me, all you who are weary and burdened, and i will give you rest.
kay masayon an yugo nga ihinahatag ko ha iyo, ngan magaanay an daradon nga ipapapasan ko ha iyo.”	for my yoke is easy and my burden is light.”
binmaton hi Jesus, “waray ba kamo makabasa han ginbuhat ni David dida nga ginutom hiya ngan an iya mga kaupod?	he answered, “havent you read what David did when he and his companions were hungry?
nasiring ako ha iyo nga mayada dinhe labaw pa han templo.	i tell you that something greater than the temple is here.
kay Ginoo han adlaw nga iparahuway an anak han tawo.”	for the son of man is Lord of the sabbath.”
binmaya hi Jesus hadto nga dapit ngan kinmadto hin usa nga sinagoga.	going on from that place, he went into their synagogue,
nagkalakat an mga parisiyo ngan nagsarabot hin pagpatay kan Jesus.	but the Pharisees went out and plotted how they might kill Jesus.
ngan gindidan hira hin pagsumat han iba mahitungod ha iya,	he warned them not to tell others about him.
basi matuman an ginsiring han dyos pinaagi kan isaias nga manaragna:	this was to fulfill what was spoken through the prophet Isaiah:
kundi diri hiya makikiglantugi o magoliat, diri ngani mamumulong hin dako nga tingog dida ha kadalanan.	he will not quarrel or cry out; no one will hear his voice in the streets.
ngan paglalaoman hiya han ngatanan nga mga katawhan.”	in his name the nations will put their hope.”
nahipausa an ngatanan nga mga tawo ngan nagpakiana hira, “amo na ba ini hiya an anak ni David?”	all the people were astonished and said, “could this be the son of David?”
“an diri nauyon ha akon, nasupak ha akon; ngan nagpapasarang adton diri nabulig ha akon hin pagtirok.	“whoever is not with me is against me, and whoever does not gather with me scatters.
kay gagamiton an iyo mga pulong hin paghukom ha iyo ngahaw, hin pagpahayag kon salaan ba kamo o diri.”	for by your words you will be acquitted, and by your words you will be condemned.”
mayada mga magturutdo han balaod ngan mga parisiyo nga nagsiring, “magturutdo, karuyag namon nga magpakita ka hin milagro.”	then some of the Pharisees and teachers of the law said to him, “teacher, we want to see a sign from you.”
binmaton hi Jesus, “hino an akon iroy? hino an akon kabugtoan?”	he replied to him, “who is my mother, and who are my brothers?”
hito manta nga adlaw binmaya hi Jesus han balay, ngan kinmadto ha tabi han lanaw, diin linmingkod hiya hin pagtutdo.	that same day Jesus went out of the house and sat by the lake.
han pagsabod niya han binhe, mayada nahulog ha dalan, ngan inmabot in mga tamsi ngan pinanuktok an mga binhe.	as he was scattering the seed, some fell along the path, and the birds came and ate it up.
nagkahuglog an iba nga binhe ngada hin tunokon nga kabanwaan; pagtubo han kabanwaan natabonan an mga tanom.	other seed fell among thorns, which grew up and choked the plants.
ngan sinmiring hi Jesus, “sanglit pamati kamo, kon mayada niyo durunggan!”	whoever has ears, let them hear.”
“sanglit pamati ngan hibaroi niyo an kahulogan han pananglitan han magsarabod.	“listen then to what the parable of the sower means:
han pagtubo na han mga tanom ngan pagtikang na panguhay, tinmubo liwat an mga banwa.	when the wheat sprouted and formed heads, then the weeds also appeared.
binmaton hi Jesus, “an anak han tawo amo an tawo nga nagpugas han maupay nga binhe;	he answered, “the one who sowed the good seed is the son of man.
sugad nga gintitirok an mga banwa ngan ginsusunog ha kalayo, amo man ini ha katapos han kalibutan.	“as the weeds are pulled up and burned in the fire, so it will be at the end of the age.
ngan ilalabog hira ngadto han naglalaga nga hudno. magtatangis hira didto ngan manliligot an ira mga ngipon.	they will throw them into the blazing furnace, where there will be weeping and gnashing of teeth.
“an ginhadian han langit sugad liwat hin usa ka tawo nga namimiling hin makaruruyag nga mga perlas.	“again, the kingdom of heaven is like a merchant looking for fine pearls.
“an ginhadian han langit sugad liwat hin pukot nga gintunod ha lanaw, nga nakadakop hin magkalainlain nga isda.	“once again, the kingdom of heaven is like a net that was let down into the lake and caught all kinds of fish.
ngan ilalabog hira ngadto han naglalaga nga hudno. mananangis hira didto ngan manliligot an ira mga ngipon.	and throw them into the blazing furnace, where there will be weeping and gnashing of teeth.
“nakasabot ba kamo hini nga mga butang?” nagpakiana hi Jesus ha ira. “oo,” nagbaton hira.	“have you understood all these things?” Jesus asked. “yes,” they replied.
kahuman ni Jesus pagsumat hini nga mga pananglitan, binmaya hiya hadto nga dapit,	when Jesus had finished these parables, he moved on from there.
diri ba naguukoy dinhe an iya kabugtoan nga kababayenan? diin man kuhaa niya ini ngatanan?”	arent all his sisters with us? where then did this man get all these things?”
waray hiya pagbuhat didto hin damo nga mga milagro kay waray man nira pagtoo.	and he did not do many miracles there because of their lack of faith.
hadto nga panahon nakabati hi herodes, nga hadi ha Galilea mahitungod kan Jesus.	at that time Herod the tetrarch heard the reports about Jesus,
ginsiniring hi herodes ni Juan nga parabunyag, “diri tugot nga pangasawon mo an asawa han imo bugto!”	for John had been saying to him: “it is not lawful for you to have her.”
karuyag ni herodes patayon hi Juan, kundi nahadlok hiya han mga judiyo, kay ginisip nira nga manaragna hi Juan.	Herod wanted to kill John, but he was afraid of the people, because they considered John a prophet.
sanglit nagsaad hiya ha iya: “nagsusumpa ako nga akon ihahatag ha imo an bisan ano nga imo pangaroon!”	that he promised with an oath to give her whatever she asked.
sanglit pinapugotan niya hi Juan didto ha bilanggoan.	and had John beheaded in the prison.
gindara an ulo nga sinalod ha plato ngan iginhatag ngadto han daragita, ngan gindara han daragita ngadto han iroy niya.	his head was brought in on a platter and given to the girl, who carried it to her mother.
“diri kinahanglan nga magkalakat hira,” binmaton hi Jesus. “hi kamo ngahaw in pagpakaon ha ira.”	Jesus replied, “they do not need to go away. you give them something to eat.”
nagbaton hira, “lilima la ka bugos an aton tinapay ngan duduha an isda.”	“we have here only five loaves of bread and two fish,” they answered.
nagsiring hi Jesus, “dada niyo ngadi.”	“bring them here to me,” he said.
nangaon an ngatanan ngan nagkabubusog. katapos, gintirok han mga tinunan an mga salin nga nakapuno hin dose ka alat.	they all ate and were satisfied, and the disciples picked up twelve basketfuls of broken pieces that were left over.
lima ka yukot nga kalalakenan an nangaon, labot han kababayenan ngan han kabataan.	the number of those who ate was about five thousand men, besides women and children.
ha may mga alas tres ngadto ha alas seis na han kaagahon kinmadto ha ira hi Jesus nga naglalakat ha bawbaw han tubig.	shortly before dawn Jesus went out to them, walking on the lake.
nagyakan dayon hi Jesus ha ira, “ayaw kamo kahadlok! ako Gad ini!”	but Jesus immediately said to them: “take courage! it is i. dont be afraid.”
niyan nagsiring hi Pedro, “Ginoo, kon tinuod nga ikaw, palakata man ako ha bawbaw han tubig ngada ha imo.”	“Lord, if its you,” Peter replied, “tell me to come to you on the water.”
sinmakay hira han sakayan ngan hinmugpoy an hangin.	and when they climbed into the boat, the wind died down.
nagsingba kan Jesus an mga tinunan nga nakada han sakayan ngan nagsiring hira, “matuod gud nga ikaw amo an anak han dyos!”	then those who were in the boat worshiped him, saying, “truly you are the son of God.”
tinmabok hira han lanaw ngan inmabot ha genesaret,	when they had crossed over, they landed at gennesaret.
niyan dinmaop kan Jesus in mga parisiyo ngan mga magturutdo han balaod nga tikang ha Jerusalem, ngan nagpakiana ha iya:	then some Pharisees and teachers of the law came to Jesus from Jerusalem and asked,
mga salingkapaw kamo! waray gud pagsayop an igintagna ni isaias mahitungod ha iyo!	you hypocrites! Isaiah was right when he prophesied about you:
‘gintatahod ako hini nga katawhan pinaagi han ira la mga pulong, nasiring an dyos, kundi hirayo ha akon an ira kasingkasing.	““ ‘these people honor me with their lips, but their hearts are far from me.
kawang la an pagsingba nira ha akon, kay nagtututdo hira hin mga hinimo la hin tawo nga mga turumanon sugad nga akon mga sugo!’”	they worship me in vain; their teachings are merely human rules.’ ””
niyan gintawag ni Jesus an mga tawo ngan ginsiring hira: “pamati, ngan sabota niyo!	Jesus called the crowd to him and said, “listen and understand.
diri an nasulod ha baba han tawo an nakakahugaw ha iya; an nagawas lugod ha baba an nakakahugaw ha iya.”	what goes into someones mouth does not defile them, but what comes out of their mouth, that is what defiles them.”
binmaton hi Jesus, “gagaboton an tagsa nga tanom nga waray igtanom han akon amay ha langit.	he replied, “every plant that my heavenly father has not planted will be pulled up by the roots.
nagsiring hi Pedro, “sumati daw kami han kahulogan hini nga pananglitan.”	Peter said, “explain the parable to us.”
nagsiring hi Jesus ha ira, “diri pa ngayan kamo labaw hin kamaaram kay han iba.	“are you still so dull?” Jesus asked them.
diri ba kamo nasabot? an bisan ano nga nasulod ha baba hin tawo napasingadto ha tiyan ngan katapos nagawas ha iya lawas?	“dont you see that whatever enters the mouth goes into the stomach and then out of the body?
kundi natikang ha kasingkasing an mga butang nga nagawas ha baba; amo ini nga mga butang an nakakahugaw han tawo.	but the things that come out of a persons mouth come from the heart, and these defile them.
binmaya hi Jesus hadto nga dapit ngan kinmadto ha katunaan hirani han mga syudad han tiro ug Sidon.	leaving that place, Jesus withdrew to the region of Tyre and Sidon.
niyan binmaton hi Jesus, “ginpadara ako ngadto la han mga nagkawawara nga karnero han katawhan han Israel!”	he answered, “i was sent only to the lost sheep of Israel.”
kundi hinmarani an babaye ngan hinmapa ha tiilan ni Jesus ngan nagsiring, “buligi Gad ako, Ginoo!”	the woman came and knelt before him. “Lord, help me!” she said.
nagbaton hi Jesus, “diri angay kuhaon an pagkaon han mga anak ngan ilabog ngadto han mga ayam.”	he replied, “it is not right to take the childrens bread and toss it to the dogs.”
binmaya hi Jesus hadto nga dapit ngan nagligid hiya han baybayon han lanaw ha Galilea.	Jesus left there and went along the sea of Galilee. then he went up on a mountainside and sat down.
pinapanlingkod ni Jesus ha tuna an mga tawo.	he told the crowd to sit down on the ground.
nangaon hira ngatanan ngan nagkabubusog. nakatirok pa an mga tinunan hin pito ka alat han mga salin.	they all ate and were satisfied. afterward the disciples picked up seven basketfuls of broken pieces that were left over.
upat ka yukot nga kalalakenan an nangaon, labot han kababayenan ngan han kabataan.	the number of those who ate was four thousand men, besides women and children.
niyan ginpaoli ni Jesus an mga tawo, sinmakay hiya han sakayan, ngan kinmadto han katunaan ha magadan.	after Jesus had sent the crowd away, he got into the boat and went to the vicinity of magadan.
han pagtabok han mga tinunan ngadto ha luyo han lanaw, nahingalimot hira pagdara hin tinapay.	when they went across the lake, the disciples forgot to take bread.
ginsiring hira ni Jesus, “pagbantay ngan paghirot kamo han patubo han mga parisiyo ngan mga sadusiyo.”	“be careful,” Jesus said to them. “be on your guard against the yeast of the Pharisees and Sadducees.”
naghiruhimangraw an mga tinunan, “nasiring hiya hini kay waray man kita magdara hin tinapay.”	they discussed this among themselves and said, “it is because we didnt bring any bread.”
ngan mahitungod han pito ka bugos nga tinapay para han upat ka yukot nga mga tawo, pira ka alat an napuno niyo han nanhisalin?	or the seven loaves for the four thousand, and how many basketfuls you gathered?
nagpakiana hi Jesus ha ira, “an ha iyo, hino man ako?”	“but what about you?” he asked. “who do you say i am?”
binmaton hi Simon Pedro, “ikaw amo an Mesiyas, an anak han dyos nga buhi.”	Simon Peter answered, “you are the Messiah, the son of the living God.”
niyan gintugon ni Jesus an iya mga tinunan nga diri magsumat bisan kan kanay nga hiya amo an Mesiyas.	then he ordered his disciples not to tell anyone that he was the Messiah.
niyan an tulo nga mga tinunan kinmita kanda Moises ug elias nga nakikighimangraw kan Jesus.	just then there appeared before them Moses and Elijah, talking with Jesus.
nagkahadlok gud an mga tinunan han pakabati nira han tingog, ngan hinmapa hira ha tuna.	when the disciples heard this, they fell facedown to the ground, terrified.
dinmaop hi Jesus ngan ginkaptan hira. nagsiring hiya, “buhat! ayaw kamo kahadlok!”	but Jesus came and touched them. “get up,” he said. “dont be afraid.”
han paghangad nira, waray na nira hinkitan labot kan Jesus.	when they looked up, they saw no one except Jesus.
nagpakiana kan Jesus an mga tinunan, “kay ano nga nasiring an mga magturutdo han balaod nga makanhi anay hi elias?”	the disciples asked him, “why then do the teachers of the law say that Elijah must come first?”
binmaton hi Jesus, “makanhi man ngani anay hi elias ngan aandamon niya an ngatanan.	Jesus replied, “to be sure, Elijah comes and will restore all things.
niyan, nakasabot an mga tinunan nga naghimangraw hiya ha ira mahitungod kan Juan nga parabunyag.	then the disciples understood that he was talking to them about John the baptist.
pagbalik nira ngadto han mga tawo, dinmaop kan Jesus in tawo, linmuhod ha iya atubangan,	when they came to the crowd, a man approached Jesus and knelt before him.
gindara ko na hiya ngadto han imo mga tinunan, kundi waray man hira makaupay ha iya.”	i brought him to your disciples, but they could not heal him.”
ginpaiwas ni Jesus an yawa ngan ginmawas ini, sanglit hito ngahaw nga takna naupay dayon an bata.	Jesus rebuked the demon, and it came out of the boy, and he was healed at that moment.
niyan dinmaop hin hilit kan Jesus an mga tinunan ngan nagpakiana ha iya, “kay ano nga waray man kami makapaiwas han yawa?”	then the disciples came to Jesus in private and asked, “why couldnt we drive it out?”
nga magpapatay ha iya; kundi mababanhaw hiya ha ikatulo ka adlaw.” nagmabidoon an mga tinunan.	they will kill him, and on the third day he will be raised to life.” and the disciples were filled with grief.
“an mga lumalangyaw,” binmaton hi Pedro. nagsiring hi Jesus, “kon sugad, diri kinahanglan magbayad an mga bungtohanon.	“from others,” Peter answered. “then the children are exempt,” Jesus said to him.
hadto nga takna kinmadto kan Jesus an mga tinunan ngan nagpakiana, “hino man an gidadakoi didto han ginhadian han langit?”	at that time the disciples came to Jesus and asked, “who, then, is the greatest in the kingdom of heaven?”
gintawag ni Jesus in usa nga bata ngan ginpatukdaw niya ha atubangan nira,	he called a little child to him, and placed the child among them.
ngan adton nakarawat hin sugad hini nga bata ha akon ngaran nakarawat man ha akon.	and whoever welcomes one such child in my name welcomes me.
ha amo gud nga pagkaagi, diri karuyag han amay niyo ha langit nga may mawara hini nga mga gudtiay nga kabataan.	in the same way your father in heaven is not willing that any of these little ones should perish.
kay kon may duha o tulo nga magkatirok hin pagampo ha akon ngaran, aadto ako upod ha ira.”	for where two or three gather in my name, there am i with them.”
binmaton hi Jesus, “diri la makapito, kundi makakapitoan kag pito.	Jesus answered, “i tell you, not seven times, but seventyseven times.
nagtikang pa la hiya pagtuhay, nga dadon ha iya in usa nga makalilisang kadako han iya utang.	as he began the settlement, a man who owed him ten thousand bags of gold was brought to him.
nalooy ha iya an agaron, sanglit ginpara na la an iya utang, ngan ginpalakat hiya.	the servants master took pity on him, canceled the debt and let him go.
kundi waray hiya pabaribad; iginpapriso lugod niya ngada han pakabayad han utang.	“but he refused. instead, he went off and had the man thrown into prison until he could pay the debt.
unta imo kinakalooyan an imo igkasisurugoon sugad nga nalooy ako ha imo.’	shouldnt you have had mercy on your fellow servant just as i had on you?’
sinmunod ha iya in kadaman nga mga tawo ngan didto gintambal niya hira.	large crowds followed him, and he healed them there.
sanglit diri na hira duduha kundi uusa nala. kinahanglan diri han tawo pagbulagon an ginusa han dyos.”	so they are no longer two, but one flesh. therefore what God has joined together, let no one separate.”
ginagbayan hira niya ngan linmakat hiya.	when he had placed his hands on them, he went on from there.
tahora an amay ug iroy nimo, ngan higugmaa an imo igkasi tawo sugad ha imo ngahaw.”	honor your father and mother,’ and ‘love your neighbor as yourself.’ ””
binmaton an batanon, “gintuman ko na ini ngatanan nga mga sugo, ano pa man an akon sadang buhaton?”	“all these i have kept,” the young man said. “what do i still lack?”
han pakabati hini han batanon, linmakat hiya nga mabidoon, kay riko hiya.	when the young man heard this, he went away sad, because he had great wealth.
han pakabati han iya mga tinunan, nahipausa hira. nagpakiana hira, “hino man ngayan in matatalwas?”	when the disciples heard this, they were greatly astonished and asked, “who then can be saved?”
kundi damo in mauorhe nga naguuna yana, ngan damo in mauuna nga nauorhe yana.	but many who are first will be last, and many who are last will be first.
sanglit ginsiring niya hira, ‘pagtrabaho man kamo ha akon urubasan, ngan tatagan ko kamo hin angay nga suhol.’	he told them, ‘you also go and work in my vineyard, and i will pay you whatever is right.’
ngan kinmadto hira. niyan ha pagkaalas dose, ngan liwat ha alas tres, amo gihapon an ginbuhat niya.	so they went. “he went out again about noon and about three in the afternoon and did the same thing.
gintagan hin tagusa ka salapi an mga tawo nga nagtrabaho ha alas singko na han kulop.	“the workers who were hired about five in the afternoon came and each received a denarius.
ginkarawat nira an ira suhol, ngan nagtikang hira hin pagngurutob kontra han tagiya han urubasan.	when they received it, they began to grumble against the landowner.
ngan gintapos ini ni Jesus hin pagsiring, “sanglit, mahiuuna adton mga orhe, ngan mauorhe adton mga nahiuna.”	“so the last will be first, and the first will be last.”
han pakabati hini han iba nga napulo nga mga tinunan, nagkasisina hira han duha nga magbugto.	when the ten heard about this, they were indignant with the two brothers.
ngan kon may usa ha iyo nga karuyag magin gilalabawi, kinahanglan magin oripon hiya niyo—	and whoever wants to be first must be your slave—
han nabaya na hi Jesus ug an iya mga tinunan han jerico, ginsunod hi Jesus hin damo nga mga tawo.	as Jesus and his disciples were leaving Jericho, a large crowd followed him.
hinmunong hi Jesus ngan gintawag hira. “ano an iyo karuyag nga buhaton ko ha iyo?” nagpakiana hiya.	Jesus stopped and called them. “what do you want me to do for you?” he asked.
binmaton hira, “Ginoo, karuyag namon nga makakita kami!”	“Lord,” they answered, “we want our sight.”
nalooy hi Jesus ha ira, ngan ginkamkam an ira mga mata. nakakita dayon hira, ngan sinmunod hira ha iya.	Jesus had compassion on them and touched their eyes. immediately they received their sight and followed him.
nahinabo ini basi matuman an iginsiring han manaragna:	this took place to fulfill what was spoken through the prophet:
sanglit linmakat an mga tinunan ngan gintuman nira an iginsugo ni Jesus ha ira.	the disciples went and did as Jesus had instructed them.
han pagsulod na ni Jesus han Jerusalem, narigumok an bugos nga syudad. nagpakiana an mga tawo, “hino man ini hiya?”	when Jesus entered Jerusalem, the whole city was stirred and asked, “who is this?”
binmaton an hugpo han mga tawo, “amo ini hi Jesus, an manaragna nga taganazaret, ha Galilea.”	the crowds answered, “this is Jesus, the prophet from Nazareth in Galilee.”
gindara ngada ha iya didto ha templo an mga buta ngan an mga lulid, ngan gintambal niya hira.	the blind and the lame came to him at the temple, and he healed them.
binayaan hira ni Jesus ngan ginmawas hiya han syudad ngadto ha betania, ngan didto magpalabay hiya han gabi hin pagpahuway.	and he left them and went out of the city to Bethany, where he spent the night.
han pagkaaga na, han pagbalik ni Jesus ngadto ha syudad, ginutom hiya.	early in the morning, as Jesus was on his way back to the city, he was hungry.
nakakita hini an mga tinunan ngan nahipausa hira. nagpakiana hira, “kay ano nga nalaya man dayon an igos?”	when the disciples saw this, they were amazed. “how did the fig tree wither so quickly?” they asked.
kon natoo kamo, kakarawaton niyo an bisan ano nga iyo pangaroon dida hin pagampo.”	if you believe, you will receive whatever you ask for in prayer.”
binmaton ini hiya, ‘diri ako magtratrabaho!’ kundi naliwat an iya hunahuna, ngan kinmadto hiya ha urubasan.	““ ‘i will not,’ he answered, but later he changed his mind and went.
pagabot na han panahon han panguha han mga ubas, ginsugo niya in iya mga oripon ngadto han mga saop hin pagkuha han iya bahin.	when the harvest time approached, he sent his servants to the tenants to collect his fruit.
kundi gindakop han mga saop an iya mga oripon; ginbalbag nira an usa, ginpatay an ikaduha ngan ginbato an iba.	“the tenants seized his servants; they beat one, killed another, and stoned a third.
nagsugo liwat an tawo hin iba pa nga mga oripon, labaw pa kadamo han syahan, kundi amo gihapon an ginbuhat ha ira han mga saop.	then he sent other servants to them, more than the first time, and the tenants treated them the same way.
sanglit gindakop nira an anak, iginlabog ha gawas han urubasan, ngan ginpatay nira.	so they took him and threw him out of the vineyard and killed him.
“niyan kon umabot na an tagiya han urubasan, ano man an iya bubuhaton han mga saop?” nagpakiana hi Jesus.	“therefore, when the owner of the vineyard comes, what will he do to those tenants?”
masasamad an mahulog ngada hini nga bato; ngan mapipisa an mahulogan hini nga bato.]”	anyone who falls on this stone will be broken to pieces; anyone on whom it falls will be crushed.”
sanglit nagtinguha hira hin pagdakop ha iya. kundi nahadlok hira han mga tawo nga nakilala kan Jesus nga usa hiya nga manaragna.	they looked for a way to arrest him, but they were afraid of the crowd because the people held that he was a prophet.
ginmamit gihapon hi Jesus hin mga pananglitan han iya pagyakan ha mga tawo.	Jesus spoke to them again in parables, saying:
“an ginhadian han langit sugad hin hadi nga nagandam hin kombite han pagkasal para han iya anak nga lalake.	“the kingdom of heaven is like a king who prepared a wedding banquet for his son.
samtang an iba nagdakop han mga surugoon, ginbalbag ngan pinanmatay nira.	the rest seized his servants, mistreated them and killed them.
yana kadto kamo ha mga kadalanan ngan dapita niyo ngadto han kombite an ngatanan nga mga tawo nga igkita niyo.’	so go to the street corners and invite to the banquet anyone you find.’
ngan gintapos ni Jesus hin pagsiring, “kay damo an mga gindapit kundi gutiay la an mga ginpili.”	“for many are invited, but few are chosen.”
linmakat an mga parisiyo ngan naghunahuna hira hin pagbitik kan Jesus pinaagi hin mga pakiana.	then the Pharisees went out and laid plans to trap him in his words.
pakitaa daw ako hin kwarta nga ibinabayad para hin buhis!” gindadan hiya nira hin kwarta nga salapi.	show me the coin used for paying the tax.” they brought him a denarius,
ngan nagpakiana hiya ha ira, “kanay bayhon ug ngaran inin aanhi?”	and he asked them, “whose image is this? and whose inscription?”
han pakabati nira hini, nanhipausa hira. binayaan nira hiya ngan nagkalakat hira.	when they heard this, they were amazed. so they left him and went away.
amo liwat ini an nahanabo han ikaduha nga bugto, han ikatulo, hasta ngadto han ikapito.	the same thing happened to the second and third brother, right on down to the seventh.
ha kataposan namatay man an babaye.	finally, the woman died.
niyan, ha adlaw han pagkabanhaw, kanay man hiya asawa, kay nangasawa man an ngatanan ha iya?”	now then, at the resurrection, whose wife will she be of the seven, since all of them were married to her?”
niyan, mahitungod han pagkabanhaw han mga minatay: waray ba niyo mabasa an ginsiring han dyos ha iyo? kay nagsiring hiya,	but about the resurrection of the deadhave you not read what God said to you,
han pakabati hini han mga tawo, nanhipausa hira han iya pagturonan.	when the crowds heard this, they were astonished at his teaching.
nagkausa nga hugpo an mga parisiyo han pakabati nira nga ginpahilom ni Jesus an mga sadusiyo.	hearing that Jesus had silenced the Sadducees, the Pharisees got together.
ngan in usa ha ira nga magturutdo han balaod karuyag magbitik kan Jesus pinaagi hin pakiana.	one of them, an expert in the law, tested him with this question:
nagpakiana hiya, “magturutdo, ano an gidadakoi nga sugo han balaod?”	“teacher, which is the greatest commandment in the law?”
amo ini an gidadakoi ngan labi ka importante nga sugo.	this is the first and greatest commandment.
sugad hini an ikaduha hin ka importante nga sugo: ‘kinahanglan higugmaon mo an igkasi tawo sugad han imo kalugaringon.’	and the second is like it: ‘love your neighbor as yourself.’
dida hini nga duha nga sugo nasandig an bugos nga balaod ni Moises ngan an mga pagturonan han mga manaragna.”	all the law and the prophets hang on these two commandments.”
han katirok na han mga parisiyo, nagpakiana hi Jesus ha ira:	while the Pharisees were gathered together, Jesus asked them,
nagpakiana hi Jesus, “kay ano man nga nagaghat an espiritu kan David pagtawag ha iya nga ‘Ginoo’? kay nagsiring hi David,	he said to them, “how is it then that David, speaking by the spirit, calls him ‘Lord’? for he says,
sanglit kon gintawag man hiya ni David nga ‘Ginoo’, uunanhon man nga tawgon an Mesiyas nga tulin ni David?”	if then David calls him ‘Lord,’ how can he be his son?”
niyan nagsiring hi Jesus ha mga tawo ngan ha iya mga tinunan,	then Jesus said to the crowds and to his disciples:
“an mga magturutdo han balaod ngan an mga parisiyo amo an tinagan hin gahom hin paghubad han balaod ni Moises.	“the teachers of the law and the Pharisees sit in Moses’ seat.
karuyag nira an gimauupayi nga mga lingkoran ha mga kombite ngan an linain nga mga lingkoran ha mga sinagoga;	they love the place of honor at banquets and the most important seats in the synagogues;
karuyag nira nga yumukbo ha ira an mga tawo didto ha mga taboan, ngan tawgon hira nga ‘magturutdo.’	they love to be greeted with respect in the marketplaces and to be called ‘rabbi’ by others.
diri kinahanglan tawgon kamo nga ‘magturutdo,’ kay magburugto la kamo ngatanan, ngan uusa la an iyo magturutdo.	“but you are not to be called ‘rabbi,’ for you have one teacher, and you are all brothers.
ayaw kamo pagpatawag nga ‘pangulo,’ kay an Mesiyas la an iyo pangulo.	nor are you to be called instructors, for you have one instructor, the Messiah.
kinahanglan mahimo nga iyo surugoon an gilalabawi ha iyo.	the greatest among you will be your servant.
adton magpahitaas han iya kalugaringon, pauubson; ngan adton magpapaubos, pagpapahitason.	for those who exalt themselves will be humbled, and those who humble themselves will be exalted.
mga buta ngan mga lurong! hain labaw ka importante, an bulawan, o an templo ba nga nagsasantos han bulawan?	you blind fools! which is greater: the gold, or the temple that makes the gold sacred?
pagkabuta gud niyo! hain in labaw ka importante, an halad, o an altar ba nga naguuray han halad?	you blind men! which is greater: the gift, or the altar that makes the gift sacred?
ngan kon nagsusumpa in tawo pinaagi han templo, nagsusumpa hiya pinaagi hito ngan pinaagi han dyos nga naguokoy dida han templo;	and anyone who swears by the temple swears by it and by the one who dwells in it.
buta nga mga magturugway! ginsasara niyo an langaw tikang han iyo irimnon kundi gintutulon niyo in kamelyo!	you blind guides! you strain out a gnat but swallow a camel.
mga buta nga parisiyo! linisi anay an sulod han tasa, ngan magmamalinis liwat an gawas!	blind pharisee! first clean the inside of the cup and dish, and then the outside also will be clean.
ha pagyakan niyo hini, inuuyonan niyo nga kamo mga tulin hadton nagpatay han mga manaragna.	so you testify against yourselves that you are the descendants of those who murdered the prophets.
sanglit padayona ngan taposa niyo an gintikangan han iyo mga kaapoyapoyan!	go ahead, then, and complete what your ancestors started!
mga halas, ngan mga anak hin mga halas! uunanhon niyo pakalikay han sirot han impyerno?	“you snakes! you brood of vipers! how will you escape being condemned to hell?
nasiring ako ha iyo: an sirot tungod hini ngatanan nga pamatay mahingangada han mga tawo hini yana nga panahon.	truly i tell you, all this will come on this generation.
yana babayaan an ngatanan han imo templo ngan waray masasalin.	look, your house is left to you desolate.
binmaton hi Jesus, “pagbantay kamo ngan ayaw kamo palimbong bisan kan kanay.	Jesus answered: “watch out that no one deceives you.
kay makanhi ha akon ngaran in damo nga mga tawo ngan masiring, ‘amo ako an Mesiyas!’ ngan malilimbongan in damo nga mga tawo.	for many will come in my name, claiming, ‘i am the Messiah,’ and will deceive many.
ini ngatanan sugad han syahan nga mga kasakit nga babation hin tipagaranak.	all these are the beginning of birth pains.
damo in mabaya han ira pagtoo hadto nga panahon; magpapalingolingo ngan magpapadumotdumot hira.	at that time many will turn away from the faith and will betray and hate each other,
niyan maabot in damo nga buwaon nga mga manaragna ngan damo an malilimbongan nira.	and many false prophets will appear and deceive many people.
tungod kay magsasarang an karatan, mahagkot an gugma han kadaman nga mga tawo.	because of the increase of wickedness, the love of most will grow cold,
kundi matatalwas an magpadayon tubtob ha kataposan.	but the one who stands firm to the end will be saved.
“niyan adton mga aadto ha Judea kinahanglan kumalagiw ngadto ha kabukiran.	then let those who are in Judea flee to the mountains.
kinahanglan diri na lumusad hin pagkuha han iya mga higamit ha sakob han iya balay an tawo nga aadto han atop han iya balay.	let no one on the housetop go down to take anything out of the house.
kinahanglan diri na umoli hin pagkuha han iya kurugpos an tawo nga aadto ha uma.	let no one in the field go back to get their cloak.
kamakalilisang hito nga mga adlaw para han mga burod ngan han mga iroy nga may minasusan!	how dreadful it will be in those days for pregnant women and nursing mothers!
pagampo kamo sa dyos nga diri unta ituman an iyo pagkalagiw ha panahon han kahagkot ngan kamauran o ha adlaw nga iparahuway!	pray that your flight will not take place in winter or on the sabbath.
“niyan kon may magsiring ha iyo, ‘kitaa, iini na an Mesiyas!’ o ‘aadto hiya didtoayaw kamo tuod ha iya.	at that time if anyone says to you, ‘look, here is the Messiah!’ or, ‘there he is!’ do not believe it.
tigamni niyo: daan ko na kamo ginpasidaanan hini.	see, i have told you ahead of time.
“kon hain an mga patay nga lawas, aadto man magtitirok an mga agila.	wherever there is a carcass, there the vultures will gather.
ha amo man nga pagkaagi, kon hikitan na niyo ini ngatanan, mahibabaro kamo nga hiraniay na hiya, aada na gud ha ganghaan.	even so, when you see all these things, you know that it is near, right at the door.
hinumdomi ini niyo: mahinanabo ini ngatanan nga diri pa mapatay an ngatanan nga mga tawo hini nga katulinan.	truly i tell you, this generation will certainly not pass away until all these things have happened.
magpapapas pa an langit ngan an tuna, kundi magpapabilin an akon mga pulong.	heaven and earth will pass away, but my words will never pass away.
an pagabot han anak han tawo masusugad han nahinabo han panahon ni noe.	as it was in the days of Noah, so it will be at the coming of the son of man.
hito nga panahon, duha ka tawo in magtratrabaho ha uma: kukuhaon an usa ngan ibibilin an ikaduha.	two men will be in the field; one will be taken and the other left.
duha nga babaye in maggigiling hin pagkaon: kukuhaon an usa ngan ibibilin an ikaduha.	two women will be grinding with a hand mill; one will be taken and the other left.
sanglit, pagbantay, kay diri kamo maaram kon sano nga adlaw an pagkanhi han iyo Ginoo.	“therefore keep watch, because you do not know on what day your Lord will come.
pagkamalipayon hito nga surugoon, kon ha pagoli han iya agaron, hiabotan hiya nga nagtutuman hini!	it will be good for that servant whose master finds him doing so when he returns.
susumatan ta kamo hin tinuod, itatapod han agaron ngada hini nga surugoon an ngatanan niya nga katigayonan.	truly i tell you, he will put him in charge of all his possessions.
kundi kon maraot hiya nga surugoon, masiring hiya ha iya ngahaw, ‘maiha pa umoli an akon agaron.’	but suppose that servant is wicked and says to himself, ‘my master is staying away a long time,’
ngan magtikang hiya pagtubal han iya mga igkasisurugoon, ngan magpapatakas hin pagkaon ngan paginom upod han mga parahubog.	and he then begins to beat his fellow servants and to eat and drink with drunkards.
niyan maoli an agaron hini nga surugoon ha adlaw nga waray niya pagpapaabota, ngan ha takna nga diri hiya maaram.	the master of that servant will come on a day when he does not expect him and at an hour he is not aware of.
mga waray buot an lima ha ira ngan mga mayada buot an lima.	five of them were foolish and five were wise.
nagdara an mga waray buot han ira mga suga kundi waray hira magbalon hin idurugang nga lana.	the foolish ones took their lamps but did not take any oil with them.
kundi nagdara an mga may buot hin mga surudlan nga puno hin lana upod han ira mga suga.	the wise ones, however, took oil in jars along with their lamps.
nalangan pagabot an karaslon nga lalake, sanglit pinamiraw ini nga mga daraga, ngan nanhingaturog.	the bridegroom was a long time in coming, and they all became drowsy and fell asleep.
“han katutnga na, may ginmoliat ‘aadi na an karaslon? pakadi na kamo ngan tapoa niyo hiya!’	“at midnight the cry rang out: ‘heres the bridegroom! come out to meet him!’
nagkamata an napulo nga kadaraganan ngan ginandam nira an ira mga suga.	“then all the virgins woke up and trimmed their lamps.
niyan sinmiring an mga waray buot ngadto han mga may buot, ‘tagi Gad kami han iyo lana kay nagtitikaparong na an amon mga suga.’	the foolish ones said to the wise, ‘give us some of your oil; our lamps are going out.’
“waray pagiha, inmabot an mga waray buot nga kadaraganan, ‘pasudla kami!’ ginmoliat hira.	“later the others also came. ‘Lord, Lord,’ they said, ‘open the door for us!’
kundi binmaton an karaslon, ‘nasiring ako ha iyo: diri gud ako nakilala ha iyo.’”	“but he replied, ‘truly i tell you, i dont know you.’
gintapos ni Jesus an pananglitan hin pagsiring, “sanglit pagbantay kamo, kay diri kamo maaram han adlaw o han takna.”	“therefore keep watch, because you do not know the day or the hour.
ha amo man nga paagi, nakadugang pa hin dos mil pesos an kinmarawat hin dos mil pesos.	so also, the one with two bags of gold gained two more.
kundi linmakat an surugoon nga kinmarawat hin mil pesos, nagbuho hiya ngan tagoon an kwarta han iya agaron.	but the man who had received one bag went off, dug a hole in the ground and hid his masters money.
“paghagos hin maiha nga panahon, inmoli an agaron hini nga mga surugoon ngan nakigtuhay ha ira.	“after a long time the master of those servants returned and settled accounts with them.
nahadlok ako, sanglit linmakat ako ngan gintago ko ha tuna an imo kwarta. kitaa, iini an kwarta. waray ito kaibani.’	so i was afraid and went out and hid your gold in the ground. see, here is what belongs to you.’
yana, kuhaa niyo an kwarta ha iya ngan ihatag ngadto han surugoon nga may napulo ka yukot ka pesos.	““ ‘so take the bag of gold from him and give it to the one who has ten bags.
ibubutang niya an mga karnero ha iya tuo, ngan an mga kanding ha iya wala.	he will put the sheep on his right and the goats on his left.
lubas ako, ngan iyo ako ginpanaptonan; nasakit ako, ngan iyo ako ginmangnoan; napriso ako, ngan iyo ako ginbisita.’	i needed clothes and you clothed me, i was sick and you looked after me, i was in prison and you came to visit me.’
kakano kami kita ha imo nga diri ka kinikilala ngan ginkarawat ka ngadto han amon mga panimalay o lubas ngan ginpanaptonan ka?	when did we see you a stranger and invite you in, or needing clothes and clothe you?
kakano kami kita ha imo nga masakit o priso, ngan ginbisita ka namon?’	when did we see you sick or in prison and go to visit you?’
kay ginutom ako, kundi waray ako niyo pakaona; inuhaw ako, kundi waray ako niyo paimna.	for i was hungry and you gave me nothing to eat, i was thirsty and you gave me nothing to drink,
sanglit ikakadto ini hira ha sirot nga waray kataposan; kundi mapakadto an mga magtadong ha dayon nga kinabuhi.”	“then they will go away to eternal punishment, but the righteous to eternal life.”
katapos ni Jesus pagtutdo hini ngatanan, nagsiring hiya ha iya mga tinunan,	when Jesus had finished saying all these things, he said to his disciples,
nagsarabot hira hin hilom la nga pagdakop kan Jesus, ngan pagpatay ha iya.	and they schemed to arrest Jesus secretly and kill him.
nagsiring hira, “kinahanglan diri ta buhaton ini ha panahon han pyesta, kay bangin magkasaramok an mga tawo.”	“but not during the festival,” they said, “or there may be a riot among the people.”
han nakadto hi Jesus ha betania didto han balay ni Simon nga sanlahon,	while Jesus was in Bethany in the home of Simon the leper,
hinkitan ini han mga tinunan ni Jesus, ngan nasina hira. “kay ano hin pagkaragi hini nga pahamot?” nagpakiana hira.	when the disciples saw this, they were indignant. “why this waste?” they asked.
“mababaligya unta hin mahal ini nga pahamot ngan an kwarta mahahatag ha mga kablas!”	“this perfume could have been sold at a high price and the money given to the poor.”
dayuday kaupod niyo an mga kablas, kundi diri ako dayuday kaupod niyo.	the poor you will always have with you, but you will not always have me.
iginbubo niya ha akon lawas ini nga pahamot para pagandam han paglubong ha akon.	when she poured this perfume on my body, she did it to prepare me for burial.
kinmadto han mga puno han kapadian in usa han dose nga mga tinunan, nga ginngangaranan kan Judas iscariote,	then one of the twelvethe one called Judas iscariotwent to the chief priests
tikang hadto nga takna naghingita na hi Judas hin maupay nga higayon hin paglingo kan Jesus.	from then on Judas watched for an opportunity to hand him over.
gintuman han mga tinunan an iginsugo ha ira ni Jesus, ngan ginandam an kanan paglabay nga pangaon.	so the disciples did as Jesus had directed them and prepared the passover.
han pagkagabi na, linmingkod hin pagkaon hi Jesus ngan an dose niya nga mga tinunan.	when evening came, Jesus was reclining at the table with the twelve.
samtang nangangaon hira, nagsiring hi Jesus, “susumatan ta kamo, usa ha iyo in maglilingo ha akon.”	and while they were eating, he said, “truly i tell you, one of you will betray me.”
duro an kabido han mga tinunan ngan an tagsatagsa nagpakiana ha iya, “ako ba, Ginoo?”	they were very sad and began to say to him one after the other, “surely you dont mean me, Lord?”
binmaton hi Jesus, “an madungan ha akon hin pagtunlob han iya tinapay ha plato, amo hiya an maglilingo ha akon.	Jesus replied, “the one who has dipped his hand into the bowl with me will betray me.
nagpakiana hi Judas, an malingo nga tawo, “magturutdo, ako ba an karuyag mo sidngon?” binmaton hi Jesus, “ginyakan mo ini.”	then Judas, the one who would betray him, said, “surely you dont mean me, rabbi?” Jesus answered, “you have said so.”
ngan kinuha niya an kupa, nagpasalamat sa dyos, ngan iginhatag ini ha ira upod an pagsiring, “inom kamo ngatanan hini.	then he took a cup, and when he had given thanks, he gave it to them, saying, “drink from it, all of you.
ngan nagkanta hira hin usa nga imno ngan nagpasingadto hira ha bukid han mga olibo.	when they had sung a hymn, they went out to the mount of olives.
kundi kon mabanhaw na ako, maguuna ako ha iyo ngadto ha Galilea.”	but after i have risen, i will go ahead of you into Galilee.”
nagsiring hi Pedro kan Jesus, “diri gud ako mabaya ha imo bisan pa kon bayaan ka han ngatanan!”	Peter replied, “even if all fall away on account of you, i never will.”
iginupod niya hira Pedro ngan an duha nga mga anak ni sebedeo. binmati hiya hin dako nga kasakit ngan kabido,	he took Peter and the two sons of zebedee along with him, and he began to be sorrowful and troubled.
binmalik liwat hiya ngan hinagian niya an mga tinunan nga nangangaturog kay piraw na gud hira hin duro.	when he came back, he again found them sleeping, because their eyes were heavy.
sanglit binayaan liwat hira ni Jesus, pinmaharayo hiya, ngan nagampo hin ikatulo, hin amo gihapon nga mga pulong.	so he left them and went away once more and prayed the third time, saying the same thing.
pagkabuhat kamo, pagkalakat na kita. kitaa, aanhi na an tawo nga maglilingo ha akon!”	rise! let us go! here comes my betrayer!”
han pagabot ni Judas, kinmadto dayon hiya kan Jesus ngan sinmiring, “magturutdo, an kalinaw maada ha imo,” ngan ginhadkan hiya.	going at once to Jesus, Judas said, “greetings, rabbi!” and kissed him.
kundi kon buhaton ini, ano man hin katuman han kasuratan nga nasiring nga kinahanglan ini mahinabo?”	but how then would the scriptures be fulfilled that say it must happen in this way?”
ano an iyo ighuhukom?” binmaton hira, “salaan hiya ngan kinahanglan mamatay.”	what do you think?” “he is worthy of death,” they answered.
kundi iginlirong niya ini ha atubangan nira ngatanan. “diri ako maaram han imo ginyayakan,” binmaton hiya,	but he denied it before them all. “i dont know what youre talking about,” he said.
kundi naglirong liwat hi Pedro ngan binmaton, “iginsusumpa ko nga diri ako nakilala hito nga tawo!”	he denied it again, with an oath: “i dont know the man!”
ginggapos nira hiya, gindara, ngan igintubyan kan pilato, an gobernador nga romano.	so they bound him, led him away and handed him over to Pilate the governor.
sanglit ginngaranan an uma nga “uma hin dugo” ngada yana nga adlaw.	that is why it has been called the field of blood to this day.
ngan ginamit nira hin pagpalit han uma han maghirimo hin daba, sumala han sugo ha akon han Ginoo.”	and they used them to buy the potters field, as the Lord commanded me.”
kundi waray hiya magbaton han mga sumbong han mga puno han kapadian ngan katigurangan.	when he was accused by the chief priests and the elders, he gave no answer.
sanglit nagsiring hi pilato ha iya, “diri ka ba nabati han ngatanan nga ira sumbong ha imo?”	then Pilate asked him, “dont you hear the testimony they are bringing against you?”
kundi waray gud hi Jesus magbaton bisan na man la usa ka pulong, sanglit duro gud an paghipausa han gobernador.	but Jesus made no reply, not even to a single chargeto the great amazement of the governor.
hadto nga panahon may kilala kaupay nga preso nga Jesus barabas an ngaran.	at that time they had a wellknown prisoner whose name was Jesus Barabbas.
nasayod hi pilato nga igintubyan nira hi Jesus ha iya tungod la hin kaawa.	for he knew it was out of selfinterest that they had handed Jesus over to him.
binmaton an ngatanan nga mga tawo, “kami ngan han amon mga anak an mabaton han kamatayon hini nga tawo!”	all the people answered, “his blood is on us and on our children!”
niyan ginbuhian ni pilato hi barabas, iginpalatob niya hi Jesus, ngan igintubyan hiya ha ira basi igraysang ha kros.	then he released Barabbas to them. but he had Jesus flogged, and handed him over to be crucified.
ginlubasan hiya han iya panapton ngan ginsulotan hiya hin hilawig nga pula nga bado.	they stripped him and put a scarlet robe on him,
ginludhan hiya ngan kinuha nira an sipak han iya kamot ngan ginbalbag an iya ulo.	they spit on him, and took the staff and struck him on the head again and again.
inmabot hira ha usa nga dapit nga ginngangaranan nga golgota, nga an kahulogan, “an dapit han klabera.”	they came to a place called golgotha (which means “the place of the skull”).
didto gintagan nira hi Jesus hin bino nga sinaktan hin apdo basi niya imnon. kundi han pakatilaw ni Jesus, waray hiya uminom.	there they offered Jesus wine to drink, mixed with gall; but after tasting it, he refused to drink it.
niyan iginraysang hiya nira ha kros ngan ginbahinbahin nira an iya mga panapton pinaagi hin ripa.	when they had crucified him, they divided up his clothes by casting lots.
pagkatapos, linmingkod hira ngan ginbantayan nira hiya.	and sitting down, they kept watch over him there.
iginpaskin nira ha igbaw han iya ulo an sinurat nga sumbong kontra ha iya: “amo ini hi Jesus, an hadi han mga judiyo.”	above his head they placed the written charge against him: this is Jesus, the king of the Jews ..
ngan iginraysang liwat nira ha kros in duha nga mga tulisan upod kan Jesus, an usa ha iya tuo ngan an usa ha iya wala.	two rebels were crucified with him, one on his right and one on his left.
an mga tawo nga nangangagi nagpilingpiling han ira ulo ngan nagyubit kan Jesus hin pagsiring,	those who passed by hurled insults at him, shaking their heads
bisan pa ngani an mga tulisan nga iginraysang upod ha iya nagbiaybiay ha iya.	in the same way the rebels who were crucified with him also heaped insults on him.
han pagkaudto, nagsirom an bugos nga tuna sulod hin tulo ka oras.	from noon until three in the afternoon darkness came over all the land.
nakabati ha iya an iba nga mga tawo nga nagkakatukdaw didto ngan nagsiring hira, “nagtatawag hiya kan elias!”	when some of those standing there heard this, they said, “hes calling Elijah.”
kundi nagsiring an iba, “hulat anay, kikitaon ta kon kumanhi manggud hi elias hin pagtalwas ha iya!”	the rest said, “now leave him alone. lets see if Elijah comes to save him.”
hin makusog nga tingog ginmuliat hi Jesus, ngan nabunosan hiya han iya kinabuhi.	and when Jesus had cried out again in a loud voice, he gave up his spirit.
nagkaabre an mga lubnganan, ngan damo nga mga patay na nga magtinuohon han dyos an nabanhaw.	and the tombs broke open. the bodies of many holy people who had died were raised to life.
damo in kababayenan nga nagkikinita tikang ha hirayo. nagsinunod ini hira kan Jesus tikang pa ha Galilea, ngan nagbulig ha iya.	many women were there, watching from a distance. they had followed Jesus from Galilee to care for his needs.
nakigkita hiya kan pilato ngan ginaro niya an lawas ni Jesus. nagsugo hi pilato nga ihatag an lawas kan Jose.	going to Pilate, he asked for Jesus’ body, and Pilate ordered that it be given to him.
sanglit gindara ni Jose an lawas ngan ginputos hin bago nga taklap nga lino.	Joseph took the body, wrapped it in a clean linen cloth,
nakadto hira Maria magdalena ngan an usa pa nga Maria, nalingkod ha atubangan han lubnganan.	Mary magdalene and the other Mary were sitting there opposite the tomb.
ngan nagsiring hi pilato ha ira, “kuha kamo hin magbarantay ngan pabantayi ha iya hin maupay an lubnganan.”	“take a guard,” Pilate answered. “go, make the tomb as secure as you know how.”
sugad hin kikidlat an iya dagway, ngan duro kamabusag an iya panapton.	his appearance was like lightning, and his clothes were white as snow.
duro an pangurog tungod hin kahadlok an mga bantay, ngan waray hira makakiwa, sugad hira hin mga patay.	the guards were so afraid of him that they shook and became like dead men.
waray hiya dinhe; nabanhaw hiya sugad han siring niya. kadi ngan kitaa niyo an dapit nga ginhigdaan niya.	he is not here; he has risen, just as he said. come and see the place where he lay.
ngan kon makabati hini an gobernador, kami na an labi nga maaram hin pagbaton ha iya ngan waray niyo sadang kabarakan.”	if this report gets to the governor, we will satisfy him and keep you out of trouble.”
kinmadto ha Galilea an onse nga mga tinunan, ha bukid nga ginpakadtoan ha ira ni Jesus.	then the eleven disciples went to Galilee, to the mountain where Jesus had told them to go.
han pakakita nira ha iya, ginsingba hiya nira, bisan kon mayada ha ira nagruhaduha.	when they saw him, they worshiped him; but some doubted.
hinmarani hi Jesus ngan ginsiring hira, “iginhatag ha akon an ngatanan nga gahom ha langit ngan ha tuna.	then Jesus came to them and said, “all authority in heaven and on earth has been given to me.
amo ini an maupay nga sumat mahitungod kan jesucristo nga anak han dyos.	the beginning of the good news about Jesus the Messiah, the son of God,
mayada usa nga naggiginoliat ha kamingawan, ‘andama an dalan para han Ginoo; ngan tadonga an iya aagian!’”	“a voice of one calling in the wilderness, ‘prepare the way for the Lord, make straight paths for him.’ ””
nagbubunyag ako ha iyo hin tubig, kundi magbubunyag hiya ha iyo han Espiritu Santo.” Santo.”	i baptize you with water, but he will baptize you with the Holy Spirit.” Spirit.”
waray pagiha, inmabot hi Jesus tikang ha Nazaret nga bungto ha Galilea, ngan ginbunyagan hiya ni Juan didto ha salog han Jordan.	at that time Jesus came from Nazareth in Galilee and was baptized by John in the Jordan.
hinbatian in tingog tikang ha langit nga nasiring, “ikaw an akon hinigugma nga anak. nalilipay gud ako ha imo.”	and a voice came from heaven: “you are my son, whom i love; with you i am well pleased.”
ha gilayon hi Jesus ginpakadto han espiritu ha kamingawan.	at once the spirit sent him out into the wilderness,
han kabilanggo ni Juan, kinmadto hi Jesus ha Galilea ngan nagwali hiya didto han maupay nga sumat tikang sa dyos.	after John was put in prison, Jesus went into Galilee, proclaiming the good news of God.
nagsiring hi Jesus ha ira, “bunyog kamo ha akon ngan tututdoan ta kamo hin pangisda hin mga tawo.”	“come, follow me,” Jesus said, “and i will send you out to fish for people.”
binayaan nira dayon an ira mga pukot ngan binmunyog hira kan Jesus.	at once they left their nets and followed him.
hito nga takna, sinmakob han sinagoga in tawo nga may maraot nga espiritu ngan ginmoliat,	just then a man in their synagogue who was possessed by an impure spirit cried out,
ginsaway ni Jesus an maraot nga espiritu, “ayaw hin aringasa. gawas dida hito nga tawo!”	“be quiet!” said Jesus sternly. “come out of him!”
binuntog an tawo, ginmoliat hin dako nga tingog, ngan ginmawas an maraot nga espiritu dida ha iya.	the impure spirit shook the man violently and came out of him with a shriek.
nahisangyaw dayon ha bisan diin nga dapit han katunaan ha Galilea ini nga hinabo nga ginbuhat ni Jesus.	news about him spread quickly over the whole region of Galilee.
nahigda an ugangan nga babaye ni Simon kay hinihirantan. pagabot ni Jesus, ginsumatan hiya mahitungod hini nga masakit.	simons motherinlaw was in bed with a fever, and they immediately told Jesus about her.
nagtirok an mga tawo ha atubangan han balay.	the whole town gathered at the door,
kundi ginmawas liwat han bungto hi Simon ngan an iya mga kaurupod hin pamiling kan Jesus.	Simon and his companions went to look for him,
paghiagii nira ha iya, ginsiring nira hiya, “an mga tawo nagpipinamiling ha imo.”	and when they found him, they exclaimed: “everyone is looking for you!”
sanglit nagsudoy hiya han bugos nga Galilea, nagwali hiya ha mga sinagoga ngan nagpagawas hiya hin mga yawa.	so he traveled throughout Galilee, preaching in their synagogues and driving out demons.
nalooy hi Jesus ha iya. gindunan hiya ni Jesus ngan sidngon, “karuyag ko. magmalinis ka!”	Jesus was indignant. he reached out his hand and touched the man. “i am willing,” he said. “be clean!”
nakuha dayon an sanla ngan naupay an tawo.	immediately the leprosy left him and he was cleansed.
ginpaoli hiya upod an hugot nga pagtugon ha iya,	Jesus sent him away at once with a strong warning:
paglabay hin pira ka adlaw, binmalik hi Jesus ha Capernaum ngan nahibantog nga inmoli na hiya.	a few days later, when Jesus again entered Capernaum, the people heard that he had come home.
gindara ngada ha iya in usa nga lulid nga ginpasag hin upat ka tawo.	some men came, bringing to him a paralyzed man, carried by four of them.
nakasabot hi Jesus han ira dako nga pagtoo, ngan ginsiring niya an lulid, “anak, ginpasaylo na an imo mga sala.”	when Jesus saw their faith, he said to the paralyzed man, “son, your sins are forgiven.”
mayada mga magturutdo han balaod nga nagkakalingkod didto nga nagsiring ha ira ngahaw,	now some teachers of the law were sitting there, thinking to themselves,
ipapakita ko ha iyo nga may gahom dinhe ha tuna an anak han tawo hin pagpasaylo han mga sala.” sanglit ginsiring niya an lulid,	but i want you to know that the son of man has authority on earth to forgive sins.” so he said to the man,
“nasiring ako ha imo, buhat, dada an imo higdaan ngan uli ha iyo balay!”	“i tell you, get up, take your mat and go home.”
binmalik hi Jesus ngadto ha baybayon han lanaw Galilea. dinmaop in mga tawo ha iya ngan nagtikang hiya hin pagtutdo ha ira.	once again Jesus went out beside the lake. a large crowd came to him, and he began to teach them.
kundi maabot an panahon nga mabaya ha ira an kinasal; ngan amo na an ira diri pagkaon.	but the time will come when the bridegroom will be taken from them, and on that day they will fast.
nagsiring an mga parisiyo kan Jesus, “diri tugot han aton balaod nga mangutos an imo mga tinunan ha adlaw nga iparahuway.”	the Pharisees said to him, “look, why are they doing what is unlawful on the sabbath?”
nagsiring hi Jesus, “ginhimo an adlaw nga iparahuway tungod han tawo; diri an tawo tungod han adlaw nga iparahuway.	then he said to them, “the sabbath was made for man, not man for the sabbath.
sanglit an anak han tawo Ginoo bisan han adlaw nga iparahuway.”	so the son of man is Lord even of the sabbath.”
binmalik hi Jesus ngadto ha sinagoga diin nakadto in tawo nga patay an kamot.	another time Jesus went into the synagogue, and a man with a shriveled hand was there.
ginsiring ni Jesus an tawo nga patay an kamot, “pakadi ha atubangan.”	Jesus said to the man with the shriveled hand, “stand up in front of everyone.”
damo an iya mga gintambal, sanglit nagpirit gud an mga magsakit nga makaduok kan Jesus, basi la makakamkam ha iya.	for he had healed many, so that those with diseases were pushing forward to touch him.
gintugon hin maupay ni Jesus an mga yawa nga diri magsumat kon hino hiya.	but he gave them strict orders not to tell others about him.
sinmagka hi Jesus hin pungtod ngan ginpadaop niya an mga kalalakenan nga kinaruyag niya. dinmaop hira	Jesus went up on a mountainside and called to him those he wanted, and they came to him.
ngan tatagan ko kamo hin gahom hin pagpaiwas hin mga yawa.”	and to have authority to drive out demons.
amo ini an dose nga ginpili niya: hi Simon (ginngaranan hiya ni Jesus nga Pedro);	these are the twelve he appointed: Simon (to whom he gave the name Peter),
ngan hi Judas iscariote nga naglingo kan Jesus.	and Judas iscariot, who betrayed him.
kon magkabahinbahin in usa nga nasod ngan magaruaraway hira, mapupukan ito nga nasod.	if a kingdom is divided against itself, that kingdom cannot stand.
kon makabahinbahin in usa nga panimalay ngan magaruaraway hira, mabubungkag ito nga panimalay.	if a house is divided against itself, that house cannot stand.
sanglit kon magkabahinbahin an ginhadian ni satanas, diri ito magiiha, kundi mabubungkag ngan mapupukan.	and if satan opposes himself and is divided, he cannot stand; his end has come.
ginyakan ini ni Jesus kay mayada nasiring nga mayada hiya maraot nga espiritu.)	he said this because they were saying, “he has an impure spirit.”
binmaton hi Jesus, “hino an akon iroy? hino an akon kabugtoan?”	“who are my mother and my brothers?” he asked.
akon kabugtoan ngan akon iroy an bisan hino nga nagtutuman han iginpapabuhat ha iya han dyos.”	whoever does gods will is my brother and sister and mother.”
damo an igintutdo niya pinaagi hin mga pananglitan. dida han iya pagtutdo nagsiring hiya ha ira:	he taught them many things by parables, and in his teaching said:
“pamati kamo! mayada tawo nga kinmadto han iya uma hin pagsabod.	“listen! a farmer went out to sow his seed.
han nagsasabod hiya, may mga binhe nga nagkataktak ha dalan ngan pinanuktok han mga tamsi.	as he was scattering the seed, some fell along the path, and the birds came and ate it up.
mayada nahulog ngada hin batoon nga tuna. tinmurok Gad an binhe kay mayada man manipis nga tuna.	some fell on rocky places, where it did not have much soil. it sprang up quickly, because the soil was shallow.
kundi han pagsirak han adlaw, nalaya an mga tanom kay waray makagamot hin maupay, ngan nagkauuga.	but when the sun came up, the plants were scorched, and they withered because they had no root.
ngan nagsiring hi Jesus, “kon hino ha iyo an may durunggan, mamati hin maupay!”	then Jesus said, “whoever has ears to hear, let them hear.”
an magsarabod nagsabod han mensahe han dyos.	the farmer sows the word.
an iba nga mga tawo sugad hin mga binhe nga ginsabod dida hin tunokon nga kabanwaan. nakakabati ini hira han mensahe,	still others, like seed sown among thorns, hear the word;
ipadadayag an natatago; bubuksan an natatahoban.	for whatever is hidden is meant to be disclosed, and whatever is concealed is meant to be brought out into the open.
kon hino an may mga durunggan, mamati hin maupay!”	if anyone has ears to hear, let them hear.”
tatagan pa adton mayada na; kukuhaan adton waray, bisan han gutiay nga aada ha iya.”	whoever has will be given more; whoever does not have, even what they have will be taken from them.”
nagpadayon hi Jesus hin pagsiring: “alidagid an ginhadian han dyos hin tawo nga nagsabod hin binhe ha iya uma.	he also said, “this is what the kingdom of God is like. a man scatters seed on the ground.
an tuna ngahaw an nakakapatubo ngan nakakapabunga: syahan, nananahon; niyan, namumukad; kahuman, namumunga.	all by itself the soil produces grainfirst the stalk, then the head, then the full kernel in the head.
kon hinog na an bunga, ginaani han tagiya, kay inmabot na an takna hin panguha.	as soon as the grain is ripe, he puts the sickle to it, because the harvest has come.”
han pagkagabi hito manta nga adlaw, nagsiring hi Jesus ha iya mga tinunan, “talabok kita ngadto ha luyo han lanaw.”	that day when evening came, he said to his disciples, “let us go over to the other side.”
nagsiring hi Jesus ha iya mga tinunan, “kay ano nga nahahadlok man kamo? waray la gihapon kamo pagtoo?”	he said to his disciples, “why are you so afraid? do you still have no faith?”
inmabot hira ha tabok han lanaw han Galilea, didto han tuna han mga tagagadara.	they went across the lake to the region of the gerasenes.
han paghawas gud la ni Jesus han sakayan, gintapo hiya hin tawo nga tikang ha mga lungib nga lubnganan.	when Jesus got out of the boat, a man with an impure spirit came from the tombs to meet him.
tayaw hiya han pakakita niya kan Jesus. sanglit dinmalagan hiya, hinmapa ha atubangan ni Jesus,	when he saw Jesus from a distance, he ran and fell on his knees in front of him.
ginyakan ini niya kay nagsiring hi Jesus ha iya: “maraot nga espiritu, gawas dida hini nga tawo!”)	for Jesus had said to him, “come out of this man, you impure spirit!”
sanglit ginpakianhan hiya ni Jesus, “hino an imo ngaran?” binmaton an tawo, “‘panon’ an akon ngaran, kay damo kami.”	then Jesus asked him, “what is your name?” “my name is legion,” he replied, “for we are many.”
waray hiya humunong pakimalooy kan Jesus nga diri pagawson an maraot nga mga espiritu dida hito nga tuna.	and he begged Jesus again and again not to send them out of the area.
mayada dako nga panon hin kababoyan nga naniningaon dida hin hirani nga pungtod.	a large herd of pigs was feeding on the nearby hillside.
naghangyo kan Jesus an magraot nga mga espiritu, “pasudla kami ngadto han kababoyan.”	the demons begged Jesus, “send us among the pigs; allow us to go into them.”
nagsumat han mga tawo adton nakakita kon ano an nahinabo han tawo nga sinangkayan hin yawa ngan han kababoyan.	those who had seen it told the people what had happened to the demonpossessed manand told about the pigs as well.
sanglit ginhangyo nira hi Jesus nga gumawas han ira tuna.	then the people began to plead with Jesus to leave their region.
han naisarakay na hi Jesus, nakimalooy an tawo nga iniwasan hin mga yawa, nga paupdon hiya.	as Jesus was getting into the boat, the man who had been demonpossessed begged to go with him.
ngan inmupod hi Jesus ha iya. damo liwat nga mga tawo an binmunyog kan Jesus ngan gindadaisog hiya han mga tawo.	so Jesus went with him. a large crowd followed and pressed around him.
mayada babaye nga makalilisang na an ginantos tungod hin duro nga pagdinugoi ha iya hin dose na ka tuig,	and a woman was there who had been subject to bleeding for twelve years.
nagsiring hiya ha iya ngahaw, “kon makakapot la ako bisan la han iya bado, mauupay gud ako.”	because she thought, “if i just touch his clothes, i will be healed.”
kinaptan niya an bado ni Jesus, ngan inmukoy dayon an pagdinugoi ha iya; inabat niya nga naupay hiya han iya sakit.	immediately her bleeding stopped and she felt in her body that she was freed from her suffering.
kundi ginosisa gud ni Jesus kon hino an kinapot han iya bado.	but Jesus kept looking around to see who had done it.
waray la makigbali hi Jesus han ira ginsumat, kundi ginsiring hi jairo, “ayaw kahadlok. too la.”	overhearing what they said, Jesus told him, “dont be afraid; just believe.”
ngan waray ginpaupod ni Jesus, labot kan Pedro ngan han magbugto, hira Santiago ug Juan.	he did not let anyone follow him except Peter, James and John the brother of James.
inmabot hira ha balay ni jairo diin hinkitan ni Jesus an kasamok ngan hinbatian niya an mga pagnguyngoy ngan pagtangis.	when they came to the home of the synagogue leader, Jesus saw a commotion, with people crying and wailing loudly.
binmaya hi Jesus hito nga dapit ngan inmoli ngadto han iya kalugaringon nga bungto ngan an iya mga tinunan sinmunod ha iya.	Jesus left there and went to his hometown, accompanied by his disciples.
pagsulot kamo hin sandalyas kundi ayaw pagdara hin liliwanan.”	wear sandals but not an extra shirt.
gintugon pa hira, “kon diin kamo nga balay karawata ngan pasaka pabilin kamo dida ngahaw tubtob han iyo pagbaya hito nga dapit.	whenever you enter a house, stay there until you leave that town.
sanglit nagkalakat ngan nagwali hira nga kinahanglan bumaya an mga tawo han ira mga sala.	they went out and preached that people should repent.
nagpaiwas hira hin damo nga mga yawa, ngan nagdihog hira hin lana ha damo nga mga magsakit, ngan ginupay nira hira.	they drove out many demons and anointed many sick people with oil and healed them.
han pakabati hini ni herodes, nagsiring hiya, “amo hiya hi Juan nga parabunyag! ginpapugotan ko na hiya, kundi nabuhi liwat!”	but when Herod heard this, he said, “John, whom i beheaded, has been raised from the dead!”
waray hunong hin pagsinaway ni Juan kan herodes, “diri matadong nga buhat an pagasawa mo han asawa han imo bugto!”	for John had been saying to Herod, “it is not lawful for you to have your brothers wife.”
sanglit nagdumot hi herodias kan Juan ngan karuyag niya patayon, kundi waray hiya makahimo tungod kan herodes.	so herodias nursed a grudge against John and wanted to kill him. but she was not able to,
nabido kaupay an hadi; kundi waray hiya makabaribad, kay nagsaad hiya ha atubangan han iya nga dinapit.	the king was greatly distressed, but because of his oaths and his dinner guests, he did not want to refuse her.
binmalik ngan nakigkita kan Jesus an mga apostoles ngan ginsumatan hiya nira han ngatanan nga ira ginbuhat ngan gintutdo.	the apostles gathered around Jesus and reported to him all they had done and taught.
sanglit sinmakay hira hin sakayan ngadto hin dapit nga mamingaw.	so they went away by themselves in a boat to a solitary place.
ginsugo ni Jesus an iya mga tinunan nga pagpurupundokon hira hin pagkalingkod dida han kabanwaan.	then Jesus directed them to have all the people sit down in groups on the green grass.
sanglit nagpurupundok an mga tawo hin tinag 100 ngan tinag 50.	so they sat down in groups of hundreds and fifties.
nanngaon an ngatanan ngan nagkabubusog.	they all ate and were satisfied,
kahuman, nakatirok pa an mga tinunan hin dose ka alat han nahisalin nga mga tinapay ngan isda.	and the disciples picked up twelve basketfuls of broken pieces of bread and fish.
lima ka yukot nga kalalakenan an nangaon han tinapay.	the number of the men who had eaten was five thousand.
kahuman niya manamilit han iya mga tinunan, kinmadto hiya hin usa nga pungtod basi hiya magampo.	after leaving them, he went up on a mountainside to pray.
han pagkagabi na, nakadto na an sakayan ha butnga han lanaw, samtang naguusaan la hi Jesus didto ha sagka.	later that night, the boat was in the middle of the lake, and he was alone on land.
kundi kinmita hira nga naglalakat hiya ha bawbaw han tubig. hunahuna nira nga murto adto, sanglit ginmoliat hira	but when they saw him walking on the lake, they thought he was a ghost. they cried out,
sinmakay hiya han sakayan upod ha ira ngan hinmugpoy dayon an hangin. duro an paghipausa han mga tinunan,	then he climbed into the boat with them, and the wind died down. they were completely amazed,
kay waray nira hisabti an kahulogan han pagpadamo han mga tinapay; makuri pa adto matugkad han ira mga hunahuna.	for they had not understood about the loaves; their hearts were hardened.
tinmabok hira han lanaw ngan inmabot hira ha genesaret diin iginhigot nira an ira sakayan.	when they had crossed over, they landed at gennesaret and anchored there.
han nabaya na hira han sakayan, kinmilala dayon kan Jesus an mga tawo.	as soon as they got out of the boat, people recognized Jesus.
nagalirong kan Jesus an mga parisiyo ngan in pira han mga magturutdo han balaod nga nagkaabot tikang ha Jerusalem.	the Pharisees and some of the teachers of the law who had come from Jerusalem gathered around Jesus
kawang la an ira pagsingba ha akon, kay gintututdo nira an kanan tawo kasugoanan nga daw sugad hin kanan dyos mga lagda!’	they worship me in vain; their teachings are merely human rules.’
“sinasalikway niyo an sugo han dyos ngan asay niyo gintutuman an mga pagturonan han mga tawo.”	you have let go of the commands of God and are holding on to human traditions.”
waray na niya labot pagbulig han amay o iroy niya.	then you no longer let them do anything for their father or mother.
gintawag ngahaw ni Jesus an kadaman ngada ha iya ngan ginsiring hira, “pamati kamo ngatanan ngan sabta niyo.	again Jesus called the crowd to him and said, “listen to me, everyone, and understand this.
ngan nagpadayon hiya pagsiring, “an naguwa tikang ha tawo amo an nakakapahugaw ha iya.	he went on: “what comes out of a person is what defiles them.
pakighilawas, kaipa han kanan iba butang, paglimbong, kamalaway, pangabugho, pakaraot, pagparayaw ngan tinuyaw nga buhat.	adultery, greed, malice, deceit, lewdness, envy, slander, arrogance and folly.
natikang ha sakob han tawo ini ngatanan ngan amo an nakakapahugaw ha iya.”	all these evils come from inside and defile a person.”
nagsiring hi Jesus ha iya, “tungod hini nga imo baton, makakaoli ka na. ginmawas na an yawa tikang han imo anak!”	then he told her, “for such a reply, you may go; the demon has left your daughter.”
inmoli an babaye ngan hinagian niya an iya anak nga nahigda ngan ginmawas na tikang ha iya an yawa.	she went home and found her child lying on the bed, and the demon gone.
hinmangad hi Jesus ha langit ngan nangaraba ngan ginsiring an tawo, ““ ephphatha” ,, karuyag sidngon, “mabuksan ka!”	he looked up to heaven and with a deep sigh said to him, “ephphatha!” (which means “be opened!” ).).
nakabati dayon an tawo, nawara na an iya kangula, ngan maupay na an iya pagyakan.	at this, the mans ears were opened, his tongue was loosened and he began to speak plainly.
“nalolooy ako hini nga mga tawo kay upod hira nakon sulod hin tulo na ka adlaw, ngan waray na nira pagkaon.	“i have compassion for these people; they have already been with me three days and have nothing to eat.
“pipira pa man an iyo tinapay?” nagpakiana hi Jesus ha ira. “pipito na la,” binmaton hira.	“how many loaves do you have?” Jesus asked. “seven,” they replied.
nangaon ngan nagkabubusog an ngatananmay mga upat ka yukot adto nga mga tawo.	the people ate and were satisfied. afterward the disciples picked up seven basketfuls of broken pieces that were left over.
gintirok han mga tinunan an mga nanhisalin, ngan nakapuno pa hira hin pito ka alat. pinapangoli ni Jesus an mga tawo,	about four thousand were present. after he had sent them away,
ngan sinmakay dayon hiya han sakayan upod an iya mga tinunan, ngan kinmadto hira han tuna han dalmanuta.	he got into the boat with his disciples and went to the region of dalmanutha.
binayaan niya hira, sinmakay hiya han sakayan, ngan tinmabok han lanaw.	then he left them, got back into the boat and crossed to the other side.
nanhingalimot an mga tinunan pagdara hin igo kadamo nga tinapay, ngan usa la ka bugos an ira balon ha sakayan.	the disciples had forgotten to bring bread, except for one loaf they had with them in the boat.
naghirohimangraw an mga tinunan ha ira la ngahaw: “nasiring hiya hini kay waray man kita dara nga tinapay.”	they discussed this with one another and said, “it is because we have no bread.”
“diri la kamo gihapon nakakasabot?” nagpakiana hiya ha ira.	he said to them, “do you still not understand?”
hinmangad an tawo ngan binmaton, “oo, nakita ako hin mga tawo, kundi sugad hira hin mga kahoy nga nagkakalakat.”	he looked up and said, “i see people; they look like trees walking around.”
ginpaoli hiya ni Jesus ngan ginsiring, “ayaw na pagbalik ngadto ha baryo.”	Jesus sent him home, saying, “dont even go into the village.”
“hi kamoano man an isisiring niyo? hino gud ako?” nagpakiana hi Jesus ha ira. binmaton hi Pedro, “ikaw an Mesiyas.”	“but what about you?” he asked. “who do you say i am?” Peter answered, “you are the Messiah.”
ngan nagsugo hi Jesus ha ira, “ayaw kamo pagsumat bisan kan kanay mahitungod ha akon.”	Jesus warned them not to tell anyone about him.
iginsumat niya ini hin waray lipodlipod ha ira. ibinulag anay ni Pedro hi Jesus ngan nakiglantugi ha iya.	he spoke plainly about this, and Peter took him aside and began to rebuke him.
waray gud sadang ikahatag hin tawo basi mabawi an iya kinabuhi.	or what can anyone give in exchange for their soul?
nagsilaw an iya panapton ngan nagmabusag hin duro. waray bisan hino dinhe ha tuna in makakapabusag hin sugad hini.	his clothes became dazzling white, whiter than anyone in the world could bleach them.
hinkitan han tulo nga mga tinunan nga nakikighimangraw kan Jesus hira elias ug Moises.	and there appeared before them Elijah and Moses, who were talking with Jesus.
tungod han kahadlok ni Pedro ngan han iba nga mga tinunan, waray hira sabot han iya iginyakan.	(he did not know what to say, they were so frightened.)
nanginano hira dayon, kundi waray nira hinkitan nga iba labot kan Jesus nga kaupod nira.	suddenly, when they looked around, they no longer saw anyone with them except Jesus.
nagpakiana hira kan Jesus, “kay ano nga nasiring an mga magturutdo han balaod nga kinahanglan kumanhi anay hi elias?”	and they asked him, “why do the teachers of the law say that Elijah must come first?”
dako an paghipausa han mga tawo han pakakita nira kan Jesus, ngan nagdadlagan hira hin pagsugat ha iya.	as soon as all the people saw Jesus, they were overwhelmed with wonder and ran to greet him.
nagpakiana hi Jesus han iya mga tinunan, “ano ba an iyo ginkalantugian ha ira?”	“what are you arguing with them about?” he asked.
“oo, kon ikaw ngahaw makakahimo!” nagsiring hi Jesus. “nahihimo an ngatanan hin tawo nga mayada pagtoo!”	““ ‘if you can’?” said Jesus. “everything is possible for one who believes.”
binmaton dayon an amay han bata, “natoo ako, kundi kulang pa an akon pagtoo. dugangi an akon pagtoo!”	immediately the boys father exclaimed, “i do believe; help me overcome my unbelief!”
kundi kinaptan ni Jesus an kamot han bata ngan ginbangon hiya, ngan tinmindog an bata.	but Jesus took him by the hand and lifted him to his feet, and he stood up.
binmaton hi Jesus, “makakapagawas kamo hin sugad nga espiritu pinaagi la hin pagampo, waray na iba.”	he replied, “this kind can come out only by prayer. ””
binmaya hira hadto nga dapit ngan naglatas ha Galilea. diri karuyag ni Jesus nga may mahibaro kon hain hiya,	they left that place and passed through Galilee. Jesus did not want anyone to know where they were,
waray hira makasabot hini nga igintutdo niya, kundi nahadlok hira hin pagpakiana ha iya.	but they did not understand what he meant and were afraid to ask him about it.
kundi waray hira magaringasa, kay ginkalantugian nira kon hino ha ira an gilalabawi.	but they kept quiet because on the way they had argued about who was the greatest.
kay naugop ha aton an diri nasupak ha aton.	for whoever is not against us is for us.
diri napatay an ira mga ulod didto, ngan diri napaparong an kalayo.	where ““ ‘the worms that eat them do not die, and the fire is not quenched.’
kay an tagsa ka tawo mahihinlo didto pinaagi hin kalayo, sugad nga an halad nahihinlo pinaagi han asin.	everyone will be salted with fire.
binmaton hi Jesus, “ano an sugo ni Moises ha iyo?”	“what did Moses command you?” he replied.
binmaton hira, “tinmugot hi Moises nga mabaya an lalake han iya asawa pinaagi hin pagsurat ha pagpasabot nga mabulag hiya.”	they said, “Moses permitted a man to write a certificate of divorce and send her away.”
nagsiring hi Jesus ha ira, “iginsurat ini nga sugo tungod ha iyo kay makuri man kamo pagtutdoan.	“it was because your hearts were hard that Moses wrote you this law,” Jesus replied.
kundi tikang ha tinikangan han paghimoa han kalibutan, daan na iginsiring, ‘naghimo ha ira an dyos nga lalake ngan babaye.	“but at the beginning of creation God ‘made them male and female.’
tungod hini mabaya an lalake han amay ug iroy niya ngan makikigtampo han iya asawa.	‘for this reason a man will leave his father and mother and be united to his wife,
ngan an duha mauusa na la.’ sanglit diri na hira duduha, kundi uusa na la.	and the two will become one flesh.’ so they are no longer two, but one flesh.
kinahanglan diri pagbulagon hin tawo an ginusa han dyos.”	therefore what God has joined together, let no one separate.”
han pagbalik nira ngadto han balay, nagpakiana an mga tinunan kan Jesus mahitungod hini nga mga butang.	when they were in the house again, the disciples asked Jesus about this.
ha amo man nga paagi, an babaye nga mabulag han iya bana ngan pumaasawa hin iba nga lalake, nakakasala hin panlibog liwat.”	and if she divorces her husband and marries another man, she commits adultery.”
may nagdara hin kabataan ngadto kan Jesus basi agbayan ini hira niya, kundi ginsaway han mga tinunan adto nga mga tawo.	people were bringing little children to Jesus for him to place his hands on them, but the disciples rebuked them.
ngan ginkugos ni Jesus an kabataan, ginagbayan niya, ngan ginbendisyonan niya hira.	and he took the children in his arms, placed his hands on them and blessed them.
nagpakiana hi Jesus, “kay ano nga tinatawag mo ako nga maupay? waray iba nga maupay kundi an dyos la.	“why do you call me good?” Jesus answered. “no one is goodexcept God alone.
binmaton an tawo, “magturutdo, gintuman ko ini ngatanan nga mga sugo tikang pa han akon kabata.”	“teacher,” he declared, “all these i have kept since i was a boy.”
nagmasulobon an nawong han tawo han pakabati niya hini, ngan linmakat hiya nga mabidoon, kay riko hiya hin duro.	at this the mans face fell. he went away sad, because he had great wealth.
masarusayon pa para hin kamelyo hin pagsuhot ha taranogan hin dagom kay hin riko hin pagsulod han ginhadian han dyos.”	it is easier for a camel to go through the eye of a needle than for someone who is rich to enter the kingdom of God.”
dinmugang hin paghipausa an mga tinunan, sanglit may hin pakiana ha ira, “hino man ngayan an matatalwas?”	the disciples were even more amazed, and said to each other, “who then can be saved?”
niyan nagyakan hi Pedro, “kitaa, ginbayaan namon an ngatanan, ngan sinmunod kami ha imo.”	then Peter spoke up, “we have left everything to follow you!”
kundi damo an mga nahiuna yana nga mauorhe, ngan damo an mga naorhe yana nga mauuna.”	but many who are first will be last, and the last first.”
pagbibiaybiayon hiya nira, pagluludan, paglalatobon ngan pagpapatayon, ngan mababanhaw hiya katapos hin tulo ka adlaw.”	who will mock him and spit on him, flog him and kill him. three days later he will rise.”
“ano an karuyag niyo nga buhaton ko ha iyo?” nagpakiana hi Jesus.	“what do you want me to do for you?” he asked.
han pakabati la hini han napulo nga mga tinunan, nagkasisina hira kanda Santiago ug Juan.	when the ten heard about this, they became indignant with James and John.
ngan kon mayada ha iyo karuyag magin syahan, kinahanglan magin oripon hiya han ngatanan.	and whoever wants to be first must be slave of all.
ilinabog niya an iya kurugpos, binmuhat hin tigda, ngan kinmadto kan Jesus.	throwing his cloak aside, he jumped to his feet and came to Jesus.
nagpakiana ha ira in mga tawo nga nagkakatukdaw didto, “kay ano nga ginhuhubaran niyo an nati?”	some people standing there asked, “what are you doing, untying that colt?”
ginbaton nira sumala han tugon ha ira ni Jesus, ngan gintugotan hira han mga tawo.	they answered as Jesus had told them to, and the people let them go.
bendisyonan han dyos an tiarabot nga ginhadian ni David nga aton amay! dayawon an dyos!”	“blessed is the coming kingdom of our father David!” “hosanna in the highest heaven!”
han pagkabuwas, samtang nabalik na hira tikang ha betania, ginutom hi Jesus.	the next day as they were leaving Bethany, Jesus was hungry.
ginsiring niya an kahoy, “waray na gud makakakaon han imo bunga!” ngan hinbatian ini han iya mga tinunan.	then he said to the tree, “may no one ever eat fruit from you again.” and his disciples heard him say it.
waray hiya tumugot nga sumulod ha ruwang han templo an hino man nga nagdadara hin bisan ano.	and would not allow anyone to carry merchandise through the temple courts.
han pagkagabi na, ginmawas han syudad hi Jesus ngan an iya mga tinunan.	when evening came, Jesus and his disciples went out of the city.
binmaton ha ira hi Jesus, “tigamni niyo ini: kon may pagtoo kamo han dyos,	“have faith in God,” Jesus answered.
sumati ako, diin man tikang an katungod ni Juan hin pagbunyag: sa dyos ba o ha mga tawo la?”	johns baptismwas it from heaven, or of human origin? tell me!”
kundi gindakop ngan ginbalbag han mga saop an oripon, ngan ginpaoli nga waray dara.	but they seized him, beat him and sent him away emptyhanded.
ngan nagsugo an tagiya hin lain nga oripon, kundi ginbalbag hiya ha ulo, ngan gipakaalohan pa han mga saop.	then he sent another servant to them; they struck this man on the head and treated him shamefully.
sanglit gindakop nira an anak, ginpatay, ngan ginlabog ha gawas han urubasan.	so they took him and killed him, and threw him out of the vineyard.
ginbuhat ini han Ginoo; pagkaorosahon gud hini nga buhat!’”	the Lord has done this, and it is marvelous in our eyes’ ?”?”
may mga sadusiyo nga dinmaop kan Jesus. (amo ini hira an nasiring nga waray pagkabanhaw.)	then the Sadducees, who say there is no resurrection, came to him with a question.
niyan, mayada hadto pito nga magburugto nga kalalakenan. nangasawa an gimamagurangi, kundi namatay hiya nga waray anak.	now there were seven brothers. the first one married and died without leaving any children.
karuyag sidngon hini nga amo hiya an dyos han mga buhi, diri han mga minatay. pagkasayop gud niyo!”	he is not the God of the dead, but of the living. you are badly mistaken!”
ngan nagbaton hi Jesus, “amo ini an gidadakoi han ngatanan: ‘pamati, Israel! an Ginoo nga aton dyos amo gud la hiya an Ginoo.	“the most important one,” answered Jesus, “is this: ‘hear, o Israel: the Lord our God, the Lord is one.
napili hira han syahan nga mga lingkoran ha mga sinagoga ngan han gimamaupayi nga mga dapit ha mga kombite;	and have the most important seats in the synagogues and the places of honor at banquets.
ngan inmabot in kablas nga balo nga babaye, ngan hinmulog hin duha ka sensilyo, nga bali usa la ka sintabo.	but a poor widow came and put in two very small copper coins, worth only a few cents.
nagtikang pagtutdo ha ira hi Jesus: “pagbantay kamo basi diri kamo mauwat hin tawo.	Jesus said to them: “watch out that no one deceives you.
kay maabot ha akon ngaran in damo nga mga tawo nga masiring; ‘ako amo an Mesiyas!’ ngan malilimbongan in damo nga mga tawo.	many will come in my name, claiming, ‘i am he,’ and will deceive many.
kinahanglan igsangyaw anay an maupay nga sumat ha ngatanan nga katawhan.	and the gospel must first be preached to all nations.
pagdudumtan kamo han ngatanan tungod ha akon, kundi matatalwas adton makaantos hini ngatanan tubtob ha kataposan.	everyone will hate you because of me, but the one who stands firm to the end will be saved.
diri na maglangan an aadto ha atop han iya balay hin paglusad ngan pagkuha pa hin bisan ano tikang ha sakob ha iya balay.	let no one on the housetop go down or enter the house to take anything out.
sugad man an aadto ha uma diri na gud umoli hin pagkuha han iya kurugpos.	let no one in the field go back to get their cloak.
kamakaharadlok hadto nga mga adlaw para han mga burod ngan han mga iroy nga may mga minasusan!	how dreadful it will be in those days for pregnant women and nursing mothers!
pagampo kamo sa dyos nga diri unta mahinabo ini nga mga butang ha panahon hin kathagkot!	pray that this will not take place in winter,
“kon may magsiring ha iyo, ‘kitaa, iini na an Mesiyas!’ o ‘tanawa, aadto hiya!’ ayaw gud kamo tuod ha iya.	at that time if anyone says to you, ‘look, here is the Messiah!’ or, ‘look, there he is!’ do not believe it.
daan ko kamo ginsusumatan hini; sanglit pagbantay gud kamo.	so be on your guard; i have told you everything ahead of time.
magkakataktak an kabitonan ha langit, ngan masimang han ira dalan an mga kagamhanan ha kalangitan.	the stars will fall from the sky, and the heavenly bodies will be shaken.’
ngan mapakita an anak han tawo tikang ha mga dampog, inupdan hin dako nga gahom ngan himaya.	“at that time people will see the son of man coming in clouds with great power and glory.
tigamni ini: mahinanabo ini nga mga butang nga diri pa mauubos hin pagkamatay an mga tawo nga buhi yana.	truly i tell you, this generation will certainly not pass away until all these things have happened.
magpapapas pa an langit ngan an tuna, kundi magpapabilin gud an akon mga pulong.	heaven and earth will pass away, but my words will never pass away.
pagbantay ngan pagikmat kamo kay diri kamo maaram kon sano ini mahinanabo.	be on guard! be alert !! you do not know when that time will come.
kon umabot hiya hin tigda, kinahanglan diri kamo hiabotan nga nangangaturog.	if he comes suddenly, do not let him find you sleeping.
sanglit kon ano an igsisiring ko ha iyo, igsisiring ko liwat ha ngatanan: pagbantay kamo!”	what i say to you, i say to everyone: ‘watch!’ ””
nagsiring hira, “kinahanglan diri ta ini buhaton ha panahon han pyesta kay bangin maribok an mga tawo.”	“but not during the festival,” they said, “or the people may riot.”
nasina an iba nga mga tawo nga nakadto, ngan may hin siring ha ira, “kay ano nga ginkaragan man an pahamot?	some of those present were saying indignantly to one another, “why this waste of perfume?
ngan kinmadto han mga puno han kapadian ni Judas iscariote, usa han dose nga mga tinunan, pagtubyan kan Jesus ha ira.	then Judas iscariot, one of the twelve, went to the chief priests to betray Jesus to them.
ngan ipakikita niya ha iyo in dako nga ruwang ha igbaw, nga inayad ngan hinusay na; andama didto an mga butang para ha aton.”	he will show you a large room upstairs, furnished and ready. make preparations for us there.”
han pagkagabi na, inmabot hi Jesus, upod an iya dose nga mga tinunan.	when evening came, Jesus arrived with the twelve.
nabido an mga tinunan ngan an tagsatagsa may hin pakiana ha iya, “ako ba?”	they were saddened, and one by one they said to him, “surely you dont mean me?”
ngan binmaton hi Jesus, “usa hiya ha iyo nga dose, an madungan ha akon hin pagtunlob han iya tinapay dida ha plato.	“it is one of the twelve,” he replied, “one who dips bread into the bowl with me.
ngan kinuha niya an irimnan, nagpasalamat hiya sa dyos, ihinatag ha ira, ngan nanginom hira ngatanan.	then he took a cup, and when he had given thanks, he gave it to them, and they all drank from it.
nagsiring hi Jesus, “amo ini an akon dugo ngan ginipis tungod han kadaman, an akon dugo nga nagpapadigon han ginsaaran han dyos.	“this is my blood of the covenant, which is poured out for many,” he said to them.
ngan nagkanta hira hin usa nga imno ngan napasingadto hira ha bukid han mga olibo.	when they had sung a hymn, they went out to the mount of olives.
kundi maguuna ako ha iyo ngadto ha Galilea kon mabanhaw na ako.”	but after i have risen, i will go ahead of you into Galilee.”
binmaton hi Pedro, “diri gud ako mabulag ha imo, bisan kon bumaya hira ngatanan ha imo.”	Peter declared, “even if all fall away, i will not.”
ngan nagsiring hiya ha ira, “haros ikamatay inin akon duro nga kabidoan. pabilin kamo dinhe ngan pagbantay.”	“my soul is overwhelmed with sorrow to the point of death,” he said to them. “stay here and keep watch.”
ngan kinmadto na liwat hiya pagampo hin amo gihapon nga mga pulong.	once more he went away and prayed the same thing.
buhat, tana kalakat kita; kitaa, iini na an maglilingo ha akon!”	rise! let us go! here comes my betrayer!”
han pagabot manggud ni Judas, dinmaop hiya dayon kan Jesus, ngan nagsiring, “magturutdo!” ngan hadkan niya.	going at once to Jesus, Judas said, “rabbi!” and kissed him.
sanglit gindakop ngan gintalo nira hi Jesus.	the men seized Jesus and arrested him.
nangalagiw an ngatanan nga mga tinunan, ngan binayaan nira hi Jesus.	then everyone deserted him and fled.
kundi binuliwan na la niya an iya kurugpos ngan pinmalagiw hiya nga lubas.	he fled naked, leaving his garment behind.
nagsumat hin mga buwa supak kan Jesus in damo nga mga saksi, kundi waray pagkauroyon an ira mga sumbong.	many testified falsely against him, but their statements did not agree.
ngan tinmindog in pira ka tawo ngan nagsumat hini nga buwa supak kan Jesus.	then some stood up and gave this false testimony against him:
kundi bisan ngani hira waray gihapon magkauroyon han ira mga sumat.	yet even then their testimony did not agree.
ngan gingisi han labaw nga padi an iya panapton ngan sinmiring, “diri na kita kinahanglan hin ano pa nga saksi!	the high priest tore his clothes. “why do we need any more witnesses?” he asked.
nakadto pa hi Pedro ha bungsaran han pagabot han usa han mga surugoon nga babaye han labaw nga padi.	while Peter was below in the courtyard, one of the servant girls of the high priest came by.
nagpakiana hi pilato ha iya, “amo ka ba an hadi han mga judiyo?” nagbaton hi Jesus, “imo ito ginyakan.”	“are you the king of the Jews?” asked Pilate. “you have said so,” Jesus replied.
nagpasaka hin damo nga mga sumbong an mga puno han kapadian.	the chief priests accused him of many things.
kundi waray gud magyakan hi Jesus; sanglit nahipausa hi pilato.	but Jesus still made no reply, and Pilate was amazed.
ha kada pyesta han paglabay nababatasan ni pilato hin pagbuhi hin priso nga ungaraon han mga tawo.	now it was the custom at the festival to release a prisoner whom the people requested.
nagpakiana hi pilato ha ira, “karuyag ba niyo nga buhian ko para ha iyo an hadi han mga judiyo?”	“do you want me to release to you the king of the Jews?” asked Pilate,
nasantop niya nga tungod la han ira kaawa, igintubyan hi Jesus ha iya han mga puno han kapadian.	knowing it was out of selfinterest that the chief priests had handed Jesus over to him.
kundi ginaghat han mga puno han kapadian an mga tawo nga asay nira pabuhian kan pilato hi barabas.	but the chief priests stirred up the crowd to have Pilate release Barabbas instead.
nanggogliat hira hin pagbaton, “igraysang hiya ha kros!”	“crucify him!” they shouted.
ngan nagtikang hira hin pagyuroyukbo ngan pagsiring ha iya: “mabuhi an hadi han mga judiyo!”	and they began to call out to him, “hail, king of the Jews!”
ginbalbag hiya ha ulo, gintuprahan hiya, ginluhodluhoran ngan ginyuroyukboan pa hiya nira.	again and again they struck him on the head with a staff and spit on him. falling on their knees, they paid homage to him.
gindara nira hi Jesus ngadto hin dapit nga golgota an ngaran, nga “an dapit han klabera” an kahulogan.	they brought Jesus to the place called golgotha (which means “the place of the skull”).
gintalinguha nira hin paghatag ha iya hin bino nga sinaktan hin mira, kundi waray uminom hi Jesus.	then they offered him wine mixed with myrrh, but he did not take it.
alas nuybe na han aga nga igraysang hiya ha kros.	it was nine in the morning when they crucified him.
iginpaskin an sumbong ha iya nga nasiring, “an hadi han mga judiyo.”	the written notice of the charge against him read: the king of the Jews ..
iginraysang liwat nira upod kan Jesus in duha nga mga tikasan, an usa ha iya tuo ngan an usa ha iya wala. [[	they crucified two rebels with him, one on his right and one on his left.
lusad na yana ha imo kros ngan talwasa an imo kalugaringon.”	come down from the cross and save yourself!”
han pagkaudto na nagsirom an bugos nga tuna sulod hin tulo ka oras.	at noon, darkness came over the whole land until three in the afternoon.
nakabati an iba nga nakada ha hirani ngan nagsiring, “pamati daw, nagtatawag hiya kan elias!”	when some of those standing near heard this, they said, “listen, hes calling Elijah.”
upod in dako nga goliat, namatay hi Jesus.	with a loud cry, Jesus breathed his last.
ngan napikas an biray han templo tikang ha igbaw ngadto ha ubos.	the curtain of the temple was torn in two from top to bottom.
pakabati niya han sumat han kapitan, itinugot ni pilato kan Jose hin pagkuha han lawas ni Jesus.	when he learned from the centurion that it was so, he gave the body to Joseph.
nagkikinita hira Maria magdalena ngan Maria nga iroy ni Jose, sanglit nasayod hira kon diin iglubong hi Jesus.	Mary magdalene and Mary the mother of Joseph saw where he was laid.
timprano pa gud han domingo, ha pagsidlit pa la han adlaw, napakadto hira ha lubnganan.	very early on the first day of the week, just after sunrise, they were on their way to the tomb
han dida pa hira ha dalan, may hin pakiana ha ira, “hino man in magwawaring para ha aton han bato nga sada ha lubnganan?”	and they asked each other, “who will roll the stone away from the entrance of the tomb?”
(kay dako hin duro adto nga bato.) han pagsiplat nira, ira nakita nga winaring na an bato.	but when they looked up, they saw that the stone, which was very large, had been rolled away.
ngan han pakabati nira han sumat niya nga buhi na hi Jesus ngan hinkitan niya hi Jesus, waray hira tumuod ha iya.	when they heard that Jesus was alive and that she had seen him, they did not believe it.
binmalik hira ngan nagsumat han iba, kundi waray hira tuora.	these returned and reported it to the rest; but they did not believe them either.
nagsiring hiya ha ira, “kadto kamo ha bugos nga kalibutan ngan igwali niyo an maupay nga sumat ha ngatanan nga katawhan.	he said to them, “go into all the world and preach the gospel to all creation.
matatalwas an bisan hino nga natoo ngan kabunyagan; kundi an diri natoo, paghuhukman.	whoever believes and is baptized will be saved, but whoever does not believe will be condemned.
katapos ni Jesus makighimangraw ha ira, ginbayaw hiya ngadto ha langit, ngan linmingkod ha tuo han dyos.	after the Lord Jesus had spoken to them, he was taken up into heaven and he sat at the right hand of God.
hahangyoon niyo hin pagbulig ha iyo in usa nga puno hin banay tikang han kada tribo.”	one man from each tribe, each of them the head of his family, is to help you.
sumala han iginsugo han Ginoo .. iginlista ni Moises an mga tawo didto ha kamingawan han Sinai.	as the Lord commanded Moses. and so he counted them in the desert of Sinai:
waray iglista upod han iba nga mga tribo an mga Levita	the ancestral tribe of the Levites, however, was not counted along with the others.
kay nagsiring an Ginoo kan Moises,	the Lord had said to Moses:
“kon magihap ka han kalalakenan nga angay magsondalo, ayaw igupod an tribo ni Levi.	“you must not count the tribe of Levi or include them in the census of the other Israelites.
sanglit ginbuhat han mga tawo han Israel an ngatanan nga iginsugo han Ginoo kan Moises.	the Israelites did all this just as the Lord commanded Moses.
iginhatag han Ginoo kanda Moises ug Aaron an masunod nga mga tugon.	the Lord said to Moses and Aaron:
waray iglista an mga Levita upod han iba nga mga israelita, sumala han iginsugo han Ginoo kan Moises.	the Levites, however, were not counted along with the other Israelites, as the Lord commanded Moses.
amo ini an panimalay nira Aaron ug Moises dida han panahon han paghimangraw han Ginoo kan Moises didto ha bukid Sinai.	this is the account of the family of Aaron and Moses at the time the Lord spoke to Moses at mount Sinai.
may upat nga mga anak nga kalalakenan ni Aaron: hira nadab nga suhag, abiu, eleazar, ug itamar.	the names of the sons of Aaron were nadab the firstborn and abihu, eleazar and ithamar.
nagsiring an Ginoo kan Moises,	the Lord said to Moses,
“dada ha atubangan an tribo ni Levi ngan tudloka hira nga mga surugoon ni Aaron nga padi.	“bring the tribe of Levi and present them to Aaron the priest to assist him.
an katungdanan la han mga Levita amo an pagalagad kan Aaron ngan han iya mga anak nga kalalakenan.	give the Levites to Aaron and his sons; they are the Israelites who are to be given wholly to him.
nagsiring an Ginoo kan Moises,	the Lord also said to Moses,
didto ha kamingawan han Sinai ginsugo han Ginoo hi Moises	the Lord said to Moses in the desert of Sinai,
ngan ginbuhat ini ni Moises.	so Moses counted them, as he was commanded by the word of the Lord ..
an mga panimalay nira libni ug simei amo an mga sakop han banay ni gerson.	to gershon belonged the clans of the libnites and shimeites; these were the gershonite clans.
pinapagkampo ini nga banay didto ha katundan, ha luyo han tulda,	the gershonite clans were to camp on the west, behind the tabernacle.
nga hi eliasaf nga anak ni lael amo an puno han hugpo.	the leader of the families of the gershonites was eliasaph son of lael.
pinapagkampo ini nga banay didto ha timogan han tulda,	the kohathite clans were to camp on the south side of the tabernacle.
nga hi elisafan nga anak ni uziel amo an puno han hugpo.	the leader of the families of the kohathite clans was elizaphan son of uzziel.
an mga panimalay nira mahli ug musi amo an mga sakop han banay ni merari.	to merari belonged the clans of the mahlites and the mushites; these were the merarite clans.
an kadamo han iginlista nga kalalakenan nga usa ka bulan o labaw an panuigon kapin hin 6200.	the number of all the males a month old or more who were counted was 6200.
may katungdanan liwat hira han mga harigi, mga tungtongan, mga usok, ngan mga pisi para han bungsaran ha gawas.	as well as the posts of the surrounding courtyard with their bases, tent pegs and ropes.
sinmugot hi Moises ngan iginlista niya an ngatanan nga suhag nga kalalakenan	so Moses counted all the firstborn of the Israelites, as the Lord commanded him.
nagsiring kan Moises an Ginoo ,,	the Lord also said to Moses,
ngan ihatag ini nga kwarta ngadto kan Aaron ngan han iya mga anak nga kalalakenan.”	give the money for the redemption of the additional Israelites to Aaron and his sons.”
sinmugot hi Moises ngan kinuha niya	so Moses collected the redemption money from those who exceeded the number redeemed by the Levites.
ginsiring han Ginoo hira Moises ug Aaron	the Lord said to Moses and Aaron:
nasasakop han ira pagalagad an labi ka baraan nga mga butang.	“this is the work of the kohathites at the tent of meeting: the care of the most holy things.
kukuhaon nira an agiw tikang han altar ngan tatahoban ini hin dugnit nga mapulapula.	“they are to remove the ashes from the bronze altar and spread a purple cloth over it.
nagsiring an Ginoo kanda Moises ug Aaron,	the Lord said to Moses and Aaron,
ginsiring han Ginoo hi Moises	the Lord said to Moses,
katungdanan nira an pagdara han masunod nga mga butang:	“this is the service of the gershonite clans in their carrying and their other work:
nagsiring kan Moises an Ginoo ,,	the Lord said to Moses,
iginhatag han Ginoo kan Moises	the Lord said to Moses,
hihiposon han tagsa nga padi an mga halad nga ihinahatag ha iya.	sacred things belong to their owners, but what they give to the priest will belong to the priest.’ ””
ginsugo han Ginoo hi Moises	then the Lord said to Moses,
pakakadaon han padi ha iya atubangan an babaye ngan patitindogon hiya ha atubangan han altar.	““ ‘the priest shall bring her and have her stand before the Lord ..
niyan igsusurat han padi ini nga maldesyon ngan paparaon an sinurat pinaagi hin paghulos hini han tubig nga mapait.	““ ‘the priest is to write these curses on a scroll and then wash them off into the bitter water.
matatalwas hin sala an bana, kundi kon salaan an babaye kinahanglan magantos hiya han mga bunga han iya pagtalapas.	the husband will be innocent of any wrongdoing, but the woman will bear the consequences of her sin.’ ””
ginsugo han Ginoo hi Moises,	the Lord said to Moses,
samtang nazarita pa hiya, iginhalad hiya ngadto han Ginoo ..	throughout the period of their dedication, they are consecrated to the Lord ..
ginsugo han Ginoo hi Moises	the Lord said to Moses,
bendisyonan ngan mangnoan unta kamo han Ginoo ;;	““ ‘‘ “the Lord bless you and keep you;
magmaloloyon ngan magmahigugmaon unta ha iyo an Ginoo ;;	the Lord make his face shine on you and be gracious to you;
magmaloloyon unta ha iyo an Ginoo ngan ihatag unta ha iyo an kamurayaw.	the Lord turn his face toward you and give you peace.” ’’
nagsiring an Ginoo kan Moises,	the Lord said to Moses,
sanglit iginhatag ni Moises an mga karomata ngan an mga baka ngadto han mga Levita.	so Moses took the carts and oxen and gave them to the Levites.
iginhatag niya in duha nga karomata ngan upat nga mga baka ngadto han mga anak ni gerson,	he gave two carts and four oxen to the gershonites, as their work required,
nagsiring kan Moises an Ginoo ,,	the Lord said to Moses,
nagsiring kan Moises an Ginoo ,,	the Lord said to Moses:
“laina an mga Levita tikang han iba nga mga tawo han Israel ngan linisi hira	“take the Levites from among all the Israelites and make them ceremonially clean.
niyan pagtiroka an bugos nga bungto han Israel ngan patindoga an mga Levita ha atubangan han akon tulda.	bring the Levites to the front of the tent of meeting and assemble the whole israelite community.
laina an mga Levita hin sugad hini nga paagi tikang han iba nga mga israelita, basi maakon na hira.	in this way you are to set the Levites apart from the other Israelites, and the Levites will be mine.
kinukuha ko na yana an mga Levita nga liwan han ngatanan nga mga suhag han mga israelita,	and i have taken the Levites in place of all the firstborn sons in Israel.
nagsiring kan Moises an Ginoo ,,	the Lord said to Moses,
ngan ha panuigon nga 50 maukoy na hiya hin pagalagad didto han tulda.	but at the age of fifty, they must retire from their regular service and work no longer.
sanglit ginsiring ni Moises an mga tawo nga pagsaurogon an paglabay,	so Moses told the Israelites to celebrate the passover,
binmaton hi Moises, “hulat kamo tubtob han pakakarawat ko hin mga tugon tikang han Ginoo .”.”	Moses answered them, “wait until i find out what the Lord commands concerning you.”
ginsiring han Ginoo hi Moises	then the Lord said to Moses,
nagsiring kan Moises an Ginoo ,,	the Lord said to Moses:
kon malanoy an pagpatunog han duha nga mga trompeta, magaalirong ha imo an bugos nga bungto dida han agian han akon tulda.	when both are sounded, the whole community is to assemble before you at the entrance to the tent of meeting.
kundi kon usa la nga trompeta an patunggon, magaalirong ha imo an mga pangulo la han mga banay.	if only one is sounded, the leadersthe heads of the clans of israelare to assemble before you.
kon haliputay la an tunog an hibatian malakat hin pagbalhin an mga tribo nga nagkampo ha sinirangan.	when a trumpet blast is sounded, the tribes camping on the east are to set out.
ngan an hilawig nga mga tunog para hin pagtirok han bungto.	to gather the assembly, blow the trumpets, but not with the signal for setting out.
nagtikang hira hin pagkalakat sumala han sugo han Ginoo ,, pinaagi kan Moises,	they set out, this first time, at the Lord ’s command through Moses.
pinangulohan ni natanael nga anak ni zuar an tribo ni isacar,	nethanel son of zuar was over the division of the tribe of Issachar,
ngan pinangulohan ni eliab nga anak ni helon an tribo ni zabulon.	and eliab son of helon was over the division of the tribe of Zebulun.
pinangulohan ni selumiel nga anak ni zurisadai an tribo ni Simeon,	shelumiel son of zurishaddai was over the division of the tribe of Simeon,
ngan pinangulohan ni eliasaf nga anak ni deuel an tribo ni Gad.	and eliasaph son of deuel was over the division of the tribe of Gad.
pinangulohan ni gamaliel nga anak ni pedasur an tribo ni manases,	gamaliel son of pedahzur was over the division of the tribe of manasseh,
ngan pinangulohan ni abidan nga anak ni gideoni an tribo ni Benjamin.	and abidan son of gideoni was over the division of the tribe of Benjamin.
pinangulohan ni pagiel nga anak ni ocran an tribo ni aser,	pagiel son of okran was over the division of the tribe of Asher,
ngan hi ahira, anak ni enan, amo an nangungulo han banay ni neftali.	and ahira son of enan was over the division of the tribe of Naphtali.
binmaton hi hobab, “diri ako. mabalik ako ngadto han akon tuna nga natawhan.”	he answered, “no, i will not go; i am going back to my own land and my own people.”
kon umupod ka ha amon, pagbabahinan ka namon han ngatanan nga mga kaupayan nga ihinahatag ha amon han Ginoo .”.”	if you come with us, we will share with you whatever good things the Lord gives us.”
ha pagbabalhin nira han tagsa nira nga kampo, napaigbaw ha ira kon adlaw an dampog han Ginoo ..	the cloud of the Lord was over them by day when they set out from the camp.
ngan ha kada paguokoy han kahon, nasiring hiya, “balik, o Ginoo ,, nganhi hini nga yinukot nga mga panimalay han Israel.”	whenever it came to rest, he said, “return, Lord ,, to the countless thousands of Israel.”
nagtawag an mga tawo kan Moises hin pakibulig; nagampo hi Moises ngadto han Ginoo ngan naparong an kalayo.	when the people cried out to Moses, he prayed to the Lord and the fire died down.
sanglit ginngaranan nga tabera an dapit kay didto naglarab dida ha ira an kalayo han Ginoo ..	so that place was called taberah, because fire from the Lord had burned among them.
kundi yana maluya na kita. waray na sadang makaonwaray na gud, labot hini nga mana nga masumo na!” ((	but now we have lost our appetite; we never see anything but this manna!”
an mana sugad hin gudtiay nga mga liso nga baga labsag an kamadulaw.	the manna was like coriander seed and looked like resin.
diri ako makakabaton ha akon kalugaringon hini ngatanan nga mga tawo; mabugat ini hin duro para ha akon!	i cannot carry all these people by myself; the burden is too heavy for me.
kakaonon ini niyo diri la hin usa ka adlaw, o lima, o napulo, o bisan pa 20 ka adlaw,	you will not eat it for just one day, or two days, or five, ten or twenty days,
dinmalagan in usa nga batanon nga lalake hin pagsumat kan Moises han ginbubuhat nira eldad ug medad.	a young man ran and told Moses, “eldad and medad are prophesying in the camp.”
niyan binmalik ngadto han kampo hira Moises ngan an 70 nga mga pangulo han Israel.	then Moses and the elders of Israel returned to the camp.
tikang didto nagbalhin han kampo an mga tawo ngadto ha hazerot.	from kibroth hattaavah the people traveled to hazeroth and stayed there.
mapinaubsanon nga tawo hi Moises, labaw pa kamapinaubsanon kay hin bisan hino dinhe ha tuna.)	(now Moses was a very humble man, more humble than anyone else on the face of the earth.)
iba ini kon naghihimangraw ako kan Moises nga akon surugoon; igintapod ko ha iya an ngatanan ko nga mga tawo nga israelita.	but this is not true of my servant Moses; he is faithful in all my house.
nasina ha ira an Ginoo ;; sanglit han pagbulag na han Ginoo ,,	the anger of the Lord burned against them, and he left them.
sanglit nagtawag hi Moises han Ginoo ,, “o dyos, tambala Gad hiya!”	so Moses cried out to the Lord ,, “please, God, heal her!”
niyan binmaya hira han hazerot ngan nagkampo hira didto han kamingawan han paran.	after that, the people left hazeroth and encamped in the desert of paran.
nagsiring kan Moises an Ginoo ,,	the Lord said to Moses,
panginanoa niyo kon ano ini nga tuna, kon damo ba an mga tawo nga naguokoy didto, ngan kon matiunano hin kamagkusog hira.	see what the land is like and whether the people who live there are strong or weak, few or many.
ginngaranan adto nga dapit nga kahamuban han escol tungod han urapong hin mga ubas nga ginutod didto han mga israelita.)	that place was called the valley of eshkol because of the cluster of grapes the Israelites cut off there.
katapos nira pagusisaha han tuna sulod hin kwarenta ka adlaw, binmalik an mga espiya	at the end of forty days they returned from exploring the land.
ha bugos nga gabi nagtinangis an mga tawo ha dako nga tingog tungod han ira kakurian.	that night all the members of the community raised their voices and wept aloud.
sanglit may hinsiring ha ira, “pagpili kita hin usa nga pangulo ngan balik kita ngadto ha Ehipto!”	and they said to each other, “we should choose a leader and go back to Egypt.”
niyan hinmapa ha tuna hira Moises ug Aaron ha atubangan han ngatanan nga mga tawo.	then Moses and Aaron fell facedown in front of the whole israelite assembly gathered there.
sanglit yana, nagaampo ako, o Ginoo ,, nga igpakita mo ha amon an imo gahom ngan buhaton mo an imo iginsaad han imo pagsiring,	“now may the lords strength be displayed, just as you have declared:
binmaton an Ginoo ,, “pasasayloon ko hira sumala han imo pinangaro.	the Lord replied, “i have forgiven them, as you asked.
kundi nagsasaad ako nga sugad nga buhi ako ngan sugad nga nakakaluob han tuna an akon himaya,	nevertheless, as surely as i live and as surely as the glory of the Lord fills the whole earth,
nagsiring an Ginoo kanda Moises ug Aaron,	the Lord said to Moses and Aaron:
magkakamatay kamo dinhe hini nga kamingawan.	but as for you, your bodies will fall in this wilderness.
han pagsumati ni Moises han mga israelita han iginsiring han Ginoo ,, nagmabidoon gud hira.	when Moses reported this to all the Israelites, they mourned bitterly.
kundi nagsiring hi Moises, “niyan kay ano man nga nasupak kamo yana han Ginoo ?? diri kamo makakadaog!	but Moses said, “why are you disobeying the Lord ’s command? this will not succeed!
ayaw kamo pagkadto. diri upod niyo an Ginoo ngan pipirdehon kamo han iyo mga kaaway.	do not go up, because the Lord is not with you. you will be defeated by your enemies,
iginhatag han Ginoo kan Moises	the Lord said to Moses,
an masunod nga mga turumanon para han mga tawo han Israel, nga pagtutumanon nira didto han tuna nga iya ighahatag ha ira.	“speak to the Israelites and say to them: ‘after you enter the land i am giving you as a home
usa ini nga halad nga pagkaon, ngan updan ini hin 1 12 ka litro nga bino. nakakalipay han Ginoo an alimyon hini nga mga halad.	and a third of a hin of wine as a drink offering. offer it as an aroma pleasing to the Lord ..
kon sobra hin usa nga hayop an ighahalad, dudugangan hin angay nga kadamo an upod nga halad nga pagkaon.	do this for each one, for as many as you prepare.
para ha iyo ngan ha ira man an amo ngahaw nga mga balaod ngan mga lagda.	the same laws and regulations will apply both to you and to the foreigner residing among you.’ ””
iginhatag han Ginoo kan Moises	the Lord said to Moses,
an masunod nga mga turumanon para han mga tawo han Israel nga pagtutumanon nira didto han tuna nga iya ihahatag ha ira.	“speak to the Israelites and say to them: ‘when you enter the land to which i am taking you
kundi pananglit may tawo nga mangalimot hin pagtuman hin pipira hini nga mga turumanon nga iginhatag han Ginoo kan Moises;	““ ‘now if you as a community unintentionally fail to keep any of these commands the Lord gave Moses—
ngan ginpabantayan la anay hiya kay diri pa man hira sayod hin maupay kon ano an pagbubuhaton ha iya.	and they kept him in custody, because it was not clear what should be done to him.
ginsugo han Ginoo hi Moises	the Lord said to Moses,
magpapahinumdom ha iyo an mga borlas hin pagtuman han ngatanan ko nga mga sugo, ngan maaakon gud kamo ha ngatanan nga panahon.	then you will remember to obey all my commands and will be consecrated to your God.
han pakabati hini ni Moises, hinmapa hiya ha tuna ngan nagampo.	when Moses heard this, he fell facedown.
nagpadayon hi Moises hin paghimangraw kan core, “pamati kamo nga mga Levita!	Moses also said to korah, “now listen, you Levites!
niyan ginpasugoan ni Moises hira datan ug abiram, kundi nagsiring hira, “diri kami makadto!	then Moses summoned dathan and abiram, the sons of eliab. but they said, “we will not come!
ngan nagsiring an Ginoo kanda Moises ug Aaron,	the Lord said to Moses and Aaron,
“isol kamo tikang hini nga mga tawo kay pupuohon ko hira dayon.”	“separate yourselves from this assembly so i can put an end to them at once.”
nagsiring kan Moises an Ginoo ,,	then the Lord said to Moses,
“sidnga an mga tawo nga pumahirayo hira han mga tulda nira core, datan, ug abiram.”	“say to the assembly, ‘move away from the tents of korah, dathan and abiram.’ ””
niyan kinmadto hi Moises nga inupdan han mga pangulo han Israel kanda datan ug abiram.	Moses got up and went to dathan and abiram, and the elders of Israel followed him.
han kahuman gudla niya pagyakan, binmuka an tuna nga tungod nira datan ug abiram,	as soon as he finished saying all this, the ground under them split apart
niyan nagpadara an Ginoo hin kalayo nga naglarab ngan nagugtang han 250 nga mga tawo nga naghalad han insyenso.	and fire came out from the Lord and consumed the 250 men who were offering the incense.
niyan nagsiring kan Moises an Ginoo ,,	the Lord said to Moses,
kinmadto hira Moises ug Aaron ngan tinmindog ha atubangan han tulda,	then Moses and Aaron went to the front of the tent of meeting,
ngan nagsiring kan Moises an Ginoo ,,	and the Lord said to Moses,
“isol kamo tikang hini nga mga tawo ngan pamamatayon ko hira yana ngahaw!” hinmapa ha tuna hira nga duha,	“get away from this assembly so i can put an end to them at once.” and they fell facedown.
nakapahunong ini han sakit ngan nahibilin hiya nga natindog ha butnga han mga buhi ngan han mga patay.	he stood between the living and the dead, and the plague stopped.
an kadamo han mga tawo nga nagkamatay kapin hin 14700, waray labot hadton mga nagkamatay tungod han pagato ni core.	but 14700 people died from the plague, in addition to those who had died because of korah.
han paghunong na han sakit, binmalik hi Aaron ngadto kan Moises didto han agian han tulda.	then Aaron returned to Moses at the entrance to the tent of meeting, for the plague had stopped.
nagsiring kan Moises an Ginoo ,,	the Lord said to Moses,
dada ini ngadto han akon tulda ngan igbutang ini ha atubangan han kahon han ginsaaran diin magkikita kita.	place them in the tent of meeting in front of the ark of the covenant law, where i meet with you.
niyan ibinutang ni Moises an ngatanan nga mga tungkod didto han tulda, ha atubangan han kahon han ginsaaran han Ginoo ..	Moses placed the staffs before the Lord in the tent of the covenant law.
ginbuhat ni Moises sumala han iginsugo han Ginoo ..	Moses did just as the Lord commanded him.
nagsiring kan Moises an mga tawo han Israel, “ta, kon amo ito, mapatay kami ngatanan!	the Israelites said to Moses, “we will die! we are lost, we are all lost!
kon mapatay an bisan hino nga mahirani han tulda, gabay na la kami mamatay!”	anyone who even comes near the tabernacle of the Lord will die. are we all going to die?”
“imo liwat an ngatanan nga ighahalad nga mga butang ha Israel nga iginhalad ha maupay nga kaburoton.	“everything in Israel that is devoted to the Lord is yours.
imo an karne hini, lakip an dughan ngan an tuo nga mangorhe nga paa han linain nga halad.	their meat is to be yours, just as the breast of the wave offering and the right thigh are yours.
kinahanglan diri humarani han tulda an iba nga mga israelita, basi diri ipadara ha ira an sirot han kamatayon.	from now on the Israelites must not go near the tent of meeting, or they will bear the consequences of their sin and will die.
ginsugo han Ginoo hi Moises	the Lord said to Moses,
liwan ini nga linain nga amot han halad nga bago nga pagkaon ngan bago nga bino nga ighahalad han parauma.	your offering will be reckoned to you as grain from the threshing floor or juice from the winepress.
ginsugo han Ginoo hira Moises ug Aaron	the Lord said to Moses and Aaron:
ngan ighatag ini kan eleazar nga padi. pagdadadon ini ha gawas han kampo ngan pagiihawon ha iya atubangan.	give it to eleazar the priest; it is to be taken outside the camp and slaughtered in his presence.
an bisan hino nga magkamkam hin minatay mahugaw hiya sumala han seremonyas sulod hin pito ka adlaw.	“whoever touches a human corpse will be unclean for seven days.
nagmamahugaw liwat an tagsa nga tibod o daba nga waray takop ha sakob han tulda.	and every open container without a lid fastened on it will be unclean.
waray tubig didto han ira ginkampohan, sanglit ginalirongan han mga tawo hira Moises ug Aaron,	now there was no water for the community, and the people gathered in opposition to Moses and Aaron.
nagsiring kan Moises an Ginoo ,,	the Lord said to Moses,
kinmadto hi Moises ngan ginkuha niya an tungkod sumala han iginsugo han Ginoo ..	so Moses took the staff from the Lord ’s presence, just as he commanded him.
binmaya han cades an bugos nga bungto han Israel ngan inmabot hira han bukid hor,	the whole israelite community set out from kadesh and came to mount hor.
ha pagultan han Edom. didto nagsiring an Ginoo kanda Moises ug Aaron,	at mount hor, near the border of Edom, the Lord said to Moses and Aaron,
dada ngadto ha igbaw han bukid hor hi Aaron ngan hi eleazar nga iya anak,	get Aaron and his son eleazar and take them up mount hor.
nagpadayon pagbaktas an mga israelita ngan nagkampo hira didto ha obot.	the Israelites moved on and camped at oboth.
niyan nagkampo hira didto ha kahamuban han zered.	from there they moved on and camped in the zered valley.
ngan han mga bakilid han kahamuban nga naabot ngadto han bungto han ar ngan tipakadto han pagultan han Moab.”	and the slopes of the ravines that lead to the settlement of ar and lie along the border of Moab.”
ngan tikang didto kinmadto hira ha nahaliel, ngan tikang ha nahaliel ngadto ha bamot,	from mattanah to nahaliel, from nahaliel to bamoth,
niyan may mga ginsugo han mga tawo han Israel ngadto kan sihon nga amoreohanon nga hadi hin pagsiring:	Israel sent messengers to say to sihon king of the Amorites:
sanglit nagukoy an mga tawo han Israel didto han katunaan han mga amoreohanon,	so Israel settled in the land of the Amorites.
nahadlok hin duro hiya ngan an ngatanan nga mga tawo niya.	and Moab was terrified because there were so many people. indeed, Moab was filled with dread because of the Israelites.
kinmada kan balaam an dyos ngan nagpakiana, “hino ini nga mga tawo nga kaupod mo?”	God came to balaam and asked, “who are these men with you?”
binmaton hiya, “ginsugo hira ni hadi balak han Moab hin pagsumat ha akon	balaam said to God, “balak son of zippor, king of Moab, sent me this message:
niyan nagsugo hi balak hin darudamo nga mga pangulo nga mas dungganan kay han tuna.	then balak sent other officials, more numerous and more distinguished than the first.
sanglit han pagkaaga, ginmuntorahan ni balaam an iya asno ngan inmupod hiya han tagamoab nga mga pangulo.	balaam got up in the morning, saddled his donkey and went with the moabite officials.
sanglit inmupod hi balaam kan balak ngadto han bungto han quiriathuzot,	then balaam went with balak to kiriath huzoth.
diin nagihaw hi balak hin mga baka ngan mga karnero, ngan tinagan niya han karne hi balaam ngan an mga pangulo nga upod niya.	balak sacrificed cattle and sheep, and gave some to balaam and the officials who were with him.
uunanhon ko hin pakagtunglo han waray pagtungloa han dyos, o pakahimangraw hin karatan kon waray man maghimangraw an Ginoo ??	how can i curse those whom God has not cursed? how can i denounce those whom the Lord has not denounced?
binmaton hiya, “nakakaghimangraw la ako han ipinapagyakan ha akon han Ginoo .”.”	he answered, “must i not speak what the Lord puts in my mouth?”
nagsiring kan balak hi balaam, “tindog dinhe sapit han imo halad nga tinubod ngan makikigkita ako didto han dyos.”	balaam said to balak, “stay here beside your offering while i meet with him over there.”
gintugon ako hin pagbendisyon, ngan kon nagbebendisyon an dyos, diri ako makakabaribad.	i have received a command to bless; he has blessed, and i cannot change it.
ginpagawas hira han dyos tikang ha Ehipto; nakigaway hiya tungod ha ira sugad hin ihalas nga baka.	God brought them out of Egypt; they have the strength of a wild ox.
niyan nagsiring kan balaam hi balak, “nadiri ka hin pagtunglo han mga tawo han Israel, kundi ayaw man liwat hira pagbendisyoni!”	then balak said to balaam, “neither curse them at all nor bless them at all!”
sanglit gindara niya hi balaam ngadto ha sampaw han bukid peor nga natangbo han kamingawan.	and balak took balaam to the top of peor, overlooking the wasteland.
magtahom an mga tulda han Israel,	“how beautiful are your tents, Jacob, your dwelling places, Israel!
binmaton hi balaam, “ginsiring ko an imo mga sinugo ha akon nga	balaam answered balak, “did i not tell the messengers you sent me,
dadagan niya an iya mga kaaway didto ha edumea, ngan tatagiyahon niya an ira tuna, samtang nagpapadayon nga madaogon an Israel.	Edom will be conquered; seir, his enemy, will be conquered, but Israel will grow strong.
pagtatamaktamakan hira han nasod han Israel, ngan pagpupuohon an mga nanhisalin nga buhi.”	a ruler will come out of Jacob and destroy the survivors of the city.”
kundi pupuohon kamo nga mga kinitanhon kon pagbihagon na kamo han Asiria.”	yet you kenites will be destroyed when ashur takes you captive.”
iginyakan ni balaam ini nga panagna: “hino ini nga mga tawo nga nagtitirok didto ha amihanan?	then he spoke his message: “alas! who can live when God does this?
magsasakay an mga parasulong tikang ha kitim; pipirdehon nira an Asiria ug heber, kundi mawawara liwat an kitim ha kadayonan.”	ships will come from the shores of Cyprus; they will subdue ashur and eber, but they too will come to ruin.”
niyan nagandam hi balaam ngan inmoli hiya, ngan limakat man hi balak.	then balaam got up and returned home, and balak went his own way.
kundi 24000 nga mga tawo an namatay han sakit.	but those who died in the plague numbered 24000.
nagsiring kan Moises an Ginoo ,,	the Lord said to Moses,
sanglit sumati hiya nga maghihimo ako ha iya hin usa nga ginsaaran nga magpapadayon ha ngatanan nga panahon nga tiarabot.	therefore tell him i am making my covenant of peace with him.
ginsugo han Ginoo hi Moises,	the Lord said to Moses,
“sulonga an mga midianitanhon ngan puoha hira,	“treat the Midianites as enemies and kill them.
katapos han sakit nga ginpadara han Ginoo ,, nagsiring an Ginoo kanda Moises ug eleazar nga anak ni Aaron,	after the plague the Lord said to Moses and eleazar son of Aaron, the priest,
hesron, ug carmi.	through hezron, the hezronite clan; through karmi, the karmite clan.
mayada kapin hin 43730 nga kalalakenan ini nga mga banay.	these were the clans of Reuben; those numbered were 43730.
an mga tulin ni falu amo hira eliab	the son of pallu was eliab,
kundi waray magkamatay an mga anak ni core.)	the line of korah, however, did not die out.
sori, ug Saul.	through zerah, the zerahite clan; through shaul, the shaulite clan.
mayada 22200 nga kalalakenan ini nga mga banay.	these were the clans of Simeon; those numbered were 22200.
osni, eri,	through ozni, the oznite clan; through eri, the erite clan;
arod, ug ariel.	through arodi, the arodite clan; through areli, the arelite clan.
mayada 40500 nga kalalakenan ini nga mga banay.	these were the clans of Gad; those numbered were 40500.
mayada 76500 nga kalalakenan ini nga mga banay.	these were the clans of Judah; those numbered were 76500.
jasub, ug simran.	through jashub, the jashubite clan; through shimron, the shimronite clan.
mayada 64300 nga kalalakenan ini nga mga banay.	these were the clans of Issachar; those numbered were 64300.
mayada 60500 nga kalalakenan ini nga mga banay.	these were the clans of Zebulun; those numbered were 60500.
an mga tribo ni Jose nga amay hin duha nga mga anak nga kalalakenan, hira manases ug efraim.	the descendants of Joseph by their clans through manasseh and ephraim were:
asriel, siquem,	through asriel, the asrielite clan; through Shechem, the shechemite clan;
semida, ug hefer.	through shemida, the shemidaite clan; through hepher, the hepherite clan.
mayada 52700 nga kalalakenan ini nga mga banay.	these were the clans of manasseh; those numbered were 52700.
tikang kan sutala an banay ni heran.	these were the descendants of shuthelah: through eran, the eranite clan.
sufam, ug hupam.	through shupham, the shuphamite clan; through hupham, the huphamite clan.
mayada 45600 nga kalalakenan ini nga mga hugpo.	these were the clans of Benjamin; those numbered were 45600.
nga mayada 64400 nga kalalakenan.	all of them were shuhamite clans; and those numbered were 64400.
tikang kan beria an mga banay nira heber ug melquiel.	and through the descendants of beriah: through heber, the heberite clan; through malkiel, the malkielite clan.
may anak nga babaye hi aser nga ginngaranan kan sera.	(Asher had a daughter named serah.)
mayada 53400 nga kalalakenan ini nga mga banay.	these were the clans of Asher; those numbered were 53400.
jeser, ug silim.	through jezer, the jezerite clan; through shillem, the shillemite clan.
mayada 45400 nga kalalakenan ini nga mga banay.	these were the clans of Naphtali; those numbered were 45400.
inmabot hin 601730 an kadamo han ngatanan nga kalalakenan nga israelita.	the total number of the men of Israel was 601730.
nagsiring kan Moises an Ginoo ,,	the Lord said to Moses,
“pagbahinbahin an tuna ngadto han mga tribo sumala han ira kadagko.	“the land is to be allotted to them as an inheritance based on the number of names.
may upat nga mga anak hi Aaron: hira nadab, abihu, eleazar, ug itamar.	Aaron was the father of nadab and abihu, eleazar and ithamar.
nagkamatay hira nadab ug abihu han paghalad nira hin kalayo nga diri baraan ngadto han Ginoo ..	but nadab and abihu died when they made an offering before the Lord with unauthorized fire.)
gindara ni Moises an ira sumbong ngadto han Ginoo ,,	so Moses brought their case before the Lord ,,
ngan nagsiring ha iya an Ginoo ,,	and the Lord said to him,
kon waray niya anak nga babaye, ighahatag ini ngadto han iya kabugtoan nga kalalakenan.	if he has no daughter, give his inheritance to his brothers.
kon waray niya kabugtoan nga kalalakenan, ighahatag ini ngadto han kabugtoan nga kalalakenan han iya amay.	if he has no brothers, give his inheritance to his fathers brothers.
katapos mo paglantawa hini, mapatay ka sugad han imo bugto nga hi Aaron,	after you have seen it, you too will be gathered to your people, as your brother Aaron was,
nagampo hi Moises,	Moses said to the Lord ,,
ihatag ha iya in bahin han imo pamunoan, basi pagsugton hiya han bugos nga bungto han Israel.	give him some of your authority so the whole israelite community will obey him.
ginsugo han Ginoo hi Moises	the Lord said to Moses,
ihalad ha aga an syahan nga nati nga karnero ngan ha gabi, an ikaduha,	offer one lamb in the morning and the other at twilight,
pagsasaurogon an pyesta han paglabay ha pagpasidungog han Ginoo dida han ika14 nga adlaw han syahan nga bulan.	““ ‘on the fourteenth day of the first month the Lord ’s passover is to be held.
dida han syahan nga adlaw han pyesta magtitirok kamo hin pagsingba ngan maundang kamo han iyo mga buhat.	on the first day hold a sacred assembly and do no regular work.
ngan ma usa ka kilo upod han kada nati nga karnero.	and with each of the seven lambs, onetenth.
ighalad ini labot han ikinaaga nga halad nga susunogon.	offer these in addition to the regular morning burnt offering.
pagtirok kamo hin pagsingba dida han ikapito ka adlaw ngan ayaw kamo pagtrabaho.	on the seventh day hold a sacred assembly and do no regular work.
ngan ma usa ka kilo upod han kada nati nga karnero.	and with each of the seven lambs, onetenth.
ngan ma usa ka kilo upod han kada nati nga karnero.	and with each of the seven lambs, onetenth.
ngan ma usa ka kilo upod han kada nati nga karnero.	and with each of the seven lambs, onetenth.
ngan ma usa ka kilo upod han kada nati nga karnero, upod an ginkikinahanglan nga mga halad nga bino.	and with each of the fourteen lambs, onetenth.
dida han ikawalo ka adlaw pagtirok kamo hin pagsingba ngan ayaw kamo pagbuhat.	““ ‘on the eighth day hold a closing special assembly and do no regular work.
sanglit ginsumatan ni Moises an mga tawo han Israel han ngatanan nga iginsugo ha iya han Ginoo ..	Moses told the Israelites all that the Lord commanded him.
iginhatag ni Moises an masunod nga mga tugon ngadto han mga pangulo han mga tribo han Israel.	Moses said to the heads of the tribes of Israel: “this is what the Lord commands:
nagsiring kan Moises an Ginoo ,,	the Lord said to Moses,
“kastigoha an mga tagamidian tungod han ira ginbuhat han mga tawo han Israel. katapos pagbuhata mo hini, mapatay ka.”	“take vengeance on the Midianites for the Israelites. after that, you will be gathered to your people.”
tikang han kada tribo han Israel ipadara niyo in usa ka yukot nga kalalakenan ngadto ha pagawayan.”	send into battle a thousand men from each of the tribes of Israel.”
sanglit ginpili in usa ka yukot nga kalalakenan ha kada tribo: 12000 ngatanan nga kalalakenan nga andam para hin pakigaway.	so twelve thousand men armed for battle, a thousand from each tribe, were supplied from the clans of Israel.
ginsulong nira an midian sumala han iginsugo han Ginoo kan Moises, ngan pinanmatay nira an ngatanan nga kalalakenan,	they fought against midian, as the Lord commanded Moses, and killed every man.
ngan ginsunog an ngatanan nira nga mga syudad ngan mga kampo.	they burned all the towns where the Midianites had settled, as well as all their camps.
gindara nira an ngatanan nga ira natikas ngan nabihag, lakip an mga priso ngan an mga hayop,	they took all the plunder and spoils, including the people and animals,
ginpakianhan hira niya, “kay ano nga waray man niyo pamataya an ngatanan nga kababayenan?	“have you allowed all the women to live?” he asked them.
nagsiring kan Moises an Ginoo ,,	the Lord said to Moses,
parehoa an iyo pagtunga han mga nakuha; an usa nga bahin para han nga sondalo, ngan an ikaduha para han iba han bungto.	divide the spoils equally between the soldiers who took part in the battle and the rest of the community.
ighatag ini ngadto kan eleazar nga padi nga linain nga amot ngadto han Ginoo ..	take this tribute from their half share and give it to eleazar the priest as the Lord ’s part.
ginbuhat nira Moises ug eleazar an iginsugo han Ginoo ..	so Moses and eleazar the priest did as the Lord commanded Moses.
kinarawat nira Moises ug eleazar an ngatanan nga bulawan nga mga rayandayan.	Moses and eleazar the priest accepted from them the goldall the crafted articles.
ginhimos hadton diri mga opisyal an naagaw ha pagawayan nga ira nakuha.	each soldier had taken plunder for himself.
kay ano nga paghuhulopon niyo an mga tawo han Israel hin pagtabok han Jordan ngadto han tuna nga iginhatag ha ira han Ginoo ??	why do you discourage the Israelites from crossing over into the land the Lord has given them?
amo gihapon an ginbuhat han iyo mga ginikanan han pagsugoa ko ha ira tikang ha cades barnea hin pagusisa han tuna.	this is what your fathers did when i sent them from kadesh barnea to look over the land.
hito nga adlaw nasina an Ginoo ,, ngan nagsumpa:	the Lord ’s anger was aroused that day and he swore this oath:
diri kami maoli kon diri an iba nga mga israelita makatagiya han tuna nga iginhatag ha ira.	we will not return to our homes until each of the Israelites has received their inheritance.
gintindog na liwat han tribo ni Gad an ginpaderan nga mga bungto han dibon, atarot, aroer,	the gadites built up dibon, ataroth, aroer,
etrotsofan, jaser, jebaa,	atroth shophan, jazer, jogbehah,
betnimra, ug betaran.	beth nimrah and beth haran as fortified cities, and built pens for their flocks.
gintindog na liwat han tribo ni ruben an hesbon, eleale, quiriataim,	and the reubenites rebuilt heshbon, elealeh and kiriathaim,
sanglit iginhatag ni Moises an galaad ngadto han banay ni maquir ngan nagukoy hira didto.	so Moses gave Gilead to the makirites, the descendants of manasseh, and they settled there.
ginsulong ngan naagaw ni noba an kenat ngan an mga baryo hini, ngan isinangay ha iya, sanglit ginngaranan hin noba.	and nobah captured kenath and its surrounding settlements and called it nobah after himself.
binayaan han mga tawo han Israel an ramses ngan nagkampo hira didto ha sucot.	the Israelites left Rameses and camped at sukkoth.
didto ha etam ha ligid han kamingawan an sunod nira nga kampo.	they left sukkoth and camped at etham, on the edge of the desert.
tikang didto binmalik hira ngadto ha pihahirot nga sinirangan han baalsipon, ngan nagkampo hira hirani han migdol.	they left etham, turned back to pi hahiroth, to the east of baal zephon, and camped near migdol.
binayaan nira an elim ngan nagkampo hira hirani han dagat suez.	they left elim and camped by the Red Sea. Sea.
didto han kamingawan han sin an sunod nira nga kampo.	they left the Red Sea sea and camped in the desert of sin.
sunod nagkampo hira didto ha dalfa,	they left the desert of sin and camped at dophkah.
ngan katapos, didto ha alus.	they left dophkah and camped at alush.
an sunod didto ha rafidim, diin waray nira irimnon nga tubig.	they left alush and camped at rephidim, where there was no water for the people to drink.
iginhatag han Ginoo kan Moises didto ha kapatagan han Moab, nga tabok han Jordan atbang han jerico,	on the plains of Moab by the Jordan across from Jericho the Lord said to Moses,
an masunod nga mga tugon para han Israel: “kon tumabok na kamo han Jordan ngadto ha tuna han Canaan,	“speak to the Israelites and say to them: ‘when you cross the Jordan into Canaan,
pagtagiyaha niyo an tuna ngan pagukoy kamo didto, kay ihinahatag ko ini ha iyo.	take possession of the land and settle in it, for i have given you the land to possess.
kon diri niyo hira paiwason, pagpupuohon ko kamo sugad nga ako naglarang hin pagpuo ha ira.”	and then i will do to you what i plan to do to them.’ ””
iginhatag han Ginoo kan Moises	the Lord said to Moses,
diin maliko ini tipakadto ha kahamuban didto han pagultan han Ehipto, ngan matatapos didto han dagat mediteraneo.	where it will turn, join the wadi of Egypt and end at the Mediterranean sea.
“an amihan nga pagultan matadong tikang ha dagat mediteraneo ngadto han bukid hor,	““ ‘for your northern boundary, run a line from the Mediterranean sea to mount hor
ngan tikang didto ngadto han agianan han hamat. magpapadayon ini ngadto ha sedad,	and from mount hor to lebo hamath. then the boundary will go to zedad,
“an sinirangan nga pagultan matadong tikang ha enan ngadto ha sefama.	““ ‘for your eastern boundary, run a line from hazar enan to shepham.
nagsiring kan Moises an Ginoo ,,	the Lord said to Moses,
kuha liwat hin usa nga pangulo tikang han kada tribo nga mabulig ha ira hin pagbahinbahin hini.”	and appoint one leader from each tribe to help assign the land.
amo ini an mga tawo nga gintudlok han Ginoo hin pagbahinbahin han malon para han mga tawo han Israel didto ha tuna han Canaan.	these are the men the Lord commanded to assign the inheritance to the Israelites in the land of Canaan.
nagsiring kan Moises an Ginoo didto ha kapatagan han Moab nga tabok han Jordan, atbang han jerico,	on the plains of Moab by the Jordan across from Jericho, the Lord said to Moses,
upod an panabsaban nga mga tuna hini, nga maabot na ngatanan hin 48 nga mga syudad.	in all you must give the Levites fortyeight towns, together with their pasturelands.
gintugon han Ginoo hi Moises	then the Lord said to Moses:
nga sidngon an mga tawo han Israel: “kon tumabok na kamo han salog Jordan ngan sumulod han tuna han Canaan,	“speak to the Israelites and say to them: ‘when you cross the Jordan into Canaan,
pagpili hin unom nga mga syudad,	these six towns you give will be your cities of refuge.
“kon magdumot in tawo ngan makamatay hiya han iya gindudumtan pinaagi hin pagtikwang ha iya o hin paglabay ha iya,	if anyone with malice aforethought shoves another or throws something at them intentionally so that they die
kon an tawo nga salaan hin pakamatay, bumaya han syudad nga arayopan nga iya gindangpan,	““ ‘but if the accused ever goes outside the limits of the city of refuge to which they fled
kinahanglan pagpatayon in tawo nga makamatay. diri hiya makakalikay hini nga sirot pinaagi hin pagbayad hin kwarta.	““ ‘do not accept a ransom for the life of a murderer, who deserves to die. they are to be put to death.
tagan unta kamo han dyos nga aton amay ngan han Ginoo jesucristo hin grasya ngan kamurayaw.	grace and peace to you from God our father and the Lord Jesus Christ.
bugto filemon, ha kada pagaampo ko, hinnanabihan ko ikaw ngan nagpapasalamat ako han akon dyos.	i always thank my God as i remember you in my prayers,
kay nasumatan ako han imo paghigugma han ngatanan nga mga tawo han dyos ngan han imo pagtoo han Ginoo nga hi Jesus.	because i hear about your love for all his holy people and your faith in the Lord Jesus.
tungod hini, makakahimo unta ako, sugad nga imo bugto kan Cristo, pagsugo ha imo han angay buhaton.	therefore, although in Christ i could be bold and order you to do what you ought to do,
hadto waray hiya kapulsanan ha imo, kundi yana, mapulsanon na hiya ha aton nga duha.	formerly he was useless to you, but now he has become useful both to you and to me.
ginpapabalik ko hiya yana ngada ha imo, ngan upod ha iya an akon kasingkasing.	i am sending himwho is my very heartback to you.
bangin nahimulag ha imo hi onesimo hin halipot nga panahon, basi mahibalik hiya ha imo para na ha kadayonan.	perhaps the reason he was separated from you for a little while was that you might have him back forever—
sanglit, kon giniisip mo pa ako nga imo kausa, karawata hiya sugad hin imo pagkarawat ha akon.	so if you consider me a partner, welcome him as you would welcome me.
kon may nabuhat niya ha imo nga kasaypanan, o nakautang ha imo hin bisan ano, isipa ini nga akon utang.	if he has done you any wrong or owes you anything, charge it to me.
nangungumosta ha iyo hi epafras nga kaupod ko didi ha bilanggoan tungod kan Cristo Jesus,	Epaphras, my fellow prisoner in Christ Jesus, sends you greetings.
ngan sugad man hira marcos, aristarco, Demas, ug lucas nga akon igkasi mga magburuhat.	and so do Mark, aristarchus, Demas and Luke, my fellow workers.
maada unta ha iyo ngatanan an grasya han Ginoo jesucristo.	the grace of the Lord Jesus Christ be with your spirit.
tagan unta kamo han dyos nga aton amay ngan han Ginoo jesucristo han grasya ug kamurayaw.	grace and peace to you from God our father and the Lord Jesus Christ.
nagpapasalamat ako han dyos tungod ha iyo ha kada takna nga nanunumdom ako ha iyo.	i thank my God every time i remember you.
nagaampo ako nga malipayon ha kada takna nga nagaampo ako ha iyo,	in all my prayers for all of you, i always pray with joy
tungod han pagbulig niyo ha akon hin pagpasarang han maupay nga sumat tikang pa han pagkarawat niyo hini ngada yana.	because of your partnership in the gospel from the first day until now,
an dyos an akon saksi nga natikang han kasingkasing ni Cristo Jesus an timos ko nga pagbati para ha iyo ngatanan.	God can testify how i long for all of you with the affection of Christ Jesus.
basi makagpili kamo han labi kamaupay. ngan mapuputli kamo ngan waray igsususon ha iyo ha adlaw han pagbalik ni Cristo.	so that you may be able to discern what is best and may be pure and blameless for the day of Christ,
mapuno unta an iyo mga kinabuhi han mga magupay nga mga hiyas tikang kan Cristo Jesus, para han himaya ngan pagdayaw han dyos.	filled with the fruit of righteousness that comes through Jesus christto the glory and praise of God.
karuyag ko nga mahibaro kamo, kabugtoan ko, nga an mga nahinabo ha akon nakabulig gud hin pagpauswag han maupay nga sumat.	now i want you to know, brothers and sisters, that what has happened to me has actually served to advance the gospel.
ano an kinabuhi? para ha akon, hi Cristo an kinabuhi. an kamatayon makakadugang pa ha akon hin damo nga kaupayan.	for to me, to live is Christ and to die is gain.
ambot kon magaano ako. karuyag ko na bumaya hini nga kinabuhi ngan makigusa kan Cristo, ngan bangin amo ini an mauruupay;	i am torn between the two: i desire to depart and be with Christ, which is better by far;
kundi tungod ha iyo maupay ada nga mabuhi pa ako.	but it is more necessary for you that i remain in the body.
angay angkonon niyo ini nga panhunahuna nga nakada kan Cristo Jesus:	in your relationships with one another, have the same mindset as Christ Jesus:
ha pagpasidungog han ngaran ni Jesus, maluhod an ngatanan nga aadto ha langit an aanhi ha tuna, ngan aadto ha kahiladman,	that at the name of Jesus every knee should bow, in heaven and on earth and under the earth,
ngan ha dayag magpapasangyaw nga hi jesucristo amo an Ginoo, ha pagpasidungog han dyos nga amay.	and every tongue acknowledge that Jesus Christ is Lord, to the glory of God the father.
kay dayuday nagbubuhat an dyos dida ha iyo, basi maruyag kamo han pagbuhat ngan makahimo kamo hin pagtuman han iya mga panuyo.	for it is God who works in you to will and to act in order to fulfill his good purpose.
buhata niyo an ngatanan hin waray pagngurutob o pakiglaris,	do everything without grumbling or arguing,
ha amo nga paagi, kinahanglan nga magmalipayon kamo ngan ipaangbit ha akon an iyo kalipay.	so you too should be glad and rejoice with me.
hiya gud la an may pagbati ha akon ngan may tinuod nga pagbati liwat para ha iyo.	i have no one else like him, who will show genuine concern for your welfare.
an tagsa namamalanga la han ira kalungaringon nga kaupayan, diri an kan jesucristo.	for everyone looks out for their own interests, not those of Jesus Christ.
sanglit nakahunahuna ako hin pagpadara ha iya ngada ha iyo kon masayod na ako kon ano an mahinanabo ha akon didi.	i hope, therefore, to send him as soon as i see how things go with me.
ngan nasarig ako han Ginoo nga ha diri maiha mahingangada ako ha iyo.	and i am confident in the Lord that i myself will come soon.
karawata nga malipayon hiya nga bugto naton kan Cristo. ipakita an iyo pagtahod han mga tawo nga sugad ha iya,	so then, welcome him in the Lord with great joy, and honor people like him,
kundi an mga butang nga ginhunahuna ko nga makakahatag ha akon hin kaupayan yana ginhunahuna ko nga waray la tungod kan Cristo.	but whatever were gains to me i now consider loss for the sake of Christ.
upod an paglaom nga babanhawon ako niya.	and so, somehow, attaining to the resurrection from the dead.
kundi bisan ano an mahinabo, pagtipaunhan kita sumala han amo gihapon nga mga turumanon nga aton ginsunod ngada yana.	only let us live up to what we have already attained.
euodia ngan sintique, upaya an iyo pagsabot nga duha sugad nga magbugto kamo dida han Ginoo.	i plead with euodia and i plead with syntyche to be of the same mind in the Lord.
dayuday malipayon kamo ha iyo pakigusa han Ginoo. babalikon ko hin pagsiring: pagkalipay kamo!	rejoice in the Lord always. i will say it again: rejoice!
ipakita niyo ha ngatanan an iyo ka malumo ha kasingkasing. diri na maiha mabalik an Ginoo.	let your gentleness be evident to all. the Lord is near.
mayada ako kusog hin pagasdang han ngatanan tungod han gahom nga iginhatag ha akon ni Cristo.	i can do all this through him who gives me strength.
maupay adto nga iyo ginbuhat hin pagbulig ha akon dida han akon mga kakurian.	yet it was good of you to share in my troubles.
han nagkukuri ako didto ha tesalonica, diri la makausa kamo magpadara ha akon han iyo hinabang.	for even when i was in Thessalonica, you sent me aid more than once when i was in need.
diri karuyag ko la magkinarawat hini mga hatag, kundi karuyag ko nga kadugangan an mga kaupayan nga iyo nakarawat.	not that i desire your gifts; what i desire is that more be credited to your account.
ngan an dyos upod an hura nga bahandi pinaagi kan Cristo Jesus mahatag han ngatanan nga iyo mga kinahanglanon.	and my God will meet all your needs according to the riches of his glory in Christ Jesus.
ngadto han aton dyos nga amay an himaya nga waray kataposan. matuman kunta.	to our God and father be glory for ever and ever. Amen.
kumosta han ngatanan nga magtinuohon dida kan Cristo Jesus. an mga kabugtoan nga kaupod ko didi nangungumosta liwat ha iyo.	greet all gods people in Christ Jesus. the brothers and sisters who are with me send greetings.
nangungumosta liwat ha iyo an mga magtinuohon didi, labi na an mga sakop han palasyo ni emperador cesar.	all gods people here send you greetings, especially those who belong to caesars household.
maada unta ha iyo an grasya han aton Ginoo jesucristo.	the grace of the Lord Jesus Christ be with your spirit. Amen.
mailobon ka, nagaantos ka hin mga kakurian tungod ha akon, ngan waray ka palupig.	you have persevered and have endured hardships for my name, and have not grown weary.
kundi iini an akon dinidirian ha imo: diri ka na yana nahigugma ha akon sugad han syahan mo nga paghigugma ha akon.	yet i hold this against you: you have forsaken the love you had at first.
mayada pipira liwat dida ha imo nga nagsusunod han pagturonan han mga nicolaitano.	likewise, you also have those who hold to the teaching of the nicolaitans.
tinagan ko hiya hin panahon hin pagbasol han iya mga sala, kundi diri niya karuyag bumaya han maraot niya nga buhat.	i have given her time to repent of her immorality, but she is unwilling.
kundi kapti hin maupay an aada na ha imo, tubtob han akon pagabot.	except to hold on to what you have until i come.’
“kon mayada ka durunggan, pamati han igsisiring han espiritu ngadto han mga singbahan!	whoever has ears, let them hear what the spirit says to the churches.
“kon mayada ka durunggan, pamati han igsisiring han espiritu ngadto han mga singbahan.	whoever has ears, let them hear what the spirit says to the churches.
ha diri maiha mapakada ako. bantayi hin maupay an imo mga butang, basi waray makaagaw ha imo han upa han imo pagdaragan.	i am coming soon. hold on to what you have, so that no one will take your crown.
“kon mayada ka durungan, pamati han igsisiring han espiritu ngadto han mga singbahan.	whoever has ears, let them hear what the spirit says to the churches.
kundi tungod nga palabanhod ka manla, diri mapaso ngan diri liwat mahagkot, ibubugok ko ikaw!	so, because you are lukewarmneither hot nor coldi am about to spit you out of my mouth.
ginbubusaan ngan ginkakastigo ko adton akon hinihigugma. pagmatadong ngan bayai an imo mga sala.	those whom i love i rebuke and discipline. so be earnest and repent.
“kon mayada ka durunggan, pamati han igsisiring han espiritu ngadto han mga singbahan.”	whoever has ears, let them hear what the spirit says to the churches.”
ha gilayon gindara ako han espiritu. didto ha langit mayada trono ngan mayada usa nga nalingkod didto han trono.	at once i was in the spirit, and there before me was a throne in heaven with someone sitting on it.
ginkadto han kordero ngan ginkuha niya an linikid nga basahan nga kinakaptan han tuo nga kamot han nalingkod ha trono.	he went and took the scroll from the right hand of him who sat on the throne.
ginhimo hira nga ginhadian hin kapadian hin pagalagad han aton dyos ngan maghahadi hira ha tuna.”	you have made them to be a kingdom and priests to serve our God, and they will reign on the earth.”
nagbaton an upat nga buhi nga mga binuhat, “matuman kunta!” ngan an mga katigurangan nanhapa ngan nagsingba.	the four living creatures said, “amen,” and the elders fell down and worshiped.
ngan ginbuong han kordero an ikaduha nga silyo, ngan nagsiring an ikaduha nga buhi nga binuhat, “pakadi!”	when the lamb opened the second seal, i heard the second living creature say, “come!”
ngan ginbuong liwat han kordero an ikaupat nga silyo, ngan hinbatian ko an ikaupat nga buhi nga binuhat nga nasiring, “pakadi!”	when the lamb opened the fourth seal, i heard the voice of the fourth living creature say, “come!”
an makalilisang nga adlaw han ira kapungot aanhi na, ngan hino in makakailob hini?”	for the great day of their wrath has come, and who can withstand it?”
napulog duha ka yukot ha tribo ni aser; napulog duha ka yukot ha tribo ni neftali; napulog duha ka yukot ha tribo ni manases;	from the tribe of Asher 12000, from the tribe of Naphtali 12000, from the tribe of manasseh 12000,
napulog duha ka yukot ha tribo ni Simeon; napulog duha ka yukot ha tribo ni Levi; napulog duha ka yukot ha tribo ni isacar;	from the tribe of Simeon 12000, from the tribe of Levi 12000, from the tribe of Issachar 12000,
diri na gud hira gugutomon o uuhawon; diri na hira magaantos han kapaso han adlaw o han bisan ano nga mapingit nga kapaso,	‘never again will they hunger; never again will they thirst. the sun will not beat down on them,’ nor any scorching heat.
han pagbuonga han kordero an ikapito nga silyo, nagmingaw didto ha langit sulod hin traynta ka minutos.	when he opened the seventh seal, there was silence in heaven for about half an hour.
ngan hinkitan ko an pito nga mga anghel nga natukdaw ha atubangan han dyos ngan gintagan hira hin pito nga mga trompeta.	and i saw the seven angels who stand before God, and seven trumpets were given to them.
niyan an pito nga mga anghel nagandam hin pagpatunog han ira mga trompeta.	then the seven angels who had the seven trumpets prepared to sound them.
an ira buhok sugad hin buhok hin babaye ngan an ira mga ngipon sugad hin kanan liyon.	their hair was like womens hair, and their teeth were like lions’ teeth.
natapos na an syahan nga makaharadlok; kahuman hini mayada pa masunod nga duha nga mga makaharadlok.	the first woe is past; two other woes are yet to come.
niyan, an anghel nga natukdaw ha dagat ngan ha tuna nagbayaw han iya tuo nga kamot ngadto ha langit	then the angel i had seen standing on the sea and on the land raised his right hand to heaven.
tapos na an ikaduha nga makaharadlok, kundi diri maiha maabot na an ikatulo nga makaharadlok.	the second woe has passed; the third woe is coming soon.
ngan nanhapa nga nagsingba han dyos an 24 nga mga katigurangan nga nalingkod dida han ira mga trono ha atubangan han dyos,	and the twentyfour elders, who were seated on their thrones before God, fell on their faces and worshiped God,
tipagaranak na hiya, ngan iginuliat niya an kaulol ngan an kasakit han paganak.	she was pregnant and cried out in pain as she was about to give birth.
kundi nadaog an dragon ngan hiya ngan an iya sakop nga mga anghel waray na tugoti hin pagukoy didto ha langit; ginpaiwas hira.	but he was not strong enough, and they lost their place in heaven.
han pakasabot han dragon nga iginlabog hiya ha tuna, ginlanat niya an babaye nga naganak han bata nga lalake.	when the dragon saw that he had been hurled to the earth, he pursued the woman who had given birth to the male child.
ngan tikang han baba han dragon, ibinugwak niya in tubig nga sugad hin baha, basi mahianod an babaye.	then from his mouth the serpent spewed water like a river, to overtake the woman and sweep her away with the torrent.
“sanglit, pamati, kon mayada niyo mga durunggan!	whoever has ears, let them hear.
waray gud ha ira buwaon nga waray sadang igsususon ha ira.	no lie was found in their mouths; they are blameless.
ngan ginggarab an aranihon ha tuna hadton nalingkod ha bawbaw han dampog.	so he who was seated on the cloud swung his sickle over the earth, and the earth was harvested.
niyan hinkitan ko in lain nga anghel nga ginmawas han templo didto ha langit, ngan mayada liwat niya matarom nga garab.	another angel came out of the temple in heaven, and he too had a sharp sickle.
katapos hini hinkitan ko nga naabre an templo ha langit diin nakadto ha sulod hini an tulda han ginsaaran.	after this i looked, and i saw in heaven the templethat is, the tabernacle of the covenant lawand it was opened.
niyan gindara han mga espiritu an kahadian ngadto hin dapit nga ha hebreo tinatawag nga “armagedon.”	then they gathered the kings together to the place that in hebrew is called armageddon.
naanaw an ngatanan nga mga puro, nawara an ngatanan nga kabukiran.	every island fled away and the mountains could not be found.
uusa la an panuyo hini ngatanan nga napulo nga mga hadi, ngan ihahatag nira an ira gahom ngan pagburutan ngadto han mananap.	they have one purpose and will give their power and authority to the beast.
“an hinkitan mo nga babaye amo an bantogan nga syudad nga naghahadi han ngatanan nga kahadian han tuna.”	the woman you saw is the great city that rules over the kings of the earth.”
nagtatangis ngan nagmamasurubon liwat tungod ha iya an mga negosyante ha tuna kay waray naman napalit han ira mga baligya;	“the merchants of the earth will weep and mourn over her because no one buys their cargoes anymore—
luob hin dugo an iya hilawig nga bado. “an pulong han dyos” amo an iya ngaran.	he is dressed in a robe dipped in blood, and his name is the word of God.
kahuman han usa ka yukot ka tuig, bubuhian hi satanas tikang han iya prisohan,	when the thousand years are over, satan will be released from his prison
an ngatanan nga waray mahisurat an ira ngaran dida han basahan han mga buhi iginlabog ngadto han linaw han kalayo.	anyone whose name was not found written in the book of life was thrown into the lake of fire.
adton makakapot han pagdaragan makarawat hini ha akon. ako an iya dyos ngan hiya an akon anak.	those who are victorious will inherit all this, and i will be their God and they will be my children.
haspe an mga bato han pader, ngan an syudad hinimo hin puraw gud nga bulawan ngan matinaw sugad hin salaming.	the wall was made of jasper, and the city of pure gold, as pure as glass.
an mga tawo han kalibutan maglalakat dida han iya kapawa, ngan an kahadian han tuna magdadara han ira mga manggad ngada ha iya.	the nations will walk by its light, and the kings of the earth will bring their splendor into it.
an mga ganghaan han syudad bukas ha bugos nga adlaw; diri gud magsasada tungod kay waray na gabi didto.	on no day will its gates ever be shut, for there will be no night there.
an bantog ngan an manggad han mga nasod pagdadadon ngadto han syudad.	the glory and honor of the nations will be brought into it.
igkakaasdang hira ha ira, ngan an iya ngaran ipapatik ha ira mga agtang.	they will see his face, and his name will be on their foreheads.
“pamati!” nasiring hi Jesus. “maabot ako dayon! dadadon ko an mga balos nga akon ihahatag ha kada tagsa sumala han iya ginbuhat.	“look, i am coming soon! my reward is with me, and i will give to each person according to what they have done.
amo ako an syahan ngan an orhe, an tinikangan ngan an katapusan.”	i am the alpha and the omega, the first and the last, the beginning and the end.
maada unta ha tagsatagsa ha iyo an grasya han Ginoo Jesus.	the grace of the Lord Jesus be with gods people. Amen.
tikang kan Pablo nga surugoon ni Cristo Jesus ngan apostol nga pinili ngan tinawag han dyos hin pagwali han maupay nga sumat.	Paul, a servant of Christ Jesus, called to be an apostle and set apart for the gospel of God—
maiha na nga iginsaad han dyos an maupay nga sumat pinaagi han iya mga manaragna, ngan iginsurat dida han baraan nga kasuratan.	the gospel he promised beforehand through his prophets in the holy scriptures
mahitungod ini han iya anak nga aton Ginoo jesucristo: ha iya pagkatawo, tulin hiya ni David;	regarding his son, who as to his earthly life was a descendant of David,
upod man liwat kamo nga aada ha Roma nga gintawag han dyos basi magin sakop ni jesucristo.	and you also are among those Gentiles who are called to belong to Jesus Christ.
ginaampo ko ha dyos nga ha iya maupay nga kaburoton tugotan unta ako niya hin pagduaw ha iyo.	in my prayers at all times; and i pray that now at last by gods will the way may be opened for me to come to you.
kay karuyag ko gud makigkita ha iyo, basi kabahinan ko kamo hin espirituhanon nga kaupayan nga makakapadasig ha iyo.	i long to see you so that i may impart to you some spiritual gift to make you strong—
karuyag ko sidngon nga magbinuligay kita; kamo pinaagi han akon pagtoo, ngan ako pinaagi han iyo pagtoo.	that is, that you and i may be mutually encouraged by each others faith.
sanglit may tinguha liwat ako hin pagwali han maupay nga sumat dida ha iyo nga naguokoy ha Roma.	that is why i am so eager to preach the gospel also to you who are in Rome.
nagpakamaaram hira, kundi nahimo lugod hira nga mga lurong.	although they claimed to be wise, they became fools
waray pagpaid, waray pagtapod, ngan waray paghigugma o pagkalooy.	they have no understanding, no fidelity, no love, no mercy.
maaram kita nga matadong an paghukom han dyos hadton mga tawo nga nagbubuhat hin sugad hini nga mga butang.	now we know that gods judgment against those who do such things is based on truth.
kay magbabalos an dyos han kada tawo sumala han iya nabuhat.	God “will repay each person according to what they have done.”
pagpapaantoson ngan pagsasakiton an ngatanan nga nagbubuhat hin maraot, syahan an mga judiyo, ngan sugad man an mga hentil.	there will be trouble and distress for every human being who does evil: first for the jew, then for the gentile;
kay waray han dyos pinalabi.	for God does not show favoritism.
ano man an mahitungod ha imo? ikaw nga usa nga judiyo, nasarig ka han balaod ngan naparayaw ka han imo dyos.	now you, if you call yourself a jew; if you rely on the law and boast in God;
maaram ka han karuyag igpabuhat ha imo han dyos, ngan nahibaro ka tikang han balaod hin pagpili han matadong:	if you know his will and approve of what is superior because you are instructed by the law;
nagseguro ka nga makatugway ka han mga buta, makalamrag ka hadton mga aada ha kasisidman,	if you are convinced that you are a guide for the blind, a light for those who are in the dark,
ikaw nga naparayaw han balaod han dyos, kundi nagpapakaraot ka ngayan han dyos pinaagi hin pagtalapas han iya balaod?	you who boast in the law, do you dishonor God by breaking the law?
nasiring an kasuratan, “tungod ha iyo nga mga judiyo, an mga hentil nagpapakaraot han ngaran han dyos.”	as it is written: “gods name is blasphemed among the Gentiles because of you.”
kon sugad, nakakabintaha ba han mga hentil an mga judiyo? o mayada ba pulos an pagkatinori?	what advantage, then, is there in being a jew, or what value is there in circumcision?
damo gud! siyahan igintapod han dyos an iya mensahe ngadto han mga judiyo.	much in every way! first of all, the Jews have been entrusted with the very words of God.
ano man kon diri matinumanon an iba ha ira? karuyag ba sidngon nga an dyos diri liwat magmamatinumanon?	what if some were unfaithful? will their unfaithfulness nullify gods faithfulness?
diri! kon diri pa matadong an dyos, uunanhon niya hin pakaghukom han kalibutan?	certainly not! if that were so, how could God judge the world?
sumala han siring han kasuratan: “waray tawo nga matadong,	as it is written: “there is no one righteous, not even one;
waray bisan usa nga nakakasabot, o nangingita han dyos.	there is no one who understands; there is no one who seeks God.
puno hin magpintas nga mga panampalas an ira mga pamulong.	“their mouths are full of cursing and bitterness.”
madali la hira makasamad ngan makamatay;	“their feet are swift to shed blood;
bisan diin hira kakadto napabilin an kabungkagan ngan kasakitan.	ruin and misery Mark their ways,
diri hira maaram han dalan han kamurayawan,	and the way of peace they do not know.”
ngan waray man nira hibaroi an pagkahadlok han dyos.”	“there is no fear of God before their eyes.”
nagpakasala an ngatanan nga mga tawo ngan nawadan hira han himaya han dyos.	for all have sinned and fall short of the glory of God,
kay sayod kita nga giniisip nga matadong ha dyos an tawo pinaagi la han iya pagtuo ngan diri pinaagi hin pagtuman han balaod.	for we maintain that a person is justified by faith apart from the works of the law.
ngan an dyos, dyos ba la hiya han mga judiyo? diri ba hiya dyos liwat han mga hentil? oo, dyos gihapon hiya.	or is God the God of Jews only? is he not the God of Gentiles too? yes, of Gentiles too,
niyan, ano man an masisiring mahitungod kan Abraham nga amay han aton tulin?	what then shall we say that Abraham, our forefather according to the flesh, discovered in this matter?
nasiring an kasuratan, “tinmoo han dyos hi Abraham, ngan tungod han iya pagtoo, ginisip hiya nga matadong han dyos.”	what does scripture say? “Abraham believed God, and it was credited to him as righteousness.”
an suhol han tawo nga nagkakabudlay diri ini hatag ha iya, kundi katungod niya hin pagkarawat.	now to the one who works, wages are not credited as a gift but as an obligation.
“palaran hira kanay mga kasaypanan ginpasaylo han dyos, kanay mga sala iya ginpara!	“blessed are those whose transgressions are forgiven, whose sins are covered.
palaran an tawo kanay mga sala diri na hinunumdoman han Ginoo!”	blessed is the one whose sin the Lord will never count against them.”
nagdadara an balaod han kasina han dyos; kundi kon waray balaod, waray man liwat pagtalapas han balaod.	because the law brings wrath. and where there is no law there is no transgression.
waray gud hiya magruhaduha nga makakahimo an dyos han iya iginsaad.	being fully persuaded that God had power to do what he had promised.
sanglit “hi Abraham ginisip han dyos nga matadong hiya” pinaagi hin pagtoo.	this is why “it was credited to him as righteousness.”
ini nga mga pulong, “ginisip hiya nga matadong,” diri la ini iginsurat para ha iya.	the words “it was credited to him” were written not for him alone,
tungod han aton mga sala igintubyan hiya basi patayon, ngan ginbanhaw hiya basi isipon kita nga matadong.	he was delivered over to death for our sins and was raised to life for our justification.
dida han pagilob aada an pagpahimuot han dyos, ngan dida han pagpahimuot han dyos aada an paglaom.	perseverance, character; and character, hope.
ano man ngayan an aton isisiring? magpapadayon ba kita hin pagpinakasala basi tumubo ha aton an grasya han dyos?	what shall we say, then? shall we go on sinning so that grace may increase?
diri ini mahihimo! namatay na kita dida han salauunanhon pa naton hin pagpadayon hin pagkabuhi dida han sala?	by no means! we are those who have died to sin; how can we live in it any longer?
kay kon napatay an tawo, waray na gahom an sala ha iya.	because anyone who has died has been set free from sin.
tungod nga namatay na kita upod kan Cristo, natoo kita nga mabubuhi man liwat kita upod ha iya.	now if we died with Christ, we believe that we will also live with him.
kay sayod kita nga ginbanhaw hi Cristo ngan diri na gud mamamataywaray na gahom ha iya an kamatayon.	for we know that since Christ was raised from the dead, he cannot die again; death no longer has mastery over him.
natalwas na kamo han sala ngan nahimo kamo nga mga oripon han pagkamatadong.	you have been set free from sin and have become slaves to righteousness.
han mga oripon pa kamo han sala, diri kamo oripon han pagkamatadong.	when you were slaves to sin, you were free from the control of righteousness.
hadto anay buhi ako nga bulag ha balaod; kundi han pagabot hini nga sugo, nabuhi an sala,	once i was alive apart from the law; but when the commandment came, sin sprang to life and i died.
ngan namatay ako. ngan an amo ngahaw nga sugo nga nahatag hin kinabuhi nagdara lugod ha akon hin kamatayon.	i found that the very commandment that was intended to bring life actually brought death.
namayada higayon an sala ngan pinaagi hini nga sugo nalimbongan ako ngan ginpatay ako han sala.	for sin, seizing the opportunity afforded by the commandment, deceived me, and through the commandment put me to death.
sanglit baraan an balaod ngan baraan, matadong, ngan maupay man liwat an sugo.	so then, the law is holy, and the commandment is holy, righteous and good.
maaram kita nga espirituhanon an balaod; kundi tawo ako nga may kamatayon, nga iginbaligya sugad nga oripon han sala.	we know that the law is spiritual; but i am unspiritual, sold as a slave to sin.
kon ginbubuhat ko an diri ko karuyag pagbuhaton, nagpapakita ini nga nauyon ako nga matadong an balaod.	and if i do what i do not want to do, i agree that the law is good.
sanglit diri gud ako an nagbubuhat hini nga butang, kundi an sala nga naguokoy dinhe ha akon.	as it is, it is no longer i myself who do it, but it is sin living in me.
diri ko ginbubuhat an maupay nga karuyag ko pagbuhaton; asay ko lugod ginbubuhat an maraot nga diri ko karuyag pagbuhaton.	for i do not do the good i want to do, but the evil i do not want to dothis i keep on doing.
sanglit hinsabtan ko ini nga balaod: nga kon karuyag ko magbuhat hin maupay, an maraot la lugod an akon ginpipili.	so i find this law at work: although i want to do good, evil is right there with me.
nalilipay gud ako han balaod han dyos ha sagod han akon kasingkasing.	for in my inner being i delight in gods law;
kamakalolooy ko nga tawo! hino in magtatalwas ha akon tikang hini nga lawas nga nagdadara ha akon ngadto ha kamatayon?	what a wretched man i am! who will rescue me from this body that is subject to death?
sanglit yana diri na paghuhukman ha karatan adton mga nahiusa na kan Cristo Jesus,	therefore, there is now no condemnation for those who are in Christ Jesus,
diri nakakalipay han dyos an nagsusugot han ira lawasnon nga kinaiya.	those who are in the realm of the flesh cannot please God.
sanglit, kabugtoan ko, mayada naton katungdanan nga mabuhi kita diri ha pagsunod han karuyag han aton lawasnon nga kinaiya.	therefore, brothers and sisters, we have an obligationbut it is not to the flesh, to live according to it.
mga anak han dyos an ginmamandoan han espiritu han dyos.	for those who are led by the spirit of God are the children of God.
an espiritu han dyos nakikigusa han aton espiritu hin pagpamatuod nga mga anak kita han dyos.	the spirit himself testifies with our spirit that we are gods children.
ginisip ko nga an mga ginaantos naton hini nga panahon diri gud sadang mahitanding han himaya nga ipadadayag ha aton.	i consider that our present sufferings are not worth comparing with the glory that will be revealed in us.
an ngatanan nga mga binuhat naghuhulat upod in malaomon nga paghingyap nga igpapadayag han dyos an iya mga anak.	for the creation waits in eager expectation for the children of God to be revealed.
kay maaram kita nga ngada yana nga panahon nagaaraba hin kasakit an ngatanan nga mga binuhat, sugad hin babaye nga tipagaranak.	we know that the whole creation has been groaning as in the pains of childbirth right up to the present time.
kundi kon naglalaom kita han diri naton nakikita, nagpapaabot kita hito hin mailobon.	but if we hope for what we do not yet have, we wait for it patiently.
ano pa man an aton masisiring mahitungod hini ngatanan? kon naugop ha aton an dyos, hino pa man in matipa ha aton?	what, then, shall we say in response to these things? if God is for us, who can be against us?
hino man in masumbong kontra han pinili nga mga tawo han dyos? an dyos ngahaw an naghukom nga diri hira salaan!	who will bring any charge against those whom God has chosen? it is God who justifies.
diri, ha butnga hini ngatanan mayada kita hingpit nga pagdaragan pinaagi ha iya nga naghigugma ha aton!	no, in all these things we are more than conquerors through him who loved us.
diri ako nasiring nga nakawang an saad han dyos; kay diri ngatanan nga mga tawo han Israel mga pinili han dyos.	it is not as though gods word had failed. for not all who are descended from Israel are Israel.
ngan diri amo la ini. kay an duha nga mga anak ni rebecca uusa la an amay nga amo hi Isaac nga aton ginikanan.	not only that, but rebekahs children were conceived at the same time by our father Isaac.
sumala han siring han kasuratan, “ginhigugma ko hi Jacob, kundi gindumtan ko hi Esau.”	just as it is written: “Jacob i loved, but Esau i hated.”
kon sugad, makakasiring ba kita nga diri matadong an dyos? Diri!	what then shall we say? is God unjust? not at all!
kay nagsiring an dyos kan Moises, “malolooy ako hadton buot ko kaluoyan, mapaid ako hadton buot ko pairan.”	for he says to Moses, “i will have mercy on whom i have mercy, and i will have compassion on whom i have compassion.”
sanglit an ngatanan nasandig diri han kinaruruyag o binubuhat han tawo, kundi han kalooy la han dyos.	it does not, therefore, depend on human desire or effort, but on gods mercy.
sanglit nalolooy an dyos han iya buot kalooyan, ngan pinapatiga niya an kasingkasing han buot niya patigahon.	therefore God has mercy on whom he wants to have mercy, and he hardens whom he wants to harden.
kay amo kita an iya tinawag, diri tikang la han mga judiyo, kundi tikang liwat han mga hentil.	even us, whom he also called, not only from the Jews but also from the Gentiles?
kay tutumanon dayon han Ginoo an iya paghukom han bugos nga kalibutan.”	for the Lord will carry out his sentence on earth with speed and finality.”
kabugtoan ko, akon gud ungara ug pagampo ha bugos ko nga kasingkasing nga matalwas unta an kalugaringon ko nga mga tawo!	brothers and sisters, my hearts desire and prayer to God for the Israelites is that they may be saved.
makakapatapod ako ha iyo nga mapaso gud an ira pagalagad sa dyos, kundi diri pinasikad hin matuod nga kinaadman.	for i can testify about them that they are zealous for God, but their zeal is not based on knowledge.
kay gintapos na ni Cristo an balaod, basi isipon nga matadong sa dyos an bisan hino nga natoo.	Christ is the culmination of the law so that there may be righteousness for everyone who believes.
“ayaw liwat pagpakiana, ‘hino in malusad ngadto ha kahiladman?’” (ha aton pa, pagbanhaw kan Cristo tikang han mga minatay).	“or ‘who will descend into the deep?’ ”” (that is, to bring Christ up from the dead).
nasiring an kasuratan, “adton natoo ha iya diri makakaawod.”	as scripture says, “anyone who believes in him will never be put to shame.”
sumala han siring han kasuratan, “matatalwas an bisan hino nga natawag han ngaran han Ginoo.”	for, “everyone who calls on the name of the Lord will be saved.”
kundi diri ngatanan kinmarawat han maupay nga sumat. nagsiring hi isaias ngahaw, “Ginoo, hino in tinmoo han amon mensahe?”	but not all the Israelites accepted the good news. for Isaiah says, “Lord, who has believed our message?”
sanglit an pagtoo natikang hin pamati han mensahe, ngan an mensahe natikang han pagwali kan Cristo.	consequently, faith comes from hearing the message, and the message is heard through the word about Christ.
amo man ito an paagi yana nga panahon: mayada gutiay nga hugpo nga ginpili han dyos tungod han iya kalooy.	so too, at the present time there is a remnant chosen by grace.
ngan nasiring hi David, “mabitik ngan madakop unta hira dida han ira mga kombite; mapukan unta hira, makastigo unta hira!	and David says: “may their table become a snare and a trap, a stumbling block and a retribution for them.
basi mangabugho an akon igkasi mga judiyo, ngan tungod hito matalwas an iba ha ira.	in the hope that i may somehow arouse my own people to envy and save some of them.
kundi masiring kamo, “oo, kundi ginbanggi an mga sanga paghatag hin lugar ha amon.”	you will say then, “branches were broken off so that i could be grafted in.”
waray malooy an dyos han mga judiyo nga pareho hin tinuod nga mga sanga; naghuhunahuna ba kamo nga malolooy hiya ha iyo?	for if God did not spare the natural branches, he will not spare you either.
hihimoon ko ini nga ginsabotan ha ira, kon kuhaon ko na an ira mga sala.”	and this is my covenant with them when i take away their sins.”
kay diri nababalhin an hunahuna han dyos mahitungod han iya ginpipili ngan ginpapakaupay.	for gods gifts and his call are irrevocable.
kay ginhimo han dyos an ngatanan nga mga tawo nga mga masupakon, basi makapakita hiya hin kalooy ha ira ngatanan.	for God has bound everyone over to disobedience so that he may have mercy on them all.
sumala han siring han kasuratan, “hino in maaram han hunahuna han Ginoo? hino in makakawaydong ha iya?	“who has known the mind of the Lord? or who has been his counselor?”
hino in nakahatag na ha iya hin bisan ano, basi makagbalos hiya?”	“who has ever given to God, that God should repay them?”
kon pagalagad, kinahanglan magalagad kita. kon pagtutdo, kinahanglan magtutdo kita.	if it is serving, then serve; if it is teaching, then teach;
kinahanglan kinasingkasing gud an iya paghigugma. pagdumti niyo an maraot, ngan pagpadayon kamo hin pagbuhat han maupay.	love must be sincere. hate what is evil; cling to what is good.
magmapaso an paghigugma niyo sugad hin magburugto dida kan Cristo, ngan pagtinahoray kamo.	be devoted to one another in love. honor one another above yourselves.
pagmaduruto kamo ngan ayaw kahubya. pagalagad kamo han Ginoo nga madasigon.	never be lacking in zeal, but keep your spiritual fervor, serving the Lord.
pagmalipayon kamo ha iyo paglaom, pagmapinailobon ha iyo mga kakurian, ngan pagampo kamo ha ngatanan nga panahon.	be joyful in hope, patient in affliction, faithful in prayer.
paangbita niyo han iyo mga butang an kabugtoan nga nagkikinahanglan, ngan karawata niyo adton mga nadangop ha iyo.	share with the lords people who are in need. practice hospitality.
duyogi hin kalipay adton mga malipayon; duyogi pagtangis adton mga nagtatangis.	rejoice with those who rejoice; mourn with those who mourn.
buhata an ngatanan nga mahihimo niyo hin pakigsangkay han ngatanan nga mga tawo.	if it is possible, as far as it depends on you, live at peace with everyone.
ayaw kamo pagpadaog han maraot; lugod daga niyo an maraot pinaagi han maupay.	do not be overcome by evil, but overcome evil with good.
karawata niyo an tawo nga maluya an pagtoo, kundi ayaw pakiglantugi ha iya mahitungod han iya kalugaringon nga panhunahuna.	accept the one whose faith is weak, without quarreling over disputable matters.
an pagtoo hin usa ka tawo natugot ha iya hin pagkaon hin bisan ano, kundi an tawo nga maluya an pagtoo nakaon la hin utan.	one persons faith allows them to eat anything, but another, whose faith is weak, eats only vegetables.
waray usa ha aton nga nabubuhi ha iya la kalugaringon, waray usa ha aton nga namamatay ha iya la kalugaringon;	for none of us lives for ourselves alone, and none of us dies for ourselves alone.
namatay ngan nabanhaw liwat hi Cristo basi magin Ginoo hiya han mga buhi ngan han mga minatay.	for this very reason, Christ died and returned to life so that he might be the Lord of both the dead and the living.
sanglit an kada usa ha aton mahatag hin kasayoran ngadto ha dyos han iya kalugaringon.	so then, each of us will give an account of ourselves to God.
ayaw itugot nga adton iyo gintatagad nga maupay pagtamayon han iba.	therefore do not let what you know is good be spoken of as evil.
ngan nalilipayan han dyos ngan naruruyagan han mga tawo an bisan hino nga nagaalagad kan Cristo hin sugad hini nga paagi.	because anyone who serves Christ in this way is pleasing to God and receives human approval.
sanglit kinahanglan dayuday talinguhaon ta an mga butang nga nagdadara hin kalinaw ngan nakakaparigon han tagsa tagsa ha aton.	let us therefore make every effort to do what leads to peace and to mutual edification.
an angay buhaton amo an diri na la pagkaon hin karne, paginom hin bino, o pagbuhat hin bisan ano nga makakapasala han iyo bugto.	it is better not to eat meat or drink wine or to do anything else that will cause your brother or sister to fall.
lugod magpahalipay kita ngatanan han aton kabugtoan tungod han ira kaupayan, basi magmarigon an ira pagtoo.	each of us should please our neighbors for their good, to build them up.
sanglit tungod han himaya han dyos, karawata an iyo igkasi mga magtinuohon sugad han pagkarawat ni Cristo ha iyo.	accept one another, then, just as Christ accepted you, in order to bring praise to God.
nasiring liwat, “paglipay kamo, mga hentil, upod han pinili nga mga tawo han dyos!”	again, it says, “rejoice, you Gentiles, with his people.”
ngan nasiring pa, “dayawa an Ginoo, ngatanan kamo nga mga hentil; dayawa hiya, ngatanan kamo nga mga tawo!”	and again, “praise the Lord, all you Gentiles; let all the peoples extol him.”
sanglit dida han pakigusa ko kan Cristo Jesus, makakaparayaw ako han akon pagalagad para han dyos.	therefore i glory in Christ Jesus in my service to God.
tungod hini waray ako hinanayon hin pagkada ha iyo.	this is why i have often been hindered from coming to you.
kundi ito yana tipakadto ako ha Jerusalem hin pagalagad han mga magtinuohon didto.	now, however, i am on my way to Jerusalem in the service of the lords people there.
kon kumada ako ha iyo, maaram ako nga maabot ako dara an bugos nga bendisyon ni Cristo.	i know that when i come to you, i will come in the full measure of the blessing of Christ.
maada unta ha iyo ngatanan an dyos nga aton burabod han kamurayaw. Amen.	the God of peace be with you all. Amen.
iginpapakilala ko ha iyo hi febe nga aton bugto nga babaye, nga nagataman han singbahan ha cencrea.	i commend to you our sister phoebe, a deacon of the church in cenchreae.
ipangumosta ako kanda priscila ug Aquila, an mga nagbulig ha akon ha pagalagad kan Cristo Jesus,	greet Priscilla and Aquila, my coworkers in Christ Jesus.
ipangumosta man ako kan Maria nga nagkabudlay hin duro para ha iyo.	greet Mary, who worked very hard for you.
ipangumosta ako kan ampliato, an hinigugma ko nga sangkay dida hin minagburugto nga pakigurosa tungod han Ginoo.	greet ampliatus, my dear friend in the Lord.
ipangumosta liwat ako kan herodion nga akon urupod, ngan han mga magtinuohon han panimalay ni narciso.	greet herodion, my fellow jew. greet those in the household of narcissus who are in the Lord.
ipangumosta ako kanda asincrito, flegonte, hermes, patrobas, hermas, ngan iba nga mga magtinuohon nga kaupod nira.	greet asyncritus, phlegon, hermes, patrobas, hermas and the other brothers and sisters with them.
paggikumostahay kamo pinaagi hin minagburugto nga harok. nangungumosta ha iyo an ngatanan nga mga singbahan ni Cristo.	greet one another with a holy kiss. all the churches of Christ send greetings.
ako, hi tercio nga tagsurat hini nangungumosta ha iyo sugad nga iyo igkasicristiano.	i, tertius, who wrote down this letter, greet you in the Lord.
namatay hi elimelec ngan nagusaan na la hi Naomi upod han iya duha nga mga anak nga kalalakenan.	now elimelek, naomis husband, died, and she was left with her two sons.
namatay liwat hira malon ug quilion, ngan nagusaan na gud la hi Naomi nga waray na bana ngan mga anak nga kalalakenan.	both mahlon and kilion also died, and Naomi was left without her two sons and her husband.
ngan nagsiring ha iya, “diri! maupod kami ha imo ngadto han imo mga tawo.”	and said to her, “we will go back with you to your people.”
han pagkasabot ni Naomi nga tiupod gud ha iya hi Ruth, waray na la hiya magaringasa.	when Naomi realized that Ruth was determined to go with her, she stopped urging her.
ginpakianhan ni boos an iya tinaporan, “hino ito nga batanon nga babaye?”	Boaz asked the overseer of his harvesters, “who does that young woman belong to?”
binmaton hi Ruth, “bubuhaton ko an ngatanan nga imo ginsiring.”	“i will do whatever you say,” Ruth answered.
sanglit kinmadto hi Ruth ha giriokan ngan ginbuhat niya sumala han ginsiring ha iya han iya ugangan nga babaye.	so she went down to the threshing floor and did everything her motherinlaw told her to do.
hito nga gabi tigda hiya nga nagmata, linmimbag hiya, ngan nahipausa nga may babaye nga nahigda ha iya tiilan.	in the middle of the night something startled the man; he turnedand there was a woman lying at his feet!
niyan kinmuha hi boos hin napulo nga mga pangulo han bungto ngan ginpalingkod liwat hira didto. han pagkalingkod na nira,	Boaz took ten of the elders of the town and said, “sit here,” and they did so.
ginkugos ni Naomi an bata, ginggakos niya, ngan ginmangnoan niya.	then Naomi took the child in her arms and cared for him.
matuod ini nga iya siring. tungod hini, kinahanglan sawayon mo hira ngan busai, basi makaangkon hira hin marigon nga pagtoo,	this saying is true. therefore rebuke them sharply, so that they will be sound in the faith
kundi kinahanglan igtutdo mo an igo ug angay han maupay nga pagturonan.	you, however, must teach what is appropriate to sound doctrine.
basi katutdoan an mga batanon nga kababayenan hin paghigugma han ira mga bana ngan mga anak,	then they can urge the younger women to love their husbands and children,
ha amo nga paagi aghata an batanon nga kalalakenan hin pagpugong han ira kalugaringon.	similarly, encourage the young men to be selfcontrolled.
kay iginpahayag han dyos an iya grasya para han katalwasan han ngatanan nga mga tawo.	for the grace of God has appeared that offers salvation to all people.
kundi han pagpakita na han kalooy ngan gugma han dyos nga aton magtaralwas,	but when the kindness and love of God our savior appeared,
ibinubo ha aton han dyos an Espiritu Santo santo pinaagi kan jesucristo nga aton magtaralwas,	whom he poured out on us generously through Jesus Christ our savior,
pahimangnoa, bisan na man la makaduha an tawo nga amo an tinikangan hin pagkabahinbahin, ngan ayaw na hiya tagda.	warn a divisive person once, and then warn them a second time. after that, have nothing to do with them.
maaram na kamo nga maraot in sugad hini nga tawo, ngan an iya mga sala amo ngahaw an nagpapamatuod nga sayop hiya.	you may be sure that such people are warped and sinful; they are selfcondemned.
