msb,hil
"Ginagalangan na Teofilo, damo na an nagtalinguha pagtipon sin mga istorya manungod san mga nangyari na didi.",Halangdon nga Teofilo:
An inda gintipon amo an ginpaaram na sa amon sadtoʼn sa katuna-tunai pa mga testigos kag mga paratukdo san Maayo Na Barita.,Madamo na nga mga tawo ang nagtinguha sa pagsulat sing sugilanon nahanungod sang mga butang nga nagkalatabo sa tunga namon.
Kaya pakatapos na masusi ko gayod tuna sa tuna hasta sa katapusan an tanan na pangyari nagtalinguha ako na isurat sa imo an pasurunod sani,Ginsulat nila ang ginsugid sa amon sang mga nakakita sini nga mga butang kag sang mga nagwali sang mensahe halin sa ginsugoran.
agod maaraman mo an kamatuudan manungod san tanan na gintukdo sa imo.,"Gani, tungod kay nausisa ko sing tul-id ini tanan nga mga butang halin sa ila ginsugoran, ginpakamaayo ko ang pagsulat sang pasunod nga kasaysayan sa imo,"
Amo ini an nangyari. San si Herodes pa an hadi san Judea igwaʼn padi sa grupo ni Abias na an ngaran Zacarias. An asawa niya si Elisabet hali sa lahi ni Aaron.,agod mahibaluan mo ang bug-os nga kamatuoran nahanungod sa mga butang nga natudlo na sa imo.
Pareho sinda mga matanos sa mata san Dios kay ginasunod gayod ninda sin maayo an tanan na mga kasuguan kag mga katukduan san Ginoo.,"Sang tion nga si Herodes amo ang hari sang Judea, may isa ka pari nga ginhingalanan kay Zacarias sa linya sang pagkapari ni Abias. Ang iya asawa si Elisabet nga kaliwat man sang panimalay sang mga pari."
Kaya lang wara sinda sin anak kay baog si Elisabet kag sinda pareho na gurang.,"Nagkabuhi sila sing matarong sa panulok sang Dios, kag nagtuman sang tanan nga mga kasugoan kag mga pagsulondan sang Ginoo."
"Usad sin adlaw, nagasirbe an grupo ni Zacarias sa templo san Dios bilang padi.",Wala sila sing bata tungod kay si Elisabet baw-as kag tigulang na sila.
"Susog san nakaugalian san mga kapadian, napili si Zacarias paagi sa pagripa na magsulod sa templo san Ginoo agod magsamba didto paagi san pagsunog sin pahumot na insenso.","Isa ka adlaw, turno na sang grupo ni Zacarias ang pag-alagad kag sia ang nag-alagad bilang isa ka pari sang Dios."
Sa luwas naman an tanan na katawuhan nagapangadyi myintras ginasunog an insenso.,"Suno sa kinabatasan sang mga pari, nagabotgabot sila kag sia ang napilian sa pagsunog sang insyenso sa altar. Gani nagsulod sia sa Templo sang Ginoo,"
Didto sa sulod may nakita si Zacarias na anghel san Ginoo na nakatindog sa banda tuo san altar na ginasunugan san insenso.,samtang ang madamo nga mga tawo nagapangamuyo sa gwa sa tion nga ginasunog ang insyenso.
Nangarat siya kag nakabatyag sin kahadlok.,May nagpakita didto sa iya nga isa ka anghel sang Ginoo nga nagatindog sa tuo nayon sang altar sa diin ginasunog ang insyenso.
"Pero nagsabi an anghel sa iya, “Zacarias, ayaw kahadlok kay ginpamatian na san Dios an imo pangadyi. Kaya magkakaanak kamo ni Elisabet sin lalaki kag siya pagangaranan niyoʼn Juan.",Sang pagkakita ni Zacarias sa anghel natublag sia kag hinadlukan gid.
“Igakalipay mo gayod siya kag amo man san kadamuan pagkaanak sa iya.,"Pero ang anghel nagsiling sa iya, “Zacarias, indi ka magkahadlok! Ginpamatian sang Dios ang imo pangamuyo kag si Elisabet nga imo asawa magaanak sing isa ka bata nga lalaki. Pagahingalanan mo sia kay Juan."
Magigin labaw siya sa mata san Ginoo kag dili gayod siya magainom sin bino o makahubog na irimnon. Bisan adto pa siya sa tiyan san iya iloy ada na sa iya an Espirito Santo.,"Magamalipayon kag magamasinadyahon ka, kag madamo ang magakalipay kon matawo sia!"
Damo na mga taga-Israel an pagapabalikon niya sa Ginoo na inda Dios.,Kay mangindaku sia sa panulok sang Ginoo. Indi sia mag-inom sing bino ukon ilimnon nga makahulobog. Kag mapun-an sia sang Espiritu Santo halin gid sa iya pagkatawo.
Magauna siya sa Ginooʼn Jesus pareho sa espirito kag poder ni Elias na propeta san Dios kasadto para papalanggaon gihapon an mga ama sa inda mga anak kag an mga sutil na mapabalik sa kadunungan pareho san mga matanos agod mapreparar an mga tawo na magin angay sa Ginoo.”,Pabalikon niya ang madamo nga mga tawo sang Israel sa Ginoo nga ila Dios.
"Ginhunga ni Zacarias an anghel, “Pan-o ako makasiguro sani? Gurang na ako kag amo man an akon asawa.”",Magauna sia sa Ginoo sa kusog kag gahom kaangay kay Elias nga propeta. Pasag-ulion niya ang mga amay sa ila mga anak. Palisuon niya ang mga di-masinulondon nga mga tawo pabalik sa panghunahuna sang mga matarong. Amanon niya ang mga tawo para sa Ginoo.”
"Nagsabat an anghel, “Ako si Gabriel na suruguon sa atubangan san Dios kag sinugo niya ako agod ipaabot sa imo ini na mga maayo na barita.","Si Zacarias nagpamangkot sa anghel, “Ano ang pagkahibalo ko kon matuod ini? Tigulang na ako kag subong man ang akon asawa.”"
Tandai ini! Magigin apa ka kag dili ka makasurmaton hasta na dili ini mangyari tungod na dili ka nagatuod san mga ginapangsabi ko sa imo na matuod man gayod na mangyayari sa tama na panahon.”,"Ang anghel nagsabat sa iya, “Ako si Gabriel nga nagatindog sa presensya sang Dios. Ginpadala niya ako sa paghambal kag sa pagsugid sa imo sining maayong balita."
Myintras an mga tawo sa luwas na nagahulat kan Zacarias nagngaralas kun nano kay nadugay siya sa sulod.,"Pero tungod kay wala ka magpati sang akon ginsugid sa imo nga matuman sa nagakaigo nga tion, magaapa ka. Indi ka makahambal tubtob sa adlaw nga matuman ining mga butang nga ginsiling ko.”"
San pagluwas niya wara na siya makasurmaton sa inda kag nagapasabot na lang sa inda paagi san kamot kay apa na siya. Kaya napanginanuhan ninda na si Zacarias nakakita sin pangitaon didto.,"Sa amo man nga tion, ang mga tawo naghinulat kay Zacarias. Natingala sila nga nadugayan sia sa sulod sang Templo."
San matapos na an panahon san iya pagtrabaho bilang padi nag-uli na siya.,Sang paggwa niya indi na sia makahambal sa ila. Gani nahangpan nila nga nakakita sia sing palanan-awon sa Templo. Nagsenyas na lang sia sa ila kay indi na sia makahambal.
Wara madugay an iya asawa na si Elisabet nagbudos kag sa sulod san lima ka bulan nagkulong siya sa inda balay.,"Sang matapos ang iya tion sa pag-alagad sa Templo, nagpauli sia."
"Ginsabi niya, “Himo ini san Ginoo sa akon kay sa iya kagustuhan hinali an kaaluhan na akon gintios sa mga tawo.”",Sang ulihi ang iya asawa nga si Elisabet nagbusong kag wala sia magguwagowa sa ila balay sa sulod sang lima ka bulan.
San ikaunom ka bulan san pagbudos ni Elisabet sinugo san Dios an anghel na si Gabriel pakadto sa Nazaret na usad na lungsod sa Galilea.,"Nagsiling sia, “Karon gintamod gid man ako sang Ginoo. Ginhimo niya ini agod kuhaon ang akon kahuloy-an sa atubang sang mga tawo!”"
Nagpakadto siya kan Maria na usad na birhen na ginapangasawa ni Jose hali sa lahi san dati na hadi na si David.,Sa ikan-om nga bulan sang pagbusong ni Elisabet ginpadala sang Dios si Gabriel nga anghel sa banwa sang Galilea nga ginatawag Nazaret.
"Pag-abot san anghel sa balay sani nagsabi siya, “Maglipay ka. Ikaw an pinalabi san Dios kag ada sa imo an Ginoo.”",May mensahe sia para sa isa ka birhen nga kalaslon sa isa ka tawo nga ginhingalanan kay Jose nga kaliwat ni Haring David. Ang ngalan sang dalaga amo si Maria.
Kinulbaan gayod si Maria san ginapanurmaton sa iya kag gin-isip-isip kun nano an gusto sabihon sani.,"Ang anghel nagkadto sa iya kag nagsiling, “Magkalipay ka! Ikaw ang labing nahamut-an, ang Ginoo yara sa imo!”"
"Pero ginsabihan siya san anghel, “Ayaw kahadlok, Maria, kay pinalabi ka sa mata san Dios.",Natublag gid si Maria sang ginsiling sang anghel kag nagpainuino sia kon ano ang kahulogan sang iya ginpanghambal.
Tandai! Magabudos kag magaanak kaʼn lalaki kag pagangaranan mo siyaʼn Jesus.,"Nagsiling ang anghel sa iya, “Indi ka magkahadlok, Maria, kay nahamut-an ka sang Dios."
Palabawon siya kag pagatawagon na Anak san Pinakalabaw na Dios. Pareho san iya kalulululuhan na si David pagapahadion siya san Ginooʼn Dios.,"Yari karon, magabusong ka kag magaanak sang isa ka bata nga lalaki, kag pagahingalanan mo sia kay Jesus."
Didto magahadi siya san lahi ni Jacob hasta na lang kag an iya kahadian waraʼn katapusan.”,"Mangindaku sia kag pagatawgon nga Anak sang Labing Mataas nga Dios. Ang Ginoong Dios magahimo sa iya nga hari kaangay kay David nga isa sang iya mga katigulangan,"
"Niyan, ginhunga ni Maria an anghel, “Pero pan-o ini mangyari na adi wara akoʼn asawa?”",kag manginhari sia sa walay katubtoban sa mga kaliwat ni Jacob kag ang iya ginharian wala sing katapusan!”
"Ginsabat siya san anghel, “Mapakada sa imo an Espirito Santo kag pagapabuduson ka san gahom san Pinakalabaw na Dios. Kaya an imo iaanak magin banal kag pagatawagon na Anak san Dios.","Si Maria nagpamangkot sa anghel, “Paano ang pagkahimo sini, kay birhen pa ako?”"
"Kitaa, bisan ngani an imo primahon na si Elisabet apisar san iya kagurangon nagbudos. Siya na ginatawag san mga tawo na baog yana ikaunom na ka bulan an iya pagbudos,","Ang anghel nagsabat, “Ang Espiritu Santo magakunsad sa imo, kag ang gahom sang Dios nga Labing Mataas magalikop sa imo. Tungod sini ang balaan nga bata nga matawo pagatawgon nga Anak sang Dios."
kay waraʼn imposible sa Dios.”,"Dumdoma bala ang imo pariente nga si Elisabet. Bisan tigulang na sia kag baw-as, nagabusong na sing anom ka bulan sang isa ka bata nga lalaki."
"Kaya nagsabat si Maria, “Suruguon ako san Ginoo. Mangyari lugod ini sa akon na ginsabi mo.” Tapos ginbayaan na siya san anghel.",Kay sa Dios wala sing bisan ano nga indi mahimo.”
"Pakalipas sin pira ka adlaw nag-apura si Maria pakadto sa usad na lungsod sa kabukidan san Judea,","Si Maria nagsiling, “Alagad ako sang Ginoo. Kabay nga matuman ini sa akon suno sa imo ginsiling.” Kag ang anghel nagbiya sa iya."
kag pagsulod sa balay ni Zacarias ginkumusta si Elisabet.,Sa tapos sadto si Maria nanghimos kag nagdalidali sa pagkadto sa isa ka banwa sa kabakuloran sang Judea.
Pakabati lang ni Elisabet san pangumusta ni Maria ada na sa iya an gahom san Espirito Santo kag insigida an bata sa iya tiyan naghiwag.,Nagkadto sia sa balay ni Zacarias kag iya gintamyaw si Elisabet.
"Tapos nagsurmaton si Elisabet sin makusog, “Pinalabi ka sa tanan na mga babayi kag pinalabi man an bata na ada sa imo tiyan.","Sang pagkabati ni Elisabet sang pagpanamyaw ni Maria, nagkibo ang lapsag sa iya tiyan. Napun-an si Elisabet sang Espiritu Santo,"
Malipay gayod ako na ginabisita san iloy san akon Ginoo,"kag sa mabaskog nga tingog naghambal, “Ikaw ang labing bulahan sa tanan nga mga babayi! Kag bulahan ang bata nga imo ginadala!"
kay pakabati ko lang san imo pangumusta an bata sa akon tiyan naghiwag sa dako na kalipay.,"Ngaa matabo ining daku nga butang sa akon, nga ang iloy sang akon Ginoo magbisita sa akon?"
"Oo, malipay ka na nagtuod na matutuman an gintuga sa imo san Ginoo.”","Kay sang pagkabati ko gid sang imo pagpanamyaw, ang lapsag sa akon tiyan nagkibo sa kalipay."
"Didi nagsabi si Maria,",Daw ano ka malipayon sa imo nga nagatuo nga matuman ang ginsiling sang Ginoo sa imo!”
"“O kalag ko, umawon mo an Ginoo.",Si Maria nagsiling:
"Nalilipay gayod ako dahilan sa Dios na akon Parasalbar,","“Ang akon tagipusoon nagadayaw sa Ginoo,"
kay napanginanuhan niya ako na mapainubuson niya na suruguon!,kag nagakalipay ang akon espiritu tungod sa Dios nga akon Manluluwas.
"Tuna niyan pagasabihon san tanan na katawuhan na palabi ako,","Kay gintamod niya ako, ang iya kubos nga alagad!"
kay siya na makagagahom na Dios ginhimuan ako sin maayo na mga gawi.,"Sugod subong ang tanan nga mga tawo magatawag sa akon malipayon,"
Banal an iya ngaran.,tungod sang dalagku nga mga butang nga nahimo sa akon sang Gamhanan nga Dios.
Tuna pa kasadto hasta yana ginakaluuyan niya an bisan sin-o na may paggalang sa iya.,Ang iya ngalan balaan.
Ginpakita niya an kusog san iya butkon kag binurulag an mga nagaisip na labaw sinda.,"Nagakaluoy sia sa mga nagatahod sa iya,"
May mga makagagahom na hadi na ginpalusad niya sa inda mga ingkudan,halin sa isa ka kaliwatan pakadto sa isa ka kaliwatan.
pero an mga mapainubuson ginpahitaas niya.,"Gingamit niya ang iya butkon sa pagpakita sang iya kusog,"
Ginpabuganaan niya an mga nagugutom pero an mga mayaman ginpahali sin waraʼn dara.,ginpaaplaag niya ang mga bugalon sa tagipusoon kag hunahuna.
54-55 Ginbuligan niya si Israel na iya suruguon kay nadumduman niya na maluoy kan Abraham kag san iya mga kaapu-apuhan hasta na lang.,"Ginpukan niya ang gamhanan nga mga hari gikan sa ila mga trono,"
Kaya natuman niya an iya gintuga sa aton mga kalulululuhan.”,kag ginbayaw niya ang mga kubos.
"Nagdayon si Maria kanda Elisabet sin matulo ka bulan, pakatapos nag-uli na.","Ginbusog niya sang maayo nga mga butang ang mga ginagutom,"
Nag-abot an panahon na magaanak si Elisabet kag nag-anak siya sin lalaki.,kag ginpalakat niya nga wala sing dala ang mga manggaranon.
"San mabatian san iya mga katarakin kag mga kaigmanghudan ini na dako na kaluoy na ginpakita sa iya san Ginoo, nakiusad sinda sa iya kalipay.","Gintuman niya ang iya saad sa aton mga katigulangan,"
Pag-ikawalo ka adlaw nagtiripon sinda agod ipaturi an bata. Didi ginaisip ninda na siya pagangaranan sin Zacarias na pareho san sa iya ama.,ginbuligan niya ang mga katawhan sang Israel nga iya mga alagad.
"Pero nagsurmaton an iya iloy, “Dili! Pagangaranan siyaʼn Juan.”",Gindumdom niya nga magkaluoy kay Abraham
"Ginsabihan ninda si Elisabet, “Aba! Wara man gali sin usad sa iyo pamilya an may ngaran na sugad sana.”",kag sa tanan niya nga mga kaliwat sa walay katubtoban!”
"Tapos, ginpasabot ninda an ama kun nano an gusto niya na ngaran sa bata.","Si Maria nagtener upod kay Elisabet sa sulod sang tatlo ka bulan, kag ugaling nagpauli."
"Nagpasabot sin masuratan an ama kag may ginsurat, “An ipangaran sa iya Juan.” Nangawa sinda tanan.","Karon nag-abot ang tion nga inugbata na ni Elisabet, kag nagbata sia sing lalaki."
Sadto dayon nakasurmaton si Zacarias kag nag-umaw sa Dios.,Ang iya mga kaingod kag mga pariente nakabati kon daw ano kadako ang kaluoy sang Ginoo sa iya kag nagkinalipay sila upod sa iya.
Nagkangarawa an tanan ninda na katarakin kag ini na pangyari gin-iristoryahan sa bilog na kabukidan san Judea.,"Sang walo na ka adlaw ang lapsag, nag-abot sila sa pagtuli sa iya. Kuntani hingalanan nila sia nga Zacarias nga amo ang ngalan sang iya amay."
"An tanan naman na nakabati ginsahuna-huna na lang idtoʼn tanan, “Nano daw an maaabtan sani na bata?” Ginsabi ninda ini kay naaraman ninda na an pagpalabi san Ginoo ada sa iya.","Pero ang iya iloy nagsiling, “Indi! Pagahingalanan sia kay Juan.”"
"Niyan, ada na kan Zacarias na iya ama an gahom san Espirito Santo kaya nagsabi,","Nagsiling sila sa iya, “Pero wala ka gid sing pariente nga amo ina ang ngalan!”"
“Umawon an Ginoo na Dios san Israel kay nagpakadi siya kag ginlibre an iya mga tawo.,Dayon nagsenyas sila sa iya amay sa pagpamangkot kon ano ang iya luyag nga ipahingalan sa bata.
Nagpadara siya sa aton sin makagagahom na Parasalbar hali sa lahi san iya suruguon na si David.,"Nagpangayo si Zacarias sing sulolatan kag nagsulat, “Hingalanan sia kay Juan.” Natingala gid sila tanan!"
Ini ginpahayag san Dios paagi sa iya mga banal na propeta kasadto na mga panahon,Sa gilayon makahambal na liwat si Zacarias kag nagdayaw sia sa Dios.
na isalbar kita niya sa aton mga kaaway kag sa tanan na nababadli sa aton.,"Ang ila tanan nga mga kaingod hinadlukan gid, kag ang balita nahanungod sining mga hitabo naglapnag sa tanan nga mga kabakuloran sang banwa sang Judea."
Ginkaluuyan niya an aton mga kalulululuhan sugad san gintuga kag nadumduman an iya banal na ginsumpaan.,"Ang tanan nga nakabati sini nga mga hitabo nagpamalandong kag nagpamangkot, “Mangin-ano ayhan ini nga bata?” Kay maathag nga ang gahom sang Ginoo yara sa iya."
Ini an gintuga kan Abraham na usad sani,Si Zacarias nga amay ni Juan napun-an sang Espiritu Santo kag nagtagna nga nagasiling:
na pagasalbaron kita sa aton mga kaaway agod wara kitaʼn kahadlok na makasirbe,"“Dayawon ta ang Ginoo, ang Dios sang Israel!"
sa kabanalan kag katanusan sa atubangan san Dios sa tanan na adlaw san aton pagkabuhay.”,Iya ginbisitahan kag ginluwas ang iya mga tawo.
"Paglingi niya sa bata nagsabi siya,","Ginpadala niya ang isa ka gamhanan nga Manluluwas para sa aton,"
"“Anak ko, pagatawagon ka na propeta san Dios na Pinakalabaw sa tanan.",ang isa nga kaliwat ni David nga iya alagad.
Mauuna ka sa Ginoo agod ipreparar an aagihan niya,"Amo ini ang iya ginsaad sang una paagi sa iya balaan nga mga propeta,"
kag ipaaram sa iya mga tawo na masasalbar sinda paagi sa pagpatawad san inda mga kasal-an.,"nga iya kita luwason gikan sa aton mga kaaway,"
Ini na pagpatawad paagi sa dako na kaluoy san aton Dios.,kag gikan sa gahom sang tanan nga nagadumot sa aton.
An pagsalbar niya pareho san pagsirak sa aton san adlaw,"Nagsiling sia nga kaluoyan niya ang aton mga katigulangan,"
para mapawaan idtoʼn nabubuhay sa kadulman san kasal-an kag nasa anino san kamatayon.,kag dumdomon niya ang iya balaan nga kasugtanan.
Magpakita man ina sa aton san paagi na mabuhay sa kalinaw.”,"73-74 Nagsumpa sia kay Abraham nga isa sang aton mga katigulangan,"
Pakatapos sani nagdako an bata kag an iya espirito nagkusog sa pagsunod sa Dios. Didto siya nagaistar sa disyerto hasta sa adlaw na siya nagtuna pagtukdo sa mga taga-Israel.,"kag nagsaad nga luwason niya kita gikan sa aton mga kaaway,"
Sadtoʼn panahon may sugo hali kan Cesar Augusto na magpalista an katawuhan na sakop san Roma.,Sa sadto nga mga adlaw nagmando si Emperador Augusto nga ang tanan nga ginsakpan sang Ginharian sang Roma magpalista.
Ini an primero na pagpalista san katawuhan na ginhimo san si Kirenio amo pa an gobernador sa Siria.,Ining nahauna nga pagpanglista nahanabo sang si Quirinio amo ang gobernador sang Siria.
Kaya an kada usad nag-uli sa lungsod san inda kalulululuhan agod magpalista.,Gani ang tagsatagsa nagpauli sa iya kaugalingon nga banwa sa pagpalista.
"Niyan, may tawo na an ngaran si Jose na naghali sa iya lungsod san Nazaret sa Galilea kag nagpakadto sa lungsod san dati na hadi na si David. Ini na lungsod ginatawag na Betlehem sa Judea. Nagkadto siya agod magpalista dahilan na siya kalahi ni David.","Halin sa banwa sang Nazaret sa Galilea, si Jose nagkadto sa Judea, sa banwa nga ginatawag Betlehem, sa diin natawo si Haring David. Nagkadto sia didto tungod kay sia kaliwat ni David."
An kaupod niya amo si Maria na iya magigin asawa na sadto na kaurason tikaanakon.,"Nagpalista sia upod kay Maria nga kalasalon na sa iya. Nagabusong na si Maria,"
Myintras na adto sinda nag-abot an oras san iya pag-anak.,kag samtang didto sila sa Betlehem nag-abot ang tion nga inugbata na niya.
"Didi gin-anak niya an iya subang na lalaki kag ginputos sa pambata na gamit, pakatapos ginhulid sa balalong kay wara na gayod sin bakante para sa inda sa istaran para sa mga dayunan.",Nagbata sia sang iya panganay nga lalaki. Ginputos niya ini sang lampin kag ginpahigda sa isa ka pasungan kay wala na sing lugar para sa ila sa balay nga dalayunan.
Halapit didto igwaʼn mga pastor sa kabukidan na pagkagab-i ginabantayan an inda mga karnero.,Sa sadto man nga lugar may mga manugbantay sang mga karnero nga nagapulaw sa latagon sa bilog nga gab-i sa pagbantay sang ila mga panong.
"Niyan, may nagpakita sa inda na anghel san Ginoo kag an kapawa san glorya san Ginoo nagpawa sa inda. Kaya nagkaharadlok gayod sinda.","Ang isa ka anghel sang Ginoo nagpakita sa ila, kag ang masanag nga kapawa sang Ginoo nagsilak sa ila. Hinadlukan gid sila,"
"Pero ginsabihan sinda san anghel, “Ayaw kamo kahadlok! Pamati, may maayo ako na barita para sa iyo na makapalipay gayod sa tanan na katawuhan.","pero ang anghel nagsiling sa ila, “Indi kamo magkahadlok! Kay nag-abot ako sa pagdala sa inyo sing maayong balita nga magahatag sing daku nga kalipay sa tanan nga mga tawo."
"Niyan pa lang sa Betlehem na lungsod ni David, may Parasalbar na gin-anak para sa iyo. Siya si Cristo na amo an Ginoo.","Karon gid nga adlaw natawo sa banwa ni David ang inyo Manluluwas, ang Cristo nga Ginoo!"
Adi an tanda para sa iyo: makikita niyo an bata na napuputos sa pambata na gamit kag nakahulid sa balalong.”,Amo ini ang tanda para sa inyo: makita ninyo ang isa ka lapsag nga naputos sang lampin kag nagahigda sa isa ka pasungan.”
"Insigida kaupod na san anghel, an damo pa gayod ka manada na anghel hali sa langit na nagaumaw sa Dios kag nagakaranta,",Sa hinali nagpakita ang isa ka daku nga grupo sang mga anghel sang langit kag nagbuylog sa sadto nga anghel kag nagkanta sila sini nga mga pagdayaw sa Dios:
"“Umawon an Dios sa pinakahitaas na langit,","“Dayawa ang Dios sa kalangitan,"
kay nagahatag siya sin katrangkiluhan sa mga tawo na iya ginakalipay sa duta.”,kag paghidait sa duta sa mga tawo nga iya nahamut-an!”
"Paghali sa inda san mga anghel na pabalik sa langit, nag-iristoryahan an mga pastor, “Hamos kita sa Betlehem kag kitaon ta ini na mga pangyayari na ginpaaram sa aton san Ginoo.”","Sang makahalin na ang mga anghel pabalik sa langit, ang mga manugbantay sang mga karnero nagsinilingay, “Dali makadto kita sa Betlehem kag tan-awon ta ining butang nga nahanabo nga ginpahayag sang Ginoo sa aton.”"
"Kaya nag-apura sinda pagkadto kag pag-abot nakita ninda si Maria, si Jose kag an nakahulid na bata sa balalong.","Gani, naglakat sila nga nagadalidali kag nakita nila si Maria kag si Jose, subong man ang lapsag nga nagahigda sa isa ka pasungan."
Pakakita ninda sa bata ginpanumat ninda an ginsabi sa inda manungod sa iya.,"Sang makita sang mga manugbantay ang lapsag, ginpanugid nila ang ginhambal sa ila sang anghel nahanungod sini nga bata."
Nagkangarawa an tanan na nakabati san ginpangistorya san mga pastor.,Ang tanan nga nakabati sini natingala gid sang ginpanugid sa ila sang mga manugbantay sang mga karnero.
Ini tanan na mga surmaton ginpasabuot na lang ni Maria pero ginparaisip-isip.,Pero gintipigan ni Maria ini nga mga butang kag ginpamalandungan sa iya tagipusoon.
Pakatapos nag-uli an mga pastor na ginapasalamatan kag ginaumaw an Dios tungod san tanan na inda naaraman kag nakita sugad gayod san ginsabi sa inda.,"Ang mga manugbantay sang mga karnero nagbalik nga nagakanta sang mga pagdayaw sa Dios tungod sang tanan nga ila nabatian kag nakit-an, suno gid sa ginhambal sang anghel sa ila."
"Pag-ikawalo ka adlaw kag panahon na san pagpaturi san bata, ginngaranan siyaʼn Jesus na amo an ngaran na ginsabi san anghel antes siya ginbudos.","Sa ikawalo nga adlaw, sang mag-abot na ang tion nga pagatulion ang lapsag, ginhingalanan sia kay Jesus, ang ngalan nga ginhatag sang anghel sa wala pa sia ginpanamkon sang iya iloy."
Pagkaadlaw naman san seremonyas san paglinis sa mag-iloy susog sa Kasuguan ni Moises gindara ninda si Jesus pa-Jerusalem. Didto sa templo ginhalad siya ninda sa Ginoo para magin iya suruguon,"Nag-abot ang tion nga si Jose kag si Maria kinahanglan magtuman sang seremonya sang pagpaninlo suno sa Kasugoan ni Moises. Gani, gindala nila ang bata sa Jerusalem agod ihalad sia sa Ginoo."
susog sa sugo san Ginoo na “an tanan na subang na lalaki ihalad sa Ginoo.”,"Kay nasulat sa kasugoan sang Ginoo, “Ang tagsa ka panganay nga lalaki ihalad sa Ginoo.”"
Amo man bilang sakripisyo susog sa Kasuguan san Ginoo maghalad sin “usad na padis na salampati o dili kaya duha na piso na balod.”,"Nagdulot man sila sing halad suno sa nasiling sa kasugoan sang Ginoo, “Isa ka pares sang tukmo, ukon duha ka kuyabog nga mga pating.”"
"Niyan, didto sa Jerusalem igwaʼn lalaki na an ngaran Simeon. Matanos siya kag diosnon na tawo. Nagalaom siya san pagkasalbar san katawuhan san Israel kag an Espirito Santo ada sa iya.","Sa sadto nga tion may tawo nga nagaestar sa Jerusalem nga ang iya ngalan si Simeon. Ini nga tawo matarong kag matinuohon sa Dios, kag nagahulat sang pagluwas sa Israel. Ang Espiritu Santo yara sa iya,"
Ginpaaram siya san Espirito Santo na dili siya mamamatay hasta na dili niya makita an Mesias na gintuga san Ginoo.,kag nagpasalig sa iya nga indi sia mapatay sa wala pa niya makita ang ginsaad sang Ginoo nga Cristo.
"Niyan, sa paggiya san Espirito nagpakadto siya sa templo kag san gindara na san ginikanan an bata na si Jesus didto agod masunod an nasabi sa Kasuguan,","Sa pagtuytoy sang Espiritu, si Simeon nagkadto sa Templo. Sang gindala ang bata nga si Jesus sang iya mga ginikanan sa Templo agod himuon sa iya ang ginasiling sang Kasugoan,"
"ginkugos ni Simeon an bata kag gin-umaw an Dios,",ginkugos ni Simeon ang bata kag nagpasalamat sia sa Dios nga nagasiling:
"“Yana, O Ginoo, pwede mo na bawian sin buhay an imo suruguon.","“Karon, O Ginoo, gintuman mo ang imo saad,"
May katrangkiluhan na ako kay gintuman mo na an imo gintuga sa akon,kag mapataliwan mo na ang imo alagad sa paghidait.
tungod na nakita ko na an Parasalbar,"Kay ang akon mga mata nakakita sang imo kaluwasan,"
na imo ginpreparar na makita san tanan na nasyon.,nga gin-aman mo sa atubang sang tanan nga mga katawhan:
Siya an ilaw na magagiya sa mga dili-Judio sa kamatuudan kag maghatag sin galang sa imo mga taga-Israel.”,"Isa ka kapawa nga magapahayag sang imo kabubot-on sa mga Hentil,"
Kaya nagngalas an ginikanan san bata sa mga ginsabi manungod sa iya.,kag magadala sang kadungganan sa imo mga tawo nga Israelinhon.”
"Tapos ginbendisyunan sinda ni Simeon kag ginsabihan si Maria an iloy, “Tandai, ini na bata amo an ginpili san Dios para sa kapeligrohan san iba kag pagkasalbar man san iba sa Israel. Usad siya na tanda hali sa Dios na igasikway san kadamuan.",Ang amay kag iloy sang bata natingala gid sang ginpanghambal ni Simeon nahanungod sa iya.
Kaya an maraot ninda na kaisipan maaaraman. Sa parte mo naman an pagtios bagaʼn matarom na ispada na matusok sa imo sadiri na puso.”,"Si Simeon nagbendisyon sa ila kag nagsiling kay Maria nga iloy sang bata, “Ini nga bata ginpili sang Dios nga manginkalaglagan kag manginkaluwasan sang madamo sa Israel. Sia mangintanda halin sa Dios nga pagakontrahon sang madamo,"
36-37 Didto igwa man sin propeta na babayi na an ngaran niya si Ana. Anak siya ni Fanuel na hali sa lahi ni Aser kag gurang na siya. Pito ka tuig an iya pag-asawa antes siya nabiyuda pero 84 na niyan an iya edad. Dili na gayod siya nagahali sa templo kundi adlaw gab-i didto an iya pag-umaw sa Dios na may pag-ayuno kag pagpangadyi.,"kag magapahayag sang ila tinago nga mga panghunahuna. Kag ang kalisod, subong sang isa ka matalom nga espada, magatuhog sang imo kaugalingon nga tagipusoon.”"
Nag-abot siya sadto mismo na oras kag nagtuna pagpasalamat sa Ginoo kay nakita man si Jesus. Ginsurmaton pa niya an manungod sa bata sa tanan na nagalaom san pagkalibre san Jerusalem.,May propeta nga babayi nga si Ana nga anak ni Fanuel gikan sa tribo ni Aser. Sia isa ka tigulang nga pito ka tuig lang ang ila pagpuyo sang iya bana kag mabalo sia.
"San natuman na san ginikanan ni Jesus an tanan susog sa Kasuguan san Ginoo, nag-uli na sinda sa inda sadiri na lungsod na Nazaret na sakop san Galilea.",Otsentay kwatro na ka tuig ang iya edad kag wala gid sia maghalin sa Templo. Sa adlaw kag gab-i nagasimba sia sa Dios nga nagapuasa kag nagapangamuyo.
Nagdako an bata kag nagin masarig kag madunong kag ginaataman siya sin maayo san Dios.,"Sa sadto gid nga takna nag-abot sia kag nagpasalamat sa Dios, kag nagpanugid sia nahanungod sa bata sa tanan nga mga tawo nga nagahulat sang paghilway sang Dios sa Jerusalem."
Tuig-tuig nakaugalian na san mga ginikanan ni Jesus na magpakadto sa Jerusalem para sa Pyista san Paskwa.,"Sang matuman na ni Jose kag ni Maria ang tanan suno sa Kasugoan sang Ginoo, nagbalik sila sa Nazaret sa ila ginaestaran nga banwa sa Galilea."
San dose anyos na siya nagpakadto sinda para sa Pyista pareho san dati na ninda na ginahimo.,"Ang bata nagtubo kag nagbakod, nga napun-an sang kaalam, kag ang Dios nahamuot sa iya."
San mauli na sinda pakatapos san Pyista si Jesus nagpabilin sa Jerusalem na waraʼn kaaraman an iya mga ginikanan.,Tuigtuig ang mga ginikanan ni Jesus nagakadto sa Jerusalem sa Piesta sang Pascua.
Nagahuna sinda na si Jesus kaupod san iba na nagaralakat. San mausad na ka adlaw an inda paglakat ginparahanap na ninda si Jesus sa inda mga igmanghod kag mga kakilala.,Sang dose na ka tuig ang edad ni Jesus nagpamiesta sila subong sang kinaandan nga ginahimo nila.
San wara na ninda makita nagbalik sinda sa Jerusalem na nagaparahanap sa iya bisan diin.,"Sang tapos na ang piesta nagpauli sila, pero ang bata nga si Jesus nagpabilin sa Jerusalem nga wala matalupangdi sang iya mga ginikanan."
"San ikatulo na ka adlaw nakita ninda si Jesus sa templo. Didto nagaingkod siya kaurupod san mga maestro san Kasuguan, nagapamati kag nagahinunga sa inda.","Naghunahuna sila nga yara man lang sia upod sa ila mga kaupdanan, gani nakapanglakaton na sila sing isa ka adlaw kag dayon ginpangita nila sia sa ila mga pariente kag mga abyan."
An tanan na nakabati sa iya nangawa san iya kadunungan kag mga panabaton.,"Wala nila sia makita, gani nagbalik sila sa Jerusalem sa pagpangita sa iya."
"San makita siya nginarat man an iya mga ginikanan. Pakatapos ginhunga siya san iya iloy, “Anak, nano kay sugad ka sana? Kitaa, kay nahandal kag nagparahanap kami sa imo.”",Sa ikatlo nga adlaw nakita nila sia sa Templo nga nagapungko upod sa mga manunodlo nga Judio nga nagapamati kag nagapamangkot sa ila.
"Ugaling ginhunga man sinda ni Jesus, “Nano kay ginaparahanap niyo ako? Dili ba niyo aram na dapat ako nasa balay man san akon Ama?”",Ang tanan nga nakabati sa iya natingala gid sa iya kaalam kag mga sabat.
Pero wara ninda masabuti an iya gusto sabihon.,"Natingala ang iya mga ginikanan sang makita nila sia, kag ginsingganan sia sang iya iloy, “Noy, ngaa man nga ginhimo mo ini sa amon? Tan-awa bala, nalisdan gid kami ni tatay mo sa pagpangita sa imo.”"
"Tapos, nag-uli siya kaupod na ninda pa-Nazaret kag didto masinunudon na sa inda pero an tanan ginsabuot na lang san iya iloy.","Nagsabat sia sa ila, “Ngaa bala nga ginapangita gid ninyo ako? Wala bala kamo makahibalo nga kinahanglan nga yara ako sa balay sang akon Amay?”"
"Nagdako si Jesus, nagdugang an iya kadunungan kag nakapalipay sa Dios kag sa mga tawo.",Pero wala sila makahangop sang ginhambal niya sa ila.
"Ikakinsi ka tuig san paghadi ni Tiberio Cesar, si Poncio Pilato amo man an gobernador san Judea. Si Herodes naman an namumuno san Galilea. An iya kamanghod na si Felipe amo an namumuno san lugar san Iturea kag Traconite kag si Lesanias amo man an namumuno san Abilinia.","Karon ika-15 na nga tuig sang paggahom ni Emperador Tiberio; si Poncio Pilato amo ang gobernador sang Judea, si Herodes ang pangulo sang Galilea, kag si Felipe nga iya utod ang pangulo sang rehiyon sang Iturea kag Traconite; si Lisanias ang pangulo sang Abilinia,"
Sani pa na panahon an mga namumuno san kapadian amo sinda Anas kag Caifas. Sani man nakaabot an tugon san Dios kan Juan na anak ni Zacarias didto sa disyerto.,kag si Anas kag si Caifas amo ang Pinakamataas nga mga Pari. Sa amo nga tion ang Dios nagpadala sang iya mensahe kay Juan nga anak ni Zacarias nga nagaestar sa desierto.
"Niyan, nagtukdo si Juan sa mga tawo sa mga probinsya sa magluyo san suba san Jordan na sinda magpabunyag sa pagpamatuod na nagbaya na sinda sa kasal-an agod patawadon sinda san Dios.","Gani nagpanglakaton sia sa bug-os nga kadutaan sang Jordan nga nagawali, “Untati ninyo ang pagpakasala kag magpabautiso, kag ang Dios magapatawad sang inyo mga sala.”"
"Manungod sani na tawo nasurat san propeta na si Isaias sa libro san iya mga ginsabi,",Ini suno sa ginsulat ni Isaias nga propeta sa iya libro:
“May nagasiyak sa disyerto,“May nagawali sang mabaskog sa desierto:
‘Preparara an agihan sa pag-abot san Ginoo.,"‘Amana ninyo ang alagyan para sa Ginoo,"
Tadunga an iya mga pagaagihan.,maghimo kamo sing tadlong nga dalan nga iya pagaagyan!
"An tanan na mga hamubo na lugar dapat abunuhan, pataga an tanan na mga kabukidan. An paliku-liko na mga agihan dapat tadungon kag dapat punuan an mga lubak-lubak na dalan.","Ang tagsa ka nalupyakan tampukan,"
"Pakatapos an magasalbar na hali sa Dios makikita san tanan na katawuhan.’,”","ang tagsa ka bukid kag bakulod tapanon,"
"Kaya sinabihan ni Juan an kadamuan na nagkaradto agod magpabunyag sa iya, “Kamo na bagaʼn mga sawa, nano, ginaisip niyo na makadulag sa maabot na grabe na kaurit san Dios?","ang tiko nga mga dalan tadlungon,"
"Kun nagabasol kamo kag nagabaya san mga kasal-an maghimoʼn mga pagpamatuod sani kay basi iniisip niyo na dili na niyo kinahanglan magbaya san pagkasala pa kay si Abraham an iyo kalulululuhi kaya masasalbar na kamo. Ayaw kamo pag-isip sana. Ginasiguro ko sa iyo na bisan mga kalahi kamo ni Abraham kinahanglan niyo magbasol kag magbaya san pagkasala. Kun habo kamo, kaya san Dios na makahimo sin tunay na mga kalahi ni Abraham hali sani na mga bato didi imbes sa iyo.",kag ang batsihon nga mga dalan kaayuhon.
"Niyan, bagaʼn mga kahoy kamo kag bisan ngani yana preparado na an wasay na iuutod sa gamot san mga kahoy. Idtoʼn dili nagabungaʼn matahom pupuludon kag igadabok.”",Ang tanan nga mga katawhan makakita sang kaluwasan sang Dios!’”
"Naghurunga sa iya an mga kadamuan, “Nano man gali an dapat namon himuon?”","Madamo nga mga tawo ang nagkadto kay Juan agod mabautisohan niya sila. Nagsiling sia sa ila, “Mga kaliwat sang man-og! Sin-o ang nagsiling sa inyo nga makapalagyo kamo sa silot sang Dios nga madali na lang mag-abot?"
"Nagsabat si Juan, “An duha an bado dapat ibahin niya an usad sani sa tawo na wara kag idtoʼn igwaʼn ginakaon amo man an iya himuon.”",Pamatud-i sa inyo mga buhat nga nagbiya kamo sa inyo mga sala. Indi kamo magsiling sa inyo mga kaugalingon nga si Abraham isa sang inyo mga kaliwat kay ginasiling ko sa inyo nga ang Dios makahimo sing mga kaliwat para kay Abraham halin sa sini nga mga bato!
"Igwa man sin mga parasukot san buwis na nagkaradto para magpabunyag kag naghunga sa iya, “Sir, saka kami, nano an dapat namon himuon?”",Ang Dios handa na sa pagwasay sang mga kahoy sa ila mga gamot. Gani ang tagsa ka kahoy nga wala nagapamunga sing maayo pagatapson kag idap-ong sa kalayo.”
"Ginsabat sinda ni Juan, “An tama lang gayod an isukot niyo.”","Ang mga tawo namangkot sa iya, “Ti, ano karon ang amon himuon?”"
"May mga suldados man na naghunga sa iya, “Saka kami gali? Nano man an dapat namon himuon?” Nagsabat siya, “Ayaw pagpangwarta paagi sa pakusugan o buwa na pag-akusar kundi kinahanglan na makontento kamo san iyo sweldo!”","Nagsabat sia, “Ang bisan sin-o sa inyo ang may duha ka panid nga bayu ihatag niya ang isa sa wala sing bayu, kag ang bisan sin-o sa inyo ang may kalan-on maghatag sa iya nga wala sing kalan-on.”"
"Niyan, sa dako na paglaom sa gintuga san Dios na maabot an Cristo nagahuna an katawuhan na basi si Juan amo siya,","May mga manugsukot sang buhis nga nag-abot sa pagpabautiso, kag nagpamangkot sila sa iya, “Manunodlo, ano ang himuon namon?”"
"pero ginsabat sinda tanan ni Juan, “Ako an nagapambunyag sa iyo paagi sa tubig pero igwaʼn maabot na mas makagagahom pa ki sa akon kaya dili ngani ako angay bisan maghubad san sintas san iya mga sandalyas. Siya an magabunyag sa iyo paagi sa Espirito Santo kag kalayo.","Nagsabat sia sa ila, “Indi kamo magsukot sing sobra sang sa ginasugo sa inyo.”"
Pagabulagon niya an mga maraot na tawo sa mga maayo pareho san paghimalid para ibulag an mga upa kag titipunon naman an mga humay sa kamalig. Pakatapos an mga upa susunugon niya sa dili mapaparong na kalayo.”,"May mga soldado nga nagpamangkot man sa iya, “Ti, kami iya, ano ang amon himuon?”"
"Niyan, paagi san damo pa na mga pakisurmaton gintukdo sa inda ni Juan an maayo na barita manungod kan Cristo.","Nagsabat sia sa ila, “Indi kamo magkuha sang kwarta bisan kay sin-o sa pakusog nga paagi ukon sa pagbutangbutang. Magkuntento kamo sang inyo sweldo.”"
Pero an namumuno na si Herodes ginparasaway ni Juan dahilan na ginasambay si Herodias na asawa na san kamanghod sani kag san iba pa na mga karautan na ginhimo.,"Nagdugang na gid ang pagpaabot sang mga tawo, kag nagpamangkot sila sa ila mga panghunahuna, kon si Juan bala amo na ayhan ang Cristo."
Ginpanamas pa ni Herodes ini tanan san ginpapriso niya si Juan.,"Gani si Juan nagsiling sa ila tanan, “Ginabautisohan ko kamo sang tubig, pero may isa nga magaabot nga mas gamhanan pa sang sa akon. Indi gani ako takos sa paghubad sang higot sang iya mga sandalyas. Pagabautisohan niya kamo sang Espiritu Santo kag sang kalayo."
Pero antes sani na pangyayari may adlaw na pakapabunyag san tanan na katawuhan didto kag pakatapos mismo pagbunyag kan Jesus. Myintras nagapangadyi siya nagbuka an langit kag,"Ginauyatan na niya ang iya inugpahangin sa pagpain sang tinggas sa upa. Dayon pagatipunon niya ang tinggas nga uyas sa iya bodega, pero pagasunogon niya ang upa sa kalayo nga indi gid mapalong.”"
"an Espirito Santo na nagapaitsura bagaʼn salampati naglusad pakadto sa iya. Pakatapos may boses na nabati hali sa langit, “Ikaw an akon palangga na Anak na ginakalipay ko gayod.”",Gani sa madamo kag nagkalainlain nga paagi nagwali si Juan sang Maayong Balita sa mga tawo.
San pagtuna ni Jesus pagtukdo mga 30 anyos na an iya edad. Anak siya ni Jose na amo ini an paghuna san mga tawo.,"Pero ginsaway niya si Herodes nga Gobernador tungod kay ginpuyo niya si Herodias nga asawa sang iya utod, kag tungod sang madamo nga mga kalautan nga nahimo niya."
Si Jose anak ni Eli,Dayon si Herodes naghimo pa gid sing malain nga butang paagi sa pagpabilanggo kay Juan.
na anak ni Matat. Ini si Matat anak ni Levi na anak ni Melqui kag si Melqui naman anak ni Jana na anak ni Jose.,"Karon sang mabautisohan na ang tanan nga mga tawo, si Jesus ginbautisohan man. Sang nagapangamuyo sia, nag-abri ang langit"
Si Jose anak ni Matatias na anak ni Amos. Ini si Amos anak ni Nahum na anak ni Esli. Si Esli anak ni Nage,"kag ang Espiritu Santo sa dagway sang pating nagkunsad sa iya. Dayon may isa ka tingog halin sa langit nga nagasiling, “Ikaw ang akon hinigugma nga Anak. Nalipay gid ako sa imo.”"
na anak ni Maat na anak ni Matatias. Si Matatias anak ni Semei na anak ni Jose. Si Jose anak ni Juda,"Sang pagsugod ni Jesus sang iya bulohaton mga traynta na ka tuig ang iya edad. Abi sang mga tawo, anak sia ni Jose nga anak ni Eli."
na anak ni Joana. Si Joana anak ni Resa na anak ni Zorobabel na anak ni Saltiel na anak ni Neri.,"Si Eli anak ni Matat, si Matat anak ni Levi, si Levi anak ni Melqui, si Melqui anak ni Jane, si Jane anak ni Jose,"
Si Neri anak ni Melqui na anak ni Adi. Ini si Adi anak ni Cosam na anak ni Elmodam na anak ni Er.,"si Jose anak ni Matitias, si Matatias anak ni Amos, si Amos anak ni Nahum, si Nahum anak ni Esli, si Esli anak ni Nagge,"
Si Er naman anak ni Josue na anak ni Eliezer na anak ni Jorim na anak naman ni Matat. Si Matat anak ni Levi,"si Nagge anak ni Maat, si Maat anak ni Matatias, si Matatias anak ni Semein, si Semein anak ni Jose, si Jose anak ni Joda,"
na anak ni Simeon na anak ni Juda kag ini si Juda anak naman ni Jose na anak ni Jonan na anak ni Eliaquim,"si Joda anak ni Joanan, si Joanan anak ni Resa, si Resa anak ni Zorobabel, si Zorobabel anak ni Salatiel, si Salatiel anak ni Neri,"
na anak ni Melea. Ini si Melea anak ni Mainan na anak ni Matat na anak ni Natan na anak ni David.,"si Neri anak ni Melqui, si Melqui anak ni Adi, si Adi anak ni Cosam, si Cosam anak ni Elmadam, si Elmadam anak ni Er,"
Si David anak ni Jesse na anak ni Obed kag si Obed anak naman ni Booz. Si Booz anak ni Salmon na anak ni Naason,"si Er anak ni Josue, si Josue anak ni Eliezer, si Eliezer anak ni Jorim, si Jorim anak ni Matat, si Matat anak ni Levi,"
na anak ni Aminadab na anak ni Admin. Si Admin anak naman ni Arni na anak ni Esrom na anak ni Fares. Ini si Fares anak ni Juda,"si Levi anak ni Simeon, si Simeon anak ni Judas, si Judas anak ni Jose, si Jose anak ni Jonam, si Jonam anak ni Eliaquim,"
na anak ni Jacob. Si Jacob anak ni Isaac na anak naman ni Abraham. Ini si Abraham anak ni Tare na anak ni Nacor.,"si Eliaquim anak ni Melea, si Melea anak ni Mena, si Mena anak ni Matata, si Matata anak ni Natan, si Natan anak ni David,"
Si Nacor anak ni Serug na anak ni Ragau na anak naman ni Peleg kag si Peleg anak ni Heber na anak ni Sala.,"si David anak ni Jesse, si Jesse anak ni Obed, si Obed anak ni Booz, si Booz anak ni Salmon, si Salmon anak ni Naason,"
"Si Sala anak ni Cainan na anak ni Arfaxad na anak ni Sem. Si Sem anak ni Noe na anak ni Lamec,","si Naason anak ni Aminadab, si Aminadab anak ni Admin, si Admin anak ni Arni, si Arni anak ni Ezron, si Ezron anak ni Fares, si Fares anak ni Juda,"
"na anak ni Metusalem na anak naman ni Enok. Si Enok anak ni Jared na anak ni Mahalaleel, na anak ni Cainan.","si Juda anak ni Jacob, si Jacob anak ni Isaac, si Isaac anak ni Abraham, si Abraham anak ni Tera, si Tera anak ni Nahor,"
Si Cainan anak ni Enos na anak naman ni Set kag si Set anak ni Adan na anak san Dios.,"si Nahor anak ni Serug, si Serug anak ni Reu, si Reu anak ni Peleg, si Peleg anak ni Eber, si Eber anak ni Sela,"
"Niyan, si Jesus nasa gahom san Espirito Santo na ada sa iya, naghali sa suba san Jordan kag gin-giyahan siya san Espirito pakadto sa disyerto. Adto siya didto sa sulod","Si Jesus nga napun-an sang Espiritu Santo nagbalik halin sa Jordan, kag gindala sia sang Espiritu sa desierto,"
san 40 ka adlaw na ginatintaran san demonyo. Sa sulod sadto na panahon nag-ayuno siya kag pakatapos ginutom.,"sa diin ginsulay sia sang Yawa sa sulod sang kwarenta ka adlaw. Wala sia magkaon sa sulod sina nga mga inadlaw, kag sa tapos sadto gingutom sia."
"Kaya sinabihan siya san demonyo, “Kun matuod na ikaw man gayod an Anak san Dios sugua ini na bato na magin tinapay.”","Ang Yawa nagsiling sa iya, “Kon ikaw ang Anak sang Dios, sugoa ining bato nga mangintinapay.”"
"Pero nagsabat si Jesus, “Nasurat sa Banal Na Kasuratan na, ‘Dili lang tinapay an makapabuhay sa tawo.’,”","Pero nagsabat si Jesus, “Ang kasulatan nagasiling, ‘Indi lamang sa tinapay mabuhi ang tawo.’”"
Pakatapos ginpasakat siya san demonyo sa hitaas na lugar kag sa usad lang na pagkipat ginpakita sa iya an tanan na kahadian san kinab-an,Dayon gindala sia sang Yawa sa isa ka mataas nga lugar kag ginpakita sa iya sa isa ka pamisok ang tanan nga mga ginharian sang kalibutan.
"kag sinabihan siya, “Ihahatag ko sa imo ini tanan na kagamhanan kag kabantugan sani na mga kahadian kay ini ginhatag sa akon kag ikakahatag ko sa magustuhan ko.","Nagsiling ang Yawa sa iya, “Ihatag ko sa imo ining tanan nga kagamhanan kag kamanggaran. Gintugyan ini tanan sa akon kag sarang ko ini mahatag sa bisan kay sin-o nga luyag ko hatagan."
Kaya kun pagasambahon mo ako ina tanan mapasa imo.”,Gani ini tanan mangin-imo kon magsimba ka sa akon.”
"Pero sinabat siya ni Jesus, “Nasurat sa Banal Na Kasuratan: ‘Sambahon mo an Ginoo na imo Dios kag siya lang gayod an imo dapat pagasirbihan.’,”","Nagsabat si Jesus, “Ang kasulatan nagasiling, ‘Magsimba ka sa Ginoo nga imo Dios kag sia lang ang imo alagaron!’”"
"Dinara naman siya san demonyo sa Jerusalem kag pinatindog sa alituktok san templo. Pakatapos sinabihan siya, “Kun matuod man gayod na ikaw an Anak san Dios lumukso ka hali didi,","Dayon gindala sia sang Yawa sa Jerusalem, kag ginpatindog sia sa pinakamataas nga bahin sang Templo kag nagsiling sa iya, “Kon ikaw ang Anak sang Dios, lukso ka paidalom."
"kay nasurat,","Kay ang kasulatan nagasiling, ‘Ang Dios magasugo sang iya mga anghel sa pagbantay sa imo’."
"‘Pagapabantayan ka niya sa iya mga anghel na atamanon ka,’","Kag nagasiling pa gid, ‘Bayawon ka nila sa ila mga kamot agod indi masamad bisan pa ang imo mga tiil sa mga bato.’”"
"kag usad pa,","Pero nagsabat si Jesus sa iya, “Ang kasulatan nagasiling, ‘Indi mo pagsulayon ang Ginoo nga imo Dios.’”"
"‘Pagahuyutan ka ninda agod bisan an imo mga tiil dili masakitan sa bato.’,”","Sang matapos sang Yawa ang tanan nga paagi sang pagsulay, ginbayaan niya anay si Jesus tubtob nga may kahigayunan na man sia."
"Pero ginsabat siya ni Jesus, “Nasurat na, ‘Dili mo dapat pagporbaran an Ginoo na imo Dios.’,”","Dayon si Jesus nagbalik sa Galilea, kag ang gahom sang Espiritu Santo yara sa iya. Ang balita nahanungod sa iya naglapnag sa palibot nga mga lugar."
"San maubos na san demonyo an tanan na paagi sa pagtintar sa iya, nagbaya an demonyo sa iya hasta naman na may panahon siya para matintaran gihapon.",Nagpanudlo sia sa ila mga sinagoga kag gindayaw sia sang tanan.
"Si Jesus na may gahom san Espirito Santo nagbalik sa Galilea. Nakalukop sa patalibod na mga lungsod an barita manungod sa iya,","Dayon si Jesus nagkadto sa Nazaret, sa diin sia nagdaku, kag sang Adlaw nga Inugpahuway nagkadto sia sa sinagoga suno sa iya kinaandan nga ginahimo. Nagtindog sia sa pagbasa sang mga Kasulatan"
kag pagtukdo niya sa mga sinagoga gin-umaw siya san tanan.,kag ginhatag sa iya ang libro ni Isaias nga propeta. Ginbukad niya ini kag nakita niya ang bahin diin nasulat ang masunod:
"Pag-abot ni Jesus sa Nazaret na iya gindak-an, nagsulod siya sa sinagoga sa Adlaw San Pagpahuway pareho san dati na niya ginahimo. Pagtindog niya para magbasa,","“Ang Espiritu sang Ginoo yari sa akon,"
"ginhatag sa iya an kasuratan san propeta na si Isaias. Ginbuklad ini ni Jesus kag pakahanapi san nakasurat didto manungod sa iya mismo, ginbasaʼn makusog.",tungod kay ginpili niya ako sa pagwali sang maayong balita sa mga imol.
“Adi sa akon an Espirito san Ginoo kay ginpili niya ako na magtukdo san maayo na barita sa mga pobre.,"Ginpadala niya ako sa pagpahibalo sang kahilwayan sa mga bihag,"
Ginsugo man niya ako para itukdo na,"kag sa pag-ayo sang panulok sang mga bulag,"
"may kalibrihan an mga nagkabirihag ni Satanas, kag sa mga buta na makakita sinda.","sa paghilway sang mga ginapigos,"
An mga ginadaug-daog ilibre hali sa mga nagadaug-daog sa inda.,kag sa pagpahibalo nga ang tion nag-abot na
Itukdo man sa tanan na adi na an panahon san pagasalbar san Ginoo san iya katawuhan.”,nga ang Ginoo magaluwas sang iya mga katawhan.’”
"Ginlukot gihapon niya an kasuratan, gin-uli sa kabulig kag nag-ingkod na. Niyan, an tanan sasinagoga nakamasid sa iya.","Gintakop ni Jesus ang libro, gin-uli sa manugbulig, kag nagpungko. Ang tanan nga mga tawo sa sinagoga nagtulok sa iya."
"Pakatapos nagtuna siya pagsurmaton sa inda, “Myintras nagapamati kamo natutuman na ini na nasurat.”","Nagsugod sia sa paghambal sa ila, “Ini nga dinalan sang kasulatan natuman karon nga adlaw samtang ginapamatian ninyo ang pagbasa sini.”"
"Nagkangarawa an tanan san iya mga matahom na panurmaton kag nauyunan siya. Pakatapos nagpahurunga-hunga sinda, “Dili ba anak lang ini ni Jose?”","Gindayaw sia sang tanan, kag natingala sila sang matahom nga mga pulong nga iya ginhambal. Nagsiling sila, “Indi bala sia anak ni Jose?”"
"Didi nagpadayon si Jesus pagsurmaton, “Tama gayod an paghuna ko na sasabihon niyo ini sa akon, ‘Duktor, bulunga anay an sadiri mo.’ An gusto niya sabihon, ‘Himuon man didi sa imo sadiri na lungsod an nabatian namon na ginhimo mo sa Capernaum.’,”","Nagsiling si Jesus sa ila, “Sa walay duhaduha magasiling kamo sa akon sining hulobaton, ‘Manugbulong, ayuha ang imo kaugalingon.’ Kag magasiling man kamo sa akon, ‘Abi, himua man diri sa imo kaugalingon nga banwa ang nabatian namon nga ginhimo nimo sa Capernaum.’”"
"Kaya nagdagdag siya, “Matuod an ginasabi ko sa iyo na waraʼn propeta na ginaako sa iya sadiri na lungsod.","Kag nagsiling pa gid si Jesus, “Nagasiling ako sa inyo: wala sing propeta nga ginabaton sa iya kaugalingon nga banwa."
"Pareho baga na damo sin mga biyuda sa Israel san panahon san propeta na si Elias san nagsira an langit sa sulod sin tulo ka tuig kag unom ka bulan na grabe na gutom an gintios san bilog na Israel,","Pamatii ninyo ako: matuod gid nga madamo ang mga babayi nga balo sa Israel sang panahon ni Elias, sang wala gid mag-ulan sa sulod sang tatlo ka tuig kag anom ka bulan kag may daku nga tiggulotom sa bug-os nga duta."
pero wara pagsugua si Elias san Dios bisan sa diin man sani na mga lugar kundi didto lang sa biyuda na dili-Judio pero taga-Sarepta sa lugar san Sidon.,"Pero si Elias wala ginpadala sa bisan kay sin-o sa ila, kundi sa babayi lang nga balo nga nagaestar sa Sarepta sa duta sang Sidon."
Sugad man san kapanahunan san propeta na si Eliseo damu-damoʼn mga leprosohon sa Israel pero wara gayod sa inda sin nabulong pwera lang kan Naaman na dili-Judio kundi taga-Siria.”,"Kag may madamo nga mga aruon sa Israel sang panahon ni Eliseo nga propeta, pero wala gid sing isa sa ila nga gin-ayo, kundi si Naaman lang nga taga-Siria.”"
Kaya san pakabati sani san mga tawo sa sinagoga nagkaururit gayod sinda sa iya.,Ang tanan nga mga tawo sa sinagoga naakig gid sang pagkabati nila sini.
"Tumirindog sinda, ginguyod paluwas san lungsod kag gindara ninda sa pangpang san bukid na natitindugan san inda lungsod agod iitsa siya,","Nagtindog sila kag ila ginganoy si Jesus pa gwa sa banwa, kag gindala nila sia sa ibabaw sang bakulod sa diin ang ila banwa napasad, agod ila sia itiklod sa pil-as."
pero nag-agi lang siya sa tunga san kadamuan kag binayaan sinda.,"Pero si Jesus nag-agi sa tunga nila, kag naglakat."
Pakatapos nagpakadto si Jesus sa Capernaum na lungsod san Galilea kag sa Adlaw San Pagpahuway nagatukdo siya sa mga tawo didto.,"Dayon si Jesus nagkadto sa Capernaum, isa ka banwa sang Galilea, sa diin nagpanudlo sia sa mga tawo sa Adlaw nga Inugpahuway."
Nagkangarawa sinda sa iya katukduan kay may poder an iya panurmaton.,"Natingala gid sila sang iya pagpanudlo, tungod kay naghambal sia nga may awtoridad."
"Didto sa sinagoga igwa sin tawo na nasudlan sin maraot na demonyo kag nagsiyak sin makusog,","May tawo didto sa sinagoga nga ginagamhan sang demonyo, kag nagsinggit sia sa mabaskog nga tingog,"
"“Ah! Jesus na taga-Nazaret, nano an pakilabot mo sa amon? Nano, nagkadi ka ba agod siraon kami? Aram ko kun sin-o ka. Ikaw an Banal na hali sa Dios.”","“A! Jesus nga taga-Nazaret, ano ang labot mo sa amon? Nag-abot ka bala sa paglaglag sa amon? Nahibal-an ko kon sin-o ka: ikaw ang Balaan nga ginpadala sang Dios!”"
"Pero ginsaway siya ni Jesus, “Puyo dida! Lumuwas ka sa iya!” Tapos pakapasagmok san demonyo sa tawo sa atubangan ninda, lumuwas na ini na wara na siya pagpasakiti.","Ginmanduan ni Jesus ang malaut nga espiritu nga nagasiling, “Maghipos ka, kag maggwa ka sa tawo!” Gintumba sang demonyo ang tawo sa atubang sang tanan. Naggwa sia sa tawo kag wala niya sia mahalitan."
"Kaya, nangarat gayod sinda tanan kag nagpahurunga-hunga, “Nano ini na klaseʼn surmaton? An mga maraot na espirito nasusugo niya na may gahom kag otoridad, tapos nagruluwas ini!”","Tanan sila natingala gid kag nagsinilingay, “Ano bala nga sahi sang mga pulong ini? Ini nga tawo nagamando nga may awtoridad kag gahom sa malaut nga mga espiritu kag nagagwa sila!”"
Kaya naglukop an barita manungod sa iya sa tanan na mga lungsod sa patalibod.,Kag ang balita nahanungod kay Jesus naglapnag sa tanan nga mga lugar sa palibot nga rehiyon.
Pagluwas ni Jesus sa sinagoga nagkadto siya sa balay ni Simon. Didto an ugangan na babayi ni Simon grabe an kalintura kaya nakimaluoy sinda kan Jesus na paayuhon ini.,"Si Jesus naggwa sa sinagoga kag nagkadto sa balay ni Simon. Ang ugangan nga babayi ni Simon nagamasakit nga may mataas nga hilanat, gani ginpangabay nila si Jesus sa pag-ayo sa iya."
Nagtindog si Jesus sa tungod san masakit kag ginpahali an kalintura sani. Sadto mismo hinaw-asan ini san kalintura san may sakit kaya bumangon dayon ini kag nag-asikaso sa inda.,"Ginkadtuan sia ni Jesus kag nagtindog sia sa tupad sang iya higdaan, kag ginmanduan ang hilanat nga maghalin sa iya. Nag-ayo sia sa iya hilanat kag sa gilayon nagbangon sia kag nag-amuma sa ila."
San matunod na an adlaw gindara san mga tawo sa iya idto tanan na may ginbatyag na manlain-lain na mga sakit. Pagdapat lang niya san iya kamot sa kada usad nag-arayo dayon.,"Sang makatunod na ang adlaw, ang tanan nga nagamasakit sa nagkalainlain nga mga balatian gindala sang ila mga abyan sa kay Jesus. Si Jesus nagtungtong sang iya mga kamot sa tagsatagsa sa ila kag gin-ayo niya sila tanan."
"Damo man na mga tawo an ginluwasan san mga demonyo na nagasiyak, “Matuod na Anak ka san Dios!” Pero ginsaway niya sinda kag wara pagtuguti na magsurmaton pa dahilan na aram ninda na siya an Cristo.","Ang mga demonyo naggulowa man sa madamo nga mga tawo, kag nagsilinggit, “Ikaw ang Anak sang Dios!”"
Pagkaaga naghali si Jesus kag nagpakadto sa mamingaw na lugar. Ginparahanap siya san katawuhan kag pakakita sa iya ginhawidan na dili sinda pagbayaan.,"Ginmanduan ni Jesus ang mga demonyo kag wala niya sila pagtugoti sa paghambal, tungod kay nakahibalo sila nga sia amo ang Cristo."
"Pero ginsabat niya sinda, “Dapat ko man itukdo an Maayo Na Barita san kahadian san Dios sa iba man na mga lungsod kay amo ina an katuyuan san akon pagpakadi.”","Sang pagbutlak sang adlaw, si Jesus naggwa sa banwa kag nagkadto sa maligwin nga lugar. Ang mga tawo nagpangita sa iya, kag sang makita nila sia nagtinguha sila sa paghawid sa iya."
Usad sin adlaw pagtindog ni Jesus sa may Danaw san Genesaret damo na mga tawo an nagsurusuan patalibod niya sa pagpamati san katukduan manungod sa Dios.,"Isa sadto ka adlaw, si Jesus nagatindog sa baybayon sang Linaw sang Genesaret. Ang mga tawo nagdinaguso pakadto sa iya sa pagpamati sang pulong sang Dios."
May nakita siyaʼn duha na baruto sa pangpang. Nakalusad na an mga parapangisda kag ginalinisan an inda mga lambat.,"Nakita niya ang duha ka sakayan nga yara na sa higad sang linaw, kag ang mga mangingisda nakapanaog na sa paghugas sang ila mga pukot."
Kaya sumakay siya sa baruto ni Simon kag naghangyo na ihuruharayo sa pangpang. Pakatapos nag-ingkod na siya sa baruto kag nagtukdo sa katawuhan.,Ang isa ka sakayan iya ni Simon. Ginsakyan ini ni Jesus kag ginpangabay niya si Simon nga itulak sing diutay ang sakayan halin sa baybayon. Nagpungko si Jesus sa sakayan kag nagpanudlo sa mga tawo.
"San mahuman na siya pagsurmaton sinabihan niya si Simon, “Magpalawod kamo kag didto ihulog an iyo mga lambat agod makapanguha.”","Sa tapos sia makahambal, nagsiling sia kay Simon, “Magpalawod ka kag ang imo mga kaupod kag iladlad ang inyo pukot, agod makakuha kamo sang mga isda.”"
"Nagsabat si Simon, “Sir, nag-aga kamiʼn katrabaho kag wara gayod sin nakuha pero dahilan sa ginsabi mo ihuhulog ko an mga lambat.”","Si Simon nagsabat, “Manunodlo, nagpamukot kami sa bug-os gid nga gab-i kag wala gid kami sing may nakuha. Pero kon amo ina ang siling mo, iladlad ko ang pukot.”"
San himuon ninda ini damu-damo sindaʼn nalambat na isda na nagkaparaksi na an inda mga lambat.,Ginladlad nila ang pukot kag nakakuha sila sing madamo nga isda sa bagay nga ang ila mga pukot daw magisi na.
Kaya ginpaypay ninda na mag-apiki an inda mga kaurupod na nasa iba na baruto agod buligan sinda. Nag-arapiki man sinda kag napuno ninda an duha na baruto na haros malunod na.,Gani ginpaypay nila ang ila mga kaupod sa isa ka sakayan sa pagpalapit kag sa pagbulig sa ila. Nagpalapit sila kag ginpuno nila ang duha ka sakayan sang isda sa bagay nga daw malunod na sila.
"San pakakita sani ni Simon Pedro nagluhod siya sa may atubangan ni Jesus na nagasabi, “Ginoo, bayai ako kay parakasala ako,”","Sang makita ni Simon Pedro ang natabo, nagluhod sia sa atubang ni Jesus kag nagsiling, “Palayo ka sa akon, Ginoo, kay makasasala ako nga tawo!”"
kay nangawa gayod siya san kadamuan san inda nakuha na isda.,Sia kag ang tanan niya nga mga kaupdanan natingala gid sa kadamo sang isda nga ila nakuha.
Amo man an iya mga kaurupod na sinda Santiago kag Juan na mga anak ni Zebedeo.,"Ang mga kaupod ni Simon nga si Santiago kag si Juan, nga mga anak ni Zebedeo, natingala man. Si Jesus nagsiling kay Simon, “Indi ka magkahadlok. Sugod karon magapangisda ikaw sang mga tawo.”"
"Pero ginsabihan ni Jesus si Simon, “Ayaw kahadlok kay magtuna niyan mga tawo na an imo lalambaton.”","Ginpatakas nila ang mga sakayan, ginbayaan nila ang tanan kag nagsunod kay Jesus."
Kaya pagdungka ninda ginbayaan an tanan kag nag-upod para magin sumurunod niya.,"Sang isa ka tion si Jesus didto sa isa ka banwa sa diin may isa ka tawo nga puno sang aro ang iya bug-os nga lawas. Sang pagkakita niya kay Jesus naghapa sia sa duta kag nagpakitluoy sa iya, “Sir, kon luyag mo, sarang mo ako maayo!”"
"San adto si Jesus sa usad na lungsod may nag-abot na tawo na puno an lawas sin leproso. Pakakita niya kan Jesus naghapa kag nakimaluoy sa iya. “Ginoo, kun gustuhon mo mapaayo ako.”","Gin-untay ni Jesus ang iya kamot kag gintandog sia nga nagasiling, “Luyag ko! Mag-ayo ka!” Sa gilayon nag-ayo sia sa iya balatian."
"Gin-unat ni Jesus an iya kamot kag gindapatan siya na nagasabi, “Oo, gusto ko. Mag-ayo ka!” Insigida nawara dayon an iya leproso.","Kag ginmanduan sia ni Jesus, “Indi ka magpanugid sini bisan kay sin-o, kundi kadto ka sa pari kag ipatan-aw ang imo kaugalingon. Dayon maghalad ka suno sa ginsugo ni Moises sa pagpamatuod sa mga tawo nga maayo ka na.”"
"Gintugon siya ni Jesus, “Ayaw pagpanumat bisan kanin-o kundi kumadto ka kag magpakita sa padi. Tapos maghalad ka para sa pag-ayo mo susog sa Kasuguan ni Moises bilang pagpamatuod sa mga tawo na nag-ayo ka na.”","Pero ang balita nahanungod kay Jesus naglapnag pa gid, kag madamo nga mga tawo ang nag-abot sa pagpamati sa iya kag sa pagpabulong sang ila mga balatian."
"Pero mas lalo na nakalukop an barita manungod sa iya. Kaya damu-damo an nagtiripon para magpamati kag magpabulong san inda mga sakit,",Pero sa masunson nagakadto sia sa maligwin nga mga lugar sa diin nagpangamuyo sia.
pero nagaparakadto siya sa mga mamingaw na lugar para magpangadyi.,"Isa ka adlaw sang si Jesus nagapanudlo, may mga Fariseo kag mga manunodlo sang Kasugoan nga nagapungko didto. Nagikan sila sa kabanwahanan sang Galilea kag Judea kag sa Jerusalem. Ang gahom sang Ginoo yara kay Jesus sa pagpang-ayo sang masakiton."
"Usad sin adlaw myintras nagatukdo si Jesus na ada man sa iya an kagamhanan san Ginoo agod makapamulong, igwa sin mga nagaurusyuso na Pariseo kag mga paratukdo san Kasuguan na nagairingkod. Mga hali sinda sa kada lungsod san Galilea, san Judea kag sa syudad san Jerusalem.","May mga tawo nga nagayayong sang isa ka tawo nga paralitiko nga yara sa iya higdaan. Nagtinguha sila sa pagsulod sa balay agod ibutang nila ang paralitiko sa atubang ni Jesus,"
Taud-taod may nag-abot na pira ka tawo may dara na paralitiko na nasa higdaan. Nagpirit sinda na maisulod sa balay an may sakit sa atubangan ni Jesus.,"pero wala sila sang alagyan sa pagdala sa iya pasulod tungod kay nagaginutok ang mga tawo. Gani gindala nila sia sa ibabaw sang atop. Ginguhaban nila ang atop nga tisa, kag gintunton nila sia sa iya higdaan sa atubang ni Jesus sa tunga sang mga tawo."
Pero tungod sa kadamuan san tawo wara na sindaʼn maagihan. Kaya nagsarakat sinda sa atop kag didto gintangkasan an parte sa ibabaw ni Jesus tapos gintunton an paralitiko na nasa higdaan sa tunga san nagatiripon sa may atubangan ni Jesus.,"Sang makita ni Jesus kon daw ano kadako sang ila pagtuo, nagsiling sia sa paralitiko, “Abyan, ginapatawad ang imo mga sala.”"
"Pakakita niya san inda ginhimo dahilan san pagtuod nagsabi, “Amigo, napatawad na an imo mga kasal-an.”","Ang mga manunodlo sang Kasugoan kag ang mga Fariseo nagmuno sa ila kaugalingon, “Sin-o bala ini nga tawo nga nagapasipala sa Dios? Wala sing tawo nga makapatawad sang mga sala, kundi ang Dios lamang!”"
"An mga Pariseo kag mga paratukdo san Kasuguan nagahunga sa inda mismo sadiri, “Sin-o man ini na nagabasang-basang san Dios? Waraʼn makapatawad san kasal-an kundi an Dios lang gayod!”","Si Jesus nga nakatungkad sang ila mga painuino nagsiling sa ila, “Ngaa bala nagapainuino kamo sing subong sina?"
"Pero aram ni Jesus an inda kaisipan kaya ginhunga, “Nano kay sugad sana an pag-isip niyo?","Diin bala ang mas mahapos isiling, ‘Ginapatawad ang imo mga sala,’ ukon ang pagsiling, ‘Tindog ka kag maglakat’?"
"Hain sani an mas maayo sabihon, ‘Napatawad na an imo mga kasal-an,’ o ‘Bangon kag lakat’?","Karon pamatud-an ko sa inyo, nga ang Anak sang Tawo may awtoridad sa duta sa pagpatawad sang mga sala.” Gani nagsiling sia sa paralitiko, “Nagasiling ako sa imo, tindog ka, dalha ang imo higdaan kag magpauli!”"
"Ugaling pagapamatuudan ko sa iyo agod maaraman niyo na ako na Anak San Tawo may poder sa pagpatawad san mga kasal-an didi sa kinab-an.” Pakatapos ginsabihan niya an paralitiko na tawo, “Adi an akon sugo sa imo: bangon kag bitbita an imo higdaan, tapos umuli ka.”","Sa gilayon nagtindog ang tawo sa atubang nila, nagkuha sang iya higdaan kag nagpauli nga nagadayaw sa Dios."
"Insigida sa atubangan ninda nagbangon an paralitiko, ginbitbit an iya higdaan kag umuli na nagaumaw sa Dios.","Ang tanan natingala gid! Sa daku nga kahadlok nagdayaw sila sa Dios nga nagasiling, “Daw ano ka makatilingala nga mga butang ang aton nakita karon nga adlaw!”"
"Nagngaralas sinda tanan kag nangawa kaya gin-umaw an Dios na nagasabi, “Yana na adlaw nakakita kami sin makangangalas na mga bagay!”","Sa tapos sini naggwa si Jesus kag nakita niya si Levi nga isa ka manugsukot sang buhis nga nagapungko sa iya opisina. Nagsiling si Jesus sa iya, “Upod ka sa akon.”"
"Pakatapos sani nagluwas si Jesus. May nakita siya na parasukot san buwis na an ngaran Levi na nagaingkod sa may kolektahan san buwis. Sinabihan siya ni Jesus, “Mag-upod ka sa akon.”","Nagtindog si Levi, ginbayaan niya ang tanan kag nagsunod sa iya."
"Kaya tumindog si Levi, binayaan an tanan kag nag-upod sa iya.","Dayon si Levi naghiwat sing daku nga punsyon sa iya balay para kay Jesus, kag didto upod nila ang madamo nga mga manugsukot sang buhis kag iban pa nga mga tawo."
Sa iba na adlaw ginpaponsyahan si Jesus ni Levi sa iya balay. Damo na mga parasukot san buwis kag san iba pa an kaaratubang ninda sa lamesa.,"May mga Fariseo kag mga manunodlo sang Kasugoan nga kaupod nila nga nagreklamo sa mga gintuton-an ni Jesus. Nagpamangkot sila, “Ngaa bala nga nagakaon kamo kag nagainom upod sa mga manugsukot sang buhis kag sa iban nga mga makasasala?”"
"Pero pakakita sani san mga Pariseo kag san inda mga paratukdo san Kasuguan nagreklamo sinda sa iya mga disipulos, “Nano kay nakikaon kag nakiinom kamo kaupod san mga parasukot san buwis kag iba na mga makasasala?”","Si Jesus nagsabat sa ila, “Ang mga tawo nga may maayo sang lawas wala nagakinahanglan sang manugbolong, kundi ang mga nagamasakit lang."
"Nabatian ini ni Jesus kaya ginsabat sinda, “Dili nagakinahanglan sin duktor an waraʼn sakit kundi idtoʼn mga masakiton.","Wala ako nag-abot sa pagtawag sang mga matarong, kundi sang mga makasasala sa paghinulsol.”"
Nagkadi ako didi sa kinab-an dili sa pag-agda sa mga matanos kundi sa mga makasasala agod makapangbasol kag magbaya sinda sa inda pagkasala.”,"May mga tawo nga nagsiling kay Jesus, “Ang mga gintuton-an ni Juan kag ang mga gintuton-an sang mga Fariseo nagapuasa kag nagapangamuyo sing masunson, pero ang imo mga gintuton-an padayon nga nagakaon kag nagainom.”"
"Kaya ginsabat man siya ninda, “Pirme nagaayuno kag nagaparapangadyi an mga disipulos ni Juan na Parabunyag, amo man an mga disipulos san mga Pariseo, pero an sa imo padayon sa pagkaon kag pag-inom.”","Nagsabat si Jesus sa ila, “Mapapuasa bala ninyo ang mga inagda sa kasal samtang yara pa ang nobyo kaupod nila?"
"Ginsabat naman sinda ni Jesus paagi sa istorya, “Nano, mapaayuno niyo an mga abay sa kasal myintras kaupod pa ninda an kinasal? Syimpre dili,","Pero magaabot ang tion nga ang nobyo kuhaon sa ila, kag dayon magapuasa sila sa sadto nga mga adlaw.”"
pero maabot an adlaw na pagakuhaon siya sa inda kag amo pa lang sinda magaayuno dahilan san kamunduan.”,"Si Jesus nagsugid sa ila sini man nga palaanggiran: “Wala sing tawo nga nagagunting sa bag-o nga bayu kag itukap ini sa daan nga bayu. Kon himuon niya ini, magisi niya ang bag-o nga bayu kag ang tinabas nga bag-o indi nagakabagay sa daan."
Pakatapos gin-istoryahan pa niya sinda para mapahayag na an iya bag-o na katukduan dili makabiyo sa mga daan. “Waraʼn matangkop sin bag-o na tela sa daan na bado kay kun amo ini an himuon an gintangkop na bag-o makuro kag mas lalo na madako an gisi.,"Wala man sing tawo nga nagasulod sang bag-o nga bino sa daan nga mga sulodlan nga panit. Kon himuon niya ini, ang bino nga bag-o magabusdik sang sulodlan nga panit, ang bino mauyang kag ang sulodlan nga panit indi mapuslan."
"Sugad man, waraʼn masulod sin bag-o na bino sa daan na anit na surudlan kay, kun sugad, maputok an anit na surudlan kag an bino mawawasak. Kaya an bino masasayang kag masisira an surudlan.","Sa baylo, ang bag-o nga bino dapat isulod sa bag-o nga sulodlan nga panit!"
Kun kaya an bag-o na bino dapat lugod sa bag-o na anit na surudlan.,"Kag wala man sing bisan sin-o nga maluyag sang bag-o nga bino sa tapos sia makainom sang daan nga bino. Kay nagasiling sia, ‘Ang daan nga bino mas maayo.’”"
"Usad sin Adlaw San Pagpahuway san sinda Jesus nagaaragi sa katriguhan, an iya mga disipulos nagpamudo sin mga binhi kag pakapaniti ginakaraon ninda.","Sang isa ka Adlaw nga Inugpahuway, si Jesus nag-agi sa kaumhan sang trigo. Ang iya mga gintuton-an nagpangutol sang mga uhay, ginligis nila ini sa ila mga kamot kag ginkaon ang mga uyas."
"Pero may iba na mga Pariseo na naghunga, “Nano kay ginahimo niyo an ginabawal kun Adlaw San Pagpahuway?”","May mga Fariseo nga nagpamangkot, “Ngaa bala ginahimo ninyo ang ginadumilian sang aton Kasugoan sa Adlaw nga Inugpahuway?”"
"Ginsabat sinda ni Jesus, “Nano, wara pa kamo nakabasa kun nano an ginhimo ni David san ginutom siya kag sadtoʼn mga kaurupod niya?","Nagsabat si Jesus sa ila, “Wala bala ninyo mabasahi ang ginhimo ni David sang sia kag ang iya mga kaupdanan gingutom?"
Nangyari ini san magsulod siya sa templo san Dios kag kinuha an mga tinapay na ginhalad sa Dios na dili ngani dapat kaunon san iba pwera lang san mga padi. Ginbahinan niya an iya mga kaurupod tapos kinaraon ninda tanan.”,"Nagsulod sia sa balay sang Dios, ginkuha niya ang tinapay nga nahalad sa Dios, ginkaon ini, kag ginhatagan man niya ang iya mga kaupdanan, bisan indi tugot sa bisan kay sin-o ang pagkaon sini luas lamang sa mga pari.”"
"Pakatapos ginsurmatunan niya sinda, “Ako na Anak San Tawo amo an Ginoo na makabuot sa Adlaw San Pagpahuway.”","Kag si Jesus nagsiling sa ila, “Ang Anak sang Tawo amo ang Ginoo sang Adlaw nga Inugpahuway.”"
Usad naman sin Adlaw San Pagpahuway nagsulod si Jesus sa sinagoga agod magtukdo. May lalaki didto na kimay an tuo na kamot.,"Sang isa naman ka Adlaw nga Inugpahuway, nagsulod si Jesus sa sinagoga kag nagpanudlo. May tawo didto nga ang iya kamot nga tuo naitus."
"Kaya sa paglaom na may ikaakusar na kontra kan Jesus, an mga Pariseo kag san mga paratukdo san Kasuguan ginmasdan gayod siya kun magabulong san kimay sa Adlaw San Pagpahuway.",May mga manunodlo sang Kasugoan kag mga Fariseo nga nagapangita sing kabangdanan sa pagsumbong kay Jesus. Gani ginpanilagan nila sia sing maid-id kon bala magapang-ayo sia sa Adlaw nga Inugpahuway.
"Pero aram na niya an inda ginaisip kaya ginsabihan lugod an tawo na kimay, “Kadi anay kag magtindog didi!” Kaya nagtindog siya didto.","Ugaling si Jesus nakahibalo sang ila mga panghunahuna kag nagsiling sia sa tawo nga naitus ang iya kamot, “Tindog ka kag magpatunga.” Ang tawo nagtindog kag nagpatunga."
"Didi ginsabihan sinda ni Jesus, “Hungaon ta kamo. Nano an tama na himuon sa Adlaw San Pagpahuway? Maghimo sin maayo o maghimo sin maraot? Magsalbar sin tawo o magpatay?”","Dayon si Jesus nagsiling sa ila, “Mamangkot ako sa inyo: Ano ang ginatugot sang aton Kasugoan sa Adlaw nga Inugpahuway nga himuon ta? Ang magbulig bala ukon ang maghalit? Ang magluwas sang kabuhi sang isa ka tawo ukon ang magpatay?”"
"Tapos ginsud-ong sinda tanan ni Jesus na nasa patalibod niya kag ginsabihan an lalaki, “Iunat an imo kamot.” Nagsunodan lalaki kag an iya pagkakimay nag-ayo na.","Gintulok niya sila tanan kag nagsiling sa tawo, “Untaya ang imo kamot.” Gin-untay niya ang iya kamot, kag nag-ayo ini liwat."
Pero sobra gayod an inda kaurit kan Jesus kaya nagtuna pag-iristoryahan kun nano an dapat na himuon ninda sa iya.,"Pero naakig gid sila, kag ginhambalan nila kon ano ang ila himuon kay Jesus."
Sani man na panahon nagpakadto si Jesus sa bukid para magpangadyi. Naagahan siya didto pagpangadyi sa Dios.,Sa sadto nga tion nagtaklad si Jesus sa isa ka bakulod kag didto nagpangamuyo sa Dios sa bilog nga gab-i.
Pagkaaga tinawag niya an iya mga disipulos tapos nagpili siyaʼn dose kag gintawag sindaʼn apostoles.,"Sang pagkaaga gintawag niya ang iya mga gintuton-an, kag nagpili sia sing dose nga gintawag niya nga mga apostoles."
"Amo ini sinda: si Simon na iya ginngaranan na Pedro kag san iya kamanghod na si Andres, si Santiago, si Juan, si Felipe, si Bartolome,","Ini sila amo ang masunod: si Simon nga ginhingalanan niya kay Pedro, kag ang iya utod nga si Andres; si Santiago kag si Juan, si Felipe kag si Bartolome,"
"si Mateo, si Tomas, si Santiago na anak ni Alfeo, si Simon na panatiko,","si Mateo kag si Tomas, si Santiago nga anak ni Alfeo kag si Simon nga gintawag nga makipungsodnon,"
si Judas na anak ni Santiago kag si Judas Iscariote na amo an magatraydor sa iya.,si Judas nga anak ni Santiago kag si Judas Iscariote nga nangintraidor.
"Naglugsad sinda Jesus kag nag-udong sa usad na patag na lugar. Damo san iya mga disipulos an nagatiripon didto kaurupod san damu-damo na mga tawo na tagamanlain-lain na lugar san Judea, Jerusalem kag sa baybayon na lugar san Tiro kag Sidon,","Sang nagdulhog si Jesus halin sa bakulod kaupod sang iya mga apostoles, nagtindog sia sa matapan nga lugar kaupod ang iya madamo nga mga gintuton-an. Didto may madamo nga mga tawo halin sa Judea, Jerusalem kag mga banwa sa baybayon sang Tiro kag Sidon."
na nagkaradto agod makapamati sa iya kag makapabulong san inda mga sakit. Ginpaluwas man niya idtoʼn mga maraot na espirito na nakasulod sa mga tawo kaya nabulong ini.,Nagkadto sila didto sa pagpamati kay Jesus kag sa pagpabulong sang ila mga balatian. Ang mga ginatublag sang malaut nga mga espiritu nagkadto man kag ginpang-ayo.
An tanan na katawuhan nagatalinguha na makadut-dot sa iya kay may nagaluwas sa iya na gahom na amo an nakabulong sa inda tanan.,"Ang tanan nga mga tawo nagtinguha sa pagtandog sa iya, kay may gahom nga nagagwa sa iya kag nagaayo sa ila tanan."
"Tapos ginsud-ong ni Jesus an iya mga disipulos kag nagsabi,",Gintulok ni Jesus ang iya mga gintuton-an kag ginsingganan:
“Malipay kamo na mga pobre kay para sa iyo an kahadian san Dios!,"“Malipayon kamo nga mga imol,"
Malipay man kamo na nagugutom yana kay pagabusugon.,kay inyo ang Ginharian sang Dios!
Malipay man kamo na nagatarangis yana kay pagapatawahon pag-abot san kahadian san Dios.,"“Malipayon kamo nga ginagutom karon,"
"Malipay naman kamo kun ginakabadlian san mga tawo, ginapaluwas sa inda, ginatuya-tuya kag",kay pagabusgon kamo!
ginasikway na pareho san kriminal dahilan sa pagtuod sa akon na Anak San Tawo!,"“Malipayon kamo nga nagahibi karon,"
Pareho ini san ginhimo san inda mga kalulululuhan sa mga propeta kasadto kaya magsadya pag-abot sana na adlaw kag magsayaw sa kalipay kay dako gali an nakatigana para sa iyo na premyo sa langit.,kay magakadlaw kamo!
Pero kamakaluluoy man niyo na mga mayaman kay naliaw na kamo!,"“Malipayon kamo kon ang mga tawo magdumot sa inyo, magsikway sa inyo, magpasipala sa inyo, kag magtawag sa inyo nga malaut tungod sa Anak sang Tawo!"
Kamakaluluoy man niyo na mga burusog yana kay kamo magugutom!,"Magkasadya kamo kon ina matabo kag maghinugyaw, tungod kay daku ang inyo balos sa langit. Kay sang una, amo man ini ang ginhimo sang ila mga katigulangan sa mga propeta."
Kamakaluluoy man niyo na mga nagatarawa yana kay kamo magamurundo kag magatarangis!,"“Pero makaluluoy man kamo nga mga manggaranon karon,"
"Kamakaluluoy man niyo kun kamo ginadayaw san tanan na katawuhan, kay",nga nakaagom na sang masulhay nga pagpangabuhi!
pareho man sana an pagtratar san inda mga kalulululuhan sa mga buwaon na mga propeta.,"“Makaluluoy man kamo nga mga busog karon,"
"“Pero kamo na mga nagapamarati, pamatii gayod ini: kamut-an niyo an iyo mga kaaway, himuan niyo sin maayo an nauurit sa iyo,",kay gutomon kamo!
handuma an kaayuhan sa nagamaldisyon sa iyo kag ipangadyi niyo an nagapakaraot sa iyo.,"“Makaluluoy man kamo nga nagakadlaw karon,"
Kun sampadungon an kapihak mo na pisngi itugot mo man na sampadungon pa hasta an sa luyo. Kun ginaagaw an imo alikboy dili mo ig-imot hasta an bado mo.,kay magapangasubo kag magahibi kamo!
Hatagi an nagapangayo sa imo kag ayaw na pagbawia an mga kinawat na kasadirihan mo.,"“Makaluluoy man kamo kon ang tanan nga mga tawo magdayaw sa inyo, kay amo man ini ang ginhimo sang ila mga katigulangan sa di-matuod nga mga propeta."
Sugad man himua sa iba an gusto mo na himuon man san mga tawo sa imo.,"“Pero nagasiling ako sa inyo nga nagapamati sa akon: Higugmaa ang inyo mga kaaway, ayuhi ang mga nagadumot sa inyo,"
"“Kun an mga kamut-an niyo idto lang na may pagkamuot sa iyo, nano, pagadayawon kamo san Dios dahilan sana? Bisan ngani an mga makasasala namumuot man sadtoʼn namumuot man sa inda!","pakamaayuha ang mga nagapakamalaut sa inyo, kag pangamuyoi ang nagatratar sing malain sa inyo."
"Kun an himuan lang niyo sin kaayuhan an naghimo man lang sin maayo sa iyo, nano, pagadayawon kamo san Dios dahilan sana? Kay bisan ngani an mga makasasala pareho man sana an ginahimo.","Kon may magtampa sa imo sa pihak nga guya, itaya man ang pihak. Kon may magkuha sang imo kunop, ihatag man pati ang imo bayu."
"Usad pa gayod kun an pautangon lang niyo idtoʼn ginalauman niyo na makabalos man lang, nano, pagadayawon kamo san Dios dahilan sana? Bisan an mga makasasala nagapautang man sa kapwa makasasala para makabalik gihapon sa inda an pareho na kantidad!","Hatagi ang nagapangayo sa imo, kag kon may magkuha sang imo mga pagkabutang, indi na pagbawia ina sa iya."
Kundi kamut-an niyo an iyo mga kaaway kag himuan sin kaayuhan kag magpahuram na dili nagalaom na balusan. Makabaton kamo sin daku-dako na premyo kag magigin mga anak san Pinakalabaw sa tanan na dios kay siya mismo maluluy-on sadtoʼn mga waraʼn utang na buot kag mga maimot.,Himua ninyo sa mga tawo ang luyag ninyo nga himuon man nila sa inyo.
Kaya magin maluluy-on man lugod kamo pareho san Dios na iyo Ama na maluluy-on.,"“Kon ang ginahigugma ninyo amo man lang ang nagahigugma sa inyo, ano bala nga kaayuhan ang inyo nahimo? Bisan gani ang mga makasasala nagahigugma sa mga nagahigugma sa ila."
“Ayaw paghusgar sa kapwa tapos dili ka man pagahusgaran. Ayaw pagkondinar tapos dili ka man pagakondinaron san Dios. Magpatawad tapos pagapatawadon ka man niya.,"Kag kon ang ginahimuan ninyo sing maayo amo man lang ang nagahimo sing maayo sa inyo, ano bala nga kaayuhan ang inyo nahimo? Bisan pa gani ang mga makasasala nagahimo man sina!"
"Maghatag kag pagahatagan ka man. Tama na sukol na dinasok, inuy-og kag sobra pa an ihahatag sa imo kay kun nano man an sukol na ginagamit mo amo man an sukol na gagamiton sa imo.”","Kag kon ang ginapahulam ninyo amo man lang ang inyo ginalauman nga makabayad sa inyo, ano bala nga kaayuhan ang inyo nahimo? Bisan gani ang mga makasasala nagapahulam man sa mga makasasala kag sila ginabayaran sang amo man nga kantidad."
"Nagsurmaton man siya sa inda sani na istorya, “Nano, makagiya an buta sa kapareho niya buta? Syimpre dili. Sigurado gayod na sinda na duha mahuhulog sa kali.","Indi amo ina! Higugmaa ang inyo mga kaaway kag himua ang maayo sa ila. Magpahulam kamo nga wala nagapaabot nga bayaran. Dayon magabaton kamo sing daku nga balos, kag mangin mga anak kamo sang Labing Mataas nga Dios. Kay maalwan sia sa mga tawo nga walay kabalaslan kag mga malaut."
Waraʼn disipulos na mas labaw pa ki sa iya maestro pero an kompleto na tinukduan na disipulos kapareho gayod san iya maestro.”,"Magmaluloy-on kamo, subong nga ang inyo Amay maluloy-on."
"Nagsurmaton gihapon si Jesus sin istorya, “Nano kay nakikita mo an puling sa mata san imo kapwa pero an kahoy sa sadiri mo na mata dili mo ngani nanginginanuhan?","“Indi kamo maghukom sa iban, kag ang Dios indi man maghukom sa inyo. Indi kamo magkondenar sa iban, kag ang Dios indi man magkondenar sa inyo. Magpatawad kamo sa iban, kag ang Dios magapatawad man sa inyo."
"Nano kay sasabihon mo pa sa imo kapwa, ‘Kamanghod, pabayaan mo na halion ko an puling san imo mata,’ na dili mo ngani nakikita an kahoy sa sadiri mo na mata! Pakitaʼn-tawo ka lang. Kuhaa anay an kahoy sa sadiri mo na mata kay agod makakita ka na sin maayo pagkuha san puling sa mata san imo kapwa.”","Magpanghatag kamo sa iban, kag ang Dios magahatag man sa inyo. Ang ihatag sa inyo nasukob sing maayo, nadasok, nauyog, kag nagaawas. Ang Dios magabutang sini sa imo sabak. Kay ang ginagamit ninyo nga talaksan para sa iban amo man ang talaksan sang Dios para sa inyo.”"
"Tapos nagpadayon si Jesus pagsabi, “Waraʼn maayo na kahoy na nagabunga sin maraot kag wara naman sin maraot na kahoy na nagabunga sin maayo.","Kag si Jesus nagsugid sa ila sini nga palaanggiran: “Ang isa ka bulag indi makatuytoy sa isa man ka bulag. Kon himuon niya ini, sila nga duha madagdag sa kanal."
"Nakikilala an kahoy sa mismo bunga sani. Halimbawa, nano, napupudo sa katunukan an bunga san higera o mga ubas? Syimpre dili!","Wala sing estudyante nga maglabaw pa sang sa iya maestro, pero kon matapos na sang isa ka estudyante ang iya kurso, manginsubong na sia sang iya maestro."
"Pakatapos pagsurmaton ni Jesus san tanan na gusto niya ipabati sa mga tawo, nagpakadto siya sa Capernaum.","Sa tapos ni Jesus mahambal ini tanan nga mga butang sa mga tawo, nagkadto sia sa Capernaum."
Didto may palangga na suruguon an namumuno san mga suldados. Masakit siya kag tikamatayon.,Ang kapitan nga Romanhon didto may isa ka suloguon nga palangga gid niya. Ini nga suloguon nagamasakit kag tagumatayon.
San pakabarita niya kan Jesus naghangyo siya sin pira na mga namumuno san mga Judio na pakadto sa iya para makimaluoy na mag-upod kag ayuhon an iya suruguon.,"Sang pagkabati sang kapitan nahanungod kay Jesus, ginpadala niya ang pila ka mga katigulangan sang mga Judio sa pagpangabay kay Jesus nga magkari kag ayuhon ang iya suloguon."
"Pag-abot ninda kan Jesus nakimaluoy gayod sinda sin maayo, “Angay gayod na himuon mo ini sa iya,",Nagkadto sila kay Jesus kag nagpakitluoy gid sa iya: “Ini nga kapitan takos gid sang imo bulig.
kay siya mainangay-angayon sa aton na mga tawo. Siya pa ngani an nagpahimo san amon sinagoga.”,Kay nagahigugma sia sang aton mga katawhan kag sia gid ang nagpatindog sang amon sinagoga.”
"Kaya nag-upod si Jesus sa inda kag san halapit na siya sa balay ginpasugat naman siya san namumuno sa iya mga amigo na may ginapasabi, “Ginoo, ayaw na pagpagala pa an imo sadiri kay dili ako angay na magpadayon sa imo sa akon balay.","Gani si Jesus nag-upod sa ila. Sang malapit na si Jesus sa balay, ginpadala sang kapitan ang iya mga abyan nga silingon si Jesus, “Ginoo, indi ka na magpagamo! Indi ako takos nga magkadto ka sa akon balay,"
Sugad man dili ako angay makig-atubang sa imo pero magsurmaton ka lang kay an akon suruguon mabubulong.,"kag indi man ako takos magpalapit sa imo. Pero magsiling ka lang, ‘Magaayo sia!’ kag magaayo ang akon suloguon."
"Nasabi ko ini kay may nagasakop sa akon kag may mga ginasakupan man ako na mga suldados. Kun pagsabi ko sa usad na ‘Lakat,’ malakat siya, kag sa iba naman, ‘Kumadi ka,’ tapos matulos siya. Kun ginasabi ko man sa akon suruguon, ‘Himua ini,’ tutumanon niya.”","Kay ako man tawo nga yara sa idalom sang awtoridad sang mataas nga mga opisyales, kag may mga soldado man ako nga yara sa idalom sang akon awtoridad. Ginasugo ko ining isa, ‘Lakat!’ kag nagalakat sia. Ginasugo ko inang isa, ‘Palapit!’ kag nagapalapit sia. Kag ginasugo ko ang akon suloguon, ‘Himua ini!’ kag ginahimo niya ini.”"
"Pakabati sani ni Jesus nagngalas gayod siya, inatubang an kadamuan na nagasurunod sa iya kag nagsurmaton, “Ginasiguro ko sa iyo na wara pa gayod ako makakita sin may pareho saniʼn pagtuod sa bilog na Israel.”","Natingala si Jesus sang pagkabati niya sini. Nagliso sia kag nagsiling sa mga tawo nga nagasunod sa iya, “Nagasiling ako sa inyo, wala ako makakita sing pagtuo kasubong sini, bisan sa Israel.”"
"Niyan, san magbalik na sa balay an mga ginsugo nakita ninda na nag-ayo na an suruguon.","Sang magbalik sa balay sang kapitan ang mga ginsugo, nakita nila nga maayo na ang suloguon."
Pagkaotro adlaw sadto nagkadto si Jesus sa lungsod na ginatawag na Nain kaurupod an iya mga disipulos kag san damo na katawuhan.,"Sa tapos sini, si Jesus nagkadto sa banwa nga ginatawag Nain. Nag-upod sa iya ang iya mga gintuton-an kag ang madamo nga mga tawo."
San halapit na siya sa may pwertahan san lungsod may nasugat siyaʼn mga tawo na may irulubong na lalaki. Ini sulo lang na anak san iya iloy na biyuda pa. May damo man na kahilungsod na nakigdamay sa iya.,"Sang nagahinampot sia sa pwerta sang banwa, may patay nga ginayayungan pa gwa kag madamo nga mga tawo halin sa banwa ang nagakompanyar. Ang patay nga tawo amo ang bugtong nga anak sang isa ka iloy nga balo."
"Pakakita san Ginoo sa biyuda naluoy gayod kaya nag-apiki siya kag nagsabi, “Ayaw pagtangis.”","Sang pagkakita sang Ginoo sa balo naluoy gid sia kag nagsiling sa iya, “Indi ka maghibi.”"
"Tapos, gindapat niya an kamot sa taol san patay kag nag-urudong an nagabarayaw. May ginsabi siya, “Batan-on, bumangon ka!”","Dayon nagpalapit sia sa lungon kag gintandog niya ini. Ang mga nagayayong nagdulog. Si Jesus nagsiling, “Noy, nagasiling ako sa imo, bangon ka!”"
Kaya nagbangon an dati patay kag nagtuna pagsurmaton. Pakatapos ginkabit siya ni Jesus pakadto sa iya iloy.,"Ang napatay nga tawo nagpungko kag naghambal, kag gintugyan sia ni Jesus sa iya iloy."
"An tanan nagkaharadlok kag nag-umaw sa Dios na nagasarabi, “May nag-abot sa aton na labaw na propeta. An Dios nag-abot para isalbar an iya katawuhan.”","Ang tanan hinadlukan gid kag nagdayaw sila sa Dios nga nagasiling, “Ang isa ka gamhanan nga propeta nagpakita sa tunga naton, kag ang Dios nag-abot sa pagluwas sang iya mga tawo.”"
Ini naman na barita manungod sa iya nakalukop sa bilog na Judea kag sa patalibod na mga lugar.,Ining balita nahanungod kay Jesus naglapnag sa bug-os nga Judea kag sa palibot nga kadutaan.
Ini tanan na mga pangyari ginbarita kan Juan san iya mga disipulos.,Ginsugiran si Juan sang iya mga gintuton-an nahanungod sini tanan nga mga butang. Gintawag niya ang duha sang iya mga gintuton-an
"Kaya gintawag niya an duha san iya mga disipulos kag pinakadto sa Ginoo agod maghunga, “Sir, nano, ikaw na po an ginasabi sa Banal Na Kasuratan na maabot o mapaabot pa kamiʼn iba?”","kag ginpakadto sa Ginoo sa pagpamangkot sa iya, “Ikaw bala ang ginsiling ni Juan nga magaabot ukon magapaabot pa kami sing isa?”"
"Pag-abot didto kan Jesus san duha na sinugo nagsabi sinda, “Sir, ginpakadi na po kami sa imo ni Juan na Parabunyag para maghunga, ‘Ikaw na po ba an ginasabi sa Banal Na Kasuratan na maabot o mapaabot pa kamiʼn iba?’,”","Sang pagkadto nila kay Jesus nagsiling sila, “Ginpadala kami ni Juan nga manugbautiso sa pagpamangkot sa imo, ‘Ikaw bala ang ginsiling niya nga magaabot, ukon magapaabot pa kami sing isa?’”"
"Sadtoʼn kaurason damo naʼn ginapangbulong si Jesus na mga may sakit, may mga ginabatyag, nagkasurudlan sin mga maraot na espirito kag may mga buta na ginpakita gihapon niya.","Sa sadto gid nga tion ginpang-ayo ni Jesus ang madamo nga mga tawo nga may mga masakit, mga balatian kag may malaut nga mga espiritu, kag gin-ayo man niya ang madamo nga mga bulag."
"Kaya ginsabat niya an mga ginsugo, “Kadto kag sumati niyo si Juan kun nano an iyo nakita kag nabatian didi na amo ini: nakakita gihapon an mga buta, nakalakat na an mga pilay, naayo naman an mga leprosohon kag an mga bungol nakabati. Nabuhay gihapon an mga patay kag an mga pobre nakabati san Maayo Na Barita na ginapahayag sa inda.","Nagsabat sia sa mga ginpadala ni Juan, “Balik kamo kag sugiri si Juan sang inyo nakita kag nabatian: ang mga bulag makakita na, ang mga piang makalakat na, ang mga aruon nag-alayo na, ang mga bungol makabati na, ang mga patay ginbanhaw, kag ang Maayong Balita ginawali sa mga imol."
"Sugad man, malipay idtoʼn dili nawawar-an sin pagtuod sa akon.”",Daw ano ka malipayon ang wala nagapangduhaduha sa akon!”
"Pagharali san mga ginsugo ni Juan nagtuna naman si Jesus pag-istorya sa mga katawuhan manungod kan Juan, “San pagkadto niyo sa disyerto nano an ginalaom niyo na makita didto? Usad na tawo na pareho sa uhot na ginapalid-palid san hangin?","Sang makahalin na ang mga ginsugo ni Juan, naghambal si Jesus sa mga tawo nahanungod kay Juan: “Ano ang ginpaabot ninyo nga makita sang pagkadto ninyo kay Juan didto sa desierto? Tigbaw bala nga ginahapayhapay sang hangin?"
"Nano man gali an ginahuna niyo na makita? Tawo na nakabado sin matahom? Syimpre dili, kay idtoʼn nagabarado sin mga matahom kag nabubuhay sa kabuganaan adto nagaistar sa mga palasyo san mga hadi!",Ano bala ang ginkadto ninyo nga tan-awon? Isa bala ka tawo nga nagabayo sing malahalon? Ang mga tawo nga nagabayo sang malahalon kag ang nagaginawi sing minanggaranon makita sa mga palasyo.
"Kun kaya ngani nano man gayod an ginkadtuan niyo na makita? Propeta? Oo, kag tandai ini, mas labaw pa gayod sa propeta an nakita niyo,","Sugiri ninyo ako, ano gid bala ang inyo ginkadto nga tan-awon? Isa bala ka propeta? Huo, nagasiling ako sa inyo, kag labaw pa sa isa ka propeta ang inyo nakita."
"kay siya an katumanan san nasurat sa Banal Na Kasuratan,","Kay si Juan amo ang ginatumod sang kasulatan: ‘Ang Dios nagsiling, ipadala ko ang akon manugbalita nga magauna sa imo kag magaaman sang imo alagyan.’"
"‘Kitaa, may suruguon ako na mapauna sa imo.","Nagasiling ako sa inyo, sa mga nagkalatawo wala sing may maglabaw pa kay Juan. Pero ang labing kubos nga nagapasakop sa paghari sang Dios mas daku pa sang sa iya.”"
"Siya an magapreparar san imo aagihan.’ ,”",Ang tanan nga mga tawo kag ang mga manugsukot sang buhis nakabati sa iya. Sila amo ang nagtuman sang pagkamatarong nga ginapangayo sang Dios kag ginbautisohan sila ni Juan.
"Nagpadayon si Jesus, “Tandai ini na ginasabi ko sa iyo, sa tanan na kabataan na gin-anak san mga babayi wara na gayod sin nakalabaw kan Juan. Ugaling mas labaw ki sa iya an pinakamenos sa kahadian san Dios.”",Pero ang mga Fariseo kag ang mga manunodlo sang Kasugoan nagsikway sang tinutuyo sang Dios para sa ila kag wala sila magpabautiso kay Juan.
"(An tanan na mga tawo na nagpamati sa iya kag amo man an mga parasukot san buwis, nag-ako na tama an katuyuan san Dios kay nagpabunyag sinda kan Juan,","“Si Jesus nagpadayon sa pagsiling, ‘Sa ano ko bala ipaanggid ang mga tawo sini nga mga inadlaw? Kaangay bala sila sang ano?"
pero an mga Pariseo kag mga Paratukdo san Kasuguan nagsikway san katuyuan san Dios para sa inda sadiri kag wara nagpabunyag kan Juan.),"Kaangay sila sang mga kabataan nga nagpungko sa tiendahan kag nagasinggitanay, ‘Nagtukar kami sa inyo sing plawta, pero wala kamo magsaot. Naghaya kami, pero wala kamo maghibi.’"
"Didi naman nagpadayon si Jesus, “Niyan, sa nano ko maikukumparar an mga tawo na nabubuhay yana? Kay nano an napaparehuan ninda?","Nag-abot si Juan nga manugbautiso kag nagpuasa kag wala mag-inom sing bino, kag kamo nagsiling, ‘Ginagamhan sia sang demonyo.’"
"Pareho sinda sa mga kabataan na nagairingkod sa merkado kag nagapasiriyak-siyak sa inda mga kakanam sugad sani,","Ang Anak sang Tawo nag-abot, kag nagkaon kag nag-inom, kag kamo nagsiling, ‘Tan-awa ninyo ini nga tawo! Palakaon sia kag palahubog, abyan sang mga manugsukot sang buhis kag sang iban nga mga makasasala!’"
‘Gintugtugan kamo namon sin plawta pero dili man kamo nagsarayaw!,Pero ang kaalam sang Dios ginapamatud-an nga matuod sang tanan nga nagabaton sini.”
"Tapos, nagkanta naman kamiʼn mamunduon pero wara kamo nagtarangis!’",Si Jesus gin-agda sang isa ka Fariseo nga magkaon upod sa iya. Nagkadto si Jesus sa balay sining Fariseo kag nagpungko sia sa pagkaon didto.
"Bagaʼn amo man kamo ini. Nagkadi si Juan na Parabunyag na nagaayuno kag dili nagainom sin bino pero nagsarabi kamo, ‘Nasudlan siya sin demonyo!’","May isa ka makasasala nga babayi nga nagaestar sa amo nga banwa. Sang pagkahibalo niya nga si Jesus nagakaon sa balay sang Fariseo, nagdala sia sang tibodtibod nga puno sang agwa."
"Nagkadi naman ako na Anak San Tawo na nagakaon kag nagainom tapos nagsarabi naman kamo, ‘Kitaa niyo siya. An makagod kag parahubog. Amigo man siya san mga parasukot san buwis kag san mga makasasala!’","Nagtindog sia sa likod nayon ni Jesus malapit sa iya tiil nga nagahibi, kag ginbasa niya ang mga tiil ni Jesus sang iya mga luha. Dayon ginpahiran niya ang mga tiil ni Jesus sang iya buhok, iya ginhalukan, kag ginbuboan ini sang agwa."
Ugaling an kadunungan san Dios ginpamatuudan na matanos san tanan na nagaako sani.”,"Sang pagkakita sini sang Fariseo nga nag-agda kay Jesus nagsiling sia sa iya kaugalingon, “Kon matuod nga ining tawo propeta, kuntani nahibal-an niya kon sin-o kag ano ka makasasala sang kabuhi sini nga babayi nga nagatandog sa iya.”"
Pagkatapos gin-imbitaran pagkaon si Jesus san usad san mga Pariseo. Pag-abot niya sa balay sani nagtulos siya sa lamesa para magkaon.,"Si Jesus naghambal kag nagsiling sa iya, “Simon, may isugid ako sa imo.”"
Taud-taod may nag-abot naman gali na tagalungsod na babayi na nagapabayad. Pakabarita niya na makikaon si Jesus sadtoʼn Pariseo nagdara siya sin pahumot na nasa surudlan na himo sa alabastro na bato.,"Si Simon nagsabat, “Huo, Manunodlo, sugiri ako.”"
Nagtindog siya sa may likudan ni Jesus kag sa may tiilan sani nagaparatangis na ginapaturuan san iya luha an tiil ni Jesus. Tapos ginpahidan niya idto san iya buhok pero pakatapos iya ginparaharukan kag ginpahumutan an tiil sani.,"Si Jesus nagsiling, “May isa ka manugpautang nga may duha ka tawo nga ginpautang. Ang isa nakautang sa iya sing 5,000 kag ang isa 500."
"San makita ini san Pariseo na nag-imbitar kan Jesus nakasabi sa iya sadiri, “Kun matuod man gayod na propeta ini na tawo aram na niya kun sin-o kag nanoʼn klase na babayi an nagdutdot sa iya kay ini nagapabayad na babayi.”","Sila nga duha indi gid makabayad, gani, wala na lang sila ginpabayad sang nagpautang sa ila. Diin sa ila nga duha ang magahigugma sing labi sa nagpautang sa ila?”"
"Ginpahalapit siya ni Jesus kag sinabihan, “Simon, may isasabi ako sa imo.”","Si Simon nagsabat, “Sa banta ko ang nakautang sing daku kag wala na pagpabayara.”"
"“Nano ina, Maestro?” an hunga niya.","Si Jesus nagsiling, “Husto ang sabat mo.”"
“May duha na tawo na nangutang sa parapautang. An usad nakautang sin 500 pisos kag an usad 50.,"Dayon nagliso sia sa babayi samtang nagapadayon sa pagsiling kay Simon, “Nakita mo ining babayi? Nagsulod ako sa imo balay kag wala ka maghatag sa akon sing tubig para sa akon mga tiil, pero sia nagbasa sang akon mga tiil sang iya mga luha kag ginpahiran niya ini sang iya buhok."
"Wara sinda nakabayad kaya ginpasensya na lang niya sinda na duha. Niyan, sin-o sa duha an mamumuot gayod sa iya?”","Wala ka maghalok sa pag-abiabi sa akon, pero sia halin sang akon pag-abot, wala mag-untat sa paghalok sang akon mga tiil."
"“Siguro an usad na mas dako sin utang,” an sabat ni Simon.","Wala mo paghaplasi sing lana nga olivo ang akon ulo, pero sia naghaplas sang akon mga tiil sang agwa."
"“Tama ka,” an sabat man ni Jesus.","Gani nagasiling ako sa imo, ang iya daku nga gugma nagapamatuod nga ang iya madamo nga mga sala napatawad na. Ang bisan sin-o nga ginpatawad sing diutay nagahigugma sing diutay.”"
"Pakatapos ginlingi niya an babayi kag naghunga naman, “Simon, nakikita mo ini na babayi? Nagkadi ako sa imo balay kag wara mo paghatagi sin tubig para ihugas san akon tiil pero siya ginpaturuan san iya luha an akon tiil kag gintrapuhan pa san iya buhok.","Dayon si Jesus nagsiling sa babayi, “Ang imo mga sala ginpatawad.”"
Wara mo ako pagharuki pero siya ginparaharukan an akon tiil tuna san pag-abot ko lang.,"Ang iban nga upod niya sa kalan-an nagsiling sa ila kaugalingon, “Sin-o bala ini nga tawo nga nagapatawad bisan pa sang mga sala?”"
Wara mo paglahidi bisan lana an akon ulo pero siya ginpahumutan an akon mga tiil.,"Pero si Jesus nagsiling sa babayi, “Ang imo pagtuo nagluwas sa imo. Maglakat ka sa paghidait.”"
"Pakatapos sadto nagpanglurulungsod kag nagpangburubaryo si Jesus sa pagtukdo kag pagpahayag san Maayo Na Barita manungod sa kahadian san Dios. Nag-upod sa iya an dose,",Sa tapos sadto si Jesus nagkadto sa mga banwa kag mga barangay agod magwali sang Maayong Balita nahanungod sang paghari sang Dios. Nag-upod sa iya ang dose ka mga gintuton-an
hasta an iba pa na mga babayi na nagkaarayo san inda mga sakit kag ginluwasan san mga maraot na espirito. Amo man ini si Maria na ginatawag Magdalena na hali sa iya pito na demonyo an napaluwas.,"kag subong man ang pila ka mga babayi nga gin-ayo niya sa mga balatian kag malaut nga mga espiritu. Ang mga babayi amo sanday Maria nga ginatawag Magdalena nga gikan sa iya gintabog ni Jesus ang pito ka mga demonyo,"
"Kaupod pa sinda Juana na asawa ni Chuza na katiwala ni Herodes, Susana kag san iba pa na may mga kaya amo an nagaburulig sa panginahanglan ninda Jesus.","si Juana nga asawa ni Chuza nga isa ka opisyal sa korte ni Herodes; si Susana, kag madamo pa nga iban. Gingamit nila ang ila mga pagkabutang sa pagbulig kay Jesus kag sa iya mga gintuton-an."
"Pagtiripon san kadamuan na tawo na tagamanlain-lain pa na mga lungsod para makita siya, ginsurmaton niya ini na istorya:","Ang mga tawo nga naghalalin sa mga kabanwahanan padayon nga nagpalapit kay Jesus. Sang madamo na gid ang mga tawo nga nagtipon, nagsugid si Jesus sini nga palaanggiran:"
“May parauma na nagpauma para magsabwag sin mga binhi. Sa iya pagsabwag may mga binhi na nakatupa sa may dalan. Nagkataramak-tamakan idto kag tinuruka san mga sapat.,"“May isa ka tawo nga nagkadto sa iya uma agod sa pagsab-og sang binhi. Sang pagsab-og niya, ang iban nga binhi nagtupa sa dalan. Gintapakan ini sang mga tawo kag gintuka sang mga pispis."
May nakatupa man sa kabatuhan pero pagragit san adlaw nag-uruga tungod na wara sin tubig.,"Ang iban nagtupa sa batuhon nga duta, kag sang magtubo ini, nalaya ang tanom tungod kay mamala ang duta."
"May nakatupa naman sa katunukan pero nagdaragko an katunukan kaupod san mga tanom, kaya nasiutan ini kag namatay.",Ang iban nga binhi nagtupa sa duta nga may mga talungon kag ang mga talungon nagtubo upod sa tanom kag naglumos sang tanom.
"Niyan, may iba pa man na mga binhi na nakatupa gayod sa mataba na duta, nagturubo kag nagburunga sin mananggatos kada binhi.”",Ang iban nga binhi nagtupa sa maayo nga duta kag nagtubo ini kag nagpatubas sing 100 ka pilo.”
"Pakaistorya sani ni Jesus nagsiyak siya, “Kamo na makabati, magpamati sin maayo!”","Si Jesus nagsiling pa gid, “Gani, magpamati kamo, kon may mga dulonggan kamo!”"
"Pakatapos, ginhunga siya san iya mga disipulos kun nano an gusto sabihon sani na istorya,","Ang mga gintuton-an ni Jesus nagpamangkot sa iya, “Ano bala ang kahulogan sining palaanggiran?”"
"Nagsabat naman siya, “Kamo an gintugutan na maaraman an mga misteryo san kahadian san Dios, pero sa iba an tanan sani ginatukdo paagi sa istorya agod","Si Jesus nagsabat, “Ang paghibalo sang mga tinago nahanungod sang paghari sang Dios ginhatag sa inyo. Pero sa iban ginahatag ini paagi sa mga palaanggiran, agod nga kon magtan-aw sila, indi sila makakita kag kon makabati sila, indi sila makahangop."
"‘bisan sing-ano ninda sin kasud-ong dili gihapon ninda nakakita,",“Amo ini ang kahulogan sang palaanggiran: ang binhi amo ang pulong sang Dios.
bisan sing-ano ninda sin kapamati dili gihapon sinda nakasabot.’,"Ang mga binhi nga nagtupa sa dalan amo ang nakabati, ugaling nagaabot ang Yawa kag nagaagaw sang pulong sa ila mga tagipusoon, agod nga indi sila magtuo kag maluwas."
"“Niyan, an gusto sabihon san istorya amo ini: an binhi amo an surmaton san Dios.","Ang mga binhi nga nagtupa sa batuhon nga duta amo ang nakabati sang pulong kag nagabaton sini sing malipayon. Pero ang pulong wala gid makapanggamot sa ila. Wala magdugay ang ila pagtuo kay kon mag-abot ang pagsulay, nagabiya sila sang ila pagtuo."
"Idto na nakatupa sa dalan na mga binhi amo idtoʼn nakabati san surmaton, tapos nagaabot dayon an demonyo kag nagahali sadtoʼn surmaton agod dili sinda magtuod kag masalbar.","Ang mga binhi nga nagtupa sa duta nga may mga talungon amo ang nakabati, pero ang mga palaligban, ang mga manggad kag ang mga kalipayan sining kabuhi nagaginutok kag nagalumos sa ila, kag ang ila bunga wala nagagulang."
"Idto naman na nakatupa sa kabatuhan pareho san mga nakabati san surmaton, tapos nagatuod kag nagakarilipay. Pero wara ninda ini ipasabuot, kaya nagatuod sinda sin kadali pero pakatintari ginapabayaan dayon an inda pagtuod.",Ang mga binhi nga nagtupa sa maayo nga duta amo ang nagapamati sang pulong kag nagapabilin ini sa maayo kag matinumanon nga tagipusoon kag nagapadayon tubtob nga magpamunga sila.
"Sadto naman na katunukan kun diin nakatupa an mga binhi amo sinda an mga tawo na nakabati, pero sa inda pagpadayon nadaog sinda san kahandalan, mga kayamanan kag mga kinab-anon na kalipay sa buhay kaya an inda pagtuod wara magbaskog.","“Wala sing may nagasindi sing suga kag tabunan niya ini sang sulodlan, ukon ibutang niya ini sa idalom sang higdaan, kundi ginabutang niya ini sa tulongtungan, agod nga ang mga tawo nga nagasulod makakita sang kapawa."
"Idto ugaling na mga nakasabwag man na binhi sa mataba na duta amo an mga tawo na pakabati san surmaton, nagatuod na may hugot sa buot kag sa maayo na tagipusuon, nagpadayon hasta magbunga an inda pagtuod.”","“Kay wala sing natago nga indi mapahayag, ukon tinago nga indi mahibaluan kag mabuyagyag."
Nagpadayon si Jesus sin iba na istorya. “Waraʼn nagasindi sin ilawan pakatapos ginatahuban agod dili makapawa o ginabutang sa sirong san katri kundi ginatungtong ina agod makita an kapawa sana san mga tawo na nagasurulod.,"“Gani maghalong kamo kon paano ang inyo pagpamati, tungod kay ang bisan sin-o nga may iya na hatagan pa, pero ang wala iya, bisan pa ang diutay nga ginahunahuna niya nga iya pagakuhaon pa.”"
"Sugad sani, wara sin natago na dili mahahayag kag wara sin ginsikreto na dili maaaraman kag mahahayag man.","Ang iloy kag mga utod nga lalaki ni Jesus nagkadto sa iya, pero indi sila makapalapit sa iya tungod sang madamo nga mga tawo."
"Kaya pamati gayod sin maayo kay siya na igwa pagahatagan pa, pero an wara bisan sing-ano ka dyutay an ginahuna-huna niya na ada sa iya pagakuhaon pa.”","May nagsiling sa iya, “Ang imo iloy kag mga utod yara sa gwa nagatindog kag luyag magpakigkita sa imo.”"
"Niyan, nagpakadto kan Jesus an iya iloy kag san mga kamaranghod na lalaki pero dili sinda nakaapiki tungod san kadamuan san tawo.","Pero si Jesus nagsiling sa ila tanan, “Ang akon iloy kag mga utod amo sila ang nagapamati sang pulong sang Dios kag nagatuman sini.”"
"Kaya may nagsabi kan Jesus, “Ada sa luwas an imo iloy kag mga kamaranghod na lalaki kay gusto makigkita sa imo.”","Sang isa ka adlaw si Jesus nagsakay sa isa ka sakayan upod sa iya mga gintuton-an kag nagsiling sia sa ila, “Dali, matabok kita sa pihak sang linaw.” Gani nagtulak sila."
"Pero ginsabat niya sinda, “An akon iloy kag mga kamaranghod na lalaki amo idtoʼn mga nagapamarati san surmaton san Dios kag nagatuman sani.”","Sang nagapanakayon sila natulogan si Jesus. Sa hinali nagmadlos ang hangin sa linaw, sa bagay nga ang sakayan ginsudlan sang tubig kag yara sila sa daku nga katalagman."
"Usad sin adlaw sinabihan ni Jesus an iya mga disipulos, “Hamos kita patabok san danaw.” Kaya nagsakay siya sa dako na baruto kaurupod sinda kag nagpalawod.","Ginpalapitan sang mga gintuton-an si Jesus kag ginpukaw sia nga nagasiling, “Manunodlo, Manunodlo! Daw malunod kita!”"
Taud-taod nakakaturog si Jesus. Sa katung-anan san danaw inabot sinda sin subasko kag may tubig na nakasulod na sa inda sarakyan. Nasa peligro gayod sinda.,Nagbangon si Jesus kag iya ginmanduan ang hangin kag ang nagadaguhob nga mga balod. Nag-untat ang bagyo kag naglinaw.
"Kaya gintulos ninda siya kag ginpukaw na nagasabi, “Sir, Sir, malulunod na kita.”","Dayon nagsiling sia sa iya mga gintuton-an, “Diin na bala ang inyo pagtuo?”"
Nagbangon siya kag ginsugo an hangin kag an grabe na mga balod tapos nag-udong ini. Tapos malinaw na.,"Hinadlukan kag natingala gid sila kag nagsinilingay, “Sin-o bala ini nga tawo, nga bisan ang hangin kag balod nagapati sang iya sugo?”"
"Sinabihan niya sinda, “Nano kay wara kamoʼn pagsarig sa akon?”",Dayon nagdungka si Jesus kag ang iya mga gintuton-an sa kadutaan sang Gerasa nga nagaatubang sa Galilea.
"Nagkaharadlok sinda kag nagngalas, tapos nagapahurunga-hunga, “Sin-o daw ini kay an hangin kag mga balod ngani nagasunod sa iya kun suguon niya?”","Sang pagtakas ni Jesus, ginsugata sia sang isa ka tawo halin sa banwa. Ginagamhan sia sang mga demonyo kag madugay na nga wala nagabayo kag wala man nagaestar sa balay, kundi sa mga lungib nga lulobngan."
Nagdungka sinda Jesus sa lugar san Geraseno na katabok san Galilea.,"Sang pagkakita niya kay Jesus nagsinggit sia kag naghapa sa atubang ni Jesus kag nagsiling sa mabaskog nga tingog, “Jesus, Anak sang Dios nga Labing Mataas! Ano ang labot mo sa akon? Maluoy ka sa akon, indi ako pagsiluti!”"
"Paghaw-as pa lang ni Jesus, may nagsugat sa iya na tagalungsod na lalaki na nasudlan sin mga demonyo. Dugay na, wara ini siya nagabado o nagaistar sin balay kundi sa mga rulubngan na mga kweba.","Nagsiling sia sini tungod kay ginsugo ni Jesus ang malaut nga espiritu sa paggwa sa iya. Kay sa madamo na nga beses ginagamhan sia sang demonyo, kag bisan pa nga ginapriso nila sia kag ginagapos sang mga kadena ang iya mga tiil kag ang iya mga kamot, ginapamugto niya ang mga gapos kag ginatabog sia sang demonyo sa desierto."
"Pakakita lang niya kan Jesus sumiyak kag natumba sa atubangan niya. Pakatapos nagsurmaton sin makusog, “Jesus, anak san Pinakalabaw na Dios, nano an pakilabot mo sa akon? Nakimaluoy ako sa imo, ayaw man ako pagpasakiti.”","Si Jesus namangkot sa iya, “Ano ang imo ngalan?”"
"Nakasabi sani an tawo kay ginmandahan na ni Jesus an malaw-ay na espirito na lumuwas sa lawas san tawo. Ini na espirito damo naʼn beses ginapakisay-kisay an tawo. Kaya, ginapabantayan, ginakadenahan kag ginapusasan sa tiil agod mapaukoy siya, pero iya ini ginapangbugto kag ginatabog siya san demonyo sa kabukidan.","Nagsabat sia, “Ang akon ngalan si ‘Madamo.’” Ginsiling niya ini kay madamo nga mga demonyo ang nagsulod sa iya."
"Kaya ginhunga siya ni Jesus, “Nano an ngaran mo?”",Ang mga demonyo nagpakitluoy kay Jesus nga indi sila pagsugoon nga magkadto sa kadadalman.
"Nagsabat ini, “Damo,” kay damu-damo na mga demonyo an nagsulod sa iya.","Malapit sa sadto nga lugar may daku nga panong sang mga baboy nga nagapang-ungad sa banglid. Gani ang mga demonyo nagpakitluoy kay Jesus nga tugotan sila sa pagsulod sa mga baboy, kag gintugotan niya sila."
Nakimaluoy sinda kan Jesus na dili sinda pagpalayason pakadto sa kahidaluman na waraʼn sukol.,Dayon ang mga demonyo naggwa sa tawo kag nagsulod sa mga baboy. Ang bug-os nga panong nagdinaguso padulhog sa kilid sang pil-as pakadto sa linaw kag nagkalalumos.
"Niyan, didto sa higad san bukid may damu-damo na mga baboy na nanginginaon. Pakakita sani nakimaluoy sa iya an mga demonyo na pasudlon na lang sinda sa mga baboy. Kaya tinugutan niya sinda.","Ang mga nagabantay sang mga baboy nakakita sang nahanabo. Gani, nagpalagyo sila kag nagpalapnag sang balita sa banwa kag sa mga kaumhan."
"Pakatapos, an mga demonyo nagruluwas sa lawas san tawo kag nagsulod sa mga baboy. Nagharabas ini pagdaralagan palusad sa pangpang, nagkahurulog sa danaw kag nagkarulumos.","Dayon ang mga tawo nagkadto didto sa pagtan-aw sang nahanabo. Nagpalapit sila kay Jesus kag nakita nila ang tawo nga halin sa iya nagwa ang mga demonyo. Nagapungko sia sa tiilan ni Jesus, nga may bayu na kag yara sa iya husto nga paminsaron, kag hinadlukan gid sila."
"Pakakita san mga parabantay san kababuyan sa nangyari, nagdaralagan sinda palungsod kag ginpamarita an inda nakita sa lungsod kag sa mga baryo didto sa patalibod.",Ang mga nakakita sang nahanabo nagpanugid sa mga tawo kon paano nag-ayo ang tawo nga gingamhan sang mga demonyo.
"Kaya, nagkaradto an mga tawo para makita kun nano man gayod an nangyari. Pag-abot ninda kan Jesus nakita man ninda na nakaingkod sa may tiilan niya an tawo na ginluwasan san mga demonyo. Adto na siya nakaliwan na kag maayo an kaisipan kaya nagkaharadlok an mga tawo.","Dayon ang tanan nga mga tawo sa palibot sang banwa sang Gerasa nagpangabay kay Jesus nga maghalin sia, tungod kay nahadlok gid sila. Gani si Jesus nagsakay sa sakayan kag naghalin didto."
Idto naman na mga nakakita amo an nag-istorya sa inda kun pan-o nag-ayo ini na tawo na nasudlan san mga demonyo.,"Ang tawo nga sa iya nagwa ang mga demonyo nagpakitluoy kay Jesus, “Paupda ako sa imo.”"
"Pakaaram ninda sani, an tanan na mga taga-Geraseno nagahangyo kan Jesus na maghali sa inda lugar kay nagkaharadlok gayod sinda. Kaya, nagsakay gihapon sinda Jesus sa inda sarakyan agod mag-uli.","Pero ginpalakat sia ni Jesus kag ginsingganan,"
"An tawo naman na ginluwasan san mga demonyo nakimaluoy kan Jesus na tugutan siya mag-upod pero ginpauli siya ni Jesus na sinabihan,",“Pauli ka sa inyo kag isugid kon ano ang ginhimo sang Dios sa imo.”
"“Mag-uli ka sa iyo kag ipaaram mo sa tanan an kaayuhan na hinimo san Dios sa imo.” Kaya, naglakat an tawo kag ginparapanumat niya sa tanan na katawuhan san syudad an hinimo sa iya ni Jesus.",Ang tawo naglakat sa bug-os nga banwa kag nagpanugid sang ginhimo ni Jesus sa iya.
Pag-abot gihapon ni Jesus sa luyo san danaw malipayon na ginsugat siya san kadamuan kay adto na sinda nagapahurulat sa iya.,"Sang pagbalik ni Jesus sa pihak sang linaw gin-abiabi sia sang mga tawo, tungod kay tanan sila naghulat sa iya."
"Taud-taod may nag-abot man na lalaki na an ngaran Jairo na usad na namumuno san sinagoga. Lumuhod siya sa may tiilan ni Jesus kag nakimaluoy siya na kun mahimo na makakadto siya sa inda balay,","May nag-abot nga isa ka tawo nga ginhingalanan kay Jairo nga opisyal sang sinagoga. Nagluhod sia sa tiilan ni Jesus kag nagpakitluoy sa iya nga magkadto sa iya balay,"
"kay an iya usad-usadi na anak na babayi, na dose anyos an edad, tikamatayon.",tungod kay tagumatayon ang iya bugtong nga anak nga babayi nga nagapanuigon sing dose ka tuig.
"San pakadto na si Jesus, nagasurusuan an kadamuan.","Sang nagapadulong si Jesus, gindugokan sia sang mga tawo sa palibot."
Didto may babayi na ginadugo sa sulod sin dose ka tuig kag wara pa man sin bisan sin-o na nakabulong sa iya.,"May isa ka babayi didto nga nag-antos sa pagpanggwa sang madamo nga dugo sa iya, sa sulod sang dose ka tuig. Naurot na niya gasto ang iya tanan nga kwarta sa pagpabulong, pero wala gid sing may nakaayo sa iya."
"Kaya nakisu-suan man siya sa may likudan ni Jesus kag gindutdot an sidsid san iya ginasul-ot, Insigida naudong dayon an pagparadugo sa iya.","Nagpanagil-ot sia sa tunga sang mga tawo sa likod nayon ni Jesus, kag iya gintandog ang sidsid sang kunop ni Jesus kag sa gilayon nag-untat ang pagpanggwa sang iya dugo."
"Paglingi ni Jesus naghunga siya, “Sin-o an nagdutdot sa akon?”","Namangkot si Jesus, “Sin-o ang nagtandog sa akon?”"
"San magpaambot an tanan nagsurmaton si Pedro, “Maestro, nano kay nakahunga ka na ada an katawuhan nagapatalibod kag nagadiris-ukan pakada sa imo?”","Sang wala sing may nag-ako, si Pedro nagsiling, “Manunodlo, nagaginutok lang kag nagadis-uganay ang mga tawo sa palibot mo.”"
"Pero nagsabat si Jesus, “Igwa gayod sin nagdutdot sa akon kay nabatyagan ko na may nagguwa sa akon na gahom.”","Pero si Jesus nagsiling, “May nagtandog gid sa akon, kay nabatyagan ko ang paggwa sang gahom sa akon.”"
"Pakamalisyahi san babayi na dili gali siya makatago, naghalapit na nagapangudog, nagluhod sa may tiilan ni Jesus kag ginpahayag sa atubangan san mga tawo kun nano kay gindutdot niya si Jesus kag kun pan-o siya naayo sadto mismo.","Sang matalupangdan sang babayi nga nasapwan sia, nagpalapit sia nga nagakurog kag nagluhod sa tiilan ni Jesus. Sa atubang sang tanan, ginsugiran niya si Jesus kon ngaa nga gintandog niya sia kag kon paano sia nag-ayo gilayon."
"Kaya, ginsabihan siya ni Jesus, “Tia, an imo pagtuod amo an nakaayo sa imo. Makalakat ka na sa kalinaw san isip.”","Si Jesus nagsiling sa iya, “Anak ko, ang imo pagtuo nag-ayo sa imo. Maglakat ka sa paghidait.”"
Usad naman sin adlaw gintiripon ni Jesus an dose kag hinatagan sin gahom kag otoridad na makapaluwas san tanan na mga demonyo kag makabulong san mga masakiton.,Gintawag ni Jesus sing tingob ang dose ka mga gintuton-an kag ginhatagan sila sing gahom kag awtoridad sa pagtabog sang tanan nga mga demonyo kag sa pag-ayo sang mga balatian.
Tapos sinugo niya sinda para itukdo an manungod san kahadian san Dios kag magpangbulong.,Dayon iya sila ginpadala sa pagwali nahanungod sang paghari sang Dios kag sa pag-ayo sang mga masakiton.
"Gintugon niya sinda, “Ayaw pagdara sin nano pa man sa iyo paglakat bisan tungkod, surudlan, pagkaon o kwarta kag liwanan.","Nagsiling sia sa ila, “Indi kamo magdala sing bisan ano sa inyo pagpanglakaton: bisan sungkod, bag, tinapay, kwarta kag bisan isa ka ilislan nga bayu."
"An sin-o man na panimalay na magapadayon sa iyo, didto na lang kamo mag-istar hasta na maghali kamo sana na lugar.","Kon diin kamo nga balay ginabaton, dira lang kamo dayon tubtob maghalin kamo sa sina nga banwa."
Sadto naman na lungsod na dili magpadayon sa iyo paghali niyo sa inda taphuda anay an alpog sa iyo tiil bilang padaan na may paghusgar na maabot sa inda.”,"Kon sa diin man nga lugar nga ang mga tawo indi magbaton sa inyo, bayai ninyo ina nga banwa kag itaktak ang yab-ok sa inyo mga tiil subong pagpaandam sa ila.”"
Kaya nagralakat sinda kag nagpangburubaryo sa pagtukdo san Maayo Na Barita kag pagpamulong san katawuhan bisan diin.,Ang mga gintuton-an naglakat kag nagkadto sa tanan nga mga kabarangayan sa pagwali sang Maayong Balita kag sa pagpang-ayo sang mga tawo sa tanan nga lugar.
Niyan nabaritaan ni Herodes na namumuno san Galilea an tanan na nangyayari manungod kan Jesus didto kaya nalisang siya kay basi nabuhay gihapon si Juan na Parabunyag susog sa ginasarabi san iba na mga tawo.,"Si Herodes nga pangulo sang Galilea nakabati sang tanan nga mga butang nga nagkalatabo. Naglibog gid ang ulo niya tungod kay may mga tawo nga nagsiling, “Nabanhaw si Juan nga manugbautiso.”"
An iba man nagasarabi na si Elias nagpakita gihapon kag may iba pa gayod na nagasarabi na an usad san mga kasadto na mga propeta nabuhay gihapon.,"Ang iban nagsiling nga si Elias nagpakita, kag ang iban pa gid nagsiling nga ang isa sang mga propeta sang una nabanhaw."
"Pero nagsurmaton si Herodes, “Dili ako matuod na si Juan ini kay ginpapugutan ko siya, pero sin-o ini na akon nababaritaan?” Kaya mas lalo na nagahandom siya na makita si Jesus.","Nagsiling si Herodes, “Ginpapugotan ko si Juan, pero sin-o ining tawo nga madamo ang akon nabatian nahanungod sa iya?” Kag nagtinguha sia sa pagpakigkita kay Jesus."
Pagbalik san mga apostoles ginsumatan ninda si Jesus san inda nagkahirimuan. Tapos gin-agda niya ini na sinda-sinda lang pakadto sa usad na lungsod na ginatawag Betsaida.,Ang mga apostoles nagbalik kag nagpanugid kay Jesus sang tanan nga ila nahimo. Gindala sila ni Jesus kag nagkadto sila nga silahanon lang sa isa ka banwa nga ginhingalanan Betsaida.
"Pakaaram san katawuhan, nagsurunod man sinda kan Jesus. Kaya, gin-agda niya sinda kag gin-istoryahan manungod sa kahadian san Dios. Ginbulong man niya idtoʼn nagakinahanglan na mabulong.",Sang nahibaluan ini sang madamo nga mga tawo nag-apas sila sa iya. Ginbaton niya sila kag naghambal sa ila nahanungod sang paghari sang Dios. Kag gin-ayo niya ang mga nagakinahanglan sang pag-ayo.
"San takop na an kahapunanon nagharalapit sa iya an dose kag nagsabi, “Pahalia na an mga tawo agod makakadto sa mga baryo kag mga sitio para makapanghanap sin maistaran kag sin makaon kay adi kita didi sa mamingaw na lugar.”","Sang nagahinunod na ang adlaw, ang dose ka mga apostoles nagkadto sa iya kag nagsiling, “Palakta ang mga tawo agod nga makakadto sila sa mga barangay kag mga kaumhan sa palibot sa pagpangita sing kalan-on kag dalayunan tungod kay maligwin ini nga lugar.”"
"Pero nagsabat lugod si Jesus, “Hatagi na lang niyo sindaʼn makaon.”","Pero si Jesus nagsiling sa ila, “Kamo mismo ang maghatag sa ila sang sarang makaon.”"
"Pero nagreklamo sinda, “Lima lang ka bilog na tinapay kag duha ka bilog na isda an amon dara pwera lang kun magbakal kita sin pagkaon para sani tanan na katawuhan.”","Nagsabat sila, “Lima gid lang ka bilog ang aton tinapay kag duha lang ka isda. Luyag mo bala nga maglakat kami sa pagbakal sing pagkaon para sa sini tanan nga mga tawo?”"
Kay mga lima ka libo na kalalakihan an adto didto.,"Kay mga 5,000 ang mga lalaki didto."
"Pero sinabihan niya an iya mga disipulos, “Paingkuda sinda sin tigsurusingkwenta kada grupo.”","Si Jesus nagsiling sa iya mga gintuton-an, “Papungkua ninyo sila sing grupo-grupo nga tag-singkwenta kada grupo.”"
Sinunod ninda kag pinaingkod an tanan.,Ginhimo ini sang mga gintuton-an kag ginpapungko sila tanan.
"Tapos, kinuha ni Jesus an lima ka bilog na tinapay kag an duha ka bilog na isda, humangad siya sa langit kag nagpasalamat sa Dios. Pagkatapos gin-utud-utod ini kag gintunol sa iya mga disipulos agod ipanghatag sa mga tawo.","Ginkuha ni Jesus ang lima ka bilog nga tinapay kag ang duha ka isda, nagtangla sia sa langit, nagpasalamat sa Dios, ginpamihakpihak ini, kag ginhatag sa mga gintuton-an agod ipanagtag sa mga tawo."
Nagkaraon sinda tanan hasta na nagkaburusog. Pakatapos gintipon san mga disipulos an sobra na dose pa ka bangkat.,Nagkalaon sila tanan kag nagkalabusog. Ang mga gintuton-an nakatipon sing dose ka mga alat sang nagkalabilin.
"Usad sin adlaw san si Jesus sulo lang na nagapangadyi, naghalapit an iya mga disipulos. Tapos nagsabi siya sa inda, “Sumati daw niyo ako kun nano an pagkakilala sa akon san mga tawo.”","Sang isa ka adlaw sang nagapangamuyo si Jesus nga isahanon lang, ang mga gintuton-an nagpalapit sa iya. Si Jesus nagpamangkot sa ila, “Sin-o bala ako suno sa mga tawo?”"
"Nagsabat sinda, “Sabi san iba na ikaw si Juan na parabunyag. An iba man na ikaw kuno si Elias, kag an iba pa gayod na ikaw kuno usad san mga kasadto na mga propeta na nabuhay gihapon.”","Nagsabat sila, “May mga tawo nga nagasiling nga ikaw si Juan nga manugbautiso. Ang iban nagasiling nga ikaw si Elias, kag ang iban pa gid nagasiling nga isa ikaw sang mga propeta sang una nga nabanhaw.”"
"Naghunga gihapon si Jesus, “Pero kamo, nano an pagkakilala niyo sa akon?”","Ginpamangkot niya sila, “Pero sa inyo iya, sin-o bala ako?”"
"Nagsabat si Pedro, “Ikaw an Cristo san Dios.”","Si Pedro nagsabat, “Ikaw ang Cristo nga ginpadala sang Dios.”"
"Niyan, ginpadaanan gayod niya sinda na dili magpanumat bisan kanin-o man manungod sa iya.",Dayon ginmanduan sila ni Jesus nga indi magpanugid sini sa bisan kay sin-o.
"Pakatapos ginsabihan pa niya sinda. “Dapat ako na Anak San Tawo magtios sin grabe. Pagapaambutan san mga kamagurangan na namumuno san mga Judio, mga namumuno san kapadian kag mga paratukdo san Kasuguan, tapos papatayon pero sa ikatulo ka adlaw bubuhayon gihapon.”","Nagsiling pa gid sia, “Kinahanglan mag-antos sang tuman ang Anak sang Tawo kag pagasikwayon sang mga katigulangan sang mga Judio, sang pangulo nga mga pari, kag sang mga manunodlo sang Kasugoan. Pagapatyon sia pero pagabanhawon sa ikatlo nga adlaw.”"
"Pagpadayon ni Jesus ginsabihan niya hasta an tanan, “Kun may gusto mag-upod sa akon bilang disipulos ko, dili niya dapat sundon an sadiri niya na kabubut-on kundi sundon lugod an kaburut-on ko kag pas-anon an iya krus uruadlaw na amo an pagtios tungod sa akon.","Kag nagsiling sia sa ila tanan, “Kon sin-o ang luyag magsunod sa akon, dapat niya kalimtan ang iya kaugalingon, magpas-an sang iya krus adlaw-adlaw, kag magsunod sa akon."
"Nasabi ko ini kay an nagahandom masalbar an iya buhay para sa iya sadiri mawawar-an sani, pero an maghalad san iya buhay alang-alang sa akon masasalbar lugod sani.","Kay ang bisan sin-o nga luyag magluwas sang iya kaugalingon nga kabuhi, madula niya ini, pero ang bisan sin-o nga nagadula sang iya kabuhi tungod sa akon, maluwas niya ini."
Kay nano man an pakinabang san tawo kun mapasa iya an bilog na kinab-an kag an balyo sani amo an pagsuko o pagkawara san iya buhay? Syimpre wara gayod!,"May makuha bala ang tawo kon maangkon niya ang bug-os nga kalibutan, pero madula ukon malaglag niya ang iya kaugalingon?"
"“Sugad man kun may tawo na dili magaako sa akon kay ginakaalo niya ako kag san akon katukduan, ako na Anak San Tawo igakaalo man siya kag dili ko aakuon pag-abot ko sa akon glorya kag sa glorya man san akon Ama kag san mga banal na anghel.","Ang bisan sin-o nga nagakahuya sa akon kag sa akon mga pulong, igakahuya man sia sang Anak sang Tawo kon mag-abot sia sa iya himaya kag sa himaya sang Amay kag sang balaan nga mga anghel."
Ginasiguro ko sa iyo na igwa sin pira sa iyo na nagatindog didi na dili mapapatay hasta na makita an kahadian san Dios.”,Dumdoma ninyo ini! May yari diri nga nagatindog nga indi mapatay tubtob nga makakita sila sang paghari sang Dios.”
"Mga walo ka adlaw pakatapos niya pagsabi sani, gin-agda ni Jesus sinda Pedro, Juan kag Santiago pagsagka sa bukid para magpangadyi.","Mga isa ka simana sa tapos mahambal ni Jesus ini nga mga butang, gindala niya si Pedro, si Juan, kag si Santiago kag nagtaklad sila sa isa ka bukid sa pagpangamuyo."
"Myintras nagapangadyi siya didto, nag-iba an hitsura san iya bayhon kag nagsinggat gayod an iya bado sa kaputi.","Sang nagapangamuyo sia, nagbalhin ang dagway sang iya nawong kag ang iya bayu nanginmakasililaw nga kaputi."
Bigla na lang may duha na lalaki na nag-abot kag nakisurmaton sa iya. Amo ini sinda Moises kag Elias.,"Sa hinali may duha ka tawo nga nagpakighambal sa iya. Ini sila amo si Moises kag si Elias,"
"Nagpakita ini na duha na may langitnon na glorya na nakasilaw bagaʼn adlaw, kag nagsurmaton manungod sa pagtaliwan ni Jesus na mangyayari sa Jerusalem.",nga nagpakita sa dagway nga makasililaw kag nagpakighambal kay Jesus nahanungod sang iya madali na lang nga pagkapatay sa Jerusalem sa pagtuman sang tinutuyo sang Dios.
Niyan naman si Pedro kag san iya mga kaurupod mga maanok gayod an katurog pero pagmata ninda nakita an glorya ni Jesus kag an duha na lalaki na nagatindog kaupod niya.,"Si Pedro kag ang iya mga kaupdanan natulogan sing mahamuok, pero nakabugtaw sila kag nakita nila ang himaya ni Jesus kag ang duha ka tawo nga nagatindog upod sa iya."
"San mahali na an duha, sinabihan ni Pedro si Jesus, “Sir, maayo man na adi kita. Tugutan kami na magtindog didi sin tulo na kubung-kubong na usad sa imo, usad naman kan Moises kag usad pa kan Elias.” Dili niya namangnuhan an iya ginasabi.","Sang manughalin na ang duha ka tawo sa atubang ni Jesus, si Pedro nagsiling sa iya, “Manunodlo, maayo gid kay yari kita diri! Mahimo kami sing tatlo ka tolda, isa para sa imo, isa para kay Moises kag isa para kay Elias.” Pero naghambal sia nga wala makahibalo kon ano ang iya ginasiling."
Myintras nagasurmaton pa siya may madakmol na dampog kag nahandungan sinda. San matahuban na nagkaharadlok sinda.,"Sang nagahambal pa sia, ang panganod nag-abot kag naglandong sa ila, kag ang mga gintuton-an hinadlukan sang ginlikupan sila sang panganod."
"Tapos, may nabati sinda na nagasurmaton hali sa dampog, “Amo ini an akon Anak na ginpili ko. Pamatii niyo siya.”","May tingog gikan sa panganod nga nagsiling, “Amo ini ang akon Anak nga akon ginpili! Pamatii ninyo sia!”"
"Pakatapos sadto, nakita ninda na si Jesus na lang. Kaya, ginpasabuot san mga disipulos an inda nakita kag wara gayod sin ginsumatan sadto na kaurason.","Sang pag-untat sang tingog, isahanon na lang si Jesus. Ginhipsan lang ini sang mga gintuton-an, kag sadto nga mga inadlaw wala gid sila magpanugid sang bisan ano sa bisan kay sin-o sang ila nakita."
Pagkasunod na adlaw naglugsad na sinda hali sa bukid kag didto damu-damo na mga tawo an nagsugat kan Jesus.,Sang madason nga adlaw nagdulhog si Jesus kag ang tatlo ka mga gintuton-an halin sa bukid kag ginsugata si Jesus sang madamo nga mga tawo.
"Insigida may lalaki sa kadamuan na nagsiyak, “Maestro, nakimaluoy ako sa imo, pakikita man tabi san akon bugtong na anak na lalaki.","May isa ka tawo gikan sa ila nga nagsinggit, “Manunodlo! Nagapakitluoy ako sa imo, tan-awa man anay ang akon anak nga lalaki, ang akon bugtong nga anak!"
"Ginasudlan siya san maraot na espirito kag bigla lang na nagasiyak, ginapakisay-kisay siya hasta na magbura an ba-ba, tapos, ginaparapasakitan siya kag haros habo na maghali sa iya.","Ginagamhan sia sang espiritu, kag sa hinali lang nagasinggit sia. Ginapakurog sia sa bagay nga nagabura ang iya baba kag indi sia paghalinan sang espiritu kay ginapaantos gid sia."
Nakimaluoy ako sa imo mga disipulos na pahalion an maraot na espirito pero dili ninda kaya.”,"Nagpakitluoy ako sa imo mga gintuton-an nga tabugon nila ang espiritu, pero indi sila makasarang sa pagtabog.”"
"Nagsabat si Jesus, “Marasa pa kamo na mga tawo yana na panahon na waraʼn pagtuod kag mga sutil! Hasta san-o ta kamo dapat pagatiusan? Nano, hasta na lang magatios ako sa iyo?” Tapos sinabihan an lalaki, “Sige, darha didi an imo anak.”","Si Jesus nagsabat, “Sa pagkadi-matinuohon kag kabalingag sa inyo nga mga katawhan! Tubtob san-o pa bala ang pag-upod kag ang pagbatas ko sa inyo?” Dayon nagsiling sia sa tawo, “Dalha diri ang imo anak.”"
San nagapahalapit na kan Jesus an bata ginpasagmok siya sa duta san maraot na espirito kag ginauy-og. Pero sinaway ni Jesus an maraot na espirito kag naayo an bata. Tapos gin-uli na siya sa iya ama.,"Sang nagapalapit ang bata, gintumba sia sang demonyo sa duta kag ginpakurog. Ginmanduan ni Jesus ang malaut nga espiritu, gin-ayo ang bata, kag gin-uli sia sa iya amay."
An tanan naman nagkangarawa sa kagamhanan san Dios.,Ang tanan nga mga tawo natingala gid sa daku nga gahom sang Dios.
"San nagkakangarawa pa an tanan san mga ginhimo ni Jesus, sinabihan niya an iya mga disipulos,","Samtang nagakatingala pa ang mga tawo sa tanan nga ginhimo ni Jesus, nagsiling sia sa iya mga gintuton-an,"
"“Itanom niyo sa isip ini na mga surmaton, ako na Anak San Tawo iintriga sa gahom san katawuhan.”",“Indi kamo magkalipat sang akon isiling sa inyo. Ang Anak sang Tawo itugyan sa mga kamot sang mga tawo.”
Pero dili ninda nasabutan kun nano an gusto sabihon sani na iya ginsabi kay gintago ini sa inda agod dili ninda mapanginano kag nahahadlok man sinda maghunga sa iya.,"Pero wala makahibalo ang mga gintuton-an kon ano ang kahulogan sini. Ginlikom ini sa ila agod nga indi sila makahangop, kag nahadlok sila magpamangkot sa iya nahanungod sini."
"Niyan, nagsuruay an iya mga disipulos kun sin-o sa inda an labaw sa tanan.",Ang mga gintuton-an nagbinais kon sin-o sa ila ang labing daku.
"Pero san mapanginano ni Jesus kun nano an inda ginaisip may kinuha siyaʼn dyutay na bata, pinaingkod sa iya katakin,","Nahibaluan ni Jesus kon ano ang ila ginahunahuna, gani nagkuha sia sing isa ka bata kag ginpatindog sia sa iya tupad"
"kag ginsabihan sinda, “An makaako sin pareho sani na bata alang-alang sa akon ginaako man ako, kag an mag-ako sa akon ginaako man an nagsugo sa akon. Kun sugad an pinakamenos sa iyo amo an pinakalabaw sa tanan.”","kag nagsiling sa ila, “Ang bisan sin-o nga nagabaton sini nga bata sa akon ngalan nagabaton sa akon, kag ang bisan sin-o nga nagabaton sa akon nagabaton man sa iya nga nagpadala sa akon. Kay sia nga labing kubos sa inyo tanan amo gid ang labing daku.”"
"Didi, nagsurmaton si Juan, “Maestro, nakakita kami sin lalaki na nagapaluwas sin mga demonyo paagi sa imo ngaran. Kaya ginbawalan namon siya kay dili man naton kaupod.”","Si Juan nagsiling, “Manunodlo, may nakita kami nga isa ka tawo nga nagatabog sang mga demonyo sa imo ngalan, kag ginpauntat namon sia tungod kay indi sia katapo naton.”"
"Pero sinabihan siya ni Jesus, “Ayaw niyo siya pagsawaya kay an dili nagakontra sa iyo kaapin niyo.”","Pero si Jesus nagsiling sa iya kag sa iban nga mga gintuton-an, “Indi ninyo sia pagdumilii, tungod kay ang bisan sin-o nga indi batok sa inyo apin sa inyo.”"
"San nagadangadang na an panahon san pagsakat ni Jesus sa langit, nagtuna siya pagpakadto gayod sa Jerusalem.","Sang malapit na lang ang mga inadlaw nga si Jesus pagadalhon sa langit, nagpamat-od sia sa pagkadto sa Jerusalem."
Kaya nagsugo siya sin mga mag-una sa iya agod ihanda an pag-abot niya. Mga Samaritano an mga tawo sana na baryo.,Nagpadala sia sang mga mensahero sa pagkadto sing una sa isa ka barangay sang Samaria sa pag-aman sang tanan para sa iya.
Ugaling an mga tagadidto wara magpadayon sa iya kay an tuyo gayod niya pa-Jerusalem.,Pero ang mga tawo didto indi magbaton sa iya tungod kay maathag nga sia nagapakadto sa Jerusalem.
"San maaraman ini ninda Santiago kag Juan na duha san iya mga disipulos, ginhunga siya, “Ginoo, nano, gusto mo na mag-ayo kami na pauranan sindaʼn kalayo na hali sa langit agod ugdawon sinda?”","Sang pagkahibalo sini sang mga gintuton-an nga amo sanday Santiago kag Juan, nagsiling sila, “Ginoo, luyag mo bala nga magpangayo kami sang kalayo halin sa langit kag sunogon sila?”"
Pero gin-atubang sinda ni Jesus kag gin-uritan.,"Si Jesus nagbalikid kag nagsaway sa ila,"
Pakatapos nagpadayon sinda sa masunod na baryo.,kag nagpadayon sila sa isa naman ka barangay.
"San nagaralakat na sinda may nakasugat sinda sa kamino na tawo na nagsabi kan Jesus, “Sir, magaupod ako sa imo bisan magpakain ka.”","Sang nagapadayon sila sa paglakat, may isa ka tawo nga nagsiling kay Jesus, “Maupod ako sa imo bisan diin ka magkadto.”"
Pakatapos sani nagpili gihapon an Ginoo sin 72 disipulos kag ginsugo sinda tigduha-duha na mag-una sa iya sa tanan na mga lungsod kag mga lugar na iya man pagakadtuan.,Sa tapos sini ang Ginoo nagpili sing setentay dos pa gid ka mga tawo kag iya sila ginpadala sing tagduhaduha sa pag-una sa iya sa tagsa ka banwa kag lugar nga madali na lang niya pagakadtuan.
"Ginsabihan niya sinda, “Damoʼn gusto makabati san Maayo Na Barita pero kulang sa inda an mga magatukdo. Bagaʼn bugana na aranihon ini na mga tawo pero kulang lang an paraani. Kaya maghangyo kamo sa Ginoo na tag-iya san anihon agod magsugo siya sin mga paraani sa iya aranihon.","Nagsiling sia sa ila, “Malapad ang alanyon, pero diutay lang ang mga mangangani. Gani magpangamuyo kamo sa tag-iya sang alanyon nga magpadala sia sing mga mangangani sa iya alanyon."
"“Sige, kadto na kamo pero tandai na ginasugo ta kamo bagaʼn mga karnero sa tunga san mga maisog na hayop.",Lakat kamo! Ginapadala ko kamo subong mga kordero sa tunga sang mga lobo.
"Ayaw kamo pagdara sin pitaka, surudlan o sandalyas kag ayaw pag-udong sa pakig-istoryahan bisan sa sin-o man na masugatan niyo sa dalan.","Indi kamo magdala sing sulodlan sang kwarta, ukon bag, ukon sandalyas. Indi kamo magdulog sa pagpanamyaw bisan kay sin-o sa dalan."
"“Sa diin man na balay na iyo suludan sabiha dayon niyo sa tag-iya, ‘Mapasa iyo an kalinawan hali sa Dios.’","Kon magsulod kamo sa isa ka balay, magsiling kamo anay, ‘Ang paghidait manginyari sa sini nga balay.’"
"Kun an nagaistar didto tawo na may kalinaw an isip hali sa Dios, mapasa inda an kalinawan pero kun dili mabalik ina sa iyo.","Kon ang nagaestar dira tawo nga mahidaiton, ibilin sa iya ang inyo panamyaw sang paghidait. Pero kon indi sia mahidaiton, bawia ninyo ang inyo panamyaw sang paghidait."
"Mag-istar kamo sana na balay, kaunon niyo kag inumon an nanuman na ihanda sa iyo tungod naman na an paratrabaho dapat lang na hatagan san iya suhol. Ayaw pagparaburubalhin sin balay.","Magdayon kamo sa sina nga balay, magkaon kag mag-inom sang bisan ano nga ginahanda nila sa inyo, kay ang manugpangabudlay dapat hatagan sang iya suhol. Indi kamo magsagad saylusaylo sing dalayunan."
“Sa kadtuan niyo na lungsod na maayo an pagpadayon sa iyo kauna an nanuman na ginhanda para sa iyo.,"Kon magkadto kamo sa isa ka banwa kag ginabaton kamo, kauna ninyo ang ginahanda sa inyo,"
Ayuha an mga masakiton sana na lungsod kag isabi na ‘Halapit na sa iyo an oras na an Dios amo an magahadi sa iyo.’,"ayuha ninyo ang mga nagamasakit sa sadto nga banwa, kag magsiling kamo sa mga tawo didto, ‘Ang paghari sang Dios malapit na sa inyo.’"
"Pero sa diin man na lungsod na iyo kadtuan kag habo magpadayon sa iyo, lumuwas kamo sa inda mga kamino kag isabi,","Pero kon magsulod kamo sa isa ka banwa kag wala kamo ginabaton, kadto kamo sa mga dalan kag magsiling,"
"‘Bisan an alpog san iyo lungsod na nakadukot sa amon mga tiil igataphod namon bilang padaan na pagakastiguhon kamo san Dios. Tandai niyo ini, an kahadian san Dios nagpahalapit na sa iyo.’","‘Bisan ang yab-ok sang inyo banwa nga nagatapik sa amon mga tiil amon nga tatakon batok sa inyo. Pero dumdoma ninyo ini, ang paghari sang Dios malapit na sa inyo.’"
Ginasiguro ko sa iyo na pag-abot sana na adlaw san paghusgar mas pagakaluy-an san Dios an mga maraot na taga-Sodoma ki sadtoʼn mga tawo sana na lungsod na magakontra sa iyo.,Nagasiling ako sa inyo nga sa Adlaw sang Paghukom ang Dios mas magamaluloy-on pa sa Sodoma sang sa sadto nga banwa!
"“Kamakaluluoy niyo na mga taga-Corazin! Kamakaluluoy man niyo na mga taga-Betsaida! Kun an ginhimo na mga milagro sa iyo didto paghimua kasadto sa maraot na mga syudad san Tiro kag Sidon na ginsira san Dios, dugay na an mga tagadidto nagsul-ot sin bado na ginahimoʼn sako kag nagsaburak sin abo sa inda mismo mga ulo agod ipakita na sinda nagabasol kag nagabaya san inda mga kasal-an.","“Makaluluoy ka man, Corazin! Makaluluoy ka man, Betsaida! Kay kon ang gamhanan nga mga buhat nga ginhimo sa inyo ginhimo sa Tiro kag Sidon, dugay na kuntani ang mga tawo didto nagpungko, nagabayo sing sako kag nagbutang sing abo sa ila mga ulo sa pagpakita nga mag-untat sila sa pagpakasala."
Tungod sana mas pagakaluy-an san Dios an mga taga-Tiro kag mga taga-Sidon ki sa iyo sa adlaw san paghusgar.,Sa Adlaw sang Paghukom ang Dios mas magamaluloy-on pa sa Tiro kag sa Sidon sang sa inyo.
"Kamo naman na mga taga-Capernaum, nano, gusto niyo na magpakamatanos pareho san sa langit? Itatapok lugod kamo sa impyerno.”","Kag ikaw, Capernaum, luyag ka bala magbayaw sang imo kaugalingon sa langit? Ihaboy ka sa impierno!”"
“Kaya an nagapamati sa iyo na mga disipulos ko nagapamati sa akon. An nagasikway sa iyo nagasikway sa akon kag idtoʼn nagasikway sa akon ginasikway man an nagsugo sa akon.”,"Nagsiling si Jesus sa iya mga gintuton-an, “Ang bisan sin-o nga nagapamati sa inyo, nagapamati sa akon, ang bisan sin-o nga nagasikway sa inyo, nagasikway sa akon. Kag ang bisan sin-o nga nagasikway sa akon, nagasikway sa iya nga nagpadala sa akon.”"
"Nagbalik an 72 na tawo na ginsugo na mga malipay na an sabi, “Ginoo, bisan an mga demonyo nagtuman sa amon san ginsugo namon sa ngaran mo.”","Ang setentay dos nagbalik nga may daku nga kalipay. Nagsiling sila, “Ginoo, bisan pa ang mga demonyo nagtuman sa amon sang ginmanduan namon sila sa imo ngalan!”"
"Sinabihan sinda ni Jesus, “Nakita ko an pakahulog ni Satanas hali sa langit na bagaʼn kilat.","Si Jesus nagsabat sa ila, “Nakita ko si Satanas nga nahulog kaangay sang kilat halin sa langit."
"Tandai, ginhatagan ta kamo sin gahom na makadaog san karautan bagaʼn pagtamak sa mga sawa kag mga uyang amo man san tanan na gahom san mga kaaway kag waraʼn makapasakit sa iyo.","Pamati kamo! Ginhatag ko sa inyo ang gahom sa pagtapak sa mga man-og kag mga iwiiwi, kag paglutos sa tanan nga gahom sang Kaaway, kag wala sing bisan ano nga makahalit sa inyo."
Pero ayaw kamo pagkalipay dahilan na napatuman niyo an mga maraot na espirito kundi magkalipay tungod na an iyo mga ngaran nasurat sa libro na adto sa langit.”,"Pero indi kamo magkalipay tungod kay ang malaut nga mga espiritu nagatuman sa inyo, kundi magkalipay kamo tungod kay ang inyo mga ngalan nasulat sa langit.”"
"Sadto man na oras na palipay si Jesus san Espirito Santo kag nagsabi, “Ama na Ginoo san langit kag duta, nagapasalamat ako sa imo kay gintago mo ini na kaaraman sa mga madunong kag mga may pagsabot pero ginhayag mo sadtoʼn mga maluya an pagsabot sugad san mga dyutay na bata. Opo, Ama ko, kay ginkalipay mo an pagahimo sani.","Sa amo nga takna si Jesus nga puno sing kalipay sang Espiritu Santo nagsiling, “O Amay, Ginoo sang langit kag duta, nagapasalamat ako sa imo tungod kay ang imo gintago sa mga maalam kag may mga tinun-an imo ginpakita sa indi mga maalam. Huo, Amay, kay amo ini ang imo nahamut-an nga matabo."
"“Niyan, an tanan na poder ginhatag sa akon san akon Ama. Wara sin makakilala kun sin-o an Anak kundi an Ama, kag kun sin-o an Ama kundi an Anak kag sadto naman na mga ginagusto san Anak na pahayagan san manungod sa Ama.”","“Gintugyan sa akon sang akon Amay ang tanan nga mga butang. Wala sing may nakakilala sa Anak luas sa Amay, kag wala sing may nakakilala sa Amay luas sa Anak kag sa ila nga mga pinili sang Anak, nga ipahayag ang Amay.”"
"Pakatapos, gin-atubang ni Jesus an iya mga disipulos kag nagsabi, “Palabi an nakakita san iyo nakikita,","Dayon si Jesus nagliso sa mga gintuton-an kag nagsiling sa ila nga silahanon lang, “Daw ano ka malipayon sa inyo nga makakita sang mga butang nga inyo ginatan-aw!"
kay matuod gayod na damo kasadtoʼn mga propeta kag mga hadi na gusto man makakita san iyo nakikita pero wara ninda makita. Nagahandom man makabati san iyo nababatian pero wara ninda mabati.”,"Nagasiling ako sa inyo nga madamo nga mga propeta kag mga hari ang naghandom nga makita ang inyo ginatan-aw, pero wala sila makakita, kag nga makabati sa inyo ginapamatian, pero wala sila makabati.”"
"Igwaʼn abugado na nagtindog kag naghunga kan Jesus agod porbaran siya, “Maestro, nano an dapat ko na himuon agod masadiri ko an waraʼn katapusan na buhay?”","May isa ka manunodlo sang Kasugoan nga nagtindog sa pagdakupdakop kay Jesus. Nagpamangkot sia, “Manunodlo, ano bala ang dapat ko himuon agod maangkon ko ang kabuhi nga wala sing katapusan?”"
"Ginsabat siya ni Jesus, “Adto na sa Kasuguan nasurat an himuon. Nano an imo nabasa?”","Si Jesus nagsabat sa iya, “Ano bala ang ginasiling sang mga Kasulatan? Paano bala ang paghangop nimo sini?”"
"Nagsabat man an tawo, “‘Kamut-an mo an Ginoo na imo Dios sa imo puso, sa bilog moʼn tagipusuon, sa tanan san imo pagaisip kag paagi man sa paggamit mo san tanan na kusog sa pagsirbe sa iya,’ kag ‘kamut-an mo an imo kapwa pareho san imo sadiri.’,”","Ang tawo nagsabat, “‘Higugmaa ang Ginoo nga imo Dios sa bug-os mo nga tagipusoon, sa bug-os mo nga kalag, sa bug-os mo nga kusog, kag sa bug-os mo nga hunahuna,’ kag, ‘Higugmaa ang imo isigkatawo subong sang imo kaugalingon.’”"
"Nag-uyon si Jesus, “Tama an pakasabi mo. Himua ina kag mabubuhay ka.”","Si Jesus nagsabat, “Husto ang imo sabat. Himua ini kag magakabuhi ka.”"
"Pero kay gusto niya na mapatanos an iya sadiri ginhunga si Jesus, “Sin-o an akon kapwa?”","Pero ang manunodlo sang Kasugoan buot magpakamatarong sang iya kaugalingon, gani ginpamangkot niya si Jesus, “Sin-o bala ang akon isigkatawo?”"
"Nagsabat si Jesus paagi sin istorya, “Igwaʼn gintulis na Judio na naglugsad hali sa Jerusalem pakadto sa Jerico. Hinubaan siya, binaog kag binayaan na tikamatayon.","Si Jesus nagsabat, “May isa ka tawo nga nagdulhog halin sa Jerusalem pakadto sa Jerico nga ginbanggaan sang mga buyong. Ginkuha nila ang iya tanan nga pagkabutang pati ang iya bayu, ginbakol sia kag ginbayaan nga daw sa patay na."
Nangyari man na may padi na nagaagi sadto na dalan pero pakakita niya sa tawo linabayan lang.,"Natabuan nga may nagdulhog nga isa ka pari sa sina nga dalan. Sang pagkakita niya sang tawo, naglikaw sia sa pihak sang dalan."
Sugad man may Levita na pag-abot sadto na lugar kag pakakita niya sa tawo nagtabok paluyo na dalan kag naglabay man lang.,"Sa amo man nga dalan may nag-abot didto nga isa ka Levita, kag sang pagkakita niya sang tawo naglikaw sia sa pihak sang dalan."
May Samaritano naman na kontra san mga Judio pero sa iya paglakaton nakaabot sadto na lugar kag pakakita san kamutangan san tawo naluoy.,Pero may isa ka Samariahanon nga nagapanglakaton kag nakaabot sa nahamtangan sang tawo. Sang pagkakita niya sang tawo naluoy gid sia.
"Ginhalapitan niya ini tapos ginbu-buan sin lana kag bino an mga samad sani kag ginbutukan. Pakatapos ginsakay sa iya kabayo an tawo, gindara sa usad na dayunan kag gin-ataman siya.","Ginpalapitan niya ang tawo, ginhaplasan niya sing lana kag bino ang iya mga pilas kag ginbugkosan ini. Dayon ginpasakay niya sia sa iya kaugalingon nga hayop, gindala sa dalayunan kag gin-atipan niya sia."
"Pagkaotro adlaw nagkuha siya sin kwarta na duha ka bilog na plata kag hinatag sa tag-iya san dayunan na nagasabi, ‘Atamana siya kag kun may magastos pa pagabayadan ta ikaw pagbalik ko.’,”","Sang madason nga adlaw nagkuha sia sing duha ka denario kag ginhatag niya ini sa tag-iya sang dalayunan. Nagsiling sia sa iya, ‘Tatapa sia, kag sa akon pagbalik bayaran ko ikaw sang tanan nga magasto mo sa iya.’”"
"Niyan, ginhunga siya ni Jesus, “Sin-o sani na tulo sa paghuna mo an nagin kapwa san gintulis na tawo?”","Dayon si Jesus nagpamangkot, “Ti, sa imo abi, sin-o bala sa sining tatlo, ang nanginmaayo nga isigkatawo sining tawo nga ginbanggaan sang mga buyong?”"
"“An tawo na naluoy sa iya,” an sabat san abugado.","Nagsabat sia, “Yadtong nagkaluoy sa iya.”"
"Sinabihan siya ni Jesus, “Kadto na kag sugad man sani an himuon mo.”","Si Jesus nagsiling sa iya, “Ti, lakat ka kag himua ang subong man.”"
San paglakaton ni Jesus kag san iya mga disipulos nakaabot sinda sa usad na baryo kag may babayi na an ngaran Marta na nagpadayon sa inda.,"Sang nagpadayon si Jesus kag ang iya mga gintuton-an sang ila pagpanglakaton, nakaabot sia sa isa ka barangay. May isa ka babayi nga ginahingalanan kay Marta nga nagbaton kay Jesus sa iya balay."
Igwa siya sin kamanghod na an ngaran Maria na nagaingkod sa may tiilan san Ginoo kag nagapamati san iya ginatukdo.,Si Marta may utod nga babayi nga ginahingalanan kay Maria nga nagpungko sa tiilan sang Ginoo sa pagpamati sang iya pagpanudlo.
"Niyan, si Marta, na nahahandal pag-asikaso san mga ginahanda, nag-apiki kan Jesus kag nagsabi, “Ginoo, dili mo ba namamalisyahan na ginapabayaan lang ako san akon kamanghod sa pagtrabaho? Pakisabi man sa iya na buligan ako.”","Pero si Marta nagpalibog sang tanan nga mga obra nga iya himuon, gani nagpalapit sia kay Jesus kag nagsiling, “Ginoo, wala ka bala nagakabalaka nga ginapabayaan ako nga nagaisahanon sang akon utod sa paghimo sang tanan nga mga hilimuson? Singgana sia nga magbulig sa akon!”"
"Pero ginsabat siya san Ginoo: “Marta, Marta, nahandal ka kag nalilisang san damo na mga bagay,","Ang Ginoo nagsabat sa iya, “Marta, Marta, nagapalibog ka, kag indi ka mapahamtang nahanungod sang madamo nga mga butang,"
"Usad sin bes nagapangadyi si Jesus sa usad na lugar. Pakatapos niya usad san iya mga disipulos naghangyo, “Ginoo, tukdui man kami pagpangadyi na pareho man san gintukdo ni Juan na Parabunyag sa iya mga disipulos.”","Isa sadto ka tion si Jesus nagapangamuyo sa isa ka lugar. Sang pagkatapos niya, ang isa sang iya mga gintuton-an nagsiling sa iya, “Ginoo, tudloi kami sa pagpangamuyo, subong nga si Juan nagtudlo sang iya mga gintuton-an.”"
"Kaya ginsabihan niya sinda, “Pagpangadyi niyo sabihon,","Si Jesus nagsiling sa ila, “Kon magpangamuyo kamo, magsiling sini:"
"‘Ama, pagalangan an banal mo na ngaran. Mag-abot lugod an pagahadi mo.",‘Amay:
Hatagi kami san amon kinahanglan na pagkaon uruadlaw.,pasidunggan ang imo balaan nga ngalan.
Patawada kami san amon mga sala kay ginapatawad namon an tanan na mga nakasala sa amon.,Kabay ang imo paghari magsugod.
"Ayaw man kami pagtuguti na masugtan.’,”",Hatagi kami adlaw-adlaw sang kalan-on nga amon kinahanglanon.
"Sinabihan pa sinda ni Jesus, “Ipamutang ta na usad sa iyo may kaamigo na nagkadto sa iya na tungaʼn gab-i kag nagsabi, ‘Migo, pahurama man anay ako sin tulo ka bilog na tinapay,","Patawara kami sang amon mga sala,"
kay may kakilala ako na nag-abot sa balay hali sa paglakaton kag wara akoʼn ikapakaon sa iya.’,kay ginapatawad man namon ang tanan nga nakasala sa amon.
"“Tapos ginsabat siya san nasa sulod, ‘Ayaw na ako pag-ulanga. Sirado na kag nagahirigda na kami san mga bata. Dili na ako mabangon para hatagan ka san panginahanglan mo.’",Indi kami pagdalha sa mabudlay nga pagtilaw.’”
"Ugaling, matuod gayod na mabangon siya agod ihatag an tanan na pagkinahanglan san iya amigo, dili dahilan san inda pag-amigo kundi dahilan san pagpakimaluoy san usad.","Kag si Jesus nagsiling sa iya mga gintuton-an, “Abi may isa sa inyo nga magkadto sa balay sang iya abyan sa tungang gab-i kag magsiling sa iya, ‘Abyan, pahulama ako sing tatlo ka bilog nga tinapay,"
"“Kaya tandai an ginasabi ko sa iyo, mangayo sa Dios kay pagahatagan kamo. Maghanap kay ipapakita niya sa iyo. Magtawag sa iya kay pagaabrihan niya an pwertahan sa iyo.",kay may abyan ako nga nagapanglakaton nga nag-abot sa akon balay kag wala gid ako sing ipakaon sa iya!’
Himuon niyo ini kay an nangangayo sa Dios amo an pagahatagan. An nagahanap amo an makakita kag an nagatawag sa iya amo an pagaabrihan san pwertahan.,"Kag abi, ang imo abyan magsabat didto sa sulod sang iya balay, ‘Indi ako pagdisturboha! Sirado na ang pwertahan kag nagahigda na ako kag ang akon mga kabataan. Indi ako magbangon sa paghatag sa imo sing bisan ano.’"
"“Niyan, halimbawa, sin-o sa iyo na mga ama an mahatag sin sawa sa iya anak kun mangayo siyaʼn isda,","Ti ano karon? Nagasiling ako sa inyo, bisan nga indi sia magbangon sa paghatag sa imo sing tinapay tungod sang inyo pag-abyanay, pero tungod sang imo pagpamilit nga wala gid huyahuya magabangon sia kag magahatag sa imo sang imo tanan nga kinahanglanon."
o kaya uyang kun mangayo iniʼn itlog?,"Gani nagasiling ako sa inyo: Pangayo kamo, kag kamo magabaton, pangita kamo kag kamo makakita, panuktok kamo kag ang pwertahan pagabuksan sa inyo."
"Kun kamo ngani na mga maraot an ugali maaram maghatag sin mga maayo na bagay sa iyo kaanakan, sing-ano pa gayod ada an iyo Ama sa langit an mahatag san Espirito Santo sadtoʼn mangayo sa iya?”","Kay ang tagsatagsa nga nagapangayo magabaton, kag ang nagapangita makakita, kag ang pwertahan pagabuksan sa iya nga nagapanuktok."
"Usad sin bes may ginapahali na demonyo si Jesus kay amo ini an nakapaapa sa tawo, pero pakahali lang san demonyo nakasurmaton na an apa kag nangawa an mga tawo.","Kamo nga mga amay, may isa bala sa inyo nga magahatag sa iya bata sing man-og kon ang iya ginapangayo isda?"
"Pero may iba sa inda na nagsabi, “Paagi lang kan Beelzebul na namumuno san mga demonyo an pagpaluwas niya san mga demonyo.”",Ukon hatagan mo bala sia sing iwiiwi kon ang iya ginapangayo itlog?
Myintras may iba naman nagpangayo kan Jesus sin milagro bilang tanda agod porbaran na hali man gayod siya sa Dios.,"Kon kamo nga mga malaut makahibalo kon paano maghatag sing maayo nga mga butang sa inyo mga kabataan, daw ano pa gid ang inyo Amay nga langitnon. Magahatag sia sang Espiritu Santo sa mga nagapangayo sa iya!”"
"Pero kay aram niya an inda ginaisip ginsabihan sinda, “Maruruba an kahadian na pirme may araraway sa inda mismo. Amo man magaburulag an pamilya na pirme may araraway sa inda mismo.","Gintabog ni Jesus ang demonyo nga nagpaapa sa isa ka tawo. Sang makagwa ang demonyo sa tawo, ang tawo naghambal. Natingala gid ang mga tawo,"
"Sugad man kun si Satanas mismo ginakontra an iya sadiri na mga sakop, pan-o magapadayon an iya pagahadi? Nagahunga ako sani kay nagasabi kamo na paagi kan Beelzebul nagapahali ako sin mga demonyo.","ugaling ang iban sa ila nagsiling, “Si Beelzebul nga hari sang mga demonyo amo ang naghatag sa iya sing gahom sa pagtabog sa ila.”"
"“Niyan, kun paagi kan Beelzebul nagapaluwas ako san mga demonyo, kanin-o man gali poder na nahimo man ini san iyo mga katawuhan? Kaya ini sinda mismo an magapamatuod na sala kamo.","Ang iban luyag magdakupdakop sa iya, gani nagpangayo sila nga maghimo sia sing gamhanan nga buhat sa pagpamatuod nga ang Dios nahamuot sa iya."
"Ugaling kun paagi sa poder san Dios an pagpaluwas ko san mga demonyo, ina nagapamatuod na an pagahadi san Dios adi na sa iyo.”","Pero si Jesus nga nakahibalo sang ila mga panghunahuna nagsiling sa ila, “Kon ang mga pumoluyo sang isa ka pungsod nagabinahinbahin kag nagailinaway, ina nga pungsod malaglag. Ang panimalay nga nagabinahinbahin magabuloblag."
"Nagpadayon pa si Jesus, “Kay kun ipamutang ta sa makusog na armado na tawo pirme nagabantay sa iya balay, dili siya makakawatan bisan nano,","Gani, kon ang ginharian ni Satanas may mga grupo nga nagailinaway, paano bala ini makapadayon? Nagasiling kamo nga nagatabog ako sang mga demonyo tungod sang gahom nga ginhatag sa akon ni Beelzebul."
"pero kun dayuhon siya san mas makusog pa sa iya, madadaog siya kag an tanan na armas na iya ginsarigan aagawon kag pagabarahinon an mga nakawat sa iya.","Kon nagatabog ako sang mga demonyo paagi kay Beelzebul, sa ano bala nga paagi ang inyo mga sumolunod nagatabog sang mga demonyo? Gani, ang inyo mga sumolunod nagapamatuod nga sayop gid kamo!"
“Kun sugad an dili nakiupod sa akon mga kontra gayod sa akon kag an dili nagabulig sa akon pagtipon nagapaburulag lugod.,"Kay paagi sa gahom sang Dios nagatabog ako sang mga demonyo, kag ini nagapamatuod nga ang paghari sang Dios nakaabot na sa inyo."
"“Ipahalimbawa ta naman sa maraot na espirito,” an sabi ni Jesus. “Pagluwas sani sa tawo nagaagi-agi ini sa mga disyerto agod maghanap sin mapahuwayan pero kay waraʼn mahanapan kaya masabi, ‘Mabalik ako sa akon ginhalian na istaran.’","“Kon ang isa ka makusog nga tawo nga sangkap sa hinganiban nagabantay sang iya kaugalingon nga balay, indi maano ang tanan niya nga mga pagkabutang."
"Pag-abot sani didto nakita na waraʼn sulod, malinis kag gin-ayo na idto.","Pero kon gubaton sia sang mas makusog nga tawo sang sa iya kag madaog sia, maagaw sang mas makusog nga tawo ang tanan niya nga mga hinganiban nga iya ginasaligan, kag pamartidahon niya ang iya mga inagaw."
Kaya magahali gihapon ini kag magatiripon pa sin pito na espirito na mas maraot pa ki sa iya. Didto sinda masulod kag maistar. Dahilan sani mas grabe an kamutangan sadtoʼn tawo ki san dati.”,"“Ang bisan sin-o nga wala nagaupod sa akon batok sa akon, kag ang bisan sin-o nga wala nagabulig sa akon sa pagpanipon nagapaaplaag."
"Nagasurmaton pa si Jesus san may babayi didto sa kadamuan na nagsiyak, “Pinalabi gayod san Dios an babayi na nagbudos kag nagpadudo sa imo.”","“Kon ang malaut nga espiritu maggwa sa isa ka tawo, nagapanglugayawan sia sa mamala nga mga lugar sa pagpangita sing palahuwayan. Kon wala sia sing may makita, nagasiling sia sa iya kaugalingon, ‘Mabalik ako sa akon balay nga akon ginhalinan.’"
"Pero nagsabat si Jesus, “Mas palabi pa gayod idtoʼn nagapamati san katukduan manungod sa Dios kag nagatuman sani.”","Sa pagbalik niya, iya makita nga ang balay matinlo kag nahimos na."
"Myintras nagadamo an mga tawo nagpadayon pagsurmaton si Jesus, “Sing-ano ka makasasala an mga katawuhan yana! Nagaparapangayo sindaʼn tanda pero waraʼn ipapakita sani kundi an pareho san nangyari sa propeta na si Jonas.","Dayon magalakat sia kag manghagad sang pito ka iban nga espiritu nga mas malaut pa sang sa iya. Magasulod sila kag magaestar didto. Gani, sa ulihi ini nga tawo mas magamalaut pa gid sang sa una niya nga kahimtangan.”"
"Sugad san siya nagin tanda sa mga taga-Nineve paagi sa pag-istar niya sin tulo ka adlaw sa tiyan san dako na isda sa dagat pero nakaluwas gihapon na buhay, sugad man ako na Anak San Tawo magin tanda man sani na mga tawo yana na panahon.","Sang makahambal si Jesus sini, may isa ka babayi sa tunga sang mga tawo nga nagsinggit kag nagasiling sa iya, “Daw ano ka malipayon ang babayi nga nagbusong kag nagbatiti sa imo!”"
"Sa adlaw san paghusgar an reyna san lungsod na ginatawag Sheba matindog kaupod an mga tawo sani na panahon kag pagakondinaron sinda, kay hali pa gayod siya sa harayo na lugar san kinab-an para mamati san kadunungan ni Solomon, pero kitaa, adi na yana an mas labaw pa ki kan Solomon.","Pero si Jesus nagsabat, “Matuod ina, pero daw ano pa gid ka malipayon ang mga nagapamati sang pulong sang Dios kag nagatuman sini!”"
"Sa adlaw san paghusgar an mga tawo naman san Ninive matindog kaupod ini na mga tawo kag kukondinaron sinda kay nagbasol sinda kag nagbaya sa inda pagkasala dahilan san katukduan ni Jonas pero, kitaa, adi an mas labaw pa ki sa iya.”","Sang nagatilipon ang mga tawo sa palibot ni Jesus, nagsiling sia, “Daw ano kalaut sang mga tawo sa sini nga mga inadlaw! Nagapangayo sila sing isa ka gamhanan nga buhat, pero wala sing may ihatag sa ila, luas sa palatandaan nga ginhatag ni Jonas."
"Didi naman nagpadayon si Jesus pagsabat sa inda na gusto makakita sin tanda, “Waraʼn masindi sin ilawan tapos itago o isulod sa baldi kundi ginabutang sa dapat na tungtungan sani agod an kapawa makita san mga nagasurulod.","Subong nga si Jonas nangintanda para sa mga tawo sa Ninive, amo man ang Anak sang Tawo mangintanda para sa mga tawo sa sini nga mga inadlaw."
Pareho san ilaw an imo mata para sa lawas. Kun maayo an imo mata mapapawaan man an bilog mo na lawas pero kun maraot an imo mata madulom man an bilog mo na lawas.,"Sa Adlaw sang Paghukom ang Rayna sang Seba magatindog kag magasumbong sang mga tawo sa sini nga mga inadlaw, tungod kay nag-abot sia gikan sa malayo nga lugar sa pagpamati sang kaalam ni Solomon, kag karon nagasiling ako sa inyo, may yari diri nga mas daku pa sang sa kay Solomon."
Kun sugad makasiguro ka na an ilaw na nasa sulod sa imo dili ngani madulom.,"Sa Adlaw sang Paghukom ang mga tawo sang Ninive magatindog kag magasumbong sa inyo, tungod kay nag-untat sila sa ila pagpakasala sang pagkabati nila kay Jonas nga nagwali. Karon nagasiling ako sa inyo, may yari diri nga mas daku pa sang sa kay Jonas!”"
Kay kun an imo lawas puno sin kapawaan kag waraʼn parte na madulom magigin mapawa iniʼn biyo na pareho san ilawan na nagabanaag sa imo.”,"“Wala sing tawo nga nagasindi sang suga kag iya ginatago ukon ginatakluban ini sang sulokban, kundi ginabutang niya ini sa tulongtungan, agod nga ang mga nagasulod makakita sang kapawa."
Nakatapos pa lang si Jesus pagsurmaton san may Pariseo na nag-imbitar sa iya na magkaon sa inda. Nagdayon siya kag nag-ingkod sa may lamesa.,"Ang suga sang imo lawas amo ang imo mga mata. Kon ang imo mga mata maayo, ang bug-os mo nga lawas puno sang kapawa, pero kon ang imo mga mata indi maayo, ang bug-os mo nga lawas puno sang kadudulman."
Nangarat an Pariseo san makita siya na wara anay maghugas antes magkaon.,Gani maghalong ka basi kon ang kapawa sa imo manginkadudulman.
"Kaya ginsabihan siya san Ginoo, “Kamo na mga Pariseo! Ginalinisan niyo an sa luwas san lawas sugad san paglinis san tasa kag plato pero an sa sulod san lawas maraot gayod dahilan sa kapasluan kag karautan.","Gani, kon ang imo bug-os nga lawas puno sing kapawa, kag wala sing bahin sini nga yara sa kadudulman, ti, ang bug-os mo nga lawas masanag, subong nga ang suga nagaiwag sa imo sang iya kasanag.”"
Mga buang! Dili ba an Dios na naghimo san sa luwas amo man an naghimo san sa sulod?,"Sa tapos makahambal si Jesus, may isa ka Fariseo nga nag-agda sa iya sa pagkaon upod sa iya. Gani nagsulod sia sa balay kag nagpungko sa pagkaon."
Dapat magbahin anay san sa imo sa mga pobre kag an tanan magigin malinis para sa iyo.,Ang Fariseo natingala sang matalupangdan niya nga si Jesus wala magpanghinaw sa wala pa sia magkaon.
“Makaluluoy man gihapon kamo na mga Pariseo! Ginahalad niyo an ikanapulo na parte bisan an pinakamenos san iyo mga produkto pero napapabayaan niyo an katanusan kag pagkamuot san Dios! Amo ini an dapat niyo sunudon na dili man gihapon napapabayaan an iba.,"Gani ang Ginoo nagsiling sa iya, “Karon kamo nga mga Fariseo nagahugas sang sa gwa lang sang tasa kag pinggan, pero sa sulod ninyo puno kamo sang kahakog kag kalautan."
“Makaluluoy man kamo na mga Pariseo kay naiila pirme mag-ingkod sa pinakaunahan san mga sinagoga kag naiila man paggalangan sa may merkado.,Mga buangbuang! Indi bala nga ang Dios nga naghimo sang sa gwa naghimo man sang sa sulod?
“Makaluluoy pa kamo kay baga kamoʼn mga lubungan na waraʼn tanda. Kaya bagaʼn natatamakan san mga tawo na dili nakikilalahan an pagkadunot didto.”,"Pero ihatag sa mga imol ang yara sa sulod sang inyo mga tasa kag pinggan, kag ang tanan manginmatinlo para sa inyo."
"Didi usad na paratukdo san Kasuguan san mga Judio an nagsurmaton, “Maestro, kun nagasurmaton kaʼn irog sani ginatuya mo man kami.”","“Makaluluoy man kamo, mga Fariseo! Nagahatag kamo sa Dios sang ikapulo nga bahin sang mga panakot subong sang tanglad, luy-a kag sang tanan nga sahi sang kahuykahoy, pero ginapatumbayaan ninyo ang katarungan kag ang paghigugma sa Dios. Amo ini kuntani ang dapat ninyo himuon, nga wala nagapatumbaya sang iban."
"Pero ginsabat ni Jesus, “Makaluluoy man kamo na mga paratukdo san Kasuguan kay ginapahimo niyo an mga tawo sin mga malisod na panurundon na dili kaya pero kamo mismo habo ngani magtikwil bisan usad na tudlo sa pagbulig sa inda.","“Makaluluoy man kamo, mga Fariseo! Naluyagan gid ninyo ang pinasulabi nga mga pulongkuan sa mga sinagoga, kag maluyag man kamo nga tamyawon nga may pagtahod sa mga tiendahan."
“Makaluluoy man kamo kay ginatindog niyo an mga rulubngan san mga propeta na ginpatay san iyo mga kalulululuhan!,"Makaluluoy man kamo, kay kasubong kamo sang mga lulobngan nga wala sing lapida nga ginatapakan sang mga tawo nga wala nila mahibaloi.”"
Kaya paagi sani nagapamatuod kamo kag nagauyon san ginhimo san iyo mga kalulululuhan. Sinda an nagpatay kag kamo naman an nagatindog san rulubngan.,"Ang isa sang mga manunodlo sang Kasugoan nagsiling kay Jesus, “Manunodlo, sa imo pagsiling sini ginainsultohan mo man kami!”"
"Dahilan sani sa iya kadunungan nagsabi an Dios, ‘Magasugo ako sa inda sin mga propeta kag mga apostoles na an iba pagapatayon ninda kag an iba naman pagapasakitan.","Si Jesus nagsabat, “Makaluluoy man kamo nga mga manunodlo sang Kasugoan! Ginahatagan nila ang mga tawo sang madamo nga mga katungdanan nga mabudlay tumanon, pero wala man gani sila mismo nagahimo sang bisan diutay lang nga butang sa pagbulig, agod tumanon ini nga mga katungdanan."
Kaya ini na mga tawo yana amo an manabat tungod san pagpatay sa mga propeta tuna san paglalang san kinab-an.,Makaluluoy man kamo! Nagahimo kamo sing matahom nga mga lulobngan para sa mga propeta—ang mga propeta nga ginpamatay sang inyo mga katigulangan.
Ini nagtuna sa dugo ni Abel hasta sa dugo ni Zacarias na ginpatay sa katung-anan san altar kag san pinakabanal na lugar sa templo. Matuod gayod na ini na mga tawo yana amo an magapanabat san tanan.,Kon amo nagakilala kamo kag nagapasugot sang mga ginbuhat sang inyo mga katigulangan. Kay sila nagpamatay sang mga propeta kag kamo nagahimo sang ila mga lulobngan.
“Makaluluoy pa gayod kamo na mga paratukdo san Kasuguan kay kinuha niyo an lyabi san pwertahan sa pakaaram san manungod sa pagkasalbar na kamo mismo wara magsurulod kag gin-ulang pa niyo an mga nagasulod.”,"Gani nasulat sa libro sang Kaalam sang Dios nga nagasiling, ‘Magapadala ako sa ila sing mga propeta kag mga apostoles. Ang iban sini ila pamatyon, kag ang iban ila hingabuton.’"
San libo-libo na an mga tawo na nagtiriripon haros nagapataramak-tamak na sinda. Didi nagtuna si Jesus pagsurmaton anay sa iya mga disipulos. “Paglikay kamo sa lebadura san mga Pariseo na amo an pagsagin-sagin.,"Sang nagtilipon ang linibo ka mga tawo, sa bagay nga nagatinapakay sila, si Jesus nagsiling sing una sa iya mga gintuton-an, “Mag-andam kamo sa lebadora sang mga Fariseo, nga amo ang ila pagkahipokrito."
Pero mahahayag an tanan na natatago kag an tanan na ginatahuban maaaraman.,"Wala sing ginatabunan nga indi mabuksan, kag wala sing sekrito nga indi mabuyagyag."
Sugad man an nano na ginsabi niyo sa kadulman mababatian man sa kapawaan kag an nano man na iyo ginahutik sa sulod san kwarto igasiyak hali sa mga kabubungan.”,"Gani, kon ano ang ginhambal ninyo sa kadudulman pagapamatian sa kapawa, kag kon ano ang ginahutik ninyo sa sirado nga mga kwarto pagaisinggit halin sa atop sang mga balay."
"“Mga amigo ko, tandai an ginasabi ko sa iyo, ayaw kamo kahadlok sadtoʼn mga makapatay san lawas na pakatapos sana wara naʼn mahimuan pa,","“Mga abyan ko, nagasiling ako sa inyo, indi kamo magkahadlok sa mga makapatay sang lawas kag sa tapos sina wala na sila sing sarang mahimo."
kundi ipapaaram ko an dapat niyo kahadlukan: kahadluki an Dios na pakatapos pagpatay may gahom na magtapok sa iyo sa impyerno. Matuod gayod na siya an dapat niyo kahadlukan.,"Ipahayag ko sa inyo kon sin-o ang inyo kahadlukan. Kahadluki ninyo ang Dios nga sa tapos sia makapatay, may gahom pa sa paghaboy sa impierno. Huo, nagasiling ako sa inyo, kahadluki ninyo sia!"
Dili ba an baligyaan sin lima na maya duha ka sentimos? Pero bisan usad man sani dili nalilimutan sa mata san Dios.,“Indi bala nga sa diutay lang nga kwarta mabaligya ang lima ka mga maya? Pero wala sing isa sa ila nga ginakalimtan sang Dios.
Hasta an mga buhok niyo sa ulo binilang tanan san Dios. Kaya ayaw kamo kahadlok. Mas mahalaga kamo ki sa damo na mga maya.”,Bisan ang mga buhok sang inyo ulo naisip tanan. Gani indi kamo magkahadlok! Mas mahal pa kamo sang sa madamo nga mga maya!
"Nagpadayon pa si Jesus, “Matuod gayod na an nagaako sa atubangan san mga tawo na siya para sa akon, amo man an pagahimuon ko na Anak San Tawo sa iya sa atubangan san mga anghel san Dios.","“Nagasiling ako sa inyo, ang tagsatagsa nga nagakilala sa akon sa atubang sang mga tawo, ang Anak sang Tawo magakilala man sa iya sa atubang sang mga anghel sang Dios."
Pero an magsabi sa atubangan san mga tawo na dili siya para sa akon amo man an pagahimuon ko sa iya sa atubangan san mga anghel san Dios.,"Pero ang bisan sin-o nga nagapanghiwala sa akon sa atubang sang mga tawo, ang Anak sang Tawo magapanghiwala man sa iya sa atubang sang mga anghel sang Dios."
An nagapakaraot sa akon na Anak San Tawo pagapatawadon pero an magtuya-tuya sa Espirito Santo dili mapapatawad.,"“Ang bisan sin-o nga nagahambal batok sa Anak sang Tawo mapatawad, pero ang bisan sin-o nga nagapasipala batok sa Espiritu Santo indi mapatawad."
"“Niyan, ayaw kamo kahandal kun pan-o an pagsabat niyo o kun nano an iyo isasabi kun darhon kamo sa mga sinagoga kag iatubang sa mga namumuno kag mga may otoridad.","“Kon dalhon nila kamo agod hukman sa mga sinagoga ukon sa atubang sang mga gobernador, ukon mga pangulo, indi kamo magpalibog kon ano ang pagpangapin ninyo sang inyo kaugalingon ukon ano ang inyo ihambal."
Pag-abot sana na oras an Espirito Santo amo an magatukdo sa iyo kun nano an iyo igasabat.”,Kay ang Espiritu Santo magatudlo sa inyo sa sina nga tion kon ano ang inyo dapat ihambal.”
"Igwa sin tawo sa kadamuan na nagsabi sa iya, “Maestro, sabihi man an akon kamanghod na bahinan ako san amon irensya.”","Ang isa sang mga tawo nagsiling kay Jesus, “Manunodlo, singgana ang akon utod nga lalaki nga partihan niya ako sang palanublion nga ginbilin sang amon amay.”"
"Pero ginsabat siya ni Jesus, “Amigo, sin-o an nagpili sa akon na magin huwes niyo o parabahin san iyo irensyahon?”","Si Jesus nagsabat sa iya, “Toto, sin-o bala ang naghimo sa akon nga hukom ukon manugparti sang inyo pagkabutang?”"
"Pakatapos ginsabihan niya sinda, “Paghimat gayod kamo kag paglikay sa nano man na klaseʼn kapasluan kay an buhay san tawo wara sa kadamo san iya kasadirihan.”","Kag nagsiling sia sa ila tanan, “Mag-andam kamo kag magbantay sa tanan nga sahi sang kahakog, tungod kay ang matuod nga kabuhi sang tawo wala nasandig sa kadamuon sang iya mga pagkabutang, bisan daw ano ka manggaranon sa iya.”"
"Pakatapos nagsurmaton si Jesus sa inda sin istorya na amo ini, “May mayaman na tawo na abunda an ani sa iya uma.",Dayon si Jesus nagsugid sa ila sining palaanggiran: “Sadto anay may isa ka manggaranon nga tawo nga maayo ang patubas sang iya duta.
"Kaya nag-isip-isip siya, ‘Nano daw an dapat ko himuon kay wara na akoʼn mabutangan san mga naani?’","Nagpainuino sia sa iya kaugalingon, ‘Ano bala ang himuon ko kay wala na ako sing butangan sang akon mga patubas?’"
"“Pakaisip nagsabi siya sa iya sadiri, ‘Ah, amo ini an akon hihimuon. Rurubaon ko an akon mga kamarin tapos magapatindog akoʼn mas daragko pa kag didto ko sasarayon an tanan ko na mga naani kag san iba pa na mga kasadirihan ko.’","Nagsiling sia sa iya kaugalingon, ‘Amo ini ang himuon ko: Gub-on ko ang akon mga bodega kag magpatindog sing dalagku pa gid nga mga bodega nga akon pagabutangan sang tanan ko nga patubas kag sang iban ko nga mga pagkabutang."
"Pakatapos, masabi ako sa akon sadiri, ‘Damo ka naʼn nasaray na mga bagay para sa mga maabot na mga tuig! Magpahayahay ka na lang, magkaon, mag-inom kag magkalipay!’","Dayon magasiling ako sa akon kaugalingon: Mapalaron ka! May madamo ka nga maayo nga mga pagkabutang nga natago para sa malawig nga mga tinuig. Magpatawhay ka lang, magkaon, mag-inom kag magpangalipay.’"
"“Pero ginsabihan siya san Dios, ‘Buang ka! Yana mismo na gab-i babawion ko an imo buhay. Tapos kanin-o mapakadto an mga bagay na ginpreparar mo?’","Pero ang Dios nagsiling sa iya, ‘Buangbuang! Karon gid nga gab-i mapatay ka. Ti sin-o karon ang makapanag-iya sining mga pagkabutang nga gintipon mo para sa imo kaugalingon?’”"
“Kaya amo ini an mangyayari sa tawo na nagapayaman sa iya sadiri pero dili nagapayaman sa mga bagay manungod sa Dios.”,"Sa katapusan si Jesus nagsiling, “Subong man sina ang mga nagatipon sing manggad para sa ila kaugalingon, pero indi manggaranon sa panulok sang Dios.”"
"Pakatapos pag-istorya sani nagsabi naman si Jesus sa iya mga disipulos, “Kun kaya ngani tandai an ginasabi ko sa iyo, ayaw kahandal kun nano an iyo kakaunon agod mabuhay o kun nano an ibabado sa iyo lawas.","Dayon nagsiling si Jesus sa iya mga gintuton-an, “Gani nagasiling ako sa inyo nga indi kamo magpalibog nahanungod sang pagkaon nga inyo kinahanglanon agod mabuhi kamo, ukon nahanungod sang panapton nga inyo kinahanglanon para sa inyo lawas."
Nasabi ko ini kay igwaʼn mga mas mahalaga pa sa pagkabuhay ki sa pagkaon kag sa lawas ki sa bado.,"Kay ang kabuhi labi pa sang sa pagkaon, kag ang lawas labi pa sang sa panapton."
"Kitaa an mga sapat. Dili sinda nagahasok o nag-ani man. Wara sindaʼn kamarin ni umahan pero ginapakaon sinda san Dios. Niyan, kamo pa ada na mahalaga ki sa mga sapat!","Tan-awa ang mga uwak: wala sila nagasab-og ukon nagaani, wala sila sing mga tambubo ukon mga bodega, pero ang Dios nagapakaon sa ila. Indi bala nga mas mahal pa kamo sang sa mga pispis?"
Sin-o sa iyo an pwede makasumpay san iya buhay bisan usad lang ka oras paagi san iya kahandalan? Wara gayod!,Sin-o sa inyo ang makadugang sing bisan diutay nga tion sa iya kabuhi tungod sa pagpalibog?
Kun dili ngani kamo nakahimo san dyutay na bagay sugad sana nano man kay nagaparahandal kamo san iba pa?,"Kon kamo indi gani makasarang maghimo sang bisan diutay nga butang, ngaa magpalibog kamo sang iban nga mga butang?"
“Kitaa kun pan-o nagatubo an mga burak. Dili ini nagatrabaho o nagatahiʼn bado pero tandaan an sasabihon ko sa iyo na bisan si Solomon na mayaman gayod wara nakasul-ot sin pareho katahom san usad man sani na mga burak.,"Tan-awa ninyo ang mga bulak sa latagon kon daw ano ang pagtubo nila. Wala sila nagapangabudlay ukon nagahimo sing panapton para sa ila kaugalingon. Pero nagasiling ako sa inyo nga bisan si Haring Solomon, sa iya pagkamanggaranon, wala makabayu pareho katahom sining mga bulak."
"Kaya, kun ginabaduan ngani san Dios an dinghot sa kabukidan na yana buhay kag pagkabuwas igadabok, mas lalo pa ada kamo na dili pagabaduan san Dios. Mga kulang gayod kamo sin pagtuod!","Kon ang Dios nagapabayu sang hilamon sa latagon nga karon yari pa kag buas idap-ong sa kalayo, indi bala sia magpabayu sang sobra pa sa inyo? O daw ano kadiutay sang inyo pagtuo!"
Kaya ayaw kamo pagparapalipong kun nano man an iyo kaunon o inumon. Ayaw kahandal!,"Gani, indi kamo maghimud-os sang inyo pagakaunon kag pagaimnon kag indi man kamo magpalibog."
An mga waraʼn pagtuod didi sa kinab-an amo an nagapalipong sani tanan pero an iyo Ama maaram na kinahanglan niyo ini.,Kay amo ini tanan ang ginapangita sang mga pagano sining kalibutan. Ang inyo Amay nakahibalo nga nagakinahanglan kamo sini nga mga butang.
Kundi handuma anay lugod niyo an pagahadi san Dios sa iyo pagkabuhay kay ina na mga bagay igahatag na lang sa iyo.,"Sa baylo, tinguhaa ninyo ang magpasakop sa paghari niya kag ini nga mga butang ihatag sa inyo."
"“Mga pinalangga ko na disipulos, ayaw kamo kahadlok kay ginakalipay san iyo Ama na pagapabahinon kamo sa iya pagahadi.","“Indi kamo magkahadlok, diutay nga panong. Kay ang inyo Amay nalipay sa paghatag sa inyo sang Ginharian."
"Kun sugad ibaligya an iyo mga kasadirihan kag ipanghatag an kabaklanan sa mga pobre. Magkaigwa kamoʼn surudlan na dili madudunot, kayamanan sa Dios sa langit na dili mawawara kag didto wara man sin makawat na makakuha o kuraratsa na makutkot sana.","Ibaligya ang tanan ninyo nga mga pagkabutang kag ihatag ang kwarta sa mga imol. Maghimo para sa inyo kaugalingon sang mga bag nga wala nagadaan kag magtago sang inyo mga manggad sa langit, sa diin indi sila maibanan, tungod kay wala sing makawat nga makakuha, ukon sapatsapat nga makaut-ot."
Nasabi ko ini kay kun hain an iyo kayamanan adto man an kaila san iyo tagipusuon.,Kay kon diin ang inyo manggad didto man ang inyo tagipusoon.
35-36 “Talinguhaa na pirme kamo nakabado kag handa sa pagsirbe sa Dios pareho sa mga suruguon na nagahulat sa inda amo pagbalik sani hali sa kasalan. Adto na sinda handa kag nakasindi an mga ilawan agod maabrihan dayon kun magpaabri ini.,"“Maghanda kamo para sa bisan ano nga magaabot, nga nawagkusan ang inyo mga hawak kag nasindihan ang inyo mga suga,"
"Papalabihon idtoʼn mga suruguon na naabtan san amo na mata kag nagahulat sa iya pagbalik. Matuod gayod na magapreparar siya, pagapaingkudon sinda sa lamesa kag pagasirbihan.","subong sang mga suloguon nga nagahulat sang ila agalon nga magapauli halin sa punsyon sa kasal. Kon mag-abot sia kag magpanuktok, sa gilayon abrihan nila ang pwertahan para sa iya."
Malipay sinda kun maabtan na preparado abir tungaʼn gab-i o maaga.,"Daw ano ka malipayon yadto nga mga suloguon nga masapwan sang ila agalon nga nagamata kag handa sa pag-abot niya! Nagasiling ako sa inyo nga magailis sia sang iya nga bayu, papungkoon niya sila kag sirbehan."
"Tandai niyo ini na kun may tag-iya san balay na aram an oras pagkagab-i na magaabot an makawat, dili siya mapabaya na makasulod ini sa iya balay.","Daw ano ka malipayon sa ila kon iya sila masapwan nga handa, bisan nga tungang gab-i ukon kaagahon na sia mag-abot."
Kaya kamo man dapat maghanda kay magaabot ako na Anak San Tawo sa oras na dili niyo ginalauman.”,"Dumdoma ninyo ini! Kon ang tag-iya sang balay nakahibalo kon ano nga oras magaabot ang makawat, indi niya kuntani pagpabayaan nga rungkabon ang iya balay."
"Naghunga si Pedro, “Ginoo, para lang ba sa amon ini na istorya o para sa tanan?”",Kamo man dapat maghanda tungod kay ang Anak sang Tawo magaabot sa oras nga wala ninyo sia ginapaabot.”
"Nagsabat an Ginoo, “Sin-o baga an matinumanon kag madunong na katiwala? Siya an ginpaniwalan san iya amo sa iba pa na mga suruguon agod magpakaon sa inda sa tama na oras.","Si Pedro nagsiling, “Ginoo, kami lang bala ang ginasugiran mo sini nga palaanggiran ukon para ini sa tanan?”"
Kaya malipay ina na suruguon kun ina an ginahimo niya pagbalik san iya amo.,"Ang Ginoo nagsabat, “Karon sin-o bala ang matutom kag maalam nga suloguon? Sia amo ang pagatugyanan sang iya agalon sa pagdumala sang iya panimalay kag sa paghatag sa iban nga mga suloguon sang ila parti nga pagkaon sa nagakaigo nga tion."
Ginasiguro ko sa iyo na an tanan na mga kasadirihan san amo igapaniwala sana na suruguon.,Daw ano ka malipayon ina nga suloguon kon makita sia sang iya agalon nga nagahimo sang gintugyan sa iya sa pagbalik niya.
"Pero kun ina na suruguon mag-isip na, ‘Wara pa gali magbalik an akon amo.’ Tapos ginapambaog an mga suruguon na lalaki kag babayi kag sige an kalipay sa kakakaon kag kahuhubog.","Matuod gid, nagasiling ako sa inyo, ang agalon magatugyan sa sina nga suloguon sang tanan niya nga mga pagkabutang."
Myintras ginahimo niya ini maabot an iya amo sa adlaw na dili niya ginalauman kag sa oras na dili niya aram. Tapos kakastiguhon siya sin grabe kag ibibiyo sa mga sutil.,"Pero kon ina nga suloguon magsiling sa iya kaugalingon, ‘Dugay pa mag-abot ang akon agalon.’ Gani magasugod sia sa pagpanakit sang iban nga mga suloguon nga lalaki kag babayi, kag magakaon, magainom kag magapahubog sia."
"“Niyan, kakastiguhon sin grabe idtoʼn suruguon na nakaaram san pagbuot san iya amo pero dili man ginatuman.","Dayon, magabalik ang agalon sa adlaw nga wala sia ginapaabot sang suloguon kag sa tion nga wala niya mahibaloi. Ang agalon magahatukhatok sa iya kag magasilot sa iya upod sa mga malalison."
Ugaling dyutay lang an kastigo sadtoʼn dili maaram kag nagakasala san dapat ikakakastigo sa iya. An ginhatagan sin damo hahanapan man sin damo kag idtoʼn ginsarigan sin dako pagalauman man sin sobra.”,"“Yadto nga suloguon nga nakahibalo sang luyag ipahimo sa iya sang iya agalon, pero wala sia nagahanda kag wala sia nagahimo suno sa kabubot-on sang iya agalon, pagahanuton sing tudotudo."
"Nagpadayon si Jesus, “An pagdara sa kinab-an san kalayo an dahilan kun nano kay nagkadi ako kag ginahandom ko na kuntani nagalaad na ina!","Pero ang suloguon nga wala makahibalo sang luyag sang iya agalon, pero nagahimo sing mga butang nga takos sia hanuton, pagahanuton sia sing diutay lang. Ang tagsatagsa nga ginhatagan sing madamo, madamo man ang ginapaabot sa iya. Ang tawo nga ginhatagan sing madamo pa gid, madamo pa gid ang ginapaabot sa iya."
Dapat ako mabunyagan sa pagtios kag ginakulbaan gayod ako hasta na matapos ini!,"“Nag-abot ako sa pagdala sing kalayo sa duta, kag luyag ko kuntani nga nagadabdab na ini!"
"Nano, nagahuna kamo na nagkadi ako para magdara sin kalinaw sa duta? Tandai an ginasabi ko sa iyo, dili kalinaw kundi sin pagkaburulag.","May bautiso ako nga pagabatunon, kag natublag gid ako tubtob wala pa ini matapos"
Kay magtuna yana an pamilya na may lima na myimbro pagapakurontrahon: tulo kontra sa duha kag duha kontra sa tulo.,"Nagahunahuna bala kamo nga nag-abot ako sa pagdala sing paghidait sa kalibutan? Nagasiling ako sa inyo, Wala ako mag-abot sa pagdala sing paghidait, kundi pagbinahinbahin."
Magakorontrahan sinda! An ama kontra sa anak na lalaki kag an anak na lalaki kontra sa iya ama. An iloy kontra sa anak na babayi kag an anak na babayi kontra sa iloy. An ugangan na babayi kontra sa umagad na babayi kag an umagad na babayi kontra sa ugangan na babayi.”,"Sugod karon ang panimalay nga may lima ka katapo magabinahinbahin, ang tatlo batok sa duha, kag ang duha batok sa tatlo."
"Nagsurmaton gihapon si Jesus sa kadamuan, “Kun makakita kamo sin dampog na hali sa banda kalundan masabi dayon kamo na tikauranon tapos amo man gayod ina.","Ang mga amay manginkasumpong sang ila mga anak nga lalaki, kag ang mga anak nga lalaki manginkasumpong sang ila mga amay. Ang mga iloy manginkasumpong sang ila mga anak nga babayi, kag ang mga anak nga babayi manginkasumpong sang ila mga iloy. Ang mga ugangan nga babayi manginkasumpong sang ila mga umagad nga babayi kag ang mga umagad nga babayi manginkasumpong sang ila mga ugangan nga babayi.”"
"Usad pa, kun mabatyagan niyo an hangin sa timugan masabi kamo na maragit an init kag tama ina.","Si Jesus nagsiling pa gid sa mga tawo, “Kon makita gani ninyo ang gal-om nga nagaporma sa nakatundan, nagasiling kamo dayon, ‘Magaulan,’ kag nagaulan."
Mga pakitaʼn-tawo lang! Maaram kamo san kamutangan san langit kag duta pero nano man kay dili kamo maaram san mga nangyayari yana?,"Kag kon mabatyagan ninyo ang habagat nga nagahuyop, nagasiling kamo, ‘Magasingkal ang init,’ kag nagainit."
"“Niyan, nano kay dili niyo mismo husgaran kun nano an tama?","Mga hipokrito! Makahibalo kamo sang panahon paagi sa pagtan-aw sang langit kag duta, pero ngaa bala nga indi kamo makahibalo sang kahulogan sang panag-on karon?"
"Halimbawa, kun mag-atubang ka sa husgado kaupod san imo kontra, talinguhaon mo na sa dalan pa lang makipag-ayuhan ka na sa iya kay basi iatubang ka sa huwes tapos iintriga ka sa pulis kag prisuhon ka.",“Ngaa nga wala kamo nagabinagbinag sa inyo kaugalingon kon ano ang maayo himuon?
"Ginasiguro ko sa imo, kun ina an mangyayari dili ka gayod makaluwas hasta na mabayadan mo an ultimo sentimo san imo multa.”","Kon may isa ka tawo nga magsumbong sa imo sa korte, tinguhai ang pagpakighusay sa iya sa nagapadulong pa lang kamo sa korte. Kon indi nimo mahimo ina, sagnuyon niya ikaw sa atubang sang hukom nga amo ang magatugyan sa imo sa pulis, kag ang pulis magabilanggo sa imo."
Sadto man na kaurason may mga adto didto na nagbarita kan Jesus manungod sa ginpapatay ni Pilato na mga taga-Galilea myintras nagahalad sinda sin mga sakripisyo sa Dios.,Sa sadto nga tion may mga tawo didto nga nagsugid kay Jesus nahanungod sang mga taga-Galilea nga ginpapatay ni Pilato samtang nagadulot sila sang ila mga halad sa Dios.
"Kaya ginhunga niya sinda, “Nano sa paghuna niyo kay nagtios sinda sin sugad? Nano, mas grabe kamakasasala ini na mga taga-Galilea ki san iba sa inda?","Si Jesus nagsabat sa ila, “Tungod kay ini nga mga taga-Galilea ginpamatay sa sina nga paagi, nagahunahuna bala kamo nga labi pa sila ka makasasala sang sa iban nga mga taga-Galilea?"
"Matuod gayod na ginasabihan ta kamo, dili sinda irog sana kag kun sugad kun dili kamo magbasol kag magbaya san iyo pagkasala mapapatay man kamo na pareho sa inda.","Indi! Nagasiling ako sa inyo nga kon indi kamo mag-untat sa pagpakasala, mapatay kamo tanan pareho man sa ila."
"Nano man sa paghuna niyo manungod sadtoʼn disiotso ka tawo na naumpagan san tore sa Siloam kag nagkamaratay? Nano, mas makasasala sinda ki san iba na mga tawo na nagairistar sa Jerusalem?",Ano karon yadtong mga desi otso ka mga tawo sa Siloe nga nagkalamatay sang natumbahan sila sang tore? Nagahunahuna bala kamo nga labi pa sila ka malinapason sang sa tanan nga mga tawo nga nagaestar sa Jerusalem?
Matuod gayod na ginasabihan ta kamo na dili sinda irog sana pero kun dili kamo magbaya san iyo pagkasala mamamatay man kamo na pareho sa inda.”,"Indi! Nagasiling ako sa inyo nga kon indi kamo mag-untat sa pagpakasala, mapatay kamo tanan pareho man sa ila.”"
"Tapos gin-istoryahan niya sinda sani, “May nagtanom sin kahoy na ginatawag higera sa iya uma. Pakatapos san paghanap niyaʼn bunga wara gayod sin nakita.","Dayon si Jesus nagsugid sa ila sining palaanggiran, “May isa ka tawo nga nagtanom sang kahoy nga higera sa iya ulobasan. Nagkadto sia sa pagpangita sing bunga sa sina nga higera, pero wala gid sia sing may nakita."
"Kaya ginsabihan niya an parabantay, ‘Kitaa, tulo na ako ka tuig sin kabalik-balik para maghanap sin bunga sani na higera pero wara gayod ako makakita. Puuha kay kanugon pa san duta na gintanuman sani.’","Gani nagsiling sia sa iya manugtatap, ‘Tan-awa bala, tatlo na ka tuig ang pagbalikbalik ko diri sa pagpangita sing bunga sa sini nga kahoy nga higera, pero wala gid ako sing may nakita. Tapsa na lang ini! Ngaa magpadayon ini sa pagpalamgod sang duta?’"
"“Pero ginsabat siya san parabantay, ‘Sir, pabayai lang anay sin usad pa ka tuig kag hatagi akoʼn panahon hasta na mabayu-bo an patalibod sani kag maabunuhan gihapon.","Pero ang manugtatap nagsabat, ‘Sir, pabay-i lang ini anay sa sini nga tuig. Kutkotan ko ang palibot sini kag abunohan."
"Tapos kun magbunga sa otro tuig maayo gayod pero kun dili, pungunon mo.’,”","Kon ini nga kahoy magpamunga sa madason nga tuig, ti, maayo, kon indi gani, ti, ipatapas mo na lang ini.’”"
Pagkaadlaw san Pagpahuway nagtukdo si Jesus sa usad san mga sinagoga.,Sang isa ka Adlaw nga Inugpahuway si Jesus nagapanudlo sa sinagoga.
May babayi didto na disiotso anyos ginpapilay san maraot na espirito. Dili siya nakatiso kundi ku-ko na gayod.,May isa ka babayi didto nga ginagamhan sang malaut nga espiritu nga nagpamasakit sa iya sa sulod sang desi-otso ka tuig. Nagasiyoktot sia kag indi makatadlong.
"Pakakita sa iya ni Jesus tinawag kag sinabihan an babayi, “Maayo ka na sa imo sakit.”","Sang pagkakita ni Jesus sa babayi gintawag niya sia, “Tyay, hilway ka na gikan sa imo balatian.”"
Pakadapati niya sa babayi san iya kamot insigida naayo siya kaya nag-umaw sa Dios.,Gintungtong niya ang iya mga kamot sa babayi kag sa gilayon ang babayi makatindog na sing tadlong kag nagdayaw sa Dios.
"Pero naurit an namumuno san sinagoga kay nagpangayo si Jesus sa Adlaw San Pagpahuway kaya nagsabi sa mga tawo, “Igwa sin unom ka adlaw para sa pagtrabaho. Magkadi kamo sana na mga adlaw kag magpaayo pero dili sa Adlaw San Pagpahuway.”","Ang opisyal sang sinagoga naakig tungod kay nagpang-ayo si Jesus sa Adlaw nga Inugpahuway. Gani nagsiling ang opisyal sang sinagoga sa mga tawo, “May anom ka adlaw nga kita nagapangabudlay. Gani, sa sina nga mga adlaw palapit kamo kag magpabulong, pero indi sa Adlaw nga Inugpahuway!”"
"Ginsabat siya san Ginoo, “Mga pakitaʼn-tawo lang! An kada usad sa iyo ginahubadan an iyo baka o kabayo sa turil kun Adlaw San Pagpahuway agod makaluwas para makainom.","Ang Ginoo nagsabat sa iya, “Mga hipokrito! Indi bala ang tagsatagsa sa inyo nagahubad sang iya baka ukon asno sa toril sa Adlaw nga Inugpahuway kag nagadala sa iya sa pagpainom?"
Amo man ini na babayi na kaapu-apuhan ni Abraham na sa disiotso anyos na gakot ni Satanas. Dili ba maayo na hubadan siya sa Adlaw San Pagpahuway?”,Karon yari ang isa ka babayi nga kaliwat ni Abraham nga gingapos ni Satanas sa sulod sang desi-otso ka tuig. Indi bala sia dapat hilwayon sa Adlaw nga Inugpahuway?”
San pakasurmaton niya sani nagkaaraluhan an tanan na nagakontra sa iya pero an tanan na mga tawo nagkarilipay sa mga makangangalas na ginhimo niya.,"Sang ginsiling ni Jesus ini, ang tanan niya nga mga kaaway nahuya sa ila kaugalingon, samtang ang tanan nga mga tawo nagkalipay sa tanan nga makatilingala nga mga butang nga nahimo niya."
"Kaya naghunga si Jesus, “Nano ko ipapareho sa kahadian san Dios? Sa nano ko ikakakumparar ini?","Si Jesus nagpamangkot, “Ano bala ang kaangay sang paghari sang Dios? Sa ano nga butang ipaanggid ko ini?"
Pareho ini san pisog san mustasa na gintanom san tawo sa iya taramnan. Pakatapos nagdako ini kag nagin kahoy. Kaya an mga sapat nagasaralag sa mga sanga sani.”,"Kasubong ini sang binhi sang mustasa nga ginkuha sang isa ka tawo kag ginpanggas sa iya uma. Ang binhi nagtubo kag nangin-isa ka kahoy, kag ang mga pispis nagpugad sa iya mga sanga.”"
"Naghunga gihapon si Jesus sa inda, “Sa nano ko ikapareho an kahadian san Dios?","Sa liwat si Jesus nagpamangkot, “Sa ano ko bala ipaanggid ang paghari sang Dios?"
"Magadako ini pareho na kun ginmiskla san babayi an pampaalsa na lebadura sa tulo ka sukol na arina, nag-alsa an bilog na minasa.”",Kaangay ini sang lebadora nga ginkuha sang isa ka babayi kag ginsamo sa tatlo ka sukob nga harina tubtob ang bug-os nga ginmasa naghabok.”
Pakaistorya nagpadayon si Jesus paglakaton sa mga kalungsudan kag kabaryuhan na nagatukdo myintras nagapakadto sa Jerusalem.,Nagapakadto si Jesus sa Jerusalem nga nagpanudlo sa mga tawo sa mga banwa kag mga barangay nga iya gin-agihan.
"May naghunga sa iya, “Ginoo, pipira lang ba an masasalbar?”","May nagpamangkot sa iya, “Sir, diutay lang bala nga mga tawo ang maluwas?”"
"Kaya ginsabihan niya sinda,","Si Jesus nagsabat sa ila,"
“Talinguhaa na makaagi kamo sa masigpit na pwertahan sa langit kay damo an gusto na makaagi pero dili makasulod.,"“Magtinguha kamo sa pagsulod sa makitid nga pwertahan. Kay nagasiling ako sa inyo nga madamo ang magatinguha sa pagsulod, pero indi makasulod."
"Kay halimbawa sugad sani, sa oras na magtindog an tagbalay kag sirahan an pwerta ada kamo sa guwa magaparapaabri kag magtawag, ‘Ginoo, abrihi man tabi kami.’","Ang pangulo sang balay magabangon kag magapanira sang pwertahan. Ti, kon didto pa kamo nagatindog sa gwa kag magapanuktok sa pwertahan kag magsiling, ‘Sir, abrihi kami!’ magasabat sia sa inyo, ‘Wala ako makahibalo kon taga-diin kamo.’"
"“Pero sasabaton kamo niya, ‘Dili ko aram kun tagadiin kamo!’","Dayon magasabat kamo, ‘Nagkaon kag nag-inom kami upod sa imo kag nagpanudlo ka sa amon banwa.’"
"“Pakatapos masabi kamo, ‘Dili ba nag-urupod kita kasadto pagkaon kag pag-inom? Nano, dili ka nagtukdo sa amon lungsod?’","Pero magasiling sia liwat, ‘Wala ako makahibalo kon taga-diin kamo. Palayo kamo sa akon, tanan kamo nga mga manugbuhat sang kalautan!’"
"“Pero masabat siya, ‘Dili ko gayod aram kun tagadiin kamo. Maglayas kamo tanan na mga parakasala!’","Daw ano ang inyo paghinibi kag pagbinagrot sang inyo mga ngipon, kon makita ninyo si Abraham, si Isaac, kag si Jacob kag ang tanan nga mga propeta sa Ginharian sang Dios, samtang kamo inyo wala pagpasudla."
"“Didto maganguruyngoy kamo kag magaragot an iyo ngipon pakakita niyo kanda Abraham, Isaac, Jacob kag san tanan na mga propeta sa kahadian san Dios pero kamo mismo ginpaluwas.","May mga tawo nga magaabot halin sa sidlangan kag nakatundan, halin sa aminhan kag bagatnan, kag magapungko sa punsyon sa Ginharian sang Dios."
"May mga tawo na magaarabot hali sa tanan na parte san kinab-an, sa may sirangan kag kalundan, sa may amihan kag timog na makiatubang sa may lamesa sa kahadian san Dios.","Gani may mga naulihi nga mauna, kag may mga nauna nga maulihi.”"
Kaya may mga tawo na naurhi yana na mauuna kag may mga nauna yana na mauurhi naman.”,"Sa amo man nga tion may mga Fariseo nga nagpalapit kay Jesus kag nagsiling sa iya, “Kinahanglan maghalin ka diri kag magkadto sa iban nga lugar tungod kay si Herodes nagtuyo sa pagpatay sa imo.”"
"Sadto man na oras may nag-arabot na pira na mga Pariseo kag ginsabihan ninda si Jesus, “Humali ka sani na lugar kay gusto ka ipapatay ni Herodes.”","Si Jesus nagsabat sa ila, “Lakat kag singgani ina nga singgalong: ‘Nagapangtabog ako sing mga demonyo kag nagapang-ayo sini nga adlaw kag buas, kag sa ikatlo nga adlaw tapuson ko ang akon hilikuton.’"
"Nagsabat siya, “Kadto kamo kag sabihi ina na buwaon, ‘Kitaa, nagapaluwas ako san mga demonyo, nagapamulong yana kag buwas kag sa ikatulo ka adlaw matatapos na an trabaho ko.’","Pero kinahanglan nga magpadayon ako sa akon paglakat sini nga adlaw kag buas kag sa madason nga adlaw, kay wala nagakabagay nga ang isa ka propeta mapatay sa iban nga lugar luas sa Jerusalem."
"Pero yana, buwas kag sa masunod pa na adlaw magapadayon gihapon ako paglakat kay dili angay sa propeta na mapatay sa luwas san Jerusalem.”","“O Jerusalem, Jerusalem! Ikaw nga nagapamatay sang mga propeta, ikaw nga nagapangbato sang mga ginpadala sa imo sang Dios. Makapila kuntani nga luyag ko tipunon ang tanan mo nga mga tawo kaangay sang isa ka munga nga nagatipon sang iya mga piso sa idalom sang iya mga pakpak, pero indi ka luyag."
Usad naman na Adlaw San Pagpahuway san si Jesus nakikaon sa balay san usad sa mga ginakilala na Pariseo ginamasdan gayod siya sani kag san mga kaurupod.,"Sang isa ka Adlaw nga Inugpahuway si Jesus nagkadto sa pagkaon sa balay sang isa ka pangulo sang mga Fariseo, kag didto ang mga tawo maid-id nga nagpanilag sa iya."
"Didto man sa atubangan ni Jesus may tawo na hurubag an mga batiis kag butkon,",May isa ka tawo nga nagapalamanog ang iya mga tiil kag mga kamot nga nagpalapit kay Jesus.
"kaya ginhunga niya an mga abugado kag mga Pariseo, “Nano, kontra ba sa aton Kasuguan an pagpamulong kun Adlaw San Pagpahuway?”","Si Jesus naghambal kag nagpamangkot sa mga manunodlo sang Kasugoan kag mga Fariseo, “Ginatugot bala sang aton Kasugoan ang pagpang-ayo sa Adlaw nga Inugpahuway, ukon wala?”"
"Pero waraʼn nakaribok sa inda kaya hinuyutan niya an tawo, ginpaayo kag pinauli.",Pero naghipos sila. Gin-uyatan ni Jesus ang tawo kag gin-ayo kag ginpalakat sia.
"Pakatapos ginhunga gihapon niya, “Kun igwa didi sa iyo sin may anak na mahulog sa bubon o an baka man, nano, dili ba niya ini haw-ason dayon bisan sa Adlaw San Pagpahuway? Syimpre!”","Dayon nagsiling sia sa ila, “Kon may isa sa inyo nga may bata ukon baka nga mahulog sa bubon sa Adlaw nga Inugpahuway indi bala ninyo pagkuhaon sia gilayon sa sina gid nga Adlaw nga Inugpahuway?”"
Wara gihapon sin nakasabat sani sa inda.,Pero wala sila makasabat sa iya nahanungod sini.
"Niyan kay nariparuhan niya didto an pagpili san mga bisita san importante na ingkudan, ginsurmatunan niya sinda sani na istorya.","Natalupangdan ni Jesus kon daw ano ang pagpili sang mga inagda sang pinasulabi nga mga pulongkuan, gani nagsugid si Jesus sa ila sining palaanggiran:"
"Nagsabi siya, “Kun imbitaran ka sa kinasal ayaw pag-ingkod sa pinakamaayo na pwesto kay basi may gin-imbitaran na tawo na mas kilala ki sa imo.","“Kon may mag-agda sa imo sa punsyon sang kasal, indi ka magpungko sa pinasulabi nga pulongkuan, kay basi may inagda sia nga labi pa ka dungganon sang sa imo,"
"Tapos apikihon ka san nag-imbitar sa imo kaupod idtoʼn bisita kag sabihon, ‘Ipahunod na lang an imo ingkudan sani na tawo.’ Sa imo kaalo mahali ka kag mabalhin sa pinakamenos na pwesto.","kag ang nag-agda sa inyo nga duha magapalapit sa imo kag magsiling, ‘Sia ang papungkua dira.’ Ti, mahuy-an ka kag mapilitan sa pagpungko sa labing kubos nga pulongkuan."
"Kundi kun imbitado ka dumiretso sa pinakamenos na pwesto kag didto ka mag-ingkod kay agod pag-abot san nag-imbitar masabi siya, ‘Amigo, hamos kita didto sa maayu-ayo na pwesto.’ Sana na paagi makikita san tanan na kaurupod mo sa lamesa na ginagalangan ka.","Sa baylo, kon ginaagda ka, kadto ka kag magpungko sa labing kubos nga pulongkuan, agod nga kon mag-abot ang nag-agda sa imo magasiling sia sa imo, ‘Abyan, magsaylo ka sa mas maayo nga pulongkuan.’ Ini magapasidungog sa imo sa atubang sang tanan nga mga inagda."
Kay an nagapakalabaw papakamenuson kag an nagapakamenos papalabawon.”,Kay ang bisan sin-o nga nagapakataas sang iya kaugalingon pagapauboson kag ang bisan sin-o nga nagapaubos sang iya kaugalingon pagapataason.”
"Pakatapos sinabihan ni Jesus an nag-imbitar sa iya, “Kun maghatag kaʼn ponsya ayaw lang pag-imbitari an imo mga amigo, mga kamaranghod, mga igmanghod o an mga mayaman mo na katakin kay pagaimbitaran ka man ninda kag paagi sani makabalos na sinda sa imo.","Dayon si Jesus nagsiling sa nag-agda sa iya, “Kon ikaw nagahatag sing panyaga ukon panihapon, indi pag-agdaha ang imo mga abyan, ukon ang imo mga utod, ukon ang imo mga pariente, ukon ang imo mga kasilingan nga manggaranon, basi sila man magaagda sa imo, kag mabaton mo na ang imo balos."
"Kundi kun magpaponsya ka imbitari an mga pobre, mga pilay, mga paki kag mga buta.","Kon nagahiwat ka sing punsyon, agdaha ang mga imol, ang mga pingkaw, ang mga piang kag ang mga bulag,"
Kay tungod sani bibendisyunan ka san Dios kay dili sinda makabalos sa imo kundi pagabalusan ka sa pagkabuhay gihapon san mga matanos.”,kag manginbulahan ka tungod kay indi sila makabalos sa imo. Ang Dios ang magabalos sa imo sa adlaw sang pagkabanhaw sang mga matarong.”
"Pakabati sani sadtoʼn usad san nagakaraon sa lamesa sinabihan si Jesus, “Malipay idtoʼn makakaon sa ponsya sa kahadian san Dios!”","Ang isa sang mga tawo nga nagakaon sa lamisa upod kay Jesus nakabati sini, nagsiling sia sa iya, “Daw ano ka malipayon yadtong mga magakaon sa punsyon sa Ginharian sang Dios.”"
"Pero ginsabat siya ni Jesus, “Nakapareho ina sani na istorya. Igwaʼn tawo na pagpreparar niyaʼn dako na ponsya nangimbitar sin damu-damo na katawuhan.","Si Jesus nagsiling sa iya, “May isa ka tawo nga naghiwat sing daku nga punsyon kag madamo nga mga tawo ang iya mga inagda."
"Pag-abot san oras san ponsya ginsugo niya an suruguon na sabihon sadtoʼn mga inimbitaran, ‘Kadi na kamo kay an tanan preparado na!’","Sang tion na sang punsyon, ginpadala niya ang iya suloguon sa pagsiling sa iya mga inagda, ‘Dali kamo, ang tanan nahanda na!’"
"“Pero an tanan nagbaralibad. An una nagsabi, ‘Nakabakal akoʼn duta kag makadto ako para kitaon ini kaya ikaw na lang an bahala magpasensya.’","Pero ang tagsatagsa sa ila nagpamalibad. Ang nahauna nagsiling sa suloguon, ‘Nakabakal ako sing duta kag kinahanglan nga kadtuan ko kag tan-awon ini. Kon mahimo, pasayluhon mo ako.’"
"“May usad naman na nagsabi, ‘Nakabakal ako sin lima na padis na baka kag mapakadto na ako agod kitaon kun matiano. Kaya ikaw na lang an bahala sa akon magpasensya.’","Ang isa nagsiling, ‘Nakabakal ako sing lima ka pares nga mga baka kag magakadto ako sa pagtilaw sa ila. Kon mahimo pasayluhon mo ako.’"
"“An usad naman amo ini an balibad, ‘Kakakasal ko lang kaya dili ako makakadto.’","Ang isa pa gid nagsiling, ‘Bag-o lang ako makasal, gani indi ako makakadto.’"
"“Pagbalik san suruguon ginsumat niya ini sa iya amo. Kaya sa kaurit san amo ginsugo gihapon niya ini, ‘Dali kag kumadto ka sa mga kamino kag mga dalan san lungsod kag darha pakadi an mga pobre, an mga pilay, an mga buta kag san mga paki.’","Ang suloguon nagpauli kag nagsugid sini tanan sa iya agalon. Ang agalon sang panimalay naakig kag nagsiling sa iya suloguon, ‘Dalidali ka sa pagkadto sa mga dalan kag sa mga hilithilit sang banwa kag dalha diri ang mga imol, ang mga pingkaw, ang mga bulag kag ang mga piang.’"
"“Pagbalik naman san suruguon nagsumat, ‘Sir, natuman an ginmanda mo pero igwa lang gihapon sin bakante.’","Sa wala madugay ang suloguon nagbalik kag nagsiling, ‘Sir, ang imo sugo natuman na, pero may lugar pa.’"
"“Kaya sinabihan san amo an iya suruguon, ‘Kumadto ka sa mga kaumahan kag mga kasityuhan kag piriton mo na magkadi an mga tawo agod mapuno gayod an akon balay.","Gani ang agalon nagsiling sa iya suloguon, ‘Kadto ka sa gwa sang banwa, malapad kag makitid nga mga dalan kag pilita ang mga tawo sa pagkadto agod nga mapuno ang akon balay."
"Ginasiguro ko gayod sa iyo na wara sadtoʼn mga gin-imbitaran an makatilaw san akon ponsya!’,”","Kay nagasiling ako sa inyo, nga walay isa sadtong mga tawo nga gin-agda nga makatilaw sang akon pagkaon sa punsyon.’”"
"Niyan damu-damo na mga tawo an nag-urupod kan Jesus sa iya paglakat kaya gin-atubang niya kag sinurmatunan sinda,","May madamo gid nga mga tawo nga nag-upod kay Jesus. Nagliso sia kag nagsiling sa ila,"
"“Kun gusto niyo magin mga parasunod ko an pagkamuot niyo sa akon dapat magin mas labaw ki sa iyo pagkamuot sa iba. An iyo pagkamuot sa iba bisan kun sa iyo ama, iloy, asawa, kaanakan o kamaranghod, bisan pa ngani an pagkamuot sa iyo sadiri dapat magin bagaʼn kaurit sa pagkumparar sa iyo pagkamuot sa akon agod angay kamo na magin mga parasunod ko.","“Ang bisan sin-o nga nagapalapit sa akon kag wala nagahigugma sa akon sing labi pa sang sa iya amay kag iloy, asawa kag kabataan, kautoran nga lalaki kag babayi, kag bisan pa sa iya kaugalingon indi mangin-akon gintuton-an."
An dili mag-upod kag habo mamatay alang-alang sa akon dili man angay magin disipulos ko.,"Ang bisan sin-o nga wala nagapas-an sang iya kaugalingon nga krus kag nagasunod sa akon, indi mangin-akon gintuton-an."
“Kun kaya ngani ipamutang ta na igwa didi sa iyo sin nagaplano na magpatindog sin tore. Dili ba anay maingkod kag trabahuon niya kun sing-ano an magagasto kay agod makita kun makakaya niya ini?,"Kon ang isa sa inyo nagaplano nga magpatindog sing tore, indi bala nga magapungko sia anay kag isipon ang bili, agod mahibaluan niya kon bala makaigo ang iya kwarta sa pagpahuman sini?"
"Kay basi kun iya na ini mapatunaan kag pakatapos amo pa niya nakita na dili gali niya kaya na ipahuman, pagatuya-tuyaon siya san mga umaragi kag sasabihon,","Kay basi sa tapos nga mapasad niya ang sadsaran, indi na sia makasarang sa pagpatapos sang tore, kag ang tanan nga makakita sini magayaguta sa iya."
‘Adi an tawo na nagpatindog sin tore kag dili man gali niya kaya ipahuman.’,"Magasiling sila, ‘Ini nga tawo nagsugod sa pagpatindog sing tore kag indi makapatapos.’"
"“Usad pa, nano na klaseʼn hadi na nakigyera sa iya kapareho hadi an dili anay maingkod kag mag-isip-isip na kun an kaupod niya na 10,000 na mga suldados makakaya sa iya kaaway na igwa sin 20,000 na suldados?","Kon ang hari nga may 10,000 ka mga soldado magpakigsumpong sa isa ka hari nga may 20,000 ka mga soldado nga nagapadulong batok sa iya, magapungko anay sia kag magabinagbinag kon bala may tuman sia nga kusog sa pag-atubang sa nagapadulong nga hari."
"Kay kun dili ninda makaya, myintras harayo pa an inda kaaway masugo na siya sin suruguon na makipag-areglar.","Kon indi sia makasarang, magapadala sia sing mga mensahero sa pagsugata sang nagapadulong nga hari samtang malayo pa sia sa pagpangayo sang mga kasugtanan sang paghidait.”"
Sugad man sana an dili magbaya san tanan niya na mga kasadirihan dili angay magin parasunod ko.,"Sa katapusan si Jesus nagsiling, “Sa amo man nga bagay, wala sing isa sa inyo nga mangingintuton-an ko kon indi sia magbiya sang tanan niya nga mga pagkabutang.”"
“Pareho ini siya sa maayo na asin na kun mawar-an sin lasa pan-o pa ini mapaarat gihapon?,"“Ang asin maayo, pero kon ang asin indi na maarat, indi na ini mapaarat liwat."
Dili ina angay sa duta man o sa abuno kaya angay lang ina na ipilak pareho san tawo kun dili magsikway san kasadirihan.,"Wala na ini sing pulos para sa duta, bisan sa ginatipon nga higko nga inug-abuno, kundi ginapilak ini sang mga tawo. Gani, magpamati kamo kon may mga dulonggan kamo!”"
Usad naman sin adlaw may mga parasukot san buwis kag iba pa na mga mas makasasala pa gayod an nagharalapit kan Jesus para mamati sa iya.,Sang isa ka tion madamo nga mga manugsukot sang buhis kag iban nga mga makasasala ang nagpalapit sa pagpamati kay Jesus.
"Kaya nagangurub-ngurob an mga Pariseo kag mga paratukdo san Kasuguan na nagasarabi, “Ini na tawo nakikiupod sa mga makasasala kag nakikaon pa ngani sa inda.”","Ang mga Fariseo kag ang mga manunodlo sang Kasugoan nagkulomuron, “Ini nga tawo nagabaton sang mga makasasala kag nagakaon pa gani upod sa ila.”"
Kaya gin-istoryahan niya sinda sani:,Gani si Jesus nagsugid sa ila sining palaanggiran:
“Nano an himuon san may usad ka gatos na karnero kun mawara an usad sani? Dili ba pagabayaan niya an 99 sa kabukidan kag hanapon an nalalagalag hasta na makita ini?,"“Abi kon ang isa sa inyo may 100 ka karnero kag madula ang isa sa ila, ano bala ang iya himuon? Bayaan niya ang nobentay nwebe sa halalban kag magalakat sia sa pagpangita sang isa ka karnero nga nadula tubtob makita niya ini."
"Tapos kun makita, dili ba malilipay siya kag iya ini pagapas-anon pauli?",Kon makita niya ini malipayon gid sia sa pagpas-an
"Pakatapos pag-abot niya sa balay iimbitaran an iya mga amigo kag mga katarakin, ‘Magkalipay kita kay naagihan ko na an akon karnero na nawara!’","kag sa pagdala sini pauli. Dayon tipunon niya ang iya mga abyan kag mga kaingod kag magasiling sa ila, ‘Magkalipay kamo upod sa akon kay nakita nakon ang nadula ko nga karnero!’"
Sugad man gayod sani kun may makasasala na nagabasol kag nagbaya sa iya pagkasala. Mas lalo na an pagkalipay sa langit para sa iya ki sa 99 na mga matanos na dili na kinahanglan na magbasol.,"Nagasiling ako sa inyo, nga sa amo man nga bagay, may labi pa nga kalipay sa langit tungod sa isa ka makasasala nga nagahinulsol, sang sa nobentay nwebe nga matarong nga mga tawo nga wala nagakinahanglan sing paghinulsol."
"“Halimbawa amo man kun may babayi na may napulo na sinsilyo na plata, nawar-an sin usad sani, dili ba niya sisindihan an ilawan, sisilhigan an balay kag hahanapon sin maayo hasta na makita ini?","“Ukon abi ang isa ka babayi nga may napulo ka salapion nga pilak madulaan sang isa. Ano ang himuon niya? Magasindi sia sang suga, magasilhig sia sang iya balay, kag magapangita gid sia sing maid-id bisan diin tubtob nga makita niya ini."
"Pakatapos iimbitaran an iya mga amiga kag mga katarakin, ‘Magkalipay kita kay naagihan ko an akon sinsilyo na plata na nawara.’","Kon makita na niya ini, tipunon niya ang iya mga abyan kag mga kaingod kag magasiling sa ila, ‘Magkalipay kamo upod sa akon, kay nakita ko ang nadula ko nga salapi!’"
Sugad man gayod sani kun may makasasala na nagabasol kag nagbaya sa iya pagkasala may kalipay sa atubangan san mga anghel san Dios.”,"Sa amo man nga bagay, nagasiling ako sa inyo, ang mga anghel sang Dios nagakalipay tungod sa isa ka makasasala nga nagahinulsol.”"
"Nagpadayon pa si Jesus pag-istorya, “May tawo na may duha na anak na lalaki.","Dayon nagsiling pa gid si Jesus, “May isa ka amay nga may duha ka mga anak nga lalaki."
"Sinabihan san manghod an ama, ‘Papa, nano daw kun ikahatag mo na sa akon an irensya ko.’ Kaya gintunga san ama an iya sadiri sa inda.","Ang manghod nagsiling sa iya amay, ‘Tay, ihatag sa akon ang parti sang palanublion nga para sa akon.’ Gani ginpartida sang amay sa duha niya ka mga anak ang iya pagkabutang."
“Pakalipas san pira ka adlaw binaligya san manghod an iya kabahinan kag nagpakadto sa harayo na lugar. Didto ginwaldas niya sa paluko an iya kwarta.,"Sa tapos ang pila ka adlaw ginbaligya sang manghod ang iya bahin sang pagkabutang kag naglakat nga dala niya ang kwarta. Nagkadto sia sa malayo nga lugar, sa diin gin-uyangan niya ang iya kwarta sa patuyang nga pangabuhi."
San magastos na niya an tanan nagkaigwa sadto na lugar sin grabe na gutom kaya nakabatyag siya sin kalisod.,Gin-urot niya gasto ang tanan niya nga kwarta. Dayon nag-abot ang daku nga tiggulotom sa sadto nga lugar kag nagpigado ang iya pangabuhi.
Dahilan sani nagpasweldo siya sa usad na tagadidto. Tapos ginsugo siya sa uma agod mag-ataman sin kababuyan.,"Gani nagpamugon sia sa isa sang mga pumoluyo sa sadto nga lugar, nga nagpadala sa iya sa uma sa pagsagod sang mga baboy."
Gusto kuntani niya magpabusog bisan bahog na lang san mga baboy ugaling kay waraʼn nagahatag sa iya.,"Buot niya kuntani nga sudlan ang iya tiyan sang bahog sang mga baboy, pero wala sing may naghatag sini sa iya."
"“San makahuna-huna siya nagsabi sa iya sadiri, ‘Damu-damo na mga sweldado na trabahador san akon ama an nagasurobra an pagkaon pero ako didi tikamatayon na sa gutom!","Sang ulihi nakamarasmas sia kag nagsiling, ‘Ang tanan nga mga mamumogon sang akon amay may pagkaon nga nagasulobra lang, kag ako iya daw mapatay na sa kagutom."
"Maayo pa lugod umuli sa akon ama kag sabihan siya, Papa, nagkasala ako sa Dios kag sa imo.","Magatindog ako kag magakadto sa akon amay kag magasiling sa iya, “Tay, nakasala ako batok sa Dios kag batok sa imo."
Dili na ako angay na magin anak mo kundi himua na la ako na usad san mga sweldado mo na trabahador.’,Indi na ako takos nga pagatawgon pa nga imo anak. Kabiga ako nga isa sang imo mga mamumogon.” ’
Kaya humali siya sadto na lugar kag nag-uli sa iya ama.,Gani nagtindog sia kag nagpauli sa iya amay.
“Harayo pa nalantawan na siya san iya ama na nakabatyag sin dako na kaluoy. Dumalagan siya agod sugaton an iya anak. Sinakom niya kag ginhinarukan pa.,"“Malayo pa sia sa ila balay sang makita sia sang iya amay. Ang tagipusoon sang iya amay napun-an gid sing kaluoy, gani nagdalagan sia kag ginhakos ang iya anak kag ginhalukan."
"“Pakatapos nagsurmaton an iya anak, ‘Papa, nagkasala ako sa Dios kag sa imo. Dili na ako angay na magin anak mo.’","Nagsiling ang anak, ‘Tay, nakasala ako batok sa Dios kag batok sa imo. Indi na ako takos nga pagatawgon pa nga imo anak.’"
"“Pero ginsugo lugod san ama an mga suruguon, ‘Dali! Sul-uti siya sin pinakamatahom na bado, singsingi kag sapatosi.","Pero ang amay nagtawag sang iya mga suloguon, ‘Dali kamo, dalha ninyo diri ang labing matahom gid nga bayu kag ipasuksok sa iya. Suksoki sang singsing ang iya tudlo kag sang sandalyas ang iya mga tiil."
"Kuhaa an pinataba na tinday na baka kag pataya tapos magponsya kita kag magkalipay,","Dayon kuhaa ninyo ang pinatambok nga tinday sang baka kag ihawa ini, kay mahiwat kita sing punsyon kag magkinasadya!"
kay ginhuna na patay na ini na akon anak pero buhay gali. Naglayas pero nakabalik.’ Kaya nagkalipay sinda.,"Kay ining akon anak napatay, pero karon nabuhi, nadula sia, pero karon nakita na.’ Kag nagsugod sila sa pagkinasadya."
“Myintras nagakalipay sinda adto sa uma an magurang na anak. Pagdangadang niya sa inda balay nakabati siyaʼn tugtugan kag sayawan.,"Sa amo man nga tion, ang anak nga magulang yadto sa uma. Sang nagapauli sia kag nagahinampot na sa balay, nabatian niya ang tinukar kag sinaot."
Kaya may tinawag siya na suruguon kag ginhunga kun nano ini na kasadyaan.,"Gani gintawag niya ang isa sang mga suloguon kag ginpamangkot, ‘May ano diri?’"
"Ginsabat siya, ‘Nag-uli an imo manghod na maayo an lawas kaya nagpapatay an imo ama san pinataba na tinday na baka para magkasadya.’","Ang suloguon nagsabat, ‘Ang imo utod nagpauli kag si tatay mo nagpaihaw sang pinatambok nga tinday sang baka, tungod kay nakapauli sia nga wala man maano.’"
“Naurit gayod an magurang mala ngani kay habo magsulod. Kaya ginkadto siya san iya ama kag nakimaluoy sa iya.,Naakig gid ang magulang nga utod kag indi sia magsulod sa balay. Gani ang iya amay naggwa kag nag-uloulo sa iya nga magsulod.
"Pero ginsabat niya an iya ama, ‘Kitaa, sa tanan na tuig na ginsirbihan ta ikaw wara gayod ako makatanda na nagsuay ako sa imo pero wara mo ngani ako paghatagi bisan na lang tinday na kanding para magkalipay na kaupod an akon mga amigo.","Pero ginsingganan niya ang iya amay, ‘Tan-awa bala, sa sulod sining mga tinuig nagpangabudlay ako sa imo nga daw suloguon mo kag bisan kaisa lang wala gid ako maglapas sang imo mga sugo. Ano ang ginhatag mo sa akon? Wala mo gani ako mahatagi bisan tinday lang sang kanding agod magkasadya ako upod sa akon mga abyan?"
"Niyan, san ini na imo anak nagbalik pakatapos naiwaldas sa paluko an imo sadiri sa iya mga malaw-ay na babayi, ginpapatyan mo pa san pinataba na tinday na baka.’","Pero ining anak mo nag-uyang sang imo pagkabutang upod sa mahigko nga mga babayi, kag sang pagpauli niya gin-ihaw mo ang pinatambok nga tinday sang baka para sa iya!’"
"“Didi nagpahayag sa iya an ama, ‘Anak, adi ka pirme kaupud-upod ko kag an tanan ko na sadiri sa imo man.","Nagsabat ang iya amay, ‘Anak ko, ikaw imo yari man pirme upod sa akon kag ang tanan nga akon imo."
"Ginsabi pa ni Jesus sa iya mga disipulos, “Igwaʼn mayaman na may katiwala kag may nagsumat na ginaparapalugi an iya kasadirihan.","Si Jesus nagsiling man sa iya mga gintuton-an, “May isa ka manggaranon nga tawo nga may enkargado. Ini nga enkargado ginsumbong sa iya nga nagausik lang sang iya mga pagkabutang."
"Kaya ginpatawag niya an katiwala kag sinabihan, ‘Nano ini na nababati ko manungod sa imo? Iintriga na sa akon an tanan kay magtuna niyan wara ka naʼn labot sani.’","Ginpatawag niya ang iya enkargado kag ginpamangkot, ‘Ano ining nabatian ko nahanungod sa imo? Hatagi ako sing husay sang akon pagkabutang nga gintugyan ko sa imo, tungod kay indi ka na makapadayon bilang akon enkargado.’"
"“Kaya nakasabi sa iya sadiri an katiwala, ‘Kay ginpahali na ako san akon amo, nano na daw an akon himuon? Dili ko kaya an pag-uma. Makaaralo man ako kun magpakilimos.","Ang enkargado nagsiling sa iya kaugalingon, ‘Ano bala ang himuon ko, kay pahalinon ako sang akon amo? Wala ako sing kusog sa pag-arado sang duta, kag nahuya ako magpakilimos."
"Ah, aram ko na gali kun nano an akon himuon agod makasiguro ako na kun pahalion ako sa akon trabaho igwa gayod sin mapadayon sa akon.’","A, nahibaluan ko na kon ano ang akon himuon, agod nga kon wala na ako sing obra may mga abyan ako nga magabaton sa akon sa ila mga puloy-an.’"
"“Kaya ginpatawag niya usad-usad an may mga utang sa iya amo. Ginhunga niya an nauna, ‘Pira an nautang mo sa akon amo?’","Gani ginpatawag niya ang tanan nga mga tawo nga nakautang sa iya amo. Sa nahauna nagpamangkot sia, ‘Pila ang utang mo sa akon amo?’"
"“‘100 ka tibod na lana,’ an sabat.","Nagsabat ang tawo, ‘100 ka galon nga lana sang olivo.’ Ang enkargado nagsiling sa iya, ‘Yari ang imo listahan. Pungko ka kag isulat nga singkwenta lang.’"
"“Sinabihan siya san katiwala, ‘Adi an listahan san imo utang. Dali! Liwata kag himua na 50.’","Sa isa na man nagpamangkot sia, ‘Kag ikaw, pila ang utang mo?’ Nagsabat sia, ‘1,000 ka sako nga trigo.’ Nagsiling sa iya ang enkargado, ‘Yari ang imo listahan. Isulat nga 800 lang.’"
"“Tapos may ginhunga pa siyaʼn usad, ‘Ikaw, Amigo, pira an utang mo?’","Ang amo sining di-matarong nga enkargado nagdayaw sa iya bangod sang iya pagkaabtik, kay ang mga tawo sining kalibutan mas maabtik pa sang sa mga tawo nga yara sa kapawa sa pagpatikang sang ila mga bulohaton.”"
"“‘Usad ka gatos ka sako na arina,’ an sabat.","Kag si Jesus nagpadayon sa pagsiling, “Gani nagasiling ako sa inyo: gamita ninyo ang dutan-on nga manggad sa pagpakig-abyan, agod nga kon ining manggad maurot na pagabatunon kamo sa puloy-an nga wala sing katapusan."
"“Sinabihan siya san katiwala, ‘Adi an listahan san imo pagkakautang, isurat na 80!’","Ang bisan sin-o nga masaligan sa diutay nga mga butang masaligan man sa dalagku nga mga butang, kag ang bisan sin-o nga indi masaligan sa diutay nga mga butang indi man masaligan sa dalagku nga mga butang."
“Pakatapos gindayaw san amo an madaya na katiwala tungod sa iya kalistuhan kay an mga makasasala sani na kinab-an mga maayo makigbagay sa inda kapareho ki san mga matanos.,"Gani, kon indi kamo masaligan sa pagpatikang sang manggad nga dutan-on, sin-o ang makasalig sa inyo sang matuod nga manggad?"
Kaya tandai ini: gamita an kwarta na magkaigwa ka sin damo na kakilala kag siguruha na kun maubos man ini pagapadayunon ka sa istaran na waraʼn katapusan.,"Kag kon indi kamo masaligan sang mga pagkabutang nga iya sang iban, sin-o bala ang magahatag sa inyo sang pagkabutang nga para sa inyo?"
“Matitiwalaan man sa dako na kwarta an tawo na nasasarigan sa dyutay na kwarta kag an nagadaya sa dyutay na kwarta an magadaya man sa dako.,"“Wala sing suloguon nga makaalagad sa duha ka agalon, kay pakalainon niya ang isa kag higugmaon ang isa, ukon pasulabihon niya ang isa kag tamayon ang isa. Indi kamo makaalagad sa Dios kag sa manggad!”"
"Kun dili ka na ngani napipiyaran sin kayamanan san kinab-an, sin-o pa ada an magpiyar sa imo san tunay na kayamanan san Dios?","Ang mga Fariseo nga nakabati sini tanan, nagyaguta tungod kay Jesus kay maki-kwarta sila."
"Sugad man kun dili ka ngani napipiyaran san mga bagay na dili sa imo, sin-o pa ada an mahatag sin para sa imo sadiri?","Si Jesus nagsiling sa ila, “Ginapakamatarong ninyo ang inyo kaugalingon sa panulok sang mga tawo, pero ang Dios nakahibalo sang inyo mga tagipusoon. Kay ang mga butang nga ginapakamahal sang mga tawo kangil-aran sa panulok sang Dios."
"“Waraʼn makapauripon sin sabay sa duha na amo kay pagakabadlian niya an usad kag pagapalabihon an ikaduha. Kun dili sugad sani, magigin matinumanon siya sa usad kag igasikway niya an ikaduha. Dili kamo pwede makapauripon sin sabay sa Dios kag sa kwarta.”",“Ang Kasugoan ni Moises kag ang mga sinulat sang mga propeta tubtob lamang kay Juan nga manugbautiso. Halin sadto nga tion ang Maayong Balita sang Ginharian sang Dios ginawali kag ang tagsatagsa nagatinguha gid sa pagsulod sa Ginharian.
An mga Pariseo na makikwarta nakabati sani tanan kag gintarawhan ninda si Jesus.,Pero mas mahapos pa nga magtaliwan ang langit kag ang duta sang sa mawala ang isa ka kudlit nga bahin sang Kasugoan.
"Pero sinabihan niya sinda, “Kamo idtoʼn nagapatuud-tuod na mga matanos sa mata san tawo pero aram san Dios an iyo mga tagipusuon. Tandai ini, an ginapahalagahan san tawo waraʼn pulos sa mata san Dios.","“Ang bisan sin-o nga tawo nga nagabulag sa iya asawa kag nagapangasawa sang isa pa gid ka babayi nagapanginbabayi, kag ang tawo nga nagapangasawa sang ginbulagan nga babayi nagapanginbabayi.”"
“Hasta sa kapanahunan ni Juan na Parabunyag an ginasunod an Kasuguan ni Moises kag san mga sinurat san mga propeta. Tuna sadto an maayo na barita manungod sa kahadian san Dios ginapahayag kag an kada usad nagapirit na makasulod sani.,“May isa anay ka manggaranon nga tawo nga nagasuksok sing labing malahalon nga bayu kag nagapatuyang sa iya pagkaon adlaw-adlaw.
Pero kun an Kasuguan an pagsurmatunan mas madali pa na paraon an langit kag duta kisa halion an gahom bisan an pinakamenos na parte sani.,May isa man ka imol nga tawo nga ginhingalanan kay Lazaro nga puno sang mga katol. Ini sia pirme lang ginadala sa pwertahan sang balay sadtong manggaranon nga tawo
“An lalaki na makigbulag sa iya asawa kag mag-asawa sa iba nagakasala sin pagpanambay. An lalaki naman na mag-asawa sa ginbulagan na babayi nagakasala man sin pagpanambay.”,kag nagahandom sia nga makakaon sang nagakadagdag nga mga pagkaon halin sa lamisa sang manggaranon. Bisan pa ang mga ido nagapalapit kag nagadilap sang iya mga katol.
"Nagpadayon si Jesus, “May mayaman na nakaugalian na magsul-ot sin mga matahom na bado kag magpabugana sa pagkaon uruadlaw.",Ang imol nga tawo napatay kag gindala sang mga anghel sa tupad ni Abraham. Ang manggaranon nga tawo napatay man kag ginlubong.
Didto sa may pwertahan san natad sani na mayaman may nakahigda na parapakilimos na samadon. An ngaran niya si Lazaro.,Kag nag-antos sia sang tuman didto sa Hades. Sang pagtangla niya nakita niya sa malayo si Abraham kag si Lazaro sa iya tupad.
"Ini siya nagahandom na magkaon san bisan mga mumho na lang na nahuhulog sa may lamesa san mayaman, ugaling kay ginaparasamok siya san mga ido kag ginadilapan an iya mga samad.","Gani nagpanawag sia, ‘Amay nga Abraham! Kaluoyi ako, kag ipadala si Lazaro sa pagtum-oy sang iya tudlo sa tubig kag pabugnawan ang akon dila, tungod kay tama gid ang akon pag-antos sa sini nga kalayo.’"
“Niyan namatay an parapakilimos kag gindara san mga anghel sa namumutangan ni Abraham. Namatay naman an mayaman kag ginlubong.,"Pero si Abraham nagsabat, ‘Dumdoma, anak ko, nga sang nagakabuhi pa ikaw, imo nabaton ang tanan nga maayo nga mga butang, samtang ang kay Lazaro iya ang malain nga mga butang. Pero karon nagakalipay sia diri, samtang ikaw nagakasakit."
"Sa iya grabe na pagtios sa impyerno, naghangad an mayaman kag nakita si Abraham na iya kalulululuhi kaupod si Lazaro.","Wala labot sina, sa gintung-an naton may daku nga kadadalman, gani ang luyag magkadto dira halin diri indi makatabok, kag wala man sing may makatabok halin dira pakadto diri.’"
"Kaya nagsiyak siya, ‘Abraham, ama ko, maluoy ka man sa akon. Sugua si Lazaro na isawsaw an punta san iya tudlo sa tubig kag papriskuhon an akon dila kay nagasakit ako didi sa kalayo.’","Ang manggaranon nga tawo nagsiling, ‘Amay, kon amo ina, nagapakitluoy ako sa imo nga ipadala mo si Lazaro sa balay sang akon amay,"
"“Pero nagsabat si Abraham, ‘Anak, dumduma na san nabubuhay ka pa nagpakasawa ka sa imo pagkabuhay sa kinab-an pero si Lazaro nagtios sin dako na kalisudan. Niyan ginapalipay siya didi pero ikaw naman an nagatios dida.",sa diin may lima pa ako ka mga utod nga lalaki. Pakadtua sia didto sa pagpaandam sa ila agod nga sila indi man magkadto sa sining lugar sang pag-antos.’
Pwera pa sani sa tunga san kamutangan naton may halapadon na tukal agod an mga adi didi dili makapakada kag an ada dida dili makapakadi.’,"Si Abraham nagsabat, ‘Ato man sa ila ang ginsulat ni Moises kag sang mga propeta sa pagpaandam sa imo mga utod nga lalaki. Papamatia ang imo mga utod sa ginahambal nila.’"
"“Tapos sinabi san mayaman, ‘Lolo, nakimaluoy ako sa imo na suguon mo si Lazaro pakadto sa balay san akon ginikanan,","Ang manggaranon nga tawo nagsabat, ‘Amay nga Abraham, kulang pa ina. Pero kon may isa nga mabanhaw kag magkadto sa ila, ti, magabiya sila sa ila mga sala.’"
para mapadaanan an lima ko na kamaranghod agod dili na sinda makapakadi pa didi sani na lugar san kastigo.’,"Pero si Abraham nagsiling, ‘Kon indi sila magpamati kay Moises kag sa mga propeta, indi man ina sila magpati bisan pa may isa nga napatay kag nabuhi liwat.’”"
"Ginsabihan ni Jesus an iya mga disipulos, “Sigurado gayod na maabot an mga tintasyon pero grabe man an kastigo para sadtoʼn magadara sani!","Si Jesus nagsiling sa iya mga gintuton-an, “Indi malikawan ang mga kabangdanan nga ang mga tawo magapakasala, pero daw ano ka makaluluoy man sa iya nga manginkabangdanan sang pagpakasala sang mga tawo."
Mas maayo pa sa iya na bitayan sin gilingan na bato sa liog kag ipilak sa dagat ki sa madara pa niya paghimo sin kasal-an an mga katawuhan na may pagtuod.,Mas maayo pa sa sina nga tawo nga ihigot ang galingan nga bato sa iya liog kag lumsan sia sa madalom nga dagat sang sa manginkabangdanan sia sang pagpakasala sang isa sining mga katawhan nga nagasalig sa akon kaangay sang mga kabataan.
Kaya paghimat kamo!,Gani mag-andam kamo!
"“Kun magkasala an imo kapwa, sawaya siya kag kun magbasol patawada.","“Kon ang imo utod makasala, sawaya sia, kag kon maghinulsol sia, patawara sia."
"Kun nagkasala siya sa imo sin pito na beses sa usad ka adlaw tapos magbalik sa imo kag magsabi, ‘Nagabasol ako,’ dapat patawadon mo siya.”","Kon makasala sia sa imo sing makapito sa isa ka adlaw, kag sa tagsa ka pagpakasala niya nagakadto sia sa imo kag nagasiling, ‘Nagahinulsol ako,’ dapat nga patawaron mo sia.”"
"Naghangyo an mga apostoles sa Ginoo, “Dagdagi man po an amon pagtuod.”","Ang mga apostoles nagsiling sa Ginoo, “Dugangi ang amon pagtuo.”"
"Nagsabat an Ginoo, “Kun an iyo pagtuod kapareho lang kadyutay sa pisog san mustasa masusugo niyo ini na kahoy na ginatawag na sikamora, ‘Magbalhin ka kag magtubo sa dagat!’ Tapos pagasundon kamo.","Ang Ginoo nagsabat, “Kon may pagtuo kamo pareho ka daku sang binhi sang mustasa makasiling kamo sa sining kahoy nga sikomoro, ‘Gabuta ang imo mga gamot kag itanom ang imo kaugalingon sa dagat!’ kag magatuman ini sa inyo."
"“Ipamutang ta na usad sa iyo may suruguon na nagaarado o nagapastor san karnero. Pagbalik niya hali sa uma aagdahon ba dayon niyo siya, ‘Kadi kag kumaon ka anay?’ Syimpre dili!","“Abi ang isa sa inyo may suloguon nga nagaarado ukon nagabantay sang mga karnero. Kon magpauli sia halin sa uma, nagasiling bala kamo sa iya, ‘Dali, kaon na’?"
"Kundi an isusugo lugod niyo sa iya, ‘Preparara an akon panigab-ihan tapos pagliwan kag sirbihe ako myintras nagakaon kag nagainom. Pakatapos ko amo ka naman magkaon kag mag-inom.’","Wala gid kamo nagasiling sini. Sa baylo, nagasiling kamo sa iya, ‘Ihanda ang akon panihapon, mag-ilis ka kag magsirbe sa akon samtang nagakaon kag nagainom ako. Magkaon kag mag-inom ka ugaling kon tapos na ako.’"
"Nano, pagapasalamatan kaya an suruguon kay nagtuman san ginsugo sa iya?",Ginapasalamatan bala ang suloguon tungod kay ginahimo niya ang ginsugo sa iya?
"Pareho man ini sa iyo kun matuman na niyo an tanan na ginsugo sa iyo masabi kamo, ‘Mga suruguon lang kami. Ginhimo lang namon an amon obligasyon.’,”","Subong man ini sa inyo, sa tapos ninyo mahimo ang tanan nga ginsugo sa inyo, magsiling kamo, ‘Mga suloguon man lang kami. Ginhimo lamang namon ang amon katungdanan.’”"
San pagpakadto ni Jesus sa Jerusalem nag-agi siya sa may lindero san Samaria kag Galilea.,Sang nagapakadto si Jesus sa Jerusalem nag-agi sia sa dulonan sang Samaria kag Galilea.
Pagsulod niya sa usad na baryo sinugat siya sin napulo na leprosohon na nagatirindog sa huruharayo.,"Sang nagapasulod sia sa isa ka barangay ginsugata sia sang napulo ka mga aruon, nga nagtindog sa unhan"
"Nagtawag sinda sa iya sin kusog, “Jesus! Maestro! Maluoy ka man sa amon.”","kag nagsinggit, “Jesus nga manunodlo, kaluoyi kami!”"
"Pakakita ni Jesus sa inda nagsabi, “Kadto kamo kag magpakita sa mga padi.” Myintras nagalakat nag-arayo dayon sinda.","Nakita sila ni Jesus kag nagsiling sia sa ila, “Lakat kamo kag ipatan-aw ang inyo kaugalingon sa mga pari.”"
"Pakakita san usad na nag-ayo na siya, nagbalik, nag-umaw sa Dios sa makusog na boses,",Sang nagalakat sila nag-ayo sila.
pakatapos naghapa sa may tiilan ni Jesus kag nagpasalamat sa iya. Idto na tawo usad na Samaritano.,"Ang isa sa ila, sang makita niya nga nag-ayo na sia, nagbalik nga nagadayaw sa Dios sa mabaskog nga tingog."
"Niyan naghunga si Jesus, “Dili ba napulo tanan an nag-arayo? An siyam gali, hain man?",Nagluhod sia sa tiilan ni Jesus kag nagpasalamat sa iya. Yadto nga tawo taga-Samaria.
Nano kay ini lang na dayuhan an nagbalik na nagpasalamat sa Dios?”,"Si Jesus nagsiling, “Indi bala napulo ka tawo ang gintinluan? Diin na ang siyam?"
"Pakatapos sinabihan ni Jesus an lalaki, “An imo pagtuod an nakapaayo sa imo. O, sige, kadto na.”",Ngaa ining dumoluong lang ang nagbalik sa pagpasalamat sa Dios?”
"Ginhunga si Jesus san mga Pariseo kun san-o maabot an kahadian san Dios. Amo ini an sabat ni Jesus, “An kahadian san Dios dili magaabot na may igapakita na mga tanda,","Dayon si Jesus nagsiling sa iya, “Tindog ka kag maglakat. Ang imo pagtuo nag-ayo sa imo.”"
kag wara man sin makasabi na ‘Adi na didi!’ o ‘Adto na didto!’ kay matuod na ina adi na kaupod niyo.”,"May mga Fariseo nga nagpamangkot kay Jesus kon san-o magaabot ang paghari sang Dios. Nagsabat sia sa ila, “Ang paghari sang Dios indi magaabot nga may mga tanda nga makita."
"Ginsabihan ni Jesus an iya mga disipulos, “Maabot an panahon na magahandom kamo na makita an pagbalik ko gihapon na Anak San Tawo pero dili niyo ina makikita.","Wala sing makasiling, ‘Tan-awa ninyo, yari diri!’ ukon ‘Yadto didto!’ tungod kay ang paghari sang Dios yara sa inyo.”"
"Pagasabihan kamo san katawuhan ‘Kitaa, adi siya,’ o ‘Kitaa, adto siya!’ Pero ayaw pag-apas sa inda.","Dayon nagsiling sia sa mga gintuton-an, “Magaabot ang mga inadlaw nga magahandom kamo sa pagtan-aw sang isa sang mga inadlaw sang Anak sang Tawo, pero indi ninyo ini makita."
"Kay sa adlaw san pag-abot ko, ako, na Anak San Tawo, magasidlak pareho san kilat na nagasidlak sa luyo na parte san langit pero nakapawa hasta man sa luyo.","May magasiling sa inyo, ‘Tan-awa, yadto didto!’ ukon, ‘Tan-awa, yari diri!’ Pero indi kamo magkadto sa pagpangita sini."
"Pero antes sani, dapat magtios anay ako sin grabe kag igsikway sani na mga tawo yana.","Subong nga ang kilat nagaidlab kag nagapasanag sang langit halin sa pihak tubtob sa pihak, mangin-amo man ang pag-abot sang Anak sang Tawo."
“Kaya pareho san kamutangan san kapanahunan ni Noe an kamutangan didi sa kinab-an pagbalik san Anak San Tawo.,Ugaling dapat sia anay mag-antos sing tuman kag pagasikwayon sang mga tawo sa sini nga mga inadlaw.
"Sadto na panahon an mga tawo nagakaraon kag nagairinuman, an kababayihan kag kalalakihan nag-arasawahan hasta sa adlaw na nagsulod si Noe sadtoʼn sarakyan sa tubig na ginatawag arka kag nagbuhos an baha na nakapatay san tanan pwera sadtoʼn adto sa arka.","Subong sang natabo sa panahon ni Noe, mangin-amo man ang matabo sa mga inadlaw sang Anak sang Tawo."
"“Sugad man san nangyari san kapanahunan ni Lot an mga tawo nagakaraon, nagairinuman, nagapamarakal kag nagabaraligya, nagataranom kag nagabaralay man,","Ang tanan nagkalaon kag nag-ininom, ang mga lalaki nagpalangasawa kag ang mga babayi nagpalamana, tubtob sa adlaw nga si Noe nagsulod sa arka kag ang anaw nag-abot kag naglumos sa ila tanan."
"pero sa adlaw san paghali ni Lot sa Sodoma, an Dios nagpauran sin kalayo kag asupre hali sa langit na nakapatay sa inda tanan sa Sodoma.","Amo man ang natabo sa mga inadlaw ni Lot. Nagkalaon kag nag-ininom sila, nagpamakal kag nagpamaligya sila, nagpananom sila kag nagpatindog sang mga balay."
“Pareho man sani an mangyayari sa pag-abot san adlaw san paghayag sa akon na Anak San Tawo.,"Pero sa adlaw nga si Lot nakagwa sa Sodoma, nag-ulan sing kalayo kag asupre halin sa langit kag nagkalamatay didto ang tanan nga mga tawo."
Pag-abot sana na adlaw an adto sa atop dili na maglusad pa agod kuhaon an iya mga garamiton sa sulod san balay. An adto man sa mga uma dili na dapat mag-uli pa.,Manginkaangay man sini sa adlaw nga ipahayag ang Anak sang Tawo.
Dumduma an asawa ni Lot na nagin asin san paglingi sa nasunog na syudad san Sodoma.,"“Sa sadto nga adlaw ang tawo nga yara sa atop sang iya balay indi na magpanaog sa pagkuha sang iya mga pagkabutang nga yara sa sulod sang balay. Sa amo man nga bagay, ang tawo nga yara sa uma indi na magpauli."
Kun sugad an nagahandom na masalbar an iya buhay mawawara niya ini pero an mawawar-an sani na buhay dahilan sa pagsunod sa akon magkakaigwa lugod.,Dumdoma ninyo ang natabo sa asawa ni Lot.
Tandaan an masasabi ko: sana na kagab-ihon may duha na tawo na nasa usad na higdaan. Pagakuhaon an usad pero an iya kaupod ibibilin.,"Ang bisan sin-o nga nagatinguha sa pagluwas sang iya kabuhi madula niya ini, kag ang bisan sin-o nga nagadula sang iya kabuhi maluwas niya ini."
35-36 May duha naman na babayi na magaupod sa paggiling. Pagakuhaon an usad pero an iya kaupod ibibilin.”,"Nagasiling ako sa inyo, sa sina nga gab-i may duha ka tawo nga magatulog sa isa ka higdaan: ang isa kuhaon kag ang isa ibilin."
"Naghunga an mga disipulos sa iya, “Sa diin po, Ginoo.”","May duha ka babayi nga nagagaling, ang isa kuhaon kag ang isa ibilin."
Pakatapos nag-istorya pa si Jesus agod magtukdo sa inda na pirme sinda mangadyi kag dili magluya an buot.,"Dayon si Jesus nagsugid sa iya mga gintuton-an sining palaanggiran, sa pagtudlo sa ila nga dapat sila magpangamuyo pirme kag indi magpakaluya."
"Sabi niya, “Igwaʼn huwes sa usad na lungsod na waraʼn ginagalangan bisan an Dios.",“Sa isa ka banwa may isa ka hukom nga wala nagakahadlok sa Dios ukon nagatahod sa tawo.
Sadto man na lungsod igwaʼn biyuda na nagaparabalik-balik sa iya na nakimaluoy sin hustisya kontra sa iya kaaway.,"Kag may babayi nga balo sa sadto man nga banwa nga wala patay ang kadto sa iya kag nagasiling, ‘Apini ako batok sa akon kasumpong!’"
"“Dugay anay nagparahabo an huwes pero sa kadugayan nakasabi siya sa iya sadiri, ‘Bisan dili ako nahahadlok sa Dios ni maggalang kanin-o man,","Sa malawig nga tinion indi gid magbulig ang hukom, pero sang ulihi nagsiling sia sa iya kaugalingon, ‘Bisan nga wala ako nagakahadlok sa Dios kag wala man nagatahod sa tawo,"
"hahatagan ko na lang sin hustisya ini na biyuda kay pirme ako ginaparasamok kag basi sa iya kabalik-balik lipungon pa an akon ulo.’,”","pero tungod sang kasabad sining babayi nga balo, tinguhaan ko nga maapinan sia, basi kon matak-an ako sang iya pagbalikbalik diri!’”"
"Kaya didi nagsabi an Ginoo, “Nabatian niyo kun nano an ginsabi san dili matanos na huwes.","Kag ang Ginoo nagpadayon sa pagsiling, “Pamatii ninyo ang ginsiling sang hukom nga di-matarong."
Niyan dili ba magahatag an Dios sin hustisya sa iya mga pinili na nagaagrangay adlaw gab-i? Nano pagaparabalibadan daw sinda niya?,"Karon, indi bala nga ang Dios magaapin sa iya pinili nga mga tawo nga nagapangayo sa iya sing bulig sa adlaw kag gab-i? Magapabuyanbuyan bala sia sa pagbulig sa ila?"
Ginasiguro ko sa iyo na igahatag dayon niya sa inda an hustisya. Pero pag-abot ko na Anak San Tawo dyutay na lang gayod an makikita ko na may pagtuod sa akon didi sa kinab-an.”,"Nagasiling ako sa inyo, magaapin sia sa ila sa gilayon. Pero kon mag-abot ang Anak sang Tawo, makakita bala sia sing mga tawo nga may pagtuo diri sa duta?”"
Amo ini an gin-istorya ni Jesus sadtoʼn mga tawo na an pagkita sa inda sadiri matanos kag ginamenos an sa iba.,"Sa mga tawo nga nagakabig sang ila kaugalingon nga matarong kag nagatamay sa iban, si Jesus nagsugid man sini nga palaanggiran,"
“Sadto may duha ka tawo na nagkadto sa templo para magpangadyi. An usad sani Pariseo kag an usad parasukot san buwis.,“May duha ka tawo nga nagkadto sa Templo sa pagpangamuyo: ang isa Fariseo kag ang isa manugsukot sang buhis.
"Niyan nagtindog didto an Pariseo kag nagpangadyi manungod sa iya sadiri, ‘Dios ko, nagapasalamat ako sa imo na dili ako pareho san iba na mga tawo na mga paslo sa kwarta, waraʼn hustisya, parapanambay kag lalo na gayod dili ako pareho sani na parasukot san buwis.","Ang Fariseo nagtindog kag nagpangamuyo, ‘Nagapasalamat ako sa imo, O Dios, nga indi ako pareho sang iban nga mga tawo nga sakon, madaya, babayidor, ukon pareho sining manugsukot sang buhis."
Nagaayuno akoʼn duha na beses sa usad na semana. Ginahatag ko sa templo an ikanapulo na parte san akon kita.’,"Nagapuasa ako sing makaduha sa isa ka simana, kag nagahatag ako sa imo sang ikapulo sang tanan ko nga kinitaan.’"
"“An parasukot naman san buwis nagtindog sa huruharayo na dili man lang ngani makahangad sa langit kundi iya ginapukpok an iya dughan kag nagsabi, ‘Dios ko, maluoy ka man sa akon na makasasala.’","Pero ang manugsukot sang buhis nagtindog sa malayo, kag indi gani sia magtangla sa langit, kundi nagpamukpok sang iya dughan kag nagsiling, ‘O Dios, kaluoyi ako nga makasasala!”"
“Tandaan an ginasabi ko: ini na tawo nag-uli na matanos sa pagkita san Dios ki sadtoʼn usad kay an nagapakalabaw pagapakamenuson kag an nagapakamenos papalabawon.”,"Dayon si Jesus nagsiling, “Nagasiling ako sa inyo nga ining tawo nagpauli sa iya balay nga ginpakamatarong sang sa isa. Kay ang tagsatagsa nga nagapakataas sang iya kaugalingon pagapauboson, kag ang tagsatagsa nga nagapaubos sang iya kaugalingon pagapataason.”"
"Niyan may mga tawo na nagadara kan Jesus sin mga tigdyutay na kabataan agod madapatan san kamot niya pero pakakita sani san mga disipulos, ginsaway idtoʼn mga katawuhan.",May mga tawo nga nagdala sang ila mga lapsag kay Jesus agod nga tungtongan niya sila sang iya kamot. Sang pagkakita sini sang mga gintuton-an ginsaway nila ang mga tawo.
"Pero tinawag lugod ni Jesus an mga bata na magtulos sa iya kag nagsurmaton, “Ayaw niyo pag-ulanga an mga tigdyutay na kabataan kundi pakadia sa akon kay an kahadian san Dios para sa inda na pareho sani na mga bata.","Pero si Jesus nagtawag sang mga kabataan nga magpalapit sa iya kag nagsiling, “Tugoti ang mga kabataan sa pagpalapit sa akon. Indi sila pagdumilii, tungod kay sa kasubong nila nagahari ang Dios."
Ginasiguro ko sa iyo na an dili magpasakop sa paghadi san Dios na pareho sin dyutay na bata dili makasulod sana na kahadian.”,"Dumdoma ninyo ini! Ang bisan sin-o nga indi magpasakop sa paghari sang Dios kaangay sining bata nga diutay, indi makasulod sa amo nga Ginharian.”"
"May usad na namumuno na naghunga sani kan Jesus, “Maayo na maestro, nano tabi an dapat ko na himuon agod masadiri ko an buhay na waraʼn katapusan?”","Ang isa ka pangulo sang mga Judio nagpamangkot kay Jesus, “Maayo nga Manunodlo, ano bala ang akon dapat himuon agod maangkon ko ang kabuhi nga wala sing katapusan?”"
"Pero ginhunga man siya ni Jesus, “Nano kay ginatawag mo ako na maayo? Waraʼn iba na maayo kundi an Dios lang.”","Si Jesus nagsiling sa iya, “Ngaa ginatawag mo ako nga maayo? Wala sing bisan sin-o nga maayo, kundi ang Dios lamang."
"Pakatapos nagpadayon siya, “Aram mo na an Kasuguan! ‘Dili ka magpanambay, dili ka magpatay, dili ka magpangawat, dili ka magtestigos sin kabuwaan, galangan mo an imo ama kag iloy.’,”","Nahibaluan mo ang mga kasugoan: ‘Indi ka magpanginbabayi ukon magpanginlalaki, indi ka magpatay, indi ka magpangawat, indi ka magsaksi sang butig, tahura ang imo amay kag iloy.’”"
"Nagsabat man an lalaki, “Gintuman ko ina tanan tuna pa san bata pa ako.”","Ang tawo nagsabat, “Gintuman ko ini tanan nga mga sugo halin pa sang akon pagkapamatan-on.”"
"Pakabati sani ni Jesus sinabihan siya, “Igwa paʼn kulang sa imo. Ibaligya an tanan mo na kasadirihan kag ipanghatag sa mga pobre an kabaklanan kay magkakaigwa ka sin kayamanan kaupod san Dios sa langit. Pakatapos bumalik ka kag mag-upod sa akon.”","Sang pagkabati ni Jesus sini nagsiling sia sa iya, “Isa pa ka butang ang dapat mo himuon. Ibaligya ang tanan mo nga mga pagkabutang kag ipanagtag ang kwarta sa mga imol, kag may manggad ka sa langit. Dayon dali ka kag magsunod sa akon.”"
Pakabati man sani san lalaki namundo siya dahilan na mayaman-yaman siya.,"Pero sang pagkabati sini sang tawo nagkasubo sia, tungod kay manggaranon gid sia."
"Ginasud-ong siya ni Jesus na nagasurmaton, “Malisod gayod sa mga mayaman an pagsulod sa kahadian san Dios!","Sang pagkakita ni Jesus nga nagkasubo ang tawo, nagsiling sia, “Daw ano kabudlay para sa mga manggaranon ang magpasakop sa paghari sang Dios!"
Mas masayon pa na makaagi an kamelyo sa luho san dagom ki sa pagsulod san mayaman sa kahadian san Dios.”,Kay mas mabudlay para sa isa ka manggaranon ang magsulod sa Ginharian sang Dios sang sa isa ka kamelyo nga maglusot sa buho sang dagom.”
"Naghunga an mga nakabati sani, “Kun sugad, sin-o man gali an masasalbar?”","Ang mga tawo nga nakabati sa iya nagpamangkot, “Karon, sin-o na lang ang maluwas?”"
"Nagsabat si Jesus, “An dili kaya san mga tawo na mahimo, makahimo an Dios.”","Si Jesus nagsabat, “Ang indi mahimo sang mga tawo, mahimo sang Dios.”"
"Didi nagsurmaton si Pedro, “Kami gali? Ginbayaan namon an tanan agod mag-upod sa imo.”","Dayon si Pedro nagsiling, “Tan-awa bala! Ginbayaan namon ang tanan kag nagsunod kami sa imo.”"
"Kaya sinabihan sinda ni Jesus, “Ginasiguro ko sa iyo na waraʼn nagbaya sin balay, asawa, mga kamanghod, mga ginikanan o kaanakan alang-alang sa kahadian san Dios","Si Jesus nagsiling sa ila, “Huo, nagasiling ako sa inyo sini: ang bisan sin-o nga nagabiya sang iya balay ukon asawa ukon mga utod ukon mga ginikanan ukon mga kabataan tungod sang paghari sang Dios,"
na dili makabaton sin mas sobra pa sani yana na panahon kag sin buhay na waraʼn katapusan sa maabot.”,"magabaton sa sini nga panag-on sing mas madamo pa sang sa iya ginbayaan, kag magabaton man sang kabuhi nga walay katapusan sa panag-on nga palaabuton.”"
"Ginbulag ni Jesus an dose na disipulos kag sinabihan, “Tandai, nagasagka kita pa-Jerusalem kun diin matutuman an tanan na sinurat san mga propeta manungod sa akon na Anak San Tawo.","Ginpain ni Jesus ang dose ka mga gintuton-an, kag ginsingganan, “Pamati kamo! Makadto kita sa Jerusalem sa diin matuman ang tanan nga ginsulat sang mga propeta nahanungod sa Anak sang Tawo."
"Didto igaintriga ako sa mga dili-Judio, pagatuya-tuyaon, pagakastiguhon kag pagaludaan.","Igatugyan sia sa mga Hentil nga magayaguta sa iya, magapakahuya sa iya kag magadupla sa iya."
Pakatapos lalatiguhon kag ipapatay pero sa ikatulo ka adlaw mabubuhay ako gihapon.”,"Pagabunalon nila sia kag pagapatyon, pero sa ikatlo nga adlaw mabanhaw sia.”"
Pero wara sindaʼn nasabutan san ginpanurmaton niya kay bagaʼn natago ini kag wara gayod sinda kapanginano san gusto sabihon sani.,"Pero ang mga gintuton-an wala makahangop sini nga mga butang, kay ang kahulogan sini nga mga pulong nalipdan sa ila kag wala sila makahangop sang ginhambal ni Jesus."
San nagadangadang na si Jesus sa Jerico igwaʼn buta na nagapakilimos sa higad san kamino.,"Sang nagahinampot si Jesus sa Jerico, may isa ka bulag nga nagapungko sa higad sang dalan nga nagapakilimos."
San pakabati sani na damo an nagaaragi naghunga kun nano an kasibutan.,"Sang pagkabati sang bulag nga may madamo nga mga tawo nga nagaagi nagpamangkot sia, “Ano ang nagakatabo?”"
Ginsumat sa iya na nagaagi si Jesus na taga-Nazaret.,"Nagsabat sila, “Si Jesus nga taga-Nazaret nagaagi.”"
"Kaya sumiyak siya, “Jesus, Lahi ni David, kaluy-i ako.”","Nagsinggit sia, “Jesus! Anak ni David, kaluoyi ako!”"
"Ginsaway siya san nauuna na tawo kag ginpapuyo pero lalo lugod na sumiyak siyaʼn mas makusog, “Lahi ni David, kaluy-i ako.”","Ang mga tawo nga yara sa una nagsaway sa iya kag ginsingganan sia nga maghipos. Sa baylo sini, nagsinggit pa gid sia sing mabaskog, “Anak ni David, kaluoyi ako!”"
"Didi umudong si Jesus kag nagmanda na darhon an buta sa iya. San paghalapit hinunga niya,","Gani si Jesus nagdulog kag nagsugo nga ang bulag dalhon sa iya. Sang malapit na sia, si Jesus nagpamangkot sa iya,"
“Nano an gusto mo na himuon ko para sa imo?”,“Ano ang luyag mo nga himuon ko sa imo?”
"Nagsabat an buta, “Ginoo, gusto ko po makakita.”","Nagsabat sia, “Sir, luyag ko nga makakita liwat.”"
"Sinabihan siya ni Jesus, “Hala, kita! An imo pagtuod amo an nakaayo sa imo.”","Dayon si Jesus nagsiling sa iya, “Makakita ka na! Ang imo pagtuo nag-ayo sa imo.”"
Nagsulod si Jesus sa Jerico pero nagaagi lang.,Si Jesus nagsulod sa Jerico kag nag-agi man lang sia didto.
Igwa didtoʼn tawo na an ngaran Zaqueo. Ini siya mayaman kag amo an namumuno san mga parasukot san buwis.,May pangulo sang manugsukot sang buhis didto nga manggaranon nga ginhingalanan kay Zaqueo.
Nagahandom gayod siya na makita kun nano na klaseʼn tawo si Jesus pero kay sa kadamuan san tawo kag pututan siya dili niya makita si Jesus.,"Nagtinguha sia sa pagtan-aw kon sin-o si Jesus, ugaling tungod kay putot sia kag madamo ang mga tawo, indi sia makakita sa iya."
Kaya nag-una-una siya kag sumakat sa kahoy para lang na makita si Jesus na maagi sadtoʼn agihan.,"Gani nagdalagan sia una sa mga tawo kag nagsaka sa kahoy nga sikomoro, agod makakita sia kay Jesus nga magaagi sa sadto nga dalan."
"Pagtungod ni Jesus sadto na lugar humangad siya kag sinabihan si Zaqueo, “Dali, lusad dida kay makidayon ako sa imo balay yana.”","Sang pag-abot ni Jesus sa sadto nga lugar nagtangla sia kag nagsiling sa iya, “Zaqueo, panaog ka sing dalidali, tungod kay madayon ako sa imo balay karon nga adlaw.”"
"Nagdali-dali siya paglusad kag pag-abot sa iya balay, malipayon na ginpadayon si Jesus.",Nagpanaog si Zaqueo sing dalidali kag ginbaton niya si Jesus sa daku nga kalipay.
"Nagngurub-ngurob an tanan pakakita san pangyari, “Nakidayon siya sa balay sin makasasala.”","Ang tanan nga mga tawo nga nakakita sini nagkulomuron, “Ini nga tawo nagdayon sa balay sang isa ka makasasala.”"
"Myintras tumindog si Zaqueo kag nagsurmaton, “Ginoo, igahatag ko sa pobre an katunga san akon mga sadiri kag kun may nagkadarayaan ako, pagaulian koʼn duha ka doble.”","Si Zaqueo nagtindog kag nagsiling sa Ginoo, “Karon, Ginoo, ihatag ko sa mga imol ang katunga sang akon mga pagkabutang kag kon may gindayaan ako, bayaran ko sia sing apat ka pilo.”"
"Pakatapos sinabihan siya ni Jesus, “Yana na adlaw nag-abot na an pagkasalbar sani na panimalay kay ini na tawo anak man ni Abraham.","Si Jesus nagsiling sa iya, “Ang kaluwasan nag-abot sa sining panimalay karon nga adlaw, kay ini sia kaliwat man ni Abraham."
Amo na ini kay ako na Anak San Tawo nagkadi sa kinab-an agod hanapon kag isalbar an mga tawo na nawawara.”,Kay ang Anak sang Tawo nag-abot sa pagpangita kag sa pagluwas sang nadula.”
Myintras nagapamati an mga tawo nagpadayon si Jesus pagsurmaton sin istorya kay halapit na sinda sa Jerusalem kag nakahuna-huna na igapakita dayon didto an kahadian san Dios.,"Sang nagapamati ang mga tawo sa sini nga mga pulong, nagpadayon si Jesus sa pagsugid sa ila sing isa ka palaanggiran kay malapit na sia sa Jerusalem, kag naghunahuna sila nga ang Ginharian sang Dios manug-abot na."
"Kaya nagtuna siya, “May prinsipe na nagpakadto sa harayo na lugar agod mahimo siya na hadi kag pakatapos mabalik gihapon.","Gani nagsiling sia, “May isa ka dungganon nga tawo nga nagkadto sa malayo nga pungsod agod himuon sia nga hari kag dayon magapauli."
"Pakatawaga san napulo niya na mga suruguon hinatagan sin kwarta na oro an kada usad kag ginsabihan, ‘Inegosyo niyo ini hasta sa pagbalik ko.’","Sa wala pa sia makalakat, gintawag niya ang iya napulo ka mga suloguon kag ginhatagan ang tagsatagsa sa ila sing 1,000 ka pisos kag ginsingganan, ‘Patikanga ninyo ini tubtob nga mag-abot ako.’"
"“Pero nabadli sa iya an mga insakupan kaya paghali niya may ginpaabot sinda na mensahe sugad sani, ‘Habo kami magpasakop sani na tawo!’","Karon, ang iya mga kasimanwa nagdumot sa iya, gani nagpaapas sila sing mga mensahero nga magasiling, ‘Indi kami luyag nga ini nga tawo maghari sa amon.’"
"“Niyan san pagbalik sadtoʼn prinsipe bilang hadi na, ginpatawag niya an mga suruguon na ginhatagan niyaʼn kwarta agod usisahon kun sing-ano na an ganansya san kada usad.","“Ang dungganon nga tawo ginhimo nga hari kag nagbalik sia. Sa gilayon nagsugo sia nga panawgon ang iya mga suloguon nga ginhatagan niya sing kwarta, agod nga mahibaluan niya kon pila ang ila naganansya."
"“An nauna pag-abot nagsabi, ‘Sir, an ginhatag mo na kwarta nagtubo sin napulo pa.’","Ang nahauna nag-abot kag nagsiling, ‘Sir, nakaganansya ako sing 10,000 sa 1,000 ka pisos nga ginhatag mo sa akon.’"
"“Nagsabat an hadi, ‘Mapaniwalaan na suruguon, maayo an hinimo mo! Kaya ikaw an pagapamahalaan ko san napulo na syudad kay nagin matinumanon ka bisan sa dyutay na bagay.’","Nagsiling sia sa iya, ‘Maayo gid! Maayo ka nga suloguon! Tungod kay matutom ka sa diutay nga mga butang, magagahom ka sa napulo ka siudad.’"
"“Pakatapos nag-abot an ikaduha kag nagsabi, ‘Sir, nakalima pa an ginhatag mo na kwarta!’","Ang ikaduha nga suloguon nag-abot kag nagsiling, ‘Sir, nakaganansya ako sing 5,000 sa 1,000 ka pisos nga ginhatag mo sa akon.’"
"“Sani man na usad sinabihan niya, ‘Ikaw man an magapamahala sin lima na syudad!’","Nagsiling sia sa sini nga suloguon, ‘Magagahom ka sa lima ka siudad.’"
"“Paghali sani may nag-abot pa na usad kag nagsabi, ‘Sir, adi an imo kwarta. Ginputos ko iniʼn maayo sa tela","Ang isa pa ka suloguon nag-abot kag nagsiling, ‘Sir, yari ang imo kwarta. Gintago ko ini nga naputos sa panyo."
tungod na nahahadlok ako sa imo kay maisog ka. Ginakuha mo bisan dili sa imo kag ginaani mo bisan dili sa imo tanom!’,"Nahadlok ako sa imo tungod kay maid-id ka nga tawo. Ginakuha mo ang indi imo, kag ginaani mo ang wala mo masab-og.’"
"“Ginsabat siya san hadi, ‘Buang na suruguon,’ an sabi niya. ‘Hali sa sadiri mo na panurmaton ginakondinar ta ikaw. Kay aram mo na daan na maisog ako, nagakuha san bisan dili akon kag nagaani san dili ko tanom.","Nagsiling sia sa iya, ‘Matamad ka nga suloguon! Ang imo mismo ginsiling amo ang gamiton ko sa pagkondenar sa imo. Nakahibalo ikaw nga maid-id ako nga tawo, nga nagakuha sang indi akon kag nagaani sang wala ko masab-og."
Nano man kay wara mo ighulog sa bangko an kwarta ko agod pagbalik ko makuha ko an kwarta hasta an porsyento?’,"Ti, ngaa bala wala mo pag-ipatago sa bangko ang akon kwarta? Kuntani sa akon pagbalik mabaton ko ang akon kwarta nga may saka na.’"
"“Pakatapos sinabihan niya an nagatirindog didto, ‘Hala, kuhaa an kwarta sa iya kag ihatag sa tawo na nakaganansyaʼn napulo.’","Kag nagsiling sia sa mga nagatilindog didto, ‘Kuhaa ninyo sa iya ang kwarta kag ihatag sa suloguon nga may 10,000 ka pisos.’"
"“Nagreklamo sinda sa iya, ‘Anay, Sir, igwa na siyaʼn napulo na ganansya!’","Pero nagsiling sila sa iya, ‘Sir, may 10,000 ka pisos na sia!"
"“‘Amo man gayod kag manungod san pagkamatinumanon ginasiguro ko sa iyo na an igwa pagadagdagan pa pero sa tawo na wara, bisan nano na ada sa iya pagakuhaon pa.","Nagsabat sia, ‘Nagasiling ako sa inyo nga ang tagsatagsa nga may yara na, hatagan pa, pero ang tawo nga wala iya, bisan ang diutay nga iya kuhaon pa."
"Niyan idto naman na mga kaaway ko na habo magin hadi ako ninda daraha sinda pakadi kag pataya sa atubangan ko.’,”","Karon, nahanungod sadtong akon mga kaaway nga indi luyag nga ako manginhari nila, dalha sila diri sa akon atubang kag pamatya sila.’”"
"Pakatapos ni Jesus pagsurmaton sani, nauuna siya pagsagka pakadto sa Jerusalem.","Sa tapos makahambal sini si Jesus, nag-una sia sa ila sa pagtaklad pakadto sa Jerusalem."
"Niyan san nagadangadang na siya sa Betfage kag Betania na adto na sa Bukid San Kaolibohan nagsugo siya sin duha san iya mga disipulos kag sinabihan,","Sang naghinampot sia sa Betfage kag Betania, sa Bukid sang mga Olivo, ginpauna niya ang duha sang mga gintuton-an"
“Kadto kamo sa kaatubang na baryo kay pagsulod niyo makakita kamoʼn nakahigot na tinday na asno na wara pa gayod masakyi. Hubadi anay niyo tapos guyuda pakadi.,"kag ginsingganan, “Kadto kamo sa barangay nga yara sa unhan. Sa inyo pagsulod didto makita ninyo ang isa ka polyino nga nahigot kag wala pa gid masakyi ni bisan sin-o. Hubari ninyo ini kag dalha diri."
"Kun may maghunga sa iyo kun nano an ginahimo niyo sabihan niyo na, ‘Ginakinahanglan ini san Ginoo.’,”","Kon may mamangkot sa inyo, ‘Ngaa ginahubaran ninyo ini?’ singgani sia, ‘Ang Ginoo may kinahanglan sini.’”"
Kaya naglakat an mga ginsugo kag nakita ninda an ginsabi sa inda.,Naglakat sila kag ila nakita ang tanan suno sa ginhambal ni Jesus sa ila.
"Myintras ginahubadan ninda an tinday, naghunga an mga tag-iya, “Nano kay ginahubadan niyo an tinday?”","Sang ginahubaran nila ang polyino, ang mga tag-iya sini nagsiling sa ila, “Ngaa ginahubaran ninyo ini?”"
"Nagsabat sinda, “Ginakinahanglan ini san Ginoo.”","Nagsabat sila, “Ang Ginoo may kinahanglan sini.”"
"Pakatapos gin-guyod ninda pakadto kan Jesus an tinday, ginkamadiruhan san inda mga alikboy kag pinasakay siya.","Dayon gindala nila ang polyino kay Jesus, ginhampiluan sang ila mga kunop kag ginpasakay si Jesus."
Pakatapos ginlatag man san iba an inda mga alikboy sa kamino na ginaagihan ni Jesus sa paggalang sa iya.,Sang nagasakay sia naghumlad ang mga tawo sang ila mga kunop sa dalan nga iya pagaagyan.
San nagahalapit na siya sa palugsadan san Bukid San Kaolibohan nalipay an tanan na mga disipulos kag nagtuna pagsiyak san pag-umaw sa Dios dahilan sa tanan na mga milagro na inda nakita.,"Sang nagahilapit sia sa Jerusalem, sa kunsaran sang Bukid sang mga Olivo, daku nga grupo sang iya mga gintuton-an ang nagpasalamat sa Dios kag nagdayaw sa iya sa mabaskog nga tingog tungod sang tanan nga gamhanan nga mga buhat nga ila nakita."
"Nagsiriyak sinda,","Nagsiling sila, “Dayawon ang Hari nga nagaabot sa ngalan sang Ginoo! Paghidait sa langit, kag pagdayaw sa Dios!”"
“Ginpalabi lugod san Dios an hadi na nagapakadi sa ngaran san Ginoo!,"Karon ang iban nga mga Fariseo nga yara upod sa mga tawo nagsiling kay Jesus, “Manunodlo, pahipusa ang imo mga gintuton-an!”"
Magkaigwa lugod sin kalinaw kag glorya sa kahitaasan san langit!”,"Si Jesus nagsabat, “Nagasiling ako sa inyo, kon maghipos sila, ang mga bato mismo magasinggit!”"
"Niyan may mga Pariseo na nagreklamo kan Jesus, “Maestro, sawaya an imo mga disipulos.”","Sang malapit na gid si Jesus sa Jerusalem kag sang nakita niya ini, naghibi sia tungod sini nga siudad."
"Pero nagsabat siya, “Ginasiguro ko sa iyo na kun magpuruyo ini sinda, an magasiriyak lugod an mga bato.”","Nagsiling sia, “Kon nahibaluan mo lang kuntani sa sini nga adlaw kon ano ang kinahanglan agod may paghidait ka! Ugaling sa subong indi ka sini makakita."
"San nagadangadang na siya kag nasud-ungan an syudad, nakatangis si Jesus na nagasabi,","Magaabot ang mga adlaw nga ang imo mga kaaway magalibot sa imo sing mga barikada, magakibon sa imo, kag magasalakay sa imo sa atubangan, sa kilid kag sa likod."
“Kun naarman mo lang na yana an kinahanglan para sa pakigsiruan kaya lang nakatago na ina sa imo pangita.,"Laglagon ka nila sing bug-os lakip ang mga tawo sa sulod sang imo mga pader. Wala na gid sing bato nga ila ibilin nga nagasampaw sa isa, tungod kay wala mo pagkilalaha ang tion sang pag-abot sang Dios sa pagluwas sa imo!”"
"Oo, maabot an oras na pagatambakan sin mga duta san imo mga kaaway an luwas san imo mga pader agod makaagi sinda pasulod kag pagapalibutan ka sa kada kilid mo.",Dayon si Jesus nagsulod sa Templo kag iya ginpangtabog ang mga manugbaligya
Pagasiraon ka kag san tanan na mga tawo na nasa sulod san imo pader. Wara sindaʼn ibibilin bisan usad na bato na nakatungtong tungod na wara mo pagkilalaha an pag-abot sa imo san Ginoo!”,"kag nagsiling sia sa ila, “Nasulat sa mga Kasulatan, ‘Ang akon Templo manginbalay nga palangamuyoan.’ Pero ginhimo ninyo ini nga palanaguan sang mga makawat!”"
Pakatapos nagsulod si Jesus sa templo nagtuna siya pagpaluwas san mga parabaligya.,"Adlaw-adlaw si Jesus nagpanudlo sa Templo. Ang pangulo nga mga pari, ang mga manunodlo sang Kasugoan, kag ang mga pangulo sang banwa nagtinguha sa pagpatay sa iya,"
"Nagsurmaton siya, “Nasurat sa Banal Na Kasuratan an ginsabi san Dios, ‘An akon balay amo an balay na pangadyian’ pero ginhimo lugod niyo ini bilang ‘istaran san mga makawat.’,”","pero wala sila makakita sang paagi sa paghimo sini, tungod kay ang tanan nga mga tawo nawili gid sa pagpamati sa iya."
"Usad sin adlaw myintras nagatukdo si Jesus sa mga tawo sa templo kag nagapahayag san Maayo Na Barita, nagtiripon sa iya an mga namumuno san kapadian, mga paratukdo san Kasuguan kag mga namumuno san mga Judio.","Isa ka adlaw, si Jesus didto sa Templo nga nagapanudlo kag nagawali sa mga tawo sang Maayong Balita. Nagpalapit sa iya ang pangulo nga mga pari, ang mga manunodlo sang Kasugoan kag ang mga katigulangan sang mga Judio"
"Tapos nagsurmaton sinda sa iya, “Abir, sumati daw kami kun kanin-o pagbuot an paghimo mo sani. Sin-o an naghatag sa imo sani na otoridad?”","kag nagsiling sa iya, “Sugiri kami kon ano ang imo awtoridad sa paghimo sining mga butang? Sin-o ang naghatag sa imo sini nga awtoridad?”"
"Ginsabat sinda ni Jesus, “Pagahungaon ko anay kamo.","Si Jesus nagsabat sa ila, “Karon ako man magapamangkot sa inyo. Sugiri ninyo ako,"
Sumati man daw niyo ako kun kanin-o pagbuot naghalin an otoridad ni Juan para magpambunyag. Hali sa Dios sa langit ina o sa tawo?”,ang pagbautiso ni Juan halin bala sa Dios ukon sa tawo?”
"Didi sinda nagpahurunga-hunga kun nano an ikasabat. “Kun sabihon naton, ‘Hali sa langit,’ mahunga naman siya, ‘Kun amo nano kay wara niyo siya pagtuudi?’","Silahanon man lang ang nagbinais nga nagasiling, “Ano ang isiling ta? Kon magsiling kita, ‘Halin sa Dios,’ magasiling sia, ‘Ti, ngaa wala kamo magtuo kay Juan?’"
"Pero kun sabaton naman naton, ‘Hali sa tawo,’ babatuhon kita san mga tawo kay nagatuod gayod sinda na propeta si Juan.”","Pero kon magsiling kita, ‘Halin sa tawo,’ batuhon kita sini nga mga tawo, tungod kay nagapati gid sila nga si Juan isa ka propeta.”"
Kaya an sabat ninda na dili ninda aram kun diin ini hali.,"Gani nagsabat sila, “Wala kami makahibalo kon diin ini naghalin.”"
"Didi ginsabat sinda ni Jesus, “Kun sugad dili ko man sasabihon sa iyo kun kanin-o otoridad ginahimo ko ini.”","Si Jesus nagsiling sa ila, “Ti, indi man ako magsugid sa inyo kon sa ano nga awtoridad ginahimo ko ini nga mga butang.”"
"Niyan, nagpadayon si Jesus sin pag-istorya sa mga tawo, “May tawo na nagtanom sin damo na ubas. Ini ginpapletihan niya sa mga parabantay tapos nagkadto sa harayo na lugar kag nadugay didto.",Dayon si Jesus nagsugid sa mga tawo sini nga palaanggiran: “May isa ka tawo nga nagtanom sing ubas sa iya uma kag ginpaagsahan niya ini sa mga agsador. Dayon nagpanglakaton sia sa iban nga lugar sing madugay nga tion.
San pag-abot san panahon san tigpuduan may ginsugo siya pakadto sa mga parabantay para magkuha san iya bahin na produkto. Pero ginburuligan san mga parabantay an iya ginsugo kag pinauli na waraʼn dara.,"Sang tion na nga inugpamupo sang mga ubas, ginpadala niya ang isa ka suloguon sa mga agsador sa pagkuha sang iya parti sang patubas. Pero ang mga agsador nagbunal sang suloguon kag ginpabalik nila sia nga wala sing dala."
"Pero may ginsugo gihapon siyaʼn ikaduha. Ginburuligan man ini gihapon san mga parabantay kag gintuya-tuya, pakatapos pinauli man na waraʼn dara.","Gani nagpadala na man sia sing isa pa ka suloguon, pero ginbunal man sia sang mga agsador, ginpakahuy-an kag ginpabalik nga wala man sing dala."
Nagpadayon pa an tag-iya pagsugo san ikatulo. Niyan ini sinamadan san mga parabantay kag initsa paluwas.,Dayon nagpadala pa gid sia sang ikatlo nga suloguon. Ginkastigo man nila sia kag ginhaboy sa gwa.
"“Kaya nakasabi an tag-iya san ubasan, ‘Nano daw an maayo ko na himuon? Maayo pa suguon ko sa inda an palangga ko na anak. Siguro gagalangan ninda siya!’","Karon ang tag-iya sang talamnan sang ubas nagsiling, ‘Ano ang himuon ko? Ipadala ko ang akon pinalangga nga anak. Ayhan tahuron nila sia!’"
"“Pero pakakita san mga parabantay sa anak san tag-iya, nagkaurusad sinda pagsabi, ‘Amo ini an iredero. Patyon ta siya agod an iya irensyahon sa aton na.’","Pero sang pagkakita sang mga agsador sang anak nagsinilingay sila, ‘Amo ini ang manunubli. Dali patyon ta sia kag ang panublion mangin-aton!’"
Kaya gindara anay ninda siya sa luwas san ubasan kag pinatay.,Gani ginhaboy nila sia sa gwa sang ulobasan kag ginpatay.”
"“Niyan, nano daw an hihimuon sa inda san tag-iya san ubasan?","Si Jesus nagpamangkot, “Karon ano bala ang himuon sang tag-iya sang ulobasan sa iya mga agsador?"
"Syimpre, kakadtuon niya kag papatyon idtoʼn mga parabantay, pakatapos pagapapletihan niya an ubasan sa iba.”",Kadtuan niya kag pamatyon yadtong mga agsador kag ipaagsa ang ulobasan sa iban nga mga agsador.”
"Pakabati sani nagsabi an mga nagbarati, “Buyag!”","Sang pagkabati sini sang mga tawo nagsiling sila, “Ipahilayo ini sang Dios.”"
"Pero tinurok sinda ni Jesus kag hinunga, “Nano man gali an gusto sabihon sani na parte san Banal Na Kasuratan,","Si Jesus nagtulok sa ila kag nagpamangkot, “Ano bala ang kahulogan sining kasulatan?"
‘An bato na ginhabuan sanmga parabalay amo lugod an nagin pinakaimportante na bato sa balay’?,‘Ang bato nga ginsikway sang mga manunokod
Magakabaralian an mahulog sani na bato pero kun may mahulugan sani madudunot gayod.”,nanginpamakod nga bato.’
"Sadto mismo gusto na kuntani dakupon si Jesus san mga paratukdo san Kasuguan kag san mga namumuno san kapadian kay namalisyahan ninda na sinda an ginapatamaan sadto na istorya, ugaling kay nagkaharadlok sinda sa mga tawo.",Ang tagsatagsa nga mahulog sa sadto nga bato magkalabali kag ang bisan sin-o nga mahulogan sadto nga bato madugmok.
Kaya ginpaburubantayan ninda siya kag nagsugo sin mga tawo na nagasagin-sagin na mga matanos para dakupon si Jesus sa iya mga ginapanurmaton agod iatubang siya ninda sa gobernador na may otoridad kag poder.,"Ang mga manunodlo sang Kasugoan kag ang pangulo nga mga pari nagtinguha sa pagdakop kay Jesus sa sadto gid nga tion, tungod kay nahibaluan nila nga ginsugid niya ining palaanggiran batok sa ila, pero nahadlok sila sa mga tawo."
"Naghunga sinda sa iya, “Maestro, aram namon na tama an imo ginapanurmaton kag ginapanukdo. Wara ka sin ginapalabi kundi nagatukdo san kamatuudan manungod san pagbuot san Dios sa tawo.","Gani ginhulat nila ang nagakaigo nga tion. May ginbayaran sila nga mga tawo sa pagpakunokuno nga sinsero sila, kag sa pagdakupdakop kay Jesus paagi sa mga pamangkot, agod nga matugyan nila sia sa gahom kag awtoridad sang Romanhon nga Gobernador."
"Niyan, sabihi daw kami kun tama na susog sa Kasuguan na magbayad kitaʼn buwis kan Cesar.”","Ining mga espiya nagsiling kay Jesus, “Manunodlo, nahibaluan namon nga husto ang imo ginahambal kag ginatudlo. Nahibaluan namon nga wala ka sing may ginapasulabi, kundi nagatudlo ka sang kamatuoran nahanungod sang kabubot-on sang Dios para sa tawo."
"Pero aram ni Jesus an inda maraot na katuyuan kaya sinabihan sinda,","Sugiri kami, batok bala sa aton Kasugoan nga magbayad kami sing buhis sa Emperador ukon indi?”"
"“Pakitaa daw ako niyoʼn sinsilyo.” Ginpakita ninda an sinsilyo. Pakatapos naghunga siya, “Kanin-o pamayhon kag ngaran an adi didi?”","Ugaling nasat-uman ni Jesus ang ila kalag-it, gani nagsiling sia sa ila,"
"“Kan Cesar,” an sabat ninda.",“Abi ipakita ninyo sa akon ang isa ka sensilyo. Kay sin-o bala dagway kag ngalan ang yari diri?”
"Kaya, ginsabihan niya sinda, “Maayo, kun sugad ihatag kan Cesar an para kan Cesar kag sa Dios an para sa Dios.”","Nagsabat sila, “Iya sang Emperador.”"
Niyan wara gayod ninda madakop si Jesus sa iya panurmaton sa atubangan san kadamuan kundi nagngalas pa lugod sinda san iya sabat kag nagpuruyo na lang.,"Gani si Jesus nagsiling, “Kon amo ina, ihatag ninyo sa Emperador ang mga butang nga iya sang Emperador, kag sa Dios ang mga butang nga iya sang Dios.”"
"Niyan may nagkaradto man kan Jesus na pira na mga Saduceo. Ini sinda mga Judio na dili nagatuod san pagkabuhay gihapon, kaya naghunga sinda sa iya,","Wala gid nila sia madakpi sa iya mga ginpanghambal sa atubang sang mga tawo, gani naghipos sila nga natingala sa iya nga sabat."
"“Maestro, naaraman naton sa Kasuguan na ginsurat ni Moises na kun may mamatay na lalaki kag mabilin an iya asawa na waraʼn anak, dapat asawahon san kamanghod san lalaki an biyuda agod makaanak sinda para sa magurang na napatay.","May mga Saduceo nga nagpalapit kay Jesus, sila amo ang nagasiling nga wala sing pagkabanhaw. Ginpamangkot nila sia,"
Niyan igwaʼn pito na magmaranghod na lalaki. An subang nag-asawa pero napatay na waraʼn anak.,"“Manunodlo, si Moises nagsulat sining kasugoan para sa aton: ‘Kon ang isa ka tawo mapatay nga wala sila sing bata ang iya asawa, ang utod nga lalaki sang napatay dapat magapangasawa sang nabalo agod nga sila makapamata para sa iya utod nga napatay’."
An ikaduha na kamanghod gin-asawa man an biyuda pero napatay man na waraʼn anak.,"Sadto anay may pito ka mga mag-ulotod nga lalaki. Ang magulang nagpangasawa, kag napatay nga wala sing anak."
Pakatapos an ikatulo naman gin-asawa an biyuda pero napatay man na waraʼn anak. Amo man an nangyari hasta sa ikapito na kamanghod.,"Dayon ang ikaduha nagpangasawa sang nabalo,"
Sa katapusan napatay man an babayi.,kag amo man ang ikatlo. Amo man ang natabo sa ila tanan nga pito. Napatay sila nga wala sing ginbilin nga anak.
"Niyan, sa pagkabuhay gihapon sin-o sa pito an pagakilalahon san babayi na tunay na asawa kay nagin mga asawa siya san pito na magmaranghod?”",Sang ulihi ang babayi napatay man.
"Ginsabat sinda ni Jesus, “Didi sa kinab-an an mga babayi kag lalaki nagaarasawa.","Sila nga pito nakapangasawa sa iya. Karon, sa adlaw sang pagkabanhaw sang mga minatay, kay sin-o bala sia asawa?”"
"An mga angay mabuhay gihapon hali sa kamatayon kag mabuhay sana na maabot na panahon dili na magaarasawahan an mga tawo,","Si Jesus nagsabat sa ila, “Ang mga lalaki kag mga babayi sa sining panag-on nagaasawahay,"
kay dili na sinda mamamatay dahilan na pareho na sinda san mga anghel. Sinda man mga anak na san Dios tungod na ginbuhay gihapon sinda.,pero ang mga lalaki kag mga babayi nga takos nga pagabanhawon kag magakabuhi sa palaabuton nga panahon wala na nagaasawahay.
Bisan si Moises mismo nagapamatuod na ginabuhay gihapon an mga patay. Dahilan sa nangyari sa iya manungod sa nagalaad na tanom kun diin an Ginoo gintawag niya na ‘an Dios ni Abraham kag an Dios man ni Isaac kag ni Jacob.’,"Kay kasubong sila sang mga anghel kag indi na sila mapatay. Mga anak sila sang Dios, tungod kay ginbanhaw sila gikan sa kamatayon."
An gusto sabihon sani na an Ginoo amo an Dios san mga buhay dili san mga patay kay para sa iya buhay an tanan.”,"Si Moises nagapamatuod sing maathag nga ang mga patay pagabanhawon. Sa bahin sang kasulatan nahanungod sang nagadabdab nga kahuykahoy, nagahambal sia nahanungod sa Ginoo subong ‘Dios ni Abraham, Dios ni Isaac, kag Dios ni Jacob.’"
"Tapos may nagsurmaton na mga paratukdo san Kasuguan, “Maestro, maayo an imo pakapahayag.”","Sia amo ang Dios sang mga buhi kag indi sang mga patay, kay ang tanan nagakabuhi sa iya.”"
Kaya wara naʼn nagkusug-kusugan sin buot na maghunga pa sa iya.,"May mga manunodlo sang Kasugoan nga nagsabat, “Manunodlo, maayo ang imo sabat!”"
"Nagpadayon si Jesus pagsurmaton sa inda, “Nano kay nakasabi an mga tawo na an Cristo kalahi ni David?",Kag wala na sila magpangahas sa pagpamangkot pa sa iya.
"Kay si David mismo nagsabi sa Libro san mga Salmo,","Si Jesus nagpamangkot sa ila, “Paano bala ang pagsiling sang mga tawo nga ang Cristo kaliwat ni David?"
‘An Ginoo nagsabi sa akon Ginoo:,"Kay si David mismo nagasiling sa libro sang mga Salmo,"
Mag-ingkod ka sa may tuo ko hasta na himuon ko,‘Ang Ginoo nagasiling sa akon Ginoo:
na tungtungan san imo mga tiil an mga kaaway mo.’,"Pungko ka diri sa akon tuo,"
"Didi gintawag ni David an Cristo na Ginoo, kaya pan-o an Cristo magin kalahi ni David?”",tubtob mabutang ko ang imo mga kaaway subong tulongtungan sang imo mga tiil.’
"Pagpamarati san tanan na mga tawo sinabihan ni Jesus an iya mga disipulos,",Si David nagtawag sa iya nga ‘Ginoo.’ Karon paano ang pagkahimo nga kaliwat ni David ang Cristo?”
"San nagapangmasid-masid ni Jesus, namasdan niya an mga mayaman na nagahulog san inda mga halad sa ginahulugan san kwarta para sa gastos sa templo.",Si Jesus nagpanan-awtan-aw kag nakita niya ang manggaranon nga mga tawo nga nagahulog sang ila mga dulot sa kolektahan sang Templo.
May nakita man siyaʼn pobre na biyuda na naghulog sin duha na sentimos.,Nakita man niya didto ang isa ka imol nga babayi nga balo nga nagahulog sang duha ka sentimos.
"Pakatapos nagsabi siya, “Matuod gayod na mas dako pa an ginhulog sani na pobre na biyuda ki sa inda tanan,","Si Jesus nagsiling, “Nagasiling ako sa inyo nga ining imol nga babayi nga balo nagahatag sing labaw pa sang sa ila tanan ginhulog."
kay naghatag sinda hali sa inda kabuganaan pero siya naman sa iya kapobrehan ginhatag gayod an tanan hasta na ngani an isurugpon sa ginhawa.”,"Kay ang iban naghatag sang ila mga dulot gikan sa sobra sang ila mga manggad, pero ini nga balo sa iya kaimulon naghulog sang tanan niya nga palangabuhian.”"
"Myintras, ginaistoryahan san iba an manungod sa templo kun pan-o ini ginpatahom san mga mahalon na bato kag mga regalo na ginhalad san mga tawo sa Dios. Didi nagpadayon si Jesus pagsurmaton,","May mga tawo nga naghambal nahanungod sang Templo kon paano napunihan ini sang matahom nga mga bato kag sang mga dulot nga nahalad sa Dios. Si Jesus nagsiling,"
“Maabot an panahon na wara gayod ni usad na bato na mabibilin sani tanan na iyo makikita didi yana kay an tanan maruruba.”,"“Nahanungod sining mga butang nga nakita ninyo, magaabot ang tion nga wala sing mabilin diri nga isa ka bato nga nasampaw sa isa. Ang tanan pagagub-on.”"
"Kaya ginhunga siya san mga disipulos, “Maestro, san-o man ini mangyayari kag nano an tanda na igapakita na ini na tanan halapit na matuman?”","Nagpamangkot sila, “Manunodlo, san-o bala mahanabo ini? Kag ano bala ang tanda nga madali na lang ini mahanabo?”"
"Nagsabat siya, “Maghimat gayod kamo na dili maluko kay damo an magaabot na magasambit man san ngaran ko kag magasabi, ‘Ako an Cristo,’ kag, ‘Halapit na an katapusan san kinab-an.’ Pero ayaw gayod pag-apas sa inda.","Si Jesus nagsiling, “Magbantay kamo agod indi kamo pagpatalangon. Kay madamo nga mga tawo ang magaabot sa akon ngalan nga magasiling, ‘Ako amo sia!’ kag, ‘Ang tion nag-abot na!’ Pero indi kamo magsunod sa ila."
"Kun makabarita naman kamoʼn manungod sa gyera kag mga pagkasamok, ayaw kahadlok kay dapat ini mangyari anay pero dili pa ina dayon an katapusan.”","Indi kamo magkahadlok kon makabati kamo nga may mga inaway kag mga kinagubot. Ini nga mga butang matabo anay, pero ini wala nagakahulogan nga ang katapusan malapit na.”"
"Pakatapos sinabihan pa niya sinda, “Magagyerera an mga nasyon, kag an mga kahadian magapauruataki.","Kag nagsiling pa gid sia sa ila, “Ang isa ka pungsod magapakig-away sa isa ka pungsod, ang isa ka ginharian magasalakay sang isa ka ginharian."
"Magakaigwa sin mga makusog na linog, mga panakit kag gutom sa mga manlain-lain na lugar. Magakaigwaʼn makaharadlok na kiritaon kag makangangalas na mga tanda hali sa langit.","May magaabot nga mabaskog nga mga linog, mga gutom, kag mga peste sa nagakalainlain nga mga lugar. May makakulogmat nga mga butang kag dalagku nga mga tanda halin sa langit."
“Pero antes sani tanan pagadakupon kamo kag pagapasakitan. Pagabistahon kamo sa mga sinagoga kag pagaprisuhon tapos igaatubang sa mga hadi kag mga gobernador dahilan sa pagsunod niyo sa akon.,"Pero sa wala pa ini tanan nga mga butang mahanabo, dakpon nila kamo kag hingabuton. Igatugyan kamo sa mga sinagoga agod hukman kag pagabilangguon. Pagadalhon kamo sa atubang sang mga hari kag mga gobernador tungod sa akon ngalan."
Amo ini gayod kay agod makatestigo kamo sa inda manungod san Maayo Na Barita.,Ini manginkahigayunan ninyo sa pagpanugid sang Maayong Balita.
Kaya ipahimutang an kaisipan niyo. Ayaw kalisang sa pagdepensa san iyo sadiri,"Gani magpamat-od kamo sa wala pa mag-abot ang tion nga indi kamo magpalibog kon paano ang inyo pagsabat,"
kay ako mismo an magapasurmaton sa iyo kag magahatag sin kadunungan na waraʼn sin-o man na kaaway an makadaog o makahimuwa sa iyo.,tungod kay ako magahatag sa inyo sang mga pulong kag kaalam agod nga wala sang inyo mga kaaway ang sarang makalalis ukon makapamatok sang inyo ginasiling.
"Pagatraydoran kamo bisan san mga ginikanan, mga kamanghod, mga kaurupod kag mga kakilala kag pagapatayon an iba sa iyo.","Bisan ang inyo mga ginikanan, mga kautoran, mga pariente kag mga abyan magatugyan sa inyo kag ang iban sa inyo ipapatay nila."
"Pagakabadlian kamo san tanan na katawuhan dahilan sa akon,",Ang tanan magadumot sa inyo bangod sa akon.
pero wara ni usad san iyo buhok sa ulo an mawawara.,Pero wala sing bisan isa ka bilog nga buhok sa inyo ulo nga madula.
Kun magmatiniuson kamo amo ini an makahatag sa iyo sin buhay na waraʼn katapusan.,"Magpakalig-on kamo, kag maluwas ninyo ang inyo kaugalingon.”"
“Kun makita niyo na ginapalibutan na san mga suldados an Jerusalem maaaraman niyo na halapit na ini masira.,"“Kon makita ninyo ang Jerusalem nga ginalibutan sang mga hangaway, ti, mahibal-an ninyo nga sa indi madugay pagalaglagon ini."
"Kaya idtoʼn adto sa Judea dapat magdulag na sa mga kabukidan. Idtoʼn nasa syudad maghali na kag idtoʼn adto sa mga kaumahan dili magsulod sa syudad,","Dayon ang mga yara sa Judea dapat magpalagyo sa mga kabukiran kag ang mga yara sa sulod sang siudad maggwa, kag ang mga yara sa kaumhan indi magsulod sa siudad."
kay amo na ini an panahon sa pagbalos san Dios para matuman an tanan na nasurat sa Banal Na Kasuratan.,"Kay amo ini ang ‘Mga Adlaw sang Pagsilot,’ sa pagtuman sang tanan nga ginasiling sang mga Kasulatan."
Makaluluoy idtoʼn mga budos kag may mga ginapadudo pa na mga kabataan pag-abot sana na panahon! Kay magkakaigwaʼn grabe na pagtios sana na lugar kag uuritan gayod sin grabe san Dios ini na mga tawo.,"Daw ano ka makaluluoy ang mga babayi nga nagabulusong kag ang mga iloy nga may mga lapsag sa sadtong mga adlaw! Ang daku nga kalalat-an magaabot sa sini nga duta, kag ang silot sang Dios magaabot sa sini nga mga tawo."
"May pagapatayon sa sundang, may pagabihagon san tanan na mga nasyon kag an Jerusalem pagasiraon san mga dili-Judio hasta na matapos an pagahadi ninda didto.","Ang iban sa ila pamatyon paagi sa espada, ang iban pagabihagon sa tanan nga mga kapungsoran, kag ang Jerusalem pagatapakon sang mga Hentil tubtob matapos ang ila panag-on."
"“Magakaigwa sin mga tanda sa adlaw, sa bulan kag sa mga bituon. Sa duta magakaigwaʼn grabe na kalisangan. An mga tawo san mga nasyon mangingirhat san dinaguhob san kadagatan kag daragko na mga balod.","“May mga tanda nga makita sa adlaw, sa bulan kag sa mga bituon. Ang tanan nga mga pungsod sa duta magakasakit kag magakatublag bangod sang dinaguhob sang mga balod sa dagat."
Magakadirismayo an mga tawo sa kahadlok sa kaisip san mga makaharadlok na mangyayari sa kinab-an kay pagauy-ugon an mga makagagahom sa kalangitan.,Ang mga tawo magakalalipong sa kahadlok samtang nagahulat sila sang magaabot sa bug-os nga duta. Kay ang mga gahom sa kahawaan pagapatalangon sa ila kinaandan nga alagyan.
Pakatapos makikita san mga tawo na magaabot ako na Anak San Tawo sa mga dampog na may poder kag masilaw gayod na glorya.,"Dayon ang Anak sang Tawo magapakita, nga nagaabot nga yara sa panganod, nga may daku nga gahom kag kadungganan."
Niyan kun magtuna na ini na mga pangyayari tumindog kag humangad kamo kay halapit na an pagsalbar sa iyo.”,"Kon ini nga mga butang mahanabo, magtindog kamo kag magpakaisog tungod kay ang inyo kaluwasan malapit na.”"
"Niyan gin-istoryahan sinda ni Jesus, “Huna-hunaa niyo an kahoy na ginatawag higera kag san iba na mga kahoy.","Dayon si Jesus nagsugid sa ila sining palaanggiran, “Dumdoma ninyo ang kahoy nga higera kag ang tanan nga mga kahoy."
"Kun makita niyo na nagasararingsing na ini, naaaraman na halapit na an kwaresma didi sa aton.","Kon makita ninyo nga nagapanglumbay na sila, inyo nahibaluan nga ang tingadlaw malapit na."
"Sugad man kun makita niyo idtoʼn mga pangyayari, maaaraman na niyo na halapit na maghadi sa kinab-an an Dios.","Subong man, kon makita ninyo nga nagakahanabo ini nga mga butang, mahibaluan ninyo nga malapit na ang paghari sang Dios."
“Ginasiguro ko sa iyo na mangyayari idtoʼn tanan antes na magkamaratay an mga tawo na nabuhay yana.,“Dumdoma ninyo ini! Ini tanan nga mga butang mahanabo sa wala pa mapatay ang tanan nga mga tawo nga nagakabuhi subong.
An langit kag duta mawawara pero magapadayon hasta na lang an akon mga surmaton.”,"Ang langit kag ang duta magataliwan, pero ang akon mga pulong indi magtaliwan."
"“Kaya maghimat kamo! Ayaw pagkasibot sa mga kalipayan, paghurubugan kag pagkahandal sani na buhay kay basi ina na adlaw nag-abot sin bigla pareho san paglabtik san padlong.","“Maghalong kamo sa inyo mga kaugalingon nga indi magamon sa pagpatuyang, pagpahuboghubog kag pagpalibog sang sini nga kabuhi, basi yadtong Adlaw mag-abot sa inyo sing hinali"
Mangyayari man ini sa tanan na mabubuhay sana na adlaw.,kasubong sang siod. Kay magaabot ini sa tanan nga mga tawo sa bug-os nga duta.
Kaya kinahanglan man gayod kamo magbantay kag nagapangadyi agod makalibre sa tanan na mangyayari kag agod makaatubang sa akon na Anak San Tawo.”,"Magbantay kag magpangamuyo kamo pirme agod nga may kusog kamo sa pagpalagyo sa sini nga mga butang nga mahanabo, kag makatindog kamo sa atubang sang Anak sang Tawo.”"
Uruadlaw nagatukdo si Jesus sa templo pero pagkagab-i nagapakadto siya sa Bukid San Kaolibohan kag didto nagapalipas san gab-i.,"Adlaw-adlaw si Jesus nagpanudlo sa Templo, kag kon gab-i nagagwa sia kag didto sia nagatener sa Bukid sang mga Olivo."
Tapos pagkamaaga nagatiripon na an tanan na katawuhan patalibod niya sa templo para magpamati sa iya.,"Aga pa gid, ang tanan nga mga tawo nagakadto sa Templo sa pagpamati sa iya."
Niyan halapit na an kapyistahan san Tinapay Na Waraʼn Lebadura na ginatawag Paskwa.,Karon nagahilapit na ang Piesta sang Tinapay nga Wala sing Lebadora nga ginatawag Pascua.
An mga namumuno san kapadian kag mga paratukdo san Kasuguan nagahanap sin paagi para ipapatay si Jesus pero dili ninda mahimoʼn hayag kay nahahadlok sinda sa mga tawo.,"Ang pangulo nga mga pari kag ang mga manunodlo sang Kasugoan nagpadihot kon ano ang pagpatay kay Jesus sa tago, kay nahadlok sila sa mga tawo."
"Didi sinudlan ni Satanas si Judas na an apilyido Iscariote, usad san dose.","Dayon si Judas nga ginatawag Iscariote nga isa sang dose ka mga apostoles, ginsudlan ni Satanas."
Nagkadto siya sa mga namumuno san kapadian kag sa mga opisyales san mga gwardya para iristoryahan an plano sa pagtraydor niya kan Jesus.,"Gani, si Judas naglakat kag naghinun-anon sa pangulo nga mga pari kag sa mga opisyales sang gwardya sa Templo kon sa ano nga paagi matugyan niya si Jesus sa ila."
Nalipay gayod sinda kag nagtuga na hatagan si Judas sin kwarta.,Nalipay sila kag nagtanyag sa pagbayad sa iya sing kwarta.
Nag-uyon siya kaya tuna sadto nagahanap siya sin maayo na oportunidad agod patraydor na iintriga si Jesus sa inda na dili mamalisyahan san mga tawo.,Nagsugot si Judas kag nagpangita sia sing kahigayunan nga matugyan niya si Jesus sa ila nga indi makahibalo ang mga tawo.
Nag-abot an adlaw san kapyistahan san Tinapay Na Waraʼn Lebadura kun san-o an dapat na pagpatay san iharalad na kordero na kakaunon para sa Paskwa.,"Nag-abot ang adlaw sang Piesta sang Tinapay nga Wala sing Lebadora, nga ang mga kordero para sa panihapon sang Pascua dapat na nga ihawon."
"Sana na adlaw ginsugo ni Jesus sinda Pedro kag Juan na nagasabi, “Kadto kamo kag ihanda an pagkaon para sa Paskwa agod kaunon naton.”",Gani ginpadala ni Jesus si Pedro kag si Juan kag ginsingganan: “Lakat kamo kag ihanda ninyo ang panihapon sang Pascua nga aton pagakan-on.”
“Diin mo gusto ihanda ini?” an hunga ninda.,"Nagpamangkot sila sa iya, “Sa diin bala ang luyag mo nga maghanda kami sini?”"
"Nagsabat siya, “Pamati, pagsulod niyo sa syudad, may makakasugat kamoʼn lalaki na may daraʼn tibod na tubig. Sundon niyo siya hasta sa sulod san balay na iya pagasudlan kag","Nagsabat sia sa iya, “Pamatii ninyo ini! Sa inyo pagsulod sa banwa, may isa ka tawo nga magasugata sa inyo nga nagadala sing isa ka tibod nga tubig. Sunda ninyo sia tubtob sa balay nga sudlan niya,"
"didto sabihon sa tag-iya sani, ‘Nagapahunga sa imo an Maestro, Hain an kwarto para sa mga bisita kun diin makaon ako san handa san Paskwa kaupod san akon mga disipulos.’","kag magsiling kamo sa tagbalay: ‘Ang Manunodlo nagasiling sa imo, Diin bala ang kwarto nga pagakaunan ko sang panihapon sang Pascua upod sa akon mga gintuton-an?’"
May itutukdo siya sa iyo sin dako na kwarto sa ibabaw na kompleto na sin garamiton kag preparado na. Didto kamo maghanda para sa aton.”,Ipakita niya sa inyo ang isa ka daku kag nasangkapan nga kwarto sa ibabaw. Didto ninyo ihanda ang tanan.”
Nagkadto an duha na disipulos kag nakita ninda an tanan na ginsabi sa inda. Kaya ginpreparar ninda an pagkaon sa Paskwa.,"Naglakat sila kag ila nakita ang tanan suno sa ginsiling ni Jesus sa ila, kag ginhanda nila ang panihapon sang Pascua."
Pag-abot san oras nag-ingkod na si Jesus para magkaon kaupod an iya mga apostoles.,"Sang pag-abot sang takna, nagpungko si Jesus sa pagkaon upod sa iya mga apostoles."
"Sinabihan niya sinda, “Kaila ko na gayod na makadungan kamo pagkaon sani na kaunon sa Paskwa antes san akon pagtios,","Nagsiling sia sa ila, “Daku gid ang akon handom sa pagkaon sini nga panihapon sang Pascua upod sa inyo sa wala pa ako mag-antos!"
kay dili ko na ngani ini maootro hasta na an gusto sabihon sani matuman sa kahadian san Dios.”,"Kay nagasiling ako sa inyo, indi na ako magkaon sini tubtob nga matuman ini sa Ginharian sang Dios.”"
"Pakatapos may ginkuha siya na kupa kag, pakapasalamat sa Dios, nagsabi, “Batuna niyo ini kag mag-irinom kamo didi.","Dayon si Jesus nagkuha sang kupa, nagpasalamat sia sa Dios kag nagsiling, “Kuhaa ninyo ini kag bahinbahinon sa inyo kaugalingon."
Ginasiguro ko sa iyo na tuna niyan dili na ako mainom san duga san mga ubas hasta na mag-abot na an pagahadi san Dios.”,"Kay nagasiling ako sa inyo, nga sugod karon indi na ako mag-inom sini nga bino tubtob mag-abot ang Ginharian sang Dios.”"
"Pakatapos nagkuha siyaʼn tinapay kag pakapasalamat gin-utud-utod kag pinanghatag sa inda na nagasabi, “Ini an akon lawas na ginahatag ko para sa iyo. Kaunon niyo ini bilang pagdumdom sa akon.”","Dayon ginkuha niya ang tinapay, nagpasalamat sia sa Dios, iya ginpamihakpihak ini, kag ginhatag sa ila nga nagasiling, “Ini amo ang akon lawas nga ginahatag para sa inyo. Himua ninyo ini sa handumanan nakon.”"
"Sugad man ginkuha niya an kupa pakatapos san panigab-i kag nagsabi, “Didi sani na kupa amo an pagpamatuod san bag-o na sinumpaan san Dios na ipapatuman paagi sa akon dugo na ipapaawas para sa iyo.","Sa amo man nga bagay sa tapos ang panihapon ginhatag niya sa ila ang kupa. Nagsiling sia, “Ini nga kupa amo ang bag-o nga kasugtanan sang Dios nga ginaselyohan sang akon dugo nga ginaula para sa inyo."
Pero kitaa kay adi kaupod ko pagkaon an matraydor sa akon.,"“Pero, tan-awa ninyo! Ang magatugyan sa akon yari kaupod nakon sa lamisa!"
Mangyayari sa akon na Anak San Tawo an susog sa ginbuot san Dios pero kamakangingirhat man san kastigo san matraydor sa akon!”,"Kay ang Anak sang Tawo mapatay suno sa gintalana sang Dios, pero daw ano ka makaluluoy yadtong tawo nga magatugyan sa iya!”"
Kaya nagtuna sinda pagpahurunga-hunga kun sin-o man gayod sa inda an makahimo sani.,Dayon nagpinamangkutanay sila kon sin-o ayhan sa ila ang magahimo sini.
Nagsuruay man sinda kun sin-o sa inda an pagakilalahon na pinakalabaw.,Ang mga gintuton-an nagbinais kon sin-o sa ila ang ginakilala nga labing daku.
"Didi sinabihan sinda ni Jesus, “Sa mga dili-Judio an mga hadi amo an may pagsakop sa inda kag idtoʼn may otoridad sa inda amo an ginatawag na mga parapangataman.","Si Jesus nagsiling sa ila, “Ang mga hari sang mga Hentil nagagahom sa ila mga ginsakpan kag ang mga manugdumala sa ila ginatawag nga ‘Mga Abyan sang mga Tawo.’"
"Pero iba kamo kay an pinakalabaw sa iyo dapat mag-ugali bilang pinakamanghod sa tanan kag an namumuno mag-ugali bilang suruguon,","Pero indi amo ini ang nagakabagay sa inyo; kundi ang labing daku sa inyo dapat manginsubong sang kamanghuran, kag ang pangulo dapat manginsubong sang suloguon."
"kay sin-o man gali an mas labaw, an ginasirbihan o an nagasirbe? Syimpre an ginasirbihan gayod. Pero adi ako kaupud-upod niyo bilang usad na nagasirbe!","Sin-o bala ang mas daku, ang nagakaon ukon ang nagasirbe? Ang nagakaon, e. Pero ako kaupod ninyo subong nga manug-alagad."
“Kamo an mga nagapabilin na kaupod ko sa akon mga kalisudan.,"“Gin-unongan ninyo ako sa tanan nga mga pagtilaw sa akon,"
Kaya ginahatag ko sa iyo an gahom san pagsakop pareho san paghatag sa akon san akon Ama,"kag subong nga ang akon Amay naghatag sa akon sang gahom sa pagdumala, ako man magahatag sa inyo sing gahom sa pagdumala."
agod makakaon kamo kag makainom kaupod ko didto sa akon kahadian kag makaingkod sa mga trono agod maghusgar san dose na mga lahi san Israel.”,Magakaon kag magainom kamo sa lamisa sa akon Ginharian kag magapungko kamo sa mga trono sa paghukom sa dose ka mga tribo sang Israel.
"Didi naman nag-istorya si Jesus, “Simon, Simon, paglikay kay nangayo si Satanas na porbaran ka agod magbaya ka sa akon na bagaʼn pagpabulag san upa sa bugas,","“Simon, Simon, pamati ka! Si Satanas ginpahanugotan sa pagtilaw sa inyo tanan, subong sang pag-ayag sang mangungoma sang trigo sa pagpain sang tinggas sa upa."
"pero ginpangadyi ta ikaw, Simon, na dili man lugod mawara an imo pagtuod kag kun maulian ka na sani pakusuga man an imo mga kamanghudan sa pagtuod.”","Pero nagpangamuyo ako para sa imo, Simon, nga ang imo pagtuo indi mapukan. Kag sa pagbalik mo sa akon, dapat mo pabakuron ang imo mga kautoran.”"
"Nagsabat si Simon, “Ginoo, preparado ako magpapriso kag mamatay kaupod mo.”","Si Pedro nagsabat, “Ginoo, handa ako magpabilanggo kag mapatay upod sa imo.”"
"Didi nagsurmaton si Jesus, “Pedro, may ginasabi ako sa imo na dili pa ngani maturaok an manok yana na adlaw pagapaambutan mo akoʼn tulo na beses na kilala mo ako.”","Si Jesus nagsabat, “Nagasiling ako sa imo, Pedro, sa wala pa makapamalo ang manok karon nga gab-i, magasiling ka sing makatlo nga wala ka makakilala sa akon.”"
"Pakatapos ginhunga man sinda ni Jesus, “San suguon ta kamo na waraʼn pitaka, surudlan o sandalyas, nano, nagkulang kamo?”","Dayon nagpamangkot si Jesus sa iya mga gintuton-an, “Sang ginpadala ko kamo anay nga wala sing kahita, bag ukon sandalyas, nakulangan bala kamo sang bisan ano nga butang?”"
"“Wara,” an sabat ninda.","Nagsabat sila, “Wala gid.”"
"Sinabihan niya sinda, “Pero yana kun igwa kamoʼn pitaka darha ina. Kun may surudlan darha man. Kun wara kamoʼn sundang ibaligya an iyo ginasul-ot kag magbakal,","Si Jesus nagsiling sa ila, “Pero karon, ang bisan sin-o nga may kahita ukon bag kinahanglan magdala sini, kag ang bisan sin-o nga wala sing espada dapat magbaligya sang iya kunop kag magbakal sing espada."
"kay matuod gayod na matutuman sa akon an mga surmaton san Banal Na Kasuratan na amo ini, ‘Ginbiyo siya sa mga kriminal.’ Matuod na an nasasabi sa Banal Na Kasuratan manungod sa akon natutuman na.”","Kay nagasiling ako sa inyo nga ang kasulatan nga nagasiling, ‘Ginkabig sia nga isa sang mga kriminal,’ dapat matuman sa akon, tungod kay ang nasulat nahanungod sa akon nagakatuman.”"
"Niyan nagsabi sinda, “Ginoo, igwa didi sin duha na sundang!”","Ang mga gintuton-an nagsiling, “Ginoo, tan-awa, yari may duha ka espada!”"
“Tama na ina!” an sabat niya.,"Nagsabat sia, “Tuman na ina!”"
Nagluwas si Jesus sa syudad kag pareho san iya nakaugalian na nagpakadto sa Bukid San Kaolibohan. Nagsunod man an mga disipulos.,"Subong sang masami nga ginahimo niya, si Jesus nagwa sa siudad kag nagkadto sa Bukid sang mga Olivo, kag ang mga gintuton-an nag-upod sa iya."
"Pag-abot ninda didto nagtugon siya, “Mangadyi kamo agod dili matintaran.”","Sang pag-abot niya didto nagsiling sia sa ila, “Pangamuyo kamo agod indi kamo mahulog sa pagsulay.”"
"Pakatapos nagpauruunhan siya sa dili na siya mababatian kag nagluhod para mangadyi,","Dayon nagpalayo sia sa ila sa antad nga sarang malambot kon habuyan sing bato, kag nagluhod sia kag nagpangamuyo."
"“Ama, kun maayo sa kabubut-on mo halia man tabi sa akon ini na kupa pero dili an akon pagbuot kundi an sa imo lugod an masunod.”","Nagsiling sia, “O amay, kon buot mo, ilikaw ining kupa sa akon. Pero indi ang akon kabubot-on, kundi ang imo kabubot-on ang tumanon.”"
Didi may nagpakita sa iya na anghel hali sa langit na nagpasarig sa iya.,May isa ka anghel gikan sa langit nga nagpakita sa iya kag nagpabakod sa iya.
Dahilan san grabe na kasakit inungod pa gayod niya an iya pagpangadyi kag nagtururo an iya balhas sa duta na bagaʼn tinuro san dugo.,Sa daku nga kalisod nagpangamuyo sia sing hugot pa gid. Ang iya balhas daw kasubong ka dalagku nga mga tinulo sang dugo nga nagatupa sa duta.
Pagtindog niya pakapangadyi binalikan an mga disipulos kag naabtan na tururog dahilan sa kapagalan ninda tungod sa dako na kamunduan.,Sa tapos si Jesus makapangamuyo nagbalik sia sa mga gintuton-an kag nakita niya nga nagakatulog sila tungod kay linapyo sila sa kasubo.
"Tapos naghunga siya, “Nano kay tururog kamo? Bangon kag mangadyi kamo agod dili madaog san tintasyon.”","Nagsiling sia sa ila, “Ngaa nagakatulog kamo? Bangon kamo kag magpangamuyo agod indi kamo mahulog sa pagsulay.”"
Nagasurmaton pa si Jesus san may nag-abot na mga tawo na ginapangunahan ni Judas na usad san dose. Ginhalapitan niya si Jesus agod harukan.,"Sang nagahambal pa si Jesus nag-abot ang mga tawo nga ginaunahan ni Judas, ang isa sang dose ka mga apostoles. Ginpalapitan niya si Jesus kag ginhalukan."
"Pero ginhunga siya ni Jesus, “Judas, pagatraydoran mo ba ako na Anak San Tawo paagi sa harok?”","Pero si Jesus nagsiling, “Judas, ginaluiban mo bala ang Anak sang Tawo paagi sa isa ka halok?”"
"Pakakita san mga kaurupod ni Jesus kun nano an mangyayari naghunga, “Ginoo, nano, gamiton na namon an amon mga sundang?”","Sang makita sang mga gintuton-an nga upod ni Jesus kon ano ang mahanabo nagsiling sila, “Panglabuon bala namon sila, Ginoo?”"
Tapos usad sa inda an tumigbas sa suruguon san pinakapuno san kapadian kag nautas an tuo na talinga.,Kag ginlabo sang isa sa ila ang suloguon sang Pinakamataas nga Pari kag nautas ang iya tuo nga dulonggan.
"Pero nagsurmaton si Jesus, “Ayaw kamo sana!” Pakatapos dinapatan niya an nautudan san talinga kag nagkaigwa gihapon iniʼn talinga.","Pero si Jesus nagsiling, “Husto na ina!” Gintandog niya ang dulonggan sang tawo kag gin-ayo sia."
"Sani naman nagsurmaton si Jesus sa mga namumuno san kapadian, sa mga namumuno san mga gwardya san templo kag sa mga namumuno san mga Judio na nagkadto pagdakop sa iya, “Nano, tulisan an paghuna niyo sa akon kay nagdarara pa kamoʼn mga talibong kag mga balbag?","Dayon si Jesus nagsiling sa pangulo nga mga pari kag sa mga opisyales sang mga gwardya sa Templo kag sa mga katigulangan sang mga Judio nga nagkadto didto sa pagdakop sa iya, “Ano ako buyong nga nag-abot kamo nga may mga espada kag mga inuglampos?"
Sa pag-ururupod naton uruadlaw sa templo wara niyo ako pagdakupa. Pero amo na ini an ginahulat niyo na oras na pagdakop sa akon. Amo man an paglabaw san poder ni Satanas sa kaduluman san karautan.”,Adlaw-adlaw yara ako kaupod ninyo sa Templo kag wala ninyo ako pagdakpa. Ugaling ini nga takna inyo kag iya sang nagagahom sang kadudulman.”
"Niyan, pakadakupa kan Jesus san mga nag-arestar sa iya, dinara sa balay san pinakapuno san kapadian. Si Pedro naman nakasunod pero sa huruharayo.","Gindakop nila si Jesus kag gindala sa balay sang Pinakamataas nga Pari. Si Pedro nagsunod, pero malayo ang antad niya."
Nagdabok sinda sa tunga san natad kag nag-ingkod patalibod sani. Nag-ingkod man si Pedro katakin ninda.,Nagdabok sila sa tunga sang hardin kag si Pedro nag-impon sa mga nagapulongko palibot sa dabok.
"San nagaingkod na siya didto sa nabanaagan san kalayo, may nakakita sa iya na suruguon na babayi, tinurok siya kag sinabihan, “Ini siya kaupod man sana na tawo.”","Sang pagkakita sang isa sang mga suloguon nga babayi sa iya nga nagapungko didto malapit sa kalayo, ginhimutaran niya sia kag nagsiling, “Ini man nga tawo kaupod ni Jesus!”"
"Pero nagpaambot si Pedro, “Babayi, dili ko siya kilala.”","Pero si Pedro nagpanghiwala sini nga nagasiling, “Inday, wala gani ako makakilala sa iya!”"
"Taud-taod may nakakita naman sa iya kag nagsabi, “Usad ka man san kaupod sana na tawo.”","Sa wala madugay natalupangdan sia sang isa ka tawo, kag nagsiling, “Ikaw man isa sa ila!”"
"“Amigo, dili ako,” an sabat ni Pedro.","Pero si Pedro nagsabat, “Tyoy, indi ako upod niya!”"
"Pakalipas san mausad ka oras may nagpirit gayod na nagasabi, “Sigurado gayod na ini siya kaupod man sana na tawo kay taga-Galilea man siya.”","Kag sang makaligad ang isa ka oras, may isa naman ka tawo nga nag-insister gid sa pagsiling, “Wala gid sing duhaduha nga ining tawo kaupod ni Jesus tungod kay sia taga-Galilea man!”"
"Pero nagsabat si Pedro, “Amigo, ambot kun nano an ginasabi mo.” Sadto mismo tumuraok an manok myintras nagasurmaton pa siya.","Pero si Pedro nagsabat, “Tyoy, wala ako makahibalo sang imo ginapanghambal!”"
"Pakatapos liningi si Pedro san Ginoo kag sinud-ong. Didto nadumduman ni Pedro an ginsabi sa iya, “Antes magturaok an manok yana na adlaw pagapaambutan mo na ako sin tulo na beses.”","Kag sa gilayon, sang nagahambal pa sia, nagpamalo ang manok."
Didi naghali si Pedro kag nagparabakho gayod.,"Ang Ginoo nagliso kag gintulok niya si Pedro, kag nadumdoman ni Pedro ang mga pulong sang Ginoo nga ginsiling sa iya, “Sa wala pa magpamalo ang manok karon nga gab-i, magasiling ka sing makatlo nga wala mo ako makilala.”"
Niyan gintuya-tuya kag ginpasakitan si Jesus san mga nagabantay sa iya.,Si Pedro naggwa kag naghilibion sing tudo.
"Tinahuban man ninda an iya mga mata kag ginmanda, “Abir, tigmaha daw kun sin-o an nagsuntok sa imo.”",Ang mga tawo nga nagabantay kay Jesus nagyaguta kag nagbunal sa iya.
Tapos nagpadayon sinda sin sobra na pagtuya-tuya sa iya.,"Gintabunan nila ang iya mga mata kag ginpamangkot sia, “Pakta, sin-o ang nagsumbag sa imo?”"
Pagkaaga nagkaigwa sin pagtiripon an mga namumuno san mga Judio kaurupod san mga namumuno san kapadian kag mga paratukdo san Kasuguan. Ginpaatubang siya ninda sa inda Konseho.,Kag madamo pa nga mga pagpasipala ang ginhambal nila kay Jesus.
"Tapos sinabihan siya ninda, “Sabihi kami kun ikaw man gayod an Cristo.”","Sang pagkaaga, ang mga katigulangan sang mga Judio, ang pangulo nga mga pari, kag ang mga manunodlo sang Kasugoan nagtipon sing tingob, kag gindala nila si Jesus sa atubangan sang Konseho."
"Nagsabat si Jesus, “Kun sabihan ta kamo dili man gihapon kamo matuod","Nagsiling sila, “Sugiri kami kon ikaw bala ang Cristo?”"
Tumindog an bilog na konseho kag dinara ninda si Jesus kan Pilato na gobernador.,Ang bug-os nga katapo sang Konseho nagtindog kag gindala nila si Jesus sa atubang ni Pilato.
"Pag-abot didto, gintunaan ninda pag-akusara si Jesus sani, “Naaraman namon ini na tawo na ginasulsulan an mga tawo na kontrahon an amon nasyon. Ginabawal an pagbayad sin buwis kan Cesar kag nagaangkon na siya mismo si Cristo, usad na hadi.”","Didto ginsumbong nila sia nga nagasiling: “Nadakpan namon ini nga tawo nga nagasudyot sang amon mga kasimanwa. Nagasiling sia nga indi sila magbayad sang buhis sa Emperador, kag iya ginaangkon nga sia amo ang Cristo nga isa ka hari.”"
"Hinunga siya ni Pilato sani, “Nano, ikaw an hadi san mga Judio?”","Si Pilato namangkot sa iya, “Ikaw bala ang hari sang mga Judio?”"
"“Ikaw an nagsabi sana,” an sabat ni Jesus.","Si Jesus nagsabat, “Ginasiling mo.”"
"Kaya sinabihan ni Pilato an mga namumuno san kapadian kag an katawuhan, “Wara akoʼn makita na may sala ini na tawo.”","Dayon si Pilato nagsiling sa pangulo nga mga pari kag sa mga tawo, “Wala ako sing may nakita nga kasal-anan sa sini nga tawo.”"
"Pero nagpirit sinda, “Paagi sa pagtukdo niya ginapasamok an mga tawo sa bilog na Judea magtuna sa Galilea hasta didi.”","Pero nag-insister gid sila nga nagasiling, “Sia gid ang nagasugod sang kinagamo sa mga tawo tungod sang iya pagpanudlo sa bug-os nga Judea. Nagsugod sia sa Galilea, kag karon diri naman sia.”"
"Pakabati sani ni Pilato, naghunga siya kun taga-Galilea ini na tawo.","Sang pagkabati ni Pilato sini namangkot sia, “Taga-Galilea bala ini nga tawo?”"
"Pakaaram na nasasakupan siya ni Herodes, gin-agi anay si Jesus kan Herodes na adto man sa Jerusalem sadto na mga adlaw.","Sang pagkahibalo niya nga si Jesus nagikan sa lugar nga ginadumalahan ni Herodes, ginpadala niya sia kay Herodes nga didto man sa Jerusalem sa sadto nga tion."
Pakakita niya kan Jesus nalipay siya kay nabati na niya an manungod kan Jesus kag nagahandom gayod na makita siya na nagahimoʼn milagro.,"Nalipay gid si Herodes sang pagkakita niya kay Jesus, tungod kay nakabati sia nahanungod sa iya kag dugay na ang handom niya sa pagpakigkita kay Jesus. Naglaom sia sa pagtan-aw kay Jesus nga nagahimo sing mga gamhanan nga mga buhat."
Kaya damo siyaʼn ginhunga kan Jesus pero wara gayod siya pagsabata.,"Gani madamo ang mga pamangkot ni Herodes kay Jesus, pero si Jesus wala gid magsabat."
Grabe man na mga akusasyon na ginasarabi kontra sa iya san mga namumuno san kapadian kag mga paratukdo san Kasuguan na adto didto.,Ang pangulo nga mga pari kag ang mga manunodlo sang Kasugoan nagtindog kag naghimo sang mabaskog nga mga panumbongon batok kay Jesus.
Ginapakaaluhan kag ginatuya-tuya siya ni Herodes kaurupod an iya mga suldados. Pakatapos sinul-utan siya sin matahom na kapa kag binalik kan Pilato.,Si Herodes kag ang iya mga soldado nagpakanubo kag nagyaguta sa iya. Dayon ginpasuksokan nila sia sing malahalon nga bayu kag ginpabalik kay Pilato.
Sadto man mismo na adlaw nagkaamigo gihapon sinda Herodes kag Pilato na dati anay magkaaway.,"Sa sadto gid nga adlaw si Pilato kag si Herodes nag-amiguhay, kay sadto anay magkaaway sila."
"Ginpatipon naman ni Pilato an mga namumuno san kapadian, mga namumuno san mga Judio kag san katawuhan.","Gintipon ni Pilato ang pangulo nga mga pari, ang mga manugdumala, kag ang mga tawo,"
"Tapos ginsabihan, “Gindara niyo sa akon ini na tawo bilang usad na nagasulsul san katawuhan pagkontra sa gobyerno. Niyan gin-usisa ko na siya sa atubangan niyo pero wara naman akoʼn nakita na may sala siya.","kag nagsiling sia sa ila, “Gindala ninyo ini nga tawo sa akon kag nagsiling kamo nga nagasudyot sia sang mga tawo. Karon, gin-usisa ko sia sa atubang ninyo kag wala ako sing may nakita nga sala nga inyo ginasumbong batok sa iya."
Abir man ngani si Herodes. Kaya ginpabalik siya sa aton. Niyan wara gayod siyaʼn nahimo na sala na dapat siya ipapatay.,"Si Herodes wala man sing may nakita nga sala sa iya, kay ginpabalik niya sia sa aton. Wala sing may nahimo ini nga tawo nga takos sang kamatayon."
16-17 Kaya ipalatigo na lang siya pakatapos paulion.”,"Gani, ipahanot ko sia, kag buy-an.”"
"Pero nagdurungan sinda tanan pagsiriyak, “Patayon ina na tawo! Ipaluwas sa amon si Barabas!”","Ang tanan nga mga tawo nagsinggit, “Patya sia kag buy-i sa amon si Barrabas.”"
Ini na Barabas napriso tungod na kaupod san pagsamok sa syudad kag pagpatay.,"Karon si Barrabas nabilanggo tungod sang kinagamo nga natabo sa siudad, kag sang pagpamatay."
Kay gusto ni Pilato palibrihon si Jesus nakisurmaton siya sa mga tawo.,"Si Pilato luyag maghilway kay Jesus, gani naghambal sia liwat sa mga tawo."
"Pero nagsiriyak lugod sinda, “Ipako siya sa krus! Ipako siya!”","Pero nagsinggit sila, “Ilansang sia sa krus! Ilansang sia sa krus!”"
"Sa ikatulo na beses ginhunga ni Pilato an katawuhan, “Kay nano? Nano an karautan na nahimo niya? Wara akoʼn makita na dahilan kontra sa iya na dapat siya patayon, kaya ipalatigo ko na lang siya kag pakatapos palibrihon.”","Si Pilato nagsiling sa ila sa ikatlo nga tion, “Pero ano nga sala ang iya nahimo? Wala ako sing may nakita nga sala sa iya nga takos sang kamatayon. Ipahanot ko sia kag buy-an.”"
Pero nagpirit gayod sinda kag nagsiriyak sin makusog na gusto gayod ninda ipapako si Jesus. Sa katapus-tapusi napasunod ninda si Pilato.,"Pero nagpadayon sila sa pagsinggit sing mabaskog, “Ilansang sia sa krus!” Kag sang ulihi nagmadinalag-on ang ila pagsinggit."
Kaya nagmanda siya na matuman an inda kagustuhan.,Gani nagpamatbat si Pilato nga ihatag ang ila ginapangayo.
Ginpalibre an gin-ayo ninda na tawo na napriso tungod sa pagsamok kag pagpatay pero gin-intriga si Jesus para mangyari an inda kagustuhan.,"Ginhilway niya ang ila ginpangayo nga tawo nga nabilanggo tungod sa kinagamo kag pagpamatay, kag gintugyan niya si Jesus sa ila agod nga mahimo nila ang ila luyag."
San ginapalakat na san mga suldados si Jesus para ipako sa krus may hali sa uma na tawo na an ngaran si Simon na taga-Cirene. Ginpirit ninda siya na magpas-an san krus na ginadara ni Jesus kag magsunod sa iya.,"Sang gindala sang mga soldado si Jesus pa gwa, nasugata nila ang isa ka tawo nga ginhingalanan kay Simon nga taga-Cirene nga naghalin sa uma kag nagakadto sa siudad. Gindakop nila sia kag ginpapas-an sang krus agod dalhon ini nga nagasunod kay Jesus."
Nagsurunod man sa iya an damu-damo na mga tawo hasta mga babayi man na nagamundo kag naganguyngoy parasa iya.,Madamo nga mga tawo ang nagsunod kay Jesus. Upod sa mga tawo may mga babayi nga nagahinibi kag nagapanalambiton tungod sa iya.
"Pero liningi sinda ni Jesus kag sinabihan, “Mga kababayihan na taga-Jerusalem, ayaw niyo ako pagtangisi kundi tangisi an iyo sadiri kag san iyo mga kaanakan.","Ginbalikid sila ni Jesus kag ginsingganan, “Mga babayi sang Jerusalem, indi kamo maghibi tungod sa akon, kundi tungod sa inyo kaugalingon kag sa inyo mga kabataan."
"Sigurado gayod na may maabot na mga adlaw na masarabi an mga tawo, ‘Malipay idtoʼn mga baog, mga babayi na waraʼn anak kag wara gayod magpadudo!’","Kay ang mga adlaw magaabot nga ang mga tawo magasiling, ‘Daw ano ka malipayon ang mga babayi nga baw-as, kag wala makabusong, kag wala makapasuso!’"
Sana na maabot na panahon,"Amo ina ang tion nga ang mga tawo magasiling sa mga bukid, ‘Tumbahi kami!’ kag sa mga bakulod, ‘Tabuni kami!’"
"‘sisiyakan san mga katawuhan an mga kabukidan, Tumpagi kami!","Kay kon ini nga mga butang ginahimo nila samtang lab-as pa ang mga kahoy, ano pa gid ayhan ang mahanabo kon laya na ini?”"
"kag sa mga bakilid, Tahubi kami!’","Gindala man nila ang duha pa ka mga tawo nga kriminal, agod patyon upod kay Jesus."
"Kay kun sugad sani an ginahimo sa akon na bagaʼn sanga na buhay pa, nano an pagahimuon sa iyo na mga Judio kay kamo bagaʼn kahoy na uga na?”","Sang pag-abot nila sa lugar nga ginatawag “Ang Bagol,” ginlansang nila didto si Jesus sa krus, kag ang duha ka kriminal, ang isa sa iya tuo kag ang isa sa iya wala."
May duha na kriminal na ginpaupod man guyod agod patayon kaupod ni Jesus.,"Si Jesus nagsiling, “Amay, patawara sila, kay wala sila makahibalo sang ila ginahimo.”"
"Pag-abot ninda tanan sa lugar na ginatawag na Bungo, didto ginpako san mga suldados si Jesus sa krus kag amo man an duha na kriminal sa magluyo niya. Tapos ginpatindog ini tanan.",Ginpartida nila ang iya mga bayu paagi sa pagabutgabot.
"Niyan, nagsurmaton si Jesus, “Ama ko, patawada sinda kay dili ninda aram an inda ginahimo.” Pakatapos ginbarahin ninda an iya mga sul-ot paagi sa pagparipahan.","Ang mga tawo nagtindog didto nga nagatan-aw samtang ang mga pangulo sang mga Judio nagyaguta sa iya. Nagsiling sila: “Ginluwas niya ang iban, ipaluwas sa iya ang iya kaugalingon, kon sia amo ang Cristo, ang pinili sang Dios!”"
"Nagamarasid didto an mga miron sa iya pero ginaparatuya-tuya siya san mga namumuno san mga Judio. An sabi ninda, “May ginsalbar siya na mga iba, niyan, ipasalbar man daw niya mismo an iya sadiri kun siya man gayod an Cristo, an Pinili san Dios!”",Ang mga soldado nagyaguta man sa iya: nagpalapit sila sa iya kag gintungholan nila sia sang maaslom nga bino
An mga suldados naman gintuya-tuya siya kag gintunulan sin suka,"kag nagsiling, “Luwasa ang imo kaugalingon, kon ikaw ang hari sang mga Judio!”"
"na nagasabi, “Kun ikaw man gayod an hadi san mga Judio isalbar an imo sadiri!”",Sa ulohan niya nasulat ini nga mga pulong: “Ini amo ang Hari sang mga Judio.”
"Sa may uluhan niya igwaʼn nakasurat, “AMO INI AN HADI SAN MGA JUDIO.”",Ang isa sang mga kriminal nga nalansang sa krus didto nagpasipala sa iya: “Indi bala ikaw ang Cristo? Luwasa ang imo kaugalingon kag kami!”
"Gintuya-tuya man siya san usad san mga kriminal na nakapako, “Dili ka ba an Cristo? Isalbar daw an sadiri mo hasta kami.”","Pero ang isa ka kriminal nagsaway sa iya nga nagasiling, “Wala ka bala mahadlok sa Dios? Nagabaton ka sang pareho nga pamatbat kasubong sini nga tawo."
"Pero ginsaway siya san usad, “Wara ka baʼn kahadlok sa Dios na adi pareho mo man ginkondinar?","Ang aton silot bagay gid man sa aton tungod kay nagabaton kita sang nagakaigo nga balos sang aton mga ginhimo, pero ini nga tawo wala sing nahimo nga malain.”"
Pero dapat lang na mangyari ini sa aton kay ginabalusan lang kita san aton pagkakasala. Pero ini na tawo wara gayod sin nahimo na kasal-an.”,"Kag nagsiling sia kay Jesus, “Jesus, dumdoma ako kon maghari ka na!”"
"Pakatapos sinabihan niya si Jesus, “Jesus, dumduman ako pag-abot mo sa imo kahadian.”","Si Jesus nagsiling sa iya, “Nagasaad ako sa imo, karon gid nga adlaw manginkaupod ko ikaw sa Paraiso.”"
"“Ginasiguro ko sa imo na yana mismo kaupod ta ikaw sa Paraiso,” an sabat ni Jesus.",Sang mga alas dose ang takna nagdulom ang bug-os nga duta tubtob sa alas tres sang hapon.
Mga alas dose an udto san magdulom an bilog na nasyon hasta na mga alas tres an hapon.,"Wala magsilak ang adlaw, kag ang kurtina sang Templo nagisi sa tunga."
Myintras nagadulom an adlaw natungà pagkagisi an kurtina san templo.,"Dayon si Jesus nagsinggit sa mabaskog nga tingog, “Amay, sa imo mga kamot ginatugyan ko ang akon espiritu!” Sang makasiling sia sini napatay sia."
"Tapos sumiyak si Jesus na nagasabi, “Ama ko, sa imo mga kamot ginaintriga ko an akon espirito.” Pakasabi niya sani nautsan na siya.","Sang makita sang opisyal sang mga soldado ang nahanabo, nagdayaw sia sa Dios nga nagasiling, “Matuod gid nga ini nga tawo matarong!”"
"Pakakita san namumuno san mga suldados sani na pangyayari nag-umaw sa Dios kag nagsabi, “Matuod man gayod na matanos ini na tawo.”",Ang nahanabo nakita sang tanan nga mga tawo nga nagtipon sa pagtan-aw sang talan-awon. Nagpauli sila nga nagapamukpok sang ila mga dughan sa kasubo.
Kaya an tanan na katawuhan na nagtiripon pagmiron nag-uruli na ginapukpok an inda dughan sa grabe na kamunduan.,"Ang tanan nga nakakilala kay Jesus, lakip sang mga babayi nga nagsunod sa iya halin sa Galilea, nagtindog sa malayo nga nagatan-aw sini nga mga butang."
Myintras sa huruharayo nagamarasid naman an tanan na mga kakilala ni Jesus hasta man an mga kababayihan na nag-urupod sa iya hali sa Galilea kag nakita ninda an tanan na mga pangyayari.,"50-51 May isa ka tawo nga ginhingalanan kay Jose nga naghalin sa Arimatea, isa ka banwa sa Judea. Maayo kag talahuron sia nga tawo, kag nagapaabot sia sang paghari sang Dios. Bisan nga katapo sia sang Konseho, wala sia magsugot sang ila tinutuyo kag buhat."
50-51 Niyan may nag-abot na myimbro san Konseho na an ngaran Jose na taga-Arimatea. Maayo siya kag matanos kag nabubuhay sa paglaom na makita man an kahadian san Dios. Dili siya nag-uyon sa ginplano kag ginhimo san mga kaurupod niya na mga Judio.,Nagkadto sia kay Pilato kag iya ginpangayo ang bangkay ni Jesus.
Kaya ini siya nagpakadto kan Pilato kag gin-ayo an lawas ni Jesus.,"Dayon gintaltal niya ini, ginputos ini sang tela nga lino, kag ginbutang ini sa lulobngan nga ginguhab sa bato. Ini nga lulobngan wala pa gid malubngi."
Pakatunton niya sani sa krus pinutos sa tela na lino kag linubong sa rulubngan na ginkutkot sa bato na wara pa gayod nalubngi.,Adlaw yadto sang Pag-aman kag ang Adlaw nga Inugpahuway manugsugod na.
Adlaw ini sadto san Pagpreparar kag halapit na pagtuna an Adlaw San Pagpahuway.,Ang mga babayi nga nagsunod kay Jesus halin sa Galilea nag-upod kay Jose kag nakita nila ang lulobngan kag kon paano ang pagbutang sang bangkay ni Jesus sa amo nga lulobngan.
San maaga pa san primero na adlaw san semana nagbalik an kababayihan sa rulubngan na dara an ginpreparar ninda na mga pahumot.,"Aga pa gid sang nahauna nga adlaw sang simana, ang mga kababayin-an nagkadto sa lulobngan nga may dala nga mga pahamot nga ila ginhanda."
"Pag-abot didto nakita ninda na napaligid na an bato na nakatahob sa luho san rulubngan,",Nakita nila nga napaligid na ang bato halin sa lulobngan.
"pero pagsulod ninda, wara na didto an lawas san Ginooʼn Jesus.","Gani nagsulod sila, pero wala nila makita ang bangkay ni Ginoong Jesus."
"Myintras nagatindog sinda didto na dili aram kun nano an himuon, may duha na lalaki na nagpakita sa inda na nakasilaw an sul-ot.","Sang nagapalibog sila nahanungod sini, sa hinali may nagtindog sa tupad nila nga duha ka tawo nga nagasuksok sang bayu nga tama ka silaw."
"Sa dako na kahadlok nagduko an mga babayi. Pero ginhunga sinda san duha na lalaki, “Nano kay ginahanap niyo sa mga patay an buhay?","Ang mga babayi hinadlukan gid, gani nagdungok sila, samtang ang duha ka tawo nagsiling sa ila, “Ngaa ginapangita ninyo ang buhi sa tunga sang mga minatay?"
Wara na siya didi. Nabuhay siya gihapon. Dumduma niyo an iya ginsabi san adto siya sa Galilea,Wala sia diri! Nabanhaw sia! Dumdoma ninyo ang ginsiling niya sa inyo sang didto pa sia sa Galilea:
"na siya na Anak San Tawo dapat iintriga sa mga makasasala, ipapako sa krus kag tapos sa ikatulo ka adlaw mabubuhay gihapon.”","‘Ang Anak sang Tawo dapat itugyan sa mga tawo nga makasasala, ilansang nila sia sa krus, kag mabanhaw sia sa ikatlo nga adlaw.’”"
Didi nadumduman ninda an ginpanurmaton ni Jesus.,Dayon nadumdoman sang mga babayi ang mga pulong ni Jesus.
San pagbalik san kababayihan hali sa rulubngan ginsumat ninda an tanan sa onse na apostoles kag sa iba pa.,Nagpauli sila halin sa lulobngan kag nagsugid sang tanan nga mga butang sa onse ka mga apostoles kag sa iban pa nga mga sumolunod ni Jesus.
"An kababayihan na nagsurumat sa mga apostoles amo sinda Maria Magdalena, Juana, Maria na iloy ni Santiago kag san iba na mga kaurupod na babayi.","Ang mga babayi amo sanday Maria Magdalena, Juana, kag Maria nga iloy ni Santiago. Sila kag ang iban pa nga mga babayi nga upod nila nagsugid sining mga butang sa mga apostoles."
Pero ini na inda ginbarita bagaʼn himu-himo lang sa paghuna san mga apostoles kaya dili ninda gintuudan.,"Pero ang mga apostoles naghunahuna nga ang ginpanugid sang mga babayi binuang, kag wala sila magpati sa ila."
Kaya lang si Pedro bumangon kag dumalagan sa rulubngan. Pagsudip niya nakita na lang an ginputos na tela kag wara naʼn iba. Pakatapos nag-uli na siya na nagaisip kun nano an nangyari sa lawas.,Pero si Pedro nagtindog kag nagdalagan pakadto sa lulobngan. Nagsid-ing sia kag ang iya nakita amo lamang ang mga panapton nga lino kag wala na sing iban. Dayon nagpauli sia nga natingala gid sang nahanabo.
Sana mismo na adlaw may duha na disipulos na nagalakat pakadto sa usad na baryo na ginatawag Emaus mga onse ka kilometro hali sa Jerusalem.,"Sa sadto gid nga adlaw ang duha sang mga sumolunod ni Jesus nagapakadto sa barangay nga ginatawag Emaus, mga onse ka kilometro halin sa Jerusalem,"
Myintras nagalakat ginaistoryahan ninda an manungod san tanan na mga nangyari.,kag nagasugilanon sila nahanungod sang tanan nga mga butang nga nagkahanabo.
San sige an inda istoryahan nakisabay mismo si Jesus sa inda.,"Sang nagahambalanay sila kag nagapamangkutanay, si Jesus mismo nagpalapit kag naglakat upod sa ila."
Pero bagaʼn may nagapugol sa inda para dili siya makilala.,"Nakita nila sia, pero wala nila sia makilal-i."
"Hinunga sinda ni Jesus, “Nano an ginaparaistoryahan niyo sa iyo pagalakat?” Umudong sinda na mamunduon.","Si Jesus nagpamangkot sa ila, “Ano bala ang ginahambalan ninyo samtang nagalakat kamo?”"
"Kaya nagsabat an usad sa inda na an ngaran Cleopas, “Ikaw ba lang gayod ada an nagpa-Jerusalem na dili maaram san mga nangyari didto san nakaligad na mga adlaw?”",Kag nagdulog sila nga nagapangasubo.
“Sa nano?” an iya hunga.,"Ang isa sa ila nga ginhingalanan kay Cleopas nagsabat sa iya, “Ikaw lang bala ang bisita sa Jerusalem nga wala gid makahibalo sang mga butang nga nahanabo didto sa sining mga inadlaw?”"
"Sinabat siya ninda, “Manungod kan Jesus na taga-Nazaret. Ini siya makagagahom na propeta sa gawi kag surmaton sa mata san Dios kag sa katawuhan.","Nagpamangkot sia, “Ano nga mga butang?”"
"Gin-intriga siya san mga namumuno san kapadian kag san amon man mga namumuno sa mga Judio para ipapatay, tapos ginpapako ninda sa krus.","Nagsabat sila, “Ang mga nahanabo kay Jesus nga taga-Nazaret. Ini nga tawo propeta nga gamhanan sa pulong kag sa buhat sa atubang sang Dios kag sang tanan nga mga tawo."
Ginlauman pa namon na siya an masalbar san Israel kag pwera pa sani ikatulo yana ka adlaw san pakapangyari sani.,"Ang amon pangulo nga mga pari kag mga manugdumala nagtugyan sa iya agod pamatbatan nga pagapatyon, kag ginlansang nila sia sa krus."
"“Usad pa, ginpangalas kami san mga babayi na kaurupod namon. Maaga pa kuno nagpakadto sinda sa ginlubngan kag","Kag naglaom kami nga sia amo ang magahilway sang Israel. Wala labot sini tanan, karon ikatlo na nga adlaw halin sang matabo ini."
san wara ninda makita an lawas ni Jesus nagbalik sinda na may barita manungod sa mga anghel na nagpakita sa inda kag nagsabi na siya buhay.,"Dugang pa sina, may kaupdanan kami nga mga babayi nga nagpatingala sa amon. Nagkadto sila sa lulobngan sing aga pa,"
Nagkaradto naman sa ginlubngan an iba san amon mga kaurupod kag nakita ninda an tanan na ginsabi sa inda san mga babayi pero wara ninda makita si Jesus.”,pero wala nila makita ang iya bangkay. Nagbalik sila nga nagasiling nga nakakita sila sing palanan-awon sang mga anghel nga nagsugid sa ila nga buhi sia.
"Didi sinabihan ni Jesus an duha, “Mga tanga na mga tawo, mga matugas pagpatuudon san tanan na ginsabi san mga propeta!","May mga kaupdanan kami nga nagkadto sa lulobngan kag nakita nila ang ginsugid sang mga babayi, pero wala nila si Jesus makita.”"
"Nano, dili na kinahanglan sana na Cristo magtios pakatapos amo na ipaitaas sa kalangitan kag didto galangan san Dios Ama?”","Dayon si Jesus nagsiling sa ila, “Daw ano ka buangbuang sa inyo, kag daw ano kahinay sa inyo sa pagpati sang tanan nga ginhambal sang mga propeta!"
Kaya agod mapadumdom sinda magtuna kan Moises hasta sa tanan na mga propeta ginpahayag ni Jesus sa inda an nasusurat sa Banal Na Kasuratan manungod sa iya sadiri.,Indi bala kinahanglan nga ang Cristo mag-antos sining mga butang kag ugaling pagahimayaon sia?”
"San nagahalapit na sinda sa baryo na inda kakadtuan, si Jesus bagaʼn magapadayon kuntani sa iya paglakat.","Kag ginsaysay ni Jesus sa ila ang tanan nga ginhambal sang mga Kasulatan nahanungod sa iya, sugod sa mga libro ni Moises kag sa mga sinulat sang tanan nga mga propeta."
"Pero ginhawidan ninda siya na nagasabi, “Didi ka na lang anay sa amon kay tunod na an adlaw kag magab-i na.” Kaya nag-upod si Jesus sa inda.","Sang nagahinampot sila sa barangay nga ila pagakadtuan, nagpakita si Jesus nga daw mapadayon sia sa paglakat,"
"San makaraon na sinda, kinuha niya an tinapay kag nagpasalamat sa Dios pakatapos pinihak-pihak kag ginpanghatag sa inda.","pero ginhawiran nila sia nga nagasiling, “Upod ka na lang diri sa amon, kay hapon na ini kag dugaydugay gab-i na.” Gani nagsulod sia sa balay sa pagpabilin upod sa ila."
Didi namuklat an inda kaisipan kag nakilala ninda siya. Pakatapos bigla siyaʼn nawara.,"Nagpungko sia upod sa ila sa pagkaon, nagkuha sang tinapay, kag nagpasalamat. Dayon ginpamihakpihak niya ang tinapay kag ginhatag ini sa ila."
"Niyan, nagpahunga-hunga sinda, “Dili ba nakabatyag kitaʼn bagaʼn kaiba sa aton tagipusuon myintras nakiistorya siya sa aton sa dalan kag ginpahayag an Banal Na Kasuratan?”","Dayon nakamarasmas sila kag nakilala nila sia, pero nadula sia sa ila panulok."
Sadto mismo nagbalik sinda sa Jerusalem. Nakita ninda didto an onse na nagtiripon kaurupod san iba pa.,"Nagsinilingay sila, “Indi bala nga nagdabdab kaangay sang kalayo ang aton balatyagon sang nagahambal sia sa aton sa dalanon kag nagsaysay sang mga Kasulatan sa aton?”"
"Ginsabihan an duha, “Matuod man gayod na nabuhay an Ginoo mala ngani kay nagpakita siya kan Simon.”",Sa gilayon nagtindog sila kag nagbalik sa Jerusalem sa diin nakita nila ang onse ka mga apostoles nga nagatipon upod sa iban nga mga gintuton-an
Gin-istorya naman san duha an nangyari sa inda sa dalan kag kun pan-o man nindaʼn nakilala an Ginoo sa pagpihak san tinapay.,"kag nagsiling, “Matuod gid nga ang Ginoo nabanhaw! Nagpakita sia kay Simon!”"
"Nagairistoryahan pa sinda manungod sani tanan san maghayag bigla si Jesus na nakatindog sa inda atubangan kag sinabihan sinda, “An kalinawan hali sa Dios mapasa iyo.”","Dayon ang duha nagsaysay sa ila sang nahanabo sa dalanon, kag kon paano nga nakilala nila ang Ginoo sang pagpamihakpihak niya sang tinapay."
Nginarat sinda kag nagkaharadlok kay an huna ninda multo idto!,"Samtang ang duha nagapanugid sini nga mga butang sa ila, sa hinali nagpakita si Jesus mismo sa tunga nila nga nagatindog kag nagsiling sa ila, “Ang paghidait manginyara sa inyo.”"
"Pero nagsurmaton si Jesus, “Nano kay nagakaharadlok kamo kag nagaduda?","Hinadlukan kag kinulbaan sila, kay naghunahuna sila nga nakakita sila sang murto."
Kitaa niyo an akon mga kamot kag san tiil. Matuod na ako ini. Kapti niyo ako kag kitaa sin maayo. Waraʼn multo na may lawas pareho gayod san nakikita niyo sa akon na igwa.”,"Pero nagsiling sia sa ila, “Ngaa bala natublag kamo? Ngaa nagaabot ang pagpangduhaduha sa inyo mga hunahuna?"
Pakasabi niya sani ginpakita an iya mga kamot kag tiil.,"Tan-awa ninyo ang akon mga kamot kag mga tiil, kay ako gid ini. Uyati ninyo ako kag mahibal-an ninyo, kay ang espiritu wala sing unod kag mga tul-an subong sang ginatan-aw ninyo nga ako may unod kag tul-an.”"
"Surusobra gayod an inda kalipay pero bagaʼn dili sinda makatuod. Nagkamurungnan sinda. Tapos nagpadayon siya pagsurmaton, “Nano, igwa kamo didiʼn makaon?”",Sang pagsiling niya sini ginpakita niya sa ila ang iya mga kamot kag mga tiil.
Kaya ginhatagan ninda siya sin inihaw na isda,"Napuno gid sila sang kalipay kag katingala nga indi pa gid sila makapati. Gani si Jesus nagpamangkot sa ila, “May pagkaon bala kamo diri?”"
na binaton man niya kag kinaon sa inda pagkita.,"Ginhatagan nila sia sing sinugba nga isda,"
"Niyan, sinabihan pa niya sinda, “Amo ini an gusto ko ipasabot san pagsabi ko sadto san kaupod pa ako niyo na dapat mangyari an tanan na nakasurat manungod sa akon sa Kasuguan ni Moises, sa mga surat san mga propeta kag sa mga Salmo.”",nga iya ginkuha kag ginkaon sa atubang nila.
Kaya ginpamuklat niya an inda kaisipan agod masabutan an Banal Na Kasuratan.,"Dayon nagsiling sia sa ila, “Amo ini nga mga butang ang ginsiling ko sa inyo sang kaupod pa ako ninyo: ang tanan nga nasulat nahanungod sa akon sa Kasugoan ni Moises, sa mga sinulat sang mga propeta, kag sa mga Salmo dapat nga matuman.”"
"Sinabihan niya sinda, “Ini an nasurat na magatios an Cristo kag sa ikatulo ka adlaw mabubuhay gihapon.",Dayon ginbuksan niya ang ila mga hunahuna sa paghangop sang mga Kasulatan.
"Niyan, dapat igatukdo sa gahom san iya ngaran an manungod san pagbasol kag pagbaya sa pagkasala para sa kapatawadan san mga kasal-an. Igapalukop ini sa entiro na kinab-an magtuna sa Jerusalem.","Nagsiling sia sa ila, “Amo ini ang nasulat: ang Cristo dapat mag-antos kag mabanhaw sa ikatlo nga adlaw,"
Kamo gayod an mga testigos sani.,"kag sa iya ngalan ang mensahe nahanungod sang paghinulsol kag kapatawaran sang mga sala dapat iwali sa tanan nga mga kapungsoran, sugod sa Jerusalem."
"“Tandai niyo, igasugo ko sa iyo an Espirito Santo na gintuga san akon Ama. Didto lang anay kamo sa syudad hasta na mag-abot sa iyo hali sa langit ini na gahom san Espirito.”",Kamo ang mga saksi sini nga mga butang.
Pakatapos ginpaupod sinda ni Jesus hasta sa Betania. Pag-abot didto tinaas niya an iya mga kamot kag ginbendisyunan sinda.,Kag ako akon magapadala sa inyo sang ginsaad sang akon Amay. Pero maghulat kamo sa Jerusalem tubtob nga ang gahom gikan sa ibabaw mag-abot sa inyo.”
"San ginabendisyunan niya sinda, ginapaharayo siya na ginapahitaas palangit.",Dayon gindala niya sila sa gwa sang siudad tubtob sa Betania sa diin ginbayaw niya ang iya mga kamot kag ginbendisyunan sila.
Pakasamba ninda sa iya nagbalik sinda sa Jerusalem na malipay gayod.,"Samtang nagabendisyon sia sa ila, nagbulag sia sa ila kag gindala sia pa langit."
Amo ini an mga kalulululuhi ni Jesu-Cristo na kalahi ni David kag kalahi man ni Abraham.,Amo ini ang lista sang mga katigulangan ni Jesu-Cristo nga kaliwat ni David nga kaliwat man ni Abraham.
Si Abraham ama ni Isaac na ama ni Jacob. Si Jacob naman ama ni Juda kag san iya mga kamaranghod na lalaki.,"Si Abraham amay ni Isaac, si Isaac amay ni Jacob, si Jacob amay ni Juda kag sang iya mga utod nga lalaki."
Ini si Juda ama ninda Fares kag Zara na an iloy si Tamar; si Fares naman ama ni Esrom na ama ni Aram.,"Si Juda amay ni Fares kag ni Zera nga ang ila sini iloy si Tamar. Si Fares amay ni Esrom, kag si Esrom amay ni Aram."
Si Aram ama ni Aminadab na ama ni Naason na ama naman ni Salmon.,"Si Aram amay ni Aminadab, si Aminadab amay ni Naason, si Naason amay ni Salmon,"
"Si Salmon ama ni Booz na an iloy si Rahab. Si Booz naman ama ni Obed na an iloy si Ruth, tapos si Obed ama ni Jesse","si Salmon amay ni Boaz kag ang iya sini iloy si Rahab. Si Boaz amay ni Obed kag ang iya sini iloy si Ruth. Si Obed amay ni Jesse,"
"na ama san nagin hadi na si David. Tapos, si David ama ni Solomon na an iloy dati asawa ni Urias.",kag si Jesse amay ni Haring David.
Si Solomon naman ama ni Roboam na ama ni Abias na ama naman ni Asa.,"Si David amay ni Solomon kag ang iya sini iloy amo ang asawa anay ni Urias,"
Si Asa ama ni Josafat na ama ni Joram na ama naman ni Ozias.,"si Solomon amay ni Rehoboam, si Rehoboam amay ni Abias, si Abias amay ni Asa,"
Si Ozias ama ni Jotam na ama ni Acaz na ama naman ni Esequias.,"si Asa amay ni Josafat, si Josafat amay ni Joram, si Joram amay ni Uzias,"
Si Esequias ama ni Manases na ama ni Amon na ama naman ni Josias.,"si Uzias amay ni Joatam, si Joatam amay ni Acaz, kag si Acaz amay ni Ezequias."
Ini siya ama ni Jeconias kag san iya mga kamaranghod na lalaki. Sana na panahon nangyari an pagkabihag san mga taga-Israel sa Babilonia.,"Si Ezequias amay ni Manases, si Manases amay ni Amon, si Amon amay ni Josias,"
Pakatapos sani:,"si Josias amay ni Jeconias kag sang iya mga utod nga lalaki, sang tion nga ang mga taga-Israel ginbihag pakadto sa Babilonia."
si Jeconias nagin ama ni Salatiel na ama ni Zorobabel.,"Sa tapos sang pagkabihag pakadto sa Babilonia, amo pa ini ang mga katigulangan ni Jesus: si Jeconias amay ni Salatiel, si Salatiel amay ni Zorobabel,"
San gin-anak si Jesus sa lungsod san Betlehem sa probinsya san Judea si Herodes amo an hadi. Sani na panahon may nag-arabot na mga madunong na tawo sa Jerusalem hali sa nasyon sa sirangan.,"Sang natawo na si Jesus sa banwa sang Betlehem nga sakop sang Judea sa panahon nga si Herodes ang hari, may nag-abot sa Jerusalem nga mga tawo halin sa Sidlangan, nga nakatuon sang mga bituon."
"Nagahunga sinda, “Hain an gin-anak na magigin hadi san mga Judio? San sa sirangan pa kami nakita namon an bituon na tanda na siya nabuhay na kaya nagkadi kami agod sambahon siya.”","Nagpamangkot sila, “Sa diin na bala ang bata nga natawo nga manginhari sang mga Judio? Nakita namon ang iya bituon sa sidlangan, kag nag-abot kami sa pagsimba sa iya.”"
Pakabati sani san hadi na si Herodes kinulbaan gayod siya hasta an tanan na mga taga-Jerusalem.,"Sang pagkabati sini ni Haring Herodes natublag gid sia, subong man ang tanan nga mga tawo sa Jerusalem."
Kaya ginpatiripon niya an tanan na mga namumuno san kapadian kag san mga paratukdo san Kasuguan tapos ginhunga kun diin iaanak an Cristo na magigin hadi san mga Judio.,"Gani ginpatawag niya ang tanan nga mga pangulo sang mga pari kag ang mga manunodlo sang Kasugoan kag nagpamangkot sia sa ila, “Sa diin bala matawo ang Cristo?”"
"Sinabat siya ninda. “Sa Betlehem sa Judea kay ini susog sa ginsurat san propeta,","Nagsabat sila, “Didto sa banwa sang Betlehem nga sakop sang Judea, kay amo ini ang ginsulat sang propeta:"
"‘Lungsod san Betlehem sa kadutaan san mga lahi ni Juda, dili ka gayod an pinakamenos na lungsod didto,","‘Kamo nga mga taga-Betlehem sa duta sang Juda,"
"kay may mamumuno na mahali sa imo na amo an magapamahala san akon mga katawuhan, an mga taga-Israel.’,”",ang inyo banwa indi amo ang pinakakubos sa nagapanguna nga mga siudad sang Juda.
Kaya ginpatawag ni Herodes idtoʼn mga madunong na tawo sa sikreto lang na makigkita sa iya kag ginhunga sa inda kun kasan-o gayod nagpakita an bituon.,Kay sa inyo katawhan magagikan ang isa ka pangulo
"Pakaaram niya nagtugon sa inda, “Magpa-Betlehem kamo kag hanapon sin maayo an bata. Kun makit-an niyo siya paaramon niyo ako kay agod makakadto man ako kag makasamba sa iya.”",nga magatuytoy sa akon mga tawo nga Israelinhon.’”
Pakabati san ginsabi san hadi nagralakat na sinda. Sa inda paglakat nakita an bituon na nagpakita sa sirangan. Amo ini an nagagiya sa inda hasta na nag-abot sa tungod san lugar na nahuhulidan san bata. Tapos nag-udong.,Dayon ginpatawag ni Herodes sing tago ang mga bisita halin sa Sidlangan kag nagpamangkot sing maid-id sa ila kon san-o gid nagpakita ang bituon.
Pakakita ninda sani na nangyari nalipay gayod sinda kag nagsulod sa balay.,"Dayon ginpakadto niya sila sa Betlehem kag ginmanduan, “Lakat kamo kag pangitaa sing maid-id ang bata, kag kon inyo sia makita pahibal-a ninyo ako, agod makakadto man ako kag magsimba sa iya.”"
"Pag-abot ninda didto nakit-an an bata kaupod si Maria na iya iloy. Nagruluhod dayon sinda kag nagsamba sa iya. Pakatapos inabrihan an inda mga surudlan kag naghalad sa iya sin mga regalo na oro, mira kag mahal na kamangyan.","9-10 Sang mabatian nila ang ginsiling sang hari, naglakat sila. Sang nagapanglakaton sila, nakita nila ang bituon nga nakita nila anay sa Sidlangan. Nagkalipay gid sila sang makita nila ang bituon. Nag-una ini sa ila kag nagdulog sa ibabaw sang lugar sa diin nahamtang ang bata."
Myintras didto pa sinda ginpadaanan sinda san Dios paagi sa damgo na dili magbalik kan Herodes. Kaya nag-uli sinda sa inda sadiri na nasyon na iba na an gin-agihan.,"Nagsulod sila sa balay kag nakita nila ang bata kaupod sang iya iloy nga si Maria. Nagluhod sila kag nagsimba sa bata. Dayon ginbuksan nila ang ila mga dala, kag nagdulot sila sa iya sang bulawan, insyenso, kag mira."
"Pakahali lang ninda may damgo si Jose. Didi nagpakita sa iya an anghel san Ginoo na nagasabi, “Magbangon ka, iupod an bata kag san iya iloy, tapos dumulag kamo pa-Ehipto kay hahanapon ni Herodes an bata agod patayon. Tapos didto lang anay kamo hasta na sabihan ko ikaw.”","Ginpaandaman sila sang Dios sa damgo nga indi sila magbalik kay Herodes, gani nagpauli sila paagi sa lain nga dalan."
Kaya nagbangon dayon si Jose kag gin-upod an bata kag san iloy sani pa-Ehipto sana mismo na gabi.,"Sang makahalin na ang mga bisita, ang anghel sang Ginoo nagpakita kay Jose sa damgo kag nagsiling, “Bangon ka, dalha ang bata kag ang iya iloy kag magpalagyo kamo sa Ehipto. Pabilin kamo didto tubtob magsiling ako sa inyo nga maghalin kamo kay si Herodes magapapangita sang bata sa pagpatay sa iya.”"
"Pakatapos nag-istar sinda didto hasta san pagkamatay ni Herodes. Nangyari ini agod matuman an ginsabi san Ginoo na paagi sa propeta,","Gani si Jose nagbangon kag gindala ang bata kag ang iloy sini sa sina gid nga gab-i pakadto sa Ehipto,"
“Gintawag ko an akon anak hali sa Ehipto.”,"sa diin sila nag-estar tubtob nga si Herodes napatay. Ini nahanabo agod matuman ang ginsiling sang Ginoo paagi sa propeta, “Gintawag ko ang akon anak nga lalaki halin sa Ehipto.”"
Daku-dako gayod an kaurit ni Herodes pakaaram na linuko siya sadtoʼn mga madunong na tawo. Kaya nagsugo siya na patayon didto sa Betlehem kag sa mga baryo sani an tanan na mga bata na lalaki na may duha ka tuig an edad paubos. Susog ini sa panahon na iya naaraman sadtoʼn mga madunong na tawo na nagpakita an bituon.,"Sang mahibal-an ni Herodes nga ginpalapaw sia sang mga bisita gikan sa Sidlangan, naakig gid sia. Nagmando sia nga pamatyon ang tanan nga mga bata nga lalaki sa Betlehem kag sa iya sini palibot nga mga banwa halin sa duha ka tuig paidalom, suno sa tion nga iya nahibal-an sa mga bisita kon san-o nagpakita ang bituon."
"Paagi sani natuman an ginsabi san propeta na si Jeremias,",Sa sini natuman ang ginsiling ni Jeremias nga propeta:
"“May nabati na tangis, nagabakho kag malanog na pagnguyngoy sa Rama.",“Isa ka tingog ang nabatian sa banwa sang Rama.
Ginatangisan ni Raquel an iya mga anak kag habo mag-udong kay sinda tanan patay na.”,Ang tingog sang pagpanalambiton kag paghinibi.
"Niyan pakapatay ni Herodes may anghel san Ginoo na nagpakita gihapon kan Jose sa damgo didto sa Ehipto na nagasabi,","Si Raquel nagahibi tungod sa iya mga kabataan,"
"“Magbangon ka, darha an bata kag san iya iloy tapos magkadto kamo sa Israel kay patay na idtoʼn mga nagahandom na ipapatay an bata.”","indi gid sia malugpayan,"
Nagbangon si Jose kag gin-upod an bata kag san iloy sani pakadto sa Israel.,kay sila nagkalamatay.”
Pero pakaaram niya na si Arquelao an nagsubli sa iya ama na si Herodes bilang hadi san Judea nahadlok si Jose na magbalik didto. Ugaling dahilan sa ginpadaanan na siya sa damgo naghali siya kag nagpakadto sa Galilea.,"Sang napatay na si Herodes, ang anghel sang Ginoo nagpakita paagi sa damgo kay Jose nga didto sa Ehipto"
"Didto naman siya nag-istar sa lungsod na ginatawag na Nazaret. Paagi sani natuman na an ginsabi san mga propeta manungod kan Jesus, “Pagatawagon siya na Nazareno.”","kag nagsiling, “Bangon ka, dalha ang bata kag ang iya iloy kag balik ka sa duta sang Israel kay patay na ang mga nagahingabot sa kabuhi sang bata.”"
"Nag-abot an panahon na magapakita si Juan na Parabunyag. Pagpakita niya nagtukdo siya sa Judea sa disyerto. Amo ini an iya mensahe sa mga nagakaradto sa iya,",Sa sadtong mga adlaw nag-abot si Juan nga manugbautiso nga nagawali sa desierto sang Judea.
“Magbasol kamo kag magbaya san pagkasala kay haros magtuna an pagahadi san Dios.”,"Nagsiling sia, “Untati ninyo ang pagpakasala, kay ang Ginharian sang langit malapit na!”"
"Si Juan an ginsambit san propeta na si Isaias san magsabi siya,",Si Juan amo ang tawo nga gintumod ni Isaias nga propeta sang magsiling sia:
“May nagasiyak sa disyerto,"“Nagawali sing mabaskog ang isa ka tawo sa desierto,"
‘Preparara an agihan para sa pag-abot san Ginoo.,"‘Amana ninyo ang alagyan para sa Ginoo,"
Tadunga an iya mga pagaagihan.’”,maghimo kamo sing tadlong nga dalan nga iya pagaagyan!’”
Nakasul-ot si Juan sin bado na himo sa barahibo san hayop na ginatawag na kamelyo. Ginpahaan niya sin anit kag an iya lang pagkaon mga duron kag dugos.,"Ang bayu ni Juan nahimo sa bulbol sang kamelyo, kag ang iya paha panit. Ang iya kalan-on apan kag dugos sa talon."
"Niyan may nagkaradto sa iya na damu-damo na taga-Jerusalem, taga-Judea kag mga tagaprobinsya sa magluyo san suba san Jordan.","Nagkadto sa iya ang mga tawo nga halin sa Jerusalem, halin sa bug-os nga probinsya sang Judea kag halin sa tanan nga mga lugar sa palibot sang Suba sang Jordan."
Didto sa suba san Jordan ginbunyagan niya sinda na nagaako san inda kasalan.,Gintuad nila ang ila mga sala kag ginbautisohan niya sila sa Jordan.
"San makita niya na damoʼn mga tawoʼn Pariseo kag mga Saduceo an nagaarabot agod magpabunyag gin-uritan niya sinda, “Kamo na bagaʼn mga sawa, nano, ginaisip niyo na makadulag sa maabot na grabe na kaurit san Dios?","Sang pagkakita ni Juan nga madamo ang mga Fariseo kag mga Saduceo nga nagpalapit sa iya sa pagpabautiso, nagsiling sia sa ila, “Mga kaliwat sang man-og! Sin-o bala ang nagsiling sa inyo nga makapalagyo kamo sa kaakig sang Dios nga madali na lang mag-abot?"
"Kun nagabasol kamo kag nagbaya san pagkasala, maghimoʼn mga pagpamatuod sani.",Pamatud-i ninyo sa inyo mga buhat nga naghinulsol kamo sang inyo mga sala.
"Pero basi iniisip niyo na dili na niyo kinahanglan magbaya pa sa iyo pagkasala kay si Abraham an iyo kalulululuhi kaya masasalbar na kamo. Ayaw kamo pag-isip sana. Ginasiguro ko sa iyo na bisan mga kalahi kamo ni Abraham kinahanglan niyo magbasol kag magbaya sa pagkasala. Kun habo kamo, kaya san Dios na makahimo sin tunay na mga kalahi ni Abraham hali sani na mga bato didi imbes sa iyo.",Indi kamo maghunahuna nga makapalagyo kamo sa silot paagi sa pagsiling nga si Abraham amo ang inyo amay. Nagasiling ako sa inyo nga ang Dios makahimo sining mga bato nga mga anak ni Abraham!
Tandai pa ini: bagaʼn mga kahoy kamo kag yana preparado na an wasay na iuutod sa gamot san mga kahoy. Idtoʼn dili nagabungaʼn matahom pagapuludon kag igadabok.”,Ang Dios handa na sa pagwasay sang mga kahoy sa ila mga gamot. Ang tagsa ka kahoy nga indi maayo ang bunga pagatapson kag ihaboy sa kalayo.
"Sabi pa ni Juan sa kadamuan, “Ako an nagapambunyag sa iyo paagi sa tubig bilang tanda na nagbasol kamo san kasal-an kag nagbaya sani pero may maabot na mas makagagahom pa ki sa akon kaya dili ngani ako angay bisan magdara san iya mga sandalyas. Siya an magabunyag sa iyo paagi sa Espirito Santo kag kalayo.","Nagabautiso ako sa inyo sang tubig sa pagpakilala nga naghinulsol kamo, pero ang magaabot nga dason sa akon magabautiso sa inyo sang Espiritu Santo kag sang kalayo. Mas gamhanan pa sia sang sa akon, kag indi gani ako takos bisan pa sa pagbitbit sang iya mga sandalyas."
Pagabulagon niya an mga maraot na tawo sa mga maayo pareho san paghimalid para ibulag an mga upa kag titipunon naman an mga humay sa kamalig. Tapos an mga upa susunugon niya sa dili mapaparong na kalayo.”,"Ginauyatan na niya ang iya inugpahangin sa pagpain sang tinggas sa upa. Dayon pagatipunon niya ang matinggas nga mga uyas sa iya bodega, pero pagasunogon niya ang upa sa kalayo nga indi gid mapalong.”"
Sani naman na panahon si Jesus na hali sa Galilea nagpakadto sa suba san Jordan agod magpabunyag kan Juan.,"Dayon nag-abot si Jesus sa Jordan halin sa Galilea, kag nagkadto sia kay Juan sa pagpabautiso."
"Ginabalibadan kuntani siya ni Juan na nagasabi, “Ako an nagakinahanglan na bunyagan mo pero ikaw lugod an nagkadi sa akon.”","Si Juan indi kuntani magbautiso sa iya nga nagasiling, “Ako ang dapat magpabautiso sa imo, kag ikaw pa karon ang nagpalapit sa akon?”"
"Sinabat siya ni Jesus, “Himuon ta ini yana dahilan na amo ini an dapat mangyari agod matuman an tanan na kagustuhan san Dios.” Kaya nagtugot si Juan kag ginbunyagan si Jesus.","Pero si Jesus nagsabat sa iya, “Sa subong, sigi lang. Kay sa sini nga paagi ginatuman ta ang tanan nga ginapaabot sang Dios.” Dayon nagpasugot si Juan."
Niyan pakabunyag kan Jesus naghaw-as siya dayon sa tubig. Tapos nagbuka an langit kag nakita niya an Espirito san Dios na nagapaitsura bagaʼn salampati nagalusad pakadto sa iya.,"Gani ginbautisohan si Jesus. Sa gilayon sang pagtakas niya sa tubig, nag-abri ang langit kag nakita niya ang Espiritu sang Dios nga nagkunsad subong sang isa ka pating kag naghapon sa iya."
"Tapos may boses na nabati hali sa langit, “Ini an akon palangga na anak na ginakalipay ko gayod.”","Kag may tingog gikan sa langit nga nagsiling, “Amo ini ang hinigugma ko nga Anak nga akon gid nahamut-an.”"
Pakatapos sani gin-giyahan si Jesus san Espirito Santo pakadto sa disyerto agod matintaran san demonyo.,Dayon si Jesus gindala sang Espiritu Santo sa desierto agod sulayon sang Yawa.
Nag-ayuno si Jesus sin 40 na adlaw kag 40 na gab-i. Pakatapos ginutom siya.,"Sa tapos ang kwarenta ka adlaw kag kwarenta ka gab-i nga pagpuasa, si Jesus gingutom."
"Sani nag-abot an nagatintar kag sinabihan siya, “Kun matuod na anak ka man gayod san Dios sugua ini na mga bato na magin tinapay.”","Ang Yawa nagpalapit sa iya kag nagsiling, “Kon ikaw ang Anak sang Dios, sugoa ining mga bato nga mangintinapay.”"
"Pero nagsabat si Jesus, “Nasurat sa Banal Na Kasuratan, ‘Dili lang tinapay an makapabuhay sa tawo kundi an kada surmaton san Dios.’,”","Pero si Jesus nagsabat, “Ang kasulatan nagasiling, ‘Indi lamang sa tinapay mabuhi ang tawo, kundi sa tagsa ka pulong nga ginahambal sang Dios.’”"
Pakatapos gin-upod siya san demonyo sa banal na syudad kag pinatindog sa alituktok san templo.,"Dason gindala sang Yawa si Jesus sa Jerusalem, ang Balaan nga Siudad kag ginpatindog sia sa pinakamataas nga bahin sang Templo,"
"Tapos, ginsabihan naman, “Kun matuod na anak ka man gayod san Dios, lumukso ka hali didi kay nasurat,","kag nagsiling ang Yawa sa iya, “Kon ikaw ang Anak sang Dios, lukso ka paidalom, kay ang kasulatan nagasiling,"
‘Pagasuguon niya an iya mga anghel na atamanon ka.,"‘Ang Dios magasugo sa iya mga anghel sa pagbantay sa imo,"
"Kaya pagahuyutan ka ninda agod bisan an imo mga tiil dili masakitan sa bato.’,”","bayawon ka nila sa ila mga kamot,"
"Pero ginsabihan siya ni Jesus, “Nasurat man, ‘Dili mo dapat pagporbaran an Ginoo na imo Dios.’,”",agod nga indi masamad ang imo mga tiil sa mga bato.’”
Gin-upod naman siya san demonyo sa tuktok san hataas gayod na bukid kag ginpakita sa iya an tanan na kahadian san kinab-an kag san kabantugan sani.,"Si Jesus nagsabat, “Pero ang kasulatan nagasiling man, ‘Indi mo pagsulayon ang Ginoo nga imo Dios.’”"
"Tapos, sinabihan siya, “Ini tanan ihahatag ko sa imo kun magluhod ka kag magsamba sa akon.”","Dason gindala pa gid sang Yawa si Jesus sa isa ka tama ka taas nga bukid, kag ginpakita sa iya ang tanan nga mga ginharian sang kalibutan kag ang kadayawan sini."
"Pero, sinabat siya ni Jesus, “Humali ka, Satanas, kay nasurat,","Ang Yawa nagsiling, “Ini tanan ihatag ko sa imo kon magluhod ka kag magsimba sa akon.”"
"‘Sambaha an Ginoo na imo Dios kag siya lang gayod an imo dapat pagsirbihan.’,”","Si Jesus nagsabat, “Palayo ka, Satanas! Ang kasulatan nagasiling, ‘Magsimba ka sa Ginoo nga imo Dios, kag sia lamang ang imo alagaron!’”"
Pakatapos binayaan siya san demonyo kag nag-arabot an mga anghel agod mag-ataman sa iya.,"Dayon ang Yawa nagbiya kay Jesus, kag ang mga anghel nag-abot kag nag-alagad sa iya."
Niyan pakabarita ni Jesus na ginpapriso si Juan nagbalik siya sa Nazaret sa Galilea.,"Sang mabatian ni Jesus nga ginbilanggo si Juan, nagkadto sia sa Galilea."
Dili nagdugay naghali siya didto kag nag-istar sa Capernaum sa higad san danaw na lungsod sa lugar san Zebulun kag Neftali.,"Naghalin sia sa Nazaret kag nagkadto sa pag-estar sa Capernaum, ang banwa sa higad sang Linaw sang Galilea nga sakop sang Zabulon kag Neftali."
"Nangyari ini agod matuman an ginsabi san propeta na si Isaias na,",Nahanabo ini agod matuman ang ginsiling ni Isaias nga propeta:
"“Mga tawo didto sa lugar san Zebulun kag Neftali,","“Kamo nga mga taga-Zabulon, kamo nga mga taga-Neftali,"
"sa may kalundan man sa patabok san Jordan kag sa Galilea na may nagaistar na damo na mga dili-Judio,","sa dalan padulong sa baybayon, sa tabok sang Jordan."
kamo na nabubuhay sa kadulman san kasal-an nakakita sin grabe na kapaw-an.,"Galilea, ang duta sang mga Hentil!"
Idto man na mga nagaistar sa lugar na may anino san kamatayon nabanaagan sani!”,Ang mga tawo nga nagakabuhi sa kadudulman
"Tuna sadto nagpahayag si Jesus sani na mensahe, “Magbasol kamo san iyo kasal-an kag magbaya sani kay haros magtuna na an pagahadi san Dios.”",makakita sang daku nga kapawa.
Myintras nagalakat si Jesus sa higad san danaw san Galilea nakita niya an magmanghod na Simon na ginatawag na Pedro kag san manghod sani na si Andres. Mga parapangisda sinda kaya adto didto sinda sa lawod nagapanglambat.,Sa mga nagaestar sa madulom nga duta sang kamatayon
"Nagtawag siya sa inda, “Mag-upod kamo sa akon kay tukduan ta kamo na magin mga parapanglambat sin mga tawo.”",ang kapawa magasilak.”
Ginbayaan dayon ninda an mga lambat kag nag-upod sa iya.,"Halin sadto nga tion si Jesus nagsugod sa pagpangwali nga nagasiling, “Magbiya kamo sa inyo mga sala tungod kay ang Ginharian sang langit malapit na!”"
"Sa uruunhan may nakita naman siya na duha pa na magmanghod na sinda Santiago kag Juan na mga anak ni Zebedeo. Adto sinda sa inda sakayan na nagatungkap san inda mga lambat kaupod an ama, tapos gintawag sinda ni Jesus.","Sang nagalakat si Jesus sa higad sang Linaw sang Galilea, nakita niya ang duha ka mag-utod nga mangingisda. Sila amo sanday Simon nga ginatawag Pedro kag si Andres nga iya utod nga nagaladlad sang ila pukot sa pagpangisda."
Kaya ginbayaan man dayon ninda an inda ama na si Zebedeo sa sakayan kag nag-upod naman kan Jesus.,"Si Jesus nagsiling sa ila, “Upod kamo sa akon kay tudloan ko kamo sa pagpangisda sang mga tawo.”"
"Ginpanglibot ni Jesus an bilog na Galilea na nagapangtukdo sa inda mga sinagoga, nagapahayag san Maayo Na Barita san kahadian kag ginapaayo an manlain-lain na sakit kag mga dipirensya sa lawas san mga tawo.",Sa gilayon ginbayaan nila ang ila mga pukot kag nag-upod sa iya.
"Tapos an barita manungod sa iya nakalukop sa bilog na Siria. Kaya gindara sa iya an tanan na mga masakiton na may manlain-lain na ginabatyag kag kasakitan. Amo man an mga nagkasurudlan san maraot na espirito, mga buntugon kag mga paralitiko kag ginpaayo naman niya sinda tanan.","Naglakat pa gid si Jesus sa unhan kag nakita naman niya ang duha ka mag-utod nga amo sanday Santiago kag Juan nga mga anak ni Zebedeo. Didto sila sa ila sakayan kaupod sang ila amay nga si Zebedeo nga nagaaman sang ila mga pukot. Gintawag sila ni Jesus,"
"Damo na katawuhan an nagsurunod sa iya. Taga-Galilea sinda, taga-Decapolis, taga-Jerusalem, taga-Judea kag may hali pa sa unhan san Jordan.",kag sa gilayon ginbayaan nila ang ila sakayan kag ang ila amay kag nag-upod sila kay Jesus.
Pakakita ni Jesus san damu-damo na mga tawo nagsagka siya sa bukid. San mag-ingkod siya nag-arapiki an iya mga disipulos.,"Sang makita ni Jesus ang madamo nga mga tawo nga nagasunod sa iya, nagtaklad sia sa bukid. Sang nakapungko sia, nagpalapit sa iya ang iya mga gintuton-an,"
Tapos nagtuna siya pagsurmaton kag amo ini an iya katukduan.,kag nagsugod sia sa pagtudlo sa ila sang masunod:
“Malipay an mga nagaako na kinahanglan gayod ninda an Dios kay para sa inda an kahadian san langit.,"“Malipayon ang mga nagakilala nga sila nagakinahanglan sang Dios,"
Malipay an mga nagaagrangay kay pagalipayon.,kay ila ang Ginharian sang langit!
Malipay an mga mapainubuson kay iiredaron ninda an bilog na kinab-an.,"“Malipayon ang mga nagakasubo,"
Malipay an mga nagahandom gayod na magtuman san kagustuhan san Dios pareho san tawo na ginagutom kag ginauhaw kay tutumanon san Dios an inda ginahandom.,kay pagalipayon sila sang Dios!
Malipay an mga maluluy-on kay pagakaluy-an man sinda san Dios.,"“Malipayon ang mga mapainuboson,"
Malipay an mga may malinis na tagipusuon kay makakaatubang ninda an Dios.,kay magabaton sila sang ginsaad sang Dios!
Malipay an mga nagapasiro kay tatawagon sinda na mga anak san Dios.,"“Malipayon ang may daku nga handom sa paghimo sang ginapaabot sang Dios,"
Malipay an mga ginapasakitan sa pagtuman ninda sa pagbuot san Dios kay para sa inda an kahadian san langit.,kay ang Dios magahatag sing katumanan sina nga handom!
"“Malipay kamo kun ginatuya-tuya kamo san mga tawo, ginapasakitan kag ginapakaraot paagi sa mga buwa dahilan sa pagsunod niyo sa akon.","“Malipayon ang mga maluloy-on,"
Magsadya kamo kag magkalipay kay dako gali an nakatigana para sa iyo na premyo sa langit. Pareho man sani an pagpasakit sadtoʼn nagkauruna sa iyo na mga propeta.,kay pagakaluoyan man sila sang Dios!
"“Pareho kamo san asin para sa kinab-an pero kun an asin mawar-an sin lasa pan-o pa ini mapapaarat gihapon? Wara na iniʼn pulos pa kundi itapok, tapos tamak-tamakan lang san mga tawo.","“Malipayon ang may putli nga tagipusoon,"
“Kamo ilaw para sa kinab-an pareho san syudad na nasa ibabaw san bukid dili matatago.,kay makita nila ang Dios!
Wara gayod sin masindi sin ilawan tapos isusulod la sa baldi kundi ginabutang sa dapat na tungtungan agod makapapawa sa tanan na ada sa sulod san balay.,"“Malipayon ang nagapaluntad sang paghidait sa tunga sang mga tawo,"
Sugad man kamo talinguhaa na magin ilaw para sa katawuhan na makita man lugod ninda an iyo matanos na hinimuan kaya pagaumawon an iyo Ama na adto sa langit.,kay ang Dios magatawag sa ila nga iya mga anak!
“Ayaw niyo paghunaa na nagkadi ako agod paraon an Kasuguan ni Moises kag an katukduan san mga propeta kundi agod tumanon ini tanan.,"“Malipayon ang mga ginahingabot tungod kay ginahimo nila ang ginapaabot sang Dios sa ila,"
Ginasiguro ko sa iyo na myintras may langit kag duta waraʼn mapapara na parte o linya sani na Kasuguan hasta na matuman an tanan.,kay ila ang Ginharian sang langit!
Kaya pagakilalahon na bantog sa kahadian san langit an magtuman san Kasuguan kag magtukdo sa mga iba na amo man an himuon. Pero ibibilang naman na waraʼn pakinabang sa kahadian san langit an makasala bisan sa usad la na sugo kag magtukdo sa iba na amo man an himuon.,“Malipayon kamo kon ang mga tawo magpasipala kag maghingabot kag magbutangbutang sa inyo tungod kay kamo sumolunod ko.
Tandaan an ginasabi ko: kun an iyo pagkamatanos dili maglabaw san sa mga Pariseo kag mga paratukdo san Kasuguan dili gayod kamo makasulod sa kahadian san langit.”,"Magkalipay kag maghinugyaw kamo, tungod kay daku ang inyo balos sa langit. Kay amo ini nga paghingabot ang naaguman sang mga propeta nga nauna sa inyo."
"Nagpadayon si Jesus, “Nabatian na niyo an ginsabi ni Moises sa aton mga kalulululuhi, ‘Dili ka magpatay kay an magpatay pagahusgaran.’","“Kaangay kamo sang asin para sa mga tawo. Pero kon ang asin indi na maarat, wala na sing paagi nga mapaarat pa ini. Wala na ini sing pulos kundi itampok sa dalan kag tapakon sang mga tawo."
"Pero amo ini an masasabi ko, bisan an maurit sa iya kapwa pagahusgaran man. An magpakaalo sa iya kapwa pagapaatubangon sa pinakahataas na korte san mga Judio kag an magsabi sa iya kapwa, ‘Buang ka!’ pagahusgaran para sa kalayo sa impyerno.",“Kaangay kamo sang kapawa para sa kalibutan. Ang siudad nga napatindog sa ibabaw sang bakulod indi matago.
"“Kaya kun makadto ka sa altar san Dios para maghalad, tapos madumduman mo na an imo kapwa may maraot na buot sa imo,","Wala sing tawo nga nagasindi sing suga nga takloban man lang niya ini sang sulokban, kundi ginabutang niya ini sa tulongtungan agod maiwagan ang tanan nga yara sa balay."
insigida bayai anay an imo halad sa atubangan san altar. Tapos kumadto ka sa iya agod makigsiro. Pakatapos bumalik ka kag amo na maghalad.,"Subong man dapat ninyo pasigahon ang inyo kapawa sa mga tawo agod makita nila ang inyo maayo nga mga binuhatan, kag magadayaw sila sa inyo Amay nga yara sa langit."
"“Kun may tawo na masampa sin kaso kontra sa imo, makiulian ka tulos myintras nagapakadto pa lang kamo sa husgado kay basi iintriga ka sa huwes kag ihatag ka niya sa gwardya, tapos prisuhon ka.","“Indi kamo maghunahuna nga nag-abot ako sa pagdula sang Kasugoan ni Moises kag sang mga ginpanudlo sang mga propeta. Wala ako mag-abot sa pagdula sini, kundi sa pagdala sang katumanan sini."
Kun mangyari dili ka gayod makaluwas hasta na mabayadan an tanan mo na nautang.,"Dumdoma ninyo ini! Samtang may langit pa kag duta, wala sing bisan isa ka kudlit ukon labing diutay nga bahin sang Kasugoan nga pagadulaon tubtob nga matuman ang tanan."
"“Nabatian na niyo an nasabi sa Kasuguan, ‘Dili ka magpanambay!’","Gani, ang bisan sin-o nga maglapas sang pinakadiutay sang mga kasugoan kag magpanudlo sa iban sa paglapas man, manginlabing kubos sa Ginharian sang langit. Pero ang bisan sin-o nga magtuman sang Kasugoan kag magtudlo sa iban sa pagtuman man, mangindaku sa Ginharian sang langit."
"Pero amo ini an masasabi ko, kun may nagaturok sa babayi na may malaw-ay na paghandom nagkasala na siyaʼn pagpanambay sa iya sadiri na tagipusuon.","Gani nagasiling ako sa inyo nga sarang lang kamo makasulod sa Ginharian sang langit, kon ang inyo katutom sa pagtuman sang ginapaabot sang Dios sa inyo, maglabaw pa sang sa katutom sang mga manunodlo sang Kasugoan kag sang mga Fariseo."
"Usad pa, kun an imo tuo na mata amo an dahilan san imo pagkakasala, lukata kag itapok ina. Mas maayo pa na mawar-an sin usad na parte san imo lawas kisa an bilog mo na lawas itapok sa impyerno.","“Inyo nabatian ang ginsiling sang una sa inyo mga katigulangan, ‘Indi ka magpatay sang tawo. Ang bisan sin-o nga makapatay pagadalhon sa hukmanan.’"
"Dili la ina, kun an dahilan san imo pagkakasala amo an imo tuo na kamot, utuda kag itapok. Mas maayo pa na mawar-an sin usad na parte an imo lawas kisa an bilog mo na lawas itapok sa impyerno.","Pero karon nagasiling ako sa inyo nga ang bisan sin-o nga nagakaakig sa iya utod, pagadalhon sa hukmanan, kag ang bisan sin-o nga nagapakalain sa iya utod, sa pagsiling sa iya, ‘Hoy, waay ka pulos!’ pagadalhon sa Pinakamataas nga Hukmanan, kag ang bisan sin-o nga nagasiling sa iya utod, ‘Hoy, buang!’ may katalagman nga magpaimpierno."
"“Nasabi man sa Kasuguan, ‘Kun may makigbulag sa iya asawa na babayi, dapat na hatagan niya siyaʼn kasuratan san inda pagbulag.’","Gani kon nagahalad ikaw sang imo dulot sa altar kag dira madumdoman mo nga ang imo utod may aligutgot sa imo,"
"Pero amo ini an masasabi ko, kun may lalaki na makigbulag sa iya asawa dahil sa nano man na dahilan, pwera lang kun nagpanambay na ini, ginapakasala niya siyaʼn panambay kun mag-asawa ini gihapon. Nagakasala man sin pagpanambay an mag-asawa sa babayi na ginbulagan.","bayai anay ang imo dulot sa atubangan sang altar. Maglakat ka kag sa gilayon magpakighusay sa imo utod, kag ugaling magbalik ka kag maghalad sang imo dulot sa Dios."
"“Nabatian pa niyo an ginsabi ni Moises sa aton mga kalulululuhi kasadto pa, ‘Dili ka magbuwa kundi tumanon an nano man na ginsumpa mo sa Ginoo.’","“Kon may tawo nga magsumbong sa imo sa hukmanan, magpakighusay ka sa iya samtang may tion pa kag wala pa kamo makakadto sa hukmanan, kay kon didto na kamo, iya ikaw itugyan sa hukom kag ang hukom magatugyan sa imo sa gwardya, kag isulod ka sa bilangguan."
"“Pero amo ini an masasabi ko, ‘Dili ka gayod magsumpa kun magtuga. Ayaw pagsumpa paagi sa pagsambit san langit kay ina an trono san Dios,","Nagasiling ako sa imo, magapabilin ka didto tubtob mabayaran mo ang tanan mo nga multa."
"ni paagi san duta kay ina an tungtungan san iya tiil, ni paagi san Jerusalem kay ina an syudad san Makagagahom na Hadi.","“Nabatian ninyo ang ginsiling sang una, ‘Indi kamo magpanginbabayi ukon magpanginlalaki.’"
Ayaw man pagsumpa na magsambit san imo sadiri na ulo kay bisan usad man san imo buhok dili mo kaya na papution o paitumon.,"Pero karon nagasiling ako sa inyo: ang bisan sin-o nga nagatulok sa babayi kag nagahandom sa pagpakighilawas sa iya, nakapakasala na sang pagpanginbabayi sa iya tagipusoon."
"Kaya sabihon mo na lang na oo kun oo an igasabat, kag dili kun dili. Nagahali na sa demonyo an nano man na magsobra pa sana.","Gani kon ang imo tuo nga mata, manginkabangdanan sang imo pagpakasala lukata ini kag ihaboy! Mas maayo pa nga madula ang isa ka bahin sang imo lawas sang sa itagbong ang imo bug-os nga lawas sa impierno."
"“Niyan nabati man niyo na nasabi sa Kasuguan, ‘Mata sa mata kag ngipon sa ngipon an pagahusgar niyo.’","Kon ang imo tuo nga kamot manginkabangdanan sang imo pagpakasala, utda ini kag ihaboy! Mas maayo pa nga madula ang isa ka bahin sang imo lawas sang sa itagbong ang imo bug-os nga lawas sa impierno."
"“Pero amo ini an masasabi ko, ayaw pag-ato sa mga maraot na tawo kundi kun sampadungon ka sa tuo mo na pisngi, pabayaan la siya na sampadungon pa hasta an luyo.","“Nasiling pa gid, ‘Ang bisan sin-o nga magbulag sa iya asawa, kinahanglan maghatag sia sa iya asawa sang papeles sang pagbulagay.’"
"Sugad man kun iakusar ka para kuhaon an imo bado, pabayaan la siya na kuhaon pa an imo alikboy.","Pero karon nagasiling ako sa inyo: ang bisan sin-o indi magbulag sa iya asawa luas lamang sa kabangdanan nga sia nagpanginlalaki. Kon bulagan sia, ang iya bana amo ang may salabton nga sia nagpanginlalaki, subong nga ang bisan sin-o nga tawo nga nagpangasawa sa iya nakasala sa pagpanginbabayi."
"Kun may magpirit sa imo na magpaupod sin usad ka kilometro para magbitbit san iya kargada, updan mo pa hasta sa duha ka kilometro.","“Inyo man nabatian ang ginsiling sa mga tawo sang una, ‘Indi ka magsumpa sang indi mo man lang pagtumanon, kundi tumanon mo ang imo ginsumpa sa Ginoo.’"
Tagaan mo an nagapangayo sa imo kag ayaw pagbalibadi an magautang sa imo.,"Pero karon nagasiling ako sa inyo: indi kamo magsumpa kon magsaad kamo. Indi kamo magsumpa nga nagasiling, ‘Saksi ko ang langit,’ kay amo ini ang trono sang Dios,"
"“Nabatian pa niyo an nasabi sa Kasuguan, ‘Kamut-an niyo an iyo katakin kag kabadlian an iyo kaaway.’","ukon magsiling, ‘Saksi ko ang duta,’ kay amo ini ang tulongtungan sang iya mga tiil, ukon magsiling, ‘Saksi ko ang Jerusalem,’ kay amo ini ang siudad sang gamhanan nga Hari."
"“Pero amo ini an masasabi ko, kamut-an niyo an iyo kaaway kag ipangadyi idtoʼn nagapasakit sa iyo","Indi ka man magpanumpa nga nagasiling, ‘Bisan utdan pa ako sang ulo,’ tungod kay indi ikaw makapaputi ukon makapaitom sang bisan isa lang ka nahot nga buhok."
agod maipakita niyo na tunay kamo na mga anak san iyo Ama na adto sa langit tungod na siya an nagapasirak san adlaw sa mga maraot kag matanos kag amo man an nagapauran sa inda tanan.,"Magsiling lang kamo ‘Huo’ ukon ‘Indi’ kay ang bisan ano pa nga dugang sini, nagagikan sa Yawa."
"Kay kun an mga namumut-an niyo idto lang na may pagkamuot sa iyo ayaw niyo paglaumi na pagapremyuhan kamo san Dios. Nano, dili ginahimo man ina san mga makasal-anon na parasukot san buwis?","“Nabatian ninyo ang ginsiling, ‘Kon lukaton niya ang imo mata, lukata man ang iya, kag kon bingawon niya ang imo ngipon, bingawa man ang iya.’"
"Kay kun an iyo ginatin-o an iyo lang mga kakilala, nano an kaibahan sa pagkamuot niyo sani sa iba? Nano, dili ginahimo man ina san mga dili-Judio?","Pero karon nagasiling ako sa inyo: indi kamo magtimalos sa nagabuhat sing malain sa inyo. Kon tampaon ka sa imo tuo nga guya, itaya man ang imo pihak nga guya sa iya."
Kaya magpakabanal kamo na pareho man san Dios na iyo Ama sa langit.”,"Kon may tawo nga magsumbong sa imo sa korte sa tuyo nga kuhaon niya ang imo bayu, ihatag man sa iya pati ang imo kunop."
"Nagpadayon si Jesus, “Paghimat na dili niyo ginahimo an iyo mga maayo na himo agod dayawon lang kamo san mga tawo. Kun himuon niyo ini, dili kamo babalusan san iyo Ama sa langit.",“Mag-andam kamo nga indi magpakitakita sa mga tawo sang inyo maayo nga ginahimo. Kay kon magpakitakita kamo wala na kamo sing balos sa inyo Amay nga yara sa langit.
"“Kaya kun may gusto sa iyo maglimos, ayaw pagpadayaw sa sadiri paagi sa pagpatunog sa trumpita sana mismo na oras na pareho san mga pakitaʼn-tawo lang na ginahimo sa sulod san mga sinagoga kag bisan sa mga kamino agod dayawon sinda san mga tawo. Ginasiguro ko sa iyo na nabaton na ninda an balos.","“Gani kon ikaw magpanglimos, indi mo ini pag-ipanugidsugid subong sang ginahimo sang mga tawo nga salimpapaw sa mga sinagoga kag sa mga dalan. Ginahimo nila ini agod nga ang mga tawo magdayaw sa ila. Dumdoma ninyo ini! Nabaton na nila ang ila balos."
"Pero kun ikaw maglimos, sa sikreto lang. Halimbawa, ayaw pag-ipaaram sa wala mo na kamot kun nano an ginahimo san imo tuo,","Pero kon magbulig ka sa tawo nga nagakinahanglan, himua nga bisan ang imo mahirop nga abyan indi makahibalo,"
kay agod an imo Ama na amo an nakakita san tanan na ginahimo mo sa sikreto amo an mabalos sa imo.,kundi ikaw gid lang. Kag ang imo Amay nga nagatan-aw sang imo ginahimo sa tago magabalos sa imo.
“Niyan kun kamo nagapangadyi ayaw pag-irog sa mga pakitaʼn-tawo lang. Naiila sinda mangadyi na nakatindog sa mga sinagoga kag sa mga kanto san mga kamino agod makita san mga tawo. Ginasiguro ko sa iyo na nabaton na ninda an balos.,"“Kon magpangamuyo kamo, indi kamo magmanginkaangay sa mga tawo nga hipokrito! Luyag sila magpangamuyo nga nagatindog sa mga sinagoga kag sa mga ginsang-an sang mga dalan, agod nga makita sila sang mga tawo. Dumdoma ninyo ini! Nabaton na nila ang ila balos."
"Pero kun ikaw magapangadyi, magsulod sa imo kwarto, sirahi an pwertahan kag mangadyi sa imo Ama na dili nakikita. Tapos siya na maaram san ginhimo mo sa sikreto an mabalos sa imo.","Pero kon magpangamuyo ka, sulod ka sa imo kwarto, sirahi ang pwertahan kag magpangamuyo ka sa imo Amay nga indi makita. Kag ang imo Amay nga nagatan-aw sang imo ginahimo sa tago magabalos sa imo."
“Niyan sa iyo pangadyion ayaw pagparasurmaton sin mga waraʼn pulos pareho san ginahimo san mga dili-Judio kay nagahuna sinda na paagi san inda halaba na mga pagpangadyi babation sinda.,"“Sa inyo pagpangamuyo indi kamo maggamit sang madamo nga mga pulong nga wala sing pulos subong sang ginahimo sang mga pagano, nga nagahunahuna nga pagapamatian sila sang ila mga dios tungod kay malawig ang ila mga pangamuyo."
Ayaw pag-irog sa inda kay aram na dati san iyo Ama kun nano an kinahanglan niyo antes kamo mangayo sa iya.,"Indi kamo magmanginkaangay sa ila, kay ang inyo Amay nakahibalo na sang inyo kinahanglan sa wala pa kamo makapangayo sa iya."
"Pareho sani an iyo pagpangadyi,",Gani magpangamuyo kamo sing subong sini:
"‘Ama namon sa langit,","‘Amay namon nga yara sa langit,"
"pagalangan an banal mo na ngaran,",pasidunggan ang imo balaan nga ngalan;
Mag-abot lugod an pagahadi mo sa duta.,"kabay ang imo paghari magsugod,"
Matuman man an pagbuot mo didi sugad man sa langit.,kabay matuman ang imo kabubot-on sa duta subong sang sa langit.
Hatagi man kami yana san amon kinahanglan na pagkaon.,"Hatagi kami sa sini nga adlaw sang kalan-on nga amon kinahanglanon,"
Patawada kami san amon mga sala pareho san pagpatawad namon san mga nagkasala sa amon.,"Patawara kami sang amon mga sala,"
Ayaw man kami pagtuguti na masugtan kundi ilikay kami sa karautan kay,subong nga ginapatawad man namon ang mga nakasala sa amon.
ikaw an pinakalabaw na hadi na may poder kag glorya hasta na lang.’,"Indi kami pagdalha sa mabudlay nga pagtilaw,"
"“Kaya kun patawadon niyo an mga nagkasala sa iyo, pagapatawadon man kamo san iyo Ama sa langit.",kundi luwasa kami sa Malaut.
"Pero kun dili niyo sinda mapatawad, dili man kamo papatawadon san iyo Ama sa langit.","“Kay kon ginapatawad ninyo ang mga nakasala sa inyo, ang inyo Amay sa langit magapatawad man sa inyo."
"“Kun mag-ayuno kamo, ayaw pagkuris-ong na pareho san mga pakitaʼn-tawo lang. Sinda nagakuris-ong agod makita san mga tawo na sinda nagaayuno. Ginasiguro ko sa iyo na nabaton na ninda an balos.","Pero kon wala ninyo ginapatawad ang mga nakasala sa inyo, ang inyo Amay sa langit indi man magpatawad sa inyo."
"Pero kun mag-ayuno kamo, sudlaya an iyo buhok kag maghiram-os,","“Kag kon magpuasa kamo, indi kamo magpakita nga masinulob-on kamo subong sang ginahimo sang mga hipokrito, kay luyag sila magpakita sa ila guya sang kagutom agod ang mga tawo makahibalo nga sila nagapuasa. Dumdoma ninyo ini! Nabaton na nila ang ila balos."
agod dili mamangnuhan san mga tawo an iyo pag-ayuno kundi an iyo lang Ama na dili nakikita. Tapos siya na maaram san tanan na ginahimo sa sikreto amo an mabalos sa iyo.,"Pero kon magpuasa kamo, magpanghilam-os kag magpanghusay kamo,"
"“Dili kamo magtipon sin kayamanan didi sa mundo kun diin pagabukbukon, pagakalawangon kag may mga tawo na magapirit pagsulod agod mangawat.","agod nga ang iban nga mga tawo indi makahibalo nga nagapuasa kamo, kundi ang inyo lamang Amay nga indi makita. Kag ang inyo Amay nga nagatan-aw sang inyo ginahimo sa tago magabalos sa inyo."
Kundi magtipon lugod kamoʼn kayamanan sa Dios sa langit na wara sin makasira bisan bukbok o kalawang kag dili makakawat.,"“Indi kamo magtipon sing mga manggad para sa inyo kaugalingon diri sa duta, sa diin ang mga sapatsapat kag ang tuktok makaut-ot kag ang mga makawat makasulod sa pagpangawat."
"Nasabi ko ini kay kun hain an imo kayamanan, adto man an kaila san imo tagipusuon.","Sa baylo, magtipon kamo sing mga manggad sa langit, sa diin wala sing sapatsapat kag tuktok nga makaut-ot kag ang mga makawat indi makasulod sa pagpangawat."
"“Pareho san ilaw an mata para sa lawas. Niyan kun maayo an imo mata, mapapawaan man an bilog na lawas.",Kay kon diin ang inyo manggad didto man ang inyo tagipusoon.
"Pero kun maraot an imo mata madulom man an bilog mo na lawas. Kaya, kun an ilaw sa imo madulom, grabe gayod an kadulom sani!","“Ang mga mata kasubong sang suga sa lawas. Kon ang imo mga mata maayo, ang imo bug-os nga lawas puno sang kapawa."
"“Wara sin makapauripon sin sabay sa duha na amo kay pagakabadlian niya an usad kag pagapalabihon an ikaduha. Kun dili sugad sani, magigin matinumanon siya sa usad kag igasikway an ikaduha. Dili kamo pwede makapauripon sin sabay sa Dios kag sa kwarta.”","Pero kon ang imo mga mata indi maayo, ang imo bug-os nga lawas yara sa kadudulman. Gani kon ang kapawa nga yara sa imo manginkadudulman, daw ano pa gid kadulom ina nga kadudulman!"
"Nagpadayon si Jesus, “Kun sugad, tandaan an ginasabi ko: ayaw kahandal kun nano an iyo kakaunon kag iinumon agod mabuhay. Amo man kun nano an ibabado sa iyo lawas. Nasabi ko ini kay igwaʼn mas mahalaga pa sa pagkabuhay ki sa pagkaon kag sa lawas ki sa bado.","“Wala sing tawo nga makaalagad sa duha ka agalon. Kay kontrahon niya ang isa kag higugmaon ang isa, ukon magadampig sia sa isa kag magatamay sa isa. Indi kamo makaalagad sing dungan sa Dios kag sa manggad."
"Masdi an mga sapat. Dili ini nagatanom, dili nagaani kag dili nagatipon sa kamalig kundi ginapakaon ini san iyo Langitnon na Ama. Nano, dili mas mahalaga pa kamo kisa sa inda?","“Amo ini ang kabangdanan kon ngaa nagasiling ako sa inyo nga indi kamo magpalibog kon ano ang inyo pagakaunon kag pagaimnon agod kamo mabuhi, ukon ano ang inyo isuksok sa inyo lawas. Indi bala ang kabuhi mas labi pa sang sa kalan-on kag ang lawas mas labi pa sang sa panapton?"
"Kun sa bagay, sin-o man sa iyo an makadagdag sin usad ka oras sa iya pagkabuhay kun magahandal? Wara gayod!","Tan-awa bala ang mga pispis sa palibot: wala sila nagasab-og sing binhi ukon nagaani, ukon nagatipon sang patubas sa mga bodega, pero ang inyo Amay sa langit nagapakaon sa ila! Indi bala mas mahal pa kamo sang sa ila?"
"“Usad pa, nano kay nahahandal kamo kun nano an iyo ibabado? Masdi niyo kun pan-o nagaturubo an mga burak sa kabukidan. Dili ini nagatrabaho kag dili nagatahi san mga bado.",Sin-o bala sa inyo ang makadugang sing mga tinuig sa iya kabuhi paagi sa pagpalibog tungod sini?
"Pero tandaan an sasabihon ko sa iyo na bisan si Solomon, na mayaman gayod, wara nakasul-ot sin pareho katahom san usad man sani na mga burak.","“Kag ngaa bala magpalibog kamo nahanungod sang inyo mga bayu? Tan-awa bala kon paano ang pagtubo sang mga bulak sa latagon, wala sila nagapangabudlay ukon nagahimo sang ila mga bayu."
"Niyan kun ginabaduan ngani san Dios an dinghot na ada yana buhay, kag pagkabuwas igadabok, dili ba kamo nagatuod na kamo mismo mababaduan niya? Mga kulang gayod kamo sin pagtuod!","Pero nagasiling ako sa inyo nga bisan pa si Haring Solomon sa iya kamanggaran, wala makasuksok sing bayu nga subong katahom sini nga mga bulak."
"Nagpadayon si Jesus pagtukdo, “Dili kamo maghusgar agod dili man kamo paghusgaran.","“Indi kamo maghukom sa iban, agod ang Dios indi man maghukom sa inyo."
Matuod ini kay kun pan-o kamo maghusgar sa iba amo man an gagamiton paghusgar sa iyo. Sugad man an sukol na ginagamit niyo sa iba amo man an sukol na gagamiton sa iyo.,"Kay ang Dios magahukom sa inyo suno sa inyo paghukom sa iban, kag ang talaksan nga inyo ginagamit sa iban, amo man ang talaksan nga gamiton sang Dios sa paghukom sa inyo."
“Nano kay nakikita mo an puling sa mata san imo kapwa na dili mo ngani nanginginanuhan an kahoy sa sadiri mo na mata?,"Kay ngaa bala ginahimutaran mo gid ang diutay nga puling sa mata sang imo utod, pero wala mo ginasapak ang puling nga daw troso kadako sa imo kaugalingon nga mata?"
"Nano kay sasabihon mo pa sa imo kapwa, ‘Kamanghod, pabayaan mo lang na halion ko an puling sa imo mata,’ na igwa ka man sin kahoy sa sadiri mo na mata?","Ano ang pagsiling mo sa imo utod, ‘Abi kuhaon ko ang diutay nga puling sa imo mata,’ kon sa imo kaugalingon nga mata may puling nga daw troso kadako?"
"Mga pakitaʼn-tawo lang, kuhaa anay an kahoy sa sadiri mo na mata kay agod makakita ka na sin maayo pagkuha san puling sa mata san imo kapwa.","Hipokrito! Kuhaa anay ang puling nga daw troso kadako sa imo mata, agod makakita ka sing maathag kag ugaling kuhaon mo ang diutay nga puling sa mata sang imo utod."
"“Usad pa, ayaw pag-ipirit na itukdo an surmaton san Dios sa mga tawo na habo magbati. Ina bagaʼn paghatag san mga banal sa kaiduan na basi balikan man lang kamo, tapos duksulan. Pareho man san paglabay san iyo mga perlas sa kababuyan na pagatamak-tamakan lang ini.","“Indi pag-ihatag ang balaan nga mga butang sa mga ido, kay balikdon ka nila kag kadton. Indi pag-ihaboy ang mga perlas sa atubangan sang mga baboy kay pagatasakon lamang nila ini."
"“Kun may kinahanglan ka, mangayo sa Dios kay pagahatagan kamo. Maghanap kay ipapakita niya sa iyo. Magtawag sa iya kay pagaabrihan niya an pwertahan sa iyo.","“Pangayo kag pagahatagan kamo, pangita kag makakita kamo, panuktok kag pagaabrihan kamo."
Himuon niyo ini kay an nangangayo sa Dios amo an pagahatagan. An nagahanap amo an makakita kag an nagatawag sa iya amo an pagaabrihan san pwertahan.,"Kay ang tagsatagsa nga nagapangayo pagahatagan, kag ang tagsatagsa nga nagapangita makakita, kag ang nagapanuktok pagaabrihan."
"“Niyan, halimbawa, sin-o sa iyo an mahatag sin bato sa iya anak kun mangayo siya sin tinapay?",May ara bala sa inyo nga amay nga magahatag sing bato sa iya anak kon sia nagapangayo sing tinapay?
"Amo man kun mangayo sa iyo sin isda, nano, hahatagan niyo sin sawa?",Ukon magahatag bala sia sing man-og kon ginapangayuan sia sang isda?
"Kun kamo ngani na mga maraot an ugali pero maaram maghatag sin mga maayo na bagay sa iyo mga kaanakan, sing-ano pa gayod ada an iyo Ama sa langit an mahatag sin mga maayo na bagay sadtoʼn mangayo sa iya!","Gani kon kamo nga mga malaut makahibalo maghatag sing maayo nga mga butang sa inyo mga kabataan, daw ano pa gid ang inyo Amay nga yara sa langit. Magahatag sia sing maayo nga mga butang sa mga nagapangayo sa iya!"
"Kaya kun nano an iyo ginahandom na himuon sa iyo san iba, himua man sa inda kay amo ini an katukduan san Kasuguan ni Moises kag san mga propeta.",“Himua sa iban ang luyag ninyo nga pagahimuon sa inyo. Amo ini ang kahulogan sang Kasugoan ni Moises kag ang mga pagtudlo sang mga propeta.
"“May duha na pwertahan para sa pagpili: kun gusto niyo mabuhay, magsulod sa masigpit na pwertahan. Pero dako an pwertahan kag halapad an agihan pakadto sa pagkasira sa impyerno kag damo an nagasulod sani.","“Sulod kamo sa pwerta nga makitid, tungod kay masangkad ang pwerta kag mahapos ang dalan pakadto sa kalaglagan, kag madamo ang nagaalagi sa sini."
Pero dyutay an pwertahan para sa buhay kag masigpit an agihan pakadto didto. Mga pira lang an nagapili sani.,"Pero makitid ang pwerta kag mabudlay ang dalan nga nagapakadto sa kabuhi, kag diutay gid lang nga mga tawo ang makatultol sini."
“Paghimat kamo sa mga buwaon na propeta. Makada sinda sa iyo na nagapakitaʼn mapainubuson pareho sa mga karnero pero sa sulod sinda mga simaron na hayop.,"“Andam kamo sa indi matuod nga mga propeta. Nagakadto sila sa inyo nga daw mga karnero, pero sa sulod daw kasubong gid sila sang mapintas nga mga lobo."
"Makikilala niyo sinda paagi sa inda mga ginahimo pareho man san iyo naaraman sa mga tanom paagi sa bunga sani. Halimbawa, nano, pwede puduon sa katunukan an mga ubas o an bunga san higera? Syimpre dili!","Makilala ninyo sila sa ila mga pagginawi. Ang mga sapinit wala nagapamunga sing mga ubas, kag ang mga talungon wala nagapamunga sing mga higos."
"Maayo an bunga san maayo na kahoy pero kun maraot na kahoy, maraot man an bunga.","Ang maayo nga kahoy nagapamunga sing maayo nga bunga, pero ang malain nga kahoy nagapamunga sing malain nga bunga."
Sugad man dili mamumungaʼn maraot an maayo na kahoy ni an maraot na kahoy mamumungaʼn maayo.,"Ang maayo nga kahoy indi makapamunga sing malain nga bunga, kag ang malain nga kahoy indi makapamunga sing maayo nga bunga."
An kada puno san kahoy na dili namumungaʼn maayo uutudon kag igadabok sa kalayo.,Ang tagsa ka kahoy nga wala nagapamunga sing maayo nga bunga ginatapas kag ginahaboy sa kalayo.
Pareho sani makikilala niyo idtoʼn mga buwaon na propeta paagi sa bunga san inda mga ginahimo.,"Gani, makilala ninyo ang indi matuod nga mga propeta sa ila mga buhat."
"“Niyan an mga makasulod sa kahadian san langit dili an tanan na mga nagatawag sa akon sin ‘Ginoo, Ginoo,’ kundi idto lang na nagatuman san kagustuhan san akon Ama sa langit.","“Indi ang tanan nga nagatawag sa akon ‘Ginoo, Ginoo,’ makasulod sa Ginharian sang langit, kundi ang nagahimo lamang sang kabubot-on sang akon Amay nga yara sa langit."
"Pag-abot san adlaw san pagsulod sani na kahadian damo an mahunga sa akon sin, ‘Ginoo, Ginoo, nano, dili kami nagsurmaton san mensahe san Dios, nakapahali san mga demonyo kag naghimoʼn mga milagro paagi sa ngaran mo? Kaya, pasuluda man kami.’","Kon mag-abot na ang Adlaw sang Paghukom, madamo ang magasiling sa akon ‘Ginoo, Ginoo! Sa imo ngalan nagwali kami, sa imo ngalan nagtabog kami sang mga demonyo kag naghimo sang madamo nga mga milagro!’"
"Tapos pagasabihan ko sinda, ‘Mga makasal-anon, dili ko kamo kilala kaya magpaharayo kamo sa akon.’","Dayon magasiling ako sa ila, ‘Wala ako makakilala sa inyo. Palayo kamo sa akon, kamo nga manugbuhat sang malaut!’"
“Niyan an tanan na nagapamati saniʼn akon mga surmaton tapos magatuman sani pareho sinda san madunong na tawo na nagtindog san iya balay sa bato.,"“Gani, ang tagsatagsa nga nagapamati sang akon mga pulong kag nagatuman sini kaangay sia sang isa ka maalam nga tawo nga nagpatindog sang iya balay sa igang."
Usad na adlaw may bagyo kaya an balay hinampas san makusog na hangin na may uran kag nagbaha pero wara natumba tungod na bato an natindugan.,"Nagbunok ang ulan, nag-awas ang baha sa pangpang sang suba kag nagwaswas ang mabaskog nga hangin sa sadto nga balay. Pero wala ini matumba tungod kay napasad ini sa igang."
An tanan naman na nagapamati saniʼn akon mga surmaton pero dili magatuman sani pareho sinda san patal na tawo na nagtindog san iya balay sa mabaybay na lugar.,"“Pero ang tagsatagsa nga nagapamati sang akon mga pulong kag wala nagatuman sini, kaangay sia sa tawo nga buangbuang nga nagpatindog sang iya balay sa balas."
Tapos may bagyo na nag-abot kaya an balay hinampas san makusog na hangin na may uran kag nagbaha. Tapos natumba ini kag naruba.”,"Nagbunok ang ulan, nag-awas ang baha sa pangpang sang suba kag nagwaswas ang mabaskog nga hangin sa sadto nga balay. Natumba ini kag daw ano ang pagragamak sini!”"
"Pakatapos pagsurmaton sani ni Jesus, nagngalas an mga kadamuan sa iya katukduan,","Sa tapos mahambal ni Jesus ini nga mga butang, ang mga tawo natingala gid sa iya pagpanudlo."
dahilan na nagatukdo siya bilang tawo na may poder kag dili pareho san inda mga paratukdo san Kasuguan san mga Judio.,"Indi sia kaangay sang ila mga manunodlo sang Kasugoan, kay ang iya pagpanudlo may awtoridad."
"Paglusad ni Jesus hali sa bukid, damu-damo na mga tawo an nagsurunod sa iya.","Sang si Jesus nagdulhog halin sa bukid, ginsunod sia sang madamo nga mga tawo."
"Didi may leprosohon na nag-apiki kag nagluhod sa atubangan niya tapos nagasabi, “Ginoo, kun gustuhon mo mapaayo mo ako.”","Dayon may isa ka aruon nga nagpalapit sa iya, kag nagluhod sa iya atubang nga nagasiling, “Sir, kon buot mo, magaayo ako.”"
"Gin-unat ni Jesus an iya kamot kag gindapatan siya na nagasabi, “Oo, gusto ko. Mag-ayo ka!” Nawara dayon an leproso sani kag malinis na siya.","Gin-untay ni Jesus ang iya kamot kag gintandog sia nga nagasiling, “Buot ko nga mag-ayo ka!” Sa gilayon nag-ayo sia sa iya aro."
"Tapos gintugon siya ni Jesus, “Ayaw gayod pagpanumat bisan kanin-o kundi kumadto ka kag magpakita sa padi. Tapos maghalad ka san regalo susog sa Kasuguan ni Moises bilang pagpamatuod sa mga tawo na nag-ayo ka na.”","Dayon si Jesus nagsiling, sa iya, “Pamati ka! Indi mo ini pag-isugid bisan kay sin-o, kundi magkadto ka gilayon sa pari kag magpatan-aw ka sang imo kaugalingon. Dayon maghalad ka suno sa ginsugo ni Moises sa pagpamatuod sa mga tawo nga maayo ka na.”"
"Pagsulod lang ni Jesus sa Capernaum, may namumuno san mga suldados na Romano na nag-apiki sa iya kag nakimaluoy,","Sang pagsulod ni Jesus sa Capernaum, may opisyal nga Romanhon nga nagsugata sa iya kag nagpangayo sing bulig nga nagasiling,"
"“Ginoo, may suruguon ako kag adto siya nagahigda na paralisado. Nagatios man siya sin grabe.”","“Sir, ang akon suloguon didto sa balay nagamasakit sa iya hiligdaan, indi sia makahulag kag tama gid ang iya pag-antos.”"
"“Kun sugad, makadto ako agod ayuhon siya,” an sabi ni Jesus.","Si Jesus nagsiling, “Kadtuan ko sia kag ayuhon.”"
"Nagsabat an namumuno san mga suldados, “Ginoo, dili ako angay na magpadayon sa imo sa akon balay. Pero magsurmaton ka lang kag maaayo an akon suruguon.","Nagsabat ang opisyal, “Indi na lang Sir, kay indi ako takos nga magkadto ka sa akon balay, kundi isiling lang kag magaayo ang akon suloguon."
"Nasabi ko ini kay may nagasakop sa akon kag may mga ginasakupan man ako na mga suldados. Kun pagsabi ko sa usad na ‘Lakat,’ malakat siya, kag sa iba naman, ‘Kumadi ka,’ tapos matulos siya. Kun ginasabi ko man sa akon suruguon, ‘Himua ini,’ tutumanon niya.”","Kay ako man yara sa idalom sang mataas nga mga opisyales, kag may mga soldado man sa idalom ko. Nagamando ako sa isa, ‘Lakat!’ kag nagalakat sia; nagamando man ako sa isa, ‘Palapit!’ kag nagapalapit sia; kag nagasugo ako sa akon suloguon, ‘Himua ini!’ kag ginahimo niya.”"
"Pakabati sani ni Jesus nagngalas, inaatubang an kadamuan na nagasurunod sa iya kag nagsurmaton, “Ginasiguro ko sa iyo na wara pa gayod ako makakita sin may pareho saniʼn pagtuod sa bilog na Israel.","Natingala gid si Jesus sang pagkabati niya sini, kag nagsiling sia sa mga tawo nga nagasunod sa iya, “Nagasiling ako sa inyo nga wala pa ako makakita sa Israel sing pagtuo nga subong sini."
"Tandai ini: damo an magaarabot na hali sa sirangan kag kalundan na makiatubang sa may lamesa kaupod ni Abraham, Isaac kag Jacob didto sa kahadian san langit.","Dumdoma ninyo ini! Madamo ang magaabot halin sa sidlangan kag sa nakatundan kag magapungko kaupod ni Abraham, ni Isaac, kag ni Jacob sa punsyon sa Ginharian sang langit."
Pero an iba na mga sakop san kahadian na nagasupak sa akon itatapok paluwas sa kaduluman. Didto maganguruyngoy kag magaparagot sinda sa kasakit.”,"Pero yadtong mga anak sang Ginharian pagaihaboy sa kadudulman didto sa gwa, sa diin magahibi sila kag magabagrot ang ila mga ngipon sa kasakit.”"
"Sinabihan ni Jesus an namumuno, “Lakat. Mangyayari ina susog sa imo pagtuod.” Sadto mismo na kaorason nag-ayo an iya suruguon.","Kag nagsiling si Jesus sa opisyal, “Pauli ka! Tungod kay nagtuo ka sa Dios, sia magahatag sang imo ginapangayo.”"
Pagsulod ni Jesus sa balay ni Pedro nakita niya an ugangan na babayi ni Pedro na nagahigda kay may kalintura.,Kag nag-ayo ang suloguon sang opisyal sa sadto gid nga tion.
Gindapatan ni Jesus san iya kamot an babayi tapos hinaw-asan ini san kalintura. Kaya bumangon dayon siya kag nag-asikaso sa iya.,"Si Jesus nagkadto sa balay ni Pedro, kag nakita niya ang ugangan nga babayi ni Pedro nga nagahigda nga may hilanat."
"Pagtunod san adlaw damo an ginpangdara sa iya na nagkasurudlan san mga maraot na espirito kag ginpaluwas niya ini paagi san iya surmaton, kaya gin-ayo an tanan na mga masakiton.",Gintandog ni Jesus ang iya kamot kag nag-ayo sia sa iya hilanat. Nagbangon sia kag nag-amuma sa iya.
"Nangyari ini agod matuman an sinabi san propeta na si Isaias,","Sang sirom na, ang mga tawo nagdala sa kay Jesus sang mga ginagamhan sang mga demonyo. Sa isa lang ka paghambal gintabog niya ang mga espiritu nga malaut kag gin-ayo ang tanan nga mga masakiton."
“Ginhali niya an atonmga ginabatyag kag gin-ayo an aton mga sakit.”,"Ginhimo niya ini agod matuman ang ginsiling ni Isaias nga propeta, “Sia gid mismo ang naghilway sa aton gikan sa aton mga masakit kag nagkuha sang aton mga balatian.”"
San makita ni Jesus an damu-damo na mga tawo na nagapatalibod sa iya nagsugo siya sa mga disipulos na pasakayon ninda siya patabok san danaw.,"Sang matalupangdan ni Jesus ang madamo nga mga tawo sa iya palibot, ginsugo niya ang iya mga gintuton-an sa pagtabok sa pihak sang linaw."
"Antes sinda magsakay may paratukdo san Kasuguan na naghalapit kag nagsabi sa iya, “Maestro, magaupod ako sa imo bisan magpakain ka.”","May isa ka manunodlo sang Kasugoan nga nagpalapit sa iya kag nagsiling, “Manunodlo, handa ako sa pagsunod sa imo bisan diin ka makadto.”"
"Didi sinabihan siya ni Jesus, “May unugan an mga garong kag an mga sapat na nagalupad may mga salag pero ako na Anak San Tawo wara ngani bisan istaran.”","Si Jesus nagsabat sa iya, “Ang mga singgalong may mga buho, kag ang mga pispis may mga pugad, pero ang Anak sang Tawo wala gid sing hiligdaan agod makapahuway.”"
"May iba man na disipulos na nagsabi sa iya, “Ginoo, tuguti ako na makauli anay hasta na ikalubong ko an akon ama.”","Isa pa sang iya mga gintuton-an nagsiling, “Ginoo, mapauli anay ako sa paglubong sang akon amay.”"
"Pero ginsabat siya ni Jesus, “Pabayai na ilubong san mga tawo na bagaʼn patay an inda sadiri na mga patay kundi mag-upod ka sa akon.”","Pero si Jesus nagsabat, “Sunod ka sa akon kag pabay-i ang mga patay sa paglubong sang ila mga patay.”"
Pakatapos nagsakay si Jesus sa sarakyan kag nag-urupod an iya mga disipulos.,Nagsakay si Jesus sa sakayan kag ang iya mga gintuton-an nag-upod sa iya.
"Pagsakay ninda, bigla na lang may subasko sa danaw. Kun kaya nasasabyahan sinda san balod pero natuturog lang si Jesus.","Sa hinali nag-abot ang mabaskog nga bagyo sa linaw, sa bagay nga ang sakayan may katalagman nga malunod. Pero si Jesus nagakatulog."
"Kaya san nag-apiki sinda sa iya, inda ginpukaw na nagasabi, “Ginoo, isalbar na kami kay malulunod na kita.”","Ginpalapitan sia sang iya mga gintuton-an kag ginpukaw nga nagasiling, “Ginoo, luwasa kami! Daw malunod kita!”"
"Didi sinabihan niya sinda, “Mga tawo na kulang an pagsarig, nano kay nagakaharadlok kamo?” Tapos pagbangon niya ginsugo an hangin kag mga balod na mag-udong, kaya malinaw na gayod.","Si Jesus nagsabat, “Ngaa bala nagakahadlok gid kamo? Kadiutay sang inyo pagtuo!” Dayon nagbangon sia, ginmanduan niya ang hangin kag ang balod nga mag-untat, kag naglinaw."
"Nagkangarawa an mga lalaki na an sabi, “Nanoʼn klase ini na tawo na an hangin kag san mga balod nagasunod sa iya?”","Ang tanan natingala gid kag nagsiling, “Ano bala nga tawo ini? Bisan pa ang hangin kag ang mga balod nagatuman sa iya!”"
"Pag-abot ni Jesus sa tabok san danaw, sa lugar san Gadarena, may nagsugat sa iya na duha na lalaki hali sa rulubngan na mga kweba. Ini na mga tawo nagkasurudlan sin mga maraot na espirito, kaya mga maisog gayod sinda na wara sin nakaagi sadto na agihan.","Sang makaabot si Jesus sa duta sang mga taga-Gadara, sa tabok sang linaw, ginsugata sia sang duha ka tawo nga naggwa gikan sa mga lungib nga lulobngan. Ini sila ginagamhan sang mga demonyo kag mabangis kaayo, sa bagay nga wala sing tawo nga nagaagi sa sadto nga dalan."
"Insigida nagsiyak sinda, “Anak san Dios, nano an pakilabot mo sa amon? Nano, nagkadi ka agod pasakitan kami bisan dili pa tama an panahon?”","Sa gilayon nagsinggit sila, “Ano bala ang gusto mo sa amon, Anak sang Dios? Nag-abot ka bala sa pagsilot sa amon sa wala pa ang nagakaigo nga tion?”"
Niyan nangyari man na may damu-damo na mga baboy an nanginginaon na medyo huruharayo sa inda.,Didto sa unhan may daku nga panong sang mga baboy nga nagapang-ungad.
"Pakakita sani, nakimaluoy an mga demonyo, “Kun pahalion mo kami, pasuluda na lang kami sa kababuyan.”","Gani ang mga demonyo nagpakitluoy kay Jesus nga nagasiling, “Kon tabugon mo gid man kami, pasudla na lang kami sa sadtong panong sang mga baboy.”"
"Kaya nagsabi siya, “Sige.” Tapos nagruluwas kag nagsurulod sa kababuyan. Nagharabas ini tanan palusad sa pangpang, nagkahurulog sa danaw kag nagkarulumos sa tubig.","Si Jesus nagsiling sa ila, “Sigi, lakat kamo!” Gani naggwa sila kag nagsulod sa mga baboy. Ang bug-os nga panong nagdinaguso padulhog sa kilid sang pil-as pakadto sa linaw kag nagkalalumos."
An mga parabantay naman san kababuyan nagdaralagan palungsod. Didto ninda ginpamarita an tanan lalo na gayod an nangyari sadtoʼn duha na nagkasurudlan san mga maraot na espirito.,"Ang mga manugsagod sang mga baboy nagpalagyo kag nagkadto sa banwa, sa diin ginpanugid nila ang tanan nga nahanabo kag kon ano ang natabo sa duha ka tawo nga ginagamhan sang mga demonyo."
"Paghali sadto na lugar, nagsakay gihapon sinda Jesus sa inda sarakyan kag nagtabok pakadto sa iya sadiri na lungsod.","Nagsakay si Jesus sa sakayan pabalik sa tabok sang linaw, kag nag-abot sia sa iya ginaestaran nga banwa,"
"Pag-abot didto, may mga lalaki na nagdara sa iya sin paralitiko na nasa higdaan. San mapanginano ni Jesus na ginhimo ninda tungod san inda pagtuod sa iya, nagsabi siya sa paralitiko, “Anak, pakusuga an imo buot. Napatawad na an imo mga kasal-an.”","sa diin may mga tawo nga nagdala sa iya sing isa ka paralitiko nga nagahigda sa iya higdaan. Sang nakita ni Jesus kon daw ano kadako sang ila pagtuo nagsiling sia sa paralitiko, “Anak, magpakabakod ka! Ang imo mga sala ginapatawad.”"
"Dahilan sani may iba na mga paratukdo san Kasuguan na nakahuna-huna, “Ginabasang-basang sanian Dios!”","Dayon may mga manunodlo sang Kasugoan didto nga nagsiling sa ila kaugalingon, “Ini nga tawo nagahambal batok sa Dios!”"
"Pero aram ni Jesus kun nano an inda ginaisip kaya naghunga siya, “Nano kay nagaisip kamoʼn maraot?","Si Jesus nga nakahibalo sang ila ginapanghunahuna nagsiling, “Ngaa bala nagapanghunahuna kamo sing malain nga mga butang?"
"Hain sani an mas maayo sabihon, ‘Ginapatawad na an imo mga kasal-an,’ o ‘Bangon kag lakat’?","Diin bala sini ang mas mahapos isiling, ‘Ang imo mga sala ginapatawad,’ ukon ang pagsiling, ‘Bangon ka kag maglakat?’"
"Ugaling pagapamatuudan ko sa iyo agod maaraman niyo na ako na Anak San Tawo may poder magpatawad san mga kasal-an didi sa kinab-an.” Tapos sinabihan niya an paralitiko, “Bangon, bitbita an imo higdaan kag umuli ka.”","Karon pamatud-an ko sa inyo nga ang Anak sang Tawo may gahom sa duta sa pagpatawad sang mga sala.” Gani nagsiling sia sa paralitiko, “Bangon ka, dalha ang imo higdaan kag magpauli!”"
Bumangon man ini kag umuli na.,Ang paralitiko nagbangon kag nagpauli.
"Pakakita sani, nahahadlok naman an kadamuan kaya gin-umaw an Dios na naghatag sa mga tawo sin poder na pareho sani.","Sang pagkakita sini sang mga tawo, hinadlukan sila kag gindayaw nila ang Dios tungod sang awtoridad nga iya ginhatag sa mga tawo."
"Paghali didto, nagpadayon si Jesus paglakat. Sa uruunhan may nakita siya na parasukot san buwis na an ngaran Mateo. Adto siya nakaingkod sa may kolektahan san buwis. Sinabihan siya ni Jesus, “Mag-upod ka sa akon.” Kaya tumindog naman ini kag nag-upod sa iya.","Naghalin si Jesus sa sadto nga lugar, kag sang nagalakat sia nakita niya ang isa ka manugsukot sang buhis nga ginhingalanan kay Mateo nga nagapungko sa iya opisina. Si Jesus nagsiling sa iya, “Sunod ka sa akon.”"
Usad na adlaw myintras nakikaon si Jesus sa balay ninda Mateo may nag-arabot na damo na mga parasukot san buwis kag iba na mga parakasala na nag-ingkod man kasabay ni Jesus kag san iya mga disipulos.,Nagtindog si Mateo kag nagsunod sa iya.
"Pakakita sani san mga Pariseo naghunga sinda sa iya mga disipulos, “Nano kay nakikaon an iyo maestro kasabay san mga parasukot san buwis kag iba na mga makasasala?”","Sang nagakaon si Jesus sa balay ni Mateo, madamo nga mga manugsukot sang buhis kag iban nga mga makasasala ang nag-abot kag nag-upod sa iya kag sa iya mga gintuton-an sa pagkaon."
"Pakabati man sani ni Jesus nagsabat siya, “Dili nagakinahanglan sin duktor an waraʼn sakit kundi an mga masakiton.","May mga Fariseo nga nakakita sini kag nagpamangkot sila sa iya mga gintuton-an, “Ngaa bala nga ang inyo manunodlo nagakaon upod sa mga manugsukot sang buhis kag sa iban pa nga mga makasasala?”"
"Sige, arama man kun nano an gusto sabihon san mga surmaton: ‘Kaluoy an gusto ko, dili sakripisyo.’ Matuod na nagkadi ako didi sa kinab-an dili sa pag-agda sa mga matanos kundi sa mga makasasala.”","Si Jesus nakabati kag nagsabat sa ila, “Ang mga tawo nga wala sing balatian wala nagakinahanglan sing manugbulong, kundi ang mga masakiton lang."
"Niyan nag-arapiki kan Jesus an mga disipulos ni Juan na Parabunyag na naghurunga, “Nano kay dili nagaayuno an imo mga disipulos pareho san amon kag san mga Pariseo?”","Lakat kamo kag usisaa ninyo kon ano ang kahulogan sini nga kasulatan: ‘Indi halad nga mga sapat ang akon luyag, kundi ang pagkamaluloy-on.’ Kay wala ako mag-abot sa pagtawag sang matarong nga mga tawo kundi sang mga makasasala.”"
"Ginsabat sinda ni Jesus paagi sa istorya, “Nano, mamumundo daw an mga abay sa kasal myintras kaupod pa ninda an karaslon na lalaki? Syimpre dili, pero maabot an adlaw na pagakuhaon siya sa inda kag amo pa lang sinda makaayuno dahilan san kamunduan.”","Dayon ang mga sumolunod ni Juan nga manugbautiso nagkadto kay Jesus nga nagapamangkot, “Ngaa bala nga kami kag ang mga Fariseo nagapuasa sing masunson, pero ang imo mga gintuton-an wala gid nagapuasa?”"
"Tapos gin-istoryahan pa niya sinda para mapahayag na an iya bag-o na katukduan iba sa mga daan. “Waraʼn matangkop sin bag-o na tela sa daan na yamit kay, kun amo ini an iya himuon, an gintangkop na bag-o makuro kag mas lalo na madako an gisi.","Si Jesus nagsabat, “Magakasubo bala ang mga inagda sa kasal samtang ang nobyo kaupod pa nila? Pero magaabot ang adlaw nga ang nobyo pagakuhaon sa ila kag amo na ina ang ila pagpuasa."
"Sugad man, waraʼn masulod sin bag-o na bino sa daan na anit na surudlan, kay kun sugad, maputok an anit na surudlan kag an bino mawawasak. Kaya an bino masasayang kag masisira an surudlan. Kun kaya an bag-o na bino dapat lugod sa bag-o na anit na surudlan agod mapupuslan an tanan.”","“Wala sing bisan sin-o nga nagatukap sing bag-o nga panapton sa daan nga bayu kay ang bag-o nga panapton magakulo kag magagisi sang bayu, kag ang iya gisi magadaku pa gid."
"Myintras nakisurmaton pa si Jesus sa inda, may namumuno naman na hali sa sinagoga na nag-apiki kag nagluhod sa atubangan niya na nagsabi, “Namatay pa lang an anak ko na daragita pero kadtua lang tabi kag idapat mo lang sa iya an imo kamot kay siya mabubuhay.”","Wala man sing bisan sin-o nga nagasulod sang bag-o nga bino sa daan nga sulodlan nga panit, kay kon himuon niya ini ang panit nga sulodlan sang bino mabusdik, kag ang bino mauyang kag ang sulodlan nga panit indi na mapuslan. Sa baylo sini, ginasulod ang bag-o nga bino sa bag-o nga sulodlan nga panit, kag ini sila magadugay.”"
Tumindog dayon si Jesus kag nag-upod. Amo man an iya mga disipulos.,"Sang si Jesus nagahambal sini sa ila, may isa ka pangulo nga Judio nga nagpalapit sa iya, nagluhod sa iya atubang kag nagsiling, “Ang akon anak nga babayi bag-o gid lang mapatay, pero kadtoi kag tanduga kag mabuhi sia liwat.”"
Didto man may babayi na ginadugo sa sulod san dose ka tuig. Kaya nag-apiki siya sa likod ni Jesus kag gindutdot an sidsid san iya ginasul-ot.,"Gani si Jesus nagtindog kag nagsunod sa iya, kag nag-upod man ang iya mga gintuton-an."
Ginhimo niya ini kay inisip niya sa iya sadiri “Kun madutdot ko lang bisan an iya ginasul-ot magaayo na ako.”,May isa ka babayi nga nagaantos tungod sang pagpanggwa sang madamo nga dugo sa iya sa sulod sang dose ka tuig. Nagpalapit sa likod nayon ni Jesus kag gintandog ang sidsid sang iya kunop.
"Naglingi si Jesus kag pakakita sa iya nagsabi, “Tia, pakusuga an imo buot kay an pagtuod mo sa akon amo an nakaayo sa imo.” Sadto mismo nag-ayo na ngani an babayi.","Ang babayi nagsiling sa iya kaugalingon, “Kon matandog ko lang ang iya kunop magaayo ako.”"
"Pag-abot naman ni Jesus sa balay san opisyal, nakita niya an mga paratugtog san plawta kag san kadamuan na makusog an inda pagnguruyngoy.","Nagliso si Jesus kag nakita niya ang babayi kag nagsiling, “Anak, magpakabakod ka! Ang imo pagtuo nag-ayo sa imo.” Sa gilayon nag-ayo ang babayi."
"Kaya nagsabi siya, “Hali anay kamo dida kay dili patay an bata kundi natuturog lang.” Gintarawhan siya ninda.","Dayon nagsulod si Jesus sa balay sang pangulo nga Judio. Sang nakita niya ang mga musikero para sa lubong kag ang mga tawo nga nagaginahod,"
"Pero pakapaluwas san kadamuan, nagsulod si Jesus sa kwarto kun diin an bata, kinaptan an iya kamot kag ini nagbangon.","nagsiling sia, “Gwa kamo anay tanan! Ang bata indi patay, kundi nagakatulog lang!” Kag nagkadlaw sila sa pagyaguta sa iya."
Nakalukop naman ini na pangyayari sa tanan na mga lungsod patalibod sana na lugar.,"Sang nakagwa na ang mga tawo, si Jesus nagsulod sa kwarto sang bata kag gin-uyatan niya sia sa kamot, kag nagbangon sia."
"Pagpadayon ni Jesus hali didto, may duha na buta na lalaki na nagsunod sa iya na nagaagrangay sin makusog, “Lahi ni David, kaluy-i kami.”",Ang balita nahanungod sini naglapnag sa bug-os nga bahin sang sadto nga banwa.
"Pagsulod naman ni Jesus sa balay nag-apiki man sa iya an duha na buta. Kaya ginhunga sinda niya, “Nano, nagatuod kamo na mahimo ko ini?”","Naghalin si Jesus sa sadto nga lugar, kag sang nagalakat sia, may duha ka bulag nga nagsunod sa iya nga nagasinggit, “Kaluoyi kami, Anak ni David!”"
"Nagsabat sinda, “Opo, Ginoo.”","Sang makasulod na si Jesus sa isa ka balay nagpalapit sa iya ang duha ka tawo nga bulag kag iya sila ginpamangkot, “Nagatuo bala kamo nga ako makasarang sa pag-ayo sa inyo?”"
"Pakatapos dinuunan ni Jesus an inda mga mata na nagasabi, “Matuman lugod ini susog sa iyo pagtuod.”","Nagsabat sila, “Huo, Sir!”"
"Didi namuklat an inda mga mata. Tapos gintugon sinda ni Jesus, “Talinguhaa na wara gayod sin makaaram sani.”","Dayon gintandog ni Jesus ang ila mga mata kag nagsiling, “Tungod sang inyo pagtuo, magaayo ang inyo mga mata!”"
Pero naglakat sinda na ginabarita sa tanan na lugar an manungod kan Jesus.,"Kag makakita na sila. Si Jesus nagpaandam gid sa ila, “Indi kamo magpanugid sini bisan kay sin-o!”"
"Pakahali pa lang gayod san duha na buta, may gindara naman sa iya na tawo na naapa kay nasudlan san maraot na espirito.",Pero naglakat sila kag nagpanugid sang balita nahanungod kay Jesus sa bug-os nga bahin sang sadto nga banwa.
"Pakapaluwas san maraot na espirito nakasurmaton an dati apa kag nginarat an kadamuan na nagasarabi, “Wara pa gayod sin nangyari na sugad sani sa Israel.”","Sang nagapauli ang duha ka bulag nga gin-ayo ni Jesus, may iban nga mga tawo nga nagdala sa kay Jesus sang isa ka tawo nga indi makahambal tungod kay ginagamhan sia sing demonyo."
"Pero nagsabi an mga Pariseo, “Paagi lang san namumuno san mga demonyo an pagpaluwas niya san mga demonyo.”","Sang matabog na ni Jesus ang demonyo, naghambal ang apa kag natingala ang tanan nga nagasiling, “Wala pa gid kami sing may nakita nga subong sini sa Israel!”"
"Niyan ginpanglibot ni Jesus an tanan na mga kalungsudan kag kabaryuhan sadtoʼn lugar na nagatukdo sa inda mga sinagoga, nagapahayag san Maayo Na Barita san kahadian san Dios kag an tanan na may mga sakit kag may mga ginabatyag ginapangayo niya.","Pero ang mga Fariseo nagsiling, “Ang prinsipe sang mga demonyo amo ang naghatag sa iya sang gahom sa pagtabog sang mga demonyo.”"
Pakakita niya sa kadamuan naluoy siya sa inda kay ginasamok kag waraʼn nagaasikaso sa inda bagaʼn karnero na waraʼn nagaataman.,"Dayon si Jesus naglibot sa tanan nga mga kabanwahanan kag mga kabarangayan. Nagpanudlo sia sa ila mga sinagoga, nagwali sang Maayong Balita nahanungod sang paghari sang Dios, kag nagpang-ayo sang mga tawo sa ila tanan nga mga masakit kag balatian."
"Didi sinabihan ni Jesus an iya mga disipulos, “Bagaʼn bugana na aranihon ini na mga tawo pero kulang lang an paraani.","Sang makita niya ang madamo nga mga tawo, naluoy gid sia sa ila tungod kay nagapalibog kag nagatalangtalang sila kaangay sang mga karnero nga wala sing manugbantay."
"Pakasabi ni Jesus sani, gintiripon niya an iya dose na disipulos kag ginhatagan sindaʼn poder agod makapaluwas sin mga maraot na espirito kag agod makabulong san mga may sakit kag san may mga ginabatyag.","Gintawag ni Jesus sing tingob ang iya dose ka mga gintuton-an kag ginhatagan sila sing awtoridad sa pagtabog sang malaut nga mga espiritu, kag sa pag-ayo sang tanan nga mga masakit kag mga balatian."
"An mga ngaran sani na dose na disipulos na nagin apostoles amo ini: una si Simon na ginatawag Pedro kag san iya manghod na si Andres, tapos an magmanghod na sinda Santiago kag Juan na mga anak ni Zebedeo.","Amo ini ang mga ngalan sang dose ka mga apostoles: ang nahauna, si Simon nga ginatawag Pedro, kag si Andres nga iya utod; si Santiago kag si Juan nga iya utod, nga mga anak ni Zebedeo;"
"Ada man sinda Felipe kag Bartolome, si Tomas kag si Mateo na parasukot san buwis, si Santiago na anak ni Alfeo, si Tadeo,",si Felipe kag si Bartolome; si Tomas kag si Mateo nga sadto anay manugsukot sang buhis; si Santiago nga anak ni Alfeo kag si Tadeo;
si Simon na panatiko kag si Judas Iscariote na amo an magatraydor kan Jesus.,"si Simon nga makipungsodnon, kag si Judas Iscariote nga sang ulihi nagluib kay Jesus."
"Antes ginsugo ni Jesus ini na dose na maglakat agod magpahayag, gintugon sinda sugad sani, “Ayaw kamo pagkadto sa mga lugar san mga dili-Judio kag ayaw pagsulod sa bisan nano na lungsod san mga Samaritano,","Ginpadala ni Jesus ining dose ka mga apostoles kag gintudloan sila sang mga masunod nga ila pagahimuon: “Indi kamo magkadto sa duta sang mga Hentil ukon sa mga banwa sang Samaria,"
kundi kadtua an mga taga-Israel na bagaʼn mga nalalagalag na karnero.,kundi kadtoi ninyo ang mga tawo sang Israel nga kasubong sang mga karnero nga nagkaladula.
Sa iyo paglakat ipahayag na haros magtuna na an pagahadi san Dios.,"Lakat kamo kag iwali, ‘Ang Ginharian sang langit malapit na!’"
"Paayuha an masakiton kag san mga leprosohon, buhayon an patay, kag paluwason an mga demonyo. Nakabaton kamo sani na poder na waraʼn bayad, kaya gamita man ini na dili nagapabayad.","Ayuha ninyo ang mga masakiton, banhawa ang mga patay, ayuha ang mga aruon, kag tabuga ninyo ang mga demonyo. Nakabaton kamo nga wala magbayad, gani maghatag man kamo nga indi magpabayad."
Dili kamo magdara sin kwarta na oro o plata o bronse sa iyo mga pitaka.,"Indi kamo magdala sing bulawan, pilak ukon saway nga sensilyo sa inyo mga bulsa."
"Sa iyo paglakat dili man kamo magdara sin surudlan, liwanan, sandalyas kag balon kay angay na hatagan an paratrabaho san iya mga kinahanglan.","Indi kamo magdala sing bag sa inyo pagpanglakaton, ukon ilislan nga bayu, ukon ilislan nga mga sandalyas, ukon sungkod, kay ang mga nagapangabudlay dapat hatagan sang ila mga kinahanglanon."
"“Sa diin na lungsod o baryo na iyo kadtuan maghunga kun may matanos didto, tapos makiistar sa iya balay hasta na maghali kamo.","“Kon magsulod kamo sa bisan diin nga banwa ukon barangay, pangitaa ninyo ang luyag magbaton sa inyo, kag magdayon kamo upod sa iya tubtob sa inyo paghalin sa sadto nga lugar."
"Pagsulod niyoʼn balay, magalang tapos magsabi, ‘Mapasa iyo lugod an kalinaw na hali sa Dios.’","Sa inyo pagsulod sa isa ka balay, magsiling kamo, ‘Ang paghidait manginyara sa inyo.’"
"Niyan kun magpadayon sa iyo an tagbalay, mapasa inda an iyo kalinaw pero kun dili, mapabalik sa iyo an kalinaw.","Kon ginabaton kamo sang mga tawo sa sina nga balay, paluntara ang inyo paghidait sa sina nga panimalay. Pero kon indi sila magbaton sa inyo, bawia ninyo ang inyo pag-abiabi."
"Kun may dili magpadayon sa iyo o mamati sa iyo ginasabi, taphuda anay an alpog sa iyo mga tiil paghali niyo sana na balay o lungsod bilang padaan na may paghusgar na maabot sa inda.","Kag kon may mga panimalay ukon banwa nga indi magbaton ukon magpamati sa inyo, bayai ina nga lugar kag taktaka ang yab-ok sa inyo mga tiil."
Ginasiguro ko sa iyo na sa adlaw san paghusgar mas pagakaluy-an san Dios an mga makasasala na mga taga-Sodoma kag taga-Gomora ki sa mga tawo sana na balay o lungsod.”,"Dumdoma ninyo ini! Sa Adlaw sang Paghukom, ang Dios mas magamaluloy-on pa sa mga tawo sang Sodoma kag Gomorra sang sa mga tawo sa sina nga banwa!"
"Nagpadayon pa si Jesus, “Dumduma na ginasugo ta kamo na bagaʼn mga karnero sa tunga san mga maisog na hayop, kaya magin madunong kamo na pareho san mga sawa pero mabuot naman na pareho san mga salampati.","“Pamatii ninyo ini! Ginapadala ko kamo subong nga mga karnero sa tunga sang mga lobo. Magmainandamon kamo subong sang mga man-og, kag magmabuot subong sang mga pating."
"Pero maglikay sa mga tawo kay pagaakusaron kamo ninda sa mga konseho, kag pagalatiguhon man kamo sa inda mga sinagoga.","Mag-andam kamo kay may mga tawo nga magadakop kag magadala sa inyo sa hukmanan, kag pagabunalon kamo nila sa ila mga sinagoga."
Pagabistahon kamo ninda sa atubangan san mga gobernador kag mga hadi dahilan sa pagsunod niyo sa akon. Mangyari ini agod makatestigo kamo sa inda kag sa mga dili-Judio manungod san Maayo Na Barita.,Isumbong kamo sa atubang sang mga pangulo kag mga hari tungod sa akon agod sa pagsugid sang Maayong Balita sa ila kag sa mga Hentil.
"Pero kun iatubang kamo sa inda, ayaw kahandal kun nano an iyo isasabi o kun nano an iyo isasabat kay pag-abot san oras gigiyahan kamo san iyo isasabi.","Kon ginasumbong nila kamo, indi kamo magpalibog kon ano ang inyo inugsabat ukon paano ang inyo pagsabat, kay kon mag-abot ina nga tion pagatudloan kamo sang inyo isiling."
Sana mismo dili kamo an magasurmaton kundi an Espirito Santo san Dios na iyo Ama amo an magasurmaton paagi sa iyo.”,Kay ang inyo ihambal indi inyo kundi iya sang Espiritu sang inyo Amay nga magahambal paagi sa inyo.
"Nagsabi man si Jesus, “Sana na panahon may mga tawo na amo mismo an magapapatay sa inda sadiri na mga kamanghod. Amo man an mga ama igapapatay an inda mga anak. Sugad man, may kabataan na magakontra sa inda mga ginikanan kag igapapatay sinda.","“Ang mga tawo magatugyan sang ila mga utod agod patyon, subong man ang mga amay sa ila mga kabataan, ang mga anak magabato sa ila mga ginikanan kag magapapatay sa ila."
Kamo naman pagakabadlian san tanan tungod kay kamo an mga nagasunod sa akon pero an mga masasalbar sa paghusgar san Dios amo an mga magpadayon pagsunod sa akon hasta sa katapusan sani.,"Pagadumtan kamo sang tanan nga mga tawo tungod sa akon, pero ang bisan sin-o nga nagapadayon tubtob sa katapusan maluwas."
"Kun pagapasakiton kamo sa usad na lungsod, dumulag sa masunod. Ginasiguro ko sa iyo na dili pa niyo nalilibot an tanan na lungsod san Israel magaabot na ako na Anak San Tawo.”","Kon sila maghingabot sa inyo sa isa ka banwa, magpalagyo kamo sa masunod nga banwa. Nagapasalig ako sa inyo, sa wala pa ninyo matapos ang inyo bulohaton sa tanan nga mga banwa sang Israel ang Anak sang Tawo magaabot."
"Nagpadayon si Jesus, “Pareho baga sani, dili malabaw an disipulos sa iya maestro, amo man an suruguon sa iya amo.","“Wala sing estudyante nga maglabaw pa sang sa iya maestro, ukon ulipon nga maglabaw pa sang sa iya agalon."
"Tama na sa disipulos kun magin pareho siya sa iya maestro kag an suruguon man sa iya amo. Kaya kun Beelzebul an ginatawag ninda sa akon na amo san tagbalay, sigurado na pagatawagon na kamo sugad sana kay mga kaurupod ko kamo sana na balay.","Gani tuman na sa estudyante nga manginpareho sa iya maestro, kag sa ulipon nga manginpareho sa iya agalon. Kon ang pangulo sang panimalay ginatawag Beelzebul, ano pa gid ayhan kalain ang pagtawag nila sang mga katapo sina nga panimalay!"
"“Pero ayaw kamo kahadlok sa inda kay mahahayag an tanan na natatago, kag an tanan na ginatahuban maaaraman.","“Gani, indi kamo magkahadlok sa mga tawo, kay wala sing ginatabunan nga indi mabuksan, kag wala sing sekrito nga indi mabuyagyag."
"Kaya ihayag niyo sa kapaw-an an ginasabi ko sa iyo sa madulom, kag isiyak sa kaatupan an mabati niyo sa akon sa hutik.","Ang ginasiling ko sa inyo sa madulom ihambal ninyo sa masanag, kag ang inyo mabatian sa hutik isinggit ninyo gikan sa atop sang mga balay."
Ayaw kamo kahadlok san makapatay san lawas pero dili makapatay san kalag kundi kahadlukan niyo idtoʼn pareho makapatay san lawas kag kalag sa impyerno.,Indi kamo magkahadlok sa mga makapatay sang lawas pero indi makapatay sang kalag; sa baylo magkahadlok kamo sa Dios nga makalaglag sang lawas kag kalag sa impierno.
"Nano, dili ba matuod na manentimos an baligyaan san duha ka maya didi sa aton? Pero dili mahuhulog sa duta bisan usad sani kun dili itugot san iyo Langitnon na Ama.",Indi bala sarang mabakal ang duha ka magamay nga pispis sang diutay lang nga kantidad? Pero wala sing isa sa ila nga mahulog sa duta nga wala sing pahanugot sang inyo Amay.
Bisan ngani an iyo buhok binilang tanan san Dios.,"Kag kon nahanungod sa inyo, bisan pa ang mga buhok sa inyo ulo naisip tanan."
Kaya ayaw gayod kamo kahadlok kay mas mahalaga kamo sa iya ki sa damo na mga maya.,"Gani indi kamo magkahadlok, kay mas mahal pa kamo kaayo sang sa magamay nga mga pispis!”"
“Tandai ini: an nagaako sa atubangan san mga tawo na siya para sa akon amo man an pagahimuon ko na Anak San Tawo sa iya sa atubangan san akon Ama na nasa langit.,"“Ang bisan sin-o nga magkilala sa akon sa atubang sang mga tawo, kilalahon ko man sia sa atubang sang akon Amay sa langit."
Pero an magsabi sa atubangan san mga tawo na dili siya para sa akon amo man an pagahimuon ko sa iya sa atubangan san akon Ama sa langit.,"Pero ang bisan sin-o nga indi magkilala sa akon sa atubang sang mga tawo, indi ko man sia pagkilalahon sa atubang sang akon Amay nga yara sa langit."
“Ayaw paghunaa na nagkadi ako para magdaraʼn kalinaw sa mga tawo sa kinab-an. Dili kalinaw an akon dara kundi araway.,“Indi kamo maghunahuna nga nag-abot ako sa kalibutan sa pagdala sing paghidait. Wala ako mag-abot sa pagdala sing paghidait kundi kagamo.
Nagkadi ako agod paawayon,"Nag-abot ako sa pagpaaway sang anak nga lalaki batok sa iya amay, sang anak nga babayi batok sa iya iloy, sang umagad nga babayi batok sa iya ugangan nga babayi."
"‘an anak na lalaki sa iya ama,",Ang pinakamalain nga mga kaaway sang tawo amo ang katapo sang iya kaugalingon nga panimalay.
"an anak na babayi sa iya iloy,","“Ang bisan sin-o nga nagahigugma sang iya amay ukon iya iloy sing mas labi pa sang sa akon, indi angay nga mangin-akon gintuton-an. Ang bisan sin-o nga nagahigugma sang iya anak nga lalaki kag anak nga babayi sing mas labi pa sang sa akon, indi angay nga mangin-akon gintuton-an."
an umagad na babayi sa ugangan na babayi.,"Ang bisan sin-o nga wala nagapas-an sang iya krus kag nagasunod sa akon, indi angay nga mangin-akon gintuton-an."
An mga magigin kaaway ngani san tawo an kaurupod niya sa panimalay.’,"Ang bisan sin-o nga nagapaniguro sang iya kabuhi madula niya ini, pero ang bisan sin-o nga nagadula sang iya kabuhi tungod sa akon maangkon niya ini."
“Pwera pa sani dili angay sa akon an tawo na nagapalabi sa iya ama kag iloy sin mas pa sa akon. Amo man an nagapalabi sa anak na babayi o lalaki sin mas pa sa akon.,"“Ang bisan sin-o nga nagabaton sa inyo nagabaton sa akon, kag ang bisan sin-o nga nagabaton sa akon nagabaton man sa nagpadala sa akon."
Dili man angay sa akon an habo magdara san iya sadiri na krus na amo an pagtios tungod sa akon tapos makakaupod ko.,"Ang bisan sin-o nga nagabaton sang mensahero sang Dios, tungod kay mensahero sia sang Dios may parti sia sang balos nga para sa mensahero sang Dios. Ang bisan sin-o nga nagabaton sang matarong nga tawo tungod kay sia matarong nga tawo, may parti sia sang balos nga para sa matarong nga tawo."
"Mawawar-an lugod sin buhay an nagapasiguro san iya sadiri na buhay, pero an mawawar-an sin buhay alang-alang sa akon magkakaigwa lugod san buhay na waraʼn katapusan.","Dumdoma ninyo ini! Ang bisan sin-o nga nagapainom sang bisan isa lamang ka baso nga mabugnaw nga tubig sa isa sining akon pinakakubos nga mga gintuton-an, tungod kay gintuton-an ko sia, magabaton gid sang iya balos.”"
Pakatuguna ni Jesus sa iya mga disipulos nagpadayon siya paglakat agod magtukdo kag magpahayag san Maayo Na Barita sa mga lungsod sa Galilea.,"Sa tapos matudloan ni Jesus ang iya dose ka mga gintuton-an kon ano ang ila himuon, naghalin sia sa sadto nga lugar sa pagpanudlo kag pagwali sa malapit nga mga banwa didto."
"Sadto si Juan na Parabunyag adto sa prisuhan. Pakaarami man niya san manungod sa mga ginahimo ni Cristo,","Si Juan nga manugbautiso ginbilanggo sa sadto nga tion. Sang nakabati sia nahanungod sang mga hinimuan sang Cristo, ginpadala niya ang iban sang iya mga gintuton-an kay Jesus."
"nagsugo siya sin mga disipulos agod hungaon si Cristo. Pag-abot ninda ginhunga siya ninda, “Sir, nano, ikaw na po an ginasabi sa Banal Na Kasuratan na maabot o mapaabot pa kami sin iba?”","Nagpamangkot sila, “Sugiri kami, ikaw bala ang ginsiling ni Juan nga magaabot, ukon magapaabot pa kami sing lain?”"
"Nagsabat si Jesus, “Kadto kag sumati niyo si Juan san iyo nabati kag nakita sugad sani:","Si Jesus nagsabat, “Balik kamo kag sugiri ninyo si Juan sang inyo nabatian kag nakita:"
"nakakita gihapon an mga buta, an mga pilay nakalakat na, naayo naman an mga leprosohon kag an mga bungol nakabati. Nabuhay gihapon an mga patay kag an mga pobre nakabati san Maayo Na Barita na ginapahayag sa inda.","ang mga bulag makakita, ang mga piang makalakat, ang mga aruon ginaayo, ang mga bungol makabati, ang mga patay ginabanhaw, kag ang Maayong Balita ginawali sa mga imol."
"Sugad man, malipay idtoʼn dili nawawar-an sin pagtuod sa akon.”",Daw ano ka malipayon ang tawo nga wala nagapangduhaduha sa akon!”
"Pagharali san mga ginsugo, nagtuna naman pag-istorya si Jesus sa mga katawuhan manungod kan Juan: “Nano an ginalaom niyo na makita san pagkadto sa disyerto? Usad na tawo na pareho sa kadinghutan na ginapalid-palid san hangin?","Sang paghalin na sang mga gintuton-an ni Juan, si Jesus nagsiling sa mga tawo nahanungod kay Juan: “Ano ang ginapaabot ninyo nga makita sang pagkadto ninyo kay Juan didto sa desierto? Tigbaw bala nga ginahapayhapay sang hangin?"
"Kun dili sugad sana, nano gayod an ginalaom niyo na makita? Tawo na nakabado sin matahom? Syimpre dili, kay idtoʼn nagabarado sin mga matahom adto nagaistar sa mga palasyo san mga hadi.",Ano bala ang ginkadto ninyo nga tan-awon? Isa bala ka tawo nga nagabayo sing malahalon? Ang mga tawo nga nagabayo sang kasubong sina nagaestar sa mga palasyo!
"Kun kaya ngani, nano kay nagkadto kamo? Para makakita sin propeta? Oo, labaw pa gayod sa propeta an nakita niyo,","Sugiri ninyo ako, ano gid bala ang inyo ginkadto agod tan-awon? Isa bala ka propeta? Huo, nagasiling ako sa inyo, labi pa sang sa isa ka propeta ang inyo nakita."
"kay siya an katumanan san nasurat sa Banal Na Kasuratan,",Kay si Juan amo ang ginatumod sini nga kasulatan: ‘Ipadala ko ang akon mensahero nga magauna sa imo kag magaaman sang imo alagyan.’
"‘Kitaa, may suruguon ako na mapauna sa imo.",Dumdoma ninyo ini! Sa mga nagkalatawo wala na sing may magsobra pa sang sa kay Juan nga manugbautiso. Pero ang labing diutay sa Ginharian sang langit mas daku pa sang sa iya.
Siya an magapreparar san imo aagihan.’,"Sugod sang pagwali ni Juan nga manugbautiso tubtob sa sini nga adlaw ang Ginharian sang langit nag-antos sa mapintas nga mga paghingabot, kag ginaagaw ini sang mapintas nga mga tawo sa pakusog."
"“Ginasiguro ko sa iyo, sa tanan na kabataan na gin-anak sa mga babayi, wara na gayod sin nakalabaw kan Juan na Parabunyag. Ugaling mas labaw pa ki sa iya an pinakamenos sa kahadian san langit.",Ang tanan nga mga propeta kag ang Kasugoan ni Moises nagtagna nahanungod sang Ginharian sang langit tubtob sa panahon ni Juan.
Manungod sani na kahadian ginasakyada ini san mga may grabe na pwersa kag ini ginaagaw ninda tuna na nagpahayag si Juan hasta yana.,"Kon buot kamo magpati sang ila mensahe, si Juan amo si Elias nga gintagna nga magaabot."
Hasta na nag-abot si Juan ginbarita san mga propeta kag sa Kasuguan ni Moises an manungod san pag-abot san pagahadi san Dios.,"Gani, magpamati kamo kon may mga dulonggan kamo!"
"Niyan, kun gusto niyo mag-ako ini, si Juan amo an Elias na ginbarita kasadto na magabalik sa kinab-an agod magpreparar para sani na pagahadi.","“Karon, sa ano ko bala ipaanggid ang mga tawo sa sini nga mga inadlaw? Kaangay sila sang mga kabataan nga nagapinungko sa tiendahan kag nagasinggitanay,"
"Kamo na makabati, magpamati sin maayo!”","‘Nagtukar kami sa inyo sing plawta, pero wala kamo magsaot! Naghaya kami, pero wala kamo maghibi!’"
"Nagpadayon pa si Jesus, “Sa nano ko maikukumparar an mga tawo na nabubuhay yana? Pareho sinda sa mga kabataan na nagairingkod sa merkado kag nagapasiriyak-siyak sa inda mga kakanam sugad sani,","Sang nag-abot si Juan, nagpuasa sia kag wala mag-inom sing bino, kag nagsiling sila, ‘Ginagamhan sia sang demonyo!’"
‘Gintugtugan namon kamo sin plawta pero dili man kamo nagsarayaw.,"Sang nag-abot ang Anak sang Tawo, nagkaon kag nag-inom sia, kag nagsiling sila, ‘Tan-awa ninyo ini nga tawo! Palakaon sia kag palahubog, abyan sang mga manugsukot sang buhis kag sang iban nga mga makasasala!’ Pero ang kaalam sang Dios mapamatud-an paagi sa mga binuhatan sini.”"
Tapos nagkanta naman kamiʼn mamunduon pero wara kamo pagtarangis.’,Dayon ginpangkondenar ni Jesus ang mga banwa sa diin naghimo sia sang kalabanan sang iya mga milagro tungod kay ang mga tawo didto wala maghinulsol sang ila mga sala.
"“Sugad man, pagkita san mga tawo na an ugali ni Juan pag-ayuno kag waraʼn pag-inom sin bino nagasabi sinda, ‘Nasudlan siya sin demonyo.’","“Makaluluoy ka man, Corazin! Makaluluoy ka man, Betsaida! Kay kon ang mga milagro nga ginhimo sa inyo ginhimo sa Tiro kag Sidon, dugay na kuntani ang mga tawo didto nagabayo sang sako kag nagbutang sing abo sa ila mga ulo sa pagpakita nga nagbiya sila sa ila mga sala!"
"Nakita naman ninda ako na Anak San Tawo na an ugali mag-inom sin bino kag dili mag-ayuno kag niyan nagasabi sinda, ‘Kitaa an makagod kag parahubog. Nakiamigo ngani siya sa mga parasukot san buwis kag sa iba na mga parakasala.’ Ugaling an mga himo amo an nakapamatuod san kadunungan.”","Gani dumdoma ninyo nga sa Adlaw sang Paghukom, mas magamaluloy-on pa ang Dios sa mga tawo sang Tiro kag Sidon sang sa inyo!"
Pakatapos sani ginpanguritan ni Jesus an mga katawuhan sa mga lungsod kun diin siya nagpanghimoʼn damo na mga milagro kasadto kay habo sinda magbaya san inda kasal-an.,"Kag ikaw Capernaum luyag ka bala nga bayawon pa langit? Itagbong ka sa impierno! Kay kon ang mga milagro nga nahimo sa imo ginhimo sa Sodoma, kuntani ang Sodoma ara pa tubtob sa sini nga adlaw!"
"Sabi niya, “Kamakaluluoy niyo na mga taga-Corazin! Kamakaluluoy man niyo na taga-Betsaida! Kun an ginhimo na mga milagro sa iyo, didto paghimua kasadto sa maraot na mga syudad san Tiro kag Sidon na ginasira san Dios, dugay na an mga tagadidto nagsul-ot sin bado na sako kag nagsaburak sin abo sa inda mga ulo agod ipakita na sinda nagabasol kag nagabaya san inda mga kasal-an.",Dumdoma ninyo nga sa Adlaw sang Paghukom mas magamaluloy-on pa ang Dios sa Sodoma sang sa inyo!”
"Pero tandai ini, sa adlaw san paghusgar mas pagakaluy-an san Dios an mga taga-Tiro kag mga taga-Sidon ki sa iyo.","Sa sadto nga tion si Jesus nagsiling, “O Amay, Ginoo sang langit kag duta! Nagapasalamat ako sa imo tungod kay ginpahayag mo sa mga di-maalam ang gintago mo sa mga maalam kag sa may mataas nga mga tinun-an."
"Kamo naman na mga taga-Capernaum, nano, gusto ba niyo na magpakamatanos pareho san sa langit? Itatapok lugod kamo sa impyerno. Kay kun an mga milagro na ginhimo sa iyo, ginhimo didto sa lungsod san Sodoma na nasira, hasta yana adto pa ini.","Huo, O Amay, kay amo ini ang imo nahamut-an nga himuon."
Pero tandai ini: sa adlaw san paghusgar mas pagakaluy-an san Dios an mga maraot na taga-Sodoma ki sa iyo.”,"“Ang akon Amay nagtugyan sa akon sang tanan nga mga butang. Wala sing may nakakilala sa Anak luas ang Amay, kag wala man sing may nakakilala sa Amay luas ang Anak kag ang bisan sin-o nga luyag ipahayag sang Anak ang Amay."
"Tapos nangadyi si Jesus, “Ama, na Ginoo san langit kag duta, nagapasalamat ako sa imo kay gintago mo ini na kaaraman sa mga madunong kag mga may pagsabot pero ginhayag mo sadtoʼn mga maluya an pagsabot sugad san mga dyutay na bata.","“Palapit kamo sa akon, tanan kamo nga ginabudlayan kag ginabug-atan, kag papahuwayon ko kamo."
"Opo, Ama, kay ginkalipay mo an pagahimo sani.”","Itakod ang akon gota sa inyo kag magtuon kamo sa akon, tungod kay ako malulo kag mapainuboson sing tagipusoon, kag makapahuway kamo."
"Tapos nagpadayon siya gihapon pagsabi sa mga tawo, “An tanan na poder ginhatag sa akon san akon Ama. Waraʼn nakakakilala sa Anak kundi an Ama. Wara man sin nakakakilala sa Ama kundi an Anak kag sadto man na mga ginagusto san Anak na pahayagan san manungod sa Ama.","Kay ang akon gota nga ihatag sa inyo mahapos, kag ang akon karga mamag-an.”"
Sadto na panahon na Adlaw San Pagpahuway nag-aragi sinda Jesus sa katriguhan. Ginurutom an iya mga disipulos kaya nagtuna sinda magpamudo sin mga bunga kag pakapaniti ginakaraon.,"Isa sadto ka tion sa Adlaw nga Inugpahuway, si Jesus nag-agi sa tunga sang kaumhan sang trigo. Gingutom ang iya mga gintuton-an, gani nagpangutol sila sang mga uhay sang trigo kag ginkaon ini."
"Pero pakakita sani san mga Pariseo ginsabihan siya ninda, “Kitaa an imo mga disipulos kay nagahimo san dili dapat himuon sa Adlaw San Pagpahuway.”","Sang makita ini sang mga Fariseo, nagsiling sila kay Jesus, “Tan-awa bala, ang ginahimo sang imo mga gintuton-an batok sa Kasugoan sa Adlaw nga Inugpahuway!”"
"Ginhunga man niya sinda, “Nano, wara pa kamo kabasa kun nano an ginhimo ni David san ginutom siya kag sadtoʼn mga kaurupod niya?","Si Jesus nagsabat, “Wala bala ninyo mabasahi ang ginhimo ni David sang sia kag ang iya mga kaupdanan gingutom?"
Nangyari ini san magsulod siya sa templo san Dios kag ginkuha an mga tinapay na ginhalad sa Dios na dili ngani sinda dapat magkaon kundi an mga padi lang pero kinaraon ninda.,"Nagsulod sia sa balay sang Dios, kag ginkaon niya upod sang iya mga tinawo ang tinapay nga nahalad sa Dios, bisan pa batok sa Kasugoan para sa ila ang magkaon sadto nga tinapay. Kay yadto nga tinapay para lamang sa mga pari."
"Usad pa. Nano, dili man niyo nabasa sa Kasuguan na an mga padi sa templo ginasupak an Adlaw San Pagpahuway pero dili sinda nagakasala?","Kag wala bala ninyo mabasahi sa Kasugoan ni Moises nga sa Adlaw nga Inugpahuway, ang mga pari sa templo nagalapas sang Kasugoan sa tagsa ka Adlaw nga Inugpahuway, pero wala man sila makasala?"
"Pero amo ini an sasabihon ko sa iyo, adi an mas labaw pa ki sa templo.","Nagasiling ako sa inyo, may yari diri nga mas importante pa sang sa Templo."
"Kaya kun nasabutan lang niyo an gusto sabihon san mga surmaton, ‘dili sakripisyo an gusto ko kundi kaluoy,’ dili niyo ginhusgaran idtoʼn mga dili nagkasala.","Kon inyo lamang nahibaluan kon ano ang kahulogan sini nga kasulatan, ‘Indi mga halad nga sapat ang luyag ko, kundi ang pagkamaluloy-on,’ wala ninyo kuntani paghukmi ang mga wala sing sala."
Nasabi ko ini kay ako na Anak San Tawo amo an Ginoo na makabuot sa Adlaw San Pagpahuway.”,Kay ang Anak sang Tawo amo ang Ginoo sang Adlaw nga Inugpahuway.”
Paghali didto nagpakadto si Jesus sa inda sinagoga.,"Naghalin si Jesus sa sadto nga lugar kag nagsulod sa ila sinagoga, sa diin"
"Sana man mismo may lalaki didto na kimay. Kaya sa paglaom na may ikaakusar kontra kan Jesus naghunga sa iya an mga Pariseo, “Nano, kontra ba sa aton Kasuguan an pagpamulong kun Adlaw San Pagpahuway?”","may isa ka tawo didto nga naitus ang iya kamot. May mga tawo man didto nga luyag magsumbong kay Jesus tungod sang iya mga ginahimo. Gani nagpamangkot sila sa iya, “Ginatugot bala sa aton Kasugoan ang pagpamulong sa Adlaw nga Inugpahuway?”"
"Ginsabat sinda ni Jesus, “Kun igwa didi sa iyo sin may karnero na mahulog sa buho na hadalom sa Adlaw San Pagpahuway, nano, dili niya ini kuhaon? Syimpre!","Si Jesus nagsabat, “Abi kon ang isa sa inyo may karnero nga nahulog sa madalom nga buho sa Adlaw nga Inugpahuway, ano bala ang himuon niya? Indi bala niya pagkuhaon ini sa buho?"
"Mas lalo pa na mahalaga an tawo ki sa karnero. Sugad man, susog sa Kasuguan an paghimoʼn kaayuhan sa Adlaw San Pagpahuway.”",Ang tawo mas labi pa ka mahal sang sa karnero! Gani ang aton Kasugoan nagatugot sa aton sa paghimo sing maayo sa isa ka tawo bisan pa sa Adlaw nga Inugpahuway.”
"Kaya ginsabihan niya an lalaki, “Iunat an imo kamot.” Gin-unat man sani kag an iya pagkakimay nag-ayo na kag kapareho na ini san sa luyo.","Dayon nagsiling si Jesus sa tawo, “Untaya ang imo kamot.”"
Dahilan sani nagruluwas an mga Pariseo kag nagtuna pagplano kontra kan Jesus kun pan-o siya ninda maipapatay.,Gin-untay niya ini kag nag-ayo kasubong sang pihak niya nga kamot.
"Pakaarami sani ni Jesus naghali siya sadto na lugar. Damo na mga tawo an nagsurunod sa iya kag gin-ayo niya an tanan na may ginabatyag,",Pero ang mga Fariseo naglakat kag nagplano sa pagpatay kay Jesus.
pero pinadaanan niya sinda na dili siya igpamarita.,"Sang mahibaluan ni Jesus ang plano batok sa iya, naghalin sia sa sadto nga lugar kag ginsunod sia sang madamo nga mga tawo. Gin-ayo niya ang tanan nga mga masakiton,"
Ginhimo niya ini agod matuman an ginsabi san propeta na si Isaias:,kag ginmanduan nga indi sila magpanugid sa iban nahanungod sa iya.
“Adi an akon suruguon na pinili ko. Siya an akon palangga na ginakalipay ko gayod.,Ginhimo niya ini agod matuman ang ginsiling ni Isaias nga propeta:
Ihahatag ko sa iya an akon Espirito kag igapahayag niya an matuod na hustisya sa tanan na tawo.,"“Yari ang akon alagad nga akon ginpili,"
"Dili siya makigsuay, dili magsiyak kag wara gayod sin bisan makabati san iya boses sa mga kamino.",ang akon hinigugma nga sa iya nahamuot ako.
Pareho san buak na bagakay kag san nagakipat-kipat na lampara an mga kulang san pagtuod sa iya.,"Ibutang ko sa iya ang akon Espiritu,"
Pero dili siya magabari kag dili magaparong sa inda kundi pagapakusugon niya an inda pagtuod hasta na an hustisya san Dios ipalukop niya sa tanan na lugar.,kag sia magapahibalo sang akon paghukom sa mga kapungsoran.
Tapos an mga tawo didto sa tanan na nasyon magasarig sa iya.”,"Indi sia magbais ukon magsinggit,"
Pakatapos may gindara kan Jesus na tawo na nasudlan sin maraot na espirito na nakapabuta kag nakapaapa sa iya. Gin-ayo siya ni Jesus kaya nakasurmaton kag nakakita gihapon.,ukon mabatian ang iya matunog nga hambal sa mga dalan.
"Nangawa an tanan na katawuhan sa ginhimo ni Jesus kaya nagahurunga-hunga, “Dili kaya ini an kalahi san dati hadi na si David?”","Magamalulo sia sa mga maluya,"
"Pero pakabati sani san mga Pariseo, nagsabi, “Paagi lang kan Beelzebul na namumuno san mga demonyo an pagpaluwas niya san mga demonyo.”","kag magamaayo sa indi makasarang,"
"Aram ni Jesus an inda ginaisip kaya sinabihan niya sinda, “Maruruba an kahadian na pirme may araraway sa inda mismo. Amo man magaburulag an syudad o pamilya na pirme may araraway sa inda mismo.","tubtob iya madala ang katarungan sa pagdaog,"
"Kaya kun ginapaluwas ni Satanas an iya sadiri na mga sakop, may pag-araraway sa iya mismo. Kun sugad, pan-o magapadayon an iya pagahadi?",kag ang tanan nga mga tawo magasalig sa iya.”
"May hunga pa. Kun paagi kan Beelzebul nagapaluwas ako san mga demonyo, kanin-o man gali poder na nahimo man ini san iyo mga katawuhan? Kaya ini sinda mismo an magapamatuod na sala kamo.","Dayon may mga tawo nga nagdala sa kay Jesus sang isa ka tawo nga bulag kag apa, tungod kay ginagamhan sia sang demonyo. Gin-ayo ni Jesus ini nga tawo, sa bagay nga makahambal kag makakita na sia."
"Ugaling kun paagi sa Espirito san Dios an pagpaluwas ko san mga demonyo, ina nagapamatuod na an pagahadi san Dios adi na sa iyo.”","Natingala gid ang tanan nga mga tawo gani nagpinamangkutanay sila, “Sia na ayhan ang Anak ni David?”"
"Nagpadayon pa si Jesus sa iba na istorya, “O halimbawa baga, pan-o masulod an balay san maisog na tawo agod kuhaon an iya mga butang kun dili anay siya gapuson? Kun sugad, amo pa lang makakawatan an iya balay.”","Sang pagkabati sini sang mga Fariseo nagsiling sila, “Ginatabog niya ang mga yawa tungod kay si Beelzebul nga pangulo sang mga demonyo naghatag sa iya sing gahom sa paghimo sini.”"
"Nagpadayon si Jesus, “Kaya mga kontra gayod sa akon an dili nakiupod sa akon kag nagaburulag lugod an dili nagabulig sa akon magtipon.","Si Jesus nakahibalo sang ila panghunahuna, gani nagsiling sia sa ila, “Kon ang mga pumoluyo sang isa ka pungsod nagabinahinbahin kag nagailinaway, ina nga pungsod malaglag. Kon ang mga pumoluyo sang isa ka banwa ukon mga katapo sang isa ka panimalay nagabinahinbahin kag nagailinaway, ina nga banwa ukon panimalay magabuloblag."
Niyan ginasiguro ko sa iyo na papatawadon an tanan na mga kasal-an san tawo hasta an pagpakaraot sa tawo pero dili gayod papatawadon an magpakaraot sa Espirito Santo.,"Gani kon ang mga ginsakpan ni Satanas magbinahinbahin kag mag-ilinaway, ang iya ginharian magabuloblag!"
An magsurmaton naman kontra sa akon na Anak San Tawo papatawadon pero an magsurmaton kontra sa Espirito Santo dili gayod papatawadon bisan san-o.”,"Nagasiling kamo nga ako nagatabog sang mga demonyo tungod sang gahom nga ginhatag sa akon ni Beelzebul. Ti, karon sin-o bala ang nagahatag sing gahom sa inyo mga sumolunod sa pagtabog sa ila? Ang ginahimo sang inyo mga sumolunod amo man ang nagapamatuod nga nagsayop gid kamo!"
"Nagsurmaton pa si Jesus, “Niyan ipahalimbawa ta man sa kahoy. Kun maayo ini, nagabunga man sin maayo pero kun maraot, maraot man an bunga. Kaya makikilala naton an kahoy paagi sa bunga sani.","Indi si Beelzebul, kundi ang Espiritu sang Dios amo ang naghatag sa akon sing gahom sa pagtabog sang mga demonyo, gani ini nagapamatuod nga ang paghari sang Dios nag-abot na sa inyo."
Pareho kamo sana kay baga kamoʼn kasawahan! Pan-o kamo makasurmaton sin maayo na kamo mismo maraot? Kay kun nano man an ada gayod sa tagipusuon amo man an ginasurmaton.,"“Wala sing may makasulod sa balay sang makusog nga tawo sa pagkuha sang iya mga pagkabutang luas lang kon iya anay gapuson ang makusog nga tawo, dayon sarang na sia makapanguha sang bisan ano nga butang sa amo nga balay."
Hali sa iya malinis na tagipusuon an maayo na tawo nagapakita sin maayo na nahimuan. An maraot naman na tawo nagapakitaʼn mga maraot na hinimuan na hali sa iya maati na tagipusuon.,"“Ang bisan sin-o nga wala nagaapin sa akon batok sa akon, ang bisan sin-o nga wala nagatipon upod sa akon nagapaaplaag."
Pero amo ini an sasabihon ko sa iyo: sa adlaw san paghusgar an tanan na mga tawo dapat mag-atubang sa Dios manungod sa kada naisurmaton na waraʼn pulos.,"Gani, nagasiling ako sa inyo: mapatawad ang mga tawo sang bisan ano nga sala kag sang malaut nila nga ginapanghambal, pero indi mapatawad ang bisan sin-o nga maghambal sing malain batok sa Espiritu Santo."
Kaya pagapatanuson kamo o pagakondinaron paagi sa iyo ginsurmaton.”,"Ang bisan sin-o nga maghambal sang pulong batok sa Anak sang Tawo mapatawad, pero ang bisan sin-o nga maghambal batok sa Espiritu Santo indi mapatawad, sa karon ukon sa palaabuton."
"Pakatapos may mga Pariseo kag mga paratukdo san Kasuguan na nagsabi sa iya, “Sir, gusto namon makita na nagahimo kaʼn milagro bilang tanda na pagapamatuod na ikaw hali sa Dios.”","“Agod makaangkon sang maayo nga bunga dapat ang kahoy maayo, kay kon ang kahoy indi maayo, magaangkon ini sang indi maayo nga bunga. Kay ang kahoy makilala sa iya bunga."
"Pero sinabat sinda ni Jesus, “Maraot kag makasal-anon na mga tawo an nagapangayo sin tanda. Ugaling waraʼn ipapakita sa inda kundi an pareho na nangyari sa propeta na si Jonas.","Kamo nga kaliwat sang mga man-og, paano bala ang paghambal ninyo sing maayo nga mga butang kon kamo malaut? Kay ginahambal sang baba kon ano ang yara sa tagipusoon."
Kay pareho ni Jonas na nagtulo ka adlaw kag nagtulo ka gab-i sa sulod san tiyan san dako na isda amo man ako na Anak San Tawo magatulo ka adlaw kag magatulo man ka gab-i sa idalom san duta.,"Ang maayo nga tawo nagapagwa sing maayo nga mga butang gikan sa mga gintipon niya nga maayo, ang tawo nga malaut nagapagwa sang malaut nga mga butang gikan sa mga tinago niya nga malaut."
Sa adlaw san maabot na paghusgar san Dios adto na an mga taga-Nineve kaurupod niyo na mga tawo na nabuhay yana. Magapamatuod ngani sinda kontra sa iyo kay nagbasol gayod sinda sa inda mga kasal-an kag nagbaya sani kasadto san magtukdo si Jonas pero bisan adi na yana an mas labaw pa ki sa iya habo naman kamo mamati.,“Ako nagasiling sa inyo: sa Adlaw sang Paghukom ang tagsatagsa magapanabat sa tagsa ka pulong nga wala sing pulos nga ginhambal niya.
"Kun maabot gayod ina na adlaw, adto man an ginatawag na Reyna san Timog kaupod niyo na mga tawo na nabuhay yana. Aakusaron man niya kamo kay kasadto hali pa gayod siya sa harayo na lugar san kinab-an para mamati san kadunungan ni Solomon pero, kitaa, bisan adi na yana an mas labaw pa ki kan Solomon, habo naman kamo mamati.","Kay sa imo mga pulong pagahukman ka, sa paghilway ukon sa pagkondenar sa imo.”"
"“Ipahalimbawa ta naman sa maraot na espirito,” an sabi ni Jesus. “Pagluwas sani sa tawo nagaagi-agi siya sa mga disyerto agod maghanap sin mapahuwayan pero kay waraʼn mahanapan,","Dayon may mga manunodlo sang Kasugoan kag mga Fariseo nga nagsiling kay Jesus, “Manunodlo, luyag kami makakita sa imo nga nagahimo sang gamhanan nga buhat nga nagapakita nga ang imo gahom naghalin sa Dios.”"
"kaya masabi siyaʼn, ‘Mabalik ako sa akon ginhalian na istaran.’ Pag-abot niya didto, nakita na waraʼn sulod, malinis kag gin-ayo na idto.","Si Jesus nagsabat, “Daw ano kalaut kag di-maminatud-on sa Dios ang mga tawo sa sini nga mga inadlaw! Nagapangayo bala kamo sa akon sing gamhanan nga buhat? Wala sing gamhanan nga buhat nga ipakita sa inyo luas sang natabo na sa kay Jonas nga propeta."
Tapos magahali gihapon siya kag magatiripon pa sin pito na espirito na mas maraot pa sa iya. Didto naman sinda tanan magasulod kag magaistar. Dahilan sani mas grabe an kamutangan sadtoʼn tawo ki san dati. Kaya amo man an mangyayari sani na maraot na mga tawo na nabubuhay yana.”,"Subong nga si Jonas nagpabilin sa tiyan sang daku nga isda sa sulod sing tatlo ka adlaw kag tatlo ka gab-i, amo man ang Anak sang Tawo magapabilin sa kadadalman sang duta sa sulod sing tatlo ka adlaw kag tatlo ka gab-i."
"Myintras nagasurmaton pa si Jesus sa mga tawo, nag-abot an iya iloy kag mga kamaranghod na lalaki. Adto sinda sa luwas na nagahangyo na makisurmaton sa iya.",Sa Adlaw sang Paghukom ang mga tawo sa Ninive magatindog kag magasumbong sa inyo tungod kay naghinulsol sila sang ila mga sala sang pagkabati nila kay Jonas nga nagawali. Kag nagasiling ako sa inyo nga may ari diri nga labaw pa sang sa kay Jonas!
"Kaya may usad didto na nagsabi sa iya, “Kitaa, ada sa luwas an imo iloy kag mga kamaranghod na lalaki na gusto makigsurmaton sa imo.”","Sa Adlaw sang Paghukom ang Rayna sang Seba magatindog kag magasumbong sa inyo, tungod kay nag-abot sia halin pa sa malayo gid nga lugar sa pagpamati sang kaalam ni Haring Solomon. Nagasiling ako sa inyo, may ari diri nga labaw pa sang sa kay Haring Solomon!"
"Pero sinabat siya ni Jesus sin hunga, “Sin-o an akon iloy kag sarasin-o an akon mga kamaranghod na lalaki?”","“Kon ang malaut nga espiritu maggwa sa isa ka tawo, nagapanglugayawan sia sa mamala nga mga lugar sa pagpangita sing palahuwayan. Kon wala sia sing may makita,"
"Tapos tinukdo an iya mga disipulos kag nag-sabi, “Adi an akon iloy kag mga kamaranghod na lalaki.","nagasiling sia sa iya kaugalingon, ‘Mabalik ako sa akon ginhalinan.’ Gani sa pagbalik niya, iya makita nga ang iya ginhalinan wala sing may nagaestar, matinlo kag nahimos na."
"An tanan na nagatuman sa pagbuot san akon amasa langit amo an akon iloy, mga kamaranghod na lalaki kag babayi.”","Dayon magalakat sia kag manghagad sang pito ka espiritu nga mas malaut pa sang sa iya. Magasulod sila kag magaestar sa sadto nga tawo. Gani, sa katapusan ini nga tawo mas magamalaut pa gid sang sa una niya nga kahimtangan. Amo man ini ang mahanabo sa malaut nga mga tawo sa sini nga mga inadlaw.”"
Sadto mismo na adlaw paghali ni Jesus sa balay nagpakadto siya sa higad san danaw kag nag-ingkod.,"Sa amo man nga adlaw naggwa si Jesus sa balay kag nagkadto sa higad sang linaw, sa diin nagpungko sia sa pagpanudlo."
Damu-damo na katawuhan an nagtiripon sa iya kaya nagsakay siya sa baruto kag nag-ingkod. An tanan naman na katawuhan nagtirindog sa baybayon.,"Tungod kay gintipunan sia sang madamo nga tawo, nagsakay sia sa sakayan kag nagpungko didto, samtang ang mga tawo nagtilindog sa higad sang linaw."
"May pasadi-sadi na ginsurmaton siya sa inda paagi sa mga istorya. Ginsabihan niya, “May parauma na nagpauma para magsabwag.",Madamo nga mga butang ang gintudlo ni Jesus sa ila paagi sa mga palaanggiran nga subong sini:
Sa iya pagsabwag may mga binhi na nakatupa sa may dalan pero ini ginturuka san mga sapat na nag-abot.,“May isa ka tawo nga naglakat sa pagsab-og.
"May nakatupa man sa kabatuhan na dyutay an duta. Nagturubo dayon ini kay hamabaw man lang an duta,","Sang pagsab-og niya sang binhi, ang iban nagtupa sa dalan, kag ang mga pispis nagdapo kag nagtuka sini."
pero pagragit san adlaw naluyos kag nag-uga idto kay wara makagamot sin maayo.,"Ang iban nagtupa sa batuhon nga mga lugar, sa diin hapaw lamang ang duta. Sa wala lang madugay nagtubo ang binhi tungod kay manabaw ang duta."
May mga binhi naman na nakatupa sa katunukan pero pagdaragko san katunukan nasiutan ini kag namatay.,"Sang udtong adlaw na, nalayong ang bag-ong tubo nga mga tanom kag tungod kay indi gid madalom ang mga gamot sini, ang mga tanom madali nga nalaya."
"Niyan may iba na mga binhi na nakatupa sa mataba na duta kag nagburunga gayod. May mga nagbunga sin ginatos, may tigsisenta kag may tigtraynta kada binhi.",Ang iban nga binhi nagtupa sa duta nga may mga talungon nga nagtubo kag naglumos sang mga tanom.
"Kaya kamo na makabati, magpamati sin maayo!”","Pero ang iban nga binhi nagtupa sa maayo nga duta kag ang mga tanom namunga: ang iban sini nagpatubas sang 100 ka pilo, ang iban sini sesenta kag ang iban sini traynta.”"
"Pakatapos nagharalapit an mga disipulos kan Jesus kag naghunga sa iya, “Nano kay nagatukdo ka sani na mga tawo paagi sin mga istorya?”","Kag si Jesus nagsiling, “Gani, magpamati kamo kon may mga dulonggan kamo!”"
"Nagsabat si Jesus, “Kamo an gintugutan na maaraman an mga misteryo san kahadian san langit pero sa inda wara igtugut.","Dayon ang mga gintuton-an nagpalapit kay Jesus kag nagpamangkot sa iya, “Ngaa nagahambal ka sa mga tawo paagi sa mga palaanggiran?”"
Manungod sani an igwa na hahatagan pa kaya mabugana na pero an wara-wara kukuhaan pa bisan an nano man na ada na sa iya.,"Si Jesus nagsabat, “Ang paghibalo sang mga tinago sang Ginharian sang langit ginhatag sa inyo kag indi sa ila."
Kaya ngani nakisurmaton ako sa inda paagi sa mga istorya kay bisan sing-ano ninda sin kasud-ong dili gihapon nakakita kag bisan sing-ano sin kapamati dili man gihapon nakabati kag nakasabot.,"Kay ang tawo nga may paghangop pagahatagan pa gid, agod nga magsulobra ang iya nahibaluan, pero ang tawo nga wala sing paghangop bisan ang diutay nga iya nahibaluan pagakuhaon pa."
"Natuman man gayod sa inda an ginsabi san propeta na si Isaias na nagsabi,","Naghambal ako sa ila paagi sa mga palaanggiran, tungod kay nagatulok sila pero indi makakita, kag nagapamati sila pero indi makabati ukon makahangop."
‘Magapamati man kamo pirme pero dili gihapon makasabot.,Gani natuman sa ila ining tagna ni Isaias nga nagasiling:
Magakita kamo pirme pero dili man gihapon makapanginano.’,"‘Ini nga mga tawo magapamati lang nga pamati, pero indi makahangop,"
"Nagpadayon si Isaias,","magatulok lang sila nga tulok, pero indi makakita."
"‘Kay manol ini na mga katawuhan bagaʼn mga bungol kag mga piyong pa sinda,","Tungod kay ini nga mga tawo matig-a sing mga ulo,"
"kay basi makipanginano, makabati kag makasabot, tapos magabalik sinda sa akon kag mapaayo ko sinda.’","gintakpan nila ang ila mga dulonggan,"
“Kundi palabi an iyo mga mata kag mga talinga kay nakakita kag nakabati.,kag ginpiyong nila ang ila mga mata.
"Ginasiguro ko sa iyo, kasadto damo na mga propeta kag matanos na tawo an nagahandom na makakita san iyo nakita pero dili ninda nakita. Nagahandom man makabati san iyo nababatian pero dili ninda nabati.","Kay kon indi nila paghimuon ini,"
“Kaya pamatii an gusto sabihon sani na istorya san parauma.,"basi makakita ang ila mga mata,"
An nakapamati na wara makasabot san surmaton manungod san kahadian pareho san binhi na nakatupa sa dalan. Tapos nagaabot an demonyo kag nagaagaw san surmaton na ginpamatian.,"makabati ang ila mga dulonggan,"
Idtoʼn naman na nakatupa sa kabatuhan amo idtoʼn mga nakabati san surmaton tapos nagatuod dayon kag nagakarilipay.,"makahangop ang ila mga panghunahuna,"
Pero wara makagamot sa inda sadiri kaya nagatubo anay sin kadali pero oras na may kalisdanan o kasakitan dahilan san pagsunod sa katukduan nawawara dayon an inda pagtuod.,"kag magaliso sila sa akon,"
Idto naman na nakatupa na binhi sa katunukan amo idtoʼn nakabati san surmaton pero an mga kahandalan san pagkabuhay kag an kasadya hali san kayamanan amo an nagapalimot san surmaton kaya wara ini makapamunga.,kag ako magaayo sa ila.’
"Idto ugaling na mga nakasabwag man na binhi sa mataba na duta amo idtoʼn mga nagapamati san surmaton kag nakasabot. Sinda idtoʼn bagaʼn mga tanom na nakapamunga gayod sin ginatos, sin tigsisenta o sin tigtraynta kada binhi.”",“Kamo inyo malipayon gid! Kay ang inyo mga mata makakita kag ang inyo mga dulonggan makabati.
May iba pa na gin-istorya si Jesus sa kadamuan. “Pareho sa tawo na nagpasabwag sin maayo na binhi sa iya uma an pagahadi san Dios.,"Dumdoma ninyo ini! Madamo nga mga propeta kag mga tawo sang Dios ang naghandom gid sa pagtan-aw sang inyo nakita, pero wala sila makakita, kag luyag magpamati sa inyo ginapamatian pero wala sila iya makabati."
Usad na gab-i myintras tururog an mga suruguon san tag-iya may nag-abot na kaaway kag nagsabwag man sin dinghot sadto man mismo na uma tapos lumakat.,"Gani, pamatii ninyo kag tun-i kon ano ang kahulogan sang palaanggiran nahanungod sang manugsab-og."
Kaya pagturubo san tanom kag nagtuna mamunga nagturunga man an mga dinghot.,"Ang mga nagapamati sang mensahe nahanungod sang Ginharian pero wala makahangop sini, kaangay sila sang binhi nga nagtupa sa alagyan. Nagaabot ang Yawa kag nagaagaw sang ginsab-og sa ila mga tagipusoon."
"“Nagkadto sa tag-iya an mga suruguon kag naghunga, ‘Sir, maayo man an binhi na ginsabwag namon sa imo umahan, pan-o man nagkadinghot?’",Ang binhi nga nagtupa sa batuhon nga duta amo ang mga nagapamati sang pulong kag sa gilayon nagabaton sini sing malipayon.
"“Ginsabat niya sinda, ‘May kaaway na naghimo sani.’",Pero wala ini nagatudok kag nagadugay sa ila. Gani kon mag-abot ang pag-antos ukon paghingabot tungod sang mensahe nagabiya sila sa gilayon.
"“Pakabati sani ginhunga naman siya san mga suruguon, ‘Nano, gusto mo ba na gabuton namon an dinghot?’","Ang binhi nga nagtupa sa duta nga may mga talungon amo ang mga nagapamati sang mensahe, pero ang mga palaligban sang pangabuhi, kag ang paghigugma sang manggad nagalumos sang mensahe, kag wala ini nagapamunga."
"“Pero nagsabat an amo, ‘Ayaw, kay basi paggabot niyo san dinghot makaupod man an trigo.","Ang binhi nga ginsab-og sa maayo nga duta amo ang mga nagapamati sang mensahe kag nagahangop sini. Nagapamunga sila kag nagapatubas ang iban sa ila sing 100 ka pilo, ang iban sesenta ka pilo, kag ang iban traynta ka pilo.”"
"Pabayai lang niyo na durungan ini magtubo hasta pag-ani kay sa tiganihan sabihon ko na lang sa mga paraani na unahon anay paggabot san mga dinghot, tapos butuk-butukon agod isugba sa kalayo. Pero an trigo itipon sa akon kamalig.’,”","Si Jesus nagsugid sa ila sing isa naman ka palaanggiran, “Ang Ginharian sang langit kaangay sang isa ka tawo nga nagsab-og sang maayo nga binhi sa iya uma."
May iba pa na gin-istorya si Jesus sa inda. “Pareho man san pisog san mustasa na tinanom sin tawo sa iya uma an pagahadi san Dios.,"Isa ka gab-i, sang nagakatulog ang mga tawo, nag-abot ang iya kaaway kag nagsab-og man sang mga bugang nga nag-impon sa mga trigo, kag naglakat."
Amo ini an pinakadyutay sa tanan na pisog pero pagtubo amo man an pinakadako sa mga tanom sa uma. Nagin kahoy ini kaya nagahurugdon an mga sapat kag nagasaralag sa mga sanga sani.”,"Sang nagtubo ang mga tanom kag nagpamunga sang trigo, ang mga bugang nagtubo man."
May iba pa na gin-istorya si Jesus sa inda. “Pareho man san pampaalsa na ginatawag lebadura an pagahadi san Dios. Ginmiskla ina san babayi sa tulo ka sukol na arina. Tapos dahilan sani nag-alsa an bilog na minasa.”,"Ang mga suloguon sang tawo nagkadto sa iya kag nagsiling, ‘Sir, maayo nga binhi ang imo ginsab-og sa imo nga uma, pero diin bala maghalin ining mga bugang?’"
Ini tanan gintukdo ni Jesus sa kadamuan paagi sa mga istorya. Dili ngani siya nagatukdo sa inda kun dili paagi sa istorya.,"Nagsabat sia, ‘Ginhimo ini sang kaaway.’ Nagpamangkot sila, ‘Luyag mo bala nga maglakat kami agod panggabuton ang mga bugang?’"
Nangyari ini agod matuman an ginsabi san propeta:,"Nagsabat sia, ‘Indi lang, tungod kay sa inyo pagtipon sang mga bugang, basi may magabot kamo nga mga trigo kaupod sa ila."
“Magagamit akoʼn mga istorya sa pakigsurmaton sa inda.,"Pabay-i lang ninyo anay nga magpamuhi ang mga bugang kag ang mga trigo tubtob sa tig-alani, kay kon tig-alani na singganon ko ang mga mangangani: ‘Gabuta anay ninyo ang mga bugang, bugkosa ini kag idap-ong sa kalayo. Dayon tipuna ninyo ang trigo kag isulod sa akon bodega.’”"
Igapahayag ko an mga misteryo na dili pa naaaraman magtuna sa paglalang san kinab-an.”,"Si Jesus nagsugid sa ila sing isa naman ka palaanggiran, “Ang Ginharian sang langit kaangay sang binhi sang mustasa, nga ginkuha sang isa ka tawo kag ginpanggas sa iya uma."
"Pakatapos sani binayaan ni Jesus an kadamuan kag nagsulod sa balay. Nag-arapiki an mga disipulos niya kag may nagsabi, “Ipahayag man sa amon an gusto sabihon san istorya san mga dinghot sa uma.”","Ini ang labing diutay sa tanan nga binhi, pero kon magtubo ini magataas sia sa tanan nga kahuykahoy kag mangindaku nga kahoy, sa bagay nga ang mga pispis magadapo kag magapugad sa mga sanga sini.”"
"Nagsabat si Jesus, “Idtoʼn nagsabwag san maayo na binhi amo ako na Anak San Tawo.","Si Jesus nagsugid sa ila sing isa pa gid ka palaanggiran, “Ang Ginharian sang langit kaangay sang lebadora. Ginakuha ini sang isa ka babayi kag ginalamas sa tatlo ka sukob nga harina, tubtob nga maghabok ang bug-os nga linamas.”"
An uma amo an kinab-an kag an gusto sabihon san maayo na binhi an katawuhan na nagapasakop sa pagahadi san Dios. An mga dinghot naman an katawuhan na nagapasakop sa Maraot na Espirito na amo si Satanas.,Si Jesus naggamit sang mga palaanggiran sa pagtudlo sini nga mga butang sa mga tawo. Wala sia sing may ginhambal sa ila nga indi paagi sa palaanggiran.
Siya man an demonyo na nagtanom sani na dinghot. Tapos an pag-ani amo an katapusan san kinab-an kag an mga paraani amo an mga anghel.,Ginhimo niya ini agod matuman ang ginsiling sang propeta:
“Pareho na an dinghot gintipon kag ginsunog sa kalayo amo man an mangyayari sana na mga tawo sa katapusan san kinab-an.,"“Magahambal ako sa ila paagi sa mga palaanggiran,"
Susuguon ko na Anak San Tawo an akon mga anghel agod tiripunon an tanan na ginapakasala an mga tawo kag an mga nagahirimoʼn karautan.,"magasugid ako sa ila sang mga butang nga wala pa mahibal-i, halin sa pagtuga sang kalibutan.”"
Tapos igaitsa ini tanan sa kalayo sa impyerno na didto maganguruyngoy an mga tawo kag magaragot an inda mga ngipon sa pagsakit.,"Dayon ginbayaan ni Jesus ang mga tawo kag nagsulod sia sa balay. Ang iya mga gintuton-an nagpalapit sa iya kag nagsiling, “Sugiri kami kon ano ang kahulogan sang palaanggiran nahanungod sang mga bugang sa talamnan.”"
"An mga matanos naman magasirak pareho san adlaw didto sa kahadian san inda Ama. Kamo na makabati, magpamati sin maayo!”","Si Jesus nagsabat, “Ang tawo nga nagsab-og sang maayo nga binhi amo ang Anak sang Tawo."
"Nagpadayon si Jesus, “Bagaʼn kayamanan na natatago sa uma an pagahadi san Dios. Pareho ini san tawo na pakakita sani na kayamanan tinahuban gihapon. Nag-uli siya sa kalipay kag binaligya an tanan niya na nakasadirihan tapos binakal idtoʼn uma.","Ang uma amo ang kalibutan kag ang maayo nga binhi amo ang mga anak sang Ginharian, ang mga bugang amo ang mga anak sang Yawa,"
“An pagahadi san Dios pareho san negosyante na nagaparapanghanap sin mga pinakamaayo na perlas.,kag ang kaaway nga nagsab-og sang mga bugang amo si Satanas; ang tig-alani amo ang katapusan sang panag-on kag ang mga mangangani amo ang mga anghel.
"Pakakita sin pinakapambihira sani, umuli kag binaligya an tanan niya na nakasadirihan, tapos binakal ini.","Subong nga ang mga bugang tipunon kag sunogon sa kalayo, amo man ang mahanabo sa katapusan sang panag-on."
"“Sugad man, an pagahadi san Dios pareho san lambat na gin-itsa sa dagat kag nakakuha sin manlain-lain na isda.",Ang Anak sang Tawo magapadala sang iya mga anghel kag ila pagatipunon kag pagapagwaon sa iya Ginharian ang tanan nga nanginkabangdanan sang pagpakasala sang mga tawo kag ang tanan nga nagahimo sing malaut nga mga butang.
Pakapuno sani ginhaw-as pabaybayon san mga parapangisda. Tapos pag-iringkod ninda gintipon ninda an mga maayo na isda sa surudlan pero ginpilak an mga maraot na klase.,"Kag sila ihaboy sang mga anghel sa nagadabadaba nga kalayo, sa diin magahibi sila kag magabagrot sang ila mga ngipon."
Amo man an mangyayari sa katapusan san kinab-an. Makaradi an mga anghel tapos lalainon ninda an mga maraot na tawo sa mga matanos.,"Dayon ang mga matarong magasilak subong sang adlaw sa Ginharian sang ila Amay. Gani, magpamati kamo kon may mga dulonggan kamo!"
An mga maraot iitsa sa nagadaba-daba na kalayo kun diin maganguruyngoy sinda didto kag magaragot an inda mga ngipon sa kasakit.”,"“Ang Ginharian sang langit kaangay sang manggad nga ginlubong sa uma. Nasapwan ini sang isa ka tawo kag iya liwat gintampukan. Sa daku nga kalipay naglakat sia kag ginbaligya niya ang tanan niya nga mga pagkabutang, kag nagbalik sa pagbakal sadto nga uma."
"“Nano, nasabutan niyo ini tanan?” an hunga ni Jesus.","“Subong man, ang Ginharian sang langit kaangay sang isa ka negosyante nga nagpangita sang malahalon nga mga perlas."
"Nagsabat sinda, “Opo.”","Sang pagkakita niya sang isa ka perlas nga malahalon, naglakat sia kag ginbaligya niya ang tanan niya nga mga pagkabutang kag ginbakal ang amo nga perlas."
"Ginsabihan gihapon niya sinda, “Pareho sa tagbalay na ginapaluwas an iya mga gamit na bag-o kag daan hali sa iya taguan ini an kada paratukdo san Kasuguan na gintukduan manungod san kahadian san langit.”","“Subong man, ang Ginharian sang langit kaangay sang isa ka pukot nga ginladlad sa dagat sang mga mangingisda kag nagkuha sang sarisari nga mga isda."
Pakatapos pakaistorya sani naghali si Jesus didto.,"Sang puno na ang pukot ginbutong ini sang mga mangingisda pa higad kag nagpungko sila sa pagpain sang mga isda: ang mga maayo ginsulod sa alat, kag ginpamilak ang mga malain."
"Pagbalik naman niya sa iya sadiri na lugar, nagtukdo siya sa mga tagadidto sa inda sinagoga. Nangawa sinda kag naghurunga, “Pan-o nagin madunong ini na tawo kag makahimo sani na mga milagro?","Manginsubong man sini sa katapusan sang panag-on: ang mga anghel sang Dios magaabot kag magapain sang malaut nga mga tawo sa mga matarong,"
"Nano, dili ba anak lang siya san panday? Dili ba an iya iloy si Maria? Nano, dili ba an iya kamaranghod na lalaki sinda Santiago, Jose, Simon kag Judas?",kag ang mga malaut ila itagbong sa kalayo nga nagadabadaba. Didto magahinibi sila kag magabagrot sang ila mga ngipon.”
"An tanan naman na iya kamaranghod na babayi, nano, dili man sinda an aton kaurupod? Kun sugad pan-o naaraman sani na tawo an paghimo san mga milagro?”","Si Jesus nagpamangkot sa ila, “Nahangpan bala ninyo ini tanan nga mga butang?”"
Kaya urit sinda kan Jesus.,"Nagsabat sila, “Huo.”"
"Pero ginasabihan niya sinda, “Bisan sin-o na propeta ginagalangan bisan diin pwera lang sa iya sadiri na lungsod kag panimalay.”","Gani si Jesus nagsiling, “Ini nagakahulogan nga ang tagsa ka manunodlo sang Kasugoan nga mangingintuton-an sang Ginharian sang langit, kaangay sang tag-iya sang balay nga nagakuha sang bag-o kag daan nga mga butang sa iya talaguan.”"
"Kaya kay wara sindaʼn pagtuod, kulang an mga milagro na ginhimo niya didto.","Sa tapos si Jesus makapanudlo sini nga mga palaanggiran, naghalin sia sa sadto nga lugar"
Sadto na panahon nabaritaan ni Herodes na namumuno san Galilea an manungod sa kabantugan ni Jesus.,Sa sadto nga tion si Herodes nga pangulo sang Galilea nakabati nahanungod kay Jesus.
"Tapos nagsabi sa mga opisyales, “Amo man gayod ini siya si Juan na Parabunyag na nabuhay gihapon kaya dahilan sani ada na sa iya ini na mga kagamhanan.”","Nagsiling sia sa iya mga opisyales, “Sia amo si Juan nga manugbautiso nga nabanhaw. Amo ina kon ngaa may gahom sia sa paghimo sang mga milagro.”"
"Niyan ini si Herodes amo an nagpadakop kan Juan, nagpagapos kag nagpapriso sa iya dahilan na ginsaway siya ni Juan kay nag-asawa siya kan Herodias na asawa san iya manghod na si Felipe.","Kay ginpadakop sadto anay ni Herodes si Juan, ginpagapos sia kag ginsulod sa bilangguan. Ginhimo niya ini tungod kay Herodias nga asawa ni Felipe nga iya utod."
"Sinabihan siya ni Juan, “Dili tugut sa Kasuguan na asawahon mo an asawa san imo manghod.”","Kay sa pila ka beses si Juan nga manugbautiso nagsiling kay Herodes, “Batok sa kasugoan ang imo pagpuyo upod sa kay Herodias!”"
Dahilan sani gusto niya na ipapatay si Juan kaya lang nahahadlok siya sa mga tawo kay nagatuod sinda na propeta si Juan.,"Ipapatay kuntani ni Herodes si Juan, ugaling nahadlok sia sa mga Judio tungod kay ginakabig nila nga si Juan isa ka propeta."
"Nag-abot an adlaw san nagselebrar si Herodes san iya pagkaanak. Sadto nagsayaw an daraga na anak ni Herodias sa atubangan san mga bisita. Nakapalipay gayod siya kan Herodes,","Sa kaadlawan ni Herodes, ang anak nga babayi ni Herodias nagsaot sa atubang sang mga bisita sa bagay nga nakunyag gid si Herodes."
kaya nagsumpa ini na ihatag sa daraga an nano man na hangyuon niya.,"Tungod sini nagtug-an sia sa iya, “Nagasumpa ako nga bisan ano ang imo pangayuon sa akon ihatag ko sa imo!”"
"Sa pagsunod sa gintugon man san iya iloy nangayo an daraga, “Ihatag sa akon didi an ulo ni Juan na Parabunyag na nakabutang sa bandihado.”","Sa sudyot sang iya iloy nagsiling sia kay Herodes, “Ihatag sa akon subong gid ang ulo ni Juan nga manugbautiso nga nabutang sa bandihado!”"
"Didi namundo an hadi, ugaling dahilan san iya ginsumpa sa atubangan san mga bisita nagsugo siya na ihatag an ginahangyo san daraga.",Nagkasubo ang hari pero tungod sang iya sinumpaan sa atubang sang tanan nga mga bisita nagsugo sia nga ihatag ang pangayo sang dalagita.
Kaya ginpapugutan sin ulo si Juan didto sa prisuhan.,Gani ginpapugotan niya si Juan sa bilangguan.
Tapos gindara an ulo na nakabutang sa bandihado kag hinatag sa daraga na amo naman an nagdara sa iya iloy.,"Ang ulo gindala nga natungtong sa bandihado kag ginhatag sa dalagita, kag iya ini gindala sa iya iloy."
"Pakabaritai sani san mga disipulos ni Juan nagkaradto sinda kag kinuha an iya lawas, tapos linubong. Pakatapos nagkaradto sinda kan Jesus kag ginsumat an nangyari.","Sa tapos sina, nag-abot ang mga gintuton-an ni Juan kag ila ginkuha ang bangkay kag ginlubong. Dayon naglakat sila kag ginsugiran si Jesus."
"Pakabarita man sani ni Jesus, sumakay siya sa sarakyan sa tubig kag naghali didto sin sikreto pakadto sa mamingaw na lugar na waraʼn tawo. Pero pakaarami naman sani san kadamuan nagsurunod sinda sa iya na nagaralakat hali sa mga lungsod.","Sang pagkabati ni Jesus sang balita nahanungod kay Juan, naghalin sia sa sadto nga lugar nga nagasakay sa sakayan kag nagkadto sa isa ka baw-ing nga lugar nga isahanon lang. Sang nahibaluan ini sang mga tawo, nagwa sila sa ila mga banwa kag nag-apas kay Jesus nga nagalakat lang."
"Pagdungka ni Jesus sa baybayon kag nakita an damu-damo na katawuhan, naluoy siya sa inda kag ginpangayo an inda mga masakiton.","Sang pagtakas ni Jesus, nakita niya ang madamo nga mga tawo. Naluoy gid sia sa ila kag gin-ayo niya ang ila mga masakiton."
"San tunod na an adlaw nagharalapit sa iya an mga disipulos kag nagsabi, “Usad ini na mamingaw na lugar kag tunod na an adlaw. Pahalia na an mga tawo agod makakadto sa kabaryuhan para makabakal san inda makaon.”","Sang sirom na, ang iya mga gintuton-an nagpalapit sa iya kag nagsiling, “Madulom na kag baw-ing ini nga lugar. Palakta ang mga tawo sa pagkadto sa mga barangay agod makabakal sila sang pagkaon para sa ila kaugalingon.”"
"Pero nagsabat lugod si Jesus, “Dili na kinahanglan na magralakat pa sinda. Hatagi na lang niyo sindaʼn makaon.”","Nagsabat si Jesus, “Indi na kinahanglan nga maglakat pa sila. Kamo mismo ang maghatag sa ila sing pagkaon.”"
"Nagsabat naman sinda, “Lima lang ka bilog na tinapay kag duha ka bilog na isda an amon dara.”","Nagsabat sila, “Lima gid lang ka bilog nga tinapay kag duha ka isda ang ari sa amon.”"
"Didi nagsugo si Jesus, “Darha niyo pakadi sa akon.”","Nagsiling si Jesus, “Dalha ninyo ina diri sa akon.”"
"Tapos nagsugo siya na paingkudon an mga katawuhan sa kadinghutan. Pagkuha niya san lima ka bilog na tinapay kag duha na isda, humangad sa langit kag nagpasalamat sa Dios. Tapos gin-utud-utod niya ina, tinunol sa iya mga disipulos na amo naman an nagpanghatag sa kadamuan.","Ginsugo niya ang mga tawo nga magpungko sa hilamon. Dayon iya ginkuha ang lima ka bilog nga tinapay kag duha ka isda, nagtangla sa langit kag nagpasalamat sa Dios. Ginpamihakpihak niya ang tinapay kag ginhatag niya ini sa iya mga gintuton-an, kag ginhatag ini sang mga gintuton-an sa mga tawo."
Nagkaraon sinda tanan hasta na nagkaburusog. Tapos san pagtipon san mga disipulos san nagkabirilin nakapuno pa sin dose na bangkat.,Ang tagsatagsa nagkaon kag nabusog. Dayon gintipon sang mga gintuton-an ang nabilin kag dose pa ka mga alat ang napuno.
Idto na nagkaraon mga lima ka libo na mga kalalakihan pwera pa san mga babayi kag kabataan.,"Ang mga nagkalaon mga 5,000 ka mga lalaki, wala labot ang mga babayi kag mga kabataan."
Pakatapos sani ginpasakay dayon ni Jesus sa inda sarakyan an mga disipulos kag ginpauna sa tabok san danaw myintras ginapauli niya an katawuhan.,"Dayon ginsugo ni Jesus ang iya mga gintuton-an sa pagsakay sa sakayan kag sa pag-una sa tabok sang linaw, samtang ginpapauli niya ang mga tawo."
Pakapaulia na niya sani nagsagka siya sa bukid na sulo lang agod magpangadyi. Pagkagab-i siya na lang an nabilin.,"Sang mapalakat na niya ang mga tawo nagtaklad sia nga nagaisahanon sa isa ka bakulod sa pagpangamuyo. Sang gab-i na, isa lang si Jesus didto."
Sani mismo na kaorason an ginasakyan san mga disipulos adto na sa tunga san lawod na ginalamba-lamba san balod dahilan na sungsungon an hangin.,"Sa amo nga tion, ang sakayan didto na sa tunga sang linaw nga ginabulobalinsay sang mga balod, tungod kay sumpong ang hangin."
San maalas kwatro na an kaagahon naghalapit sa inda si Jesus na nagalakat sa ibabaw san tubig.,"Sang kaagahon na, si Jesus nag-apas sa iya mga gintuton-an nga nagalakat sa ibabaw sang tubig."
"Pero san makita san mga disipulos na nagalakat siya sin sugad nagkaharadlok sinda na nagasiriyak, “Adaw, multo!”","Sang makita nila sia nga nagalakat sa ibabaw sang tubig, kinulbaan gid sila. Nagsinggit sila sa kahadlok nga nagasiling, “Bagat!”"
"Pero sinabihan sinda dayon ni Jesus, “Ayaw kamo kahadlok! Ako baga ini! Pakusuga an iyo buot!”","Sa gilayon si Jesus nagsiling sa ila, “Magpakaisog kamo! Ako ini. Indi kamo magkahadlok!”"
"Didi nagsabat si Pedro, “Ginoo, kun ikaw gayod ina pakadaa ako sa imo na magalakat man sa ibabaw san tubig!”","Dayon si Pedro nagsiling, “Ginoo, kon ikaw gid ina, pakadtua ako sa imo nga nagalakat sa ibabaw sang tubig.”"
"“Kadi,” an sugo ni Jesus.","Si Jesus nagsabat, “Dali diri!” Gani nagpanaog si Pedro sa sakayan kag naglakat sa ibabaw sang tubig pakadto kay Jesus."
Kaya lumusad si Pedro sa sarakyan kag nagtuna paglakat sa ibabaw san tubig pakadto kan Jesus.,"Pero sang matalupangdan niya nga mabaskog ang hangin, hinadlukan sia kag nag-amat-amat sia lugdang sa tubig. Nagsinggit sia, “Ginoo, tabangi ako!”"
"Pero pakakita ni Pedro san kakusog san hangin nahadlok siya kag nagtuna pag-umlod. Kaya nakasiyak siya, “Ginoo, isalbar man ako!”","Sa gilayon gindawhat sia ni Jesus kag gin-uyatan nga nagasiling, “Kadiutay sang imo pagtuo! Ngaa bala nagpangduhaduha ka?”"
"Gintunol dayon ni Jesus an iya kamot kag hinawidan si Pedro. Tapos nagsabi, “Marasa pa na kulang an imo pagsarig. Nano kay nagduda ka pa?”","Nagbalik sila nga duha sa sakayan, kag naglinaw."
Pakasakay ninda sa sarakyan naudong an hangin.,"Dayon ang mga gintuton-an sa sakayan nagsimba kay Jesus nga nagsiling, “Matuod gid nga ikaw ang Anak sang Dios!”"
"An mga disipulos naman na adto dati sa sarakyan nagduruko sa atubangan ni Jesus na nagsabi, “Matuod gayod na ikaw an Anak san Dios.”","Nagtabok sila sa linaw kag nagdungka sa Genesaret,"
Pakatabok sa danaw nagdungka sinda sa lugar san Genesaret.,sa diin si Jesus nakilala sang mga tawo. Gani ginpahibalo nila ang mga tawo sa palibot nga mga lugar nga si Jesus ato didto. Dayon gindala sang mga tawo kay Jesus ang tanan nga mga masakiton.
"Pakakilalahi sa iya san mga tagadidto, pinangbarita sa tanan na katarakin kag ginpangdara sa iya an tanan na masakiton didto.","Nagpangabay sila sa iya nga kon mahimo ang mga masakiton makatandog bisan sa sidsid lang sang iya bayu, kag ang tanan nga nakatandog sini nag-alayo."
"Nagkaradto kan Jesus an mga Pariseo kag mga paratukdo san Kasuguan na hali sa Jerusalem kag naghunga,","May mga Fariseo kag mga manunodlo sang Kasugoan halin sa Jerusalem nga nagkadto kay Jesus kag namangkot sa iya,"
“Nano kay an imo mga disipulos dili nagasunod san kaugalian san mga kalulululuhi kundi nagakaraon na dili anay nagahugas san kamot sa tama na paagi?”,“Ngaa bala nga ang imo mga gintuton-an wala nagatuman sang mga pagtulon-an nga ginpaalinton sang aton mga katigulangan? Wala sila nagapanghinaw sang ila mga kamot sa wala pa sila magkaon suno sa kinabatasan!”
"Ginsabat man sinda ni Jesus, “Nano man kamo kay ginasupak niyo an sugo san Dios dahilan san iyo kaugalian?","Si Jesus nagsabat, “Kag ngaa man nga ginalapas ninyo ang sugo sang Dios kag ginasunod ang inyo kaugalingon nga pagtulon-an nga ginpaalinton sa inyo?"
"Nagsugo an Dios,","Kay ang Dios nagsiling, ‘Tahura ang imo amay kag iloy,’ kag nagsiling pa gid sia, ‘Ang bisan sin-o nga nagapakamalaut sang iya amay kag iloy dapat patyon.’"
"‘Galangan mo an imo ama kag iloy,’","Pero kamo nagatudlo nga kon ang tawo may inugbulig sa iya amay kag iloy, kag magsiling sia, ‘Ini iya sang Dios,’"
kag,indi na sia dapat magbulig sa iya amay kag iloy. Sa sini ginapakawalay pulos ninyo ang pulong sang Dios agod sa pagtuman sang inyo kaugalingon nga pagtulon-an nga ginpaalinton sa inyo.
‘An nagapakaraot sa iya ama kag iloy dapat gayod ipapatay.’,Mga hipokrito! Matuod gid ang mensahe sang Dios paagi kay Isaias nahanungod sa inyo!
"Pero kamo naman nagasabi, ‘Kun may magsabi sa iya ama o iloy: Nakatalaga na sa Dios an dapat ko na ikabulig sa iyo,’ dili na siya dapat maggalang sa inda paagi sa pagsustento.","‘Ang Dios nagsiling, ini nga mga tawo, nagapasidungog sa akon sa ila mga pulong,"
Kaya paagi sani ginabalewara niyo an surmaton san Dios tungod san iyo kaugalian.,pero ang ila tagipusoon malayo gid sa akon.
Mga pakitaʼn-tawo lang! Tama an ginsabi ni Isaias manungod sa iyo!,"Wala sing pulos ang ila pagsimba sa akon,"
‘Ginagalangan ako sani na mga tawo sa surmaton lang pero an inda mga tagipusuon harayo sa pagsunod sa akon.,"tungod kay nagapanudlo sila sang mga kasugoan nga ginhimo sang tawo, nga daw subong sila nga akon mga kasugoan!’”"
"Waraʼn pulos an pagsamba na ginahalad ninda sa akon kay an katukduan na inda ginapahayag mga kasuguan lang san mga tawo.’,”","Dayon gintawag ni Jesus ang mga tawo nga magpalapit sa iya kag nagsiling sa ila, “Pamatii kag hangpa ninyo!"
"Ginpahalapit ni Jesus an mga tawo kag ginsabihan, “Pamatii niyo ako kag sabuta!","Indi ang nagasulod sa baba sang tawo ang nagadagta sa iya, kundi ang ginapagwa niya sa iya baba amo ang nagadagta sa iya.”"
Dili nakapaati sa tawo an nagasulod sa ba-ba kundi an nagaluwas sani.”,"Dayon ang iya mga gintuton-an nagpalapit sa iya kag nagsiling, “Nahibal-an mo bala nga ang mga Fariseo nasaklaw sang imo ginsiling?”"
"Pakatapos sadto nagkaradto sa iya an mga disipulos kag naghunga, “Nano, dili mo ba aram na nagkaururit an mga Pariseo pakabati sana na ginsabi mo?”","Si Jesus nagsabat, “Ang tagsa ka tanom nga wala gintanom sang akon langitnon nga Amay pagagabuton."
"Nagsabat si Jesus, “Pagagabuton an kada tanom na dili tinanom san akon langitnon na Ama.","Pabayai sila! Mga bulag sila nga manugtuytoy. Kay kon ang bulag magtuytoy sa isa man ka bulag, sila nga duha mahulog sa kanal.”"
"Pabayai lang sinda. Pareho sinda sa mga buta na nagakabit sin otro buta kag kun san-o man may buta na nagakabit sa kapwa niya buta, pareho sinda tanan mahuhulog sa kali.”","Si Pedro nagsiling, “Ipaathag sa amon ang kahulogan sini nga palaanggiran.”"
"Didi naghangyo sa iya si Pedro, “Ipahayag man sa amon ini na gin-istorya mo.”","Si Jesus nagsiling sa ila, “Wala gid kamo sing kinalis sa iban!"
"Naghunga naman si Jesus, “Nano, dili pa gihapon kamo nakasarabot?",Wala bala kamo makahangop nga ang bisan ano nga nagasulod sa baba sang tawo nagakadto sa iya tiyan kag dayon ginapagwa sa iya lawas?
"Nano, dili niyo aram na an nagasulod sa ba-ba nagaagi sa tiyan tapos iluluwas gayod?","Pero ang mga pulong nga nagagwa sa baba nagahalin sa tagipusoon, kag amo ina ang nagadagta sa tawo."
Kaya ngani an ginasurmaton na hali sa tagipusuon amo an nakapaati sa tawo.,"Kay sa tagipusoon sang tawo nagagikan ang malaut nga mga panghunahuna: ang pagpatay, ang pagpanginbabayi ukon pagpanginlalaki, ang pagpakighilawas, ang pagpangawat, ang pagsaksi sang butig, kag ang pagpasipala sa iban."
"Nasabi ko ini kay sa tagipusuon nagahali an mga maraot na kaisipan, pagpatay, pagpanambay, pagdurog sa dili asawa, pangawat, pagtestigo sin kabuwaan kag pagtuya-tuya san kapwa.",Ini nga mga butang amo ang nagadagta sa tawo. Pero indi madagtaan ang tawo kon magkaon sia nga wala makapanghinaw sang iya mga kamot.”
Amo ini an nakapaati sa tawo pero kun magkaon na wara anay maghugas san kamot dili gayod nakapaati sa tawo.”,Naghalin si Jesus sa sadto nga lugar kag nagkadto sa kadutaan malapit sa mga siudad sang Tiro kag Sidon.
Naghali didto si Jesus kag nagpakadto sa lugar na halapit sa mga lungsod san Tiro kag Sidon.,"May isa ka babayi nga taga-Canaan nga nagaestar sa sadto nga rehiyon nga nagpalapit sa iya nga nagasinggit, “Sir, Anak ni David! Kaluoyi ako! Ang akon anak nga babayi ginagamhan sang demonyo kag yara sa malubha nga kahimtangan.”"
"Didto may babayi na taga-Cana na nagaistar sadto na lugar na nagahalapit sa iya kag nagasiyak, “Sir, Lahi ni David, maluoy ka man sa akon kay an akon anak na babayi nasudlan sin maraot na espirito kag ginapasakitan sin grabe.”","Pero si Jesus wala gid magsabat sa iya. Ang iya mga gintuton-an nagpalapit sa iya kag nagpangabay nga nagasiling, “Pahalina sia! Nagasunodsunod sia sa aton kag nagagahod!”"
"Pero wara siya pagsabata ni Jesus. Kaya ginhalapitan siya san iya mga disipulos kag nakimaluoy, “Pahalia na siya kay nagaparasunod sa aton na sige an kasiyak.”","Dayon si Jesus nagsabat, “Ako ginpadala para lamang sa mga tawo sang Israel nga kaangay sang panong sang mga karnero nga nadula.”"
"Didi nagsabat si Jesus, “Ginsugo ako para lang sa mga tawo na taga-Israel na pareho san mga karnero na nalalagalag.”","Pero nagkadto ang babayi sa iya atubang kag nagluhod nga nagasiling, “Sir, buligi ako!”"
"Pero naghalapit na an babayi kag lumuhod sa atubangan niya na nagasabi, “Sir, buligi man ako.”","Nagsabat si Jesus, “Indi nagakabagay nga kuhaon ang pagkaon sang mga kabataan kag ihaboy sa mga ido.”"
"Nagsabat naman didi si Jesus, “Dili maayo na kuhaon an pagkaon sa kabataan kag ibahog lugod sa kaiduan.”","Nagsiling sia, “Matuod ina, Sir, pero bisan ang mga ido nagakaon sang mga usik nga nagakalahulog sa lamisa sang ila mga agalon.”"
"Nagsabat man an babayi, “Opo, Sir, pero bisan ngani an mga ido nababahugan man ngani san mga mumho na nagakatarakdag sa lamesa san inda amo.”","Dayon nagsabat si Jesus sa iya, “Ikaw isa ka babayi nga may daku nga pagtuo! Matuman ang imo ginapangabay.” Sa amo gid nga tion nag-ayo ang iya anak nga babayi."
"Kaya ginsabihan siya ni Jesus, “Tia, matuod man gayod na hugot an pagsarig mo! Nangyari na an imo ginahandom.” Tapos sadto mismo nag-ayo dayon an iya anak na babayi.",Naghalin si Jesus sa sadto nga lugar kag nag-agi sa higad sang Linaw sang Galilea. Nagtaklad sia sa isa ka bakulod kag nagpungko didto.
Hali didto nagpadayon si Jesus kag nag-agi sa baybayon san Galilea. Tapos nagsagka siya sa bukid kag nag-ingkod didto.,"Nagkadto sa iya ang madamo nga mga tawo nga nagadala sang mga piang, mga bulag, mga pingkaw, mga apa, kag madamo pa nga mga masakiton, kag ila ginbutang sa atubang ni Jesus, kag gin-ayo niya sila."
"Damu-damo na mga tawo an nagkaradto sa iya na may mga dara na pilay, kimay, buta, apa kag mga iba pa. Ginbutang ninda sa may tiilan ni Jesus ini kag gin-ayo niya.","Ang mga tawo natingala sang ila makita nga ang mga apa makahambal, ang mga pingkaw nag-ayo, ang mga piang makalakat, kag ang mga bulag makakita, kag gindayaw sang mga tawo ang Dios sang Israel."
"Kaya nangangawa an kadamuan pakakita na an apa nakasurmaton, an kimay naayo, an pilay nakalakat kag an buta nakakita. Dahilan sani gin-umaw ninda an Dios san Israel.","Gintawag ni Jesus ang iya mga gintuton-an kag nagsiling sa ila, “Naluoy ako sa sini nga mga tawo, tungod kay ikatlo na subong nga adlaw ang ila pag-upod sa akon, kag karon nawad-an na sila sing kalan-on. Indi ako luyag nga magpauli sila nga wala makakaon, kay basi magkalalipong sila sa dalanon.”"
"Pakatapos sani ginpahalapit ni Jesus an iya mga disipulos kag sinabihan, “Naluluoy ako sa mga tawo kay nagparaupod na sinda sa akon sin matulo na ka adlaw yana kag wara sin makaon. Habo ko naman sinda na paulion na gurutom kay basi magkadirismayo sinda sa dalan.”","Ang mga gintuton-an nagpamangkot sa iya, “Diin bala kita mangita sing pagkaon diri sa desierto nga makaigo sa pagpakaon sini nga kadamuon sang mga tawo?”"
"Kaya ginhunga siya san iya mga disipulos, “Sani na kabukidan diin man kita makuhaʼn tinapay na makaigo ipakaon sa kadamuan?”","Ginpamangkot sila ni Jesus, “Pila bala ka bilog ang inyo tinapay?”"
"Didi naghunga si Jesus sa inda, “Pira ka bilog na tinapay an ada sa iyo?”","Nagsabat sila, “Pito ka bilog nga tinapay kag pila ka bilog nga magagmay nga mga isda.”"
"Nagsabat sinda, “Pito po kag mga pira ka bilog na tigdyutay na isda.”",Gani ginsugo niya ang mga tawo nga magpungko sa duta.
Ginpairingkod niya sa duta an katawuhan.,"Dayon ginkuha niya ang pito ka bilog nga tinapay kag ang mga isda, kag sang nakapasalamat sia sa Dios, ginpamihakpihak niya ini kag ginhatag sa mga gintuton-an, kag ang mga gintuton-an naghatag sini sa mga tawo."
Tapos kinuha an pito ka bilog na tinapay kag san isda. Pakapasalamat sa Dios gin-utud-utod ina kag tinunol sa iya mga disipulos na amo man an nagpanghatag sa katawuhan.,Ang tanan nagkaon kag nabusog. Dayon gintipon sang mga gintuton-an ang nabilin kag pito pa ka mga alat ang napuno.
"Nagkaraon sinda tanan kag nagkaburusog. Pagkatapos, pito pa ka bangkat an natipon na mga sobra.","Ang kadamuon sang mga tawo nga nagkalaon 4,000 ka mga lalaki wala labot sa mga babayi kag mga kabataan."
Niyan nagkaradto naman kan Jesus an mga Pariseo kag mga Saduceo agod porbaran siya. Kaya naghunga sinda kun may milagro siya na ikapakita bilang tanda na hali sa langit an iya poder.,"May mga Fariseo kag mga Saduceo nga nagpalapit kay Jesus. Buot nila tilawan sia, gani nagpangayo sila sa iya nga maghimo sia sang isa ka milagro sa pagpakita nga may gahom sia halin sa Dios."
"Nagsabat siya, “Kun nagatunod na an adlaw nasabi kamo, ‘Maayo an panahon buwas kay mapula an langit.’","Pero si Jesus nagsabat, “Kon magtunod ang adlaw nagasiling kamo, ‘Magaayo ang tiyempo, tungod kay ang langit mapula.’"
"Tapos pagkaaga naman nasabi kamo, ‘Maraot an panahon yana kay nagapula-pula an langit kag madampog.’ Maaram kamo magtugma kun may uran o wara kun nakikita niyo an panganuron pero dili gali niyo aram an gusto sabihon san mga tanda na ginapakita san Dios manungod sani na panahon.","Kag kon aga nagasiling kamo, ‘Magaulan, tungod kay ang langit mapula kag magal-om.’ Sa inyo pagtan-aw sa langit makahibalo kamo sang magaabot nga tiempo, pero indi kamo makahangop sang mga tanda nahanungod sini nga mga panahon."
Maraot an mga tawo na nabubuhay yana kay nagbaya sinda sa Dios. Gusto ninda makakita sin milagro bilang tanda san akon gahom pero waraʼn ipapakita sa inda kundi an pareho san nangyari sa propeta na si Jonas.” Tapos didi niya binayaan sinda.,Daw ano kalaut kag ka di-diosnon sang mga tawo sa sini nga mga inadlaw! Nagapangayo bala kamo sa akon sing milagro? Wala sing milagro nga ihatag sa inyo luas sa milagro nga natabo kay Jonas.”
Pakatabok san mga disipulos sa danaw nadumduman ninda na wara gali sinda magdaraʼn pagkaon.,Gani naglakat sia kag ginbayaan sila.
"Didi sinabihan sinda ni Jesus, “Paghimat kag paglikay sa lebadura san mga Pariseo kag Saduceo.”","Sang pagtabok sang mga gintuton-an sa pihak sang linaw, nalipat sila sa pagdala sing tinapay."
"Nagairistoryahan an mga disipulos, “Basi ginsabi niya ini kay nalimot kita magdaraʼn pagkaon.”","Nagsiling si Jesus sa ila, “Mag-andam kag magbantay kamo batok sa lebadora sang mga Fariseo kag mga Saduceo.”"
"Pakaaram sani ni Jesus, ginhunga sinda, “Mga kulang an pagsarig, nano kay ginairistoryahan niyo na wara kamoʼn pagkaon?","Kag nagbinaisay sila nga nagasiling, “Naghambal sia sini tungod kay wala kita makadala sing tinapay.”"
"Dili pa ba gihapon kamo nakapanginano? Nano, nalimutan na niyo an nangyari sa lima ka bilog na tinapay na ginpakaon sa lima ka libo na mga tawo kag pagkatapos kun pira pa ka bangkat na may natipon kamo?","Si Jesus nga nakahibalo sang ila ginabaisan, nagpamangkot sa ila, “Ngaa bala nagabinaisay kamo tungod kay wala kamo sing tinapay? Kadiutay sang inyo pagtuo!"
"Nano, nalimutan na niyo an nangyari sa pito ka bilog na tinapay na ginpakaon sa upat ka libo kag pagkatapos kun pira pa ka bangkat na sobra an iyo natipon?","Wala pa bala kamo makahangop? Wala bala kamo makadumdom sang lima ka tinapay nga akon ginpamihakpihak para sa 5,000 ka mga tawo? Pila bala ka alat ang inyo ginpuno?"
Nano kay dili pa gihapon niyo nasasabutan na dili manungod sa pagkaon an ginasabi ko? Kaya maglikay gayod kamo sa lebadura san mga Pariseo kag Saduceo.”,"Kag yadtong pito ka tinapay para sa 4,000 ka mga tawo? Pila bala ka mga alat ang inyo ginpuno?"
Niyan didi lang ninda nasabutan na an likayan dili kay an lebadura sa paghimo sin tinapay kundi an mga ginatukdo san mga Pariseo kag Saduceo.,Paano bala nga wala kamo makahangop nga indi nahanungod sa tinapay ang ginhambal ko sa inyo? Mag-andam kamo sa lebadora sang mga Fariseo kag mga Saduceo!”
"Pag-abot ninda Jesus sa lugar san Cesarea Filipo naghunga siya sa iya mga disipulos, “Sumati daw niyo ako kun nano an pagkakilala san mga tawo sa akon na Anak San Tawo?”","Dayon nahangpan sang mga gintuton-an nga wala sia magpaandam sa ila nga magbantay sang ila kaugalingon sa lebadora nga ginagamit sa tinapay, kundi sa pagtulon-an sang mga Fariseo kag mga Saduceo."
"Nagsabat sinda, “May nagasabi na ikaw kuno si Juan na Parabunyag na nabuhay gihapon, an iba naman na ikaw kuno si Elias kag may iba pa gayod na ikaw kuno si Jeremias o usad san mga kasadto na mga propeta.”","Nagkadto si Jesus sa kadutaan nga malapit sa banwa sang Cesarea Filipo, sa diin nagpamangkot sia sa iya mga gintuton-an, “Sin-o bala ang Anak sang Tawo suno sa mga tawo?”"
"“Pero kamo, nano an pagkakilala niyo sa akon?” an hunga ni Jesus sa inda.","Nagsabat sila, “May nagasiling nga si Juan nga manugbautiso. May iban nga nagasiling nga si Elias, kag may iban pa gid nga nagasiling nga si Jeremias ukon iban nga mga propeta.”"
"Didi ginsabat siya ni Simon Pedro, “Ikaw an Cristo na Mesias. Ikaw an Anak san buhay na Dios.”","Nagpamangkot sia sa ila, “Pero sa inyo iya, sin-o bala ako?”"
"Nagsabat naman si Jesus, “Ginpalabi ka, Simon, anak ni Jonas, kay dili tawo an naghayag sani sa imo kundi an akon Ama na adto sa langit.","Si Simon Pedro nagsabat, “Ikaw ang Cristo, ang Anak sang Dios nga buhi.”"
"Kaya tandai ini: ikaw ginatawag Pedro, kag didi sani na bato titipunon ko an akon mga katawuhan bilang akon simbahan. Dili ini kaya daugon san gahom hali sa impyerno.","Si Jesus nagsabat, “Malipayon ka, Simon nga anak ni Juan! Kay ini nga kamatuoran wala ginpahayag sa imo sang tawo, kundi sang akon Amay sa langit."
"Ihahatag ko sa imo an mga lyabi san kahadian san langit. Kaya an igabawal mo sa kinab-an igabawal man sa langit, kag an itutugot mo sa kinab-an itutugot man sa langit.”","Kag ako nagasiling sa imo, ikaw si Pedro, kag sa sini nga bato pagatukoron ko ang akon iglesia. Bisan ang gahom sang kamatayon indi makadaog sini."
Tapos ginpadaanan gayod niya an iya mga disipulos na dili magpanumat bisan kanin-o na siya an Cristo.,"Ihatag ko sa imo ang mga yabi sang Ginharian sang langit, kag kon ano ang imo ginadumilian sa duta pagadumilian man sa langit, kag kon ano ang imo ginatugotan sa duta pagatugotan man sa langit.”"
"Tuna sadto nagtuna si Jesus pagpahayag sa iya mga disipulos na dapat siya magkadto sa Jerusalem kag magtios sin grabe sa mga kagurangan na namumuno san mga Judio, mga namumuno san kapadian kag mga paratukdo san Kasuguan, tapos papatayon pero sa ikatulo ka adlaw bubuhayon gihapon.",Dayon ginmanduan ni Jesus ang iya mga gintuton-an nga indi nila pag-isugid sa kay bisan sin-o nga sia amo ang Cristo.
"Didi ginbulag anay siya ni Pedro sa kadamuan kag nagtuna pagsaway sa iya, “Ginoo, buyag! Dili gayod ini mangyayari sa imo.”","Sugod sadto nga tion naghambal si Jesus sing maathag sa iya mga gintuton-an, “Dapat ako magkadto sa Jerusalem kag mag-antos sing tuman sa mga katigulangan sang mga Judio, sa pangulo nga mga pari, kag sa mga manunodlo sang Kasugoan. Pagapatyon ako, pero sa ikatlo nga adlaw pagabanhawon ako.”"
"Pero gin-atubang siya ni Jesus kag gin-uritan, “Layas dida, Satanas! Ulang ka lang sa akon kay an imo ginaisip dili an sa Dios kundi an sa tawo.”","Gindala sia ni Pedro sa ulounhan kag ginsaway nga nagasiling, “Ginoo, ang Dios indi magtugot sini! Indi ina dapat mahanabo sa imo!”"
"Pakatapos sani ginsabihan ni Jesus an iya mga disipulos, “Kun may gusto mag-upod sa akon bilang disipulos ko dili niya dapat sundon an sadiri niya na kabubut-on kundi sundon lugod an kaburut-on ko kag pas-anon an iya krus na amo an pagtios tungod sa akon.","Nagliso si Jesus kay Pedro kag ginsingganan sia, “Palayo ka sa akon, Satanas! Ginabalabagan mo ang akon alagyan, tungod kay ang imo mga panghunahuna iya sang tawo, kag indi iya sang Dios.”"
Nasabi ko ini kay an nagahandom masalbar an iya buhay para sa iya sadiri mawawar-an sani pero an maghalad san iya buhay alang-alang sa akon magkakaigwa lugod sani.,"Dayon si Jesus nagsiling sa iya mga gintuton-an, “Ang bisan sin-o nga luyag magsunod sa akon, dapat niya kalimtan ang iya kaugalingon, magpas-an sang iya krus kag magsunod sa akon."
Kay nano man an pakinabang san tawo kun mapasa iya an bilog na kinab-an kun an kabalyo sani an pagkasira san iya buhay? Syimpre wara gayod! Kay wara man siyaʼn mahatag agod mapabalik ina na buhay.,"Kay ang bisan sin-o nga buot magluwas sang iya kaugalingon nga kabuhi madula niya ini, pero ang bisan sin-o nga nagadula sang iya kabuhi bangod sa akon makita niya ini."
Ginasabi ko ini kay ako na Anak San Tawo mabalik na may glorya san akon Ama kaupod an mga anghel. Tapos didto ko babalusan an kada usad susog sa iya nagkahirimuan.,Ano bala ang makuha sang tawo kon maangkon niya ang bug-os nga kalibutan kag madula niya ang iya kabuhi? Wala gid! Wala sing sarang mahatag ang tawo agod mabawi niya ang iya kabuhi.
Ginasiguro ko sa iyo na igwa sin pira sa iyo na nagatindog didi na dili mapapatay hasta na makita an pag-abot ko na Anak San Tawo bilang hadi.”,"Kay ang Anak sang Tawo madali na lang mag-abot sa daku nga gahom sang iya Amay kaupod sang iya mga anghel, kag dayon magahatag sia sing balos sa tagsa ka tawo suno sa iya mga binuhatan."
"Pakalipas sin unom ka adlaw gin-agda ni Jesus sinda Pedro, Santiago kag san kamanghod sani na si Juan pagsagka kaupod niya sa hataas na bukid na sinda-sinda lang.","Sang makaligad ang anom ka adlaw, gin-upod ni Jesus si Pedro kag ang mag-utod nga si Santiago kag si Juan, kag nagtaklad sila sa isa ka mataas nga bukid nga silahanon lang."
"Didto sa atubangan mismo ninda nag-iba an hitsura ni Jesus. Nagbanaag an iya bayhon na pareho san kasilaw san adlaw, kag pumuti-puti gayod an iya bado na nagakinang.","Samtang nagatulok sila, nagbalhin ang dagway ni Jesus. Ang iya guya nagsilak subong sang adlaw, kag ang iya bayu nanginmakasililaw nga kaputi."
Myintras sinda nagamiron nagpakita sa inda sinda Moises kag Elias na nakisurmaton sa iya.,Dayon nakita sang tatlo ka mga gintuton-an si Moises kag si Elias nga nagapakighambal kay Jesus.
"Didi ginsabihan ni Pedro si Jesus, “Ginoo, maayo man na adi kita. Kun gusto mo magatindog ako didi sin tulo na kubung-kubong na usad para sa imo, usad naman kan Moises kag usad pa kan Elias.”","Gani si Pedro nagsiling kay Jesus, “Ginoo, maayo gid nga yari kita diri. Kon luyag mo, mahimo ako sing tatlo ka tolda, isa para sa imo, isa para kay Moises, kag ang isa para kay Elias.”"
"Nagasurmaton pa si Pedro san nahandungan dayon sinda sin masilaw na dampog kag hali sani may nabati na nagasurmaton, “Adi an akon palangga na Anak na ginakalipay ko gayod. Pamatii niyo siya!”","Sang nagahambal pa sia, ginlikupan sila sang nagasiga nga panganod, kag gikan sa panganod may isa ka tingog nga nagasiling, “Ini amo ang akon hinigugma nga Anak nga nahamut-an ko gid. Pamatii ninyo sia!”"
Pakabati sani san mga disipulos nagharapa sinda sa grabe na kahadlok.,"Sang pagkabati sini sang mga gintuton-an, hinadlukan gid sila kag naghapa sila sa duta."
"Pero ginhalapitan sinda ni Jesus kag gintapik na nagasabi, “Tindog kamo kag ayaw kahadlok.”","Ginpalapitan sila ni Jesus kag gintandog nga nagasiling, “Tindog kamo kag indi magkahadlok!”"
Tapos paghangad ninda wara na sindaʼn nakita na iba kundi si Jesus na lang.,"Sang pagtangla nila, wala sila sing iban nga nakita didto, kundi si Jesus lamang."
"San paglugsad na ninda hali sa bukid ginmandahan sinda sani ni Jesus, “Ayaw gayod kamo pagpanumat bisan kanin-o san iyo nakita hasta ako na an Anak San Tawo mabuhay gihapon hali sa pagkamatay.”","Sang pagdulhog nila sa bukid, ginmanduan sila ni Jesus, “Indi kamo magpanugid bisan kay sin-o sang inyo nakita, tubtob nga ang Anak sang Tawo mabanhaw.”"
"Didi man naghunga sa iya an mga kaupod niya na mga disipulos, “Nano kay nagasarabi an mga paratukdo san Kasuguan na dapat mauuna anay pagpakadi si Elias antes an Cristo?”","Dayon nagpamangkot ang mga gintuton-an sa iya, “Ngaa bala nagasiling ang mga manunodlo sang Kasugoan nga si Elias magauna sa pag-abot?”"
"Nagsabat si Jesus, “Matuod na mauuna si Elias pag-abot agod ipreparar an tanan-tanan.","Si Jesus nagsabat, “Matuod gid nga si Elias magaabot sing una kag magaaman sang tanan nga mga butang."
"Pero ginasiguro ko sa iyo na nag-abot na si Elias, ugaling wara siya ninda makilala kaya ginhimo sa iya an gusto ninda himuon. Sugad man pagapatiuson ninda ako na Anak San Tawo.”","Pero nagasiling ako sa inyo nga si Elias nag-abot na, ugaling kay ang mga tawo wala makakilala sa iya, kundi ginhimo nila sa iya ang tanan nga luyag nila. Sa amo man nga paagi ang Anak sang Tawo pagapaantuson nila.”"
Sani lang nasabutan san mga disipulos na an ginasabi niya amo an manungod kan Juan na Parabunyag.,Dayon nahangpan sang mga gintuton-an nga nagahambal sia sa ila nahanungod kay Juan nga manugbautiso.
"San nakiupod gihapon sinda sa kadamuan, may tawo na naghalapit kag nagluhod sa atubangan ni Jesus.","Sang pagbalik nila sa madamo nga mga tawo, may isa ka tawo nga nagpalapit kay Jesus, kag nagluhod sa iya atubang"
"Tapos nagsabi, “Ginoo, kaluy-i man an akon anak na lalaki kay may buntog kag grabe an pagtios. Pirme-pirme siya natutumba sa kalayo kag sa tubig.","nga nagasiling, “Sir, kaluoyi ang akon anak nga lalaki. Kuyapon sia kag tama gid ang iya pag-antos sa bagay nga pirme sia nagakatumba sa kalayo ukon sa tubig."
Gindara ko na siya sa imo mga disipulos pero wara siya ninda mapaayo.”,"Gindala ko sia sa imo mga gintuton-an, pero indi sila makaayo sa iya.”"
"Nagsabat si Jesus, “Marasa pa kamo na mga tawo yana na panahon na waraʼn pagtuod kag mga sutil! Hasta san-o ta kamo dapat pakiupudan? Nano, hasta na lang magatios ako sa iyo? Sige, pakadia niyo siya sa akon.”","Si Jesus nagsabat, “Daw ano ka di-matinuohon kag kabalingag sa inyo nga mga tawo! Tubtob san-o pa bala nga magaupod ako sa inyo? Tubtob san-o pa bala ako magabatas sa inyo? Dalha ang bata diri sa akon!”"
Tapos sinaway ni Jesus an maraot na espirito kag ini naghali dayon. Sadto mismo nag-ayo dayon an bata.,Ginmanduan ni Jesus ang demonyo kag naggwa ini sa bata kag sa sadto gid nga tion nag-ayo ang bata.
"Pakatapos san sinda-sinda na lang an mga disipulos ni Jesus nag-arapiki sa iya kag naghunga, “Nano kay wara namon mapaluwas idtoʼn demonyo?”","Dayon nagpalapit kay Jesus ang mga gintuton-an sang silahanon lang kag nagpamangkot sa iya, “Ngaa indi kami makatabog sang demonyo sa bata?”"
"Nagsabat si Jesus, “Kay kulang an iyo pagtuod. Ginasiguro ko sa iyo na kun may pagtuod lang kamo na an kadyutay pareho san pisog san mustasa, makasabi kamo sani na bukid, ‘Humali ka didi kag bumalhin ka didto,’ tapos mabalhin ina. Kaya, kun sugad, an tananmahihimo niyo.","Si Jesus nagsabat, “Ina tungod kay kulang ang inyo pagtuo. Dumdoma ninyo ini! Kon may pagtuo kamo subong kadako sang liso sang mustasa sarang kamo makasiling sa sini nga bukid, ‘Saylo ka didto!’ kag ini magasaylo. Wala sing butang nga indi ninyo mahimo! ”"
Pero ini na klase dili niyo mapaluwas pwera lang sa paagi san pagpangadyi kag pag-ayuno.”,"Sang pagtilipon sang mga gintuton-an sa Galilea, nagsiling si Jesus sa ila, “Ang Anak sang Tawo madali na lang itugyan sa kamot sang mga tawo"
"Usad sin adlaw san nagtiripon sinda sa Galilea ginsabihan sinda ni Jesus, “Ako na Anak San Tawo iintriga sa gahom san katawuhan.","nga magapatay sa iya, pero sa ikatlo nga adlaw pagabanhawon sia.”"
Tapos igapapatay ako pero pag-ikatulo ka adlaw bubuhayon gihapon.” Didi nakabatyag anmga disipulos sin grabe na kamunduan.,Ang mga gintuton-an nagkasubo gid.
"Pag-abot ninda sa Capernaum nagkadto kan Pedro an mga parasukot san buwis san templo kag naghunga, “Nano, nagabayad man san buwis para sa templo an imo amo?”","Sang pag-abot ni Jesus kag sang iya mga gintuton-an sa Capernaum, ang mga manugsukot sang buhis sang templo nagpalapit kay Pedro kag nagpamangkot, “Nagabayad man bala ang inyo manunodlo sang buhis sa templo?”"
"“Opo,” an sabat niya.","Nagsabat si Pedro, “Huo, e!”"
"Tapos pagsulod niya sa balay nauna si Jesus paghunga sa iya, “Simon, nano an paghuna mo sani? Nano nagasukot sin buwis an mga hadi sani na kinab-an sa inda mga katawuhan o sa mga dayo?”","Sang pagsulod ni Pedro sa balay, nag-una si Jesus hambal, “Sa imo abi, Simon, sin-o bala ang nagabayad sang arkabala ukon buhis sa mga hari sini nga kalibutan? Ang mga pumoluyo bala sang pungsod ukon mga dumoluong?”"
"Pagsabat ni Pedro, “Sa mga dayo.”","Nagsabat si Pedro, “Ang mga dumoluong.”"
"Tapos, nag-arapiki kan Jesus an mga disipulos kag naghunga, “Sin-o an pinakalabaw sa kahadian san langit?”","Sa sadto nga tion nagpalapit ang mga gintuton-an kay Jesus kag nagpamangkot, “Sin-o bala ang labing daku sa Ginharian sang langit?”"
May gintawag si Jesus na bata kag pinatindog sa atubangan ninda.,"Gani gintawag ni Jesus ang isa ka bata kag ginpatindog sia sa ila atubang,"
"3-4 Tapos nagsabat siya, “Ginasiguro ko sa iyo na an pinakalabaw sa kahadian san langit amo an magmapainubuson pareho sani na tigdyutay na kabataan. Dili gayod kamo magigin sakop sa kahadian san langit hasta na dili kamo magbag-o kag magin mapainubuson pareho sani na dyutay na bata.","kag nagsiling, “Dumdoma ninyo ini! Kon indi kamo magbaylo kag manginkaangay sang mga kabataan, indi gid kamo makasulod sa Ginharian sang langit."
An makaako naman sin pareho sani na bata alang-alang sa akon ginaako man ako.,"Ang bisan sin-o nga nagapaubos sang iya kaugalingon kaangay sini nga bata, sia amo ang labing daku sa Ginharian sang langit."
"“Pero kun may nakapakasala sani na mga kabataan na may pagtuod sa akon, maayo pa na bitayan idto sin dako na ginlingan na bato sa liog kag buntugan sa dagat.",Kag ang bisan sin-o nga nagabaton sang kasubong sini nga bata sa akon ngalan nagabaton sa akon.
Kamakaluluoy san mga katawuhan san kinab-an kay may mga maghidara sa mga tawo paghimoʼn kasal-an! Pirme gayod igwa sin sugad sana pero grabe an kastigo para sa iya na ginahalian sana na pagatintar.,"“Ang bisan sin-o nga manginkabangdanan sang pagbiya sa pagtuo sa akon, sang isa sining mga katawhan nga nagasalig sa akon kaangay sang mga kabataan, mas maayo pa sa sina nga tawo nga ihigot ang galingan nga bato sa iya liog kag lumsan sia sa madalom nga dagat."
"“Niyan kun an imo kamot o tiil an dahilan san imo pagkasala, utuda kag ipilak! Mas maayo pa na mabuhay ka na pungkol ki sa duha an imo kamot o tiil tapos ipilak ka lang sa kalayo na dili gayod napaparong.","Makaluluoy man ang kalibutan bangod may mga butang nga nanginkabangdanan sang pagbiya sang mga tawo sa ila pagtuo! Ini nga mga butang mahanabo gid man, pero makaluluoy ang tawo nga manginkabangdanan sini!"
"Kun an imo naman mata an dahilan san imo pagkasala, lukata kag ipilak! Mas maayo pa na makasulod ka sa langit na usad lang an mata ki sa duha an mata tapos ipilak ka sa kalayo san impyerno.”","“Kon ang imo kamot ukon tiil amo ang kabangdanan sang imo pagbiya sa imo pagtuo, utda ini kag ihaboy! Mas maayo pa nga magsulod ka sa kabuhi nga wala sing katapusan nga isa lang ang imo kamot ukon tiil sang sa duha ang imo kamot kag tiil nga idap-ong ka sa kalayo nga wala sing katapusan."
“Kun sugad talinguhaa gayod niyo na dili kamo makadaug-daog bisan usad sani na mga tigdyutay na kabataan kay an inda mga anghel pirme ngani nasa atubangan san akon Ama sa langit.,"Kag kon ang imo mata manginkabangdanan sang imo pagbiya sa imo pagtuo, lukata ini kag ihaboy! Mas maayo pa nga magsulod ka sa kabuhi nga wala sing katapusan nga isa lang ang imo mata sang sa duha ang imo mata nga idap-ong ka sa kalayo sa impierno."
Nagkadi ngani ako na Anak San Tawo sa kinab-an para isalbar an mga tawo na nalalagalag sa dalan san kasal-an.,“Maghalong kamo nga indi ninyo matamay ang isa sining mga katawhan nga kaangay sang magamay nga mga kabataan sa atubang sang Dios. Nagasiling ako sa inyo nga ang ila mga anghel sa langit yara pirme sa presensya sang akon Amay sa langit.
"“Sugad baga sani na halimbawa. Sa paghuna niyo nano an pagahimuon san tawo na may usad ka gatos na karnero kun mawara anusad sani? Syimpre, babayaan niyaan 99 na nagapanginaon agod hanapon an nalalagalag.",“Ano bala sa inyo? Ano bala ang himuon sang isa ka tawo nga may 100 nga mga karnero kag ang isa sa ila nadula? Bayaan niya didto sa bakulod ang nobentay nwebe nga nagahalab kag magalakat sia sa pagpangita sang nadula nga karnero.
Matuod gayod na kun makita niya ini mas lalo na malilipay siya para sani ki sa 99 na dili nalagalag.,"Nagasiling ako sa inyo, kon iya makita ini, ang iya kalipay tungod sining isa mas labi pa sang sa iya kalipay sa nobentay nwebe nga wala madula."
Sugad man habo gayod an iyo Ama sa langit na may mawara bisan usad sani na mga tirigdyutay na kabataan.”,Subong man ang inyo Amay sa langit indi luyag nga madula ang isa sining mga katawhan nga kaangay sang magamay nga mga kabataan sa iya atubang.
"“Niyan kun may nagkasala sa imo na kapwa, kadtua kag sabihi san iya nahimo na sala na kamo lang na duha. Kun magpamati siya sa imo, mabalik an iyo dati maayo na pagpasinunud-sunod.","“Kon ang imo utod makasala batok sa imo, kadtoi sia kag sugiri sang iya sayop nga kamuhanon lang. Kon magpamati sia sa imo, ti magabalik ang inyo pag-ayuhay subong mag-ulotod."
"Pero kun habo siya magpamati sa imo, mag-agda ka sin usad o duha ka tawo agod mapamatuudan san duha o tulo na mga testigos an iyo tanan na gin-istoryahan.","Pero kon indi sia magpamati sa imo, dala ka sing isa ukon duha pa ka tawo agod nga suno sa ginasiling sang kasulatan, ‘Ang tagsa ka panumbongon mapalig-on paagi sa pamatuod sang duha ukon tatlo ka mga saksi.’"
"Kun habo siya magpamati sa inda, ipaaram sa pagtiripon san mga nagatuod bilang simbahan. Tapos kun habo pa gihapon siya magpamati bisan sani, ibilang mo na siya na waraʼn paggalang sa Dios kaya pareho san dili-Judio kag parasukot san buwis.”","Ugaling kon indi sia magpamati sa ila, isugid ini sa iglesia. Kag kon indi pa gid sia magpamati sa iglesia kabiga sia subong nga pagano ukon manugsukot sang buhis."
“Ginasiguro ko sa iyo na an igabawal niyo sa kinab-an igabawal man sa langit kag an itutugot niyo sa kinab-an itutugot man sa langit.,"“Gani nagasiling ako sa inyo nga kon ano ang ginadumilian ninyo sa duta, ini pagadumilian man sa langit. Kon ano ang inyo ginapahanugotan sa duta, ini pagapahanugotan man sa langit."
"“Ginasiguro ko sa iyo na kun may duha sa iyo didi sa duta magkausad sa pagpangadyi agod mangayo, igahatag ini sa iyo san akon Ama sa langit,","“Nagasiling pa gid ako sa inyo: kon ang duha sa inyo maghisugot diri sa duta nahanungod sang mga butang nga inyo ginapangamuyoan, ina pagahimuon sa inyo sang akon Amay sa langit."
kay kun hain man may duha o tulo na nagkatiripon dahilan sa akon ada ako kaupod ninda.”,"Kay kon diin ang duha ukon tatlo nga nagatipon sa akon ngalan, yara ako sa tunga nila.”"
"Pakatapos sani nag-apiki si Pedro kan Jesus kag naghunga, “Ginoo, kun may magkasala sa akon nakapwa ko, pira na beses ko siya dapat patawadon? Hasta sa ikapito?”","Dayon nagpalapit si Pedro kay Jesus kag nagpamangkot, “Ginoo, makapila bala makasala ang akon utod sa akon kag ako magapatawad sa iya? Tubtob bala sa makapito?”"
"Ginsabat siya ni Jesus, “Dili lang ngani kay pito na beses kundi pito na 70 beses.”","Si Jesus nagsabat, “Wala ako magsiling sa imo nga tubtob sa makapito, kundi setenta ka pito."
“Kun kaya an kahadian naman san langit bagaʼn hadi na gusto husayon an iya mga pautang sa iya mga suruguon.,Kay ang Ginharian sang langit kaangay sang isa ka hari nga luyag maghusay sang mga utang sang iya mga suloguon sa iya.
San pagtuna na pagkwenta san mga pautang may ginpaatubang sa iya na lalaki na un milyon pisos an utang.,"Sang nagsugod sia sa paghusay sang ila mga utang, may gindala sa iya nga suloguon nga nakautang sing minilyon ka pisos."
"Niyan, kay wara siyaʼn ikabayad, nagsugo an amo na ibaligya siya bilang uripon amo man an iya asawa, kaanakan kag san tanan niya na kasadirihan agod makabayad.","Tungod nga indi makabayad ang suloguon sang iya utang, nagmando ang hari nga ibaligya sia, ang iya asawa, ang iya mga kabataan kag ang tanan niya nga pagkabutang agod mabayaran niya ang iya utang."
"“Dahilan sani lumuhod an suruguon sa may tiilan san iya amo kag nakimaluoy, ‘Pasensyaha anay ako yana kay pagabayadan ko man an tanan ko na utang.’","Nagluhod ang suloguon sa atubang sang hari kag nagpakitluoy, ‘Hulathulata lang ako anay, kay bayaran ko ikaw sang tanan!’"
Naluoy sa iya an amo kaya pinatawad siya san iya utang kag pinauli.,"Ang hari naluoy sa iya, gani ginpalakat niya sia kag wala na pagpabayara sang iya utang."
"“Pagluwas niya didto may nakasugat siya na iya kapwa suruguon na nakautang man sa iya sin syin pisos. Hinuyutan ini kag tinuok myintras ginasabihan, ‘Bayadi an imo utang sa akon.’","“Dayon naggwa ang suloguon kag nasugata niya ang iya kapareho nga suloguon nga nakautang sa iya sing pila lamang ka pisos. Ginliab niya sia kag ginkuga nga nagsiling, ‘Bayari ang utang mo sa akon!’"
"“Didi man nagluhod an kapwa niya suruguon sa may tiilan niya na nakimaluoy, ‘Pasensyaha na lang anay ako yana kay pagabayadan ta man ikaw.’","Ang pareho niya nga suloguon nagluhod nga nagapakitluoy sa iya, ‘Hulathulata lang ako anay, kay bayaran ko ikaw!’"
“Pero wara siya magtugot kundi pinapriso idto hasta na makabayad san utang.,Pero wala sia magkaluoy. Sa baylo ginpabilanggo niya sia tubtob mabayaran niya ang iya utang.
Pakakita sani na pangyari san kaurupod ninda na mga suruguon nagkaururit gayod. Tapos kumadto sinda sa amo kag ginsumat an tanan na pangyari.,"Sang ang iban nga mga suloguon nakakita sang nahanabo, naglain gid ang buot nila kag ginkadtuan nila ang hari kag ginsugiran sang tanan nga nahanabo."
"“Kaya pinatawag san amo idtoʼn una na suruguon kag sinabihan, ‘Waraʼn pulos na suruguon! Pinatawad ta ikaw san tanan mo na utang kay nakimaluoy ka sa akon.","Gani ginpatawag sang hari yadtong suloguon kag ginhambalan, ‘Walay pulos ka nga suloguon! Wala ko ikaw ginpabayad sang tanan mo nga utang tungod kay nagpakitluoy ka sa akon."
"Nano, dili ba dapat naluoy ka man sa kapwa mo suruguon pareho san pagkaluoy ko sa imo?’",Kuntani nagkaluoy ka man sa pareho mo nga suloguon subong sang pagkaluoy ko sa imo.’
Naurit gayod an amo kaya pinapriso ini hasta na mabayadan an tanan na utang.,Naakig gid ang hari kag ginpabilanggo sia agod masilutan tubtob nga bayaran niya ang tanan niya nga utang.”
“Sugad man sani an pagahimuon sa iyo tanan san akon Ama sa langit kun dili hali sa tagipusuon an pagpatawad niyo sa iyo kapwa.”,"Sa katapusan si Jesus nagsiling, “Amo man ini ang himuon sa tagsatagsa sa inyo sang akon Amay sa langit kon indi kamo magpatawad sang inyo utod sa inyo tagipusoon.”"
Pakatapos sani na pagtukdo naghali naman si Jesus sa Galilea kag nagpakadto sa Judea sa unhan san suba san Jordan.,"Sang makasiling si Jesus sini nga mga butang, naghalin sia sa Galilea kag nagkadto sa lugar nga sakop sang Judea sa tabok sang Suba sang Jordan."
"Damu-damo na katawuhan an nagsurunod sa iya, tapos didto ginpangayo niya sinda na may ginabatyag.",Madamo nga mga tawo ang nagsunod sa iya kag iya ginpang-ayo didto ang mga nagamasakit.
"Niyan may mga Pariseo na naghalapit kan Jesus agod porbaran siya. Naghunga sinda, “Nano, kontra sa Kasuguan na bulagan san asawa na lalaki an iya asawa bisan nano an dahilan?”","May mga Fariseo nga nagpalapit sa iya kag luyag magdakupdakop sa iya paagi sa sini nga pamangkot, “Ginatugotan bala sang aton Kasugoan ang isa ka tawo nga iya bulagan ang iya asawa sa bisan ano nga kabangdanan?”"
"Nagsabat siya, “Basi wara pa niyo nabasa sa Kasuratan na sa katuna-tunai an naglalang ‘ginlalang an mga tawo na magin lalaki kag babayi.’","Si Jesus nagsabat, “Wala bala ninyo mabasahi sa kasulatan nga sang pagtuga sang Dios sang mga tawo sa ginsugoran, ginhimo niya sila nga lalaki kag babayi?"
"Tapos nagsabi, ‘Dahilan sani pagabayaan san lalaki an iya ama kag iloy kag makig-upod sa iya asawa. Tapos, sinda na duha magigin usad na lang na lawas.’","Kag ang Dios nagsiling, ‘Tungod sini ang lalaki magabiya sang iya amay kag iloy, kag magahiusa sa iya asawa, kag sila nga duha mangin-isa.’"
Kaya dili na sinda duha kundi usad na lang. Kun kaya an ginbiyo san Dios dili dapat pagbulagon san tawo.”,"Gani indi na sila duha, kundi isa. Kon amo, indi pagbulagon sang tawo ang gintiayon sang Dios.”"
"Ginhunga naman siya san mga Pariseo, “Kun sugad nano kay nagsugo si Moises na kinahanglan san lalaki mahatagan an iya asawa sin kasuratan na nakibulag na siya tapos mapaluwas siya?”","Ang mga Fariseo nagpamangkot sa iya, “Ti, ngaa man nga nagsugo si Moises nga hatagan lang sang isa ka tawo ang iya asawa sang papeles sang pagbulagay kag bayaan sia?”"
"Ginsabat man sinda ni Jesus, “Dahilan san iyo kasutilan kaya gintugot ni Moises na bulagan niyo an iyo asawa pero dili sugad sani sa katunaan san paglalang.","Nagsabat si Jesus sa ila, “Ginpahanugotan kamo ni Moises sa pagbulag sa inyo mga asawa tungod kay matig-a gid ang inyo ulo. Pero sa ginsugoran indi amo ini."
Kaya ginasiguro ko sa iyo na an lalaki na makibulag sa iya asawa tapos mag-asawa man gihapon nagakasala sin pagpanambay pwera lang kun an pakigbulag niya dahilan sa pagpanambay san iya asawa.”,"Gani nagasiling ako sa inyo, nga ang bisan sin-o nga tawo nga magbulag sa iya asawa sa iban nga kabangdanan luas sa pagpanginlalaki, kag magpangasawa liwat, nagapanginbabayi.”"
"Didi naman nagsabi sa iya an mga disipulos, “Kun sugad sani an kamutangan san lalaki kag san iya asawa, mas maayo pa na dili na lang mag-asawa.”","Ang iya mga gintuton-an nagsiling sa iya, “Kon amo man lang ina ang matabo sa pag-asawahay, maayo pa nga indi na lang magpangasawa.”"
"Ginsabat niya sinda, “Dili an tanan makaako sani na katukduan kundi para lang sadtoʼn ginhatagan sani.","Nagsabat si Jesus, “Ini nga pagtulon-an indi para sa tanan, kundi para lang sa mga ginhatagan sini sang Dios."
May mga lalaki na dili makaasawa kay dati na sa inda pagkabuhay. An iba tungod sa pagbuot san kapwa tawo. Tapos igwa pa gayod sadtoʼn dili nagaasawa kay ginapalabi an pagsirbe sa Dios. Pabayai na akuon san makaako ini na katukduan.”,"Kay may nagakalainlain nga mga kabangdanan kon ngaa may mga tawo nga indi makapangasawa: ang iban natawo nga indi sarang makapangasawa, ang iban indi makapangasawa tungod kay ginkapon sila, kag ang iban pa gid indi magpangasawa tungod sang Ginharian sang langit. Ang makasarang sa pagbaton sini nga pagtudlo magbaton sini.”"
Niyan may mga tawo na nagdara kan Jesus sin tigdyutay na kabataan agod madapatan niya kag pangadyian pero pakakita sani san mga disipulos ginsaway idtoʼn mga katawuhan.,"May mga tawo nga nagdala kay Jesus sang mga kabataan agod tungtongan niya sila sang iya mga kamot kag pangamuyoan, pero ginsaway sila sang mga gintuton-an."
"Sinabihan naman sinda ni Jesus, “Ayaw niyo pag-ulanga an mga tigdyutay na kabataan kundi pakadia sa akon kay para sa pareho sa inda an kahadian san langit.”","Si Jesus nagsiling, “Pabay-i lang ninyo ang mga kabataan sa pagpalapit sa akon, kag indi ninyo sila pagpunggi, tungod kay ang Ginharian sang langit ila sang mga kasubong nila.”"
Tapos pagkadapati niya san kabataan kag nangadyi para sa inda naghali naman siya didto.,Gintungtong ni Jesus ang iya mga kamot sa ila kag sa tapos sini naglakat sia.
"Usad na bes may lalaki na naghalapit kan Jesus kag naghunga, “Maestro, nano an maayo na dapat ko himuon agod masadiri ko an buhay na waraʼn katapusan?”","Isa sadto ka tion, may isa ka tawo nga nagpalapit kay Jesus kag nagpamangkot, “Manunodlo, ano bala ang maayo nga butang nga dapat ko himuon agod maangkon ko ang kabuhi nga wala sing katapusan?”"
"Ginsabat siya ni Jesus, “Nano kay nagahunga ka sa akon manungod sa maayo? May usad lang na nagahimo sin maayo. Ugaling kun gusto mo na magkaigwaʼn buhay na waraʼn katapusan, tumana an Kasuguan ni Moises.”","Nagsabat si Jesus, “Ngaa bala nagapamangkot ka sa akon kon ano ang maayo? Ang Dios gid lang amo ang maayo. Tumana ang mga sugo kon luyag ka mag-angkon sang kabuhi nga wala sing katapusan.”"
"Naghunga gihapon an lalaki, “An nano na kasuguan?”","Nagpamangkot sia, “Ano nga mga sugo?”"
"An sabat naman ni Jesus amo ini, “Dili ka magpatay, dili ka magpanambay, dili ka magpangawat, dili ka magtestigos sin kabuwaan.","Nagsabat si Jesus, “Indi ka magpatay, indi ka magpanginbabayi ukon magpanginlalaki, indi ka magpangawat, kag indi ka magsaksi sang binutig."
"Galangan mo an imo ama kag iloy, tapos, dapat kamut-an mo an imo kapwa pareho san imo pagkamuot sa imo sadiri.”","Tahura ang imo amay kag ang imo iloy, kag higugmaa ang imo isigkatawo subong sang imo kaugalingon.”"
"Sinabihan man siya san batan-on na lalaki, “Gintuman ko ini tanan. Nano pa gayod an mga kakulangan ko?”","Ang pamatan-on nagsabat sa iya, “Natuman ko na ini tanan nga mga sugo. Ano pa bala ang nakulang sa akon?”"
"Didi nagsabat si Jesus, “Kun gusto mo gayod na waraʼn kakulangan an imo buhay, kuhaon an imo kasadirihan kag ibaligya ini, tapos an kabaklanan ipanghatag mo sa pobre kay magkakaigwa ka sin kayamanan didto kaupod san Dios sa langit. Pakatapos bumalik ka kag mag-upod sa akon.”","Si Jesus nagsiling sa iya, “Kon luyag ka nga manginhimpit, lakat ka kag ibaligya ang tanan mo nga pagkabutang kag ihatag mo ang kwarta sa mga imol, kag magaangkon ka sing manggad sa langit kag dali, sunod ka sa akon.”"
Pero pakabati sani san batanon na lalaki lumakat siya na mamunduon kay mayaman-yaman siya.,"Sang pagkabati sini sang pamatan-on, naglakat sia nga masinulob-on, kay manggaranon gid sia."
"Pakatapos ginsabihan ni Jesus an iya mga disipulos, “Ginasiguro ko sa iyo na malisod gayod sa mga mayaman an pagsulod sa kahadian san langit.","Dayon si Jesus nagsiling sa iya mga gintuton-an, “Nagasiling ako sa inyo nga mabudlay para sa isa ka manggaranon ang pagsulod sa Ginharian sang langit."
Kaya tandaan an ginasabi ko: mas masayon pa makaagi an kamelyo sa luho san dagom ki sa pagsulod san mayaman sa kahadian san langit.”,Liwaton ko ang pagsiling sa inyo nga mas mabudlay para sa isa ka manggaranon ang pagpasakop sa paghari sang Dios sang sa isa ka kamelyo nga maglusot sa buho sang dagom.”
"Pakabati sani nagkangarawa gayod an mga disipulos na nagahurunga, “Kun sugad, sin-o man gali an masasalbar?”","Sang pagkabati sini sang mga gintuton-an natingala gid sila. Nagpamangkot sila, “Kon amo, sin-o na lang gali ang maluwas?”"
"Ginsud-ong sinda ni Jesus kag ginsabihan, “Dili kaya san mga tawo na mahimo sani pero kaya san Dios kay siya an makahimo san tanan.”","Gintulok sila ni Jesus sing wala pulopamisok kag ginsabat, “Para sa tawo indi ini mahimo, pero para sa Dios mahimo ini tanan.”"
"Didi man nagsurmaton si Pedro kag naghunga, “Kami gali? Ginbayaan namon an tanan agod mag-upod sa imo. Nano man an para sa amon?”","Dayon si Pedro nagsiling, “Tan-awa bala, ginbayaan namon ang tanan kag nagsunod sa imo. Ano bala ang amon mabaton?”"
"Sinabihan naman sinda ni Jesus, “Ginasiguro ko sa iyo na sa maabot na panahon hihimuon san Dios an bag-o na kinab-an. Sani na panahon magaingkod man ako na Anak San Tawo sa akon trono na gloryoso kag kamo na parasunod ko maingkod man sa dose na mga trono agod maghusgar san mga lahi san dose na mga anak ni Israel.","Nagsiling si Jesus sa ila, “Tandai ninyo ini! Kon ang Anak sang Tawo magpungko na sa iya harianon nga trono sa Bag-o nga Panag-on, dayon kamo nga dose nga nagsunod sa akon magapungko man sa inyo mga trono sa paghukom sa dose ka tribo sang Israel."
"Sugad man an magbaya san mga balay, mga kamaranghod, ama kag iloy, kaanakan o kasadirihan dahilan sa akon makabaton sin damu-damo gayod kag magkakaigwa san buhay na waraʼn katapusan.","Ang tagsatagsa nga nagbiya sang iya mga balay, mga utod nga lalaki, mga utod nga babayi, amay, iloy, kabataan, ukon kaumhan bangod sa akon, magabaton sing sobra sa ginatos ka pilo, kag magaangkon sang kabuhi nga wala sing katapusan."
"Nagpadayon si Jesus, “May istorya pa. Sa kahadian san langit an Dios nakapareho sani na tag-iya.",“Ang Ginharian sang langit kaangay sang isa ka tawo nga naglakat sang aga pa sa pagpangita sing mga manug-obra nga masuholan para sa iya talamnan sang ubas.
“Usad na bes may tag-iya sin uma na aga pa nagluwas na para maghanap sin mga masusuhulan pagtrabaho sa iya ubasan.,"Nagsugot sia sa pagbayad sa ila sang minimo nga suhol sa isa ka adlaw, kag ginpadala niya sila sa pag-obra sa iya talamnan sang ubas."
"Pakatapos na magkauyon sinda na an suhol usad na dinaryo sa usad ka adlaw, ginpakadto na niya sinda sa iya ubasan.",Sang mga alas nwebe sa aga nagkadto sia liwat sa tiendahan kag nakita niya nga may mga tawo nga nagatilindog didto nga wala sing obra.
"“Pagluwas niya na mga alas nuebe na an aga may nakita siya na iba na nagatirindog sa merkado na waraʼn trabaho kaya sinabihan niya,","Gani nagsiling sia sa ila, ‘Lakat man kamo kag mag-obra sa akon talamnan sang ubas, kag suholan ko kamo sang nagakaigo.’"
‘Kumadto man kamo kag magtrabaho sa akon ubasan kay hahatagan ta kamo sin tama na suhol.’,Gani naglakat sila. Amo man ang ginhimo niya sang mga alas dose kag sang mga alas tres sa hapon.
Kaya nagkaradto sinda.,"Sang mga alas singko na sa hapon nagkadto naman sia sa tiendahan kag may nakita pa gid sia nga mga tawo nga nagatilindog didto. Nagpamangkot sia sa ila, ‘Ngaa bala nagatilindog lang kamo diri sa bug-os nga adlaw nga wala sing obra?’"
“Pagluwas pa gihapon niya na mga alas dose kag alas dos amo man an iya ginhimo na pag-agda.,"Nagsabat sila, ‘Kay wala man sing may nagpaobra sa amon.’ Nagsiling sia sa ila, ‘Kon amo ina, kadto man kamo kag mag-obra sa akon talamnan sang ubas.’"
"Pag-alas singko an hapon nagluwas pa gayod siya kag may nakita pa gihapon na mga tawo na nagatirindog didto. Kaya ginhunga niya, ‘Nano kay adi kamo didi na waraʼn ginahimo maghapon?’","“Sang sirom na, nagsiling ang tag-iya sang talamnan sang ubas sa iya enkargado, ‘Tawga ang mga manug-obra kag suholi sila halin sa mga naulihi gid nga nag-obra tubtob sa mga nahauna.’"
"“‘Kay wara man sa amon sin nagasuhol,’ an sabat ninda.",Ang tagsatagsa nga nag-ulobra sugod sang alas singko sa hapon ginbayaran sang minimo nga suhol.
"“Didi man sinabihan sinda, ‘Sige, kadto man kamo sa akon ubasan.’","Sang suholan na ang mga nahauna nga nag-ulobra, naghunahuna sila nga mas daku ang ila mabaton, pero ang tagsatagsa sa ila ginhatagan man sang minimo nga suhol."
"“Pagkagab-i sinabihan san tag-iya san ubasan an iya engkargado, ‘Tawaga an mga trabahador kag bayadi san inda suhol tuna sa mga naurhi hasta sa mga nauna.’","Ginbaton nila ang ila suhol ugaling nagkulomuron sila batok sa tag-iya,"
“Niyan an kada usad san mga nagkaururhi nakabaton sin usad na dinaryo.,"nga nagasiling, ‘Ining mga naulihi, nag-obra sila sing isa ka oras lang, samtang kami nag-obra sa bug-os nga adlaw sa nagatagiti nga init, pero pareho lang ang imo suhol sa amon!’"
San pag-apiki san mga nagkauruna nag-isip na mas dako an inda mababaton pero parareho man gihapon sinda tig-urusad na dinaryo.,"Ang tag-iya nagsabat sa isa sa ila, ‘Abyan, pamati ka! Wala ko ikaw gindayai. Indi bala nagkasugot kita sa minimo nga suhol?"
"Pakabaton ninda nagreklamo sa tag-iya,","Karon, kuhaa ang imo suhol, kag magpauli. Akon ini luyag nga suholan ining naulihi pareho sa ginsuhol ko sa imo."
‘Usad lang ka oras an natrabahuan sani na mga nagkaururhi pero kami maghapon na nagpagal kag nagpabalhas. Nano man kay parareho lang an suhol na ginhatag sa amon?’,Indi bala ako makapagusto kon ano ang himuon ko sang akon kwarta? Ukon nahisa ka bala tungod kay maalwan ako?’”
"“Ginsabat niya an usad sa inda, ‘Amigo, wara ta ikaw pagdayaa. Nagkasarabot baga kita sa usad na dinaryo.","Dayon si Jesus nagsiling, “Gani ang mga naulihi mauna, kag ang mga nahauna maulihi.”"
Kaya kuhaa an imo suhol kag uli na kay gusto ko na bayadan ini na nagkaururhi sin pareho san ginbayad ko sa iyo.,"Sang si Jesus nagataklad pakadto sa Jerusalem, ginpain niya ang dose ka mga gintuton-an, kag samtang nagalakat sila nagsiling sia sa ila nga silahanon lang,"
"Syimpre, may gahom ako sa paggamit san akon kwarta sa nano man na gusto ko. O basi naawa ka lang kay maluluy-on ako.’,”","“Pamati kamo, nagataklad kita pakadto sa Jerusalem sa diin ang Anak sang Tawo igatugyan sa pangulo nga mga pari kag mga manunodlo sang Kasugoan, kag ila sia pamatbatan sing kamatayon."
"Tapos nagsabi si Jesus, “Kaya an mga tawo na naurhi mauuna kag an mga nauna mauurhi naman.”","Dayon igatugyan nila sia sa mga Hentil nga magayaguta kag magabunal sa iya, kag magalansang sa iya sa krus, pero sa ikatlo nga adlaw pagabanhawon sia.”"
"San pagsagka ni Jesus pa-Jerusalem ginbulag niya an dose kag myintras nagalakat sinabihan sinda,","Dayon nagpalapit kay Jesus ang asawa ni Zebedeo upod sa iya duha ka mga anak nga lalaki kag nagluhod sia sa iya atubang, kag may ginpangabay."
"“Niyan nagasagka kita pa-Jerusalem kag didto ako na Anak San Tawo igaintriga sa mga namumuno san kapadian kag sa mga paratukdo san Kasuguan. Pagahusgaran ako ninda sin kamatayon,","Si Jesus nagpamangkot sa iya, “Ano bala ang luyag mo?”"
"tapos igaintriga man sa mga dili-Judio agod tuya-tuyaon, latiguhon kag patayon paagi sa pagpako sa krus pero sa ikatulo na adlaw bubuhayon ako gihapon.”","Nagsabat sia, “Ginapangabay ko nga kon maghari ka na, papungkua ining duha ko ka mga anak, ang isa sa imo tuo kag ang isa sa imo wala.”"
Didi naghalapit kan Jesus an iloy san mga anak ni Zebedeo na kaupod sinda kag nagluhod sa iya atubangan agod maghangyo.,"Si Jesus nagsabat sa duha niya ka mga anak, “Wala kamo makahibalo sang inyo ginapangayo. Sarang bala kamo makainom sa kupa sang pag-antos nga akon pagaimnan sa indi na lang madugay?”"
"Hinunga niya an babayi, “Nano an gusto mo?”","Nagsabat sila, “Huo, sarang kami.”"
"Nagsabat ini, “Ituga mo sa akon na ini na duha ko na anak an makaingkod sa magluyo mo kun magahadi ka sa imo glorya didto sa Jerusalem.”","Nagsiling si Jesus sa ila, “Magainom kamo matuod sa kupa nga akon pagaimnan. Pero ang pagpapungko sa akon tuo ukon sa akon wala, indi ako ang magahatag sina. Ini nga mga pulongkuan para lamang sa ila nga gin-amanan sang akon Amay.”"
"Pero ginsabat siya ni Jesus, “Dili niyo aram kun nano an iyo ginahangyo kay dapat anay ako magtios antes magahadi.” Tapos, pagsud-ong sa duha, naghunga siya, “Nano, makainom kamo sa kupa na akon pagainuman?”",Sang pagkabati sini sang napulo ka mga gintuton-an naakig sila sa duha ka mag-utod.
"Nagsabat sinda, “Opo.”","Gani gintawag sila tanan ni Jesus kag ginsingganan, “Inyo nahibaluan nga ang mga pangulo sang mga pagano may gahom sa ila mga sinakpan kag ang mga gamhanan may bug-os nga awtoridad sa ila."
"“Amo ngani,” an sabi niya. “Pagainuman man niyo an kupa na akon pagainuman pero an pagapaingkod sa magluyo ko wara sa akon poder kay ina para sadtoʼn natiganahan na san akon Ama.”","Pero indi manginsubong sini iya ang sa inyo. Kay kon may isa sa inyo nga luyag magpangulo, dapat sia magmanginsuloguon ninyo."
Pakabati sani san napulo nagkaururit sa magmanghod.,"Kag kon may isa sa inyo nga luyag mangin-una, dapat sia mangin-ulipon ninyo."
"Pero ginpahalapit sinda ni Jesus kag sinabihan, “Aram niyo na an mga namumuno san mga dili-Judio amo an mga nagadaog sa inda kag an mga bantog na namumuno naman sani amo an nagasakop sa inda.","Subong nga ang Anak sang Tawo wala mag-abot agod alagaron, kundi sa pag-alagad kag sa paghatag sang iya kabuhi sa pagtubos sang madamo nga mga tawo.”"
"Dili ina dapat na mangyari sa iyo kundi an nagahandom magin pinakalabaw sa iyo kinahanglan magin suruguon niyo,",Madamo nga mga tawo ang nagsunod kay Jesus sang sia kag ang iya mga gintuton-an nagapagwa sa Jerico.
kag an gusto magpalabaw sa iyo kinahanglan magpauripon man siya sa tanan,"May duha ka bulag nga nagapungko sa higad sang dalan nga nakabati nga si Jesus nagaagi, gani nagsagad sila singgit, “Sir, Anak ni David! Kaluoyi kami!”"
pareho man sa akon na Anak San Tawo. Nagpakadi ako sa kinab-an dili agod sirbihan kundi magsirbe kag ihalad an akon buhay bilang pagtubos para sa kadamuan.”,"Ginsaway sila sang mga tawo kag ginsingganan nga maghipos. Pero nagsinggit pa gid sila sing mabaskog, “Sir, Anak ni David! Kaluoyi kami!”"
Paghali ninda sa Jerico damu-damo na mga tawo an nagsurunod sa iya.,"Si Jesus nagdulog kag nagtawag sa ila. Ginpamangkot niya sila, “Ano bala ang luyag ninyo nga himuon ko sa inyo?”"
"San nagadangadang na sinda Jesus sa Jerusalem nakaabot na sinda sa Betfage na adto na sa Bukid San Kaolibohan, nagsugo si Jesus sin duha na disipulos,","Sang si Jesus kag ang iya mga gintuton-an nagahilapit na sa Jerusalem, nakaabot sila sa Betfage, sa Bukid sang mga Olivo. Dayon ginpauna ni Jesus ang duha sang iya mga gintuton-an"
“Kumadto kamo sa kaatubang na baryo kag pagsulod niyo makakita dayon kamo sin nakahigot na asno na may tinday. Hubadi anay niyo tapos guyuda pakadi.,"kag ginsingganan, “Kadto kamo sa barangay nga yara sa unhan, kag didto inyo makita gilayon ang isa ka asna nga nahigot kaupod sa iya tinday. Hubari ninyo sila kag dalha diri sa akon."
"Kun may maghunga sa iyo sabihi, ‘Ginakinahanglan ini san Ginoo,’ kag ipapadara man dayon sa iyo.”","Kon may magpamatok sa inyo, singgani sia, ‘Ang Ginoo nagakinahanglan sa ila,’ kag sa gilayon ipadala niya sila.”"
Nangyari ini agod matuman an ginsabi san propeta:,Ini nahanabo agod matuman ang ginhambal sang propeta:
"“Sabiha sa katawuhan san Sion, ‘Kitaa, nagaabot dida sa iyo an iyo hadi.",“Sugiri ninyo ang siudad sang Sion:
"Mapainubuson siya na nakasakay sa asno. Oo, sa tinday san asno siya sakay.’,”","lantawa, ang imo hari magaabot sa imo!"
Kaya naglakat an mga disipulos kag gintuman an ginsugo sa inda ni Jesus.,"Mapainuboson sia kag nagasakay sa asna,"
Pakahubadi gin-guyod ninda an asno kag san tinday pabalik kan Jesus. Pag-abot didto ginkamadiruhan ninda san inda mga alikboy tapos nagsakay si Jesus.,kag sa polyino nga tinday sang asna.”
Damo man na mga tawo an nagralatag san inda mga alikboy sa iya aagihan agod galangan siya susog sa inda kaugalian. May mga iba naman na nag-urutod sinmga sanga san mga kahoy na naglatag man sa iya pagaagihan.,Gani nag-una ang duha ka mga gintuton-an kag ila gintuman ang ginsugo ni Jesus:
"Tapos an kadamuan na nagauna kag san mga nagasurunod sa iya nagasiriyak,","gindala nila ang asna kag ang polyino, kag ila ginhampiluan sang ila mga kunop kag ginsakyan ini ni Jesus."
“Umawon ini na Lahi ni David!”,Madamo nga mga tawo ang naghumlad sang ila mga kunop sa dalan samtang ang iban nagtapas sang mga sanga sang kahoy kag ginladlad nila ini sa dalan.
“Ginpalabi ini siya na nagapakadi sa ngaran san Ginoo!”,"Ang mga tawo nga nagalakat una kay Jesus kag ang mga nagasunod sa iya nagsagad singgit, “Dayawon ang Anak ni David! Ang Dios magbendisyon sa iya nga nagaabot sa ngalan sang Ginoo! Dayawon ang Dios!”"
"“Kamo sa pinakahataas sa langit, mag-umaw man sa iya!”","Sang pagsulod ni Jesus sa Jerusalem, ang bug-os nga siudad nagkinagula. Ang mga tawo sa siudad nagpamangkot, “Sin-o bala sia?”"
"Pagsulod na niya sa Jerusalem nagakariribok an bilog na katawuhan sa syudad, “Sin-o ini?” an hunga ninda.","Nagsabat ang madamo nga mga tawo, “Sia amo ang propeta nga si Jesus nga taga-Nazaret nga sakop sang Galilea.”"
"Nagsabat an kadamuan, “Siya an propeta na si Jesus na taga-Nazaret na sakop san Galilea.”","Nagsulod si Jesus sa templo kag iya ginpanabog pa gwa ang tanan nga nagapamaligya kag nagapamakal didto. Ginpamaliskad niya ang mga lamisa sang mga manugkambyo sang kwarta, kag ang mga pulongkuan sang mga nagapamaligya sang mga pating."
Pagkatapos nagsulod si Jesus sa templo kag ginpaluwas niya sinda tanan na nagabaligya didto hasta man an mga nagapamakal. Pinangtumba naman niya an mga lamesa san mga parabaralyo sin kwarta kag an mga ingkudan sadtoʼn mga parabaligyaʼn mga salampati.,"Ginsingganan niya sila, “Nasulat sa mga Kasulatan nga ang Dios nagsiling, ‘Ang akon Templo pagatawgon nga balay nga palangamuyoan.’ Pero inyo ginahimo ini nga palanaguan sang mga makawat!”"
"Tapos nagsabi siya, “Nasurat sa Banal Na Kasuratan an ginsabi san Dios, ‘An pagatawagon san akon balay amo an balay na pangadyian,’ pero ginahimo lugod niyo ini bilang istaran san mga makawat.”",Ang mga bulag kag mga piang nagkadto sa iya sa templo kag gin-ayo niya sila.
May mga buta didto kag mga pilay na nagharalapit sa iya sa templo. Tapos ginpangayo niya sinda.,"Ang pangulo nga mga pari kag ang mga manunodlo sang Kasugoan naakig sang ila makita ang makatilingala nga mga butang nga iya ginahimo kag sang ila nakita ang mga kabataan nga nagasininggit sa templo, “Dayawon ang Anak ni David!”"
"May mga kabataan man na nagasiriyak sa sulod san templo, “Mabuhay an Lahi ni David!” Pakabati sani kag pakakita san mga makangangalas na ginahimo ni Jesus, nagkaururit an mga namumuno san kapadian kag mga paratukdo san Kasuguan.","Gani nagpamangkot sila kay Jesus, “Nabatian mo bala ang ila ginasiling?”"
"Kaya ginhunga ninda siya, “Nano, nakabati ka san inda ginasarabi?”","Si Jesus nagsabat, “Huo! Wala bala ninyo mabasahi ang kasulatan nga nagasiling, ‘Gintudloan mo ang mga kabataan kag mga lapsag sa paghalad sang himpit nga pagdayaw.’?”"
"“Oo,” an sabat niya. “Nano, wara pa gayod niyo ini mabasa,",Ginbayaan sila ni Jesus kag naggwa sia sa siudad pakadto sa Betania sa diin sia naghigda sadto nga gab-i.
"‘An ba-ba san mga kabataan kag san mga madudo ginpahatag mo sin pag-umaw sa imo sadiri.’,”","Sa madason nga aga, sang nagapabalik si Jesus sa siudad sang Jerusalem, gingutom sia."
Pakatapos binayaan sinda ni Jesus kag nagpakadto sa syudad san Betania tapos didto siya nagpalipas san gab-i.,"Nakita niya ang isa ka kahoy nga higera sa higad sang dalan. Ginpalapitan niya ini, pero wala sia sing may nakita nga bunga kundi mga dahon gid lang. Gani nagsiling sia sa kahoy, “Indi ka na gid liwat makapamunga!” Kag sa gilayon nalaya ang kahoy nga higera."
Pagkaaga nagalakat sinda Jesus pagbalik sa syudad. Ginutom si Jesus.,"Sang makita ini sang mga gintuton-an natingala gid sila. Nagpamangkot sila, “Paano bala nalaya gilayon ang kahoy nga higera?”"
"Kaya pakakita niya san kahoy na higera sa may higad san kamino nagtulos siya pero wara siyaʼn nakita na bunga kundi kadahunan lang. Sana mismo nagmaldisyon siya, “Dili ka gayod magbunga hasta na lang,” tapos nag-uga dayon an puno san kahoy.","Nagsabat si Jesus, “Dumdoma ninyo ini! Kon nagatuo kamo kag wala nagapangduhaduha, mahimo ninyo ang akon nahimo sa sining kahoy nga higera, kag indi lamang ina, kundi makasiling pa kamo sa sini nga bukid, ‘Halin ka diri kag maglukso sa dagat,’ kag mahimo ina."
"Pakakita sani nagkangarawa an mga disipulos, “Napan-o kay uga dayon an higera?”","Kon nagatuo kamo, mabaton ninyo ang bisan ano nga pangayuon ninyo sa pangamuyo.”"
"Nagsabat si Jesus, “Matuod gayod na kun may pagtuod kamo kag waraʼn pagduha-duha, dili lang kay mahihimo niyo an ginhimo ko sani na puno san higera kundi bisan sabihon niyo sani na bukid, ‘Gabot kag ipilak an sadiri mo sa dagat,’ mangyayari ina.","Nagbalik si Jesus sa Templo, kag sang nagapanudlo sia didto, ang pangulo nga mga pari kag ang mga katigulangan sang mga Judio nagpalapit sa iya kag nagpamangkot, “Ano bala ang imo awtoridad sa paghimo sini nga mga butang? Sin-o bala ang naghatag sa imo sini nga awtoridad?”"
Sugad man kun may pagtuod kamo mababaton niyo an tanan na iyo ayuon paagi sa pagpangadyi.”,"Si Jesus nagsabat sa ila, “Ako man may isa ka pamangkot sa inyo, kag kon inyo masabat ini sugiran ko kamo sang akon awtoridad sa paghimo sini nga mga butang."
"Pagsulod naman ni Jesus sa templo naghalapit sa iya an mga namumuno san kapadian kag san mga Judio. Myintras siya nagatukdo naghunga sinda, “Kanin-o pagbuot an paghimo mo sani? Sin-o gayod an naghatag sani na otoridad sa imo?”","Sa diin bala nagikan ang awtoridad ni Juan sa pagbautiso, sa Dios bala ukon sa tawo?”"
"Ginsabat naman sinda ni Jesus, “Hungaon ta man kamo kag kun masabat niyo pagasabaton ko naman kun kanin-o otoridad an paghimo ko sani.","Kag nagbinaisay sila, “Ano bala ang aton isabat? Kon magsiling kita, ‘Gikan sa Dios,’ masiling sia sa aton, ‘Ti, ngaa wala kamo magpati kay Juan?’"
"Niyan, sabata daw ako niyo kun kanin-o pagbuot naghali an otoridad ni Juan para magpambunyag? Hali sa Dios sa langit ina o sa mga tawo?”","Pero kon magsiling kita, ‘Gikan sa tawo,’ nahadlok man kita kon ano ang buhaton sang mga tawo sa aton tungod kay ginakilala nila si Juan nga isa ka propeta.”"
"Didi sinda nagpahurunga-hunga kun nano an ikasabat. “Kun sabihon naton, ‘Hali sa langit,’ mahunga naman siya, ‘Kun amo nano kay wara niyo siya pagtuudi?’","Gani nagsabat sila kay Jesus, “Wala kami makahibalo.”"
"Pero kun sabaton naman naton, ‘Hali sa tawo,’ makaharadlok man kita sa mga tawo kay ginakilala ninda tanan na propeta si Juan.”","Dayon nagsiling sia sa ila, “Ti, indi ko man kamo pagsugiran kon sa kay sin-o awtoridad ginahimo ko ini nga mga butang."
"Kaya an inda sabat kan Jesus amo, “Dili namon aram.”","“Karon, ano bala ini sa inyo? May isa ka tawo nga may duha ka mga anak nga lalaki. Ginkadtuan niya ang magulang kag ginsingganan, ‘Toto, kadto ka subong sa talamnan sang ubas kag mag-obra.’"
"Ginsabat naman sinda niya, “Kun sugad dili ko man sasabihon sa iyo kun kanin-o otoridad ginahimo ko ini.”","Nagsabat sia, ‘Indi ako!’ Pero sang ulihi nagbaylo ang iya hunahuna kag nagkadto sa talamnan sang ubas."
"“Pareho baga sa masunod na istorya. Nano an masasabi niyo sani? May tawo na duha an iya anak na lalaki. Kinadto niya an magurang kag sinabihan, ‘Anak, magkadto ka yana kag magtrabaho sa ubasan.’","Dayon ang amay nagkadto man sa manghod kag nagsiling sing amo man. Ang bata nagsabat, ‘Huo, Tay,’ pero wala sia magkadto."
"“Nagsabat an anak, ‘Habo ako,’ pero pagtaud-taod nakahuna-huna siya na maayo pa magkadto siya. Kaya nagpaubasan siya.",Diin sini sa ila nga duha ang naghimo sang sugo sang amay?”
“Tapos kumadto naman an ama sa manghod kag amo man an ginsugo.,"Nagsabat sila, “Ang magulang.”"
"“Nagsabat an anak, ‘Opo, makadto ako,’ pero wara siya magkadto.","Gani si Jesus nagsiling sa ila, “Nagasiling ako sa inyo nga unahan pa kamo sang mga manugsukot sang buhis kag sang malain nga mga babayi sa pagpasakop sa paghari sang Dios."
“Sin-o sa duha an nagsunod sa pagbuot san ama?,"Kay si Juan nga manugbautiso nag-abot kag nagtudlo sa inyo sang husto nga dalan, kag wala kamo magpati sa iya, pero ang mga manugsukot sang buhis kag ang malain nga mga babayi nagpati sa iya. Bisan pa nakita ninyo ini, wala gid magliso ang inyo mga hunahuna kag magpati sa iya."
"“An magurang,” an sabat ninda.","Si Jesus nagsiling, “Pamatii ninyo ang isa pa ka palaanggiran: may isa ka tag-iya sang talamnan nga nagpatanom sang ubas. Iya ini ginkudalan palibot, nagpakutkot sia sing buho para pulogaan sang ubas kag nagpatindog sia sing mataas nga balantayan. Iya ini ginpaagsahan kag nagpanglakaton."
"Ginsabihan naman sinda ni Jesus, “Ginasiguro ko sa iyo na an mga parasukot san buwis kag mga malaw-ay na babayi nauuna pa sa iyo pagpasakop sa kahadian san Dios.","Sang tion na sa pagpamupo sang ubas, ginpadala niya ang iya mga suloguon sa mga agsador sa pagkuha sang iya parti."
"Nagkadi ngani sa iyo si Juan pagpahayag san matuod na katanusan, ugaling, wara niyo siya pagtuudi kundi an mga nagtuod lugod sa iya an mga parasukot san buwis kag mga malaw-ay na babayi. Pero bisan ngani nakita niyo ini, wara pa gihapon kamo magliwat san isip kag magtuod sa iya.”","Gindakop sang mga agsador ang iya mga suloguon: ang isa ginbunal nila, ginpatay ang isa, kag ang isa pa gid ginbato nila."
"“Pamatii pa niyo ini na iba na istorya. May tawo na nagtanom sin damo na ubas. Kinudalan niya patalibod, nagbuho sin pugaan san ubas kag nagtindog sin hataas na bantayan. Tapos ginpapletihan sa mga parabantay kag nagkadto sa harayo na lugar.","Liwat iya ginpadala ang iban niya nga mga suloguon nga mas madamo pa sang sa nahauna, kag amo man ang ginhimo sang mga agsador sa ila."
"Pag-abot san panahon san tigpuduan, ginsugo san tag-iya an iya mga suruguon sa mga parabantay para magkuha san iya bahin na produkto san ubasan.","Sa katapusan ginpadala niya sa ila ang iya anak. Nagsiling sia, ‘Tahuron gid nila ang akon anak.’"
"Pero ginburuligan san mga parabantay an iya mga suruguon. Binaralbag an nauna, pinatay an ikaduha kag binato an ikatulo.","Pero sang pagkakita sang mga agsador sang anak, nagsinilingay sila, ‘Amo ini ang manunubli. Dali kamo, patyon naton sia, kag mangin-aton ang iya palanublion!’"
Nagsugo pa gihapon siyaʼn iba pa na iya mga suruguon na mas damo ki san nauna pero amo man an ginhimo sa inda.,"Gani gindakop nila sia, ginhaboy sa gwa sang talamnan sang ubas, kag ginpatay.”"
Sa katapus-tapusi ginsugo niya an iya anak na lalaki sa paghuna na gagalangan ninda ini na iya anak.,"Nagpamangkot si Jesus, “Karon, kon mag-abot ang tag-iya sang talamnan, ano ang iya himuon sa sadtong mga agsador?”"
"“Pero pakakita san mga parabantay sa anak, nagkaurusad sinda pagsabi, ‘Amo ini an iredero. Kadi kamo, patyon ta siya agod an iya irensyahon sa aton na.’","Nagsabat sila, “Pamatyon gid niya nga wala sing luoyluoy yadtong malain nga mga tawo, kag ipaagsa niya ang iya talamnan sa iban nga mga agsador, nga magahatag sa iya sang iya parti sang patubas sa nagakaigo nga tion.”"
Kaya ginburuligan naman ninda siya tapos gindara sa luwas kag pinatay.,"Si Jesus nagsiling sa ila, “Wala bala ninyo mabasahi ang ginasiling sang mga Kasulatan?"
“Niyan kun mag-abot an tag-iya san ubasan nano kaya an iya hihimuon sadtoʼn mga parabantay?”,‘Ang bato nga ginsikway sang mga manunokod
"Nagsabat sinda, “Pamatyon gayod niya idtoʼn mga nagapatay kag papapletihan sa iba na makahatag sa iya san iya bahin sa tama na panahon.”",nanginpamakod nga bato.
"Tapos didi sinda ginhunga ni Jesus, “Nano, wara pa gayod niyo mabasa sa Banal Na Kasuratan,","Ang Ginoo amo ang naghimo sini,"
Nag-istorya pa si Jesus sa inda manungod sa pagsulod sa kahadian san langit.,Si Jesus naghambal liwat sa mga tawo paagi sa mga palaanggiran.
“Ini bagaʼn pareho sa hadi na nagpaponsya para sa kasal san iya anak na lalaki.,“Ang Ginharian sang langit kaangay sa isa ka hari nga naghanda sang isa ka punsyon sa kasal sang iya anak nga lalaki.
"Niyan ginsugo san hadi an iya mga suruguon agod tawagon an mga imbitado, ugaling habo ini magkaradto.","Ginpadala niya ang iya mga suloguon sa pagtawag sang mga inagda sa punsyon, pero ang mga inagda indi magkadto."
"“May mga ginsugo pa gihapon siyaʼn iba pa san iya mga suruguon. Nagsabi siya, ‘Paaramon niyo an mga imbitado na preparado na an tanan sa akon ponsya. An akonmga toro kag san ginpataba na mga baka ginparatay na. Preparado na an tanan. Kadi na kamo sa kasalan.’","Gani ginsugo niya ang iban sang iya mga suloguon kag ginsingganan: ‘Singgana ninyo ang mga inagda nga ang akon punsyon handa na, ang akon mga baka kag mga tinday nga pinatambok naihaw na, kag ang tanan handa na. Gani dali kamo kag mamunsyon!’"
“Pero wara ninda pag-intyindiha an imbitasyon. May nagpakadto sa iya uma kag may iba na nag-asikaso sa iya negosyo.,"Pero ang mga inagda wala magsapak kag naglakat sila: ang isa sa iya uma, kag ang isa pa gid sa iya balaligyaan,"
"May mga iba pa gayod na gindakop an iya mga suruguon, ginpakaaluhan kag ginpangpatay.","samtang ang iban nga mga inagda nagdakop, nagbunal, kag nagpatay sa mga suloguon."
"Tungod sani urit-urit gayod an hadi, kaya sinugo an iya mga suldados. Ginpatay ninda idtoʼn mga parapatay-tawo kag pinasunog an inda lungsod.","Ang hari naakig gid, gani ginpadala niya ang iya mga soldado sa pagpamatay sa mga nagpatay sang iya mga suloguon, kag sa pagsunog sang ila banwa."
"“Pakatapos sinabihan niya an iya mga suruguon, ‘Preparado na an ponsya pero idtoʼn mga imbitado dili angay.","Dayon gintawag niya ang iya mga suloguon kag ginsingganan, ‘Ang akon punsyon sa kasal handa na, ugaling ang mga inagda indi takos."
Kadto lugod kamo sa mga kamino sa mga lungsod kag imbitari sa ponsya an kada makita niyo.’,Karon kadto kamo sa mga dalan kag agdaha ninyo sa punsyon ang tanan nga inyo makita.’
"Kaya nagruluwas an mga suruguon kag nagkaradto sa mga kamino. Ginpangupod ninda an inda makita, maayo man o maraot. Kaya napuno sin mga bisita an lugar na ginponsyahan.","Gani ang mga suloguon nagkadto sa mga dalan kag gintipon nila ang tanan nga ila nakita, malain kag maayo. Kag ang kalan-an sa punsyon napuno sang mga inagda."
"“Pagsulod san hadi agod kitaon an mga bisita, may namasdan siya na tawo na dili nakabado san sa pangkasal.","“Nagsulod ang hari sa pagtan-aw sang mga inagda, kag nakita niya ang isa ka tawo nga wala makasuksok sang bayu para sa punsyon."
"Kaya sinabihan niya, ‘Amigo, pan-o ka nakasulod didi na dili ka man nakabadoʼn pangkasal?’ Wara kasabat an tawo.","Ginpamangkot sia sang hari, ‘Abyan, ngaa nga nakasulod ka diri nga wala makasuksok sang bayu para sa punsyon?’ Pero wala sia magsabat."
"“Kaya sinugo san hadi an mga suruguon, ‘Gapusa niyo an iya kamot hasta an tiil kag iitsa paluwas sa kadulman. Didto maganguruyngoy an mga tawo kag magraragot an inda mga ngipon sa kasakit.’","Dayon ang hari nagsugo sa mga suloguon, ‘Gapusa ninyo ang iya kamot kag tiil kag ihaboy sia sa kadudulman sa gwa. Didto magahibi sia kag magabagrot sang iya mga ngipon.’”"
“Sugad man damo an ginaimbitaran magsulod sa Kahadian san Langit pero mga pira lang an napipili.”,"Kag sa katapusan si Jesus nagsiling, “Madamo ang mga gin-agda, pero pila lamang ang mga ginpili.”"
Nagharali an mga Pariseo agod pag-iristoryahan kun pan-o ninda madakop si Jesus sa iya ginapanurmaton.,Ang mga Fariseo naglakat kag nagplano sa pagdakupdakop kay Jesus paagi sa mga pamangkot.
"Kaya ginsugo pakadto sa iya an inda mga disipulos kaupod san mga sakop ni Herodes agod sabihon, “Maestro, aram namon na matanos ka na tawo kag nagatukdo san kamatuudan manungod san pagbuot san Dios. Wara ka man sin ginapalabi bisan sin-o kay dili mo ginapanginano kun sin-o an tawo.","Dayon ginpakadto nila ang iban sang ila mga gintuton-an kag ang iban nga mga katapo sang partido ni Herodes sa pagpamangkot kay Jesus. Nagsiling sila, “Manunodlo, nahibaluan namon nga nagasugid ikaw sang kamatuoran. Nagatudlo ikaw sang kamatuoran nahanungod sang kabubot-on sang Dios para sa tawo kag wala ikaw nagasapak kon ano ang isiling sang mga tawo tungod kay wala ikaw sing may ginapasulabi."
"Kun kaya, nano sa paghuna mo, tama na susog sa Kasuguan na magbayad kitaʼn buwis kan Cesar?”","Gani, sugiri kami, ano bala sa imo? Batok bala sa aton Kasugoan ang pagbayad sang mga buhis sa Emperador ukon indi?”"
"Pero aram ni Jesus an inda maraot na kaisipan kaya sinabihan sinda, “Mga pakitaʼn-tawo, nano kay gusto niyo ako porbaran?","Ugaling si Jesus nakahibalo sang ila malain nga tuyo, gani nagsiling sia, “Mga hipokrito kamo! Ngaa bala ginadakupdakop ninyo ako?"
"Abir, pakita niyo sa akon an kwarta na ginabayad niyo sa buwis.” Dinarhan siya ninda sin dinaryo.",Ipakita sa akon ang kwarta nga ginabayad sa buhis!”
"Tapos ginhunga sinda ni Jesus, “Kanin-o pamayhon kag ngaran an adi didi?”",Gindala nila sa iya ang kwarta.
"“Kan Cesar,” an sabat ninda.","Ginpamangkot sila ni Jesus, “Kay sin-o bala laragway kag ngalan ang yari diri?”"
"Kaya ginsabihan sinda ni Jesus, “Maayo, kun sugad ihatag kan Cesar an para kan Cesar kag sa Dios an para sa Dios.”","Nagsabat sila, “Iya sang Emperador.”"
Pakabati ninda sana nagkangarawa sinda. Tapos binayaan ninda siya kag nagralakat.,"Gani si Jesus nagsiling sa ila, “Ti, kundi ihatag ninyo sa Emperador ang para sa Emperador, kag ihatag sa Dios ang para sa Dios.”"
"Sadto mismo na adlaw may nagkaradto man kan Jesus na pira na mga Saduceo. Ini sinda mga Judio na dili nagatuod san pagkabuhay gihapon kaya naghunga sinda sa iya,","Sang pagkabati nila sini, naurongan gid sila kag ginbayaan nila sia kag naglakat."
"“Maestro, nagsugo sa aton si Moises kun may lalaki na mamatay na waraʼn anak, an manghod san lalaki dapat na asawahon an biyuda agod makaanak sinda para sa magurang na napatay.","Sa amo man nga adlaw may mga Saduceo nga nagpalapit kay Jesus, kag nagsiling nga wala sing pagkabanhaw."
Niyan may pito na magmaranghod na lalaki didi sa amon. Nangasawa an subang pero napatay na waraʼn anak kaya an balo gin-asawa san iya manghod.,"Nagsiling sila, “Manunodlo, si Moises nagsiling, ‘Kon ang isa ka tawo nga wala sing mga anak mapatay, ang iya utod dapat magpangasawa sang iya balo, agod makapamata sila para sa iya utod nga napatay.’"
"Amo man an nangyari sa ikaduha, ikatulo na manghod hasta sa ikapito na napatay man na wara gayod sin anak.","Karon, may pito ka mag-utod nga lalaki nga nagkabuhi anay diri. Ang kamagulangan nagpangasawa kag napatay nga wala sing mga anak, gani ginbilin niya ang iya asawa sa iya utod."
Sa katapusan napatay man an babayi.,"Amo man ang natabo sa ikaduha nga utod, kag sa ikatlo, kag sang ulihi sa ila tanan nga pito."
Niyan sa pagkabuhay gihapon sin-o sa pito an pagakilalahon niya na asawa kay nagin asawa niya sinda tanan?”,Sa katapusan ang babayi napatay man.
"Pero ginsabat sinda ni Jesus, “Sala kamo kay dili niyo nasasabutan an Banal Na Kasuratan kag an gahom san Dios.","Karon, sa adlaw sang pagkabanhaw kay sin-o sia mangin-asawa, kay tanan sila nakapangasawa sa iya?”"
Sa pagkabuhay gihapon dili na magaarasawahan an mga tawo kundi pareho na san mga anghel sa langit.,"Si Jesus nagsabat sa ila, “Nagsala gid kamo, tungod kay wala kamo makahibalo sang mga Kasulatan ukon sang gahom sang Dios."
"Manungod naman sa pagkabuhay gihapon, nano, wara pa gayod kamo kabasa kun nano an ginsabi sa iyo san Dios,","Kay sa pagkabanhaw, manginkaangay sila sang mga anghel sa langit kag wala sila nagapangasawa ukon nagapamana."
"‘Ako an Dios ni Abraham, an Dios ni Isaac kag an Dios ni Jacob?’ An gusto sabihon sani na dili siya Dios san mga patay kundi Dios san mga buhay.”","Karon nahanungod sang pagkabanhaw sang mga minatay, wala bala ninyo mabasahi ang ginsiling sang Dios sa inyo? Nagsiling sia,"
San pakabati sani san kadamuan nagngalas sinda san iya gintukdo.,"‘Ako amo ang Dios ni Abraham, ang Dios ni Isaac, kag ang Dios ni Jacob.’ Sia ang Dios sang mga buhi kag indi sang mga patay.”"
"Pakabati naman san mga Pariseo na natagalpo an mga Saduceo sa sabat ni Jesus, nagtiripon sinda sa iya.","Sang pagkabati sini sang mga tawo, natingala gid sila sa iya pagpanudlo."
Niyan may abugado didto sa inda na naghunga agodmaporbaran siya.,"Sang pagkabati sang mga Fariseo nga napahipos ni Jesus ang mga Saduceo, nagtipon sila,"
"“Maestro, nano an pinakalabaw na sugo sa Kasuguan?”","kag ang isa sa ila nga isa ka manunodlo sang Kasugoan, nagdakupdakop sa iya paagi sa isa ka pamangkot,"
"Nagsabat si Jesus, “‘Kamut-an mo an Ginoo na imo Dios sa imo puso, sa bilog moʼn tagipusuon kag sa tanan san imo pagaisip.’","“Manunodlo, ano bala ang labing daku nga sugo sa Kasugoan?”"
Amo ini an pinakalabaw kag pinakauna na sugo.,"Si Jesus nagsabat, “‘Higugmaa ang Ginoo nga imo Dios sa bug-os mo nga tagipusoon, sa bug-os mo nga kalag, kag sa bug-os mo nga hunahuna.’"
"An ikaduha naman nakapareho sani, ‘Kamut-an mo an imo kapwa pareho san pagkamuot mo sa imo sadiri.’",Amo ini ang labing daku kag ang labing importante nga sugo.
Didi sani na duha na sugo ginbasi an bilog na Kasuguan ni Moises kag mga katukduan san mga propeta.”,Ang ikaduha kaangay man sini: ‘Higugmaa ang imo isigkatawo subong sang imo kaugalingon.’
"Myintras nagkatiripon an mga Pariseo, naghunga si Jesus sa inda,",Sa sining duha ka mga sugo napasad ang bug-os nga Kasugoan ni Moises kag ang mga pagtulon-an sang mga propeta.”
“Nano an masasabi niyo manungod kan Cristo? Kanin-o siya anak?”,"Sang pagtilipon sang mga Fariseo, si Jesus nagpamangkot sa ila,"
"Nagsabat sinda, “Kalahi san datiʼn hadi na si David.”",“Ano bala ang hunahuna ninyo nahanungod sa Cristo? Kay sin-o bala sia kaliwat?”
"Nagpadayon paghunga si Jesus, “Kun sugad nano kay ‘Ginoo’ an tawag sa iya ni David san magsabi paagi sa Banal na Espirito,","Nagsabat sila, “Kaliwat sia ni David.”"
"‘Nagsabi an Ginoo sa akon Ginoo,","Si Jesus nagpamangkot, “Ti, ngaa nga si David ginbugnaan sang Espiritu sa pagtawag sa iya nga ‘Ginoo’? Kay si David nagsiling:"
Mag-ingkod ka sa may tuo ko hasta na ipasakop ko sa imo an imo mga kaaway.’,"‘Ang Ginoo nagsiling sa akon Ginoo,"
Niyan kun ginatawag siya ni David sin Ginoo pan-o siya magin kalahi niya?”,"pungko ka diri sa akon tuo,"
"Pakatapos sadto may ginsabi naman si Jesus sa mga tawo kag sa iya mga disipulos,","Dayon si Jesus naghambal sa madamo nga mga tawo kag sa iya mga gintuton-an,"
“An mga Pariseo kag mga paratukdo san Kasuguan amo an mga ginakilala na paratukdo san Kasuguan na ginhatag kan Moises.,“Ang mga manunodlo sang Kasugoan kag ang mga Fariseo amo ang may awtoridad sa pagsaysay sang Kasugoan ni Moises.
Kaya sunudon niyo kag himuon an nano man na ginatukdo ninda sa iyo pero ayaw kamo pagsunod san inda ginahimo kay an inda ginahimo dili susog san inda ginatukdo.,"Gani tumana kag sunda ninyo ang tanan nga ginasiling nila sa inyo, pero indi kamo mag-ilog sang ila mga ginahimo, tungod kay wala nila ginabutang sa buhat ang ila ginawali."
Nahimo sinda sin mga sugo na bagaʼn mabug-at na dararhon kag ginapapas-an ini sa abaga san iba pero sinda mismo habo ngani magtikwil bisan usad na tudlo sa pagbulig.,"Ginahatagan nila ang mga tawo sang madamo nga mga katungdanan nga mabudlay tumanon, pero wala man gani sila mismo nagahimo sang bisan diutay lang nga butang sa pagbulig, agod tumanon ini nga mga katungdanan."
“Ginahimo ninda an tanan agod makita san mga tawo pareho san paghigot sa inda agtang kag butkon sin mga dyutay na pitaka na may kasuratan san Kasuguan. Ginahimo man ninda na pahalabaon an adurno sa sidsid san inda sul-ot.,"Ang tanan nila nga ginahimo pakitakita lang sa mga tawo. Tan-awa kon daw ano kadalagku ang mga sulodlan sang mga dinalan sang kasulatan nga ginabugkos nila sa ila mga agtang kag sa ila mga butkon, kag malaba ang mga sidsid sang ila bayu!"
Naiila gayod sinda mag-ingkod sa pinakahalandon na pwesto sa mga ponsya kag sa unahan na ingkudan sa mga sinagoga.,Luyag nila ang pinasulabi nga mga pulongkuan sa mga punsyon kag sa nahauna nga mga pulongkuan sa mga sinagoga.
"Naiila pa sinda pagalangan sa merkado kag pagtawagon sinda na ‘Rabi,’ an gusto sabihon ‘maestro.’","Luyag sila nga abi-abihon nga may pagtahod sa mga tiendahan, kag luyag sila tawgon sang mga tawo nga ‘Manunodlo.’"
“Ugaling kamo naman dili dapat magpatawag sin ‘Rabi’ kay ako lang an ginatawag sani kag pareho kamo tanan bagaʼn magmaranghod.,"Pero indi dapat magpatawag kamo nga ‘Manunodlo,’ tungod kay kamo tanan mag-ulotod, kag isa lamang ang inyo Manunodlo."
Ayaw man pagtawag sa sin-o man didi sa duta sin ‘Ama’ kay usad lang an iyo ama kag siya an Dios na adto sa langit.,"Kag indi kamo magtawag bisan kay sin-o nga tawo diri sa duta nga ‘Amay,’ tungod kay isa lamang ang inyo amay sa langit."
Dili man kamo magpatawag sin ‘Maestro’ kay usad lang an iyo paratukdo. Siya an Cristo.,"Kag indi man kamo magpatawag nga ‘Pangulo,’ tungod kay isa lamang ang inyo pangulo nga amo ang Cristo."
"An pinakalabaw sa iyo magigin suruguon niyo,",Ang labing daku sa inyo dapat manginsuloguon ninyo.
kay an nagapakalabaw papakamenuson kag an nagapakamenos papalabawon.”,"Ang bisan sin-o nga nagapakataas sang iya kaugalingon pagapauboson, kag ang bisan sin-o nga nagapaubos sang iya kaugalingon pagapakataason."
"“Mga Pariseo kag mga paratukdo san Kasuguan, makaluluoy gayod kamo kay mga pakitaʼn-tawo lang! Ginasirahan niyo an kahadian san langit sa mga tawo. Kamo mismo dili nagasulod kag dili man niyo ginatugutan magsulod idtoʼn mga gusto.","“Makaluluoy man kamo, mga manunodlo sang Kasugoan kag mga Fariseo! Mga hipokrito! Ginatakpan ninyo ang pwertahan sang Ginharian sang langit sa mga tawo, pero kamo inyo wala nagasulod kag ginabalabagan pa ninyo ang nagatinguha sa pagsulod!"
"Mga Pariseo kag mga paratukdo san Kasuguan, makaluluoy gayod kamo kay mga pakitaʼn-tawo lang! Nagaprobitsar kamo san mga kasadirihan san mga balo kag nagapangadyi kamo sin halagba sa atubangan san mga tawo para lang magpakita, kaya tungod sani mas grabe gayod an kastigo niyo.","“Makaluluoy man kamo, mga manunodlo sang Kasugoan kag mga Fariseo! Mga hipokrito! Ginatabok ninyo ang mga kadagatan kag ginalatas ang mga kadutaan sa pagkonbertir sang isa ka tawo, kag kon makonbertir na gani ninyo sia, ginahimo ninyo nga doble pa kalain sang sa inyo nga bagay magkadto sa impierno!"
"“Mga Pariseo kag mga paratukdo san Kasuguan, makaluluoy pa kamo kay mga pakitaʼn-tawo lang! Ginalibot niyo an kadagatan kag kadutaan na makadara kamo sin dili-Judio na magin Judio, tapos ginahimo niyo na sobra pa siya kaangay na mapaimpyerno ki sa iyo.","“Makaluluoy man kamo, mga bulag nga manugtuytoy! Nagatudlo kamo, ‘Kon ang tawo magsumpa sa templo, indi kinahanglan nga tumanon niya ang iya sumpa. Pero kon magsumpa sia sa bulawan nga yara sa templo, kinahanglan tumanon niya ang iya sumpa.’"
“Makaluluoy gayod kamo kay bagaʼn mga buta na nagaparakabit sin iba na mga buta. Kamo an nagatukdo na kun may nagasumpa paagi sa pagsambit san templo dili siya obligado pero kun may nagasumpa paagi sa pagsambit san oro na ada sa templo obligado gayod siya.,"Mga bulag nga buangbuang! Diin bala ang mas importante, ang bulawan ukon ang templo nga nagapabalaan sang bulawan?"
"Bagaʼn buta kamo kag mga buang! Nano an mas mahalaga, an oro o an templo na amo an nagapabanal sa oro?","Nagatudlo man kamo, ‘Kon ang tawo magsumpa sa altar, indi kinahanglan nga tumanon niya ang iya sumpa, pero kon magsumpa sia sa dulot nga yara sa ibabaw sang altar, kinahanglan tumanon niya ang iya sumpa.’"
“Nagatukdo pa kamo na kun may nagasumpa paagi sa pagsambit san altar dili siya obligado pero kun may nagasumpa paagi sa pagsambit san halad na ada sa altar obligado gayod siya!,"Mga bulag gid kamo! Diin bala ang mas importante, ang dulot ukon ang altar nga nagapabalaan sang dulot?"
"Bagaʼn mga buta kamo! Nano an mas mahalaga, an halad o an altar na nagapabanal sa halad?","Gani kon ang tawo magsumpa sa altar, nagasumpa sia sa altar kag sa tanan nga dulot nga yara sa altar."
An nagasumpa paagi sa pagsambit san altar ginasumpa man an tanan na ada sana.,"Kag kon ang tawo magasumpa sa templo, nagasumpa sia sa templo kag sa Dios nga nagaestar diri."
An nagasumpa naman paagi sa pagsambit san templo nagasumpa man paagi mismo sani kag san Dios na nagaistar dida.,Kag kon ang tawo magsumpa sa langit nagasumpa sia sa trono sang Dios kag sa iya nga nagapungko didto.
An nagasumpa paagi sa pagsambit san langit nagasumpa man paagi sa trono san Dios kag sa nagaingkod dida.,"“Makaluluoy man kamo, mga manunodlo sang Kasugoan kag mga Fariseo! Mga hipokrito! Nagahatag kamo sa Dios sang ikapulo nga bahin bisan sang mga panakot subong sang tanglad, sang sibuyas, sang luy-a, pero ginapatumbayaan ninyo ang pagtuman sang labing importante nga mga ginatudlo sang Kasugoan, nga amo ang katarungan, kaluoy kag pagtuo. Amo ini ang inyo dapat buhaton nga wala nagapatumbaya sang iban nga mga kasugoan."
"“Mga Pariseo kag mga paratukdo san Kasuguan, makaluluoy gayod kamo kay mga pakitaʼn-tawo lang! Kamo an mga nagaharalad sin ikanapulo na parte san bisan mga utanon na waraʼn pulos pero ginapabayaan an mga mahalaga na bagay san Kasuguan na amo an katanusan, pagkaluoy kag pagkamatinumanon! Amo ini an dapat niyo sunudon na dili man gihapon napapabayaan an iba.","Mga bulag nga manugtuytoy! Ginasala ninyo ang mga sapatsapat sa inyo ilimnon, pero ginatulon ninyo ang kamelyo!"
Bagaʼn buta kamo na parakabit san mga buta! Pareho kamo san nagasara san dyutay na tayangaw sa iya irimnon pero nagatulon san bilog na daku-dako na kamelyo.,"“Makaluluoy man kamo, mga manunodlo sang Kasugoan kag mga Fariseo! Mga hipokrito! Ginatinluan ninyo ang sa gwa sang inyo baso kag sang pinggan, pero ang sulod sini puno sang mga butang nga inyo nakuha paagi sa palugos kag kahakog."
"“Mga Pariseo kag mga paratukdo san Kasuguan, makaluluoy gayod kamo kay mga pakitaʼn-tawo lang! Ginalinisan niyo an sa luwas san iyo tasa kag plato pero sa sulod puno sin pandaya kag kapasluan.","Bulag nga Fariseo! Tinloi anay ang sulod sang baso, kag ang sa gwa magatinlo man!"
"Kamo na bagaʼn mga buta na Pariseo, linisi anay an sulod san iyo tasa kag plato tapos ginlinisan man ngani hasta an sa luwas.","“Makaluluoy man kamo, mga manunodlo sang Kasugoan kag mga Fariseo! Mga hipokrito! Kaangay kamo sang mga lulobngan nga ginpintahan sing puti kag matahom tan-awon sa gwa, pero sa sulod sini puno sang mga tul-an sang mga patay kag sang tanan nga sahi sang kagarukan."
"“Mga Pariseo kag mga paratukdo san Kasuguan, makaluluoy gayod kamo kay mga pakitaʼn-tawo lang! Baga kamoʼn mga pantyon na ginpaputi. Sa luwas matahom kitaon pero sa sulod puno san mga tul-ang san mga tawo na namatay kag san tanan na mga kaatian.","Sa amo man nga bagay, kon tan-awon kamo sang mga tawo daw sa matarong kamo, pero sa sulod ninyo puno sang mga pagpakunokuno kag kalautan."
Pareho man kamo sana! Sa luwas bagaʼn matanos pero sa sulod mga pagpakitaʼn-tawo lang kag makasal-anon.”,"“Makaluluoy man kamo, mga manunodlo sang Kasugoan kag mga Fariseo! Mga hipokrito! Nagahimo kamo sing matahom nga mga lulobngan para sa mga propeta kag nagapuni sang mga pantyon sang mga matarong,"
"“Mga Pariseo kag mga paratukdo san Kasuguan, makaluluoy gayod kamo kay mga pakitaʼn-tawo lang! Nagatindog kamoʼn mga rulubngan san mga propeta kag ginadikuraran an mga monumento san mga kasadto na matanos na tawo.","kag nagasiling kamo, ‘Kon kita nagkabuhi sa mga adlaw sang aton mga katigulangan, wala kuntani kita maghimo sang ila ginhimo kag magpatay sang mga propeta.’"
"An ginasabi niyo, ‘Kun buhay na kami sa panahon san amon mga kalulululuhi, dili gayod kami nadamay sa mga nagpatay san mga propeta!’",Kon amo ginaako ninyo nga kamo mga kaliwat sang mga nagpamatay sang mga propeta!
Kaya kamo man gihapon an nagatestigo kontra sa iyo sadiri na kamo mga lahi san nagpapatay sa mga propeta!,"Hala, padayuna ninyo kag tapusa ang ginsugoran sang inyo mga katigulangan!"
"Sige, tapusa na lang niyo an maraot na gintunaan san iyo mga kalulululuhi.",Mga man-og kag mga kaliwat sang mga man-og! Paano bala ang paglikaw ninyo sang silot sa impierno?
“Mga sawa kamo kag mga lahi sani! Kakastiguhon kamo san Dios sa impyerno. Pan-o kamo makalibre sani?,"Gani nagasiling ako sa inyo: magapadala ako sa inyo sing mga propeta kag mga maalam nga mga tawo, kag mga manunodlo. Ang iban sa ila inyo pamatyon, ang iban ilansang ninyo sa krus, kag ang iban bunalon ninyo sa inyo mga sinagoga, kag lagson ninyo sila halin sa isa ka banwa pakadto sa isa."
"Kun kaya ngani mapadara ako sin mga propeta, mga madunong na tawo kag mga paratukdo san Kasuguan na an iba sa inda iyo pagapatayon kag igapako sa krus. An iba naman iyo pagalatiguhon sa mga sinagoga kag pagapasakitan sa mga kalungsudan.","Tungod sini, magaabot sa inyo ang silot sang nagapamatay sang mga matarong, halin sa pagpatay kay Abel nga matarong tubtob sa pagpatay kay Zacarias nga anak ni Baraquias, nga inyo ginpatay sa gintung-an sang Templo kag sang altar."
Dahilan sani may magaabot sa iyo na kastigo sa pagpatay san tanan na matanos na tawo sa kinab-an magtuna sa pagpatay sa waraʼn sala na si Abel hasta sa pagpatay sa anak ni Baraquias na si Zacarias na iyo ginpatay sa katung-anan san pinakabanal na lugar sa templo kag san altar.,Matuod gid nagasiling ako sa inyo: ang silot tungod sini tanan nga mga pagpamatay magaabot sa mga tawo sa sini nga mga inadlaw!
Ginasiguro ko sa iyo na ini tanan mangyayari sa mga tawo na nabubuhay yana.”,"“O Jerusalem, Jerusalem! Ikaw nga nagapamatay sang mga propeta kag nagapangbato sang mga ginpadala sang Dios sa imo! Makapila kuntani nga luyag ko tipunon ang imo mga tawo kaangay sang isa ka munga nga nagatipon sang iya mga piso sa idalom sang iya mga pakpak, pero indi ka luyag!"
“Mga taga-Jerusalem! Mga taga-Jerusalem! Marasa pa na ginapatay niyo an mga propeta kag ginabato idtoʼn mga ginsugo sa iyo san Dios! Kadamo na beses ngani na ako naghandom na tipunon kamo pareho san umagak na ginatiripon an iya mga piso sa idalom san iya mga pakpak pero ginhabuan niyo!,Gani ang imo templo pagapatumbayaan kag pagagub-on.
Bahala na kamo kay pagapabayaan an iyo kabalayan kag dili na pagaistaran.,"Nagasiling ako sa imo, halin karon indi na nimo ako makita liwat tubtob nga magsiling ka, ‘Ang Dios ang magbendisyon sa iya nga nagaabot sa ngalan sang Ginoo.’”"
"Paghali ni Jesus sa templo, nagharalapit an mga disipulos agod ipakita sa iya na matahom ini.","Naggwa si Jesus sa Templo kag sang nagalakat sia, ang iya mga gintuton-an nagpalapit kag ila gintudlo sa iya ang mga balay sang Templo."
"Pero sinabat niya sinda, “Nakikita niyo ini tanan? Ginasiguro ko sa iyo na waraʼn nagaturumbawan na bato didi na mabibilin ni usad kay an tanan maruruba.”","Si Jesus nagsiling sa ila, “Nakita ninyo ina tanan, indi bala? Nagasiling ako sa inyo: wala sing bisan isa ka bato nga mabilin nga nagatungtong pa sa ibabaw sang isa ka bato, kay ang tanan pagagub-on.”"
"San nakaingkod si Jesus sa may Bukid San Kaolibohan nagkaradto sa iya an mga disipulos na sinda-sinda lang tapos nagsabi, “Sabihi kami kun san-o ini mangyayari kag nano an tanda na igapakita san imo pagbalik kag san katapusan san kinab-an.”","Sang nagapungko si Jesus sa Bukid sang mga Olivo, ang mga gintuton-an nagpalapit sa iya nga silahanon lang. Nagpamangkot sila, “Sugiri kami, san-o bala ini mahanabo kag ano ang tanda sang imo pag-abot kag sang katapusan sini nga panag-on?”"
"Nagsabat si Jesus, “Maglikay gayod kamo na dili maluko san sin-o man,","Si Jesus nagsabat, “Mag-andam kamo nga indi kamo pagpatalangon ni bisan sin-o,"
"kay damo an magaabot na masambit san ngaran ko kag magaangkon, ‘Ako an Cristo.’ Kaya damo na mga tawo an pagalukuhon ninda.","kay madamo nga mga tawo ang magaabot sa akon ngalan kag magasiling, ‘Ako amo ang Cristo!’ kag magapatalang sila sang madamo."
Ayaw kamo pagkahandal sa mga barita na may mga gyera o mga nagasabi-sabi na may gyera na maabot. Dapat ini mangyari pero dili pa ina an katapusan.,"Mabatian ninyo ang mga linupok sang inaway sa malapit kag ang mga balita sang gira sa malayo nga mga lugar, pero indi kamo magpakulba. Ini nga mga butang dapat matabo gid man pero indi pa ini ang katapusan."
Magagyerera pa man an mga nasyon kag an mga kahadian naman magapauruataki. Magkakaigwa sin grabe na gutom kag mga paglinog sa damoʼn lugar.,"Ang isa ka pungsod magasalakay sa isa ka pungsod, ang isa ka ginharian magagubat sa isa ka ginharian. May mga gutom kag mga linog sa bisan diin nga lugar."
Ini tanan pagtuna pa lang san kalisudan na bagaʼn pagsakit sa pag-anak.,Ini tanan nga mga butang kaangay sang pagsugod sang pagpasakit sang nagapanganak.
“Tapos dadakupon kamo kag iintriga agod kastiguhon kag ipapatay. Pagakabadlian man kamo san katawuhan san tanan na nasyon dahilan sa akon.,“Dayon pagadakpon kamo kag igatugyan agod silutan kag patyon. Pagadumtan kamo sang tanan nga mga tawo tungod sa akon.
Sani na panahon may damo na mawawaraan sin pagsarig. May mga magapaturutraydoran kag magaururitan sa kada usad.,"Sa sadto nga tion madamo ang magabiya sang ila pagtuo, magaluibay sila kag magadinumtanay."
Damoʼn maruluwas na mga buwaon na mga propeta. Damo sindaʼn pagalukuhon,Dayon magagwa ang madamo kag di-matuod nga mga propeta kag magapatalang sang madamo nga mga tawo.
kag dahilan sa paglukop san karautan sa kinab-an mawawara an pagkamuot san haros tanan na mga tawo sa Dios.,Tungod sang pagdamo sang kalautan ang gugma sang madamo nga mga tawo magatahaw.
Pero masasalbar an may masarig na pagtuod hasta sa katapusan san buhay.,Pero ang bisan sin-o nga nagapadayon tubtob sa katapusan maluwas.
Igapahayag man sa bilog na kinab-an ini na Maayo Na Barita manungod san kahadian agod makabati an tanan na katawuhan. Sani pa lang mangyayari an katapusan.”,"Kag ining Maayong Balita nahanungod sa Ginharian iwali sa bug-os nga kalibutan, subong saksi sa tanan nga katawhan, kag ugaling magaabot ang katapusan."
"“Niyan kasadto pa ginpahayag san propeta na si Daniel an manungod san ‘bagay na mauuritan gayod san Dios kag magapasira sa tawo.’ Dapat gayod na masabutan ini san nagabasa. Pakakita niyo na ini nakatungtong na sa banal na lugar,","“Makita ninyo ang nagatindog sa lugar nga balaan ‘Ang Makakulogmat nga Kangil-aran,’ nga gintagna ni Daniel nga propeta.” (Ang nagabasa maghangop sang kahulogan sini!)"
dapat magdulag na sa mga kabukidan idtoʼn adto sa Judea.,“Dayon ang mga yara sa Judea dapat magpalagyo sa kabukiran.
Kun may tawo na adto sa atop dili na siya dapat maglusad pa agod magkuha san iya mga garamiton.,Ang tawo nga yara sa atop sang iya balay indi na dapat mag-usik sang tion sa pagpanaog sa pagkuha sang iya mga pagkabutang sa sulod sang balay.
"Kun may tawo naman na adto na sa uma, dili na gayod siya dapat mag-uli pa para magkuha san iya bado.",Ang tawo nga yara sa uma indi na magbalik kag magkuha sang iya kunop.
Kun sugad kamakaluluoy man sadtoʼn mga budos kag may mga ginapadudo pag-abot sana na panahon!,"Makaluluoy man ang mga babayi nga nagabusong sa sadto nga mga adlaw, kag ang mga iloy nga may ginapasuso!"
“Mangadyi kamo na an iyo pagdulag dili makatagbo na tighagkutan o Adlaw San Pagpahuway.,Magpangamuyo kamo sa Dios nga ang inyo pagpalagyo indi matuon sa tigtulognaw ukon sa Adlaw nga Inugpahuway!
Nasabi ko ini kay sana na panahon magkakaigwa sin grabe na pagtios an katawuhan na dili pa nabatyagan tuna san katuna-tunai san kinab-an hasta yana kag dili na mangyayari gihapon hasta na lang.,"Kay ang pag-antos sa sadto nga tion mas sobra pa ka makangilidlis sang sa kinagamo nga natabo halin sa ginsugoran sang kalibutan tubtob sa sini nga adlaw, kag wala na sing hitabo sa palaabuton nga kaangay sini liwat."
Mala ngani kun wara pagpahalip-uta san Ginoo ina na mga adlaw wara gayod sin mabibilin na buhay. Pero alang-alang sa iya mga pinili pinahalip-ot niya ina.,"Pero ang Dios nagpalip-ot na sang mga inadlaw, kay kon wala niya paghimua ini wala sing tawo nga maluwas. Pero tungod sa iya mga pinili nga mga tawo, pagapalip-uton sang Dios yadto nga mga inadlaw."
"“Kun may nagasabi sa iyo sana na panahon na, ‘Kitaa, adi an Cristo!’ o ‘Kitaa, adto siya!’ ayaw pagtuod sana.","“Gani, kon may magsiling sa inyo, ‘Tan-awa, yari ang Cristo!’ ukon ‘Ato sia!’—indi kamo magpati sa iya."
Nasabi ko ini kay damo an maruluwas na magapatuod na mga Cristo kag mga propeta sinda. Makakahimo sinda sin mga makangangawa na mga bagay kag mga milagro agod makaluko bisan sa mga pinili san Dios kun mahimo ninda.,"Kay magagwa ang di-matuod nga mga Cristo, kag di-matuod nga mga propeta, kag magapakita sila sing dalagku nga mga tanda kag makatilingala nga mga buhat agod sa pagpatalang kon mahimo, bisan pa sang mga pinili sang Dios."
Pamatii gayod kay ginpadaanan ta na kamo antes pa ini mangyari.,Pamati kamo! Ginasiling ko na ini sa inyo sa wala pa mag-abot ang tion.
"Kun magsabi sinda sa iyo, ‘Kitaa, adto siya sa disyerto,’ ayaw kamo pagkadto didto. Kun magsabi naman sinda, ‘Kitaa, adi siya nagatago,’ dili man kamo magtuod,","“Gani kon ang mga tawo magsiling sa inyo, ‘Tan-awa, ato sia sa desierto!’—indi kamo magkadto didto, ukon magsiling sila, ‘Tan-awa, nagapanago sia diri!’—indi kamo magpati."
kay pareho san kilat na nagaidlap sa sirangan hasta sa kalundan an pag-abot ko na Anak San Tawo.,Kay ang Anak sang Tawo magaabot subong sang kilat nga nagakirab halin sa sidlangan pakadto sa nakatundan.
Mangyayari gayod ini pareho san pagtiripon san mga uwak kun diin may patay.”,"“Kon diin may lawas nga patay, didto nagatipon ang mga uwak."
"“Pakatapos lang san mga patios sana na mga adlaw pagapadulumon an adlaw, mawawar-an sin pawa an bulan, magakahurulog an mga bituon sa langit kag an mga makagagahom sa kalangitan pagauy-ugon.","“Sa tapos ang kalalat-an sa sadto nga mga inadlaw, ang adlaw magadulom, kag ang bulan indi na magsanag, ang mga bituon magakalahulog gikan sa langit, kag ang mga gahom sa kahawaan pagapatalangon sa ila mga alagyan."
Sana mismo maganguruyngoy an tanan na katawuhan san kinab-an kay makikita ninda sa langit an tanda ko na Anak San Tawo. Taud-taod magaabot ako na nakatungtong sa mga dampog sa langit kag makikita san mga tawo na may gahom ako kag masilaw gayod na glorya.,"Dayon mapahayag sa langit ang tanda sang Anak sang Tawo, kag ang tanan nga mga katawhan sang duta magahilibion kag makita nila ang pag-abot sang Anak sang Tawo sa mga panganod sang langit nga may gahom kag daku nga himaya."
Tapos sa makusog na tunog san trumpita susuguon ko an akon mga anghel na tiripunon an akon mga pinili na katawuhan hali sa bilog na kinab-an.,"Sa pagtunog sang daku nga trumpeta magapadala sia sang iya mga anghel sa bug-os nga kalibutan, kag tipunon nila ang iya pinili nga mga tawo gikan sa tanan nga bahin sang kalibutan."
“Dapat kamo makaaram sin leksyon hali sa puno san kahoy na ginatawag higera. Pagsaringsing san mga sanga sani kag pag-uruslot san mga dahon naaaraman niyo na halapit na an kwaresma didi sa aton.,"“Magtuon kamo sing leksyon sa kahoy nga higera. Kon ang iya mga sanga magpanglumbay na, inyo mahibaluan nga malapit na lang ang tingadlaw."
"Sugad man kun makita niyo idtoʼn tanan na mga pangyayari, maaaraman niyo na halapit na ako mag-abot, bagaʼn ada na lang gayod sa pwertahan.","Sa amo man nga bagay, kon makita ninyo ini tanan nga mga butang, inyo mahibaluan nga malapit na sia, kag madali na lang mag-abot."
Ginasiguro ko sa iyo na mangyayari idtoʼn tanan antes na magkamaratay an mga tawo na nabuhay yana.,Dumdoma ninyo nga mahanabo ini tanan nga mga butang sa wala pa magkalamatay ang mga tawo nga nagakabuhi subong.
An langit kag duta mawawara pero magapadayon hasta na lang an akon mga surmaton.”,"Ang langit kag ang duta magataliwan, pero ang akon mga pulong indi magtaliwan."
"Nagpadayon si Jesus, “Niyan manungod san oras kag adlaw san akon pagbalik waraʼn iba na maaram kundi an Ama lang. Bisan ngani an mga anghel sa langit kag ako mismo na iya anak dili maaram.","“Ugaling kon san-o maabot ina nga adlaw kag takna, wala gid sing may nakahibalo, bisan pa ang mga anghel sa langit, ukon ang Anak, kundi ang Amay lang."
Pero makapareho san kamutangan san kapanahunan ni Noe an kamutangan didi sa kinab-an pagbalik ko na Anak San Tawo.,"Subong sang nahanabo sang panahon ni Noe, amo man ang mahanabo sa pag-abot sang Anak sang Tawo."
"Sadto na panahon antes nagbaha an kinab-an wara pag-intyindiha san mga tawo. Adlaw-adlaw nagakaraon sinda, nagairinom kag kun minsan nagaarasawa hasta sa adlaw na nag-sulod si Noe sadtoʼn sarakyan sa tubig na ginatawag arka.","Kay subong sang mga adlaw nga wala pa ang Anaw, ang mga tawo nagakinaon kag nagailinom, nagapalangasawa kag nagapalamana tubtob gid sa adlaw nga si Noe nagsulod sa arka."
Wara ninda namangnuhi an mangyayari hasta na bumuhos an baha kag inanod sinda tanan. Sugad man sani an kamutangan sa pag-abot ko na Anak San Tawo.,Wala gid sila nakahibalo kon ano ang nagakahanabo tubtob nga nag-abot ang Anaw kag nagkalalumos sila tanan. Subong man sini ang mahanabo sa pag-abot sang Anak sang Tawo.
Sana man mismo may duha na lalaki na nagatrabaho sa umahan. Kukuhaon an usad kag an iya kaupod ibibilin.,"Sa sadto nga tion may duha ka tawo nga magaobra sa talamnan: ang isa kuhaon, kag ang isa mabilin."
May duha naman na babayi na nagagiling. Kukuhaon an usad kag an iya kaupod ibibilin.,"May duha ka babayi nga magagaling: ang isa kuhaon, kag ang isa mabilin."
“Kaya magbantay kamo kay dili niyo aram kun san-o maabot an iyo Ginoo.,"Gani magbantay kamo, tungod kay wala kamo makahibalo kon ano nga adlaw maabot ang inyo Ginoo."
"Tandai ini: kun may tag-iya san balay na aram an oras pagkagab-i na magaabot an makawat, magabantay gayod siya kag dili niya pagatugutan na masulod an iya balay.","Dumdoma ninyo ini! Kon ang tagbalay nakahibalo kon sa ano nga tion sang gab-i ang makawat magaabot, pat-ud gid nga magapulaw sia kag indi sia magtugot nga ang makawat makarungkab sang iya balay."
Kaya kamo man dapat na pirme magbantay kay magaabot ako na Anak San Tawo sa oras na dili niyo ginalauman.”,"Gani dapat man kamo maghanda pirme, tungod kay sa takna nga wala ninyo ginapaabot, ang Anak sang Tawo magaabot."
"“Niyan kun sin-o man an matinumanon kag madunong na suruguon, siya an ginpaniwalaan san iya amo sa iba pa na mga suruguon agod magpakaon sa inda sa tama na oras.","“Karon sin-o bala ang matutom kag maalam nga suloguon? Sia amo ang gintugyanan sang iya agalon sa pagdumala sang iban nga mga suloguon, kag sa paghatag sa ila sang ila pagkaon sa nagakaigo nga tion."
Kaya malipay ina na suruguon kun ina an ginahimo niya pagbalik san iya amo.,Daw ano ka malipayon yadto nga suloguon nga sa pagpauli sang iya agalon masapwan sia nga nagahimo sang iya bulohaton!
Ginasiguro ko sa iyo na igapaniwala sa iya san amo an tanan niya na kasadirihan.,"Nagasiling ako sa inyo, nga sia ang padumalahon sang iya agalon sang tanan niya nga pagkabutang."
"Pero kun maraot ina na suruguon, iisipon niya, ‘Madudugay pa an akon amo’.","Pero kon malain sia nga suloguon magasiling sia sa iya kaugalingon, ‘Dugay pa mabalik ang akon agalon,’"
"Kaya pagabalbagon an iya mga kapwa suruguon, tapos makikaon kag makiinuman kaupod san mga parahubog.","kag magasugod sia sa pagpamintas sang iya kaupod nga mga suloguon, kag magkaon kag mag-inom upod sa mga palahubog."
Tapos sa adlaw na dili niya ginalauman magaabot an iya amo sa oras na dili niya aram.,Dayon ang agalon sadto nga suloguon magaabot sa adlaw nga wala niya sia ginapaabot kag sa tion nga wala niya mahibaloi.
Didi kakastiguhon siya kag ibibiyo sa mga pakitaʼn-tawo lang. Didto maganguruyngoy an mga tawo kag magararagot an inda mga ngipon sa kasakit.”,Ang agalon magahatukhatok sa iya kag magasilot sa iya upod sa mga hipokrito. Didto magahibi sia kag magabagrot sang iya mga ngipon.
"Nagpadayon si Jesus, “Sana na panahon san pagbalik ko an pagsulod sa kahadian san langit pareho san napulo na abay na kadaragahan na nagruluwas agod sugaton an karaslon na lalaki. Nagdara man sinda san inda mga ilawan.",“Sa sina nga tion ang Ginharian sang langit mapaanggid sa napulo ka mga dalaga nga nagdala sang ila mga suga kag naglakat sa pagsugat sang lalaki nga kalasalon.
Lima sa inda an mga patal kag lima an mga madunong.,Ang lima sa ila mga buangbuang kag ang lima maalam.
An mga patal may dara na mga ilawan pero wara magdaraʼn risirba na lana.,Ang mga buangbuang nagdala sang ila mga suga ugaling wala sila magbalon sing lana.
"An mga madunong naman may dara man na mga ilawan, amo man an puno na surudlan san lana.",Ang mga maalam nagdala sang mga tibodtibod nga puno sang lana para sa ila mga suga.
Nadugay an karaslon na lalaki kaya inabot sin kapirawon an mga daraga kag nagkaraturog an tanan.,"Kadugay mag-abot sang lalaki nga kalasalon, gani tinuyo ang mga dalaga kag natulogan."
"“San matungaʼn gab-i na may nagsiyak, ‘Adi na an karaslon na lalaki! Luwas na kamo agod sugaton siya!’","“Sang tungang gab-i na may nagsinggit, ‘Yari na ang lalaki nga kalasalon! Dali kamo kag sugata ninyo sia!’"
Kaya nagbarangon an mga daraga tapos ginpreparar an inda mga ilawan.,Ang napulo ka mga dalaga nagmata kag nag-aman sang ila mga suga.
"Didi naghangyo an mga iba sa mga madunong, ‘Hatagi man kami san iyo lana kay mapaparong na an amon ilawan.’","Dayon ang mga buangbuang nagsiling sa mga maalam, ‘Hatagi kami sang inyo lana, kay nagapiraw na ang amon mga suga.’"
"“Pero nagsabat an mga madunong, ‘Basi dili makaigo sa aton tanan. Mas maayo pa na kumadto kamo sa nagabaligya kag magbakal san para sa iyo.’","Ang mga maalam nagsabat, ‘Indi mahimo, kay basi kon indi ini makaigo sa inyo kag sa amon. Kadto kamo sa tiyanggi kag magbakal kamo para sa inyo kaugalingon.’"
"“Nakahali lang sinda agod magbakal sin lana san mag-abot an karaslon na lalaki. Idtoʼn mga preparado nakaupod sa iya pagsulod sa ponsya san kasalan, tapos sinirahan an pwertahan.","Gani ang mga dalaga nga buangbuang naglakat sa pagbakal sang lana, kag sang nakalakat sila amo man ang pag-abot sang lalaki nga kalasalon. Ang lima ka dalaga nga nakaaman nag-upod sa iya sa punsyon, kag ginsirahan ang pwertahan."
"“Taud-taod nag-abot naman an iba na mga abay na nagatarawag, ‘Sir, Sir, abrihi man kami.’","“Dugaydugay nag-abot ang iban nga mga dalaga kag nagpanawag, ‘Sir, sir! Pasudla kami!’"
"“Pero ginsabat san karaslon na lalaki, ‘Dili ini maabri kay dili ta gayod kamo kilala.’,”","Pero ang lalaki nga kalasalon nagsabat, ‘Nagasiling ako sa inyo, wala ako makakilala sa inyo.’”"
"Tapos ginsabihan sinda ni Jesus, “Magin maikmat gayod kamo pareho sadtoʼn mga madunong kay dili niyo aram an adlaw o an oras san akon pagbalik.”","Kag si Jesus nagsiling, “Gani magbantay kamo, tungod kay wala kamo makahibalo sang adlaw ukon sang takna."
"Nagpadayon si Jesus, “Amo gihapon ini nakapareho sa tawo na mapakadto sa iba na lugar. Antes maglakat ginpatawag niya an iya mga suruguon kag ginpaniwala sa inda an iya kapital.",“Sa sadto nga tion ang Ginharian sang langit kaangay sang isa ka tawo nga manuglakat sa iban nga lugar. Gintawag niya ang iya mga suloguon kag gintugyan niya sa ila ang iya mga pagkabutang.
"Ginhatagan niya an kada usad susog sa inda kakayahan sa pagnegosyo. An una hinatagan niyaʼn lima ka kwarta na oro, an ikaduha, duha ka kwarta na oro, kag an ikatulo, usad ka kwarta na oro. Pakatapos lumakat na siya.","Ginhatagan niya ang kada isa sa ila suno sa ila ikasarang. Ginhatagan niya ang isa sing 5,000 pisos, ang isa sing 2,000 pisos, kag ang isa pa gid sing 1,000 ka pisos. Dayon naglakat sia."
"“An ginhatagan sin lima ka kwarta na oro lumakat man dayon, tapos ginnegosyo kag nakaganansya sin lima pa.","Ang suloguon nga nakabaton sing 5,000 pisos naglakat sa gilayon kag iya ginpatikang ang iya kwarta, kag nakaganansya sia sing 5,000 pisos."
An nakabaton naman sin duha ka kwarta na oro amo man an ginhimo kag nakaganansya sin duha pa.,"Amo man ang suloguon nga nakabaton sing 2,000 pisos, nakaganansya man sia sing 2,000 pisos."
"Pero an nakabaton sin usad ka kwarta na oro nag-uli, tapos nagbuho sa duta kag didto gintago an kwarta san iya amo.","Pero ang nakabaton sing 1,000 ka pisos naglakat kag nagkutkot sa duta, kag ginlubong niya ang kwarta sang iya agalon."
"“Sa kadugayan, nagbalik an amo sadtoʼn mga suruguon kag ginkwenta an mga ginbilin sa inda.",“Sa tapos ang malawig nga panahon nagbalik ang agalon kag nagpakighusay sa iya mga suloguon.
"Naghalapit an nakabaton sin lima ka kwarta na oro na dara an ganansya na lima pa. Tapos nagsumat siya, ‘Sir, adi an lima ka kwarta na oro na ginbilin mo sa akon kag san ganansya pa na lima.’","Ang suloguon nga nakabaton sing 5,000 pisos nagsulod kag nagdala sing 5,000 pisos. Nagsiling sia, ‘Ginoo, ginhatagan mo ako sing 5,000 pisos. Yari pa gid ang 5,000 pisos nga akon naganansya.’"
"“Didi sinabihan siya san iya amo, ‘Maayo an ginhimo mo, masarig kag matinumanon na suruguon. Kay matinumanon ka sa pira na mga bagay, kaya ginapamahala ko sa imo an mas damo. Kadi kag makiglipay ka kaupod ko na imo amo!’","Ang iya agalon nagsiling sa iya, ‘Maayo gid, maayo kag matutom nga suloguon! Tungod kay matutom ka magpatikang sang diutay nga kantidad karon, ikaw ang padumalahon ko sang dalagku pa gid nga kantidad. Dali diri kag mag-ambit sang akon kalipay!’"
"“Tapos naghalapit man an ginbilinan niya sin duha ka kwarta na oro na nagasabi, ‘Sir, adi man an ginbilin mo sa akon na duha ka kwarta kag san ganansya pa na duha.’","Dayon ang suloguon nga nakabaton sing 2,000 pisos nagsulod kag nagsiling, ‘Ginoo, ginhatagan mo ako sing 2,000 pisos. Yari pa gid ang 2,000 pisos nga akon naganansya.’"
"“Didi ginsabihan man siya, ‘Maayo an ginhimo mo, masarig kag matinumanon na suruguon. Kay matinumanon ka sa pira na mga bagay, kaya igapamahala ko man sa imo an mas damo. Kadi kag makiglipay ka kaupod ko na imo amo!’","Ang iya agalon nagsiling, ‘Maayo gid, maayo kag matutom nga suloguon! Tungod kay matutom ka magpatikang sang diutay nga kantidad, karon ikaw ang padumalahon ko sang dalagku pa gid nga kantidad. Dali diri kag mag-ambit sang akon kalipay!’"
"“Idto naman na ginbilinan sin usad ka kwarta na oro naghalapit man na nagasabi, ‘Sir, aram ko na maisog ka na tawo na nagaani san dili mo tinanom kag nagatipon san dili mo sinabwag.","Dayon ang suloguon nga nakabaton sing 1,000 ka pisos nagsulod kag nagsiling, ‘Ginoo, nakahibalo ako nga mabudlay ikaw nga tawo, nagaani ka sa wala mo matamni kag nagatipon sang patubas sa wala mo masab-ugi."
"Nahadlok ako sani, kaya ginlubong ko an imo kwarta sa duta. Niyan adi ngani an ginbilin mo sa akon.’","Hinadlukan ako, gani naglakat ako kag gintago ko ang imo kwarta sa duta. Yari ang imo kwarta.’"
"“Pero ginsabat siya san iya amo, ‘Maraot kag tamad na suruguon! Nano, aram mo gali na nagaani ako san dili ko tinanom kag nagatipon san dili ko sinabwag?","Ang iya agalon nagsiling, ‘Malain kag matamad ka nga suloguon! Nakahibalo ka gali nga ako nagaani sa wala ko matamni kag nagatipon sang patubas sa wala ko masab-ugi?"
"Mas maayo pa na ginbilin mo sa mga nagapaporsyento an kwarta agod pagbalik ko, makabaton ako san kapital kag san akon porsyento.’","Ti, kuntani ginpatago mo sa bangko ang akon kwarta, agod sa akon pagbalik mabaton ko ang akon kwarta upod sang iya saka."
"Tapos ginsugo niya an iba na suruguon, ‘Kadi, kuhaa an kwarta sa iya kag ihatag sa tawo na may napulo.’","Karon, kuhaa ninyo ang kwarta sa iya kag ihatag sa suloguon nga may 10,000 pisos."
"“Nasabi ko ini kay pagadagdagan pa an igwa na agod magbugana, pero an wara-wara pagakuhaon pa an nano man na ada sa iya.","Kay ang tagsatagsa nga may iya, hatagan pa gid, kag magasulobra ang iya pagkabutang. Pero sia nga wala sing iya, bisan pa ang diutay niya nga pagkabutang kuhaon pa sa iya."
Kaya ina na waraʼn pulos na suruguon itapok paluwas sa kadulman. Didto maganguruyngoy an mga tawo kag magararagot an inda mga ngipon sa kasakit!”,"Nahanungod sa sining walay pulos nga suloguon, ihaboy sia ninyo sa kadudulman sa gwa. Didto magahibi sia kag magabagrot ang iya mga ngipon.’"
"Nagpadayon si Jesus, “Magabalik ako na Anak San Tawo kaupod san tanan na mga anghel agod magin hadi. Didi may glorya ako san Dios kaya matahom an akon pag-abot kag may gahom man. Sani na panahon, magaingkod ako sa akon masilaw na trono agod maghadi.","“Kon ang Anak sang Tawo mag-abot subong Hari, nga ginaupdan sang tanan nga mga anghel, magapungko sia sa iya harianon nga trono,"
An katawuhan naman san mga nasyon pagatiripunon sa atubangan ko. Pakatapos pagalain-lainon ko sinda pareho san ginahimo san pastor paglain-lain san karnero sa mga kanding.,"kag ang tanan nga mga tawo sa kalibutan pagatipunon sa iya atubang. Dayon painon niya sila sa duha ka grupo, subong nga ang manugbantay nagapain sang mga karnero sa mga kanding."
An mga tawo na bagaʼn sa karnero an pagtratar igabutang ko sa akon banda tuo kag an bagaʼn sa kanding naman sa pagtratar didto sa akon wala.,"Ipahamtang niya ang mga karnero sa iya tuo, kag ang mga kanding sa iya wala."
"“Pakatapos, pagasabihan ko bilang hadi idtoʼn mga sa tuo ko, ‘Kadi, kamo na mga ginpalabi san akon Ama, iredara niyo an kahadian na ginpreparar para sa iyo tuna pa san paglalang san kinab-an.","Dayon ang Hari magasiling sa mga tawo sa iya tuo, ‘Dali kamo nga ginpakamaayo sang akon Amay. Panublia ninyo ang Ginharian nga gin-aman sa inyo halin pa sa pagtuga sang kalibutan."
San nagutom ako ginpakaon niyo. San napaha ginpainom niyo. Dayo ako pero ginpadayon niyo.,"Kay gingutom ako kag ginpakaon ninyo ako, gin-uhaw ako kag ginpainom ninyo ako, dumoluong ako kag ginpadayon ninyo ako sa inyo mga balay,"
"Huba ako kaya ginbaduan niyo, masakit kag gin-ataman, priso kag ginbisita man niyo!’","hubo ako kag ginpabayuan ninyo ako, nagmasakit ako kag gin-atipan ninyo ako, nabilanggo kag ginbisitahan ninyo ako.’"
"“Didi, magahunga sa akon an mga matanos, ‘Ginoo, kasan-o ka namon nakita na gutom tapos ginpakaon? Napaha, tapos ginpainom?","Dayon ang mga matarong magasabat sa iya, ‘San-o bala, Ginoo, nga nakita ka namon nga nagutom kag ginpakaon ka namon, ukon nauhaw kag ginpainom ka namon?"
"Kasan-o ka naman namon nakita na dayo pero ginpadayon ka man, huba kaya ginbaduan?","San-o ka bala namon nakita nga dumoluong kag ginpadayon ka sa amon nga mga balay, ukon hubo kag ginpabayuan ka namon?"
Kasan-o ka pa gayod namon nakita na masakit o adto sa prisuhan kag ginbisita?’,San-o ka bala namon nakita nga nagmasakit ukon nabilanggo kag ginbisitahan ka namon?’
"“Bilang hadi masabat man ako sa inda, ‘Ginasiguro ko sa iyo na an tanan na ginhimo niyo sa bisan usad sani na mga pinakamenos ko na parasunod, ginhimo man niyo sa akon.’","Ang Hari magasabat, ‘Nagasiling ako sa inyo, kon inyo ini nahimo sa isa sang labing kubos sining akon mga utod, ginhimo ninyo ini sa akon!’"
"“Pakatapos sasabihan ko man an mga adto sa wala ko, ‘Magpaharayo kamo sa akon. Kamo na mga ginmaldisyon, kakastiguhon kamo sa dili napaparong na kalayo na ginpreparar para kan Satanas kag sa iya mga sakop.","“Dayon magasiling sia sa mga tawo sa iya wala, ‘Palayo kamo sa akon, mga ginpakamalaut sang Dios! Didto kamo sa kalayo nga wala sing katapusan nga gin-aman sa Yawa kag sa iya mga anghel!"
Kay san gutom ako wara niyo pagpakauna. San napaha ako wara niyo pagpainuma.,"Kay gingutom ako kag wala ninyo ako pagpakan-a, gin-uhaw ako kag wala ninyo ako pagpaimna,"
"Dayo ako pero wara niyo pagpadayuna, huba pero wara niyo pagbadui, masakit kag priso pero wara niyo pagbisitaha.’","dumoluong ako kag wala ninyo ako pagpadayuna sa inyo mga balay, hubo ako kag wala ninyo ako pagpabayui, nagmasakit ako kag ginbilanggo pero wala ninyo ako pagbisitahi.’"
"“Didi man sinda mahunga, ‘Ginoo, kasan-o ka namon nakita na gutom o paha o dayo, huba o masakit o adto sa prisuhan pero wara mag-ataman sa imo?’","Dayon magasabat sila sa iya, ‘Ginoo, san-o ka bala namon nakita nga gingutom ukon gin-uhaw ukon dumoluong ukon hubo ukon nagamasakit ukon ginabilanggo, kag wala kami magbulig sa imo?’"
"“Pagasabaton ko sinda, ‘Ginasiguro ko sa iyo na sa oras na naghabo kamo paghimo bisan usad sani na mga pinakamenos ko na parasunod, wara man niyo paghimua sa akon.’","Dayon ang Hari magasabat sa ila, ‘Nagasiling ako sa inyo, kon wala ninyo paghimua ini sa isa sining mga labing kubos, wala man ninyo mahimo ini sa akon.’"
"“Ini sinda papakadtuon sa kastigo na waraʼn katapusan, pero an mga matanos sa buhay na waraʼn katapusan.”","Ini sila pagatabugon pakadto sa wala sing katapusan nga silot, pero ang mga matarong magakadto sa kabuhi nga wala sing katapusan.”"
"Pakatapos ni Jesus pagtukdo sani tanan, ginsabihan niya an iya mga disipulos,","Sa tapos si Jesus makapanudlo sini nga mga butang, nagsiling sia sa iya mga gintuton-an,"
“Aram niyo na duha pa ka adlaw pyista na sa Paskwa. Dida dadakupon ako na Anak San Tawo tapos ipapako sa krus.”,"“Nakahibalo kamo nga duha na lang ka adlaw kag Piesta na sang Pascua, kag ang Anak sang Tawo itugyan agod ilansang sa krus.”"
Sadto mismo na kaurason an mga namumuno san kapadian kag san mga namumuno san mga Judio nagtiripon sa palasyo san pinakapuno na padi na amo si Caifas.,"Dayon ang pangulo nga mga pari kag ang mga katigulangan sang mga Judio nagtipon sa palasyo ni Caifas, ang Pinakamataas nga Pari."
Didto nagplano sinda na ipadakop sin patraydor si Jesus kag ipapatay.,Nagplano sila agod nga sa sekrito nga paagi mapadakop nila si Jesus kag mapapatay sia.
"Pero nagkauruyon sinda, “Dili ini dapat himuon sa kapyistahan kay basi magsaramok an mga tawo.”","Nagsiling sila, “Indi naton paghimuon ini sa adlaw sang piesta, kay basi magkinagamo ang mga tawo.”"
"San adto sa Betania si Jesus sa balay ni Simon na kasadto may leproso,","Sang didto si Jesus sa Betania, sa balay ni Simon nga sadto anay aruon,"
may nagkadto sa iya na babayi. May dara iniʼn surudlan na hinimo sa alabastro na bato puno sin pahumot na mahalon. Ginbu-bo niya ini sa ulo ni Jesus myintras adto siya sa may lamesa.,nagpalapit sa iya ang isa ka babayi nga may tibodtibod nga alabastro nga puno sing malahalon nga agwa. Iya ini ginbubo sa ulo ni Jesus samtang nagakaon sia.
"Pakakita sani naurit an mga disipulos tapos nagahunga, “Nano kay ginsayang ina?","Nakita ini sang mga gintuton-an kag naakig sila. Nagsiling sila, “Abaw kanugon! Ngaa gin-usikan ini?"
Mababaligya kuntani sin mahal an sugad sana na pahumot kag an kabaklanan sana ikapanghatag sa pobre.”,Kuntani sarang mabaligya ini nga agwa sa daku nga kantidad kag ang kwarta ihatag sa mga imol!”
"Namangnuhan ni Jesus an ginasabi ninda kaya ginhunga man sinda, “Nano kay ginapakiaraman niyo inaʼn babayi? Maayo kag matahom an ginhimo niya sa akon.","Si Jesus nga nakahibalo sang ila ginahambal nagsiling sa ila, “Ngaa bala ginatublag ninyo ini nga babayi? Maayo kag matahom nga butang ang iya ginhimo sa akon."
Adi pirme sa iyo an mga pobre pero ako dili pirme adi sa iyo.,"Kaupod ninyo pirme ang mga imol, pero ako indi manginkaupod ninyo tubtob san-o."
Pagbu-bo niya sani na pahumot sa akon lawas hinimo niya ini bilang preparasyon sa paglubong sa akon.,Ginbuboan niya ako sang agwa agod maaman ang akon lawas sa akon lubong.
Ginasiguro ko sa iyo na ini na nahimo sani na babayi igaistorya man bilang pagdumdom sa iya bisan diin igapahayag an Maayo Na Barita manungod sa akon sa bilog na kinab-an.”,"Karon dumdoma ninyo ini! Bisan diin iwali ining Maayong Balita sa bug-os nga kalibutan, ang ginhimo sini nga babayi pagaisugid man sa iya handumanan.”"
Pakatapos sadto si Judas Iscariote na usad san mga dose na disipulos nagpakadto sa mga namumuno san kapadian.,Dayon ang isa sang dose ka mga gintuton-an nga ginhingalanan kay Judas Iscariote nagkadto sa pangulo nga mga pari
"Pag-abot sa inda ginhunga niya, “Kun iintriga ko sa iyo si Jesus, pira an ihahatag sa akon?” Dahilan sani nagkauruyon sinda sa 30 bilog na plata kag ginhatagan siya.","kag nagpamangkot, “Ano bala ang ihatag ninyo sa akon kon itugyan ko si Jesus sa inyo?” Gani ginhatagan nila sia sing traynta ka bilog nga pilak."
Kaya tuna sadto nagahanap si Judas sin maayo na oportunidad agod traydoran si Jesus.,Halin sadto nagpangita si Judas sing kahigayunan sa pagtugyan kay Jesus sa ila.
"Sa primero na adlaw san kapyistahan san Tinapay Na Waraʼn Lebadura nagkaradto kan Jesus an iya mga disipulos na nagahunga, “Diin mo gusto ipreparar namon an pagkaon sa Paskwa?”","Sa nahauna nga adlaw sang Piesta sang Tinapay nga wala sing Lebadora, ang mga gintuton-an nagpalapit kay Jesus kag nagpamangkot sa iya, “Diin bala ang luyag mo nga ihanda namon para sa imo ang panihapon sang Pascua?”"
"Nagsabat siya, “Kumadto kamo sa syudad. Didto may tawo na iyo sasabihan, ‘Nagapasabi an Maestro, Halapit na an oras san akon pagkamatay kaya sa imo balay ako magakaon san panihapon sa Paskwa kaupod an akon mga disipulos.’,”","Nagsiling si Jesus sa ila, “Kadto kamo sa isa ka tawo sa siudad, kag singgani sia, ‘Ang Manunodlo nagasiling, Ang akon tion nag-abot na. Ako kag ang akon mga gintuton-an magasaulog sang Pascua sa imo balay.’”"
Ginsunod naman sanmga disipulos an gintugon sa inda ni Jesus kag ginpreparar an pagkaon sa Paskwa.,Gintuman sang mga gintuton-an ang sugo ni Jesus kag ila ginhanda ang panihapon sang Pascua.
Pagkagab-i adto na sinda Jesus kag san iya dose na disipulos sa inda mga pwesto sa lamesa.,Sang gab-i na si Jesus kag ang iya dose ka mga gintuton-an nagpanihapon.
"San nagakaraon sinda nagsabi siya, “Matuod na may usad sa iyo na matraydor sa akon.”","Sang nagakaon sila, si Jesus nagsiling, “Ginasiling ko sa inyo nga ang isa sa inyo magaluib sa akon.”"
"Pakabati sani nagkamurundo gayod sinda, tapos usad-usad na naghunga sa iya, “Nano, Ginoo, ako ina?”","Natublag gid ang mga gintuton-an kag nagbulosbulos sila pamangkot sa iya, “Ako bala ina, Ginoo?”"
"Didi nagsabat si Jesus, “An kadungan ko pagsawsaw sa mangko amo an matraydor sa akon.","Nagsabat si Jesus, “Ang nagatusmaw sang iya tinapay sa yahong upod sa akon amo ang magaluib sa akon."
Mangyayari gayod ini sa akon na Anak San Tawo susog sa nasurat sa Banal Na Kasuratan pero kamakaluluoy man sana na matraydor sa akon! Maayo pa lugod sana na tawo na dili na lang siya gin-anak.”,"Ang Anak sang Tawo mapatay suno sa ginsiling sang mga Kasulatan, pero makaluluoy man yadtong tawo nga magaluib sang Anak sang Tawo! Mas maayo pa sa iya nga sia wala matawo!”"
"Si Judas naman na amo an magtraydor sa iya naghunga man, “Nano, Ginoo, ako ina?”","Si Judas nga traidor nagsiling, “Ako bala ang imo ginatumod, Manunodlo?”"
"Ginsabat siya ni Jesus, “Ikaw an nagsabi sana.”","Si Jesus nagsabat, “Ginasiling mo.”"
"San nagakaraon pa sinda kumuha si Jesus sin tinapay, nagpasalamat sa Dios, gin-utud-utod kag ginpanghatag sa mga disipulos tapos nagsabi, “Kaon kamo. Ini an akon lawas.”","Sang nagakaon sila, nagkuha si Jesus sing tinapay, nagpangamuyo sa pagpasalamat, kag iya ginpamihakpihak ini kag ginhatag sa iya mga gintuton-an. Nagsiling sia, “Kuha kamo, kag magkaon sini. Ini amo ang akon lawas.”"
"Pakatapos may ginkuha siya na kupa kag, pakapasalamat sa Dios, hinatag sa inda kag nagsabi, “Inom kamo,","Dayon ginkuha niya ang kupa, nagpasalamat sa Dios, kag iya ini ginhatag sa ila. Nagsiling sia, “Tanan kamo mag-inom sini,"
kay ini an akon dugo na amo an pagpamatuod san sinumpaan san Dios. Pagapaawason ini para sa kadamuan agod mapatawad an inda mga kasal-an.,"kay ini amo ang akon dugo, nga nagaselyo sang kasugtanan sang Dios, ang akon dugo nga gin-ula para sa tanan nga mga katawhan sa kapatawaran sang mga sala."
Ginasiguro ko sa iyo na dili na ako mainom gihapon sin duga san mga ubas hasta pag-abot san adlaw na mainom ako san bag-o na bino kaupod niyo sa kahadian san akon Ama.”,"Nagasiling ako sa inyo, indi na ako magainom liwat sini nga bino, tubtob sa sadto nga adlaw nga magainom ako sing bag-o nga bino kaupod ninyo sa Ginharian sang akon Amay.”"
Pakatapos ninda pagkanta san salmo nagpakadto sinda sa Bukid San Kaolibohan.,"Sa tapos sila makakanta sang isa ka ambahanon, nagkadto sila sa Bukid sang mga Olivo."
"Didto ginsabihan sinda ni Jesus, “Yana na gab-i magdudurulag kamo tanan kag babarayaan niyo ako kay nasurat sa Banal Na Kasuratan,","Dayon si Jesus nagsiling sa ila, “Karon gid nga gab-i tanan kamo magapalagyo kag magabiya sa akon, kay ang kasulatan nagasiling, ‘Ako magapatay sang manugbantay sang mga karnero, kag magaalaplaag ang panong sang mga karnero.’"
‘Papatayon ko an nagaataman tapos maburulag an manada san mga karnero.’,"Pero sa tapos ako mabanhaw, magauna ako sa inyo sa Galilea.”"
Pero pagkabuhay ko gihapon mauuna ako sa iyo sa Galilea.”,"Si Pedro nagsabat kay Jesus, “Bisan bayaan ka sang tanan, indi gid ako magbiya sa imo!”"
"Pakabati sani nagsabi si Pedro, “Dili gayod ako mabaya bisan magbaraya sinda tanan.”","Si Jesus nagsiling kay Pedro, “Tandai ini! Sa wala pa makapamalo ang manok karon nga gab-i magasiling ikaw sing makatlo nga wala ikaw makakilala sa akon.”"
"Didi sinabat siya ni Jesus, “Ginasiguro ko sa imo na yana mismo na gab-i antes magturaok an manok pagapaambutan mo ako sin makatulo na beses.”","Si Pedro nagsabat, “Indi gid ako magsiling nga wala ko ikaw makilala, bisan pa pagapatyon ako kaupod sa imo!”"
"Nagsabi naman si Pedro sa iya, “Dili ta ikaw pagapaambutan bisan ako mamatay kaupod mo.” Amo man an ginsarabi san tanan na mga disipulos.",Amo man ang ginsiling sang tanan nga mga gintuton-an.
"Niyan nagkadto si Jesus kaupod an iya mga disipulos sa lugar na ginatawag na Getsemani. Didto ginsabihan naman niya sinda, “Didi anay kamo mag-ingkod myintras mapangadyi ako sa may uruunhan.”","Dayon si Jesus nagkadto sa lugar nga gintawag Getsemani kaupod sa iya mga gintuton-an, kag nagsiling sia sa ila, “Pungko kamo diri samtang makadto ako sa unhan sa pagpangamuyo.”"
Tapos gin-agda niya si Pedro kag san duha na anak ni Zebedeo na mag-upod sa iya. Pag-abot didto nakabatyag si Jesus sin dako na kahandal kag pagkamundo.,"Gin-upod niya si Pedro kag ang duha ka mga anak ni Zebedeo. Natublag gid kag nagpangalisod si Jesus,"
"Kaya ginsabihan niya sinda, “Namumundo gayod ako na bagaʼn mapapatay. Maghulat kamo didi kag magbantay kaupod ko.”","kag nagsiling sia sa ila, “Daw malumos ako sa kalisod. Pabilin kamo diri kag magpulaw upod sa akon.”"
"Pagpauruunhan pa niya naghapa sa duta tapos nagpangadyi, “Ama ko, kun mahimo halia man sa akon ini na kupa pero dili an akon pagbuot kundi an sa imo lugod an masunod.”","Nagkadto sia sa ulounhan, naghapa kag nagpangamuyo, “Amay ko, kon mahimo, ilikaw sa akon ini nga kupa sang pag-antos! Pero indi ang akon kabubot-on ang matuman, kundi ang imo.”"
"Taud-taod pagbalik niya sa tulo na disipulos naabtan niya na tururog. Kaya ginhunga niya si Pedro, “Nano, dili niyo kaya magbantay kaupod ko sin usad lang ka oras?","Dayon nagbalik sia sa tatlo ka mga gintuton-an kag nakita niya sila nga nagakatulog. Nagsiling sia kay Pedro, “Ano kamo man! Indi gid bala kamo makapulaw upod sa akon bisan isa lang ka oras?"
Kinahanglan kamo magbantay kag magpangadyi agod dili masugtan kay bisan makusog an pagbuot an lawas maluya.”,"Magpulaw kamo kag magpangamuyo, agod indi kamo mahulog sa pagsulay. Ang espiritu handa ugaling ang lawas maluya.”"
"Sa ikaduha na beses nagharayo gihapon si Jesus kag nagpangadyi, “Ama ko, kun dili man lang mahali sa akon ini na kupa hasta na dili ko mainumnan, matuman lugod an pagbuot mo.”","Sa liwat naglakat si Jesus kag nagpangamuyo, “Amay ko, kon ini nga kupa sang pag-antos indi malikaw sa akon kon indi ko pag-imnon, ang imo kabubot-on amo ang matuman.”"
Pagbalik naman niya sa mga disipulos naabtan man gihapon niya sinda na tururog kay ginadaog na gayod ini sinda san kapirawon.,"Nagbalik liwat si Jesus kag nakita niya nga ang iya mga gintuton-an nga natulogan, kay tama gid ang ila katuyo."
Kaya binayaan naman niya sinda tapos sa ikatulo na beses nangadyi gihapon na amo man an ginasabi.,"Sa liwat ginbayaan sila ni Jesus, naglakat sia kag nagpangamuyo sang amo man gihapon nga pangamuyo sa ikatlo nga tion."
"Sa katapus-tapusi nagbalik siya sa mga disipulos kag sinabihan, “Nano, tururog pa ba gihapon kamo kag nagapahuruway? Kitaa baya niyo, adi na an oras na ako na Anak San Tawo igaintriga sa mga parakasala.","Dayon nagbalik sia sa iya mga gintuton-an kag nagsiling sa ila, “Nagakatulog pa bala kamo kag nagapahuway? Nag-abot na ang tion nga ang Anak sang Tawo itugyan na sa gahom sang mga makasasala."
Bangon na kamo! Kitaa! Ada na an matraydor sa akon kaya hamos na kita.”,"Bangon kamo, malakat kita. Tan-awa, ang tawo nga magatugyan sa akon yari na!”"
"Nagasurmaton pa si Jesus san mag-abot si Judas, usad san dose na disipulos. May mga kaurupod siya na damo na katawuhan na sinugo san mga namumuno san kapadian kag mga namumuno san mga Judio. Armado man sinda sin mga talibong kag mga balbag.",Nagahambal pa si Jesus sang si Judas nga isa sang mga dose ka mga gintuton-an nag-abot. May upod sia nga madamo nga mga tawo nga nagadala sang mga espada kag mga inuglampos. Ini sila ginpadala sang pangulo nga mga pari kag sang mga katigulangan sang mga Judio.
"Antes pa sani nagkasarabot na sinda na si Judas mahatag sin tanda sa inda, “An harukan ko amo na ina siya kaya dakupon niyo.”","Ang traidor naghatag sa mga tawo sini nga senyas, “Ang halukan ko nga tawo amo ina sia. Dakpa ninyo sia!”"
"Nagdiretso man dayon si Judas pagtulos kan Jesus kag nagsabi, “Kumusta ka, Sir?” tapos hinarukan siya.","Sa gilayon nagpalapit si Judas sa kay Jesus kag nagsiling, “Maayong gab-i, Manunodlo,” kag ginhalukan niya sia."
"Didi nagsabi si Jesus sa iya, “Amigo, himua na dayon an tuyo mo.”","Si Jesus nagsabat, “Sigi abyan, himua na ang bulohaton mo!”"
Pakasabi sani ginturulos siya ninda kag dinakop.,Dayon nagpalapit sila kag gindakop nila si Jesus kag ginsiguro nga indi sia makapalagyo.
Dahilan sadto usad san mga parasunod ni Jesus an nagbugnot san iya talibong kag may tinigbas na suruguon san pinakapuno san kapadian kaya nautas an talinga sani.,Ang isa sang mga kaupod ni Jesus naggabot sang iya espada kag ginlabo niya ang suloguon sang Pinakamataas nga Pari kag nautas ang iya dulonggan.
"Ugaling sinabihan siya ni Jesus, “Ibalik mo sa taguban an imo talibong kay an tanan na nagagamit sana mapapatay man paagi sana.","Dayon si Jesus nagsiling sa iya, “Itagob mo ang imo espada, kay ang tanan nga nagagamit sang espada mapatay sa espada."
"Nano, dili mo aram na kun gugustuhon ko makapangayo akoʼn bulig sa akon Ama na magsugo sin 7,000 na mga anghel agod magbantay sa akon?",Wala ka bala makahibalo nga sarang ako makapangayo sing bulig sa akon Amay kag sa gilayon padalhan niya ako sing sobra sa dose ka batalyon nga mga anghel?
Pero kun sugad sani pan-o matuman an Banal Na Kasuratan na nagasabi na ini dapat mangyari?”,"Ugaling kon amo ina, ano bala ang pagkatuman sang ginasiling sang mga Kasulatan nga amo gid ini ang dapat matabo?”"
"Tapos inatubang ni Jesus an kadamuan kag ginhunga, “Nano, tulisan an paghuna niyo sa akon kay nagdarara pa kamo sin mga talibong kag mga balbag para lang dakupon ako? Adto ako pirme uruadlaw na nagatukdo sa templo pero wara man niyo pagdakupa.","Dayon si Jesus nagsiling sa mga tawo, “Nag-abot bala kamo nga may mga espada kag mga inuglampos sa pagdakop sa akon, subong bala nga daw buyong ako? Adlaw-adlaw yara ako sa Templo nga nagapungko kag nagapanudlo, kag wala ninyo ako pagdakpa."
Nangyari ugaling ini tanan agod matuman an mga nasurat san mga propeta.” Didi binarayaan siya san tanan na mga disipulos kag nagdurulag.,Pero ini tanan nahanabo agod matuman ang mga ginsulat sang mga propeta sa mga Kasulatan.”
Didto sa balay ni Caifas na pinakapuno san kapadian dinara si Jesus san mga tawo na nagdakop sa iya. Adto man didto nagtiripon an mga paratukdo san Kasuguan kag mga namumuno san mga Judio.,"Dayon ginbayaan sia sang iya mga gintuton-an, kag nagpalalagyo sila tanan."
Nagsunod naman si Pedro pero sa huruharayo kag pag-abot sa balay san pinakapuno san kapadian nagsulod siya sa natad tapos nag-ingkod katakin san mga bantay agod magmasid kun nano an mangyayari.,"Ang mga nagdakop kay Jesus nagdala sa iya sa balay ni Caifas, ang Pinakamataas nga Pari, sa diin nagtipon ang mga manunodlo sang Kasugoan kag ang mga katigulangan sang mga Judio."
Niyan an mga namumuno san kapadian kag an bilog na Konseho nagapangita sin mga buwaon na testigos kontra kan Jesus agod mahusgaran siya sin kamatayon.,"Si Pedro nagsunod sa malayo, tubtob sa hardin sang balay sang Pinakamataas nga Pari. Nagsulod sia sa hardin kag nagpungko upod sa mga gwardya sa pagtan-aw kon ano ang mahanabo."
Pero wara sindaʼn maikondinar bisan pa ngani damoʼn nagtindog na nagtestigos sin kabuwaan.,"Ang pangulo nga mga pari kag ang bug-os nga katapo sang konseho nagpangita sang indi matuod nga mga saksi batok kay Jesus agod nga mapapatay nila sia,"
"San katapus-tapusi may duha na nagtindog kag nagsabi, “Nagsurmaton ini, ‘Igwa akoʼn gahom na rubaon an templo san Dios tapos itindog man gihapon sa sulod sin tulo ka adlaw.’,”","pero wala sila sing may nakita, bisan pa nga madamo ang nagpalapit kag nagsugid sing mga butig batok sa iya. Sang ulihi may nagpalapit nga duha ka tawo"
"Didi tumindog an pinakapuno na padi kag naghunga kan Jesus, “Nano, wara kaʼn ikakasabat? Nano an masasabi mo sa mga ginpasibanghod ninda kontra sa imo?”","kag nagsiling, “Ini nga tawo nagsiling, ‘Sarang ko maguba ang Templo sang Dios kag sa sulod sang tatlo ka adlaw sarang ko mapatindog ini liwat.’”"
"Pero si Jesus nagpuyo lang. Kaya sinabihan siya san pinakapuno na padi, “Ginasugo ta ikaw sa ngaran san Dios na buhay na sabihon mo sa amon kun ikaw man gayod an Cristo na Anak san Dios.”","Ang Pinakamataas nga Pari nagtindog kag nagsiling kay Jesus, “Wala ka bala sing may isabat sa panumbongon nila batok sa imo?”"
"Ginsabat siya ni Jesus, “Ikaw an nagsabi sana pero ginasiguro ko sa iyo na dili na lang madugay makikita niyo ako na Anak san Tawo na nakaingkod sa tuo san Makagagahom. Tapos makikita naman niyo na magabalik ako sa kinab-an na nakatungtong sa mga dampog sa langit.”","Pero si Jesus wala magsabat. Sa liwat ang Pinakamataas nga Pari nagsiling sa iya, “Ginapasumpa ko ikaw sa ngalan sang Dios nga buhi: sugiri kami, ikaw bala ang Cristo, ang Anak sang Dios?”"
"Dahilan sani pinaksi san pinakapuno na padi an sadiri niya na bado sa kaurit kag nagsabi, “Pagbasang-basang ini sa Dios! Nano pa na ibidinsya an kinahanglan naton? Niyan nabati pa lang niyo an iya pagbasang-basang sa Dios.","Si Jesus nagsabat sa iya, “Ginsiling mo. Pero nagasiling ako sa inyo: sugod karon makita ninyo ang Anak sang Tawo nga nagapungko sa tuo sang Makagagahom, kag nagapalapit nga yara sa mga panganod sang langit!”"
Nano sa paghuna niyo?”,"Sa sini, gingisi sang Pinakamataas nga Pari ang iya bayu kag nagsiling, “Nagpasipala sia sa Dios! Wala na kita nagakinahanglan sang dugang pa nga mga saksi! Nabatian na ninyo ang iya pagpasipala!"
"Nagsarabat sinda, “Dapat siya patayon.”",Ano bala sa inyo?”
"Tapos ginludaan an bayhon ni Jesus kag ginsuruntok siya. May iba pa myintras ginasampadong siya nagasarabi,","Nagsabat sila, “Nakasala sia, kag dapat sia patyon.”"
"“Tugmaha daw, Cristo! Sin-o an nagsampadong sa imo?”","Dayon ginduplaan nila sia sa guya kag ginbunal, kag ang mga nagtampa sa iya"
"Niyan myintras nagaingkod si Pedro sa natad san balay, may nagkadto sa iya na suruguon na babayi na ginasabihan, “Ikaw kaupod man ni Jesus na taga-Galilea.”","nagsiling, “Kon ikaw ang Cristo, pakta kon sin-o ang nagtampa sa imo!”"
"Didi nagpaambot si Pedro sa atubangan san tanan, “Dili ko aram kun nano an ginasabi mo.”","Si Pedro nagapungko sa gwa sang hardin. Nagpalapit sa iya ang isa ka suloguon nga babayi kag nagsiling, “Ikaw man kaupod ni Jesus nga taga-Galilea.”"
"Tapos naglakat siya pero pag-abot sa pwertahan may suruguon naman na babayi na nakakita sa iya. Sinabihan niya an mga tawo na adto didto, “Ini na tawo kaupod man sana na Jesus na taga-Nazaret.”","Pero ginpanghiwala niya ini sa atubang sang tanan kag nagsabat, “Wala ako makahibalo sang imo ginahambal.”"
Pagkaaga nagtiripon an tanan na namumuno san kapadian kag san mga Judio. Nagplano sinda kun pan-o ipapatay si Jesus.,"Aga pa gid, ang tanan nga pangulo nga mga pari kag ang mga katigulangan sang mga Judio nagplano sa pagpatay kay Jesus."
"Tapos pakagapos ninda sa iya, ginpadara pakadto kan Pilato na gobernador na taga-Roma kag didto gin-intriga si Jesus.",Gingapos nila sia kag gindala nga itugyan kay Pilato nga Gobernador.
Si Judas naman na nagtraydor kan Jesus nagbasol gayod san iya ginhimo san maaraman na ginhusgaran ini sin kamatayon. Kaya inuli niya an 30 ka bilog na plata sa mga namumuno san kapadian kag san mga Judio.,"Sang nahibaluan ni Judas nga traidor nga si Jesus ginhukman nga pagapatyon, ginbasol niya ang iya kaugalingon kag gin-uli ang traynta ka bilog nga pilak sa pangulo nga mga pari kag sa mga katigulangan sang mga Judio."
"An sabi niya, “Nagkasala ako paagi san pagtraydor ko san waraʼn kasalasala na tawo.”","Nagsiling sia, “Nakasala ako paagi sa pagtugyan sini nga tawo nga wala sing sala agod patyon!”"
"Pero ginsabat siya ninda, “Nano an labot namon sana? Ikaw sana an may labot.”","Nagsabat sila, “Ano ang labot namon sina? Imo ina salabton!”"
Tapos pinilak ni Judas an 30 ka bilog na plata sa may salog san templo tapos humali kag nagbitay san iya sadiri.,Ginpilak ni Judas ang kwarta sa sulod sang Templo kag naglakat kag ginbitay niya ang iya kaugalingon.
"Pinamurot naman san mga namumuno san kapadian an mga plata kag nagsarabi, “Dili ini dapat ihulog sa surudlan san kwarta para sa templo kay kabayadan ini sin kamatayon.”","Ginpamulot sang pangulo nga mga pari ang kwarta kag nagsiling, “Ini nga kwarta bili sang dugo, kag batok sa aton Kasugoan nga ibutang sa talaguan sang manggad sa Templo.”"
Kaya nagkaurusad sinda na ibakal sin uma san parahimoʼn kuron agod himuon na rulubngan san mga dayo.,"Naghisugot sila nga ang kwarta ibakal nila sang Talamnan sang Manugkolon, agod himuon nga lulobngan sang mga dumoluong."
Dahilan sani gintawag idto na Uma san Dugo hasta niyan.,Gani yadto nga talamnan gintawag nga “Talamnan sang Dugo” tubtob sa sini nga adlaw.
"Tapos natuman gayod an sinabi san propeta na si Jeremias,","Karon natuman ang ginsiling ni Jeremias nga propeta, “Ginkuha nila ang traynta ka bilog nga pilak, ang bili nga ginkaisahan sang mga tawo sa Israel nga ibayad sa iya,"
“30 ka bilog na plata an kantidad na ginkauruyunan san mga taga-Israel na ibayad para sa iya.,"kag ginbakal nila ini sang talamnan sang manugkolon, suno sa ginsugo sa akon sang Ginoo.”"
Kinuha ninda ina kag uma an ginbakal ninda sa parahimo sin kuron pareho san ginsugo sa akon san Ginoo.”,"Si Jesus nagtindog sa atubang sang Gobernador nga nagpamangkot sa iya, “Ikaw bala ang hari sang mga Judio?”"
"Niyan adto na si Jesus ginapaatubang sa gobernador. Tapos ginhunga siya sani, “Nano, ikaw an hadi san mga Judio?”","Nagsabat si Jesus, “Ginasiling mo.”"
"Nagsabat si Jesus, “Ikaw an nagsabi sana.”",Pero wala sia magsabat sa mga panumbongon sang pangulo nga mga pari kag sang mga katigulangan sang mga Judio.
San ginaakusar naman siya san mga namumuno san kapadian kag san mga Judio wara gayod siya magsabat.,"Gani si Pilato nagsiling sa iya, “Wala ka bala makabati sang mga panumbongon nila batok sa imo?”"
"Kaya ginhunga gihapon siya ni Pilato, “Nano, dili mo nababati an tanan na mga akusasyon ninda kontra sa imo?”","Pero si Jesus wala gid magsabat, sa bagay nga natingala gid ang Gobernador."
Pero wara lang gayod gihapon magsabat si Jesus sin nano man sa inda. Kaya nagngalas gayod si Pilato.,Sa tagsa ka Piesta sang Pascua ang Gobernador may kinabatasan sa paghilway sang isa ka binilanggo nga pagapangayuon sang mga tawo.
Niyan sa kada pyista sugad sani nakaugalian na san gobernador na magpaluwas sin priso na gusto paluwason san mga tawo.,Sa sadto nga tion may isa ka bantog nga priso nga ginhingalanan kay Barrabas.
Sadto naman may bantog na priso na an ngaran Barabas.,"Sang pagtipon sang mga tawo, si Pilato namangkot sa ila, “Sin-o bala sa ila ang luyag ninyo nga buy-an ko sa inyo? Si Barrabas ukon si Jesus nga ginatawag nga Cristo?”"
"Kaya san pagtiripon san kadamuan hinunga sinda ni Pilato, “Sin-o an gusto niyo na paluwason ko: si Barabas o si Jesus na ginatawag na Cristo?”",Nakahibalo gid sia nga gintugyan nila si Jesus sa iya tungod kay nahisa sila.
Ginhimo ini ni Pilato kay aram niya na gin-akusar si Jesus dahilan sa pagkaawa.,"Sang nagapungko si Pilato sa hukmanan sa paghukom, ang iya asawa nagpadala sa iya sang mensahe, “Indi ka magpahilabot sinang matarong nga tawo, tungod kay kagab-i natublag gid ako sa akon damgo nahanungod sa iya.”"
"Pwera pa sani myintras nagaingkod na siya sa paghusgar may ginpasabi sa iya an iya asawa, “Ayaw pagpakiaram sana na matanos na tawo kay sani na adlaw damo akoʼn gintios paagi sa panamguhan manungod sana na tawo.”","Ang pangulo nga mga pari kag ang mga katigulangan sang mga Judio naghaylo sa mga tawo, agod nga pangayuon nila kay Pilato nga buy-an si Barrabas kag ipapatay si Jesus."
Ugaling an mga namumuno san kapadian kag san mga Judio ginsulsulan na an kadamuan na palibrihon si Barabas pero si Jesus ipapatay.,"Pero ginpamangkot sila sang Gobernador, “Sin-o bala sa ila nga duha ang luyag ninyo nga buy-an ko sa inyo?”"
"Kaya ginhunga gihapon sinda san gobernador, “Sin-o sa duha an gusto niyo na palibrihon ko?”","Nagsabat sila, “Si Barrabas!”"
"“Si Barabas,” an sabat ninda.","Nagpamangkot si Pilato sa ila, “Ano karon ang himuon ko kay Jesus nga ginatawag nga Cristo?”"
“Kun sugad nano an himuon ko sani na tawo na ginatawag na Cristo?” hunga naman ni Pilato.,"Nagsabat sila tanan, “Ilansang sia sa krus!”"
"Nagsiriyak an tanan, “Ipapako siya sa krus!”","Namangkot si Pilato sa ila, “Ano bala nga sala ang iya nahimo?”"
"Naghunga gihapon si Pilato, “Kay nano? Nano an karautan na nahimo niya sa iyo?”","Dayon nagbaskog pa gid ang ila pagsinggit, “Ilansang sia sa krus!”"
"Pero mas lalo na nagsiriyak sindaʼn makusog, “Ipapako siya sa krus!”","Sang makita ni Pilato nga wala sia sing may mahimo kag basi nga magkinagamo ang mga tawo, nagkuha sia sang tubig kag nanghinaw sang iya mga kamot sa atubang sang mga tawo, kag nagsiling, “Wala ako sing labot sa kamatayon sini nga tawo! Inyo ina salabton!”"
"Pakakita ni Pilato na wara siyaʼn mahimo kundi nagatuna naman magsamok an katawuhan nagkuha siyaʼn tubig tapos ginhugasan an iya mga kamot sa atubangan san kadamuan na nagasabi, “Wara akoʼn labot sa kamatayon sani na tawo. Kamo na an bahala.”","Ang tanan nga mga tawo nagsabat, “Kami kag ang amon mga anak amo ang manabat sang iya kamatayon!”"
"Nagsarabat naman an tanan na katawuhan, “Kami kag san amon mga kaanakan amo an bahala manabat san iya kamatayon.”",Dayon ginbuy-an ni Pilato si Barrabas sa ila. Ginpabunal niya si Jesus kag pagkatapos gintugyan sia sa mga soldado nga ilansang sa krus.
"Kaya pinalibre ni Pilato si Barabas para sa inda pero si Jesus naman ginpalatigo, tapos gin-intriga sa inda para ipapako sa krus.","Dayon gindala si Jesus sang mga soldado ni Pilato sa palasyo sang Gobernador, kag ginlibutan sia sang bug-os nga grupo sang mga soldado."
Paghali didto ginguyod si Jesus san mga suldados ni Pilato pasulod sa palasyo san gobernador kag ginpatiripon patalibod niya an tanan na kasuldadosan.,"Gin-ubahan nila sia, kag ginpasuksokan sing kapa nga pula."
Hinubaan anay ninda si Jesus tapos ginsul-utan sin lila na kapa.,"Dayon naghimo sila sing korona nga tunokon kag ginsuksok nila ini sa iya ulo kag ginpauyat nila sing tigbaw ang iya tuo nga kamot. Dayon nagluhodluhod sila sa atubang niya, kag ginyaguta nila sia nga nagasiling, “Mabuhay ang Hari sang mga Judio!”"
"Pakahimui ninda sin korona hali sa sanga na tunukon, ginkoronahan kag ginpahuyot siya sin bagakay sa iya tuo na kamot. Bilang pagtuya-tuya sa iya nagaluhud-luhod tayuay sinda sa iya atubangan kag nagasarabi, “Mabuhay an Hadi san mga Judio!”","Ginduplaan nila sia, ginkuha ang tigbaw sa iya kamot kag ginhanot ini sa iya ulo."
Ginaludaan siya ninda kag ginakuha an bagakay tapos ginbalbag sa ulo.,"Sa tapos nila mayaguta si Jesus, ginkuhaan nila sia sing kapa, kag ginpasuksokan nila sia sang iya kaugalingon nga bayu. Dayon gindala nila sia sa gwa agod nga ilansang sa krus."
"San matubsan na sinda sin kakatuya-tuya sa iya, ginhubaan naman siya kag ginsul-utan san iya mismo bado, tapos ginguyod siya paluwas agod ipako sa krus.","Sang nagapagwa sila sa siudad nasugata nila ang isa ka tawo nga taga-Cirene, nga ginhingalanan kay Simon. Ginpilit sia sang mga soldado sa pagpas-an sang krus ni Jesus."
Pagluwas ninda may nasugat na lalaki na taga-Cirene na an ngaran Simon. Ini siya ginpirit ninda na magpas-an san krus ni Jesus.,"Nag-abot sila sa lugar nga gintawag Golgota, nga kon sayuron, “Ang Lugar sang Bagol.”"
"Pag-abot ninda sa lugar na ginatawag Golgota na an gusto sabihon lugar san kabunguan,","Didto ginhatagan nila si Jesus sing bino nga nasimbugan sing apdo, pero sang madimdiman niya ini, indi sia mag-inom."
ginpainom ninda si Jesus sin bino na hinaluan sin apdo pero pakatimtimi wara niya pag-inuma.,"Ginlansang nila sia sa krus, kag ginpartida nila ang iya bayu paagi sa pagabutgabot."
Didto ginpako siya ninda sa krus kag ini ginpatindog. Tapos ginbarahin man ninda an iya mga sul-ot.,Sa tapos sadto nagpungko sila didto kag nagbantay sa iya.
"36-38 Sa may uluhan naman niya may nakasurat na amo an akusasyon kontra sa iya, “AMO INI SI JESUS. SIYA AN HADI SAN MGA JUDIO.” Sa magluyo niya may duha na makawat na ginpako man sa mga krus. Tapos an mga suldados nag-iringkod didto kag nagbantay sa iya.","Sa ibabaw sang iya ulo ginbutang nila ang panumbongon nga nasulat batok sa iya, “Ini amo si Jesus, ang Hari sang mga Judio.”"
Niyan gintuya-tuya man siya san mga nagaaragi na ginatangu-tango an inda ulo na,"Dayon ginlansang man nila sa krus ang duha ka mga makawat upod kay Jesus, ang isa sa iya tuo kag ang isa sa iya wala."
"nagasarabi, “Ikaw gali na magruba san templo kag mapatindog man lang sani sa sulod san tulo ka adlaw, isalbar mo an imo sadiri! Kun matuod na anak ka man gayod san Dios maglusad ka dida sa krus.”","Ang mga tawo nga nagaalagi naglungolungo sang ila mga ulo kag nagyaguta kay Jesus nga nagasiling,"
Ginatuya-tuya man siya san mga namumuno san kapadian kaupod san mga paratukdo san Kasuguan kag san mga namumuno san mga Judio.,"“Ikaw nga magguba sang Templo kag magpatindog sini liwat sa sulod sang tatlo ka adlaw. Luwasa ang imo kaugalingon! Kon ikaw ang Anak sang Dios, panaog ka sa krus!”"
"Nagsabi sinda, “Nasalbar niya an iba pero dili niya masalbar an iya sadiri. Kun siya man gayod an Hadi san Israel, dapat siya maglusad yana sa krus kay magatuod kita sa iya.","Sa amo man nga bagay ang pangulo nga mga pari, ang mga manunodlo sang Kasugoan kag ang mga katigulangan sang mga Judio nagyaguta sa iya nga nagasiling,"
"Nagasarig siya sa Dios. Kaya magpasalbar siya sa iya kun namumut-an man gayod siya sani kay nagaparasabi man siya, ‘Anak ako san Dios.’,”","“Ginluwas niya ang iban pero indi sia makaluwas sang iya kaugalingon! Indi bala sia ang Hari sang Israel? Kon magpanaog sia sa krus karon gid, magatuo kita sa iya!"
Bisan man ngani an mga makawat na ginpako kadungan niya nagtuya-tuya man sa iya.,"Nagasalig sia sa Dios kag nagasiling nga sia ang Anak sang Dios. Ti, tan-awon ta kon luwason sia sang Dios karon gid!”"
Mga alas dose an udto san magdulom an bilog na nasyon hasta na mga alas tres an hapon.,Bisan pa ang mga buyong nga ginlansang upod sa iya nagyaguta man sa iya.
"Pag-alas tres naman sumiyak si Jesus, “Eloi, Eloi, lama sabachtani?” na an gusto sabihon, “Dios ko, Dios ko, nano kay ginpabayaan mo ako?”",Sang udto nagdulom ang bug-os nga duta sa sulod sang tatlo ka oras.
"Niyan may mga nagatirindog didto na pakabati sani nagsabi, “Ginatawag niya si Elias.”","Sang mga alas tres sa hapon si Jesus nagsinggit sa mabaskog nga tingog, “Eli, Eli, lema sabactani?” nga kon sayuron, “Dios ko, Dios ko, ngaa bala ginpatumbayaan mo ako?”"
"May usad naman sa inda na nagdali-dali dayon pagkuhaʼn ispungha na iya ginbasa san suka, binutang sa punta san bagakay tapos gin-itsa niya ini kan Jesus agod ipasupsop sa iya.","May mga tawo nga nagatindog didto nga nakabati sa iya kag nagsiling, “Ginatawag niya si Elias!”"
"Pero may nagsaraway na iba sa iya, “Hulat anay kay kitaon ta kun mag-abot man gayod si Elias agod ilibre siya sa krus.”","Sa gilayon nagdalagan ang isa sa ila, nagkuha sang espongha, gintum-oy ini sa maaslom nga bino, kag gintakod sa punta sang tukon kag gintinguhaan nila ang pagpainom sini sa iya."
Pero nagsiyak gihapon didi si Jesus sin makusog kag sana mismo gin-intriga niya an iya espirito sa Dios.,"Pero ang iban nagsiling, “Hulat anay, tan-awon ta kon maabot si Elias sa pagluwas sa iya!”"
Sadto man nagisi sa tunga an kurtina san templo tuna sa ibabaw paubos. Naglinog kag napihak an kabatuhan.,Liwat nagsinggit si Jesus sa mabaskog nga tingog kag nabugto ang iya ginhawa.
Naabrihan an mga rulubngan kag damoʼn nagkamaratay na mga banal an nagkaburuhay gihapon.,"Dayon ang kurtina sa Templo nagisi sa tunga, halin sa ibabaw paidalom. Naglinog kag nagkalabuka ang mga bato,"
Nagruluwas man sinda sa rulubngan. San pagkabuhay gihapon ni Jesus nagsulod sinda sa banal na lungsod kun diin nagpakirita sinda sa damoʼn katawuhan.,"nagbukas ang mga lulobngan, kag nagkalabanhaw ang madamo nga mga tawo sang Dios nga nagkalamatay sang una."
"Paglinog kag pakakita san tanan na pangyayari, nagkaharadlok an namumuno san mga suldados kag san mga kaurupod niya na adto didto nagabantay kan Jesus. Tapos nakasabi, “Matuod man gayod na ini na tawo anak san Dios!”","Naggwa sila sa mga lulobngan, kag sa tapos mabanhaw si Jesus nagkadto sila sa Balaan nga Siudad, sa diin nakita sila sang madamo nga mga tawo."
May damo man didto na kababayihan na nagamarasid sa may huruharayo. Ini sinda an nagsurunod kan Jesus kasadto hali pa sa Galilea kay nagaasikaso sa iya.,"Ang opisyal kag ang mga soldado nga nagabantay kay Jesus kinulbaan gid, sang mabatyagan nila ang linog kag makita ang tanan nga mga butang nga nagkahanabo. Nagsiling sila, “Matuod gid nga Anak sia sang Dios!”"
"An iba sa inda sinda Maria Magdalena, Maria na iloy ni Santiago kag Jose kag an iloy san mga anak na lalaki ni Zebedeo.",May madamo nga mga babayi didto sa unhan nga nagalantaw. Ini sila nagsunod kay Jesus halin sa Galilea nga nagbulig sa iya.
Antes magtunod an adlaw sadto may nag-abot na mayaman na taga-Arimatea. Si Jose an iya ngaran kag nagin disipulos man siya ni Jesus.,"Ang iban sa ila amo sanday Maria Magdalena, Maria nga iloy ni Santiago kag ni Jose, kag ang iloy sang mga anak ni Zebedeo."
Nagpakadto siya kan Pilato agod ayuon an lawas ni Jesus. Nagsugo man si Pilato na ihatag ini sa iya.,"Sang sirom na, nag-abot ang isa ka tawo nga manggaranon gikan sa Arimatea. Ang iya ngalan si Jose kag gintuton-an man sia ni Jesus."
Kaya kinuha ni Jose an lawas kag pinutos ini sa bag-o na tela na lino.,Nagkadto sia kay Pilato kag ginpangayo niya ang bangkay ni Jesus. Gani si Pilato nagmando nga ihatag ini sa iya.
Tapos ginlubong sa sadiri niya na rulubngan na bag-o pa lang niya ginpabuho sa bato. Ginpaligidan naman niya sin dako man na bato para sirahan an pwertahan sani tapos nag-uli na siya.,"Gani ginkuha ni Jose ang bangkay, kag ginsamburan sing bag-o nga tela nga lino."
Sinda Maria Magdalena naman kag san usad pa na Maria nagairingkod didto na nakaatubang sa rulubngan.,"Ginbutang niya ang bangkay sa iya kaugalingon nga lulobngan, nga bag-o lang ginguhab sa bato. Dayon ginpaligid niya ang isa ka daku nga bato sa pwertahan sang lulobngan kag naglakat."
Pagkaotro adlaw na amo an pakatapos san ginatawag na adlaw san Pagpreparar nakipagkita kan Pilato an mga namumuno san kapadian kag san mga Pariseo.,"Si Maria Magdalena, kag ang isa pa ka Maria ato didto nagapungko nga nagaatubang sa lulobngan."
"Myintras maaga pa san primero na adlaw san semana pakalipas san Adlaw San Pagpahuway, si Maria Magdalena kag san iba pa na Maria nagpakadto sa rulubngan agod makita.","Aga pa gid sang nahauna nga adlaw sang simana, sa tapos ang Adlaw nga Inugpahuway, nagkadto si Maria Magdalena kag ang isa pa ka Maria sa pagtan-aw sang lulobngan."
Sadto mismo naglinog sin makusog kay may naglusad hali sa langit na anghel san Ginoo agod makadto sa rulubngan. Kaya nagpakadto man siya didto kag pinaligid an bato hali sa pwertahan tapos gin-ingkudan ina.,"Sa hinali naglinog sing mabaskog, kag ang isa ka anghel sang Ginoo nagkunsad halin sa langit. Iya ginpaligid ang bato nga nagatakop sa lulobngan kag iya ini ginpungkoan."
An kapawa san iya bayhon bagaʼn kilat kag an iya bado maputi-puti gayod pareho san gapas.,"Ang iya dagway nagakirab subong sang kilat, kag ang iya bayu maputi gid kaayo."
Dahilan sani nagkurudog an mga bantay sa kahadlok sa iya kag nagkaturumba na bagaʼn mga patay.,Ang mga gwardya nagkulurog sa kakulba kag nagkalatumba nga nanginsubong sila sang patay nga mga tawo.
"Tapos nagsurmaton an anghel sa mga babayi, “Dili kamo dapat mahadlok kay aram ko na an ginahanap niyo si Jesus na ginpako sa krus.","Ang anghel nagsiling sa mga babayi, “Indi kamo magkahadlok. Nakahibalo ako nga ginapangita ninyo si Jesus nga ginlansang sa krus."
Wara na siya didi kay nabuhay gihapon siya pareho san ginsabi niya. Kadi kag kitaa ngani an ginlubngan sa iya.,"Wala sia diri. Nabanhaw sia, suno sa iya ginsiling. Dali kamo diri kag tan-awa ang lugar nga ginpahamyangan sa iya."
Tapos kumadto dayon kamo kag sumatan an iya mga disipulos na nabuhay siya gihapon kag mauuna sa iyo sa Galilea. Didto siya niyo makikita. Tandai gayod an ginsabi ko sa iyo.”,"Lakat kamo sing dalidali, kag sugiri ninyo ang iya mga gintuton-an: ‘Nabanhaw sia, kag karon magauna sia sa inyo sa Galilea. Didto makita ninyo sia!’ Indi pagkalimti ang ginsiling ko sa inyo.”"
Nagharali man dayon an mga babayi sa ginlubngan na may kahadlok pero may dako man na kalipay. Tapos nagdali-dali sinda pakadto sa iya mga disipulos agod sumatan san gintugon sa inda.,"Gani naghalin sila sa lulobngan nga nagadalidali nga may kahadlok, pero puno sing kalipay, kag nagdalagan sila sa pagsugid sa iya mga gintuton-an."
Paglakat ninda bigla sinda sinugat ni Jesus kag kinumusta. Nagturulos man an mga babayi kag nagsarakom sa iya tiil para magsamba sa iya.,"Sa hinali ginsugata sila ni Jesus nga nagasiling, “Ang paghidait manginyara sa inyo.” Nagpalapit sila kay Jesus, ginhakos nila ang iya mga tiil kag nagsimba sila sa iya."
"Didi man sinda sinabihan ni Jesus, “Ayaw kamo kahadlok! Kadto kag sabihi niyo an akon mga kamaranghod na lalaki na magpakadto sinda sa Galilea kay makikita ninda ako didto.”","Si Jesus nagsiling sa ila, “Indi kamo magkahadlok. Lakat kamo kag sugiri ninyo ang akon mga sumolunod nga magkadto sila sa Galilea, kag didto makita nila ako.”"
"Sadto man na nagaralakat an mga babayi, may mga bantay na nagpakaradto sa syudad agod isumat sa mga namumuno san kapadian an tanan na nangyari.","Sang nakahalin ang mga babayi, ang iban sang mga gwardya nga nagabantay sang lulobngan nagkadto sa siudad kag nagpanugid sa pangulo nga mga pari sang tanan nga nahanabo."
"Kaya nagtiripon naman sinda kaupod san mga namumuno san mga Judio. Pakatapos ninda pag-iristoryahan, hinatagan sin dako na kantidad an mga suldados","Nagsinapol ang pangulo nga mga pari kag ang mga katigulangan sang mga Judio, kag naghisugot sila sa paghatag sing madamo nga kwarta sa mga soldado,"
"na may ginapahimo, “Amo ini an dapat niyo isabi, ‘Pagkagab-i myintras tururog kami, nagkaradi an iya mga disipulos kag kinawat an iya lawas.’","kag ginsingganan sila, “Isugid ninyo sa mga tawo nga ang iya mga gintuton-an nag-abot sang kagab-ihon kag ginkawat nila ang iya bangkay samtang nagakatulog kamo."
Kun maaraman man ini san gobernador kami an bahala magsabat sa iya. Kaya wara na kamoʼn handal.”,"Kag kon mabatian ini sang Gobernador, papatihon namon sia nga wala kamo sang kasaypanan. Indi kamo magpalibog.”"
Binaton naman san mga gwardya an kwarta kag gintuman an gintugon sa inda. Hasta man ngani yana amo na ini an ginapalukop na istorya san mga Judio.,Ginkuha sang mga gwardya ang kwarta kag ginhimo nila ang ginsiling sa ila. Gani amo ini ang ginapalapnag nga sugid sa mga Judio tubtob sa sini nga adlaw.
An onse na disipulos naman nagpakadto sa Galilea didto sa bukid na gintugon sa inda ni Jesus.,"Ang onse ka mga gintuton-an nagkadto sa isa ka bukid sa Galilea, sa diin si Jesus nagsiling nga magkadto sila."
"Pakakita ninda didto sa iya, ginsamba siya bisan pa ngani may iba sa inda na may pagduda.","Sang makita nila sia, nagsimba sila sa iya, bisan pa ang iban sa ila nagpangduhaduha."
"Gintulos sinda ni Jesus kag sinabihan, “Ako an ginhatagan san tanan na gahom san langit kag san duta.","Nagpalapit si Jesus sa ila kag nagsiling, “Ang bug-os nga awtoridad sa langit kag sa duta ginhatag sa akon."
"Kaya pagralakat niyo, tukduan an mga katawuhan sa tanan na mga nasyon na magin mga disipulos ko. Bunyagan sinda sa ngaran san Ama, san Anak kag san Espirito Santo.","Gani, kadtoi ninyo ang tanan nga mga tawo sa bug-os nga kalibutan kag himua sila nga mga gintuton-an ko. Bautisohi ninyo sila sa ngalan sang Amay kag sang Anak kag sang Espiritu Santo,"
Tapos tukdui niyo sinda na magtuman san tanan na ginsugo ko sa iyo. Tandai man ini: pirme ako kaupod niyo hasta sa katapusan san kinab-an.”,kag tudloi ninyo sila sa pagtuman sang tanan nga ginsugo ko sa inyo. Kag magaupod ako sa inyo sa gihapon tubtob sa katapusan sang panag-on.”
Amo ini an pagtuna san Maayo Na Barita manunungod kan Jesu-Cristo na Anak Na Lalaki san Dios.,"Ini ang Maayong Balita nahanungod kay Jesu-Cristo, ang Anak sang Dios."
"An propeta na si Isaias nakasurat manungod sa ginsabi san Dios sa Anak,",Nagsugod ini subong sang ginsiling sang Dios sa libro nga ginsulat ni Isaias nga propeta:
"“Kitaa, may susuguon ako pakada sa kinab-an na mauuna sa imo.","“Yari ang akon manugbalita, ipadala ko sia sing una sa imo"
Magapreparar siya san imo aagihan.”,sa pag-aman sang imo alagyan.
"“Siya an magasiyak sa disyerto,",May nagawali sing mabaskog sa desierto:
‘Preparara an agihan sa pag-abot san Ginoo.,"‘Amana ninyo ang alagyan para sa Ginoo,"
"Tadunga an iya mga pagaagihan.’,”",maghimo sing tadlong nga dalan nga iya pagaagyan.’”
"Niyan natuman ini san nakita si Juan sa disyerto. Didto siya nagapangtukdo sa mga katawuhan na nagkadto sa iya na kinahanglan ninda magbasol kag magbaya sa inda pagkasala, tapos, magpabunyag para sa kapatawadan sani.","Gani, si Juan nga manugbautiso nagpakita sa desierto, nga nagabautiso kag nagawali sini nga mensahe nga nagasiling sa mga tawo: “Untati ninyo ang pagpakasala kag magpabautiso kag ang Dios magapatawad sang inyo mga sala.”"
"An nagkaradto sa iya amo an haros tanan na mga taga-Judea kag mga tagasyudad san Jerusalem, kag didto sa suba san Jordan. Ginbunyagan niya sinda san nag-ako sinda san inda kasal-an.",Madamo sang mga taga-Judea kag mga taga-Jerusalem ang nagkadto sa pagpamati sa iya. Gintuad nila ang ila mga sala kag ginbautisohan niya sila sa Suba sang Jordan.
Ini si Juan nakasul-ot sin bado na himo sa barahibo san hayop na ginatawag na kamelyo. Ginpahaan niya sin anit kag an iya lang pagkaon mga duron kag dugos.,"Ang bayu ni Juan nahimo sa bulbol sang kamelyo, ang iya paha panit, kag ang iya pagkaon apan kag dugos halin sa talon."
"Amo ini an ginasabi niya, “May maabot na mas makagagahom pa ki sa akon, kaya dili ngani ako angay bisan maghubad san sintas san iya mga sandalyas.","Ang iya ginpahibalo sa mga tawo amo ini: “Ang magaabot nga ulihi lang sa akon mas gamhanan pa sang sa akon, sa bagay nga indi gani ako takos magduko sa paghubad sang higot sang iya sandalyas."
Ako an nagapambunyag sa iyo paagi sa tubig pero siya amo an magabunyag sa iyo paagi sa Espirito Santo.”,"Ako nagabautiso sa inyo sang tubig, pero sia magabautiso sa inyo sang Espiritu Santo.”"
"Sani naman na panahon si Jesus hali sa Nazaret, usad na lugar san Galilea, kag didto man sa suba san Jordan siya ginbunyagan ni Juan.","Sa wala lamang madugay, nag-abot si Jesus gikan sa Nazaret nga sakop sang Galilea, kag ginbautisohan sia ni Juan sa Jordan."
Pakahaw-as lang ni Jesus sa tubig nakita dayon an pagbuka san langit kag an Espirito Santo na nagapaitsura bagaʼn salampati nagalusad pakadto sa iya.,Sang pagtakas gid ni Jesus sa tubig nakita niya nga nag-abri ang langit kag nagkunsad ang Espiritu Santo sa iya kaangay sang isa ka pating.
"Pakatapos may boses na nabati hali sa langit, “Ikaw an akon palangga na Anak na ginakalipay ko gayod.”",Kag may tingog nga nabatian gikan sa langit: “Ikaw ang akon hinigugma nga Anak. Nalipay gid ako sa imo.”
"Tapos, ginpakadto dayon siya san Espirito sa disyerto.",Sa gilayon ginpakadto sia sang Espiritu Santo sa desierto sa diin
Kwarenta na adlaw siya didto na ginatintaran ni Satanas. Mga kaupod lang niya an mga hayop didto kag an mga anghel nagaataman sa iya.,"nagtener sia didto sing kwarenta ka adlaw kag ginsulay sia ni Satanas. May mga sapat man nga talunon didto, pero nag-abot ang mga anghel kag nagbulig sa iya."
"Niyan, pakadakop kan Juan nagkadto si Jesus sa Galilea kag nagpahayag san Maayo Na Barita san Dios.","Sang nabilanggo na si Juan, si Jesus nagkadto sa Galilea kag nagwali sang Maayong Balita gikan sa Dios."
"Amo ini an ginasabi niya, “Adi na an panahon! Haros magtuna na an paghadi san Dios kaya ngani magbasol na kamo kag magbaya sa iyo pagkasala, tapos magtuod sa Maayo Na Barita!”","Nagsiling sia, “Nag-abot na ang nagakaigo nga tion, kag ang paghari sang Dios malapit na! Untati ninyo ang pagpakasala, kag magpati sa Maayong Balita!”"
"San nagaagi si Jesus sa higad san danaw san Galilea, nakita niya an duha na magmanghod na amo sinda Simon kag san manghod sani na si Andres. Mga parapangisda sinda kaya adto didto sinda sa lawod nagapanglambat.","Sang nagalakat si Jesus sa higad sang Linaw sang Galilea, nakita niya ang duha ka mga mangingisda, si Simon kag ang iya utod nga si Andres, nga nagapamukot sa linaw."
"Nagtawag siya sa inda kag nagsabi, “Mag-upod kamo sa akon kay tutukduan ta kamo na magin mga parapanglambat sin mga tawo.”","Si Jesus nagsiling sa ila, “Upod kamo sa akon kay tudloan ko kamo sa pagpangisda sang mga tawo.”"
Ginbayaan man dayon ninda an mga lambat kag nag-upod sa iya.,Sa gilayon ginbayaan nila ang ila mga pukot kag nag-upod sa iya.
Pag-uruunhan ninda nakita man ni Jesus an magmanghod na mga anak ni Zebedeo na amo sinda Santiago kag Juan. Adto man sinda sa inda sakayan na nagatungkap san inda mga lambat.,"Nagpadayon si Jesus sa paglakat kag sa ulounhan nakita niya ang duha pa gid ka mag-utod nga amo sanday Santiago kag Juan, nga mga anak ni Zebedeo. Didto sila sa ila sakayan nga nagaaman sang ila mga pukot."
Tapos gintawag dayon niya sinda. Kaya ginbayaan ninda an inda ama na si Zebedeo sa sarakyan kaupod san mga kabulig kag nag-upod sa iya.,Sang pagkakita ni Jesus sa ila sa gilayon gintawag niya sila. Ginbayaan nila ang ila amay nga si Zebedeo sa sakayan upod sang mga sinuholan nga mga tawo kag nag-upod sila kay Jesus.
Sa inda paglakat nakaabot sinda sa Capernaum. Pagka-Adlaw San Pagpahuway nagsulod dayon si Jesus sa sinagoga kag nagtuna pagtukdo sa mga tawo.,"Nag-abot sila sa banwa sang Capernaum, kag sa masunod nga Adlaw nga Inugpahuway nagsulod si Jesus sa sinagoga kag nagpanudlo."
Nagkangarawa sinda sa iya katukduan kay nagatukdo siya bilang tawo na may poder. Dili ini pareho san mga paratukdo san inda Kasuguan.,Ang mga tawo nga nakabati sa iya natingala sang iya pagpanudlo kay nagpanudlo sia nga may awtoridad kag indi sia pareho sang mga manunodlo sang Kasugoan.
"Sani man mismo sa inda sinagoga may nagsiyak na lalaki na ginsudlan sin maraot na espirito,","Sa amo gid nga tion nagsulod sa sinagoga ang isa ka tawo nga may malaut nga espiritu kag nagsinggit,"
"“Jesus na taga-Nazaret, nano an pakilabot mo sa amon? Nano, nagkadi ka agod siraon kami? Aram ko kun sin-o ka. Ikaw an Banal na hali sa Dios.”","“Ano ang labot mo sa amon, Jesus nga taga-Nazaret? Nag-abot ka bala sa paglaglag sa amon? Nahibal-an ko kon sin-o ka. Ikaw ang Balaan nga ginpadala sang Dios!”"
"Pero gin-uritan siya ni Jesus, “Puyo dida! Lumuwas ka sa iya!”",Ginmanduan ni Jesus ang espiritu: “Maghipos ka kag maggwa sa tawo.”
Tapos an tawo ginpakudog gayod san maraot na espirito kag pagsiyak sin makusog an espirito lumuwas sa iya.,"Ginpakurog sang malaut nga espiritu ang tawo, ginpasinggit sing tudo kag naggwa sa tawo."
"Kaya nangarat gayod sinda tanan kag nagapahurunga-hunga, “Nano ini? Bag-o na katukduan? May poder na ginasugo niya an mga maraot na espirito kag nagatuman naman sinda!”","Ang tanan nga mga tawo natingala gid, sa bagay nga nagpinamangkutanay sila, “Ano ini? Bag-o bala ini nga pagtulon-an? Ini nga tawo may awtoridad bisan pa sa pagsugo sang malaut nga mga espiritu, kag nagatuman sila sa iya.”"
Kaya nadali lang an pakalukop san barita manungod kan Jesus sa tanan na lugar san Galilea.,"Gani, ang balita nahanungod kay Jesus naglapnag sing madasig sa bug-os nga probinsya sang Galilea."
Paghali ninda Jesus sa sinagoga nagsulod dayon sa balay ninda Simon kag Andres kaupod sinda Santiago kag Juan.,Naggwa si Jesus kag ang iya mga gintuton-an sa sinagoga nga upod si Santiago kag si Juan kag nagkadto dayon sa balay ni Simon kag ni Andres.
"Didto nakahigda na may kalintura an ugangan na babayi ni Simon, kaya ginsabihan dayon ninda si Jesus san kamutangan sani.","Ang ugangan nga babayi ni Simon nagahigda nga may hilanat, kag sang pag-abot gid ni Jesus ginsugiran sia nahanungod sa iya."
"Kinadto naman ni Jesus an masakit, ginkaptan sa kamot, pinatindog kag hinaw-asan dayon ini san kalintura. Tapos nagtuna siya pag-asikaso sa inda.","Ginpalapitan sia ni Jesus, gin-uyatan sa kamot kag ginpabangon. Nag-ayo sia kag nag-amuma sa ila."
Pagtunod san adlaw gindara sa iya an tanan na mga may sakit kag amo man idtoʼn ginsudlan san mga demonyo.,"Sang sirom na, sa tapos nagtunod ang adlaw, ang mga tawo nagdala kay Jesus sang tanan nga mga masakiton kag sang mga ginagamhan sang mga demonyo."
An tanan gayod na tawo sa lungsod nagtiripon sa may pwertahan san balay.,Ang tanan nga mga pumoluyo sang banwa nagtilipon sa atubangan sang balay.
Damu-damo siyaʼn ginpaayo na mga masakiton na may manlain-lain na ginabatyag. Pinahali man niya an damo na demonyo sa mga nagkasurudlan sani kag wara pagtuguti na makasurmaton pa kay kilala na ninda kun sin-o siya.,"Si Jesus nagpang-ayo sing madamo nga mga tawo nga may mga nagakalainlain nga mga balatian kag nagtabog man sia sang madamo nga mga demonyo. Wala niya pagtugoti nga maghambal ang mga demonyo, tungod kay nahibal-an nila kon sin-o sia."
"Madulum-dulom pa sa aga, nagbangon na siya, nagluwas sa balay kag nagkadto sa mamingaw na lugar agod nagpangadyi.","Madulomdulom pa sang masunod nga aga, si Jesus nagbangon kag naggwa pakadto sa naligwin nga lugar sa diin sia nagpangamuyo."
"Tapos, nagparahanap sa iya si Simon kag san iya iba pa na kaurupod.",Pero si Simon kag ang iya mga kaupdanan nagpinangita sa iya.
"San makit-an ninda siya sinabihan, “An tanan nagaparahanap sa imo.”","Sang makita nila sia nagsiling sila, “Ginapangita ka sang tanan.”"
"Nagsabat siya, “Hamos kita sa masunod na mga lungsod agod magpahayag man didto kay amo ini an dahilan san pagpakadi ko.”",Pero nagsabat si Jesus: “Kinahanglan kita magkadto sa kaingod nga mga banwa. Kinahanglan magwali man ako didto tungod kay amo ini ang kabangdanan sang akon pag-abot.”
Ginpanglibot niya an bilog na Galilea na nagapangtukdo sa inda mga sinagoga kag nagapaluwas san mga demonyo sa tawo.,Gani ginlibot ni Jesus ang bug-os nga Galilea kag nagwali sa ila mga sinagoga kag nagtabog sang mga demonyo.
"San adto pa si Jesus didto may leprosohon na nagluhod sa may tiilan niya kag nakimaluoy, “Sir, kun gustuhon mo mapaayo mo ako.”","May isa ka aruon nga nagpalapit kay Jesus, nagluhod sa iya atubang kag nagpangayo sing bulig. Nagsiling sia: “Kon gusto mo, sarang mo ako maayo.”"
"Sa dako na kaluoy gin-unat ni Jesus an iya kamot kag gindapatan an leprosohon na nagasabi, “Oo, gusto ko. Mag-ayo ka!”","Si Jesus nagbatyag sing daku nga kaluoy, nag-untay sang iya kamot, kag gintandog sia. Nagsabat sia sa iya, “Gusto ko gid. Mag-ayo ka!”"
Nawara dayon an leproso sani kag malinis na siya.,Sa gilayon nadula ang iya aro kag nag-ayo sia.
"43-44 Tapos, gintugon gayod siya ni Jesus, “Ayaw gayod pagpanumat bisan kanin-o kundi kumadto ka kag magpakita sa padi. Tapos, maghalad ka para sa pag-ayo mo susog sa Kasuguan ni Moises bilang pagpamatuod sa mga tawo na nag-ayo ka na.” Tapos, ginpauli siya dayon.","Dayon ginpaandaman gid sia ni Jesus kag ginpalakat gilayon,"
Pero paglakat niya ginpamarita lugod sa tanan na lugar an nangyari sa iya. Kun kaya ngani si Jesus dili na basta makakadto sa mga lungsod kundi didto na lang sa mga waraʼn tawo na lugar. Bisan sugad sani damu-damo lang gihapon na mga tawo an nagakaradto sa iya.,"sa tapos sia mahambalan sini: ‘Tandai, indi mo ini pag-isugid bisan kay sin-o kundi magkadto ka sa pari kag magpatan-aw sang imo kaugalingon sa iya. Magdulot ka dayon sing halad suno sa sugo ni Moises, sa pagpamatuod sa tanan nga ikaw nag-ayo na.”"
Niyan pakaligad san pira ka adlaw nagbalik si Jesus sa Capernaum. Nakalukop dayon sa tanan didto na nag-uli na siya.,"Sang makaligad ang pila ka adlaw, nagbalik si Jesus sa Capernaum, kag naglapnag ang balita nga yara sia sa iya balay."
"Kaya ngani kay damu-damo naman na mga tawo an nagtiripon sa iya, haros wara sindaʼn lugar na makatindog bisan sa luwas san pwertahan lang.",Nagkadto didto ang madamo nga mga tawo sa bagay nga wala na sing lugar bisan pa sa atubangan sang pwertahan. Si Jesus nagawali gid sa ila sang pulong sang Dios
"Myintras ginapahayag niya an Maayo Na Barita sa inda,",sang mag-abot ang pila ka mga tawo nga ang apat sa ila nagayayong sang isa ka paralitiko.
may paralitiko na nag-abot na ginabayawan pakadto sa iya san upat na tawo.,"Pero indi sila makapalapit kay Jesus tungod kay nagaginutok ang mga tawo. Gani nagguhab sila sing lulotsan sa atop sang balay, didto gid nayon sa nahamtangan ni Jesus. Sang naguhaban na gintunton nila ang paralitiko nga yara sa iya higdaan."
Tungod san kadamuan na tawo dili na sinda makahalapit kan Jesus. Kun kaya nagsaraka sinda sa atop kag didi gintangkasan an atop sa may tungod ni Jesus. Tapos gintunton ninda an nahihigdaan san paralitiko.,"Kag sang nakita ni Jesus kon daw ano kadako ang ila pagtuo, nagsiling sia sa paralitiko, “Anak ko, napatawad na ang imo mga sala.”"
"San mapanginano ni Jesus an inda ginhimo dahilan san pagtuod sa iya, nagsabi siya sa paralitiko, “Anak, napatawad na an imo mga kasal-an.”","Karon may pila ka mga manunodlo sang Kasugoan nga nagapungko didto kag nagmuno sa ila kaugalingon,"
"Sadto na kaurason may mga paratukdo san Kasuguan na nagairingkod patalibod na nagairisip,","“Ngaa makahambal sia sing subong sina? Pagpasipala ina sa Dios! Wala sing tawo nga makapatawad sang mga sala, kundi ang Dios lamang.”"
“Nano kay nakasurmaton ini na tawo sin pareho sadto? Usad ini na pagbasang-basang sa Dios! Waraʼn makapatawad san kasal-an kundi an Dios lang gayod!”,"Sa gilayon nahibaluan ni Jesus ang ila mga hunahuna, gani nagsiling sia sa ila, “Ngaa nga nagapainuino kamo sing subong sina sa inyo kaugalingon?"
"Namalisyahan dayon ni Jesus ini na inda ginapanghuna-huna kaya ginhunga niya sinda, “Nano kay sugad sana an pag-isip niyo?","Diin bala ang mas mahapos, ang pagsiling sa paralitiko, ‘Napatawad na ang imo mga sala,’ ukon ang pagsiling ‘Bangon ka, dalha ang imo higdaan kag maglakat’?"
"Hain sani an mas maayo sabihon sa paralitiko na, ‘An imo mga sala napatawad na,’ o ‘Tindog, bitbita an imo duyan kag lakat’?","Karon pamatud-an ko sa inyo, nga ang Anak sang Tawo may awtoridad sa duta sa pagpatawad sang mga sala.” Gani nagsiling sia sa paralitiko,"
"Ugaling pagapamatuudan ko sa iyo agod maaraman niyo na ako na Anak San Tawo may poder sa pagpatawad san mga kasal-an didi sa kinab-an.” Tapos sinabihan niya an paralitiko,","“Nagasiling ako sa imo, bangon ka, dalha ang imo higdaan kag magpauli!”"
"“Adi an akon sugo sa imo: bangon kag bitbita an imo higdaan, tapos umuli ka na.”","Samtang nagatan-aw sila, ang paralitiko nagbangon, nagdala gilayon sang iya higdaan kag naglakat. Naurongan gid sila tanan kag nagdayaw sila sa Dios, nga nagasiling, “Wala pa gid kita makakita sing subong sini!”"
"Tapos nagtindog an paralitiko, binitbit dayon an iya higdaan kag naghali myintras nagamiriron sinda. Kaya nagngaralas sinda tanan kag gin-umaw an Dios na nagasabi, “Wara pa gayod kami nakakita sin sugad sani!”",Si Jesus nagbalik liwat sa higad sang Linaw sang Galilea. Nagpalapit sa iya ang madamo nga mga tawo kag nagsugod sia sa pagpanudlo sa ila.
"Niyan, nagbalik gihapon si Jesus sa may higad san danaw. Tapos, gintiripunan naman siya san damu-damo na mga tawo kaya gintukduan niya sinda.","Sang pagkatapos, nagpadayon sia sa paglakat. Nakita niya ang isa ka manugsukot sang buhis, si Levi nga anak ni Alfeo, nga nagapungko sa iya opisina. Si Jesus nagsiling sa iya, “Sunod ka sa akon.” Nagtindog si Levi kag nagsunod sa iya."
"Pagkatapos, myintras nagalakat siya, nakita niya an anak ni Alfeo na si Levi na parasukot san buwis na nagaingkod sa may kolektahan san buwis. Sinabihan siya ni Jesus, “Mag-upod ka sa akon.” Kaya, tumindog naman ini kag nag-upod sa iya.","Sang ulihi nagkaon si Jesus sa balay ni Levi. May madamo nga mga manugsukot sang buhis kag iban nga mga makasasala nga nagsunod kay Jesus, kag madamo sa ila ang nagkaon upod sa iya kag sa iya mga gintuton-an."
San nagakaon sinda Jesus kag san iya mga disipulos sa balay ni Levi damo na parasukot san buwis kag makasasala an kadurungan ninda Jesus kay damo sinda na nagsurunod sa iya.,"May pila ka manunodlo sang Kasugoan nga mga Fariseo nga nakakita kay Jesus nga nagkaon upod sa iban nga mga makasasala kag sa mga manugsukot sang buhis. Gani ginpamangkot nila ang iya mga gintuton-an, “Ngaa bala nagakaon sia upod sa mga manugsukot sang buhis kag sa iban nga mga makasasala?”"
"Kaya san nakita san mga Pariseo na paratukdo san Kasuguan na nakikaon sinda kaupod ni Jesus, ginhunga ninda an iya mga disipulos, “Nano kay nakikaon siya kaupod san mga parasukot san buwis kag iba na mga makasasala?”","Nabatian sila ni Jesus kag nagsabat sia, “Ang mga tawo nga wala sing balatian wala nagakinahanglan sang manugbulong, kundi ang mga masakiton lang. Wala ako mag-abot sa pagtawag sang mga matarong kundi sang mga makasasala.”"
"San mabatian ini ni Jesus ginsabat sinda, “Dili nagakinahanglan sin duktor an waraʼn sakit kundi idtoʼn mga masakiton. Nagkadi ako dili sa pag-agda sa mga matanos kundi sa mga parakasala.”","Isa sadto ka tion ang mga sumolunod ni Juan nga manugbautiso kag ang mga Fariseo nagapuasa. May mga tawo nga nagpalapit kay Jesus kag nagpamangkot sa iya, “Ngaa bala nga nagapuasa ang mga gintuton-an ni Juan nga manugbautiso kag ang mga gintuton-an sang mga Fariseo, pero ang imo mga gintuton-an wala nagapuasa?”"
"Usad sin adlaw myintras nagaayuno an mga disipulos ni Juan na Parabunyag kag san sa mga Pariseo, may mga nag-arabot na naghunga kan Jesus, “Nagaayuno na ngani an mga disipulos ni Juan kag san sa mga Pariseo. Nano kay dili nagaayuno an imo mga disipulos?”","Si Jesus nagsabat, “Nagapaabot bala kamo nga ang mga inagda sa kasal magapuasa samtang yara pa ang nobyo kaupod nila? Samtang yara pa ang nobyo kaupod nila, indi sila makahimo sina!"
"Ginsabat naman sinda ni Jesus paagi sa istorya, “Nano, pwede kaayuno an mga abay sa kasal myintras kaupod pa ninda an kinasal? Dili gayod sinda makaayuno myintras an kinasal kaupod pa ninda.","Pero magaabot ang adlaw nga ang nobyo pagakuhaon sa ila, kag dayon magapuasa sila sa sadto nga adlaw."
Pero maabot an adlaw na pagakuhaon siya sa inda kag amo pa lang sinda makaayuno tungod san kamunduan.”,"“Wala sing bisan sin-o nga nagagamit sing bag-o nga panapton sa pagtukap sa daan nga bayu. Kon himuon niya ini, ang bag-o nga tukap magakulo kag magagisi sang daan nga bayu kag mangindaku pa gid ang tulukapan."
"Tapos gin-istoryahan pa niya sinda para mapahayag na an iya bag-o na katukduan dili makabiyo sa mga daan. “Waraʼn matangkop sin bag-o na tela sa daan na bado, kay kun amo ini an himuon, an gintangkop na bag-o makuro kag mas lalo na madako an gisi.","Wala man sing bisan sin-o nga nagasulod sing bag-o nga bino sa daan nga sulodlan nga panit. Kon himuon niya ini, ang bino magabusdik sang daan nga panit, kag ang bino mauyang kag ang panit nga sulodlan indi na mapuslan. Pero ang bag-o nga bino ginasulod sa bag-o nga sulodlan!”"
"Sugad man, waraʼn masulod sin bag-o na bino sa daan na anit na surudlan kay kun sugad maputok an anit na surudlan kag an bino mawawasak. Kaya an bino masasayang kag masisira an surudlan. Kun kaya an bag-o na bino dapat lugod sa bag-o na anit na surudlan.”","Sang isa ka Adlaw nga Inugpahuway, si Jesus nag-agi sa tunga sang kaumhan sang trigo. Sang nagalakat ang iya mga gintuton-an upod sa iya, nagsugod sila sa pagpangutol sang mga uhay."
"Usad na Adlaw San Pagpahuway san sinda Jesus nagaaragi sa katriguhan, nagtuna an iya mga disipulos magpamudo sin mga binhi.","Gani ang mga Fariseo nagsiling kay Jesus, “Tan-awa bala, batok sa aton Kasugoan ang ginahimo sang imo mga gintuton-an sa Adlaw nga Inugpahuway!”"
"San makita sinda san mga Pariseo naghunga naman ini kan Jesus, “Kitaa! Nano kay ginahimo ninda an ginabawal kun Adlaw San Pagpahuway?”","Si Jesus nagsabat sa ila, “Wala gid bala ninyo mabasahi ang ginhimo ni David sang nagkinahanglan sia sing pagkaon? Sia kag ang iya mga tinawo gingutom,"
"Nagsabat naman siya, “Nano, wara pa kamo kabasa kun nano an ginhimo ni David san ginutom siya kag sadtoʼn mga kaurupod niya kay wara sindaʼn pagkaon?","gani nagsulod sia sa balay sang Dios kag nagkaon sang tinapay nga nahalad sa Dios. Natabo ini sang si Abiatar ang Pinakamataas nga Pari. Suno sa aton Kasugoan ang mga pari lang amo ang makakaon sini nga tinapay, pero si David nagkaon sini, kag ginhatagan pa niya ang iya mga tinawo.”"
San si Abiatar pa an pinakapuno san kapadian nagsulod si David sa templo san Dios kag kinuha an mga tinapay na ginhalad sa Dios na dili ngani dapat kaunon san iba pwera lang san mga padi. Ginbahinan niya an iya mga kaurupod tapos kinaraon ninda tanan.”,"Kag si Jesus nagsiling pa gid, “Ang Adlaw nga Inugpahuway ginhimo para sa kaayuhan sang tawo kag ang tawo wala paghimua para sa Adlaw nga Inugpahuway."
"Tapos ginsabihan niya sinda, “An Adlaw San Pagpahuway hinimo para sa tawo, dili an tawo para sa Adlaw San Pagpahuway.","Gani, ang Anak sang Tawo amo ang Ginoo bisan pa sang Adlaw nga Inugpahuway.”"
Sa iba na adlaw nagsulod gihapon si Jesus sa sinagoga kag may lalaki didto na kimay.,Dayon nagbalik si Jesus sa sinagoga sa diin may tawo nga may naitus nga kamot.
May mga nagamarasid man didto sa iya kun magabulong siya san kimay sa Adlaw San Pagpahuway agod may ikaakusar sinda sa iya.,"May mga tawo didto nga nagabantay kay Jesus kon ayuhon niya ang tawo sa Adlaw nga Inugpahuway, agod may isumbong sila batok sa iya."
"Aram niya an inda paghuna kaya tinawag an kimay, “Kadi anay.”","Si Jesus nagsiling sa tawo nga naitus ang kamot, “Magpalapit ka diri sa atubangan.”"
"Tapos naghunga siya sa mga nagamarasid, “Sabata ako, nano, pwede na himuon an kaayuhan kag salbaron an tawo sa Adlaw San Pagpahuway? O mas maayo an paghimo sin maraot kag pagpatay?” Pero wara sinda nagsarabat.",Dayon nagpamangkot sia sa mga tawo: “Ano ang ginatugot sang aton Kasugoan nga himuon ta sa Adlaw nga Inugpahuway? Ang magbulig bala ukon ang maghalit? Ang magluwas bala sang kabuhi sang isa ka tawo ukon ang magpatay?”
Kaya nagsud-ong siya patalibod na may kaurit pero namumundo man gayod tungod san kasutilan sani na mga tawo na habo magtuod sa iya.,Pero naghipos sila.
"Pakatapos ginsabihan niya an kimay, “Iunat an imo kamot.” Gin-unat man sani kag an iya pagkakimay nag-ayo na.","Gintulok ni Jesus nga may kaakig ang mga tawo nga nagalibot sa iya, pero nagkasubo sia tungod sang katig-a sang ila tagipusoon. Dayon nagsiling sia sa tawo nga naitus ang kamot, “Untaya ang imo kamot.” Gin-untay niya kag nag-ayo ini."
Dahilan sani nagruluwas an mga Pariseo kag nagtuna mag-istoryahan sa mga sakop ni Herodes kun pan-o siya ninda maipapatay.,Gani ang mga Fariseo naggwa sa sinagoga kag sa gilayon nagplano kaupod sa mga sumolunod ni Herodes kon paano mapatay nila si Jesus.
Si Jesus kaupod san iya mga disipulos nagkadto sa higad san danaw kag damo na mga taga-Galilea an nagsurunod sa iya.,"Si Jesus kag ang iya mga gintuton-an nagkadto sa Linaw sang Galilea, kag ginsunod sia sang madamo nga mga tawo. Ini sila halin sa Galilea, sa Judea,"
"May nag-tiripon man sa iya na damu-damo pa na mga taga-Judea, mga taga-Jerusalem, mga taga-Idumea, kag tagadidto pa sa unhan san Jordan kag sa iba pa na lugar san Tiro kag Sidon dahilan na nabati ninda an damo na mga maayo na nahimo niya.","sa Jerusalem, sa kadutaan sang Idumea, sa kadutaan sa tabok sang Jordan kag sa palibot sang mga siudad sang Tiro kag Sidon. Ini nga mga tawo nagkadto kay Jesus, kay nakabati sila sang mga butang nga iya ginapanghimo."
Kaya sinugo ni Jesus an iya mga disipulos na prepararan siya sin baruto na masakyan agod dili siya masu-suan san katawuhan.,"Tungod sang tama kadamo nga mga tawo, si Jesus nagsugo sa iya mga gintuton-an sa pag-aman sang sakayan para sa iya, agod indi sia maipit sang mga tawo."
Problema ini kay tungod na damo siya sin nabulong kaya tanan na mga masakiton an nakidis-ukan agod makadutdot lang sa iya.,"Madamo nga mga tawo ang iya gin-ayo, kag tungod sini ang tanan nga may balatian nagpanagil-ot sa pagpalapit kay Jesus, agod makatandog sa iya."
"Niyan san makita si Jesus saniʼn mga tawo na ginsurudlan san mga maraot na espirito, nagharapa naman sinda kag nagsiriyak ina na mga espirito, “Ikaw an Anak san Dios.”","Kag kon makita sia sang mga tawo nga may malaut nga mga espiritu, nagahapa sila sa atubang niya kag nagasinggit, “Ikaw ang Anak sang Dios!”"
Pero ginmandahan gayod niya an mga maraot na espirito na dili igsabi kun sin-o siya.,Ginpaandaman gid ni Jesus ang malaut nga mga espiritu nga indi magpanugid kon sin-o sia.
"Pakatapos nagsagka si Jesus sa bukid, tapos tinawag idtoʼn mga nauyunan niya kag nagtulos naman sinda sa iya.","Dayon si Jesus nagtaklad sa isa ka bakulod kag gintawag niya ang mga tawo nga iya luyag updon. Nagpalapit sila sa iya,"
"Dose sinda na pinili niya kag gintawag sindaʼn apostoles. Tapos ginsabihan, “Kamo magigin kaurupod ko kag susuguon ko kamo na magpahayag san Maayo Na Barita.","kag nagpili sia sang dose nga gintawag niya nga mga apostoles. Si Jesus nagsiling sa ila, “Ginpili ko kamo nga mag-upod sa akon. Ipadala ko man kamo sa pagwali,"
Kamo man pagahatagan ko sin poder na makapahali san mga demonyo.”,kag magaangkon kamo sang gahom sa pagtabog sang mga demonyo.”
"An napili niya amo ini: si Simon na ginpangaranan niyaʼn Pedro,","Ang dose nga ginpili ni Jesus amo ang masunod: si Simon nga ginhingalanan niya kay Pedro,"
"an mga anak ni Zebedeo na magmanghod na sinda Santiago kag Juan na ginpangaranan niya sin Boanerges na an gusto sabihon, mga Anak san Dalugdog.","si Santiago kag si Juan nga mga anak ni Zebedeo nga ginhingalanan niya nga Boanerges, nga kon sayuron “Mga Anak sang Daguob”,"
"Tapos si Andres naman, Felipe, Bartolome, Mateo, Tomas, si Santiago na anak ni Alfeo, Tadeo, si Simon na panatiko,","si Andres, si Felipe, si Bartolome, si Mateo, si Tomas, si Santiago nga anak ni Alfeo, si Tadeo, si Simon nga Makipungsodnon"
kag si Judas Iscariote na amo an magatraydor sa iya.,kag si Judas Iscariote nga sang ulihi nagluib sa iya.
Pakatapos nag-uli si Jesus sa iya ginadayunan. Damu-damo gihapon na mga tawo an nagtiriripon sa iya didto na dili na ngani sinda Jesus makakaon.,Dayon si Jesus nagpauli. Sa liwat nagtilipon sa palibot niya ang madamo nga mga tawo sa bagay nga sia kag ang iya mga gintuton-an wala na sing tion sa pagkaon.
"San mabaritaan san iya pamilya ini na pangyari, kinadto siya para atamanon kay may nagsabi na siya nabubuang.","Sang mabatian ini sang iya pamilya, naglakat sila sa pagkuha sa iya, tungod kay ang mga tawo nagsiling, “Nagbuang sia!”"
"Pero an mga paratukdo naman san Kasuguan na naghali sa Jerusalem nagsabi, “Ada sa iya si Beelzebul kaya paagi lang sani na namumuno san mga demonyo an pagpaluwas niya san mga demonyo.”","May mga manunodlo sang Kasugoan nga nag-abot gikan sa Jerusalem nga nagsiling, “Yara sa iya si Beelzebul! Ang pangulo sang mga demonyo amo ang naghatag sa iya sing gahom sa pagtabog sa ila.”"
"Kaya tinawag niya sinda kag ginpahayagan paagi sa mga istorya. “Pan-o si Satanas makapahali kan Satanas,” an hunga niya.","Gani gintawag ni Jesus ang mga tawo sa pagpalapit sa iya kag naghambal sia sa ila sing pila ka mga palaanggiran, “Ano bala ang pagtabog ni Satanas kay Satanas?"
"“Kun may kahadian na may araraway sa inda mismo, dili ini madudugay.","Kon ang isa ka pungsod magbinahinbahin sa iya kaugalingon kag mag-ilinaway ang isa batok sa isa, ina nga pungsod magabuloblag."
"Kun may panimalay man na may araraway sa inda mismo, dili man ini madudugay.","Kon ang isa ka panimalay magbinahinbahin sa iya kaugalingon kag mag-ilinaway ang isa batok sa isa, ina nga panimalay magabuloblag."
"Kun si Satanas ginakontra san iya mga sakop kag naburulag sinda, dili siya magadugay. Amo na ini an katapusan sani.","Gani, kon ang ginharian ni Satanas mag-ilinaway batok sa iya kaugalingon kag magbinahinbahin, ina nga ginharian indi magdugay, kundi magabuloblag, kag amo ini ang iya katapusan."
"O kun ipamutang ta pa, waraʼn masulod sa balay san tawo na maisog agod kuhaon an mga butang sani kun dili anay gapuson ini. Tapos amo na niya makawatan an balay sani.”","“Wala sing bisan sin-o nga makasulod sa balay sang isa ka tawo nga makusog sa pagkuha sang iya mga pagkabutang, luas kon iya anay gapuson ang tawo nga makusog. Kon mahimo na niya ini sarang na sia makapanguha sa amo nga balay."
"Nagpadayon si Jesus, “Tandai an sasabihon ko! An tanan na kasal-an san katawuhan mapapatawad hasta an pagpakaraot sa tawo o bisan man sa Dios,","“Dumdoma ninyo ini! Ang mga tawo sarang mapatawad sang tanan nila nga mga sala kag sang tanan nga mga malaut nga ila ginahambal,"
pero an magpakaraot sa Espirito Santo dili gayod mapapatawad hasta na lang kundi kakastiguhon siya sa impyerno hasta na lang.”,"pero ang bisan sin-o nga nagahambal sing malain batok sa Espiritu Santo, indi gid mapatawad, kay sia nakahimo sing sala nga wala sing kapatawaran.”"
Ini an ginsabi niya kay nagsarabi sinda na siya may maraot na espirito.,"Ginhambal ini ni Jesus, kay may iban nga nagsiling, “May malaut nga espiritu sa iya.”"
"Niyan, nag-abot an iya iloy kag mga kamaranghod na lalaki. Nagahurulat sinda sa luwas kag ginpatabian siya.",Dayon ang iloy kag ang mga utod ni Jesus nag-abot. Nagtindog sila sa gwa sang balay kag nagpahibalo nga gusto sila magpakigkita kay Jesus.
"Damu-damo na mga tawo an nagairingkod patalibod ni Jesus san siya ginsabihan, “Kitaa, ada sa luwas an imo iloy kag mga kamaranghod na lalaki na ginapatabian ka.”","May madamo nga mga tawo nga nagapungko sa palibot ni Jesus, kag nagsiling sila sa iya, “Ang iloy mo kag ang imo mga utod yara sa gwa, kag gusto sila magpakigkita sa imo.”"
"Nagsabat siya, “Sin-o an akon iloy? Sarasin-o an akon mga kamaranghod na lalaki?”","Nagsabat si Jesus, “Sin-o bala ang akon iloy? Sin-o bala ang akon mga utod?”"
"Pakasud-ong niya sa nagairingkod patalibod nagsabi siya, “Adi an akon iloy kag mga kamaranghod!","Gintulok niya ang mga tawo nga nagapungko sa palibot niya, kag nagsiling, “Tan-awa ninyo, yari ang akon iloy kag mga utod!"
"Sa iba na adlaw nagtuna si Jesus pagtukdo didto sa may higad san danaw. Tungod kay damu-damo na mga tawo an nagtiripon patalibod niya, nagsakay siya sa sarakyan sa danaw kag didto nag-ingkod. An kadamuan naman adto sa may pangpang san danaw.",Sa liwat si Jesus nagpanudlo sa higad sang Linaw sang Galilea. Tama gid kadamo ang mga tawo nga nagtilipon sa palibot niya sa bagay nga nagsakay sia sa isa ka sakayan nga nagalutaw sa tubig kag nagpungko sia sa sini samtang ang madamo nga mga tawo nagpabilin sa bibi sang linaw.
"May pasadi-sadi na gintukdo siya sa inda paagi sa mga istorya. Sa iya pagtukdo nagsabi siya,","Si Jesus naggamit sang mga palaanggiran sa pagtudlo sa ila sang madamo nga mga butang, kag sa iya pagpanudlo nagsiling sia sa ila:"
“Niyan pamati kamo! May parauma na nagpauma para magsabwag.,“Magpamati kamo! May isa ka tawo nga naglakat sa pagsab-og.
Sa iya pagsabwag may mga binhi na nakatupa sa may dalan pero tinuruka ini san mga sapat na nag-arabot.,"Sang pagsab-og niya sang binhi, ang iban nagtupa sa dalan, kag nagdapo ang mga pispis kag nagtuka sini."
"May mga nakatupa man sa kabatuhan na didto dyutay la an duta. Nagturubo dayon ini kay hamabaw man lang an duta,","Ang iban nagtupa sa batuhon nga lugar, sa diin hapaw lamang ang duta. Sa wala lang madugay nagtubo ang binhi tungod kay manabaw ang duta."
"pero pagragit san adlaw naluyos, tapos nag-uga idto kay wara makagamot sin maayo.","Sang udtong adlaw na, nalayong ang bag-ong tubo nga mga tanom, kag bangod kay indi gid madalom ang gamot sini, ang tanom madali nga nalaya."
May iba naman na mga binhi na nakatupa sa katunukan pero pagdaragko san katunukan nasiutan ini kaya wara kapamunga.,Ang iban nga binhi nagtupa sa duta nga may mga talungon. Nagtubo ang mga talungon kag naglumos sang tanom kag wala ini magpamunga.
"Niyan may iba man na mga binhi na nakatupa sa mataba na duta, nagturubo sin maayo, nagdaragko kag nagburunga. May mga nagbunga sin tigtraynta, may tigsisenta kag an iba pa ginatos kada binhi.”","Pero ang iban nga binhi nagtupa sa maayo nga duta, namuhi, nagtubo kag nagpamunga: ang iban sini nagpatubas sing traynta ka pilo, ang iban sini sesenta ka pilo, kag ang iban sini 100 ka pilo.”"
"Pakatapos nagsabi pa siya, “Kamo na makabati, magpamati sin maayo!”","Kag si Jesus nagsiling, “Gani, magpamati kamo, kon may mga dulonggan kamo!”"
"San si Jesus na lang kag san dose na mga disipulos kaupod pa an mga pira ka tawo na nakatiripon sa iya, ginhunga ninda siya kun nano an gusto sabihon san iya gin-istorya.","Sang nagaisahanon na lang si Jesus, ang iban nga nakabati sa iya nagpalapit upod sa dose ka mga apostoles kag nagpangabay nga ipaathag niya ang mga palaanggiran."
"Nagsabat naman siya, “Kamo an gintugutan na maaraman an sikreto san kahadian san Dios pero sa mga iba an tanan sani ginatukdo paagi sa mga istorya,","Si Jesus nagsabat sa ila, “Sa inyo nahatag ang tinago nahanungod sang paghari sang Dios, pero ang iban nga indi katapo sini magapamati sini tanan paagi sa mga palaanggiran,"
agod bisan,"agod nga,"
"‘sing-ano an kakita ninda dili gihapon ninda mapanginanuhan kag abir sing-ano an kapamati ninda dili gihapon sinda makasabot,","‘Magatulok nga magatulok sila,"
"kay kun nasasabutan ninda ini magabag-o na kuntani sinda kag an inda mga sala mapatawad.’,”","pero indi makakita,"
"Sinabihan sinda ni Jesus, “Nano, dili niyo ini nasasabutan na istorya? Kun sugad, pan-o pa niyo masasabutan an iba pa na sugad sani? Amo ini an gusto sabihon sana na istorya.","magapamati nga magapamati sila,"
An ginasabwag san parauma amo an mga surmaton san Dios.,"pero indi makahangop,"
"Pareho an nakatupa sa dalan na mga binhi amo idtoʼn mga nakabati sana na surmaton, tapos nagaabot dayon si Satanas kag nagahali san surmaton na inda nabati.",kay kon makahangop sila basi magliso sila sa Dios
"Pareho man san mga binhi na nakatupa sa kabatuhan idtoʼn mga nakabati san surmaton, tapos nagatuod dayon kag nagakarilipay.",kag patawaron niya sila.’”
"Pero kay wara ninda ini ipasabuot kaya dili ini nadudugay. Nagatubo anay an inda pagtuod sin kadali pero oras na may kalisdanan o kasakitan dahilan san pagsunod sa katukduan, nawawara dayon an inda pagtuod.","Dayon si Jesus nagpamangkot sa ila, “Indi bala kamo makahangop sini nga palaanggiran? Karon, paano abi ang pagkahangop ninyo sang bisan ano nga palaanggiran?"
"“May mga iba pa na pareho man san mga binhi na ginsabwag sa katunukan. Nakabati sinda san surmaton,",Ang manugsab-og nagsab-og sang pulong sang Dios.
"pero an mga kahandalan san pagkabuhay, an kasadya san kayamanan kag san paghandom san damo na mga bagay amo an nagapalimot san surmaton kaya wara ini makapamunga.","Ang iban nga mga tawo kaangay sang binhi nga nagtupa sa dalan: sang pagkabati nila sang pulong sang Dios, sa gilayon nagaabot si Satanas kag nagaagaw sang pulong nga ginsab-og sa ila."
"Pareho naman san mga binhi na nakatupa sa mataba na duta amo ini an mga nakapamati san surmaton kag nagasunod man sani bagaʼn mga tanom na nakapamunga sin tigtraynta, sin tigsisenta o sin ginatos kada binhi.”","Ang iban nga mga tawo kaangay sang binhi nga nagtupa sa batuhon nga duta. Sang pagkabati nila sang pulong sang Dios, sa gilayon ginbaton nila ini sang malipayon."
"Nagsurmaton pa si Jesus, “Nano, ginasindihan an ilawan para tahuban sa bangkat o itago sa sirong san katri? Syimpre dili! Dapat ini ipaitaas agod mapawaan an tanan.","Pero wala ini nagatudok sa ila tagipusoon, kag wala nagapabilin sing madugay. Gani sa gilayon wala na sila nagapadayon kon mag-abot ang mga pag-antos ukon mga paghingabot tungod sang pulong sang Dios."
May panahon man na ihahayag gayod an nano man na bagay na gintago kag an nano man na ginsikreto ipapaaram man.,"Ang iban nga mga tawo kaangay sang binhi nga ginsab-og sa duta nga may mga talungon. Ini sila amo ang nakabati sa pulong sang Dios,"
"An sin-o man na makabati, magpamati sin maayo!”","pero ang palaligban sang pangabuhi, ang paghigugma sa manggad, kag ang paghandom sa iban nga mga butang nagaginutok sa ila mga tagipusoon kag nagalumos sang pulong sang Dios, kag wala ini nagapamunga."
"Nagsabi pa si Jesus, “Isipa sin maayo an iyo ginapamatian. An sukulan na ginagamit niyo amo man an sukulan na gagamiton sa iyo kag papasobrahan pa ina.","Pero ang iban nga mga tawo kaangay sang binhi nga ginsab-og sa maayo nga duta. Nagapamati sila sa pulong sang Dios, ginabaton nila ini, kag nagapamunga: ang iban traynta ka pilo, ang iban sesenta ka pilo kag ang iban 100 ka pilo.”"
"Kaya, siya na igwa pagadagdagan pa pero sa iya na wara-wara gayod an nano man na dyutay na ada sa iya pagakuhaon pa.”","Si Jesus nagpadayon: “May nagadala bala sing suga kag nagabutang sini sa idalom sang isa ka sulodlan, ukon sa idalom sang katre? Wala bala niya ini ginabutang sa tulongtungan?"
"Nagpadayon pa gayod si Jesus, “Pareho pa san nagasabwag san mga binhi sa iya uma an kahadian san Dios.","Ang bisan ano nga ginatago, igapahayag kag ang bisan ano nga ginatabunan, pagabuksan."
"Sa damo na mga adlaw kag gab-i, bisan magturog o magmata an parauma, an mga binhi nagaturok kag nagadaragko pero wara siyaʼn kaaraman kun pan-o ini nagatubo.","Gani, kon sin-o ang luyag magpamati, magpamati sia!”"
"An duta amo mismo an nagapaturok kag nagapabunga san mga tanom. Primero mauslot, masunod an uhay tapos an matimsog na pasi.","Kag si Jesus nagsiling pa gid sa ila, “Talupangda gid ang inyo ginapamatian! Ang talaksan nga inyo ginagamit sa paghukom sa iban amo man ang pagagamiton sang Dios sa paghukom sa inyo, kag sobra pa sini ang pagahimuon sa inyo."
Paghinog san bunga insigida ginagarab kay amo na an tig-anihan.”,"Ang tawo nga may iya na pagahatagan pa gid, kag ang tawo nga wala sing iya, bisan ang diutay nga yara sa iya pagakuhaon pa.”"
"Nagsurmaton pa si Jesus, “Sa nano naton ikapareho an kahadian san Dios? Nano daw na istorya an makapahayag sani?","Nagsiling pa gid si Jesus, “Ang paghari sang Dios kaangay sang tawo nga nagsab-og sang binhi sa iya uma."
Pareho ini san pisog san mustasa na kun ginatanom amo an pinakadyutay sa mga pisog sa bilog na kinab-an.,"Nagatulog sia kon gab-i, kag kon adlaw nagaobra sia, samtang ang tanom sa binhi nagaulhot kag nagatubo, pero wala sia kahibalo kon paano ang pagkahimo sini."
Pero kun natanom na ini nagigin pinakadako san mga tinanom kag nagsasaranga sin daragko kaya nasasalagan kag nasisirungan san mga sapat.”,"Ang duta mismo nagapatubo kag nagapabunga sang mga tanom, nahauna ang dahon, madason ang uhay, kag sa ulihi ang matinggas nga bunga."
Sa paggamit sin manlain-lain na istorya gintukdo ni Jesus an surmaton san Dios susog sa inda kakayahan na pagsabot.,"Kon ang bunga gulang na, nagapadala sia sing manuggarab, tungod kay ang tig-alani nag-abot na.”"
"Kun sa kadamuan, an iya panukdo pirme paagi sa istorya pero kun siya kag san iya mga disipulos lang, ginapahayag niya an tanan.","Si Jesus nagpamangkot, “Sa ano bala mapaanggid ang paghari sang Dios? Ano nga palaanggiran ang aton gamiton sa pagpaathag sini?"
"Pagkagab-i sadto na adlaw gin-agda sinda ni Jesus, “Hamos kita patabok san danaw.”","Kaangay ini sang isa ka binhi sang mustasa, ang labing diutay nga binhi sa kalibutan, kag ginatanom ini sa duta."
Kaya gin-upod ninda si Jesus sa inda dako na baruto kag nagpalawod. Igwa pa sin iba na mga sarakyan na nagsabay sa inda.,Dayon nagatubo ini kag nagadaku sing labaw sa mga kahuykahoy. Ang iya mga sanga nagadalagku sa bagay nga ang mga pispis nagahapon kag nagapugad sa iya mga sanga nga mahandong.”
Taud-taod may umabot na subasko kag nasasabyahan san balod an inda sarakyan kaya haros malunod na ini.,"Paagi sa mga palaanggiran nga kasubong sini, nagwali si Jesus sa mga tawo sang pulong sang Dios. Naghambal sia sa ila suno sa ila mahangpan."
"Pero maanok an pakakaturog ni Jesus sa ulin na nakaulon pa. Pinukaw siya kag sinabihan ninda, “Maestro, wara ka baʼn labot kun malunod kita?”","Wala sia naghambal sa ila kon indi paagi sa mga palaanggiran. Pero kon silahanon lang sang iya mga gintuton-an, ginasaysay niya ang tanan sa ila."
"Nagbangon siya kag ginsaway an hangin, “Udong!” Tapos ginsugo naman niya an mga balod, “Ayaw pagparahiwag!” Nag-udong dayon an hangin kaya malinaw na gayod.","Sang sirom na sang amo nga adlaw, nagsiling si Jesus sa iya mga gintuton-an, “Dali, matabok kita sa pihak sang linaw.”"
Nag-abot sinda Jesus sa lugar san mga Geraseno sa tabok san danaw.,Nag-abot si Jesus kag ang iya mga gintuton-an sa tabok sang Linaw sang Galilea sa duta sang mga taga-Gerasa.
Pakalusad lang ni Jesus sa sarakyan may nakasugat siya na lalaki hali sa rulubngan na mga kweba. Ini na lalaki nasudlan sin maraot na espirito.,"Sang makapanaog si Jesus sa sakayan, ginsugata sia sang isa ka tawo nga naggwa gikan sa mga kweba nga lulobngan. Ini nga tawo ginagamhan sang malaut nga espiritu"
Kaya adto na siya nagaistar sa rulubngan na mga kweba kag wara na gayod sin makagapos sa iya bisan kadena.,"kag nagaestar sa mga lulobngan. Wala na sing bisan sin-o nga makagapos sa iya, bisan pa gamitan sang mga kadena."
Pirme na ini siya ginagapos kag ginakadenahan ugaling dili nadudugay kay iya ginabugto an kadena kag ginarangka an pusas sa tiil kag wara na gayod sin nakadaog sa iya.,"Makapila na gingapos ang iya mga tiil kag mga kamot, pero ginabugras niya ang mga kadena, kag ginautod ang mga salsalon sa iya mga tiil. Sa pagkakusog sa iya sa bagay nga wala sing makasarang sa pagpugong sa iya."
Sa tanan na adlaw kag gab-i pirme siya nagaparasiyak sa may rulubngan na mga kweba kag sa mga kabukidan. Ginaparagamit man niya an mga bato agod samadan an iya lawas.,Sa adlaw kag sa gab-i nagalagawlagaw sia sa mga lulobngan kag sa mga bakulod nga nagatiyabaw kag ginapilas niya ang iya lawas sang mga bato.
"Pakalantaw san lalaki kan Jesus sa harayo, nagdalagan ini paapiki kag nagluhod sa may tiilan niya.","Malayulayo pa sia sang makita niya si Jesus, gani nagdalagan sia, nagluhod sa atubang niya,"
"7-8 Tapos nagmanda si Jesus, “Maraot na espirito, lumuwas ka sa lawas sani na tawo.” Didi naman an espirito paagi sani na lalaki nagsiyak sin makusog, “Jesus, anak san Pinakalabaw na Dios, nano an pakilabot mo sa akon? Magsumpa ka sa ngaran san Dios na dili mo ako pagpasakitan.”","kag nagtiyabaw sing mabaskog, “Jesus, Anak sang Labing Mataas nga Dios! Ano ang himuon mo sa akon? Maluoy ka! Sa ngalan sang Dios, indi ako pagsiluti!”"
"Pakatapos hinunga siya ni Jesus, “Sin-o ka?” Nagsabat siya, “An ngaran ko Damo kay damu-damo kami.”","Ginsiling niya ini tungod kay si Jesus nagsiling sa iya, “Malaut nga espiritu, maggwa ka sa sini nga tawo!”"
Nakimaluoy gayod siya na dili pagpalayason sadto na lugar an mga maraot na espirito.,"Gani ginpamangkot sia ni Jesus, “Ano ang ngalan mo?”"
"Niyan didto sa higad san bukid may damu-damo na mga baboy na nanginginaon,","Nagsabat sia, “Ang akon ngalan amo si ‘Madamo’ kay sa pagkadamo sa amon!”"
"kaya an mga maraot na espirito nakimaluoy kan Jesus, “Sugua na lang kami na makakadto sa mga baboy agod makasulod sa mga lawas sani.”",Kag sagad sia pakitluoy kay Jesus nga indi pagtabugon ang malaut nga mga espiritu pa gwa sa sadto nga lugar.
"Kaya tinugutan niya sinda. Nagruluwas naman sinda sa lawas san tawo kag nagsulod sa mga baboy. Tapos idto na maduha ka libo na mga baboy nagharabas palusad san pangpang, nagkahurulog sa danaw kag didto nagkarulumos.",Malapit sa sadtong lugar may daku nga panong sang mga baboy nga nagaungad sa banglid.
An mga parabantay naman san kababuyan nagdaralagan palungsod kag didto ginpamarita ini kag sa mga baryo sa patalibod. Kaya an mga tawo nagkaradto para makita kun nano man gayod an nangyari.,"Nagpakitluoy ang mga espiritu sa kay Jesus, “Pakadtua kami sa mga baboy, kag tugoti kami nga magsulod sa ila.”"
"Pag-abot ninda kan Jesus nakita ninda idtoʼn lalaki na dati ginsudlan san mga maraot na espirito. Adto na siya nagaingkod, nakaliwan na kag maayo na an kaisipan. Kaya an mga tawo nagkaharadlok.","Gani gintugotan niya sila. Ang malaut nga mga espiritu naggwa sa tawo kag nagsulod sa mga baboy. Ang bug-os nga panong nga mga 2,000 ka mga baboy, nagdinaguso padulhog sa kilid sang pil-as pakadto sa linaw, kag nagkalalumos sila tanan."
Idto naman na mga nakakita ginpamarita sa inda an nangyari sadtoʼn ginsudlan san mga demonyo kag san sa mga baboy pa.,Ang mga manugsagod sang mga baboy nagpalalagyo kag nagpanugid sa mga tawo sa banwa kag sa mga tawo sa mga barangay sang natabo. Ang mga tawo nagkadto sa pagtan-aw kon ano ang nahanabo.
Kaya nakimaluoy an mga tawo kan Jesus para humali sa inda lugar.,"Nagpalapit sila kay Jesus kag nakita nila ang tawo nga gingamhan anay sang mga demonyo. Nagapungko sia didto nga may bayu na, kag yara na sa iya husto nga panghunahuna, kag hinadlukan sila tanan."
"San makasakay na sinda Jesus sa inda sarakyan, idtoʼn lalaki na ginluwasan san mga demonyo nakimaluoy sa iya na tugutan siya mag-upod.","Ang mga nakakita sang nahanabo sa tawo nga ginagamhan sang mga demonyo, kag sang nahanabo sa mga baboy nagpanugid sa mga tawo."
"Wara magtugot si Jesus kundi sinabihan siya, “Umuli ka sa imo mga kahilungsod kag isumat sa inda an tanan na hinimo san Ginoo sa imo kag kun sing-ano an iya kaluoy sa imo.”",Tungod sini ginpangabay nila si Jesus nga magbiya sa ila lugar.
Kaya lumakat an lalaki kag ginapamarita patalibod san Decapolis an tanan na hinimo sa iya ni Jesus. Didi nagkangarawa an tanan.,"Sang manugsakay na si Jesus sa sakayan, ang tawo nga sang una gingamhan sang mga demonyo nagpakitluoy sa iya: “Paupda man ako sa imo!”"
"Pag-abot gihapon ni Jesus sa luyo san danaw na nakasakay sa sarakyan, damu-damo naman na mga tawo an nagtiripon sa iya sa higad san danaw.","Pero si Jesus indi magtugot, kundi nagsiling sa iya, “Pauli ka sa imo panimalay kag sugiri sila kon daw ano ang ginhimo sang Ginoo sa imo kag kon daw ano ang iya kaayo sa imo!”"
"Taud-taod may nag-abot na nagapamuno san sinagoga na an ngaran Jairo. Pakakita ni Jairo kan Jesus lumuhod sa may tiilan na nakimaluoy,",Gani naglakat ang tawo kag nagkadto sa rehiyon sang Decapolis nga nagapanugid sang ginhimo ni Jesus sa iya. Kag ang tanan nga nakabati sini natingala gid.
"“Sir, tikamatayon na gayod an anak ko na daragita kaya pakikadto anay kag pakidapat lang san imo kamot sa iya agod mag-ayo kag mabuhay siya.”",Si Jesus nagtabok liwat sa pihak sang linaw. Didto sa higad sang linaw gintipunan sia sang madamo nga mga tawo.
Kaya umupod si Jesus kan Jairo. Damu-damo man na mga tawo an nagasurunod kag nagasurusuan sa kan Jesus.,"Si Jairo, isa ka opisyal sang sinagoga, nagkadto didto, kag sang pagkakita niya kay Jesus nagluhod sia sa tiilan niya,"
Niyan didto sa kadamuan may babayi man na grabe an sakit. Pirme siya ginadugo sa sulod san dose ka tuig.,kag nagsagad gid sia pakitluoy: “Ang akon anak nga dalagita nagahimumogto. Kadtoi man sia palihog kag tanduga sia sang imo mga kamot agod magaayo sia kag mabuhi!”
Nagtios gayod siya sa damu-damo na mga duktor na nagburulong. Kaya naubos na an iya kwarta sin kapabulong pero imbes na mag-ayo naggrabe pa lugod siya.,Dayon si Jesus nag-upod sa iya. Madamo gid nga mga tawo ang nagsunod sa kay Jesus sa bagay nga nagaginutok sila sa palibot niya.
Nabaritaan niya an pagapambulong ni Jesus kaya nakisu-suan man siya sa may likudan ni Jesus kag gindutdot an bado sani.,"May isa ka babayi didto nga tama gid ang iya pag-antos tungod sang pagpanggwa sang madamo nga dugo sa iya sa sulod sang dose ka tuig,"
"Ginhimo niya ini kay inisip niya, “Kun madutdot ko lang bisan an iya ginasul-ot magaayo na ako.”","bisan pa nga ginbulong sia sang madamo nga mga manugbulong. Naurot na niya gasto ang iya kwarta sa pagpabulong, pero sa baylo nga mag-ayo sia, naglala pa gani sia."
Didto mismo nabatyagan san babayi na nahalin an dugay na niya na problema kay naudong dayon an pagparadugo sa iya.,"Nakabati sia nahanungod kay Jesus, gani nagpanagil-ot sia sa tunga sang madamo nga mga tawo sa likod nayon ni Jesus."
"Pakabatyag dayon ni Jesus na may gahom na lumuwas hali sa iya, lumingi sa mga tawo kag naghunga, “Sin-o an nagdutdot sa akon bado?”","Kay siling niya sa iya kaugalingon, “Kon matandog ko bisan lang ang iya bayu, magaayo ako.”"
"Nagsabat naman an iya mga disipulos, “Nakita mo gayod na damu-damo an nagadiris-ukan sa patalibod mo, kaya nano kay mahunga-hunga ka pa kun sin-o an nagdutdot sa imo bado?”","Gintandog niya ang bayu ni Jesus, kag sa gilayon nagtugon ang iya dugo, kag nabatyagan niya sa iya lawas nga nag-ayo na sia sa iya balatian."
Pero nagsud-ong si Jesus sa patalibod na ginahanap pa kun sin-o gayod an naghimo sadto.,"Sa gilayon nahibaluan ni Jesus nga may gahom nga naggwa sa iya, gani nagbalikid sia sa mga tawo kag nagsiling, “Sin-o ang nagtandog sang akon bayu?”"
"Palibhasa aram san babayi an nangyari, naghalapit siya na nahahadlok kag nagapangudog kan Jesus. Nagluhod ini sa tiilan niya kag ginsabi an tanan na kamatuudan.","Ang iya mga gintuton-an nagsabat, “Nakita mo na gid nga nagaginutok ang mga tawo sa palibot mo, ngaa nga nagapamangkot ka pa kon sin-o ang nagtandog sa imo?”"
"Sinabihan niya an babayi, “Tia, an imo pagtuod sa akon amo an nakaayo sa imo. Umuli ka sa kalinaw san isip kag mag-ayo ka sa imo pagtios.”",Pero nagpanghulonghulong si Jesus sa pagtan-aw kon sin-o ang naghimo sadto.
"Myintras nagasurmaton pa si Jesus may nag-arabot hali sa balay ni Jairo kag nagsumat, “Sir, an imo anak patay na. Siguro, dili mo na kinahanglan na samukon pa an Maestro.”","Ang babayi nakatalupangod sang nahanabo sa iya, gani nagpalapit sia nga nagakurog sa kahadlok, kag nagluhod sa tiilan ni Jesus, kag nagsugid sa iya sang bug-os nga kamatuoran."
"Wara lang pag-intyindiha ni Jesus ini na inda ginsumat kundi sinabihan an opisyal, “Ayaw kahadlok, kundi magtuod ka lang gayod sa akon.”","Si Jesus nagsiling sa iya, “Anak ko, ang imo pagtuo nag-ayo sa imo. Lakat ka sa paghidait, kay nag-ayo ka na sa imo balatian.”"
"Tapos wara si Jesus sin gintugutan na iba para mag-upod sa iya kundi si Jairo, sinda Pedro, Santiago kag san manghod sani na si Juan.","Sang nagahambal pa sini si Jesus, may nag-abot nga mga sinugo halin sa balay ni Jairo, kag nagsiling sa iya, “Napatay na ang imo anak nga babayi. Ngaa pabudlayan mo pa ang Manunodlo?”"
Pag-abot ninda sa balay san opisyal nakita ni Jesus na nagakaribok an mga tawo. May nagatarangis kag may naganguruyngoy sin makusog.,"Si Jesus waay nagsapak sang ila ginsiling, kundi nagsiling sia kay Jairo, “Indi ka magkahadlok, kundi magtuo ka lang.”"
"Pagsulod niya sinabihan sinda, “Nano ini na kasamukan kag pagnguyngoy? Dili patay an bata kundi natuturog lang.”",Dayon wala sia magtugot bisan kay sin-o sa pag-upod sa iya luas lamang kay Pedro kag sa mag-utod nga si Santiago kag si Juan.
Pakabati sani gintarawhan lang siya ninda kaya pinaluwas sinda ni Jesus. Pakatapos inagda niya an ginikanan san bata hasta an tulo niya na disipulos kag sumulod sa kwarto na ginahigdaan san bata.,"Sang pag-abot nila sa balay sang opisyal sang sinagoga, nakita ni Jesus ang mga tawo nga nagaginahod, kag nabatian niya ang mabaskog nga hinibi kag panalambiton."
"Pag-abot didto kinaptan ni Jesus sa kamot an bata kag sinabihan, “Talita koum” na an gusto sabihon, “Nene, bumangon ka.”","Nagsulod sia kag nagsiling sa ila, “Ngaa nagakinagula kag nagahinibi kamo? Ang bata indi patay, kundi nagakatulog lang sia!”"
Bumangon dayon an bata kag lumakat patalibod san kwarto. Dose anyos an iya edad. Kaya nginarat gayod an tanan sani na nangyari.,"Ginkadlawan nila sia, gani ginpagwa niya sila tanan, kag gindala niya ang amay kag iloy sang bata kag ang iya tatlo ka mga gintuton-an, kag nagsulod sa kwarto sa diin ang bata nahamyang."
"Pakatapos ginpadaanan sinda ni Jesus na dili gayod ini pag-ibarita bisan kanin-o man kag ginsugo sinda, “Hatagi siya sin makaon.”","Gin-uyatan niya sa kamot ang bata kag nagsiling sa iya, “ Talitha, koum ,” nga kon sayuron, “Inday, nagasiling ako sa imo, bangon ka!”"
Paghali didto si Jesus nag-uli sa iya sadiri na lungsod kaupod an iya mga disipulos.,Naghalin si Jesus sa sadto nga lugar upod sa iya mga gintuton-an kag nagkadto sa iya ginaestaran nga banwa.
"Pag-abot san Adlaw San Pagpahuway nagtuna siya pagtukdo sa sinagoga. An kadamuan sa inda na nagbarati nagkangarawa na nagasabi, “Diin siya nagkuha sani na iya ginapanurmaton? Nano na kadunungan ini na hinatag sa iya? Pan-o siya nakahimo sani na mga milagro?","Sang Adlaw nga Inugpahuway nagpanudlo sia sa sinagoga. May madamo nga mga tawo didto, kag sang pagkabati nila sa iya natingala gid sila kag nagpamangkot, “Diin bala niya kinuha ini tanan? Ano bala ini nga kaalam ang ginhatag sa iya? Paano ang paghimo niya sining mga milagro?"
"Dili ba ini an panday na anak ni Maria kag an iya mga kamaranghod pa sinda Santiago, Jose, Judas kag Simon? Dili ba tagaaton pa ngani an iya mga kamaranghod na babayi?” Kaya dili ninda siya gin-ako.","Indi bala ini sia ang panday nga anak ni Maria kag utod nanday Santiago, Jose, Judas kag Simon? Indi bala nga ang iya mga utod nga babayi taga-diri?” Gani indi sila magpati sa iya."
"Pero ginsabihan sinda ni Jesus, “Bisan sin-o na propeta ginagalangan bisan diin pwera lang sa iya sadiri na lungsod, sa sadiri na mga kaigmanghudan kag panimalay.”","Si Jesus nagsiling sa ila, “Ang isa ka propeta ginatahod bisan diin luas lang sa iya ginaestaran nga banwa kag sa iya mga pariente kag panimalay.”"
Sani na kamutangan wara gayod si Jesus sin nahimuan na milagro didto pwera la ngani may mga pira na ginbulong siya paagi san pagdapat san iya kamot sa mga masakit.,Wala sia didto makahimo sang mga milagro luas lang sa pag-ayo sang pila ka mga masakiton paagi sa pagtandog sa ila.
Kaya nangawa siya kay wara gayod sindaʼn pagtuod sa iya.,Natingala gid sia tungod kay wala sila sing pagtuo sa iya.
Bisan sugad sana an kamutangan naglibot si Jesus sa mga baryo na nagapangtukdo.,Dayon nagkadto si Jesus sa palibot nga mga barangay nga nagapanudlo sa mga tawo.
Tapos pagtawag niya san iya dose na disipulos ginhatagan sin poder sa pagpahali san mga maraot na espirito sa mga tawo. Pakatapos sinugo sinda sin tigduha-duha agod makapahayag san Maayo Na Barita.,Gintawag niya ang dose ka mga apostoles kag ginpalakat sila sing tagduhaduha. Ginhatagan niya sila sing autoridad sa pagtabog sang malaut nga mga espiritu.
"Amo ini an iya mga gintugon sa inda, “Dili kamo magdara sin nano man na bagay pwera lang san tungkod. Dili magbalon sin pagkaon, surudlan o kwarta sa iyo bulsa.","Ginmanduan niya sila nga sa ila pagpanglakaton indi magdala sing pagkaon ukon kwarta ukon bag, kundi sang sungkod lamang."
Dili magdara sin liwanan pero pwede kamo makasandalyas.”,Sarang sila makagamit sang sandalyas pero indi na sila magdala sang ilislan nga bayu.
"Nagsabi pa siya sa inda, “Kun sin-o an magpadayon sa iyo, didto lang kamo mag-istar hasta na kamo maghali sana na lungsod.","Ginsingganan pa gid niya sila, “Kon mag-abot kamo sa isa ka banwa, magdayon kamo sa balay sang nagabaton sa inyo tubtob sa inyo paghalin sa sina nga lugar."
"Ugaling kun may mga lugar na wara sin magpadayon o magpamati sa iyo, paghali niyo dida taphuda anay an alpog sa iyo tiil bilang padaan na may paghusgar na maabot sa inda.”","Kon magkadto kamo sa isa ka banwa sa diin wala kamo ginabaton ukon ginapamatian sang mga tawo, bayai ninyo ina nga lugar kag tataka ang mga yab-ok sa inyo mga tiil. Ini manginpaandam sa ila!”"
Kaya nagralakat sinda kag magpahayag na an katawuhan dapat magbasol kag magbaya sa inda pagkasala.,Gani naglakat ang dose ka mga apostoles kag nagwali sa mga tawo nga dapat sila magbiya sa ila mga sala.
Damo na mga demonyo an ginpaluwas ninda sa mga nasudlan na tawo kag ginlahidan ninda sin lana an mga masakiton kag nag-arayo.,"Gintabog nila ang madamo nga mga demonyo, kag ginhaplasan nila sing lana ang mga masakiton kag nag-alayo sila."
"Niyan nabaritaan san hadi na si Herodes an manunungod kan Jesus tungod na siya kilala na. May nagsabi na, “Siya si Juan na Parabunyag na nabuhay gihapon kaya dahilan sani ada na sa iya ini na mga kagamhanan.”","Karon ini tanan nabatian ni Haring Herodes tungod kay ginbantog si Jesus sa tanan nga lugar. May mga tawo nga nagsiling, “Nabanhaw si Juan nga manugbautiso! Amo ini ang kabangdanan kon ngaa may gahom sia sa paghimo sang mga milagro.”"
"An iba naman nagsabi, “Siya si Elias.” An iba pa gayod nagasabi, “Siya propeta pareho san kasadto.”","Pero ang iban nagsiling, “Si Elias sia.”"
"Pakabati ni Herodes san tanan nagsabi, “Siya si Juan na ginpapugutan ko sin ulo kag yana nabuhay gihapon.”","Kag ang iban pa gid nagsiling, “Isa sia ka propeta, kaangay sang mga propeta sang una anay.”"
"17-18 Niyan ini si Herodes amo an nagpadakop kan Juan, nagpagapos kag nagpapriso sa iya kay ginsaway niya si Herodes, “Dili tugut sa Kasuguan na asawahon mo an asawa san imo manghod.” Nagasabi siya sani dahilan na gin-asawa ni Herodes si Herodias na asawa san iya kamanghod na si Felipe.","Sang pagkabati ni Herodes sini nagsiling sia, “Si Juan nga manugbautiso sia! Ginpapugotan ko sia, pero karon nabanhaw!”"
Kaya daku-dako an paghumot ni Herodias kan Juan na gusto niya ini ipapatay. Pero dili niya nahimo,Si Herodes mismo amo ang nagmando nga ipadakop kag ipagapos kag ipabilanggo si Juan. Ginhimo ni Herodes ini tungod kay Herodias nga iya ginpangasawa bisan nga sia asawa sang iya utod nga si Felipe.
dahilan na si Herodes nahahadlok kan Juan kay aram niya na matanos kag banal ini na tawo kaya ginpabantayan niyaʼn maayo. San pakabati ni Herodes kan Juan nalisang siya pero nalilipay man mamati.,"Pirme lang si Herodes ginahambalan ni Juan nga manugbautiso, “Indi matarong ang imo pagpakigpuyo sa asawa sang imo utod!”"
"Niyan pag-abot san komplianyo ni Herodes may oportunidad si Herodias na matuman an iya humot kay nagpaponsya si Herodes para sa iya mga opisyales, mga namumuno na suldados kag mga kilala na tawo san Galilea.","Gani gindumtan ni Herodias si Juan kag gintuyo niya nga patyon sia, pero indi sia makahimo sini tungod kay Herodes."
Didi sumulod an daraga na anak ni Herodias kag nagsayaw para sa inda. Ginpalipay gayod si Herodes kag san iya mga bisita.,"Nahadlok si Herodes sa kay Juan tungod kay nahibal-an niya nga si Juan matarong kag balaan nga tawo. Gani, gin-apinan niya si Juan nga indi maano. Naluyag sia magpamati sa iya wala sapayan nga nagakatublag gid sia sa kada tion nga nagapamati sia sa iya."
"Kaya sinabihan niya an daraga, “Ayua kun nano man an gusto mo kay igahatag ko.”","Sang ulihi nag-abot gid ang kahigayunan nga ginahulat ni Herodias. Kaadlawan yadto ni Herodes kag naghiwat sia sing isa ka punsyon para sa mataas nga mga pangulo sang banwa, mga opisyales sang mga soldado kag bantog nga mga pumoluyo sang Galilea."
"Nagsumpa pa ngani siya sa daragita, “Ihahatag ko sa imo an nano man na ayuon mo bisan an katunga san akon kahadian.”","Ang anak nga babayi ni Herodias nagsulod kag nagsaot, kag naglingaw sa kay Herodes kag sang iya mga dinapit. Gani ang hari nagsiling sa dalagita, “Pangayo ka sang bisan ano nga luyag mo kay ihatag ko sa imo.”"
"Tapos nagluwas an daraga kag naghunga sa iya iloy, “Mama, nano daw an aayuon ko?”","Kag nagsiling pa sia, “Ginasumpa ko nga ihatag ko sa imo ang bisan ano nga pangayuon mo, bisan pa ang katunga sang akon ginharian!”"
"Nagsabat an iloy, “An ulo ni Juan na Parabunyag.”","Gani naggwa ang dalagita kag nagpamangkot sa iya iloy, “Ano bala ang pangayuon ko?”"
"Nagbalik dayon an daraga pakadto sa hadi kag nag-ayo, “Gusto ko na ihatag mo sa akon sugad sana dayon an ulo ni Juan na Parabunyag na nakabutang sa bandihado.”","Ang iloy nagsabat, “Ang ulo ni Juan nga manugbautiso.”"
Pakabati sani san hadi namundo gayod siya pero wara nakabalibad san gin-ayo san daraga kay nakatuga siya sa iya kag makaaralo man siya sa mga bisita kun bawion niya an iya surmaton.,"Sa gilayon nagdalidali sa pagbalik ang dalagita sa hari kag nagpangabay, “Gusto ko nga ihatag mo sa akon sa gilayon ang ulo ni Juan nga manugbautiso sa isa ka bandihado!”"
"Kaya may sinugo dayon siya na suldados na darhon sa iya an ulo ni Juan. Sinunod san suldados an sugo san hadi. Pinugutan niya si Juan sa prisuhan,","Nagpasubo gid ini sa hari, pero indi na sia makabalibad tungod kay nagpanumpa sia sa atubang sang iya mga inagda."
tapos dinara an ulo sani na nakabutang sa bandihado kag hinatag sa daraga. Hinatag naman dayon san daraga sa iya iloy.,Gani ginsugo niya sa gilayon ang isa ka soldado sa pagdala sa iya sang ulo ni Juan. Nagkadto ang soldado sa prisuhan kag ginpugotan si Juan.
San mabaritaan ini san mga disipulos ni Juan kumadto sinda kag kinuha an iya lawas tapos linubong.,Kag gindala niya ang ulo nga natungtong sa isa ka bandihado kag ginhatag ini sa dalagita nga amo ang naghatag sini sa iya iloy.
Nagbalik an mga apostoles ni Jesus sa iya kag ginsumatan siya san tanan na inda nahimuan kag ginpangtukdo.,"Sang mabatian ini sang mga gintuton-an ni Juan, ginkadtuan nila kag ginkuha ang iya bangkay kag ginlubong."
"Damu-damo na mga tawo an nagaarabot agod makaistorya kan Jesus tapos nagaharalin kaya wara ngani sinda Jesus sin panahon bisan sa pagkaon. Tapos sinabihan ni Jesus an mga apostoles, “Kadi anay kamo. Hamos na pakadto na kita-kita lang sa mapuyo na lugar agod magpahuway.”",Ang mga apostoles nagbalik sa kay Jesus kag ginsugiran nila sia sang tanan nga ila nahimo kag napanudlo.
Kaya nagsarakay sinda sa sarakyan agod magkadto sa mamingaw na lugar na sinda-sinda lang.,"Sa pagkadamo sang mga tawo ang nagapakadto kag nagapakari sa bagay nga si Jesus kag ang iya mga gintuton-an wala na sing tion bisan sa pagkaon. Gani nagsiling sia sa ila, “Dali masaylo kita sa isa ka lugar nga kitahanon lang agod makapahuwayhuway kamo.”"
Damu-damo ugaling na mga tawo na nakita sinda sa inda pagsakay an nakakilala sa inda. Kaya nagdaralagan an mga tawo hali sa tanan na lungsod kag nauna sa inda pag-abot didto.,Gani nagsakay sila sa sakayan nga silahanon lang kag nagkadto sa isa ka naligwin nga lugar.
"San paglusad ni Jesus sa sarakyan, damu-damo na mga tawo an iya nakita kag nagbatyag siya sin kaluoy sa inda kay baga sinda an mga karnero na waraʼn nagaataman. Kaya nagtuna siya pagtukdo sa inda sin mga manlain-lain na mga bagay.","Pero madamo nga mga tawo ang nakakita sang ila paghalin kag nakahibalo dayon kon sin-o sila. Gani naggwa sila sa tanan nga mga banwa kag nagdalagan pakadto sa ginapadulongan ni Jesus kag sang iya mga gintuton-an, kag una pa sila makaabot didto."
"San banda hapon na, nagharalapit sa iya an iya mga disipulos kag nagsabi, “Usad ini na mamingaw na lugar kag pasado na sa oras,","Sang pagtakas ni Jesus, nakita niya ang masyado kadamo nga mga tawo kag nagbatyag sia sing kaluoy sa ila tungod kay subong sila sang mga karnero nga wala sing manugbantay. Kag gintudloan niya sila sang madamo nga mga butang."
kaya pahalia na an mga tawo agod makakadto sa mga kaumahan kag mga baryo patalibod para makabakal sin makaon.”,"Sang hapon na gid ang iya mga gintuton-an nagkadto sa iya kag nagsiling, “Hapon na gid kag baw-ing ini nga lugar."
"Pero nagsabat si Jesus, “Hatagi na lang niyo sindaʼn makaon.”",Palakta kag pakadtua ang mga tawo sa mga barangay ukon sityo sa palibot agod nga makabakal sila mismo sang ila pagkaon.”
"Nagsabi naman an mga disipulos sa iya, “Nagakinahanglan ina sin sobra pa sa walo ka bulan na sweldo san usad na trabahador. Nano, magastos pa ba kami sin sugad sana sa tinapay para ipakaon sa inda?”","Nagsabat si Jesus, “Kamo mismo ang maghatag sa ila sing pagkaon.”"
"Naghunga si Jesus, “Pira ka bilog na tinapay an ada sa iyo? Kadtua kag kitaa anay niyo.” San maaraman na ninda kun pira ka bilog ginsumatan siya, “Lima ka bilog na tinapay kag duha ka bilog na isda.”","Nagpamangkot sila, “Gusto mo bala nga maglakat kami sa pagbakal sing tinapay nga nagabili sing 200 ka denario agod nga mapakaon sila?”"
Tapos ginmandahan niya sinda na paingkudon an tanan na mga tawo paagi sa paggrupu-grupo sa may dinghot.,Gani si Jesus nagpamangkot sa ila. “Pila bala ka bilog ang inyo tinapay? Abi tan-awa ninyo.”
Nag-iringkod naman an mga tawo sin grupu-grupo. May mga grupo na may ginatos kag may mga iba pa man tigsurusingkwenta kada grupo.,"Sang mausisa nila, nagsiling sila, “Lima ka bilog nga tinapay kag duha ka bilog nga isda.”"
Kinuha ni Jesus an lima ka bilog na tinapay kag duha na isda tapos humangad siya sa langit kag nagpasalamat sa Dios. Tapos gin-utud-utod niya an tinapay kag ginbarahin sa iya mga disipulos agod ipanghatag sa mga tawo. Pag-utud-utod man niya san duha kabilog na isda ginbarahin naman sa inda.,Gani ginsugo ni Jesus ang iya mga gintuton-an sa pagpapungko sang mga tawo sing grupo-grupo sa hilamon.
Nagkaraon sinda tanan hasta na nagkaburusog.,Kag ang mga tawo grupo-grupo nga nagpungko kag napa-idas. Ang iban nga grupo tag-ginatos kag ang iban naman tag-singkwenta.
Pakatapos nakatipon pa an mga disipulos sin dose ka bangkat na puno sin mga utud-utod na tinapay kag isda.,"Dayon ginkuha ni Jesus ang lima ka bilog nga tinapay kag ang duha ka bilog nga isda, nagtangla sia sa langit, kag nagpasalamat sa Dios. Iya ginpamihakpihak ang tinapay kag ginhatag sa iya mga gintuton-an agod nga ila ipanagtag sa mga tawo. Iya man ginpartiparti ang duha ka bilog nga isda sa ila tanan."
Lima ka libo na kalalakihan an nagkaraon.,Nagkaon sila tanan kag nagkalabusog.
Pakatapos sani ginpasakay dayon ni Jesus sa sarakyan an iya mga disipulos kag ginpauna sa Betsaida sa tabok san danaw myintras ginapauli niya an mga tawo.,Dayon gintipon sang mga gintuton-an ang nagkalabilin nga tinapay kag isda kag napuno ang dose ka mga alat.
Pakapaulia niya sani nagsagka siya sa bukid agod magpangadyi.,"Ang kadamuon sang mga lalaki nga nagkalaon 5,000."
Pagkagab-i an sarakyan na ginasakyan san mga disipulos nasa lawod na pero nabilin si Jesus na amo lang sa bukid.,"Sa gilayon ginpasakay ni Jesus ang iya mga gintuton-an sa sakayan kag ginpauna sila sa Betsaida sa tabok sang linaw, samtang ginpapauli niya ang mga tawo."
"Nalantawan niya na ginakapoy sin kabugsay an iya mga disipulos sa pagtabok tungod na sungsungon an hangin. Kaya san maalas kwatro na an kaagahon naghalapit sa inda si Jesus na nagalakat sa ibabaw san tubig. Kuntani lalabayan lang niya sinda,","Sa tapos sia makapaalam sa ila, nagkadto sia sa isa ka bakulod sa pagpangamuyo."
"ugaling kay nakita ninda tanan na nagalakat siya sugad sana nagsiriyak sinda, “Adaw, multo!” kay huna ninda na multo ina.","Sang pagkagab-i, ang sakayan yadto na sa tunga sang linaw, samtang si Jesus isahanon lang sa takas."
Kaya nagkaharadlok sinda tanan.,"Nalantawan niya nga ang iya mga gintuton-an ginabudlayan sa pagbugsay kay sumpong ang hangin. Gani sang kaagahon na, nag-apas si Jesus sa ila nga nagalakat sa ibabaw sang tubig. Ligaran lang niya sila kuntani,"
"Pero ginsabihan man dayon sinda ni Jesus, “Ayaw kamo kahadlok! Ako baga ini! Pakusuga an iyo buot!”","pero nakita nila sia nga nagalakat sa ibabaw sang tubig kag naghunahuna sila nga bagat sia. Gani nagsinggit sila, “Bagat!”"
"Pakasakay niya sa sarakyan naudong an hangin. Natagalpo sinda,",Kay sang pagkakita nila tanan sa iya hinadlukan sila.
kay bisan ginhimo niya an milagro sa tinapay wara pa sindaʼn pagkakilala san iya poder kay kulang pa an inda pagtuod.,"Sa gilayon si Jesus nagsiling sa ila, “Indi kamo magkahadlok! Ako ini. Magpakaisog kamo!”"
Sadtoʼn panahon may nagtiripon patalibod ni Jesus na mga Pariseo kag san iba na mga paratukdo san Kasuguan na naghali sa Jerusalem.,Karon ang mga Fariseo kag pila sa mga manunodlo sang Kasugoan nga nag-abot halin sa Jerusalem nagtipon sa palibot ni Jesus.
Didto nagmangno sinda na an iba niya na mga disipulos nagakaraon na bagaʼn maati an kamot kay antes sinda magkaon wara mahugasi an mga kamot susog sa kaugalian san mga Judio.,"Ila natalupangdan nga ang iban sang iya mga gintuton-an nagakaon nga indi matinlo ang ila mga kamot, kon sayuron, wala sila makapanghinaw suno sa paagi nga ginapatuman sang mga Fariseo sa mga tawo."
Niyan an tanan na mga Judio kag lalo na an mga Pariseo antes magkaon nagahugas anay san kamot susog sa kaugalian san inda mga kalulululuhan.,"Kay ang tanan nga mga Judio, kag labi na gid ang mga Fariseo, nagasunod sang mga pagtulon-an nga nabaton nila sa ila mga katigulangan. Wala sila nagakaon kon indi makapanghinaw sang ila mga kamot suno sa gintudlo sa ila."
"Amo man pag-abot ninda hali sa merkado nagahugas anay sa tama na paagi antes magkaon. Damo pa gayod sindaʼn ginasunod na mga kasadto na kaugalian pareho san paghugas san ginainuman, mga kuron, mga kaldero (kag mga higdaan).","Wala man sila nagakaon sang bisan ano nga binakal sa tiendahan kon indi anay nila ini matinluan. May madamo pa nga sinadto nga mga pagsulondan nga ila ginatuman subong sang pagpanghugas sang mga tasa, kolon, kaldero nga saway, kag mga higdaan."
"Kaya hinunga si Jesus sani na mga Pariseo kag mga paratukdo san Kasuguan, “Nano kay an imo mga disipulos dili nagasunod san kaugalian san mga kalulululuhi kundi nagakaraon na dili nagahugas san mga kamot sa tama na paagi?”","Gani ang mga Fariseo kag ang mga manunodlo sang Kasugoan nagpamangkot sa kay Jesus, “Ngaa bala nga ang imo mga gintuton-an wala nagasunod sang gintudlo sang aton mga katigulangan kundi nagakaon sila nga wala matinlui ang ila mga kamot?”"
"Nagsabat si Jesus, “Tama si Isaias san nagsabi siya manungod sa iyo mga pakitaʼn-tawo lang sugad san nasurat,","Ginsabat sila ni Jesus, “Wala gid magsala si Isaias sang iya pagtagna nahanungod sa inyo! Mga hipokrito kamo subong sang iya ginsulat:"
"‘Ini na mga tawo ginagalangan ako sa surmaton lang, pero habo an inda mga tagipusuon magsunod sa akon.","‘Ang Dios nagasiling, ginapasidunggan ako sining mga tawo sang ila mga bibig,"
"Waraʼn kapuslanan an inda pagsamba sa akon kay an ginatukdo ninda hali lang sa kaisipan san tawo, dili sa Dios.’",pero ang ila tagipusoon malayo gid sa akon.
Ginpabayaan na ngani niyo an Kasuguan san Dios kag ginapalabi lugod an kaugalian san tawo.”,"Wala pulos ang ila pagsimba sa akon,"
"Nagpadayon pa siya, “Mahusay gayod an iyo pagsikway san Kasuguan san Dios para lang masunod an iyo kaugalian!",kay ginatudlo nila ang mga kasugoan sang tawo subong nga sila akon mga kasugoan!”
"Halimbawa, nagsabi si Moises,",“Ginasikway ninyo ang kasugoan sang Dios kag ginatuman ninyo ang mga pagtulon-an sang mga tawo.”
"‘Galangon mo an imo ama kag iloy,’","Kag nagpadayon si Jesus sa pagsiling, “Maayo gid kamo mangita sing padihot sa pagsikway sang ginapatuman sang Dios agod nga masunod ninyo ang inyo gid iya pagtulon-an!"
kag,"Kay si Moises nagsugo, ‘Tahura ang imo amay kag iloy,’ kag, ‘Ang bisan sin-o nga nagahambal sing malaut batok sa iya amay kag iloy dapat patyon.’"
‘An nagapakaraot sa iya ama kag iloy dapat gayod ipapatay.’,"Pero kamo nagatudlo nga kon ang isa ka tawo may sarang ihatag sa pagbulig sa iya amay ukon iloy, pero nagasiling sia, ‘Korban ini’ nga kon sayuron, iya ini sang Dios,"
"Pero kamo naman nagasabi, ‘Kun may magsabi sa iya ama o iloy: Abir an nano man na adi sa akon na ikakabulig sa iyo,",indi na sia dapat magbulig pa sa iya amay kag iloy.
"ina an ginatawag ko Corban’ (na an gusto sabihon, halad ina sa Dios), kaya ginabawal na sa iya an paghimo sin nano pa man para sa iya ama kag iloy.",Sa sini nga paagi ginapakawalay pulos ninyo ang pulong sang Dios tungod sang pagtulon-an nga inyo ginapaalinton sa iban. Kag madamo pa nga mga butang pareho sini ang inyo ginahimo.”
Sani na paagi ginabalewara niyo an surmaton san Dios tungod san kaugalian na gintukdo sa iyo hasta sa iyo mga lahi. Damo pa kamoʼn ginapanghimo na pareho sani.”,"Dayon ginpapalapit liwat ni Jesus ang mga tawo sa iya kag ginsingganan sila, “Pamati kamo tanan sa akon, kag hangpa ninyo."
"Ginpahalapit gihapon ni Jesus an mga tawo kag sinabihan, “Pamatii ako kag sabuta niyo tanan!","Wala sing butang nga nagasulod sa tawo nga makadagta sa iya, kundi ang nagagwa sa iya."
Waraʼn hali sa guwa san tawo na nakapaati pagsulod sani sa iya kundi an nagaluwas sa tawo an nakapaati sa iya.,"Sang mabayaan ni Jesus ang mga tawo kag nagsulod sia sa isa ka balay, ang iya mga gintuton-an nagpamangkot sa iya sang kahulogan sining palaanggiran."
"An sin-o man na makabati, magpamati sin maayo!”","Si Jesus nagsiling sa ila, “Wala gid kamo sing kinalis sa iban nga indi makahangop! Wala sing bisan ano gikan sa gwa nga nagasulod sa tawo nga makadagta sa iya,"
San pagbayai niya sa katawuhan nagsulod siya sa balay. Tapos naghunga an mga disipulos manungod sa iya gin-istorya.,"tungod kay wala ini nagakadto sa iya tagipusoon kundi sa iya tiyan kag dayon ginapagwa sa lawas.” Sa iya pagsiling sini, si Jesus nagpahayag nga ang tanan nga pagkaon bagay kaunon."
"Ginsabat niya sinda, “Nano, dili pa man kamo nakasarabot? Dili ba niyo aram na an nano man na hali sa guwa na nakasulod sa tawo dili makapaati sa iya,","Kag nagpadayon sia sa pagsiling, “Ang nagagwa sa tawo amo ang nagadagta sa iya."
tungod na dili ini nagsulod sa iya tagipusuon kundi sa iya tiyan tapos maluwas sa iya lawas?” (Kaya sani ginapatunayan ni Jesus na an tanan na mga pagkaon makakaon.),"Kay halin sa sulod sang tagipusoon sang tawo nagagikan ang malaut nga mga handom nga amo ang nagatulod sa iya sa paghimo sang mga imoralidad, pagpangawat, pagpatay,"
"Nagpadayon pa siya, “An nano man na nagaluwas na hali sa tagipusuon san tawo amo an nakapaati sa iya.","pagpanginbabayi ukon pagpanginlalaki, pagkaibog, pagbuhat sang tanan nga sahi sang malaut nga mga butang, pagdaya, pagbinastos, paghisa, pagpasipala, pagpabugal, kag pagbinuang."
"Kay an ada sa tagipusuon san tawo nagahali an mga maraot na kaisipan, pagdurog sa dili asawa, pangawat, pagpatay,",Ini tanan nga kalautan nagahalin sa sulod sang tawo kag amo ang nagadagta sa iya.”
"panambay, pagkapaslo sa kwarta, grabe na karautan, pagpanluko, maraot na pagkabuhay, pagkaawa, pagpakaraot sa kapwa, mapahitaason kag kabuangan.","Dayon si Jesus naglakat kag nagkadto sa kadutaan nga malapit sa siudad sang Tiro. Nagdayon sia sa isa ka balay, kag indi sia luyag nga may makahibalo nga yara sia didto, pero indi gid sia makapanago sa mga tawo."
Ini tanan na mga karautan nagahali sa kabubut-on san tawo kag amo ini an nakapaati sa iya.”,"Ang isa ka iloy, nga may anak nga babayi nga ginagamhan sang malaut nga espiritu, nakabati nahanungod kay Jesus kag nagkadto sia gilayon sa iya, kag nagluhod sa iya tiilan."
Naghali si Jesus didto kag pumakadto sa Tiro kag Sidon. Sumulod siya didto sa usad na balay kay habo na may makaaram na adto siya pero wara siya katago.,"Ini nga babayi isa ka Hentil nga taga-Fenicia, nga sakop sang Siria. Nagpakitluoy sia kay Jesus nga tabugon ang demonyo nga yara sa iya anak."
Niyan may babayi didto na may daragita na nasudlan sin maraot na espirito. Pakabarita sani na babayi na adto si Jesus kumadto dayon siya kag lumuhod sa may tiilan ni Jesus.,"Pero nagsabat si Jesus, “Busgon ta anay sing una ang mga anak, kay indi matarong nga kuhaon ang pagkaon sang mga anak kag ihaboy sa mga ido.”"
Griego idtoʼn babayi pero nabuhay siya sa Fenicia na adto sa Siria. Nakimaluoy man siya kan Jesus na pahalion an maraot na espirito na nagsulod sa iya anak.,"Ang babayi nagsabat, “Husto ina, Sir, bisan ang mga ido sa idalom sang lamisa nagakaon sang mga usik sang mga anak!”"
"Sinabihan naman niya an babayi, “An mga kabataan anay an pakaunon kay dili tama na kuhaon an pagkaon sa inda kag ibahog lugod sa kaiduan.”","Gani nagsiling si Jesus sa iya, “Tungod sinang imo sabat, makapauli ka na, ang demonyo naggwa na sa imo anak!”"
"Pero sinabat siya san babayi, “Tama, Ginoo, pero an mga ido sa sirong san lamesa nababahugan man ngani san nagakatarakdag na mga mumho san mga bata.”",Gani nagpauli sia kag nakita niya ang iya anak nga nagahigda kag matuod gid nga nakagwa na ang demonyo sa iya.
"Tapos ginsabihan siya ni Jesus, “Tia, dahilan sani na pagsabi mo makauli ka na. An maraot na espirito naghali na sa imo bata.”",Dayon naghalin si Jesus sa kadutaan sang Tiro kag nagpadulong sa Linaw sang Galilea. Nag-agi sia sa Sidon kag sa mga lugar nga sakop sang Decapolis.
Umuli na an babayi kag inabtan niya na an bata nakahigda na sa katri kag wara na an maraot na espirito.,"May isa ka tawo nga bungol kag halos makahambal nga gindala sang mga tawo kay Jesus, kag nagpakitluoy sila sa iya nga itungtong niya ang iya mga kamot sa bungol."
Pagbalik ni Jesus hali sa Tiro nag-agi siya sa Sidon pakadto sa Danaw san Galilea hasta sa mga lugar san Decapolis.,"Gani gindala sia ni Jesus sa unhan, malayo sa madamo nga mga tawo, kag gingulo ni Jesus ang iya mga tudlo sa mga dulonggan sang tawo, nagdupla si Jesus kag gintandog niya ang dila sang tawo."
Didto may mga tawo na dinarhan siya sin apa na lalaki kag nakimaluoy sinda na dapatan lang ni Jesus san iya kamot an tawo agod mag-ayo ini.,"Dayon nagtangla si Jesus sa langit, nagpangamuyo sing madali kag nagsiling sa iya, “ Effata ,” nga kon sayuron, “Magbukas ka!”"
Gin-agda ini ni Jesus na mag-upod sa iya kag binulag sa kadamuan. Tapos sinulod niya an iya mga tudlo sa mga talinga san tawo. Pakatapos nagluda kag gindutdot an dila sani.,Sa gilayon ang tawo nakabati kag makahambal na sing maathag.
"Pakahimo sani humangad si Jesus sa langit, nagginhawa sin halawig kag nagsabi, “Effata!” na an gusto sabihon “Mag-abri!”","Dayon nagmando si Jesus sa mga tawo nga indi magpanugid sa kay bisan sin-o sang nahanabo, pero sa sagad niya dumili sa ila tapat pa gani nga ginpanugid nila."
"Insigida nakabati an tawo, nakahiwag man an iya dila kag nakasurmaton sin klarado.","Ang tanan nga nakabati sini natingala gid sing labi. Nagsiling sila, “Daw ano kaayo ang paghimo niya sang tanan nga mga butang. Gin-ayo niya bisan pa ang mga tawo nga indi makabati kag ang mga tawo nga indi makahambal!”"
"Sadto na panahon may nagtiripon gihapon kan Jesus na pagkadamu-damo na katawuhan. Adto sinda kaupod niya sa sulod sin tulo ka adlaw kaya nagkaurubusan gayod sinda sin balon. Ginpahalapit ni Jesus an iya mga disipulos kag sinabihan sinda,","Sa wala lang madugay, nagtipon liwat ang madamo nga mga tawo. Sang wala na sila sing nabilin nga kalan-on, gintawag ni Jesus ang iya mga gintuton-an kag nagsiling sa ila,"
“Kaluoy ko sa mga katawuhan tungod na nakiupod sinda sa akon sa sulod sin tulo na ka adlaw yana kag waraʼn makaon.,"“Naluoy ako sa sini nga mga tawo, tungod kay tatlo na ini ka adlaw ang ila pag-upod sa akon kag karon wala na sila sing kalan-on."
Kun paulion ko sinda na gutom basi magkadirismayo sinda sa dalan kay an iba sa inda hali pa sa harayo na lugar.”,Kon papaulion ko sila nga wala makakaon basi magkalalipong sila sa dalanon tungod kay malayo ang ginhalinan sang iban sa ila.”
"Nagsabat an iya mga disipulos, “Adi kita sa kabukidan kaya diin kita makuha didi sin makaigo na pagkaon para ipakaon sani na mga katawuhan?”","Ang iya mga gintuton-an nagpamangkot sa iya, “Diin bala kita sa sini nga desierto makakita sang kalan-on nga makaigo sa sini tanan nga mga tawo?”"
"Naghunga naman siya sa inda, “Pira ka bilog na tinapay an ada sa iyo?”, “Pito lang,” an inda sabat.","Nagpamangkot si Jesus, “Pila pa ka bilog ang inyo tinapay?”"
Ginpairingkod ni Jesus an mga katawuhan sa duta. Tapos kinuha niya an pito ka bilog na tinapay. Pakapasalamat gin-utud-utod an tinapay kag ginbarahin sa iya mga disipulos agod ipanghatag ninda sa katawuhan.,"Nagsabat sila, “Pito.”"
Igwa man sinda sin pira ka bilog na isda. Pakapasalamati man sani ni Jesus ginsugo niya an mga disipulos na ipanghatag sa mga tawo.,"Ginsugo niya ang mga tawo nga magpungko sa duta. Dayon ginkuha niya ang pito ka bilog nga tinapay, nagpasalamat sia sa Dios, ginpamihakpihak niya ini kag ginhatag sa iya mga gintuton-an agod ipanagtag nila sa mga tawo, kag ginpanagtag ini sang mga gintuton-an."
Nagkaraon sinda tanan kag nagkaburusog. Pagkatapos an nabilin na mga tinapay kag isda ginpunpon san mga disipulos kag nakapuno pa sin pito na bangkat.,May pila man sila ka bilog nga magagmay nga isda. Nagpasalamat si Jesus tungod sini kag iya ginsugo ang iya mga gintuton-an nga ipanagtag man ini.
Mga upat ka libo na mga tawo an adto didto. Pagkabusog na san mga tawo pinauli na sinda ni Jesus,"8-9 Ang tanan nagkalaon kag nagkalabusog, kag ang kadamuon sang mga tawo mga 4,000. Sa tapos sini ang mga nabilin gintipon sang mga gintuton-an kag napuno ang pito ka alat. Ginpapauli ni Jesus ang mga tawo,"
kag sadto mismo nagsakay siya sa dako na baruto kaupod an iya mga disipulos kag nagkadto sinda sa lugar san Dalmanuta.,kag sa gilayon nagsakay sia sa isa ka sakayan upod ang iya mga gintuton-an kag nagkadto sila sa distrito sang Dalmanuta.
Pag-abot ninda didto nagkadto naman an mga Pariseo kan Jesus kag nagtuna pakigsuay sa iya. Nangayo sinda na maghimo siya sin milagro bilang tanda na hali sa langit an iya poder. Ini pagporbar lang sa iya.,"May mga Fariseo nga nagpalapit kag nagpakigsuay sa kay Jesus. Luyag nila nga tilawan sia, gani nagpangayo sila sa iya sing isa ka milagro sa pagpakita nga may gahom sia halin sa Dios."
"Naghangos naman sin halawig si Jesus na nagsabi, “Nano kay nagahanap kamo sin tanda? Tandai an sasabihon ko, wara sin nano man na tanda na igapakita sani na katawuhan.”","Nagpanghakroy si Jesus sing malawig kag nagsiling, “Ngaa bala nga ang mga tawo karon nga mga inadlaw nagapangayo sang isa ka milagro? Nagasiling ako sing matuod sa inyo, nga wala sing milagro nga ihatag sa sini nga mga tawo!”"
Tapos binayaan sinda ni Jesus kag nagsakay gihapon sa dako na baruto patabok.,"Ginbayaan sila ni Jesus, nagbalik sia upod sa iya mga gintuton-an sa sakayan kag nagtabok sa pihak sang linaw."
Niyan didto sa baruto nalimtan gali san mga disipulos magdara sin balon. Usad lang ka bilog na tinapay an dara didto ninda.,Nalipat ang mga gintuton-an sa pagdala sang tinapay luas sang isa ka bilog nga nadala nila sa sakayan.
"Didi ginpadaanan sinda ni Jesus, “Paghimat kamo! Likayi niyo an lebadura san mga Pariseo kag amo man ni Herodes.”","Ginpaandaman sila ni Jesus, “Mag-andam kamo kag magbantay sang inyo kaugalingon batok sa lebadora sang mga Fariseo kag ni Herodes.”"
"Nag-iristoryahan sinda, “Tungod na wara kita sin tinapay kaya nagsabi siya sana.”","Nagbinaisay sila kag nagsiling, “Ginhambal niya ini tungod kay wala kita sing tinapay.”"
"Naaraman ni Jesus kaya hinunga sinda, “Nano kay ginairistoryahan niyo na wara kamoʼn dara na tinapay? Dili pa ba niyo naiintyindihan? Wara pa ba kamoʼn pagkasabot? Matugas lang gihapon kamo?","Si Jesus nakahibalo sang ila ginabaisan, gani ginpamangkot niya sila, “Ngaa bala nga nagabais kamo kay wala kamo sing tinapay? Wala pa bala kamo makahibalo ukon makahangop? Matig-a gid bala kamo sing ulo."
"Nano, dili kamo nakagamit san mga mata para makita? May talinga man kamo, kaya nano, dili kamo nakagamit sani para mamati? Dili ba niyo nadudumduman?","May mga mata man kamo, kag indi bala kamo makakita? May mga dulonggan man kamo, kag indi bala kamo makabati? Wala bala kamo makadumdom"
"San utud-utudon ko an lima ka bilog na tinapay para sa lima ka libo ka tawo, pira ka bangkat an iyo natipon?”","sang ginpamihakpihak ko ang lima ka bilog nga tinapay para sa 5,000 ka mga tawo? Pila ka alat ang napuno sang nabilin nga inyo gintipon?”"
"An sabat ninda, “Dose.”","Nagsabat sila, “Dose.”"
"“San hinimo ko naman sa pito ka bilog na tinapay para sa upat ka libo, pira pa ka bangkat an iyo natipon?”","Si Jesus nagpamangkot, “Kag sang ginpamihakpihak ko ang pito ka bilog nga tinapay para sa 4,000 ka mga tawo, pila bala ka alat ang napuno sang natipon ninyo nga sobra?”"
"Nagsabat gihapon sinda, “Pito.”","Nagsabat sila, “Pito.”"
"Ginhunga pa gihapon sinda ni Jesus, “Wara pa ba kamo kasabot?”","Nagpamangkot sia sa ila, “Kag indi pa bala kamo makahangop?”"
Pagdungka ninda sa Betsaida may buta na lalaki na gindara san iba na mga tawo kan Jesus kag nakimaluoy sinda para dapatan ini.,Nag-abot sila sa Betsaida. May mga tawo didto nga nagdala sang isa ka bulag kay Jesus kag nagpakitluoy sa iya nga iya sia tandugon.
"Kinabit an buta paluwas san baryo. Didto ginludaan ni Jesus an mata san buta, gindapatan san iya kamot kag hinunga, “May nakikita ka ba?”","Gin-uyatan ni Jesus ang bulag sa kamot kag gintuytoyan pa gwa sa barangay. Sang malamhitan ni Jesus sang dupla ang mga mata sang bulag, gintungtong niya ang iya mga kamot sa bulag kag nagpamangkot, “May makita ka bala?”"
"An tawo na nakaaninag pa lang nagsabat, “Nakakita na akoʼn mga tawo pero baga sinda an mga kahoy na nagaralakat.”","Nagtangla ang tawo kag nagsiling, “May makita ako nga mga tawo, pero daw mga kahoy sila nga nagalakatlakat.”"
Tapos dinapatan gihapon ni Jesus an mata san lalaki kag ini nakakita na sin maayo. Nagpawa na an iya pangita san tanan na bagay.,"Ginbutang liwat ni Jesus ang iya mga kamot sa mga mata sang bulag. Sa sini nga tion naghimutad gid ang tawo kag nag-ayo ang iya mga mata, kag nakita niya ang tanan sing maathag."
"Kaya pinauli siya ni Jesus na ginasabi, “Ayaw na pagbalik didto sa baryo.”","Ginpapauli sia ni Jesus kag ginsingganan, “Indi ka magbalik sa barangay.”"
"Nagpauruunhan sinda Jesus pakadto sa mga baryo san Cesarea Filipo. Sa inda pagalakat hinunga niya an mga disipulos, “Sumati daw niyo ako kun nano an pagkakilala sa akon san mga tawo.”","Dayon si Jesus kag ang iya mga gintuton-an nagkadto sa mga barangay sang Cesarea Filipo. Sa dalanon nagpamangkot sia sa ila, “Sugiri ninyo ako, sin-o bala ako suno sa mga tawo?”"
"Nagsabat sinda, “An sabi san iba ikaw kuno si Juan na Parabunyag, an iba man nagasabi na ikaw kuno si Elias, kag may nagasarabi pa na ikaw kuno usad san mga kasadto na mga propeta.”","Nagsabat sila, “Suno sa iban ikaw si Juan nga manugbautiso, ang iban nagasiling ikaw si Elias, pero ang iban pa gid iya nagasiling nga ikaw isa sang mga propeta.”"
"“Pero kamo naman, nano an pagkakilala niyo sa akon?” naghunga gihapon si Jesus.","Si Jesus nagpamangkot sa ila, “Pero sa inyo iya, sin-o gid bala ako?”"
"Nagsabat naman si Pedro, “Ikaw an Cristo na gintuga san Dios na ipapakadi.”","Si Pedro nagsabat, “Ikaw amo ang Cristo.”"
Ginpadaanan naman niya sinda na dili gayod magpanumat bisan kanin-o man manungod sa iya.,"Dayon si Jesus nagmando sa ila, “Indi ninyo pag-isugid bisan kay sin-o kon sin-o ako.”"
"Nagtuna si Jesus pagtukdo sa inda na siya na Anak San Tawo dapat magtios sin grabe, pagapaambutan san mga kamagurangan na namumuno san mga Judio, mga namumuno san kapadian kag mga paratukdo san Kasuguan. Tapos papatayon siya pero pakalipas sin tulo ka adlaw mabubuhay gihapon.","Dayon si Jesus nagsugod sa pagpanudlo sa iya mga gintuton-an: “Ang Anak sang Tawo dapat magaagi sang madamo nga mga pag-antos, kag pagasikwayon sia sang mga katigulangan sang mga Judio, sang pangulo nga mga pari, kag sang mga manunodlo sang Kasugoan. Pagapatyon sia kag sa tapos sang tatlo ka adlaw mabanhaw sia.”"
Hayag na sinabi niya ini. Tapos ginbulag anay siya ni Pedro sa kadamuan kag nagtuna pagsaway sa iya.,Ginpaathag gid niya ini sa ila. Gani gindala sia ni Pedro sa unhan kag ginsaway.
"Pero paglingi sinud-ong ni Jesus an iya mga disipulos kag gin-uritan si Pedro na an sabi, “Layas dida, Satanas! An imo ginaisip dili makaDios kundi makatawo.”","Pero nagliso si Jesus, nagtulok sa iya mga gintuton-an, kag ginsaway si Pedro, “Magpalayo ka sa akon, Satanas! Ang imo panghunahuna iya sang tawo kag indi iya sang Dios!”"
"Ginpahalapit ni Jesus an mga tawo kaupod an iya mga disipulos kag ginsabihan sinda, “Kun may gusto mag-upod sa akon bilang disipulos ko dili dapat niya sundon an sadiri niya na kabubut-on kundi sundon lugod an kaburut-on ko kag pas-anon an iya krus na amo an pagtios tungod sa akon.","Dayon gintawag ni Jesus ang mga tawo kag ang iya mga gintuton-an sa pagpalapit. Nagsiling sia sa ila, “Kon sin-o ang luyag mag-upod sa akon, kinahanglan nga kalimtan niya ang iya kaugalingon, magpas-an sang iya krus kag magsunod sa akon."
"Nasabi ko ini kay an nagahandom na masalbar an iya buhay para sa iya sadiri mawawar-an lugod sani, pero an maghalad san iya buhay alang-alang sa akon kag sa Maayo Na Barita masasalbar lugod sani.","Kay ang bisan sin-o nga buot magluwas sang iya kugalingon nga kabuhi madula niya ini, pero ang bisan sin-o nga nagadula sang iya kabuhi tungod sa akon kag sa Maayong Balita maluwas niya ini."
"Nagpadayon si Jesus pag-istorya, “Ginasiguro ko sa iyo na igwa sin pira sa iyo na nagatindog didi na dili mamamatay hasta makita an pag-abot san kahadian san Dios na magaabot na may kagamhanan.”","Kag nagpadayon sia sa pagsiling, “Dumdoma ninyo ini! May mga yari diri nga indi mapatay tubtob nga makita nila ang pag-abot sang paghari sang Dios nga may gahom.”"
"Pagkalipas sin unom ka adlaw gin-agda ni Jesus sinda Pedro, Santiago kag Juan pagsagka kaupod niya sa hataas na bukid na sinda-sinda lang gayod. Didto sa atubangan mismo ninda nag-iba an hitsura ni Jesus.","Sang makaligad ang anom ka adlaw, gindala ni Jesus si Pedro, si Santiago, kag si Juan upod sa iya sa pagtaklad sa isa ka mataas nga bukid nga silahanon lang. Samtang nagatan-aw sila, nagbalhin ang dagway ni Jesus,"
Nagputi-puti na nagakinang-kinang an iya bado kag wara na sin makapaputi pa gayod sin pareho sadto didi sa kinab-an.,kag ang iya bayu nanginmakasililaw sa kaputi. Wala sing bisan sin-o sa kalibutan nga makapaputi sang bayu kaangay sini.
Myintras sinda nagamiron nagpakita sa inda sinda Elias kag Moises kag nakisurmaton sinda kan Jesus.,Dayon nakita sang tatlo ka gintuton-an si Elias kag si Moises nga nagapakighambal kay Jesus.
"Didi ginsabihan ni Pedro si Jesus, “Maestro, maayo man na adi kita. Tugutan kami na magtindog didi sin tulo na kubung-kubong na an usad sa imo, usad naman kan Moises kag usad pa kan Elias.”","Si Pedro naghambal kag nagsiling kay Jesus, “Manunodlo, maayo gid nga yari kita diri! Mahimo kami sing tatlo ka tolda, isa para sa imo, isa para kay Moises, kag ang isa para kay Elias.”"
Nasabi ini ni Pedro kay nagkaharadlok gayod sinda kaya dili niya aram kun nanoʼn sabihon.,Si Pedro wala makahibalo kon ano ang iya isiling tungod kay sia kag ang iya mga kaupdanan kinulbaan gid.
"Taud-taod may dampog na nahandungan sinda kag didto may nabati sinda na boses, “Amo ini an akon pinalangga na Anak. Pamatii niyo siya!”","Dayon nag-abot ang panganod kag ginlikupan sila, kag gikan diri may tingog sila nga nabatian, “Ini amo ang akon gid hinigugma nga Anak. Pamatii ninyo sia!”"
Paglingat-lingat dayon ninda sa patalibod wara sinda sin iba na nakita kundi si Jesus lang.,"Maabtik sila nga nanghulonghulong, pero wala sila sing iban nga nakita luas lamang kay Jesus."
"Paglugsad na ninda hali sa bukid ginpadaanan naman niya sinda na, “Ayaw gayod kamo pagpanumat bisan kanin-o san iyo nakita hasta ako na an Anak San Tawo mabuhay gihapon hali sa pagkamatay.”","Sang nagadulhog sila sa bukid, si Jesus nagmando sa ila, “Indi kamo magpanugid bisan kay sin-o sang inyo nakit-an, tubtob nga mabanhaw ang Anak sang Tawo.”"
Tinandaan ninda sin maayo an padaan ni Jesus pero nagpahurunga-hunga kun nano an gusto sabihon san “pagkabuhay gihapon hali sa pagkamatay.”,"Gintuman nila ang ginmando ni Jesus, pero sang silahanon lang nagpinamangkutanay sila, “Ano ang kahulogan sining ‘mabanhaw sia’?”"
"Tapos hinunga ninda si Jesus, “Nano kay nagasarabi an mga paratukdo san Kasuguan na dapat mauuna anay pagpakadi si Elias antes an Cristo?”","Kag ginpamangkot nila si Jesus, “Ngaa bala nagasiling ang mga manunodlo sang Kasugoan nga kinahanglan mag-abot anay sing una si Elias?”"
"“Matuod,” an sabat niya, “Mauuna si Elias pag-abot para kitaon na an tanan-tanan nasa tama na kamutangan. Pero nano kay nasabi sa Banal Na Kasuratan na ako na Anak San Tawo magatios gayod kag igasikway?","Nagsabat sia, “Si Elias kinahanglan mag-abot anay sing una sa pag-aman sang tanan. Pero ngaa bala ang mga Kasulatan nagasiling nga ang Anak sang Tawo magaantos sing tuman kag pagasikwayon?"
"Tandai an sasabihon ko, nag-abot na si Elias kag gintratar siya san mga tawo sugad san gusto ninda susog sa nasurat sa Banal Na Kasuratan manungod sa iya.”","Pero nagasiling ako sa inyo nga si Elias nakaabot na, kag ginhimo sang mga tawo sa iya ang tanan nga luyag nila, suno sa ginasiling sang mga Kasulatan nahanungod sa iya.”"
"Paglugsad na ninda Jesus sa bukid kag nagapahalapit man gihapon sa iba na mga disipulos, nakita ninda na damu-damo anmga tawo patalibod kag may mga paratukdo man san Kasuguan na nakigsuay pa sa inda.","Sang nakabalik na sila sa iban nga mga gintuton-an, nakita nila nga may madamo gid nga mga tawo nga nagapalibot didto. May mga manunodlo sang Kasugoan nga nagapakigbais sa iban nga mga gintuton-an."
Pakalantaw san mga tawo kan Jesus nagkangarawa sinda kag nagdaralagan pakadto sa iya agod kumustahon siya.,"Sang pagkakita sang mga tawo sa kay Jesus, natingala gid sila kag nagdalagan sila pakadto sa iya, kag gintamyaw sia."
"Naghunga si Jesus, “Nano an ginapakigsuayan niyo sa inda?”","Si Jesus nagpamangkot sa iya mga gintuton-an, “Ano bala ang ginabaisan ninyo sang mga manunodlo sang kasugoan?”"
"May tawo sa kadamuan na nagsabat, “Maestro, ginpakadi ko sa imo an akon anak na lalaki kay ginsudlan siya sin maraot na espirito na nakapaapa sa iya.","May isa ka tawo sa mga nagtilipon nga nagsabat, “Manunodlo, gindala ko sa imo ining akon anak nga lalaki tungod kay ginagamhan sia sang malaut nga espiritu kag indi sia makahambal."
"Kun ginaataki siya ginasagmok siya sa duta, nagabura an iya ba-ba, nagapagot an iya ngipon kag nagapanugas san iya lawas. Nakimaluoy ako sa imo mga disipulos na pahalion an maraot na espirito pero wara sindaʼn nahimo.”","Kon ginasakit sia sang malaut nga espiritu, ginalampos sia sa duta kag nagabura ang iya baba, nagabagrot ang iya mga ngipon, kag nagatiskog ang bug-os niya nga lawas. Ginpangabay ko ang imo mga gintuton-an sa pagtabog sini nga espiritu, pero indi sila makasarang.”"
"Sinabat naman sinda ni Jesus, “Mga waraʼn pagtuod, hasta san-o ta kamo dapat pagatiusan? Nano, dapat ako makiupod sa iyo hasta na lang? Sige, pakadia niyo siya sa akon.”","Si Jesus nagsiling sa ila, “Ay, mga tawo nga wala sing pagtuo! Tubtob san-o pa bala ako dapat magpakig-upod sa inyo? Tubtob san-o pa bala ang akon pagbatas sa inyo? Dal-a diri sa akon ang bata!”"
Kaya dinara ninda an bata sa iya. Pakakita lang san maraot na espirito kan Jesus ginauy-og dayon an bata na natumba sa duta na nagaligid-ligid kag nagabura an baba.,Kag gindala nila ang bata kay Jesus.
"Hinunga ni Jesus an ama, “Kasan-o pa nagtuna ini na nangyayari sa iya?”","Sang pagkakita sang malaut nga espiritu sa kay Jesus, ginpakurog niya ang bata sa bagay nga natumba sia sa duta kag nagligid nga nagabura ang baba."
"“Tuna san dyutay pa siya na bata,” an sabat san ama.","Ginpamangkot ni Jesus ang amay sang bata, “Kasan-o pa nga nagsubong sia sini?”"
"“Pirme siya sani ginalabog sa kalayo kag tubig para patayon. Kaya kun may mahimo ka man lang, maluoy ka sa amon kag buligi man kami.”","Ang amay nagsabat, “Halin sang diutay pa sia."
“‘Kun may mahimo’?” an sabat ni Jesus! “An tanan mahihimo kun may pagtuod.”,"Makapila na gintinguhaan sang malaut nga espiritu nga patyon sia paagi sa paghaboy sa iya sa kalayo kag sa pagtagbong sa iya sa tubig. Kaluoyi kag buligi kami, kon makasarang ka!”"
"Insigida sumiyak an ama san bata, “Nagatuod po ako. Punui man an kakulangan san akon pagtuod.”","Si Jesus nagsabat, “Ngaa nagasiling ka, Kon makasarang ka? Ang tanan mahimo sa tawo nga nagatuo.”"
"Pakakita ni Jesus na nagadamo an mga miron na nagadiris-ukan patalibod, sinaway niya an maraot na espirito, “Ikaw na espirito na nakapaapa kag nakapabungol, magluwas ka sa bata kag ayaw na gayod pagsulod pa.”","Ang amay sa gilayon nagsinggit, “Nagatuo ako, pero kulang pa. Dugangi ang akon pagtuo!”"
"Pakasiyak san maraot na espirito gin-uy-og sin makusog an bata kag naghali na. An bata nakahigda didto na bagaʼn patay na, kaya an kadamuan nagasarabi, “Patay na siya.”","Sang makita ni Jesus nga nagadinaguso ang mga tawo pakadto sa ila, nagmando sia sa malaut nga espiritu, “Bungol kag apa nga espiritu, ginamanduan ko ikaw, gwa ka sa bata kag indi ka na gid magbalik sa iya liwat!”"
"Pero kinaptan siya ni Jesus sa kamot, binangon kag nakatindog na siya.","Nagsinggit ang malaut nga espiritu, iya ginpakurog sing tuman ang bata kag naggwa. Daw bangkay tan-awon ang bata, gani ang kalabanan sang mga tawo didto nagsiling, “Patay na sia!”"
"Pagsulod na gihapon ni Jesus sa balay kag sinda-sinda na lang san iya mga disipulos naghunga sinda, “Nano kay wara namon mapaluwas idtoʼn demonyo?”","Pero gin-uyatan ni Jesus sa kamot ang bata kag ginpabangon, kag nagtindog ang bata."
"Ginsabat sinda ni Jesus, “Amo ini an klase san maraot na espirito na napapahali lang paagi sa pagpangadyi.”","Sang nakasulod na si Jesus sa balay, nagpamangkot ang mga gintuton-an sa iya sing tago, “Ngaa bala nga indi kami amon makatabog sining malaut nga espiritu?”"
"Paghali ninda sadto na lugar nag-agi sinda sa Galilea pero habo si Jesus na maaraman pa ini san mga tawo,","Nagsabat si Jesus, “Indi kamo makatabog sini nga sahi sang malaut nga espiritu kon indi kamo magpangamuyo.”"
"kay ginatukduan niya an iya mga disipulos. Ginasabi niya, “Ako na Anak San Tawo iintriga sa gahom san katawuhan tapos igapapatay ako pero pag-ikatulo ka adlaw mabubuhay gihapon.”","Naghalin si Jesus kag ang iya mga gintuton-an sa sadto nga lugar kag nagpadayon sa paglakat nga nagaagi sa Galilea. Indi luyag ni Jesus nga mahibaluan sang iban kon diin sia,"
Dili pa gihapon ninda nasabutan an iya gusto sabihon kag nahahadlok sinda maghunga sa iya.,"tungod kay nagapanudlo sia sa iya mga gintuton-an nga nagasiling, “Ang Anak sang Tawo igatugyan sa mga tawo nga magapatay sa iya, pero sa tapos ang tatlo ka adlaw, mabanhaw sia.”"
"Pag-abot ninda sa Capernaum, nagsulod sinda sa balay. Didto hinunga sinda ni Jesus, “Nano an ginaparasuruayan niyo sa dalan?”","Wala sila makahangop kon ano ang kahulogan sang iya ginasiling, pero nahadlok sila sa pagpamangkot sa iya."
Waraʼn nagsabat sa inda kay an ginasuruayan ninda kun sin-o gayod sa inda an pinakalabaw sa tanan.,"Nag-abot sila sa Capernaum, kag sang nakasulod na si Jesus sa balay, nagpamangkot sia sa iya mga gintuton-an, “Ano bala ang ginbaisan ninyo sa dalanon?”"
"Kaya nag-ingkod si Jesus, tinawag an dose kag sinabihan, “An gusto mag-una kinahanglan na magpaurhi anay kag magin suruguon san tanan.”",Pero wala sila magsabat sa iya kay man ang ila ginbaisan sa dalanon amo nga kon sin-o sa ila ang labing daku.
"Tapos nagkuha siya sin bata kag pinatindog niya sa atubangan ninda. Kinugos niya ini,","Nagpungko si Jesus kag gintawag niya ang dose ka mga apostoles kag nagsiling sa ila, “Ang bisan sin-o nga luyag mangin-una sa tanan, dapat magpaulihi sa tanan kag manginsuloguon sang tanan.”"
"kag nagsabi, “An makaako sin pareho sani na bata sa ngaran ko ginaako man ako kag an mag-ako sa akon dili lang ako an iya ginaako kundi an nagsugo sa akon.”","Dayon nagkuha sia sing isa ka bata kag ginpatindog sa atubang nila. Ginkugos niya ini kag nagsiling sa ila,"
"Niyan may ginsumat si Juan sa iya, “Maestro, nakakita kami sin lalaki na nagapaluwas sin mga demonyo sa lawas san mga tawo paagi sa imo ngaran. Kaya ginbawalan namon siya kay dili man naton kaupod.”","“Ang bisan sin-o nga nagabaton sang isa sining mga bata sa akon ngalan, nagabaton sa akon, kag ang bisan sin-o nga nagabaton sa akon, wala lamang nagabaton sa akon, kundi nagabaton man sang nagpadala sa akon.”"
"Pero sinabihan sinda ni Jesus, “Ayaw niyo siya pagbawali kay wara sin tawo na pakatapos maghimo sin milagro sa ngaran ko mapakaraot dayon sa akon.","Si Juan nagsiling sa iya, “Manunodlo, nakakita kami sang isa ka tawo nga nagatabog sang mga demonyo sa imo ngalan, kag gintapna namon sia tungod kay indi sia kaupod naton.”"
An dili nagakontra sa aton apin sa aton.,"Si Jesus nagsiling, “Pabay-i lang ninyo sia tungod kay wala sing may nagahimo sing milagro paagi sa akon ngalan kag makahambal dayon sing malaut batok sa akon."
Idtoʼn maghatag sa iyo sin tubig na irimnon tungod kay mga sakop kamo ni Cristo sigurado gayod na makabaton siyaʼn balos.”,Kay ang bisan sin-o nga indi batok sa aton kaapin naton.
“Kun may nakapakasala sani na mga kabataan na may pagtuod sa akon maayo pa na bitayan idto sin dako na gilingan na bato sa liog kag ipilak sa dagat.,"Dumdoma ninyo ini! Ang bisan sin-o nga nagapainom sa inyo sing tubig, tungod kay iya kamo ni Cristo magabaton gid sing balos."
"Kun an imo kamot amo an makapakasala sa imo, utuda ina! Maayo pa na mabuhay ka na pungkol ki sa may duha na kamot kag mapaimpyerno ka sa kalayo na dili gayod napaparong.","“Ang bisan sin-o nga manginkabangdanan sang pagbiya sa pagtuo sa akon sang isa sining mga katawhan nga nagasalig sa akon kaangay sang mga kabataan, mas maayo pa sa sina nga tawo nga ihigot ang galingan nga bato sa iya liog kag itagbong sia sa dagat."
Didto an mga ulod waraʼn udong sin kakakutkot san mga lawas kag dili man gayod napaparong an kalayo.,"Gani, kon ang imo kamot manginkabangdanan sang imo pagbiya sa imo pagtuo, utda ini! Mas maayo pa nga magsulod ka sa langit nga wala na ang isa mo ka kamot sang sa duha ang imo kamot kag itagbong ka sa impierno, sa kalayo nga wala nagakapalong."
"Kun an imo tiil amo man an makapakasala sa imo, utuda ina! Maayo pa na mabuhay ka na pilay ki sa duha an tiil mo kag mapaimpyerno ka lugod.","Kag kon ang isa mo ka tiil manginkabangdanan sang imo pagbiya sa imo pagtuo, utda ini! Mas maayo pa nga magsulod ka sa langit nga isa lang ang imo tiil sang sa duha ang imo tiil kag itagbong ka sa impierno."
Didto an mga ulod waraʼn udong sin kakakutkot san mga lawas kag dili man gayod napaparong an kalayo.,"Kag kon ang imo mata manginkabangdanan sang imo pagbiya sa imo pagtuo, lukata ini! Mas maayo pa nga magsulod ka sa Ginharian sang Dios nga isa lang ang imo mata sang sa duha ang imo mata kag itagbong ka sa impierno."
"Kun an imo naman mata an dahilan san imo pagkasala, lukata! Mas maayo pa na makasulod ka sa kahadian san Dios na may usad lang an mata ki sa duha an imo mata kag mapaimpyerno ka.",Didto ‘ang mga ulod nga nagaut-ot sa ila kalawasan wala nagakapatay kag ang kalayo nga nagasunog sa ila wala nagakapalong.’
Didto,“Ang tagsatagsa pagaputli-on sa kalayo subong sang halad nga ginaputli sang asin.
‘an mga ulod waraʼn udong sin kakakutkot san mga lawas kag dili man gayod napaparong an kalayo.’,"“Ang asin maayo, pero kon madula ang iya kaarat paano ini mapaasin liwat?"
Paghali ninda Jesus sa Capernaum nagpakadto sa probinsya san Judea kag hasta sa unhan san suba san Jordan. Damu-damo man na mga tawo an nagtiriripon kan Jesus kag pareho san dati na iya ginahimo gintukduan niya sinda.,"Dayon naghalin si Jesus sa amo nga lugar, nagkadto sa rehiyon sang Judea kag nagtabok sa Suba sang Jordan. Ang mga tawo nagtilipon liwat sa iya, kag suno sa iya kinabatasan, nagpanudlo sia sa ila."
"May mga Pariseo na naghalapit sa iya kag naghunga agod maporbaran siya. “Nano, kontra sa Kasuguan na bulagan san lalaki an iya asawa?”","May pila ka mga Fariseo nga nagpalapit sa iya, kag sa pagdakupdakop sa iya, nagpamangkot sila, “Sugiri kami, tugot bala sa aton Kasugoan nga ang isa ka tawo magbulag sa iya asawa?”"
"Ginsabat sinda ni Jesus, “Nano an ginmanda ni Moises sa iyo?”","Si Jesus nagsabat paagi sa isa ka pamangkot, “Ano bala ang kasugoan nga ginhatag ni Moises sa inyo?”"
"Nagsabat sinda, “Gintugutan ni Moises na pahalion san lalaki an iya asawa pakasurat na niya san kasuratan sa pakigbulag kag ginhatag ini sa iya.”","Nagsabat sila, “Si Moises nagtugot nga ang bana maghimo sing papeles sa pagbulagay kag ugaling magbiya sia sa iya asawa.”"
"Niyan ginsabihan sinda ni Jesus, “Dahilan sa iyo kasutilan kaya ginsurat niya ini na sugo.","Si Jesus nagsiling sa ila, “Ginsulat ni Moises ining kasugoan para sa inyo, tungod kay matig-a gid ang inyo ulo."
"Pero sa katuna-tunai pa san paglalang susog sa Kasuratan, ‘ginlalang san Dios an mga tawo na magin lalaki kag babayi.’","Pero sa ginsugoran, sang pagtuga sang Dios sang katawhan, ginsiling sang kasulatan, ‘Ang Dios naghimo sa ila nga lalaki kag babayi."
"‘Dahilan sani pagabayaan san lalaki an iya ama kag iloy,","Kag tungod sini, ang lalaki magabiya sang iya amay kag iloy, kag magapuyo upod sa iya asawa,"
"kag makig-upod sa iya asawa,’ tapos sindaʼn duha magigin usad na lang na lawas. Kaya dili na sinda duha kundi usad na lang.","kag sila nga duha mangin-isa.’ Gani, indi na sila duha, kundi isa."
Kun kaya an ginbiyo san Dios dili dapat pagbulagon san tawo.”,"Gani, indi dapat bulagon sang tawo ang ginhiusa sang Dios.”"
Pagbalik ninda Jesus sa balay naghurunga gihapon sa iya an mga disipulos manungod sani.,"Sang pagbalik na nila sa balay, ang mga gintuton-an nagpamangkot liwat kay Jesus nahanungod sini nga butang."
Ginsabat niya sinda na “An lalaki na makigbulag sa iya asawa kag mag-asawa sa iba nagakasala sin pagpanambay kontra sa iya asawa.,"Nagsiling sia sa ila, “Ang lalaki nga magbulag sa iya asawa kag magpangasawa sa isa naman ka babayi, nagapanginbabayi."
Amo man kun an babayi bulagan an iya asawa kag magpaasawa sa iba siya man nagakasala sin pagpanambay.”,"Amo man ang babayi nga magbulag sa iya bana kag magpamana sa isa naman ka lalaki, nagapanginlalaki.”"
May mga tawo na nagadara kan Jesus sin tigdyutay na kabataan agod madapatan niya pero pakakita sani san mga disipulos ginsaway idtoʼn mga katawuhan.,"May mga tawo nga nagdala sing mga bata sa kay Jesus agod iya sila matandog, pero ginsaway sang mga gintuton-an ang mga tawo nga nagdala sa ila."
"San makita ni Jesus an inda hinimo naurit kag sinabihan sinda, “Ayaw niyo pag-ulanga an mga tigdyutay na kabataan kundi pakadia sa akon kay para sa pareho sani na mga bata an kahadian san Dios.","Sang matalupangdan ini ni Jesus, naakig sia kag nagsiling sa iya mga gintuton-an, “Pabay-i ninyo ang mga kabataan nga magpalapit sa akon, kag indi ninyo sila pagpunggi, kay ang Ginharian sang Dios iya sang mga kaangay nila."
Ginasiguro ko sa iyo na an sin-o man na dili magpasakop sa paghadi san Dios na pareho sin dyutay na bata dili makasulod sana na kahadian.”,Dumdoma ninyo ini! Ang bisan sin-o nga indi magbaton sang paghari sang Dios subong sang isa ka bata indi gid makabig nga katapo sang amo nga Ginharian.”
"Tapos ginkugos niya an mga kabataan, gindapatan san iya kamot kag ginbendisyunan.","Dayon ginkugos ni Jesus ang mga kabataan, iya gintungtong ang iya mga kamot sa tagsatagsa sa ila, kag iya sila ginbendisyunan."
"San magtuna na si Jesus paglakat, may lalaki na nagdalagan pakadto sa iya, nagluhod sa atubangan niya kag naghunga, “Maayo na maestro, nano an dapat ko himuon agod masadiri ko an buhay na waraʼn katapusan?”","Sang malakat na kuntani si Jesus kag ang iya mga gintuton-an, may isa ka tawo nga nagdalagan pakadto sa iya, nagluhod sa iya atubang kag nagpamangkot, “Maayo nga Manunodlo, ano bala ang himuon ko agod akon maangkon ang kabuhi nga dayon?”"
"Ginhunga siya ni Jesus, “Nano kay ginatawag mo ako na maayo? Waraʼn iba na maayo kundi an Dios lang.","Si Jesus nagpamangkot sa iya, “Ngaa ginatawag mo ako nga maayo? Wala gid sing bisan isa nga maayo kundi ang Dios lamang."
"Aram mo na an mga Kasuguan: ‘Dili ka magpatay, dili ka magpanambay, dili ka magpangawat, dili ka magtestigos sin kabuwaan, dili ka magdaya, galangan mo an imo ama kag iloy.’,”","Nahibaluan mo naman ang mga kasugoan: ‘Indi ka magpatay, indi ka magpanginbabayi ukon magpanginlalaki, indi ka magpangawat, indi ka magsaksi sang binutig, indi ka magdaya, tahura ang imo amay kag iloy.’”"
"Ginsabihan siya san lalaki, “Maestro, gintuman ko ina tanan tuna san bata pa ako.”","Ang tawo nagsiling sa iya, “Manunodlo, sugod sang lamharon pa ako natuman ko na ini tanan nga mga kasugoan.”"
"Sinud-ong siya ni Jesus na may pagkamuot kag sinabihan, “Igwa pa sin kulang sa imo. Mag-uli ka, ibaligya an tanan mo na kasadirihan tapos ipanghatag sa pobre an kabaklanan kay magkakaigwa ka sin kayamanan kaupod sa Dios sa langit. Pakatapos bumalik ka kag mag-upod sa akon.”","Gintulok sia ni Jesus nga wala pulopamisok kag mahigugmaon nga ginsingganan, “Isa pa ka butang ang nakulang sa imo. Lakat ka kag ibaligya ang tanan mo nga pagkabutang, kag ihatag mo ang kwarta sa mga imol, kag magaangkon ka sang manggad sa langit, kag dali sunod ka sa akon.”"
Naglain an buot san lalaki pakabati niya sadto kag mamunduon na naglakat dahilan na mayaman-yaman siya.,"Sang pagkabati sini sang tawo, nahulog ang iya guya, kag naglakat sia nga masinulob-on, tungod kay madamo gid ang iya mga pagkabutang."
"Paglingi ni Jesus sa iya mga disipulos sinabihan, “Malisod gayod sa mga mayaman an pagsulod sa kahadian san Dios!”","Si Jesus nagpanghulonghulong sa palibot niya kag nagsiling sa iya mga gintuton-an, “Daw ano kabudlay para sa mga manggaranon ang magpasakop sa paghari sang Dios!”"
"Nagkangarawa an mga disipulos sa iya mga surmaton. Pero nagpadayon pagsurmaton sa inda si Jesus, “Mga anak, malisod gayod an pagsulod sa kahadian san Dios!","Ang mga gintuton-an naurongan sa sini nga mga pulong, pero si Jesus nagpadayon sa pagsiling, “Mga anak ko, daw ano kabudlay ang magpasakop sa paghari sang Dios!"
Mas masayon pa makaagi an kamelyo sa luho san dagom ki sa pagsulod san mayaman sa kahadian san Dios.”,"Labi pa kabudlay para sa isa ka manggaranon ang magpasakop sa paghari sang Dios, sang sa isa ka kamelyo nga maglapos sa buho sang dagom.”"
"Mas lalo na nagkangarawa an iya mga disipulos. Kaya naghunga sinda, “Kun sugad sin-o man gali an masasalbar?”","Tungod sini, ang mga gintuton-an natingala gid kag nagpinamangkutanay, “Sin-o na lang bala ang maluwas?”"
"Ginsud-ong sinda ni Jesus kag ginsabihan, “Dili kaya an mga tawo na mahimo sani pero kaya san Dios kay siya an makahimo san tanan.”","Gintulok sila ni Jesus nga wala pulopamisok, kag ginsabat, “Para sa tawo indi ini mahimo, pero para sa Dios mahimo ini, kay ang tanan nga butang sarang mahimo sang Dios.”"
"Didi nagsabi si Pedro, “Kitaa. Ginbayaan namon an tanan agod mag-upod sa imo.”","Dayon si Pedro nagsiling, “Tan-awa bala, ginbayaan namon ang tanan kag nagsunod kami sa imo.”"
"Nagsabat si Jesus, “Matuod na ginasabi ko sa iyo, waraʼn nabaya san panimalay, mga kamaranghod, ama, iloy, mga anak, o kasadirihan dahilan sa akon kag sa pagpalukop san Maayo Na Barita","Si Jesus nagsiling sa ila, “Huo matuod, kag tungod sini ginasiling ko sa inyo nga ang bisan sin-o nga nagabiya sang iya balay, ukon mga utod nga lalaki ukon babayi, ukon iloy, ukon amay, ukon mga kabataan, ukon mga kaumhan tungod sa akon kag sa Maayong Balita,"
"na dili makabaton sin ginatus-gatos sani na panahon sin mga panimalay, mga kamaranghod, mga ama, mga iloy, mga kabataan kag mga kasadirihan na may kaupod man na kasakitan kag sa maabot na panahon magkakaigwa naman sin buhay na waraʼn katapusan.","magabaton sing labi pa sa sini nga panag-on. Magabaton pa gid sia sing ginatos ka pilo nga mga balay, mga utod nga lalaki ukon babayi, mga iloy, mga kabataan kag mga kaumhan, kag mga paghingabot man. Kag sa palaabuton nga panag-on magabaton sia sang kabuhi nga dayon."
Damo ugaling na mga kilala na tawo yana an mapapaubos kag an mapapaitaas naman an mga dili kilala na tawo yana.”,"Pero madamo ang mga nahauna subong nga mangin-ulihi, kag mga naulihi subong nga manginnahauna.”"
San nagasaragka na sinda pakadto sa Jerusalem nauna si Jesus. Nagkangarawa an mga disipulos kag nagkaharadlok idtoʼn mga tawo naman na nagasurunod sa inda. Ginbulag gihapon ni Jesus an dose na disipulos kag ginpahayagan sinda kun nano an mangyayari sa iya.,"Karon nagataklad na si Jesus kag ang iya mga gintuton-an pakadto sa Jerusalem. Nag-una si Jesus sa ginakugmat nga mga gintuton-an, kag ang mga tawo nga nagsunod sa iya ginakulbaan man. Sa liwat gindala ni Jesus sing pain ang iya dose ka mga apostoles kag ginsugiran niya sila sang mga butang nga matabo sa iya."
"“Tandai pa niyo an sasabihon ko, yana nagasagka kita pa-Jerusalem kag pag-abot didto ako na Anak San Tawo igaintriga sa mga pinakapuno san kapadian kag sa mga paratukdo san Kasuguan. Tapos magahusgar sinda na patayon ako kaya iintriga naman sa mga dili-Judio.","Nagsiling sia sa ila, “Pamatii ninyo ini, nagapakadto kita sa Jerusalem sa diin ang Anak sang Tawo pagaitugyan sa pangulo nga mga pari kag sa mga manunodlo sang Kasugoan. Ila sia pamatbatan sing kamatayon, kag itugyan sa kamot sang mga Hentil."
"Kun ada na ako sa inda, sinda magatuya-tuya, magaluda, magabunal kag magapatay sa akon pero sa ikatulo na adlaw mabubuhay ako gihapon.”","Ila sia yagutaon, duplaan, bunalon kag patyon, pero sa tapos ang tatlo ka adlaw mabanhaw sia.”"
"Naghalapit kan Jesus an magmanghod na sinda Santiago kag Juan na mga anak ni Zebedeo tapos ginsabihan siya, “Maestro, gusto namon na himuon mo an pagahangyuon namon sa imo.”","Dayon si Santiago kag si Juan nga mga anak ni Zebedeo nagkadto kay Jesus, kag nagsiling sa iya, “Manunodlo, may luyag kami kuntani pangayuon sa imo.”"
"Ginhunga niya sinda, “Nano an gusto niyo na himuon ko para sa iyo?”","Si Jesus nagsabat sa ila, “Ano bala ang luyag ninyo nga himuon ko para sa inyo?”"
"Nagsabat sinda, “Tuguti na makaingkod kami sa magluyo mo kun magahadi ka sa imo glorya didto sa Jerusalem.”","Nagsabat sila, “Kon magpungko ka na gani sa trono sa imo mahimayaon nga Ginharian, papungkua kami upod sa imo, ang isa sa imo tuo kag ang isa sa imo wala.”"
"Didi ginsabihan sinda ni Jesus, “Dili niyo aram kun nano an iyo ginahangyo kay dapat anay ako magtios antes magahadi. Nano, makainom kamo sa kupa na akon pagainuman? Nano, makaako man kamo san pagbunyag na para sa akon?”","Si Jesus nagsiling sa ila, “Wala kamo makahibalo kon ano ang inyo ginapangayo. Sarang bala kamo makainom sa kupa sang pag-antos nga akon pagaimnan? Sarang bala kamo makapabautiso subong sang pagbautiso sa akon?”"
"Nagsabat man sinda, “Opo.”","Nagsabat sila, “Makasarang kami.”"
"Tapos, ginsabihan naman sinda ni Jesus, “Amo ngani, pagainuman man niyo an kupa na akon pagainuman kag kamo pagabunyagan pareho san pagbunyag sa akon.","Si Jesus nagsiling sa ila, “Matuod gid nga magainom kamo sa kupa nga akon pagaimnan kag pagabautisohan kamo subong sang pagbautiso sa akon."
Ugaling wara akoʼn poder na magpili kun sin-o an papaingkudon sa akon magluyo kundi ina para sadtoʼn natiganahan na.”,"Pero ang pagpungko sa akon tuo ukon sa akon wala, indi akon ang paghatag sini. Ang Dios amo ang magahatag sini sa mga gin-amanan niya.”"
Pakabati sani san napulo nagtuna sinda magkaururit kanda Santiago kag Juan.,"Sang pagkabati sini sang napulo ka mga gintuton-an, naakig sila kay Santiago kag kay Juan."
"Kaya ginpahalapit sinda tanan ni Jesus kag ginsabihan, “Aram niyo na an mga namumuno sa mga dili-Judio amo an nagadaog sa inda kag an mga bantog amo an nagasakop sa inda.","Gani, ginpatawag sila tanan ni Jesus kag ginsingganan, “Inyo nahibaluan nga ang mga ginakabig nga mga pangulo sang mga pagano may gahom sa ila mga sinakpan kag ang mga gamhanan may bug-os nga awtoridad sa ila."
"Pero dili ina dapat na mangyari sa iyo kundi an nagahandom magin pinakalabaw sa iyo kinahanglan magin suruguon niyo,","Pero, indi amo ini iya ang sa inyo. Kon ang isa sa inyo luyag mangingamhanan, dapat sia manginsuloguon ninyo."
kag an gusto magpalabaw sa iyo kinahanglan magpauripon man siya sa tanan.,"Kag kon ang isa sa inyo luyag manginpangulo, dapat sia mangin-ulipon sang tanan."
Nasabi ko ini kay ako na Anak San Tawo nagpakadi sa kinab-an dili agod sirbihan kundi magsirbe kag ihalad an akon buhay bilang pagtubos para sa kadamuan.”,"Kay bisan pa gani ang Anak sang Tawo wala mag-abot agod alagaron, kundi sa pag-alagad kag sa paghatag sang iya kabuhi sa pagtubos sang madamo nga mga tawo.”"
Nakaagi sinda Jesus sa Jerico kag san mahali na kaupod san damo na mga tawo nalabayan ninda an anak ni Timeo na si Bartimeo. Buta siya kag ada na nakaingkod sa may higad san kamino nagapakilimos.,"Karon nag-abot sila sa Jerico. Sang nagapagwa na si Jesus sa sadto nga banwa upod sa iya mga gintuton-an kag sa madamo nga mga tawo, ang isa ka bulag nga manugpakilimos nga ginahingalanan kay Bartimeo, anak ni Timeo, nagapungko sa higad sang dalan."
"San mabaritaan niya na nagadangadang si Jesus na taga-Nazaret nagsiyak siya, “Jesus, Lahi ni David, kaluy-i ako!”","Sang pagkabati niya nga nagaagi si Jesus nga taga-Nazaret, nagsinggit sia, “Jesus, Anak ni David, kaluoyi ako!”"
"Damo an nagsaway sa iya kag nagporbar papuyuon siya pero nagsiyak lugod siyaʼn mas makusog pa, “Lahi ni David, kaluy-i ako!”","Madamo sang mga tawo ang nagsaway kag nagsiling sa iya nga maghipos sia. Pero nagsinggit pa gid gani sia sing mabaskog, “Anak ni David, kaluoyi ako!”"
"Umudong si Jesus kag nagsabi, “Pakadia siya.”","Nagdulog si Jesus kag nagsiling, “Tawga ninyo sia.”"
"Kaya gintawag ninda an buta kag ginsabihan, “Pakusuga an imo buot. Tumindog ka kay ginpatawag ka niya.”","Gani, gintawag nila ang bulag, kag ginsingganan sia, “Magkalipay ka, tindog ka, kay iya ikaw ginatawag.”"
Pakahali san iya alikboy tumindog siya dayon kag kumadto kan Jesus.,"Iya hinaboy ang iya kunop, gulpi sia tumindog kag pumalapit kay Jesus."
"San nagadangadang na sinda Jesus sa Jerusalem ada na an Betfage kag Betania na adto na sa Bukid San Kaolibohan. Didi nagsugo si Jesus sin duha san iya mga disipulos,","Sang nagahilapit na sila sa Jerusalem, sa mga banwa sang Betfage kag Betania nakaabot sila sa Bukid sang mga Olivo. Ginpauna ni Jesus ang duha niya ka mga gintuton-an"
"“Kumadto kamo sa kaatubang na baryo kag pagsulod dayon niyo, makakita kamo sin nakahigot na tinday na asno na wara pa gayod masakyi. Hubadi anay niyo tapos guyuda pakadi.","kag ginsingganan sila: “Kadto kamo didto sa barangay nga yara sa unhan ninyo. Sa inyo gid pagsulod, inyo makita ang isa ka tinday sang asno nga nahigot kag wala pa gid masakyi. Hubari ninyo kag dal-a diri."
"Kun may maghunga sa iyo, ‘Nano kay ginahimo niyo ina?’ Sabihi sinda na, ‘Ginakinahanglan ini san Ginoo kag ibabalik man dayon.’,”","Kag kon may magpamangkot sa inyo, ‘Ngaa inyo ginahimo ini?’ singgana sia, ‘Ang Ginoo nagakinahanglan sini kag iuli man niya gilayon.’”"
"Naglakat na sinda sa baryo kag nakita an nakahigot na tinday sa kilid san kamino halapit sa may pwertahan. San ginahubad ninda ini,","Gani naglakat sila nga duha, kag ila nakita sa dalan ang isa ka tinday sang asno nga nahigot sa pwertahan sang isa ka balay. Samtang ila ini ginahubaran,"
"may nagatindog na mga tawo didto na naghunga, “Nano kay ginahubad niyo ina na tinday?”","may mga nagatalan-aw nga nagpamangkot sa ila, “Ano ang inyo ginahimo? Ngaa ginahubaran ninyo ang tinday sang asno?”"
Ginsurmatan sinda san pareho san ginpasabi sa inda ni Jesus kaya pinabayaan na lang sinda na guyudon an tinday.,"Nagsabat sila suno sa ginsiling ni Jesus sa ila, kag ginpabay-an sila sang mga tawo."
Ginuyod ninda ini pakadto kan Jesus tapos hinapinan san inda mga alikboy an likod sani kag nagsakay si Jesus.,"Gindala nila ang tinday sang asno kay Jesus, ila ginhampiluan sang ila mga kunop, kag ginsakyan ini ni Jesus."
Damo na mga tawo an nagralatag san inda mga alikboy sa iya aagihan sa paggalang sa iya. An iba man naglatag sin madahon na mga sanga na ginbarali ninda sa mga kahoy sa umahan kay gusto ninda maggalang man.,Madamo nga mga tawo ang naghumlad sang ila mga kunop sa dalan kag ang iban nagladlad sang mga sanga nga ila ginpanapas sa mga kahoy sa kaumhan.
"An mga tawo na nagkauruna sa iya kag san nagasurunod nagasiriyak sin,","Ang mga nagauna kag nagasunod sa iya nagsilinggit, “Dayawon ang Dios! Dayawon ang nagaabot sa ngalan sang Ginoo!"
“Hosanna! Ginpalabi ini siya na nagapakadi sa ngaran san Ginoo!”,Dayawon ang palaabuton nga ginharian sang isa sang aton mga katigulangan nga si Haring David! Dayawon ang Dios sa kahitaasan!”
“Ginpalabi san Dios an nagaabot na hadi na masubli kan Hadiʼn David na aton kalulululuhan!,"Nagkadto si Jesus sa Jerusalem, nagsulod sia sa Templo kag nagpanan-awtan-aw sang tanan. Tungod kay madali na lang magtunod ang adlaw, naglakat sia upod sa dose ka mga apostoles pakadto sa Betania."
Umawon an pinakalabaw sa tanan!”,"Pagkaaga, sang nagbalik sila gikan sa Betania ginutom si Jesus."
Pag-abot ni Jesus sa Jerusalem nagsulod sa templo. San makita na niya an tanan patalibod palibhasa tikapo na sa oras nagluwas siya kag nagbalik sa Betania na kaupod an dose.,"Nakita niya sa unhan ang isa ka madabong nga kahoy nga higera, gani nagkadto sia sa pagtan-aw kon may makuha sia nga bunga. Sang didto na sia, wala sia sing may nakita nga bunga, kundi mga dahon lamang, tungod kay indi pa yadto tigbulunga sang kahoy nga higera."
Pagkaaga san mahali na sinda sa Betania nakabatyag sin kagutom si Jesus.,"Si Jesus nagsiling sa kahoy nga higera, “Halin karon wala na gid sing may makakaon liwat sang imo bunga!”"
Harayo pa may puno san kahoy na ginatawag higera na madahon an nalantawan niya. Naghalapit siya agod kitaon kun may bunga pero wara gayod siyaʼn nakita kundi mga dahon lang palibhasa dili pa tigbungahan.,Kag ang iya mga gintuton-an nakabati sini.
"Ginsabihan niya an puno san higera, “Wara na lugod sin makakaon pa san imo bunga.” Ini nabatian san iya mga disipulos.","Sang pag-abot nila sa Jerusalem, si Jesus nagsulod sa Templo kag nagsugod sa pagpanabog sang tanan nga mga nagapamaligya kag nagapamakal didto. Ginpamaliskad niya ang mga lamisa sang mga manugbaylo sang kwarta kag ang mga pulongkuan sang mga nagapamaligya sang mga pating,"
Pag-abot ninda Jesus sa Jerusalem nagsulod siya sa templo kag nagtuna pagpaluwas san mga parabaligya kag mga nagapamakal didto. Pinangtumba naman niya an mga lamesa san mga parabaralyo sin kwarta kag an mga ingkudan sadtoʼn mga parabaligyaʼn mga salampati.,kag iya gindumili sa tanan ang paglaktod sa Templo nga nagadala sang bisan ano nga butang.
Ginbawal man niya na magsulod sa templo an mga dara na itirinda.,"Dayon nagpanudlo sia sa mga tawo nga nagasiling: “Nasulat na sa mga Kasulatan, ‘Ang akon Templo pagatawgon nga balay nga palangamuyoan para sa mga tawo sang tanan nga mga pungsod.’ Pero inyo ini ginhimo nga isa ka palanaguan sang mga makawat!”"
"Tapos gintukduan niya sinda kag ginsabihan, “Dili ba nasurat na an ginsabi san Dios:","Ang pangulo nga mga pari kag ang mga manunodlo sang Kasugoan nakabati sini. Gani, nagpangita sila sing mga pahito sa pagpatay kay Jesus. Ugaling nahadlok sila sa iya, tungod kay ang tanan nga mga tawo natingala sa iya pagtulon-an."
‘An akon balay amo an balay para sa tanan na katawuhan kag an pagatawagon sana amo an balay na pangadyian?’,"Sang madali na lang magtunod ang adlaw, si Jesus kag ang iya mga gintuton-an naggwa sa siudad."
Pero nano an ginhimo niyo? Ginhimo niyo ini bilang ‘istaran san mga makawat.’ ”,"Aga pa gid sa madason nga adlaw, sang pag-agi nila liwat sa dalan, nakita nila nga ang kahoy nga higera nalaya tubtob sa iya mga gamot."
Nabaritaan ini san mga namumuno san kapadian kag mga paratukdo san Kasuguan. Kaya nagahanap sinda sin paagi na patayon siya kay nagakaharadlok sinda sa iya dahilan na an tanan na mga tawo nagkangarawa sa iya pagtukdo.,"Nadumdoman ni Pedro ang nahanabo, gani nagsiling sia kay Jesus, “Manunodlo, tan-awa! Ang kahoy nga higera nga imo ginpakamalaut nalaya!”"
Pagkagab-i naghali sinda Jesus sa syudad.,"Si Jesus nagsabat sa ila, “Magtuo kamo sa Dios."
Paglabay ninda otro aga nakita ninda an kahoy na higera na nag-uga hasta sa gamot.,"Dumdoma ninyo ini! Ang bisan sin-o nga magsiling sa sining bukid, ‘Halin ka diri kag maglukso sa dagat,’ kag wala sia nagaduhaduha sa iya tagipusoon, kundi nagatuo nga ang iya ginasiling mahanabo, matuman ina sa iya."
"Nadumduman ni Pedro an nangyari kaya ginsabihan niya si Jesus, “Maestro, kitaa! Nag-uga an higera na ginmaldisyon mo.”","Gani nagasiling ako sa inyo: Ang bisan ano nga inyo ginapangayo sa pangamuyo, magtuo kamo nga inyo na ina nabaton, kag ini tanan ihatag gid sa inyo."
"Ginsabat sinda ni Jesus, “Magtuod sa Dios.","Kag kon kamo nagatindog nga nagapangamuyo, patawara ninyo ang mga nakasayop sa inyo, agod nga ang inyo Amay sa langit magpatawad man sang inyo mga sala."
"Matuod an ginasabi ko sa iyo: an magsabi sani na bukid, ‘Gabot kag ipilak an sadiri mo sa dagat,’ na waraʼn pagduha-duha sa iya tagipusuon kundi nagatuod na an iya ginasabi mangyayari, ini hihimuon san Dios para sa iya.","Nagbalik sila liwat sa Jerusalem. Sang nagalakat si Jesus sa sulod sang Templo, ang pangulo nga mga pari kag ang mga manunodlo sang Kasugoan kag ang mga katigulangan sang mga Judio nagpalapit sa iya"
"Kaya matuod an ginasabi ko sa iyo, bisan nano man an ayuon niyo sa iyo pangadyi, magtuod na nabaton na kay ina mapapasa iyo.","kag nagpamangkot, “Ano bala ang imo awtoridad sa paghimo sining mga butang, ukon sin-o ang naghatag sa imo sang awtoridad sa paghimo sini?”"
"Sa iyo naman pagpangadyi na nakatindog, patawada anay an mga nagkasala sa iyo agod patawadon man san Ama sa langit an iyo mga nahimo na kasal-an.","Si Jesus nagsabat sa ila, “Mamangkot ako sa inyo sing isa lang. Sabta anay ninyo ako kag ako man magasugid sa inyo kon sa kay sin-o awtoridad ginahimo ko ining mga butang."
Kun dili man kamo magpatawad lalo na dili pagapatawadon san Ama sa langit an iyo mga kasal-an.”,Kay sin-o bala nagikan ang awtoridad ni Juan sa pagbautiso: sa Dios ukon sa tawo? Sugiri ninyo ako!”
"Nag-abot man gihapon sinda sa Jerusalem kag myintras nagalakat si Jesus didto sa templo nagturulos sa iya an mga namumuno san kapadian, mga paratukdo san Kasuguan kag mga namumuno san mga Judio.","Kag nagbinaisay sila, “Ano ang aton isiling? Kon magsiling kita, ‘Gikan sa Dios,’ masiling sia, ‘Ti, ngaa wala kamo magpati kay Juan?’"
"Tapos ginhunga siya, “Kanin-o pagbuot an paghimo mo sani? Sin-o gayod an naghatag sa imo sin otoridad sa paghimo sani?”","Pero kon kita magsiling, ‘Gikan sa tawo…’” Bangod nahadlok sila sa mga tawo, kay ang tanan nagakabig kay Juan nga isa ka matuod nga propeta."
"Ginsabat naman sinda ni Jesus, “Hungaon ta man kamo kag kun masabat niyo ako pagasabaton ko naman kun kanin-o otoridad an paghimo ko sani.","Gani, nagsabat sila kay Jesus, “Wala kami makahibalo.”"
"Nagtuna si Jesus pagsurmaton sa inda sin istorya, “May tawo na nagtanom sin damo na ubas. Kinudalan niya patalibod, nagbuho sin pugaan san ubas kag nagtindog sin hataas na bantayan. Tapos ginpapletihan niya sa mga parabantay kag nagkadto sa harayo na lugar.","Dayon naghambal si Jesus sa ila paagi sa mga palaanggiran: “May isa ka tawo nga nagtanom sing ubas sa iya talamnan. Iya ini ginkudalan palibot, nagkutkot sia sing buho nga pulogaan sang ubas kag nagpatindog sing isa ka balantayan nga mataas. Dayon iya ini ginpaagsahan kag nagpanglakaton."
Pag-abot san panahon san tigpuduan may ginsugo siya pakadto sa mga parabantay para magkuha san iya bahin na produkto.,"Sang tion na sa pagpamupo sang ubas, iya ginpadala ang isa niya ka suloguon sa mga agsador sa pagkuha sa ila sang iya parti sang patubas."
"Pero ginburuligan san mga parabantay an iya ginsugo, binurubalbag kag pinauli na waraʼn dara.","Gindakop nila ang suloguon, ginbunal kag ginpabalik nga wala sing dala."
“Tapos may ginsugo gihapon siyaʼn ikaduha na suruguon pakadto sa mga parabantay pero inda ini pinalo sa ulo kag pinakaaluhan.,"Nagpadala liwat ang tag-iya sing isa pa gid ka suloguon, pero ginlampusan nila sia sa ulo kag ginpakahuy-an."
May usad pa na ginsugo pero pinatay ninda ini. Damo pa man sin pinangsugo an tag-iya. An iba binurubalbag ninda kag ginpapatay man an iba.,"Nagpadala na man ang tag-iya sing isa pa gid ka suloguon, kag ini ginpatay nila. Amo man ang ginhimo nila sa iban pa gid, ang iban ila ginpamunal kag ang iban sa ila ginpamatay."
"“Tapos an iya pinakapalangga na anak na lalaki an nabilin na lang na suguon. Kaya ginsugo niya ini pakadto sa inda kag nagsabi sa iya sadiri, ‘Pagagalangan ninda an akon anak.’","Ang nabilin na lang nga iya sarang masugo amo ang iya gid pinalangga nga anak. Sa katapusan iya sia ginpadala sa ila nga nagasiling sa iya kaugalingon, ‘Pagatahuron gid nila ang akon anak.’"
"“Pero pakakita san mga parabantay, nag-iristoryahan sinda na nagasabi, ‘Amo ini an iredero. Kadi kamo, patyon naton agod an iya irensyahon mapapasa aton.’","Pero ang mga agsador nagsinilingay, ‘Amo ini ang manunubli! Dali, patyon naton sia, agod mangin-aton ang iya palanublion!’"
"Kaya dinakop ninda an anak san tag-iya, pinatay kag initsa an iya lawas sa luwas san ubasan.","Gani gindakop nila sia, kag ginpatay, kag ginhaboy nila ang iya bangkay sa gwa sang talamnan sang ubas."
"“Niyan, nano an hihimuon san tag-iya san ubasan? Makadto siya kag patayon idtoʼn mga parabantay tapos pagapapletihan an ubasan sa iba.","Nagpamangkot si Jesus, “Karon, ano ang himuon sang tag-iya sang talamnan sang ubas? Balikan niya ang mga agsador kag pamatyon, kag paagsahan niya sa iban ang iya talamnan sang ubas."
"Nano, wara pa niyo nabasa ini sa Banal Na Kasuratan,",Wala bala ninyo ini mabasahi sa kasulatan?
‘An bato na ginhabuan san mga parabalay amo lugod an nagin pinakaimportante na bato sa balay.,"‘Ang bato nga ginsikway sang mga manunokod,"
An Ginoo an naghimo sani kag makangangawa gayod sa aton’?”,nanginpamakod nga bato.
Tapos an mga namumuno san mga Judio ipapadakop kuntani si Jesus kay namalisyahan ninda na sinda an ginapatamaan sadtoʼn istorya pero nahahadlok sinda sa kadamuan. Kaya pinabayaan na lang ninda si Jesus kag nagharali sinda.,"Ang Ginoo amo ang naghimo sini,"
Pakatapos ginsugo ninda an pira ka tawo na Pariseo kag mga sakop ni Herodes para madakop si Jesus sa iya mga ginapanurmaton.,daw ano ini ka makatilingala sa aton panulok!’”
"Nagkadto sinda sa iya kag naghunga, “Maestro, aram namon na matanos ka na tawo kag matuod an pagtukdo mo manungod san pagbuot san Dios. Wara ka man sin ginapalabi bisan sin-o kay dili mo ginapanginano kun sin-o an tawo. Kaya susog sa Kasuguan tama ba na magbayad sin buwis kan Cesar?","Ang mga pangulo sang mga Judio nagtinguha nga dakpon si Jesus, tungod kay nahangpan nila nga yadto nga palaanggiran iya ginpatungod batok sa ila. Ugaling nahadlok sila sa mga tawo, gani ginpabay-an nila sia kag naglakat."
Kun kaya nano sa paghuna mo? Tama kita magbayad o dili?”,May mga Fariseo kag mga katapo sang partido ni Herodes nga ginpadala sa pagdakupdakop kay Jesus paagi sa mga pamangkot.
"Pero aram ni Jesus na panluko lang an inda kaisipan kaya ginsabihan sinda, “Nano kay gusto niyo ako porbaran? Abir, darhi daw ako niyo sin sinsilyo kay kitaon ta.”","Nagkadto sila sa iya kag nagpamangkot, “Manunodlo, nahibaluan namon nga ikaw nagasugid sing matuod. Wala ka sing may ginapasulabi kag wala ka nagatan-aw sang tindog sang tawo, kundi imo lamang ginatudlo ang kabubot-on sang Dios para sa tawo. Sugiri kami, batok bala sa aton Kasugoan ang pagbayad sang buhis sa Emperador ukon indi? Magbayad bala kami sini ukon indi?”"
"Kaya dinarhan siya tapos ginhunga sinda, “Kanin-o pamayhon kag ngaran an adi didi?”","Pero nasat-uman ni Jesus ang ila kalag-it, gani nagsiling sia sa ila, “Ngaa bala nagatinguha gid kamo sa pagdakupdakop sa akon? Abi, dalhi ninyo ako diri sing denario kay tan-awon ko.”"
"“Kan Cesar,” an sabat san mga sinugo.","Kag gindalhan nila sia sing isa ka denario kag ginpamangkot niya sila, “Kay sin-o bala larawan kag ngalan ini?”"
"Kaya, ginsabihan sinda ni Jesus, “Kun sugad ihatag kan Cesar an para kan Cesar kag sa Dios an para sa Dios.” Nagkangarawa sinda sa iya.","Nagsabat sila, “Iya sang Emperador.”"
"Pagkatapos may pira na mga Saduceo na nagkadto kan Jesus. Ini sinda mga Judio na dili nagatuod san pagkabuhay gihapon, kaya naghunga sinda sa iya,","Gani si Jesus nagsiling sa ila, “Ti, kon amo, ihatag ninyo sa Emperador ang iya sang Emperador kag sa Dios ang iya sang Dios.”"
"“Maestro, naaraman namon sa Kasuguan na ginsurat ni Moises na kun may magurang na lalaki na napatay kag waraʼn anak, an manghod dapat na asawahon an biyuda agod makaanak sinda para sa magurang na napatay.",Kag natingala gid sila sa kay Jesus.
Niyan may pito na magmaranghod na lalaki. An subang nangasawa kag napatay na waraʼn anak.,Dayon nagkadto kay Jesus ang mga Saduceo. Ini sila amo ang nagasiling nga wala sing pagkabanhaw.
An ikaduha inasawa man an biyuda kag siya man napatay na waraʼn anak. Amo man an nangyari sa ikatulo na manghod.,"Ginpamangkot nila sia, “Manunodlo, ginsulat ni Moises ining kasugoan sa aton: ‘Kon ang isa ka tawo mapatay kag mabilin ang asawa, pero wala sing bata, ang utod sina nga tawo dapat magpangasawa sang nabalo, agod makapamata para sa sadtong utod niya nga napatay.’"
Napatay sinda na pito na wara gayod sin anak. Sa katapusan napatay man an babayi.,Sang una anay may pito ka mag-ulotod nga lalaki. Ang kamagulangan nagpangasawa kag napatay sia nga wala sing kabataan.
Niyan pag-abot san pagkabuhay gihapon sin-o sa pito an pagakilalahon niya na tunay na asawa dahilan na nagin asawa siya san pito na magmaranghod?”,Dayon ginpangasawa sang madason niya nga utod ang nabalo kag napatay man ini nga utod nga wala sing kabataan. Amo man ang nahanabo sa ikatlo
"Ginsabat sinda ni Jesus, “Sala kamo kay dili niyo nasasabutan an Banal Na Kasuratan o an gahom san Dios.","kag sa iban niya nga mga utod. Sila tanan nga pito nagpangasawa sa sadto nga babayi kag napatay nga wala gid makapamata. Sang ulihi, napatay man ang babayi."
Sa pagkabuhay gihapon an mga lalaki kag babayi dili na magaarasawahan kay kapareho na sinda san mga anghel sa langit.,"Karon, kon ang tanan nga mga patay mabanhaw sa adlaw sang pagkabanhaw, kay sin-o bala asawa ang babayi, kay sila nga pito nakapangasawa sa iya?”"
"Niyan manungod man san pagkabuhay gihapon, nano, wara pa gayod kamo sin nabasa sa libro ni Moises manungod sa nagalaad na tanom na dili nasusunog? Didto nagsurmaton an Dios sa iya kag nagsabi, ‘Ako an Dios ni Abraham, an Dios naman ni Isaac kag ni Jacob.’","Si Jesus nagsabat sa ila, “Nagsala gid kamo, kay wala kamo makasayasat sang mga Kasulatan ukon makahibalo sang gahom sang Dios!"
Dili siya Dios san mga patay kundi san mga buhay. Sala gayod kamo!”,"Kay kon ang mga patay mabanhaw, manginsubong sila sang mga anghel sa langit, ang mga lalaki kag babayi indi na magaasawahay."
"Niyan may paratukdo san Kasuguan na nabatian san inda pagsuruay. Namalisyahan niya na maayo an pakasabat ni Jesus sa inda kaya nagpahalapit siya kag naghunga man sa iya, “Nano an pinakalabaw na sugo sa Kasuguan?”","Karon nahanungod sa pagbanhaw sang mga patay, wala bala ninyo mabasahi sa Libro ni Moises ang dinalan nahanungod sa nagadabdab nga magamay nga kahoy? Dira nasulat nga ang Dios nagsiling kay Moises, ‘Ako amo ang Dios ni Abraham, ang Dios ni Isaac kag ang Dios ni Jacob.’"
"Nagsabat si Jesus, “Amo ini an pinakalabaw: ‘Mga taga-Israel, pamati kamo! An Ginoo na aton Dios amo lang an Ginoo.",Sia ang Dios sang mga buhi kag indi sang mga patay. Matuod gid nga nagsala kamo!”
"Dapat mo kamut-an an Ginoo na imo Dios sa imo puso, sa bilog moʼn tagipusuon, sa tanan san imo pagaisip kag paagi man sa paggamit mo san tanan na kusog sa pagsirbe sa iya.’","May isa ka manunodlo sang Kasugoan nga nagpalapit kag nakabati sang ila pagbinaisay. Natalupangdan niya nga si Jesus nagsabat sa ila sing nagakaigo. Gani, nagpamangkot man sia sa iya: “Ano gid bala ang labing importante nga sugo sa tanan?”"
An ikaduha amo ini: ‘Kamut-an mo an imo kapwa pareho san pagkamuot mo sa imo sadiri.’ Wara na sin iba na sugo na makalabaw pa sani.”,"Si Jesus nagsabat, “Amo ini ang labing importante nga sugo: ‘Pamati ka, O Israel, ang Ginoo nga aton Dios amo lamang ang Ginoo."
"Nagsurmaton man an paratukdo san Kasuguan, “Maayo, Maestro. Tama gayod na usad lang an Dios kag wara na sin iba kundi siya lang.","Higugmaa ang Ginoo nga imo Dios sa bug-os mo nga tagipusoon, sa bug-os mo nga kalag, sa bug-os mo nga hunahuna, kag sa bug-os mo nga kusog.’"
"Dapat kamut-an siya sa bilog na tagipusuon, sa bilog na pag-iisip kag kusog kag kamut-an an kapwa pareho san pagkamuot mo sa imo sadiri. Mas maayo pa ini ki sa nano man na halad o sakripisyo.”",Ang ikaduha amo ini: ‘Higugmaa ang imo isigkatawo subong sang imo kaugalingon.’ Wala na sing iban pa nga sugo nga mas labi pa ka importante sang sa sining duha.”
"San nabati ni Jesus na maayo an iya panabat ginsabihan siya, “Haros makasulod ka na sa kahadian san Dios.” Pakatapos sadto waraʼn nagkusug-kusugan sin buot na maghunga pa sa iya.","Ang manunodlo sang Kasugoan nagsiling sa iya, “Husto gid, Manunodlo! Matuod ang siling mo, nga isa lamang ang Dios, kag wala na gid sing iban pa luas sa iya."
"Nagatukdo si Jesus sa templo kag naghunga, “Nano kay ginasabi san mga paratukdo san Kasuguan na an Cristo amo an kalahi ni David?","Kag dapat higugmaon sang tawo ang Dios sa bug-os niya nga tagipusoon, sa bug-os niya nga hunahuna, kag sa bug-os niya nga kusog, kag dapat niya higugmaon ang iya isigkatawo subong sang iya kaugalingon. Labi pa ka importante ang pagtuman sining duha ka sugo sang sa tanan nga halad nga sinunog kag halad nga inihaw.”"
"San nasa gahom si David san Espirito Santo siya mismo nakasabi,","Kag sang pagkahibalo ni Jesus nga maayo ang iya sabat, iya sia ginsingganan, “Indi ka malayo nga manginsakop sang paghari sang Dios.”"
"‘An Ginoo nagsabi sa akon Ginoo,","Sa tapos sadto, wala na gid sing may nangahas sa pagpamangkot kay Jesus."
Mag-ingkod ka sa may tuo ko hasta na ipasakop ko sa imo an imo mga kaaway.’,"Sang nagapanudlo si Jesus sa Templo, nagpamangkot sia, “Paano bala ang pagsiling sang mga manunodlo sang Kasugoan nga ang Cristo magagikan sa kaliwat ni David?"
Kay si David mismo nagtawag sa iya sin Ginoo pan-o magin kalahi ni David an Cristo?” Waraʼn nakasabat pero nagpamati na nalipay an kadamuan na mga tawo.,Kay ang Espiritu Santo nagbugna kay David sa pagsiling:
"Sa pagpadayon niya pagtukdo ginsabi na, “Likayi an mga paratukdo san Kasuguan. Naiila sinda mamasyar na nakabisti sin halaba kag mamahalon. Naiila man sinda na galangan lalo na sa merkado.",‘Ang Ginoo nagsiling sa akon Ginoo:
Naiila man sinda mag-ingkod sa unahan san mga sinagoga kag sa pinakahalandon na pwesto sa mga ponsya.,"pungko ka diri sa akon tuo,"
"Amo ini an mga tawo na nagaprobitsar san sadiri san mga biyuda kag nagapangadyi sin halagba sa pagpakita lang. Kaya, mas grabe gayod an kastigo ninda.”",tubtob nga mabutang ko ang imo mga kaaway sa idalom sang imo mga tiil.’
Niyan nag-ingkod si Jesus na nakaatubang sa ginahulugan san kwarta para sa gastos sa templo kag nagamasid sa mga tawo na nagahulog san inda kwarta didto. Kadamuan san mga mayaman nagahulog sin daragko na kantidad.,"Kon si David mismo nagtawag sa iya nga ‘Ginoo,’ karon paano bala ang pagkahimo nga ang Cristo kaliwat ni David?”"
Taud-taod may pobre na biyuda na naghulog sin duha na sentimos.,Ang madamo nga mga tawo nanamian magpamati kay Jesus.
"Tinawag ni Jesus an iya mga disipulos kag ginsabihan sinda, “Matuod gayod na mas dako pa an ginhulog sani na pobre na biyuda ki sa tanan na naghatag.","Sang nagpanudlo sia sa ila, nagsiling sia, “Mag-andam kamo sa mga manunodlo sang Kasugoan nga luyag maglagawlagaw nga may malaba nga mga bayu, kag luyag nga ang mga tawo mag-abiabi nga may pagtahod sa ila sa mga tiendahan,"
Sinda naghatag hali sa inda kabuganaan pero an biyuda naman sa iya kapobrehan ginhatag gayod an tanan hasta na ngani an isurugpon pa sa ginhawa.”,kag nagapili sang pinasulabi nga mga pulongkuan sa mga sinagoga kag sang mga pulongkuan sang mga dungganon sa mga punsyon.
"San nagaluwas na si Jesus sa templo ginsabihan siya san usad san iya mga disipulos, “Maestro, kitaa kun sing-ano kadaragko san mga bato kag katahom san mga gusali san templo!”","Sang nagagwa si Jesus sa Templo nagsiling ang isa sang iya mga gintuton-an, “Manunodlo, tan-awa bala! Sa pagkatahom sining mga bato kag sa pagkadalagku nga mga balay!”"
"Nagsabat si Jesus, “Nakikita ba niyo iniʼn mga daragko na mga gusali? An tanan maruruba. Waraʼn mabibilin ni usad saniʼn nagatarakin na bato.”","Si Jesus nagsabat, “Nakita mo ining dalagku nga mga balay? Wala sing bisan isa ka bato nga mabilin nga nagatungtong pa sa ibabaw sang isa ka bato kay ang tanan pagagub-on.”"
"Taud-taod san sinda-sinda na lang nagaingkod si Jesus sa Bukid San Kaolibohan na nakaatubang sa templo. Tapos sinda Pedro naman, Santiago, Juan kag Andres naghunga sa iya,","Samtang nagapungko si Jesus sa Bukid sang mga Olivo nga nagaatubang sa Templo, nagpalapit sa iya sanday Pedro, Santiago, Juan kag Andres kag nagpamangkot sa iya nga silahanon lang,"
“Sabihi kami kun san-o ini mangyayari kag nano an tanda na igapakita na ini tanan haros matutuman na?”,“Sugiri kami kon san-o ini mahanabo kag sugiri man kami sang mga tanda nga madali na lang ini tanan nga mga butang mahanabo.”
"Kaya ginsabihan naman sinda ni Jesus, “Maglikay gayod kamo na dili maluko san sin-o man manungod sani.","Si Jesus nagsiling sa ila, “Mag-andam kamo nga wala sing may makapatalang sa inyo."
"Damo an magaabot na masambit san ngaran ko kag magasabi, ‘Ako an Cristo.’ Kaya damo na mga tawo an pagalukuhon ninda.","Madamo ang magaabot sa akon ngalan kag magasiling, ‘Ako ang Cristo!’ kag sila magapatalang sang madamo nga mga tawo."
Ayaw kamo pagkahandal sa mga barita na may mga gyera o mga nagasabi-sabi na may gyera na maabot. Dapat ini mangyari pero dili pa ina an katapusan san mga tanda.,"Kag indi kamo magpakulba kon mabatian ninyo ang linupok sang mga inaway sa malapit kag ang balita sang mga gira sa malayo nga lugar. Kay ini nga mga butang kinahanglan matabo, pero wala ini nagakahulogan nga ang katapusan nag-abot na."
"Magagyerera pa man an mga nasyon, kag an mga kahadian naman magapauruataki. Sa iba-iba na mga lugar magkakaigwa sin mga linog kag didto man sa iba na mga lugar magakulang sin pagkaon kaya magkakaigwa sin gutom. Amo ini an pagtuna pa lang san kalisudan na bagaʼn primero na sakit san pag-anak.",Ang mga pungsod magailinaway kag ang mga ginharian magasumponganay. May mga linog kag gutom sa nagakalainlain nga mga lugar. Ini nga mga butang manginkaangay sang nahauna nga pagpasakit sang manugbata.
“Maglikay kamo mismo. Pagadarhon kamo san mga tawo sa inda mga konseho. Pagakastiguhon man kamo sa mga sinagoga kag pagpapaatubangon kamo sa mga gobernador kag mga hadi tungod sa akon agod magpamatuod sa atubangan ninda.,"“Kamo inyo dapat mag-andam, kay ipadakop kamo sang mga tawo kag ipadala sa hukmanan. Pagabunalon kamo sa mga sinagoga. Magatindog kamo sa atubang sang mga pangulo kag sang mga hari tungod sa akon sa pagsugid sa ila sang Maayong Balita."
Pero dapat ipahayag anay an Maayo Na Barita sa tanan na nasyon.,Ang Maayong Balita kinahanglan iwali anay sa tanan nga mga tawo dayon ang katapusan magaabot.
"Kun dakupon kamo kag iatubang sa husgado, ayaw kahandal kun nano an iyo isasabat kundi sabihon an nano man na ginapaisip sa iyo sana mismo na panahon kay dili kamo mismo an magasurmaton kundi an Espirito Santo.","Kag kon dakpon kamo kag dalhon sa hukmanan, indi kamo magpalibog kon ano ang inyo ihambal sa wala pa ang tion. Kon mag-abot na ina nga tion ihambal lang ninyo ang ginahatag sang Dios sa inyo. Kay ang mga pulong nga inyo igahambal indi inyo, kundi magahalin sa Espiritu Santo."
“Sana man na panahon may mga tawo na amo mismo an magapapatay sa inda mga kamaranghod. Amo man mga ama na igapapatay an inda mga anak. Sugad man may kabataan na magakontra sa inda mga ginikanan kag igapapatay sinda.,"May mga tawo nga magatugyan sang ila kaugalingon nga mga utod agod pagapatyon, kag amo man ini ang himuon sang mga amay sa ila mga anak. Ang mga anak magabato kag magapapatay sang ila mga ginikanan."
"Kamo naman pagakabadlian san tanan na katawuhan dahilan na nagasunod kamo sa akon, pero an mga masasalbar sa paghusgar san Dios amo an mga magpadayon pagsarig sa akon hasta sa katapusan sani.","Ang tanan magadumot sa inyo tungod sa akon, pero ang bisan sin-o nga nagapadayon tubtob sa katapusan maluwas."
"“Sa maabot na panahon makikita an ginatawag na ‘bagay na mababadlian gayod san Dios kag magapasira man sa tawo.’ Tandai: dapat gayod na masabutan ini san nagabasa. Pakakita niyo sani na ginbutang sa dili man angay, kinahanglan idtoʼn adto sa Judea magdulag na sa kabukidan.","“Makita ninyo ‘Ang Makakulogmat nga Kangil-aran’ nga ginpatindog sa lugar nga indi dapat niya luntaran.” (Sa bumalasa: hangpa ang kahulogan sini!), “Sa sadto nga tion ang yara sa Judea kinahanglan magpalagyo sa kabukiran."
Kun may tawo na adto sa atop san iya balay dili na siya dapat na magsulod pa sa balay para magkuha sin bisan nano niya na garamiton.,Ang tawo nga yara sa atop sang iya balay dapat nga indi na mag-usik sang tion sa pagpanaog kag pagsulod sa iya balay sa pagkuha sang iya dalal-on.
Kun may tawo naman na adto na sa uma dili na gayod siya dapat mag-uli pa para magkuha san iya bado.,Ang tawo nga yara sa uma dapat nga indi na magpauli sa pagkuha sang iya kunop.
Kun sugad kamakaluluoy man sadtoʼn mga budos kag may mga ginapadudo pag-abot sana na panahon!,Sa sadto nga mga adlaw daw ano ka makaluluoy ang mga babayi nga nagabusong kag ang mga iloy nga may lapsag nga ginapasuso!
"Mangadyi gayod na dili ini mangyari kun tighagkutan,",Magpangamuyo kamo sa Dios nga ini nga mga butang indi mahanabo sa tion sang tigtulognaw!
kay sana na panahon magkakaigwa sin grabe na pagtios na wara pa mangyari tuna san paglalang san Dios san kinab-an hasta niyan kag dili na mangyayari gihapon hasta na lang.,Kay ang kalalat-an sadto nga mga adlaw indi matupongan halin sang pagtuga sang Dios sang kalibutan tubtob karon. Kag wala na gid sing manginkaangay pa sini liwat.
Kun wara pagpahalip-uta san Ginoo ina na mga adlaw wara gayod sin mabibilin na buhay. Pero alang-alang sa iya mga pinili pinahalip-ot niya ina.,"Pero ginpalip-ot sang Ginoo ang kalawigon sadtong mga adlaw, kay kon wala niya paghimua ini, wala sing may mabilin nga buhi. Pero tungod sang iya pinili nga mga katawhan, ginpalip-ot niya yadtong mga adlaw."
"“Kun may magsabi sa iyo sana na panahon na, ‘Kitaa, adi an Cristo!’ o ‘Kitaa, adto siya!’ ayaw pagtuod sana,","“Gani indi kamo magpati kon may magsiling sa inyo, ‘Tan-awa bala, yari ang Cristo!’ ukon ‘Lantawa bala, adto sia didto!’"
kay damoʼn maruluwas na mga magapatuud-tuod na mga Cristo kag mga propeta. Makakahimo sinda sin mga milagro kag makangangawa na mga bagay agod makaluko bisan sa mga pinili san Dios kun mahimo ninda.,"Kay magatuhaw ang indi matuod nga mga Cristo kag ang indi matuod nga mga propeta. Magahimo sila sing mga talandaan kag mga kalatingalahan sa tuyo nga ila mapatalang, kon sarang pa lang nila mahimo, bisan pa ang pinili nga mga katawhan sang Dios."
Ginpadaanan ta na kamo sani tanan antes pa ini mangyari kaya dapat kamo maglikay.”,"Pero kamo inyo magbantay! Nasugid ko na sa inyo ang tanan, sa wala pa mahanabo ini nga mga butang."
"Nagpadayon pa si Jesus, “Pero pakatapos san kasakitan sana na mga adlaw,","“Sa sadtong mga adlaw, sa tapos sining kalalat-an, ang adlaw magadulom kag ang bulan indi na magsanag,"
‘pagapadulumon an adlaw kag mawawar-an sin pawa an bulan.,"ang mga bituon magakalahulog gikan sa langit, kag ang mga gahom sa kahawaan pagapatalangon sa ila kinaandan nga alagyan."
Magakahurulog an mga bituon hali sa langit kag an mga makagagahom sa kalangitan pagauy-ugon.’,"Dayon makita ang Anak sang Tawo nga nagapadulong nga yara sa mga panganod, nga may daku nga gahom kag himaya."
“Pakatapos makikita san mga tawo na magaabot ako na Anak San Tawo sa mga dampog na may kagamhanan kag glorya.,Magapadala sia sang mga anghel sa apat ka pamusod sang duta sa pagtipon sang pinili nga mga katawhan sang Dios gikan sa tanan nga mga lugar sang kalibutan.
Pagasuguon ko naman an akon mga anghel sa upat na higad san kinab-an para tiripunon an akon mga pinili na mga tawo hali sa bilog na kinab-an.,"“Magtuon kamo sing leksyon sa kahoy nga higera. Kon ang iya mga sanga magpanglumbay na, inyo mahibaluan nga malapit na ang tingadlaw."
“Dapat kamo makaaram sin leksyon hali sa puno san kahoy na ginatawag higera. Pagsaringsing san mga sanga sani kag pag-uruslot san mga dahon naaaraman niyo na halapit na an kwaresma didi sa aton.,"Sa amo man nga bagay, kon makita ninyo nga nagakahanabo na ini nga mga butang, inyo mahibaluan nga malapit na sia, kag madali na lang mag-abot."
"Sugad man kun makita niyo idtoʼn mga pangyayari, maaaraman niyo na halapit na ako mag-abot, bagaʼn ada na lang gayod sa pwertahan.",Dumdoma ninyo ini! Mahanabo ini tanan nga mga butang sa wala pa magkalamatay ang mga tawo nga buhi pa subong.
Ginasiguro ko sa iyo na mangyayari idtoʼn tanan antes na magkamaratay an mga tawo na nabuhay yana.,"Ang langit kag ang duta magataliwan, pero ang akon mga pulong indi gid magtaliwan."
An langit kag duta mawawara pero magapadayon hasta na lang an akon mga surmaton.”,"“Pero wala sing may nakahibalo kon san-o ina nga adlaw ukon oras magaabot, bisan pa ang mga anghel sa langit, ukon ang Anak, kundi ang Amay gid lamang."
"Nagpadayon si Jesus, “Niyan manungod san oras kag adlaw san akon pagbalik waraʼn iba na maaram kundi an Ama lang. Bisan ngani an mga anghel sa langit kag ako mismo na iya anak dili maaram.","Magbantay kag magpangaman kamo, kay wala ninyo mahibaloi kon san-o yadto nga tion magaabot."
Kaya magmaikmat kamo kag magbantay kay dili niyo aram kun san-o ini mangyayari.,"Manginkaangay ini sang isa ka tawo nga nagpanglakaton sa malayo. Sa wala pa sia makahalin, gintugyan niya sa iya mga suloguon ang pag-atipan sang iya balay, ang tagsatagsa may iya nga kaugalingon nga hilikuton. Kag nagsugo sia sa manugbantay sang pwertahan sa pagbantay."
Pareho ini san magalakat na binilin an iya balay sa mga suruguon. Ginapatrabaho niya an kada usad sin sadiri na trabaho kag pinadaanan an bantay sa pwertahan na magbantay gayod.,"Gani magbantay kamo kay wala kamo makahibalo kon san-o mabalik ang agalon sang puloy-an, basi sa kahapunanon, ukon sa tungang gab-i, sa kaagahon ukon sa pagbutlak sang adlaw."
"Kaya magbantay kamo kay dili niyo aram kun san-o an pag-abot san tag-iya san balay, kun sa gab-i, sa tungaʼn gab-i, sa pagturaok san manok o sa maaga.","Kon mag-abot sia sing hinali, kinahanglan nga indi niya kamo maabtan nga nagakatulog."
Kay basi umabot siya sin bigla kag maabtan kamo na turog.,Ang ginasiling ko sa inyo ginasiling ko sa tanan: Magbantay kamo!”
Mga duha pa ka adlaw antes san Paskwa kag san pyista san Tinapay Na Waraʼn Lebadura an mga pinakapuno san kapadian kag san mga paratukdo san Kasuguan nagahanap sin paagi para si Jesus patraydor na ipadakop kag ipapatay.,Duha na lang ka adlaw kag magaabot na ang Piesta sang Pascua kag ang Piesta sang Tinapay nga Wala sing Lebadora. Ang pangulo nga mga pari kag ang mga manunodlo sang Kasugoan nagpangita sang paagi sa pagdakop kay Jesus sa tago kag sa pagpatay sa iya.
"Pero sabi ninda, “Dili ini dapat na himuon sa kapyistahan kay basi magsaramok an mga tawo.”","Nagsiling sila, “Indi naton paghimuon ini sa tion sang piesta, kay basi magkinagamo ang mga tawo.”"
"Myintras na adto si Jesus sa Betania nagakaon sa balay ni Simon na kasadto may leproso, may sumulod na babayi na may daraʼn surudlan na himo sa alabastro na bato puno sin mahal na pahumot kay puro nardo. Pinusa niya an surudlan kag ginbu-bo an pahumot sa ulo ni Jesus.","Yadto didto si Jesus sa Betania sa balay ni Simon nga sadto anay aruon. Sang nagakaon sia, nag-abot ang isa ka babayi nga may dala nga tibodtibod nga alabastro nga puno sang malahalon gid nga agwa nga nahimo sa puraw nga nardo. Iya ginbuong ang tibodtibod kag ginbubo ang agwa sa ulo ni Jesus."
"Pero may iba didto na nagairistoryahan na naurit, “Nano kay gintiawan ina na pahumot?","May mga tawo didto nga naakig kag nagsinilingay, “Ngaa bala nga ginausikan niya ang agwa?"
Makabaligya kuntani ina sin sobra pa na 300 na dinaryo kag an kabaklanan sana ikapanghatag sa pobre.” Kaya ginsaway ninda an babayi.,Sarang kuntani mabaligya ini sing kapin sa 300 ka denario kag ang kwarta mahatag sa mga imol!” Gani naakig sila sa babayi.
"Pero ginsabihan sinda ni Jesus, “Nano kay ginapakiaraman niyo siya? Pabayai lang niyo kay maayo an ginhimo niya sa akon.","Pero si Jesus nagsiling, “Pabay-i ninyo sia! Ngaa ginatublag ninyo sia? Maayo ining ginahimo niya sa akon."
Matuod ini kay adi pirme sa iyo an mga pobre kag nano man na oras mabubuligan niyo sinda pero ako dili pirme adi sa iyo.,"Sa gihapon ang mga imol kaupod ninyo kag sarang kamo makabulig sa ila sa bisan anong oras nga luyag ninyo, pero ako indi manginkaupod ninyo sa tanan nga tion."
Hinimo san babayi an gutob san iya makakaya. Ginpahumutan niya an akon lawas bilang preparasyon sa paglubong sa akon.,Ini nga babayi naghimo sang iya masarangan. Ginbuboan niya sing agwa ang akon lawas sa pag-aman sini sa akon lubong.
Matuod gayod na ini na nahimuan sani na babayi igaistorya man bilang pagdumdom sa iya bisan diin igapahayag an Maayo Na Barita sa bilog na kinab-an.”,"Dumdoma ninyo ini! Bisan diin iwali ang Maayong Balita sa bug-os nga kalibutan, isugid man ang ginhimo sini nga babayi sa handumanan niya.”"
"Myintras na adto pa si Jesus sa Betania si Judas Iscariote, usad san dose na mga disipulos, nagpakadto sa mga namumuno san kapadian. May plano siya na patraydoran si Jesus sa inda.",Dayon si Judas Iscariote nga isa sang dose ka mga apostoles nagkadto sa pangulo nga mga pari agod nga iya matugyan si Jesus sa ila mga kamot.
Nalipay gayod sinda san pakabati sani kag nagtuga na hatagan siya sin kwarta. Kaya tuna sadto nagahanap si Judas sin maayo na oportunidad agod patraydoran sa inda si Jesus.,"Sang pagkabati nila sini, nalipay gid sila kag nagtug-an sa paghatag sa iya sing kwarta. Gani, sugod sadto si Judas nagpangita sing kahigayunan agod matugyan niya si Jesus sa ila."
"Sa primero na adlaw san kapyistahan san Tinapay Na Waraʼn Lebadura, kun san-o an ugali san mga Judio na magpatay sin kordero para sa panigab-i sa adlaw san Paskwa, hinunga si Jesus san iya mga disipulos, “Diin mo gusto na ihanda namon an pagkaon sa Paskwa?”","Sang nahauna nga adlaw sang Piesta sang Tinapay nga wala sing Lebadora, ang adlaw nga ginaihaw ang mga kordero para sa panihapon sang Piesta sang Pascua, ang mga gintuton-an ni Jesus nagpamangkot sa iya, “Diin bala ang luyag mo nga amon pagakadtuan sa pag-aman para sa imo sang panihapon sang Piesta sang Pascua?”"
"Kaya nagsugo sin duha niya na disipulos, “Kumadto kamo sa syudad. Pag-abot niyo didto may makakasugat kamo na lalaki na may daraʼn tibod san tubig. Sundon niyo siya",Dayon ginsugo ni Jesus ang duha sang iya mga gintuton-an nga iya ginsingganan: “Kadto kamo sa siudad kag didto masugata ninyo ang isa ka tawo nga nagapas-an sang isa ka banga nga tubig. Sunda ninyo sia
"hasta sa sulod san balay na iya pagasuludan, kag didto sabihon sa tag-iya sani, ‘Nagapahunga an Maestro, Hain an kwarto para sa mga bisita na makaon ako san handa san Paskwa kaupod san akon mga disipulos?’","kag kon diin nga balay sia magsulod, singgana ninyo ang tagbalay: ‘Ang Manunodlo nagasiling, Diin ang kwarto nga akon pagakan-an sang panihapon sang Piesta sang Pascua upod sa akon mga gintuton-an?’"
May itutukdo siya sa iyo na dako na kwarto saibabaw na kompleto na sin garamiton kag mahusay na. Didto kamo maghanda para sa aton.”,Kag ipakita niya sa inyo ang isa ka daku nga kwarto sa ibabaw nga naaman na. Didto kamo maghanda para sa aton.”
Nagkadto sa syudad an duha na disipulos na iya ginsugo kag nakita ninda an tanan na ginsabi sa inda kaya ginpreparar an pagkaon sa Paskwa.,"Ang mga gintuton-an naglakat kag sang nakaabot sila sa siudad, nakita nila ang tanan suno sa ginpamulong ni Jesus sa ila, kag naghanda sila sang panihapon sang Piesta sang Pascua."
Pagkagab-i nag-abot si Jesus kaupod an dose.,"Sang sirom na, nag-abot si Jesus kag ang dose ka mga apostoles."
"Myintras nagakaraon sinda sa lamesa si Jesus nagsurmaton, “Matuod an ginasabi ko sa iyo, may usad didi sa iyo na nagakaon kaupod ko na matraydor sa akon.”","Sang nagakaon na sila sa lamisa, nagsiling si Jesus sa ila, “Dumdoma ninyo ini, ang isa sa inyo nga nagakaon upod sa akon magaluib sa akon.”"
"Didi nagkamurundo sinda kag an kada usad naghunga kan Jesus, “Nano, Ginoo, ako ina?”","Natublag ang mga gintuton-an kag tag-isaisa sila nga nagpamangkot sa iya, “Ako bala?”"
"Nagsabat si Jesus sa inda, “Usad siya sa iyo na dose. Amo siya idtoʼn nakisaro sa akon.","Si Jesus nagsabat sa ila, “Isa sa inyo nga dose nga nagadungan sa akon sa pagtusmaw sang iya tinapay sa yahong."
"Oo, mangyayari gayod sa akon na Anak San Tawo susog sa nasurat sa Banal Na Kasuratan pero kamakaluluoy man sana na matraydor sa akon! Maayo pa lugod sana na tawo na dili na lang siya gin-anak.”","Ang Anak sang Tawo mapatay suno sa ginsiling sang mga Kasulatan, pero daw ano ka makaluluoy ang tawo nga magaluib sa Anak sang Tawo! Mas maayo pa kuntani nga wala sia matawo!”"
"Myintras nagakaraon pa sinda nagkuha si Jesus sin tinapay, nagpasalamat sa Dios, gin-utud-utod kag ginpanghatag sa iya mga disipulos na nagasabi, “Kaon kamo. Ini an akon lawas.”","Sang nagakaon sila, si Jesus nagkuha sang tinapay, nagpasalamat sa Dios, kag iya ginpamihakpihak ini kag ginhatag sa iya mga gintuton-an nga nagasiling, “Kuha kamo sini, ini amo ang akon lawas.”"
"Pakatapos may ginkuha naman siya na kupa kag, pakapasalamat sa Dios, hinatag sa inda, tapos nag-inom sinda tanan.","Dayon nagkuha sia sang kupa, nagpasalamat sia sa Dios, kag ginhatag ini sa ila, kag sila tanan nag-inom."
"Didi naman ginsabihan niya sinda, “Ini an akon dugo na amo an pagpamatuod san sinumpaan san Dios. Pagapaawason ini para sa kadamuan.","Nagsiling si Jesus, “Ini amo ang akon dugo nga ginaula para sa madamo, ang akon dugo nga nagaselyo sang kasugtanan sang Dios."
Ginasiguro ko sa iyo na dili na ako mainom gihapon sin duga san mga ubas hasta sa pag-abot san adlaw na mainom ako san bag-o na bino sa kahadian san Dios.”,Ginasiling ko sa inyo nga indi na ako mag-inom liwat sini nga bino tubtob sa adlaw nga mainom ko ang bag-o nga bino sa Ginharian sang Dios.”
Pakatapos ninda pagkanta sin salmo nagpakadto sinda sa Bukid San Kaolibohan.,Sa tapos sila makakanta sang isa ka ambahanon nagkadto sila sa bukid sang mga Olivo.
"Didto ginsabihan sinda ni Jesus, “Pagabayaan ako niyo tanan sugad sa nasurat,","Si Jesus nagsiling sa ila, “Tanan kamo magapalagyo kag magabiya sa akon kay ang kasulatan nagasiling, ‘Ang Dios magapatay sang manugbantay kag magaalaplaag ang mga karnero.’"
‘Papatayon ko an nagaataman kaya magaburulag an mga karnero.’,"Pero sa tapos ako mabanhaw, magauna ako sa inyo sa Galilea.”"
Pero pagkabuhay ko gihapon mauuna ako sa iyo sa Galilea.”,"Si Pedro nagsabat, “Bisan pa bayaan ikaw sang tanan magaunong gid ako sa imo!”"
"Tapos nagsurmaton si Pedro, “Bisan magbaya sinda tanan ako naman dili gayod.”","Si Jesus nagsiling sa iya, “Dumdoma ini! Sa wala pa makapamalo ang manok sing makaduha karon gid nga gab-i, ikaw mismo magasiling sing tatlo ka beses nga wala ka makakilala sa akon.”"
"Ginsabihan siya ni Jesus, “Matuod gayod na yana na gab-i antes magturaok an manok sin makaduha pagapaambutan mo ako sin makatulo na beses.”","Pero si Pedro nagsabat nga may pagpamilit kag sa mabaskog nga tingog, “Indi gid ako magpanghiwala sa imo, bisan pa nga patyon ako upod sa imo!”"
"Pero nagpirit gihapon si Pedro na nagsurmaton, “Dili ta ikaw pagapaambutan bisan ako mamatay kaupod mo.” Amo man an ginsarabi san tanan.",Kag amo man ini ang ginsiling sang tanan nga mga gintuton-an.
"Pakaabot ninda sa lugar na ginatawag na Getsemani ginsabihan ni Jesus an iya mga disipulos, “Mag-ingkod kamo didi myintras makadto ako para magpangadyi.”","Nag-abot si Jesus kag ang iya mga gintuton-an sa isa ka lugar nga ginatawag Getsemani, kag nagsiling sia sa iya mga gintuton-an, “Pungko kamo diri samtang nagapangamuyo ako.”"
"Pakatapos gin-agda niya sinda Pedro, Santiago kag Juan na mag-upod sa iya. Pag-abot didto nakabatyag si Jesus sin dako gayod na kahandal kag pagkamundo man.","Dayon gin-upod niya sanday Pedro, Santiago, kag Juan. Nag-abot kay Jesus ang daku nga kakugmat kag kalisod,"
"Kaya ginsabihan sinda ni Jesus, “Namumundo gayod ako na bagaʼn mapapatay. Maghulat kamo didi kag magbantay.”","kag nagsiling sia sa ila, “Daw malumos ako sa kalisod. Pabilin kamo diri kag magbantay.”"
Pag-uruunhan niya naghapa sa duta kag nagpangadyi na kun mahimo dili siya makabatyag sin pagtios sa maabot na oras.,"Naglakat sia sa ulounhan kag naghapa sa duta kag nagpangamuyo nga kon mahimo, ipaiway lang kuntani ang tion sang iya pag-antos."
"Tapos nagsabi siya, “Abba, Ama, kaya ka na mahimo san tanan. Halia man sa akon ini na kupa pero dili an akon pagbuot kundi an sa imo lugod an masunod.”","Nagpangamuyo sia, “Amay ko, O Amay ko, mahimo mo ang tanan. Ilikaw ining kupa sang pag-antos sa akon. Pero indi ang akon kabubot-on ang matuman kundi ang imo.”"
"Pagbalik niya sa tulo na disipulos tururog na sinda. Gintawag niya si Pedro, “Simon, nano, turog ka? Dili mo ba kaya na magbantay sin usad lang ka oras?","Dayon nagbalik sia kag nasapwan niya ang tatlo ka mga gintuton-an nga nagakatulog, kag nagpamangkot sia kay Pedro, “Nagakatulog ka bala, Simon? Indi ka gid bala makapulaw bisan isa lang ka oras?”"
Kinahanglan kamo magbantay kag magpangadyi agod dili masugtan kay bisan makusog an pagbuot an lawas maluya.”,"Kag nagsiling sia sa ila, “Magpulaw kamo kag magpangamuyo agod nga indi kamo mahulog sa pagsulay. Handa ang espiritu, ugaling ang lawas maluya.”"
Nagbalik gihapon si Jesus kag nagpangadyi na pareho an iya ginapangamuyo.,Naglakat sia liwat kag nagpangamuyo sang amo man gihapon nga pangamuyo.
"Pagbalik niya sa tulo, amo man gihapon naabtan niya na tururog kay ginadaog gayod sinda san kapirawon. Dili ninda aram kun nano an isabat sa iya.","Sang pagbalik niya liwat sa iya mga gintuton-an, nasapwan niya nga nagakatulog sila kay natuyo gid sila, kag indi sila makahibalo kon ano ang ila isabat sa iya."
"San ikatulo na na pagbalik ni Jesus sinabihan niya sinda, “Nano, nagatururog kamo hasta na lang kag nagapahuruway? Tama na ina! Nag-abot na an oras! Kitaa, kay ako na Anak San Tawo igaintriga sa mga parakasala.","Sang ikatlo na nga pagbalik ni Jesus sa ila, nagsiling sia, “Nagakatulog pa bala kamo kag nagapahuway? Husto na ina! Ang oras nag-abot na! Yari na, ang Anak sang Tawo ginatugyan sa gahom sang makasasala nga mga tawo."
"Bangon na kamo! Kitaa! Ada na an matraydor sa akon, kaya hamos na kita.”","Bangon kamo, malakat kita. Kita ninyo, nag-abot na ang tawo nga magatugyan sa akon!”"
"Nagasurmaton pa si Jesus san mag-abot si Judas, usad san dose. May mga kaurupod na armado sin mga talibong kag mga balbag. Sinugo sinda san mga namumuno san kapadian, mga paratukdo san mga Kasuguan kag mga kagurangan na mga namumuno san mga Judio.","Sa gilayon, sang nagahambal pa si Jesus, nag-abot si Judas nga isa sang dose ka mga apostoles. Madamo nga mga tawo nga may dala nga mga espada kag mga inuglampos ang kaupod niya. Ini sila ginsugo sang pangulo nga mga pari kag sang mga manunodlo sang Kasugoan, kag sang mga katigulangan sang mga Judio."
"Niyan nagkasarabot na sinda na si Judas mahatag sin tanda, “An haharukan ko amo ina siya. Kaya dakupa niyo kag siguruha na mabantayan sin maayo sa iyo paglakat.”",Ang traidor naghatag na sini nga senyas sa mga tawo nga kaupod niya: “Ang tawo nga tamyawon ko paagi sa halok amo ina sia ang ginapangita ninyo. Dakpa ninyo sia kag dal-a nga ginagwardyahan gid sing maayo.”
"Kaya san pag-abot ni Judas nagdiretso pagtulos kan Jesus kag nagsabi, “Rabi!” Pakatapos ginharukan siya.","Sang pagsampot ni Judas, gintamyaw niya si Jesus nga nagasiling, “Manunodlo!” kag ginhalukan niya sia."
Gindakop dayon kag ginpugulan nindaʼn maayo si Jesus.,Kag gindakop nila si Jesus kag ginsiguro nga indi sia makapalagyo.
"Pero usad san mga nagamiron an nagbugnot san iya ispada, gintigbas an suruguon san pinakapuno na padi kag nautas an talinga sani.",Pero ang isa sang mga nagatambong didto naghunos sang iya espada kag ginlabo ang isa ka suloguon sang Pinakamataas nga Pari kag nautas ang iya sini dulonggan.
"Tapos nagsurmaton si Jesus, “Nano, tulisan an paghuna niyo sa akon kay nagdarara pa kamo san mga talibong kag mga balbag para lang dakupon ako?","Si Jesus nagpamangkot sa ila, “Kinahanglan gid bala ninyo ang mga espada kag mga inuglampos sa pagdakop sa akon, subong abi nga daw buyong ako?"
Ada ako pirme sa iyo uruadlaw na nagatukdo sa templo kag wara man niyo pagdakupa. Pero ini nangyari agod matuman an Banal Na Kasuratan.”,Adlaw-adlaw yara ako kaupod ninyo nga nagapanudlo sa Templo kag wala man ninyo ako pagdakpa. Pero kinahanglan nga matuman ang nasulat sa mga Kasulatan.”
Tapos ginbayaan dayon siya san mga disipulos kag nagdurulag.,"Dayon ginbayaan sia sang iya mga gintuton-an, kag nagpalagyo sila tanan."
May nagsunod sa iya na batan-on na lalaki na nakatapis sin manipis na tela.,"May isa ka pamatan-on nga lalaki nga nagatampi lang sing isa ka panapton nga lino nga nagasunod kay Jesus. Dakpon kuntani nila sia,"
Gindakop siya ninda pero ini na tawo nakadaplos kaya nabilin an iya tapis kag nagdalagan na huba.,pero nanginpadlos sia kag nagpalagyo nga hublas kay nabilin ang iya ginatampi.
"Pag-abot ninda sa Jerusalem ginguyod man si Jesus sa pinakapuno na padi. Tapos naman nagtiripon didto an tanan na mga puno san kapadian, an mga namumuno san mga Judio kag an mga paratukdo san Kasuguan.","Karon gindala nila si Jesus sa balay sang Pinakamataas nga Pari sa diin nagtililipon ang tanan nga pangulo nga mga pari, ang mga katigulangan sang mga Judio, kag ang mga manunodlo sang Kasugoan."
Si Pedro naman nagsunod kanda Jesus pero sa huruharayo. Nagdiretso siya hasta sa natad san palasyo san pinakapuno na padi. Didto nag-ingkod siya katakin san mga bantay sa may kalayo kag nagpainit man.,"Si Pedro nagsunod kay Jesus sa malayo, kag nagsulod man sia sa hardin sang palasyo sang Pinakamataas nga Pari. Didto nagpungko sia upod sa mga gwardya sa pagpainit-init sa kalayo."
Niyan an mga puno san kapadian kag san bilog na konseho naghanap sin ibidinsya kontra kan Jesus agod mahusgaran siya sin kamatayon pero wara sindaʼn nakuha.,"Karon ang pangulo nga mga pari kag ang tanan nga mga katapo sang Konseho nagpangita sang mga saksi batok kay Jesus agod nga mapapatay sia, pero wala gid sila sing may makita."
Bisan damo didto an naghimuwa sa iya an inda pagtestigo dili nagkaparareho.,Madamo nga mga saksi ang nagsugid sang kabutigan batok kay Jesus ugaling wala magsinanto ang ila mga sugid.
"Sa katapus-tapusi may pira na nagtindog kag nagbuwa sugad sani,",Karon may mga tawo nga nagtindog kag nagsugid sini nga butig batok kay Jesus nga nagasiling:
"“Nabatian namon siya na nagsabi, ‘Rurubaon ko ini na templo na himo san tawo kag sa sulod sin tulo ka adlaw matindog ako sin bag-o na dili himo san tawo.’,”","“Nabatian namon sia nga nagsiling, ‘Gub-on ko ini nga Templo nga ginpatindog sang mga tawo, kag sa sulod sang tatlo ka adlaw patindugon ko ang isa nga indi mga tawo ang naghimo.’”"
Pero dili man gihapon nagakaparareho an mga testigo kontra sa iya.,Pero bisan ini sila indi makapasanto sang ila mga sugid.
"Didi nagtindog an pinakapuno na padi kag naghunga kan Jesus, “Wara ka ba sin ikakasabat sana? Nano an masasabi mo sa mga ginsabi ninda kontra sa imo?”","Karon ang Pinakamataas nga Pari nagtindog sa atubang nila kag nagpamangkot kay Jesus, “Wala ka bala sing masabat sa sining mga panumbongon nila batok sa imo?”"
"Pero wara siya magribok. Ginhunga gihapon siya san pinakapuno na padi, “Nano, ikaw an Cristo na amo an anak san pinakapaladan?”","Pero si Jesus naghipos kag wala gid magsabat. Sa liwat nagpamangkot sa iya ang Pinakamataas nga Pari, “Ikaw bala ang Cristo, ang Anak sang Dalayawon nga Dios?”"
"Nagsabat si Jesus, “Ako ina kag makikita niyo ako na Anak San Tawo na nakaingkod sa tuo san Pinakamakagagahom. Tapos pagbalik ko naman didi sa kinab-an makikita niyo ako na nakatungtong sa mga dampog sa langit.”","Nagsabat si Jesus, “Huo ako matuod, kag inyo tanan makita ang Anak sang Tawo nga nagapungko sa tuo sang Makagagahom kag nagaabot nga yara sa mga panganod sang langit!”"
"Didi ginisi san pinakapuno na padi an sadiri niya na bado kay sa huna-huna niya pagbasang-basang sa Dios an ginsabat ni Jesus. Tapos naghunga, “Nano kay kinahanglan pa naton an mga testigos?","Gingisi sang Pinakamataas nga Pari ang iya bayu kag nagsiling, “Wala na kita nagakinahanglan sang dugang pa nga mga saksi!"
Nabati niyo an iya pagbasang-basang sa Dios. Nano sa paghuna niyo?”,Nabatian ninyo ang iya pagpasipala sa Dios. Ano bala ang inyo pamat-od?”
An tanan nagkaurusad na siya dapat ipapatay.,Kag ginpamatbatan nila nga nakasala sia kag dapat sia pagapatyon.
"Tapos may iba sa inda na nagtuna pagluda sa iya. Gintahuban man ninda an iya mga mata tapos ginparasuntok. Ginsiyakan pa siya na nagasabi, “Tugmaha daw, propeta!” Pero san wara siya magsabat ginkuha siya san mga bantay kag ginparasuntok pa.","Ang iban sa ila nagsugod sa pagdupla kay Jesus, ginbutabutahan nila sia kag ginbunal nga nagasiling, “Pakta abi kon sin-o ang nagbunal sa imo?” Ginkuha sia sang mga gwardya kag tinampa."
Myintras si Pedro adto sa natad san palasyo may nag-abot na babayi na suruguon san pinakapuno na padi.,"Sang didto pa sa idalom si Pedro sa hardin sa sulod sang palasyo, naglabay ang isa ka babayi nga suloguon sang Pinakamataas nga Pari."
"Pagkita niya kan Pedro na nagapainit didto tinurok niya kag ginsabihan, “Ikaw kaupod man ni Jesus na taga-Nazaret.”","Sang makita niya si Pedro nga nagapainit-init sa kalayo, ginhimutaran niya sia kag ginsingganan, “Ikaw kaupod man ni Jesus nga taga-Nazaret.”"
"Pero nagpaambot siya na nagasabi, “Dili ko aram. Dili ko nasasabutan kun nano an gusto mo sabihon.” Pakatapos nagluwas si Pedro sa pwertahan.","Pero iya ini ginpanghiwala nga nagasiling, “Ambot, wala ako makahangop sang imo ginasiling.” Sa tapos makahambal si Pedro sini naglakat sia pakadto sa pwertahan. Sa sadto gid nga tion may nagpamalo nga manok."
"Didto nakita gihapon siya san suruguon na babayi kag nagsabi ini sa mga nagairistambay didto, “Usad man ini sa inda.”","Nakita sia liwat didto sang babayi nga suloguon kag ginsulit niya ang pagsiling sa mga tumalan-aw didto, “Ini sia isa man sang mga kaupod nila!”"
Pero nagpaambot gihapon si Pedro.,Pero ginpanghiwala ini liwat ni Pedro.
"Pagkaaga antes magbitlak an adlaw nagtiriripon an pinakapuno na padi kaupod an mga namumuno san mga Judio, mga paratukdo san Kasuguan kag an bilog na Konseho. Nag-urusad sinda kun nano an himuon. Kaya ginpagapos ninda si Jesus, ginpadara kan Pilato kag inintriga sa iya.","Aga pa gid ang pangulo nga mga pari naghinun-anon sa mga katigulangan sang mga Judio, sa mga manunodlo sang Kasugoan, kag sa tanan nga mga katapo sang Konseho. Gingapos nila si Jesus kag gindala nga itugyan kay Pilato."
"Ginhunga siya ni Pilato, “Nano, ikaw an hadi san mga Judio?”","Ginpamangkot sia ni Pilato, “Ikaw bala ang hari sang mga Judio?”"
"“Ikaw an nagsabi sana,” an sabat ni Jesus.","Nagsabat si Jesus, “Ginasiling mo.”"
Damo an ginsang-at na akusasyon san pinakapuno san kapadian kontra kan Jesus.,"Madamo ang mga panumbongon sang pangulo nga mga pari batok kay Jesus,"
"Ginhunga gihapon siya ni Pilato, “Wara ka baʼn ikasabat? Kitaa kun sing-ano kadamo an akusasyon ninda kontra sa imo!”","gani sa liwat ginpamangkot sia ni Pilato, “Wala ka bala sing masabat sa sining mga panumbongon? Pamatii kon daw ano kadamo sang ila panumbongon batok sa imo!”"
Pero wara gihapon magsabat si Jesus kaya nagngalas si Pilato.,"Pero si Jesus wala na magsabat, gani natingala gid si Pilato."
Niyan kada kapyistahan ugali na ni Pilato an pagpaluwas sin priso na aayuon san mga tawo.,Sa tagsa ka Piesta sang Pascua may kinabatasan si Pilato sa paghilway sang isa ka binilanggo nga pagapangayuon sang mga tawo nga pagabuy-an.
Sadto na panahon may priso na ginatawag Barabas. Kaupod siya san mga rebelde na nakapatay kasadto san magkaigwa sin kasamok.,Sa sadto nga tion may isa ka tawo nga ginhingalanan kay Barrabas nga ginbilanggo kaupod sa mga rebelde nga nakapamatay sang ila pagpakig-away batok sa gubyerno.
Nag-arapiki an kadamuan kan Pilato kag nagtuna paghangyo sa iya na himuon an nakaugalian na niya na pagpaluwas sin usad na priso.,Madamo nga mga tawo ang nagpalapit kay Pilato kag nagpangabay nga himuon niya ang iya kinabatasan nga ginahimo sa sini nga tion sang tuig.
"Ginhunga sinda ni Pilato, “Nano, gusto niyo na paluwason ko an hadi san mga Judio?”","Nagpamangkot sia sa ila, “Luyag bala ninyo nga buy-an ko sa inyo ang hari sang mga Judio?”"
Nabatyagan ni Pilato na si Jesus gin-akusar dahilan sa pagkaawa san mga pinakapuno san kapadian.,Nakahibalo gid si Pilato nga ang pangulo nga mga pari nagtugyan kay Jesus sa iya tungod kay nahisa sila.
Pero an mga tawo ginsulsulan san mga pinakapuno san kapadian na an paluwason lugod si Barabas.,Pero ang pangulo nga mga pari nagsudyot sa mga tawo nga sa baylo kay Jesus pangayuon nila nga buy-an si Barrabas.
"Nagsurmaton gihapon si Pilato, “Kun sugad, nano an hihimuon ko sani na tawo na ginatawag niyo na hadi san mga Judio?”","Nagpamangkot liwat si Pilato sa mga tawo, “Karon, ano ang luyag ninyo nga himuon ko sa iya nga ginatawag ninyo nga hari sang mga Judio?”"
"Nagsiriyak sindaʼn, “Ipako siya sa krus!”","Nagsinggit sila, “Ilansang sia sa krus!”"
"Ginhunga sinda ni Pilato, “Kay nano? Nano an karautan na nahimo niya?”","Nagpamangkot si Pilato sa ila, “Ngaa ano bala nga sala ang iya nahimo?”"
"Pero mas lalo lugod na nagsiriyak sindaʼn makusog na nagasabiʼn, “Ipako siya sa krus!”","Pero gintudohan pa gid nila ang pagsinggit, “Ilansang sia sa krus!”"
"Kaya, agod mapalipay ni Pilato an mga tawo, pinalibre niya si Barabas. Tapos, pakapalatigo niya kan Jesus, gin-intriga siya sa inda para ipako sa krus.","Gani, si Pilato nga luyag magpaayon sa mga tawo naghilway kay Barrabas. Dayon ginpabunal niya si Jesus kag gintugyan sia sa mga soldado, agod nga ilansang sa krus."
Ginguyod si Jesus san mga suldados sa pretoryo na amo an pinakasulod san palasyo tapos pinatawag an tanan na suldados.,Gindala si Jesus sang mga soldado sa sulod sang palasyo sang Gobernador kag gintawag nila ang iban pa nga mga soldado sa pagtipon didto.
"Ginsul-utan ninda siya sin lila na kapa, ginhimuan sin korona na tunok kag ginkoronahan siya.",Ginpasukloban nila si Jesus sing kapa nga granate kag naghimo sila sing korona nga tunokon kag ginbutang nila ini sa ulo ni Jesus.
"Pakatapos patuya na ginasaluduhan siya, “Mabuhay an Hadi san mga Judio!”",Dayon nagsulosaludo sila sa iya nga nagasiling: “Mabuhay ang Hari sang mga Judio!”
"Ginparapalo siya sa ulo, gintuprahan kag nagaruluhod-luhod man sinda na bagaʼn nagagalang sa iya.","Kag liwatliwat nga ginhanot nila sia sang tigbaw sa ulo, ginduplaan, ginluhodluhoran kag ginsulosaludohan."
Pakatapos san inda pagtuya-tuya kan Jesus ginhubaan siya san lila na kapa kag ginsul-utan gihapon san sadiri niya na bado. Tapos ginluwas siya para ipako sa krus.,"Sang matapos nila yaguta si Jesus, ginkuha nila sa iya ang kapa nga granate kag ginpasuksokan nila sia sang iya kaugalingon nga bayu. Dayon gindala nila sia sa gwa agod nga ilansang sa krus."
Niyan may umaragi na si Simon na taga-Cirene na nagasulod sa Jerusalem hali sa uma. Siya an ama ninda Alejandro kag Rufo. Ginpirit siya san mga suldados na magpas-an san krus ni Jesus.,"Nasugata nila sa dalan ang isa ka tawo nga ginhingalanan kay Simon nga nagapabanwa halin sa uma. Ginpilit sia sang mga soldado sa pagpas-an sang krus ni Jesus. Ini amo si Simon nga taga-Cirene, ang amay ni Alejandro kag ni Rufo."
Ginguyod ninda si Jesus sa lugar na ginatawag Golgota na an gusto sabihon lugar na ginatawag bungo.,"Gindala nila si Jesus sa lugar nga ginatawag Golgota, nga kon sayuron “Lugar sang Bagol.”"
Tapos ginhatagan ninda si Jesus sin bino na may sakot na bulong na ginatawag mira pero wara niya ini pag-inuma.,"Didto ginhatagan nila sia sing bino nga ginsimbugan sing mira, pero indi mag-inom sini si Jesus."
Didto ginpako siya ninda sa krus kag ini ginpatindog. Ginbarahin man ninda an iya mga sul-ot paagi sa pagparipahan agod aram ninda kun arin an bahin san kada usad.,"Dayon ginlansang nila sia sa krus kag ginpartida nila ang iya bayu paagi sa pagabutgabot, agod nga ila mahibaluan kon ano nga bahin ang makuha sang isa kag isa."
Alas nuwebe san aga san ginpako ninda si Jesus sa krus.,Mga alas nwebe sa aga sadto sang paglansang nila kay Jesus sa krus.
"Didto man may nakasurat na akusasyon kontra sa iya sugad sani, “AMO INI AN HADI SAN MGA JUDIO.”",Ang panumbongon batok sa iya nga ginsulat sa tapitapi nagasiling: “Ang Hari sang mga Judio.”
Kadungan niya an duha na tulisan na ginpako ninda sa magluyo niya.,"Ginlansang man nila dungan kay Jesus ang duha ka buyong, ang isa sa iya tuo kag ang isa sa iya wala."
"Kaya an nasurat sa Banal Na Kasuratan natuman na,",Ang nagaagi nga mga tawo naglungolungo sang ila mga ulo kag nagpasipala sa kay Jesus nga nagasiling: “Gali ha! Gub-on mo ang Templo kag patindugon man sa sulod sang tatlo ka adlaw!
“Ginhusgaran siya kaupod san mga makasasala.”,Karon panaog ka sa krus kag luwasa ang imo kaugalingon!”
"Gintuya-tuya man siya san mga nagaaragi na ginatangu-tango an inda ulo na nagasarabi, “Aba, ikaw na magruba san templo kag mapatindog man lang gihapon sana sa sulod san tulo ka adlaw,","Sa amo man nga bagay ang pangulo nga mga pari kag ang mga manunodlo sang Kasugoan nagyaguta kay Jesus nga nagasinilingay, “Ginluwas niya ang iban, pero indi sia makaluwas sang iya kaugalingon!"
maglusad ka sa krus kag isalbar an imo sadiri!”,"Tan-awon ta abi karon kon makapanaog sa krus ang Cristo, ang hari sang Israel, kag dayon magatuo kita sa iya!”"
"Pareho man gintuya-tuya siya san mga pinakapuno san kapadian kag mga paratukdo san Kasuguan na nagasarabi, “Nasalbar niya an iba pero dili niya masalbar an iya sadiri!",Ang duha nga ginlansang sa krus dungan kay Jesus nagpasipala man sa iya.
Makikita na naton kun makalusad man gayod sa krus an Cristo na Hadi san Israel. Kun mahimo niya ini matuod kita sa iya.” Bisan ngani an duha na nakapako na kadungan niya nagtuya-tuya man sa iya.,"Sang udtong adlaw na, ang bug-os nga duta ginlikupan sang kadudulman. Ini nagpadayon sa sulod sang tatlo ka oras."
Mga alas dose an udto san magdulom an bilog na nasyon hasta na mga alas tres an hapon.,"Sang alas tres sang hapon si Jesus nagsinggit sing mabaskog, “ Eloi, Eloi, lema sabactani ?” nga kon sayuron, “Dios ko, Dios ko, ngaa ginpatumbayaan mo ako?”"
"San maalas tres naman an hapon nagsiyak si Jesus sa makusog na boses, “Eloi, Eloi, lama sabachtani?” na an gusto sabihon, “Dios ko, Dios ko, nano kay ginpabayaan mo ako?”","May mga tawo didto nga nakabati sang iya ginhambal kag nagsiling sila, “Pamatii ninyo, nagapanawag sia kay Elias!”"
"San mabatian ini san mga miron didto nagsarabi sinda, “Pamatii, ginatawag niya si Elias.”","Kag nagdalagan ang isa sa ila nga may dala nga espongha nga iya gintum-oy sa maaslom nga bino kag gintakod ini sa punta sang isa ka tukon. Dayon gintunghol niya ini sa baba ni Jesus kag nagsiling, “Hulat anay kamo! Tan-awon ta kon maabot si Elias sa pagkuha sa iya sa krus!”"
"May nagdalagan kag ginbasa an ispungha sin suka, ginbutang sa punta san bagakay kag gintunol kan Jesus para ipasupsop sa iya na nagasabi, “Hulaton ta kag kitaon kun maabot man gayod si Elias agod ilusad siya sa krus.”",Nagsinggit si Jesus sing mabaskog kag nabugto ang iya ginhawa.
"Pero nagsiyak si Jesus sin makusog, tapos nautsan.","Ang kurtina sang Templo nagisi sa tunga, halin sa ibabaw pa idalom."
Sani mismo na oras an kurtina sa templo nagisi sa tunga tuna sa ibabaw paubos.,"Ang kapitan sang mga soldado nga nagatindog sa atubangan sang krus nakakita kon paano napatay si Jesus. Nagsiling sia, “Matuod gid nga ini nga tawo amo ang Anak sang Dios!”"
"Didto sa may atubangan ni Jesus nagatindog an namumuno san mga suldados. Pagkabati niya san siyak ni Jesus kag nakita kun pan-o siya napatay nagsabi siya, “Matuod man gayod na ini na tawo anak san Dios!”","May pila ka mga babayi sa unhan nga nagatan-aw. Ang iban sa ila amo sanday Salome, Maria Magdalena, kag Maria nga iloy ni Santiago nga bataon kag ni Jose."
"May mga babayi man na nagamarasid sa may huruharayo. Sinda Maria Magdalena, Salome kag Maria na iloy san magmanghod na sinda Santiago kag Jose.","Nagsunod ini sila kay Jesus kag nakaalagad sa iya sang didto pa sia sa Galilea. Kag may iban pa nga mga babayi nga yadto man didto, nga nakaupod kay Jesus sa Jerusalem."
San adto pa si Jesus sa Galilea ini na mga babayi nag-upod kag nagaasikaso sa iya. May iba pa na mga babayi na adto didto na nag-urupod sa iya pa-Jerusalem.,"42-43 Sang kahapunanon na sang Adlaw sang Pag-aman, ukon bisperas sang Adlaw nga Inugpahuway, nag-abot si Jose nga taga-Arimatea. Isa sia sang mga ginatahod nga katapo sang Konseho kag isa man nga nagahulat sang pag-abot sang paghari sang Dios. Nagpalapit sia nga may kaisog kay Pilato sa pagpangayo sang bangkay ni Jesus."
42-43 Napatay si Jesus san adlaw san Pagpreparar na gusto sabihon bisperas san Adlaw San Pagpahuway. Pagkagab-i sana na adlaw nag-abot si Jose na taga-Arimatea. Usad man siya na kilala na myimbro san Konseho. Nabubuhay gayod siya sa paglaom na makita an kahadian san Dios. Pag-abot niya makusog an buot na nagkadto kan Pilato para ayuon an lawas ni Jesus.,Natingala si Pilato sang pagkabati niya nga si Jesus patay na. Ginpatawag niya ang kapitan kag ginpamangkot kon dugay na nga napatay si Jesus.
Nangawa si Pilato na patay na gali si Jesus kaya ginpatawag niya an kapitan san mga suldados kay iya ginhunga kun matuod gayod na patay na ini.,"Sang pagkabati ni Pilato sang panugid sang kapitan, gintugotan niya si Jose sa pagkuha sang bangkay ni Jesus."
San mapamatuudan san kapitan san mga suldados na patay na man gayod si Jesus gintugutan ni Pilato si Jose na kuhaon an lawas.,"Si Jose nagbakal sing panapton nga lino, gintaltal niya ang bangkay ni Jesus sa krus, ginputos sang panapton kag ginbutang ini sa lulobngan nga ginguhab sa igang sa banglid. Dayon ginpaligid niya ang daku nga bato sa pagtakop sang pwertahan sang lulobngan."
"Pagliwas san Adlaw San Pagpahuway sinda Maria Magdalena, Salome kag Maria na iloy ni Santiago nagbakal sin mga pahumot na ilalahid sa lawas ni Jesus.","Sa tapos ang Adlaw nga Inugpahuway, sanday Maria Magdalena, Salome kag Maria nga iloy ni Santiago, nagbakal sing mga pahamot, kay makadto sila sa lulobngan sa paghaplas sang bangkay ni Jesus."
Maaga pa gayod sa primero na adlaw san semana nagkadto sinda sa lubungan pagbitlak pa lang san adlaw.,"Aga pa sang Domingo, sang nagabutlak pa lang ang adlaw, nagkadto sila sa lulobngan."
"Nagapahurunga-hunga sinda, “Sin-o daw an makapaligid para sa aton san bato sa may pwertahan san lubungan?”","3-4 Sa dalanon nagapamangkutanay sila, “Sin-o bala ang magapaligid sang bato para sa aton sa pagbukas sang lulobngan?” Kay daku gid kaayo yadto nga bato. Sang pagtan-aw nila, ila nasapwan nga ang bato napaligid na."
Pag-abot sa may lubungan nakita ninda na an daku-dako na bato napaligid na kag abyirto na an pwertahan.,"Gani nagsulod sila sa lulobngan sa diin nakita nila ang isa ka pamatan-on nga lalaki, nga nagapungko sa tuo nayon nga nagasuksok sing malaba kag maputi nga bayu. Hinadlukan gid sila."
Pagsulod ninda sa lubungan may nakita sinda na batan-on na lalaki na nagaingkod sa banda tuo. Nakabado siya sin puti kaya nagkangarawa sinda.,"Nagsiling sia sa ila, “Indi kamo magkahadlok! Nakahibalo ako nga ginapangita ninyo si Jesus nga taga-Nazaret nga ginlansang sa krus. Wala sia diri! Nabanhaw sia! Tan-awa bala ninyo, yari ang lugar nga ginpahamyangan nila sang iya bangkay."
"Nagsabi siya sa inda, “Dili kamo magngalas. Ginahanap niyo si Jesus na taga-Nazaret na ginpako sa krus. Nabuhay siya gihapon kaya wara na siya didi. Kitaa, amo ini an ginlubungan sa iya.",Karon lakat kamo kag isugid ninyo ini nga balita sa iya mga gintuton-an labi na gid kay Pedro: ‘Magauna sia sa inyo sa Galilea. Didto makita ninyo sia suno gid sa ginsiling niya sa inyo.’”
"Pero kadto na kamo, sumati an iya mga disipulos kag ni Pedro na nauuna na si Jesus sa inda sa Galilea. Makikita ninda siya didto sugad san ginsabi niya.”","Gani naggwa ang mga babayi sa lulobngan kag nagpalagyo, kay nagakulurog sila sa kahadlok. Kag wala gid sila maghambal bisan kay sin-o, tungod kay hinadlukan sila."
Nagluwas an mga babayi sa lubungan na nagadalagan kay nagkurudog sinda kag nagkangarawa. Kaya wara sinda sin ginsumatan bisan sin-o man dahilan na nagkaharadlok sinda.,[
Aga pa san primero na adlaw san semana pagkabuhay gihapon ni Jesus nagpakita anay siya primero kan Maria Magdalena na kasadto ginpahalian niya sin pito na demonyo.,"Aga pa gid sang nahauna nga adlaw sang simana, sang pagkabanhaw ni Jesus, nagpakita sia sing una kay Maria Magdalena nga gikan sa iya anay gintabog niya ang pito ka demonyo."
Tapos nagkadto si Maria kag ginsumatan an dati na kaurupod ni Jesus na nagamurundo kag nagabarakho.,"Naglakat si Maria Magdalena kag nagpanugid sang nahanabo sa mga kaupdanan anay ni Jesus. Nagapangalisod sila kag nagahinibi,"
Pero wara sinda magtuod sa ginsabi niya na buhay si Jesus kag nakita niya.,"kag sang pagkabati nila sang iya panugiron nga si Jesus buhi kag nakit-an niya, wala sila magpati sa iya."
Pakatapos sani nagpakita gihapon si Jesus sa duha na nagalakat paluwas san lungsod na iba na man an iya hitsura.,"Sa tapos sini, nagpakita si Jesus sa lain nga paagi sa duha ka gintuton-an samtang nagapakadto sila sa uma."
Nagbalik dayon an duha kag ginpamarita sa iba pero wara ninda pagtuudi sinda.,"Nagbalik sila kag ginsugiran nila ang iban nga mga gintuton-an, pero indi sila magpati."
Pakatapos sani nagpakita si Jesus sa onse mismo myintras sinda nagakaraon sa lamesa. Gin-uritan niya sinda dahilan san inda pagduha-duha kag katig-ahan san inda mga tagipusuon kay habo magtuod sa mga nakakita na nabuhay gihapon siya.,"Sang ulihi, nagpakita si Jesus sa onse ka mga apostoles sang nagakaon sila. Ginsaway niya sila, tungod kay wala sila sing pagtuo kag tungod sang katig-a sang ila tagipusoon sa pagpati sa mga nakakita sa iya nga nabanhaw sia."
"Ginsabi pa ni Jesus sa inda, “Lakat kamo sa bilog na kinab-an kag didto ipahayag an Maayo Na Barita sa tanan na katawuhan.","Nagsiling sia sa ila, “Lakat kamo sa bug-os nga kalibutan kag iwali ang Maayong Balita sa tanan nga mga tawo."
An mga magtuod kag magpabunyag masasalbar pero pagakondinaron an mga dili magatuod.,"Ang bisan sin-o nga magtuo kag mabautisohan, maluwas; ang indi magtuo, kondenahon."
Ini na mga tanda magaupod sadtoʼn may pagtuod: sa ngaran ko makapahali sinda sin mga demonyo kag magasurmaton sindaʼn bag-o na panurmaton.,"Ang mga tumoluo pagahatagan sining masunod nga mga gahom: magatabog sila sang mga yawa sa akon ngalan, magahambal sila sang iban nga mga hambal,"
Kun makakapot sindaʼn mga sawa kag kun makainom sin hilo dili sinda maaano. Magaayo an mga masakiton na madapatan san inda kamot!”,"kag kon mag-uyat sila sang mga man-og ukon makainom sang bisan ano nga hilo, indi sila mahalitan. Magatungtong sila sang ila mga kamot sa mga masakiton, kag ini sila magaayo.”"
Pakasurmaton sani ni Ginooʼn Jesus sa inda ginpahitaas siya palangit kag nag-ingkod sa tuo san Dios.,"Sa tapos si Ginoong Jesus nakapakighambal sa ila, nagkayab sia sa langit kag nagpungko sa tuo sang Dios."
Pagkatapos sani nagralakat sinda kag nagpahayag san Maayo Na Barita sa tanan na lugar na inda naabutan tapos ginbuligan man sinda san Ginoo na ginpamatuudan an inda ginapahayag paagi sa mga tanda na nag-upod sani.,"Naglakat kag nagwali ang mga gintuton-an sa bisan diin nga lugar kag ang Ginoo nagbulig sa ila, kag nagpamatuod sang ila mensahe paagi sa paghatag sa ila sing gamhanan nga mga tanda.]"
