en,war
We write this to make our joy complete.,Ginsusurat namon ini basi mahingpit an aton kalipay.
"If we claim we have not sinned, we make him out to be a liar and his word is not in us.","Kon sumiring kita nga waray kita makasala, ginpapahimuwa ta an Dyos, ngan waray dinhe ha aton an iya mga pulong."
We know that we have come to know him if we keep his commands.,"Kon magtuman kita han mga sugo han Dyos, waray ruhaduha nga nakilala kita ha iya."
Whoever claims to live in him must live as Jesus did.,An nasiring nga aada hiya han Dyos kinahanglan mag-ukoy hiya hin kinabuhi nga sugad kan Jesu-Cristo.
Anyone who claims to be in the light but hates a brother or sister is still in the darkness.,"Aada pa gihapon ha kasisidman an bisan hin-o nga nagdudumot han iya bugto, bisan kon nasiring hiya nga aada na hiya ha kapawa."
"I am writing to you, dear children, because your sins have been forgiven on account of his name.","Nagsusurat ako ha iyo, mga anak ko, kay ginpasaylo na an iyo mga sala tungod han ngaran ni Cristo."
"But you have an anointing from the Holy One, and all of you know the truth.","Kundi iginbubo ha iyo ni Cristo an Espirito Santo, sanglit maaram kamo ngatanan han kamatuoran."
And this is what he promised us—eternal life.,Ngan amo ini an iginsaad ni Cristo ngahaw nga ihahatag ha aton—an dayon nga kinabuhi.
I am writing these things to you about those who are trying to lead you astray.,Nagsusurat ako hini ha iyo mahitungod hadton mga nagtatalinguha hin paglimbong ha iyo.
"All who have this hope in him purify themselves, just as he is pure.","An ngatanan nga may-ada hini nga paglaom kan Cristo, nagputli han ira kalugaringon, sugad nga putli hi Cristo."
"Everyone who sins breaks the law; in fact, sin is lawlessness.",An nakasala nagtatalapas han balaod han Dyos kay sala an pagtalapas han balaod.
But you know that he appeared so that he might take away our sins. And in him is no sin.,"Sayod kamo nga kinmanhi hi Cristo pagkuha han mga sala han mga tawo, ngan waray hiya sala."
"Dear children, do not let anyone lead you astray. The one who does what is right is righteous, just as he is righteous.","Ayaw kamo pagpalimbong, mga anak! An bisan hin-o nga nagbubuhat hin matadong, matadong sugad nga matadong man hi Cristo."
For this is the message you heard from the beginning: We should love one another.,Amo ini an hinbatian niyo nga mensahe tikang pa ha tinikangan: kinahanglan maghigugmaay kita.
"Do not be surprised, my brothers and sisters, if the world hates you.","Sanglit ayaw kamo hipausa, kabugtoan ko, kon pagdumtan kamo han mga tawo han kalibutan."
This is how we know that we belong to the truth and how we set our hearts at rest in his presence:,"Sanglit amo ini an paghibaro naton nga skop kita han kamatuoran, ngan may-ada naton pagsarig ha atubangan han Dyos."
"Dear friends, if our hearts do not condemn us, we have confidence before God","Sanglit, hinigugma ko nga kasangkayan, kon diri kita paghukman han aton konsensya, may pagtapod naton ha atubangan han Dyos."
"Whoever does not love does not know God, because God is love.","Diri nakilala han Dyos an bisan hin-o nga diri nahigugma, kay gugma an Dyos."
"Dear friends, since God so loved us, we also ought to love one another.","Hinigugma ko nga kasangkayan, kon sugad hini an paghigugma han Dyos ha aton, kinahanglan maghigugmaay man kita."
And we have seen and testify that the Father has sent his Son to be the Savior of the world.,Ngan aton hinkit-an ngan iginsumat ha iba nga an Amay nagsugo han iya Anak nga magin Magtaralwas han kalibutan.
"If anyone acknowledges that Jesus is the Son of God, God lives in them and they in God.","An bisan hin-o nga magpahayag nga hi Jesus amo an Anak han Dyos, nag-uokoy dida ha Dyos ngan nag-uokoy man an Dyos dida ha iya."
We love because he first loved us.,Nahigugma kita kay una an Dyos humigugma ha aton.
And he has given us this command: Anyone who loves God must also love their brother and sister.,Sanglit amo ini an sugo nga iginhatag ni Cristo ha aton: kinahanglan nga adton nahigugma han Dyos humigugma man han iya bugto.
Who is it that overcomes the world? Only the one who believes that Jesus is the Son of God.,Hin-o ba an makakadaog han kalibutan? Adton natoo la nga hi Jesus amo an Anak han Dyos.
For there are three that testify:,May-ada tulo nga mga saksi:
"the Spirit, the water and the blood; and the three are in agreement.","an Espiritu, an tubig, ngan an dugo; ngan nagkakauruyon ini nga tulo ha ira pagkasaksi."
"And this is the testimony: God has given us eternal life, and this life is in his Son.","Sanglit amo ini an pagsaksi: naghatag an Dyos ha aton han waray kataposan nga kinabuhi, ngan aada han iya Anak ini nga kinabuhi."
Whoever has the Son has life; whoever does not have the Son of God does not have life.,"May-ada hini nga kinabuhi adton anuokyan han Anak, ngan waray hini nga kinabuhi adton diri inuokyan han Anak han Dyos."
"All wrongdoing is sin, and there is sin that does not lead to death.","Sala an ngatanan nga maraot nga buhat, kundi may-ada sala nga diri nakakamatay."
"We know that we are children of God, and that the whole world is under the control of the evil one.",Maaram kita nga kanan Dyos na kita bisan kon ginahahadian han Yawa an bug-os nga kalibutan.
"Dear children, keep yourselves from idols.","Mga anak, paglikay kamo han mga diri matuod nga kadiyosan."
"for you are receiving the end result of your faith, the salvation of your souls.","kay kinakarawat niyo an tuyo han iyo pagtoo, nga amo an katalwasan han iyo mga kalag."
"But just as he who called you is holy, so be holy in all you do;","Lugod, kinahanglan mabaraan kamo ha ngatanan nga iyo ginbubuhat, sugad gud nga baraan an Dyos nga nagtawag ha iyo."
"for it is written: “Be holy, because I am holy.”","Nasiring an kasuratan, “Kinahanglan mabaraan kamo, kay baraan ako.”"
"but with the precious blood of Christ, a lamb without blemish or defect.",kundi ginlukat kamo pinaagi han hamili nga dugo ni Cristo nga iginhalad sugad hin kordero nga waray dum-it o buring.
but the word of the Lord endures forever.” And this is the word that was preached to you.,kundi nagpapabilin ha kadayonan an pulong han Ginoo.” Amo ini an pulong nga gindara ha iyo han Maupay nga Sumat.
now that you have tasted that the Lord is good.,"Sumala han siring han kasuratan, “Natilawan na niyo an pagkamaupay han Ginoo.”"
"Submit yourselves for the Lord’s sake to every human authority: whether to the emperor, as the supreme authority,","Tungod han Ginoo, pagpasakop kamo ha ngatanan nga kagamhanan dinhe ha tuna: ha Emperador nga amo an gilalabawi nga magburuot,"
"Show proper respect to everyone, love the family of believers, fear God, honor the emperor.","Tahora an ngatanan nga mga tawo, higugmaa an iyo igkasi mga magtinuohon, kahadloki an Dyos, ngan tahora niyo an Emperador."
"“He committed no sin, and no deceit was found in his mouth.”",Waray hiya makasala ngan waray gud hiya magbuwa.
when they see the purity and reverence of your lives.,kay makita hira han kaputli ngan kabaraan han iyo kinabuhi.
They must turn from evil and do good; they must seek peace and pursue it.,Kinahanglan bumaya hiya han maraot ngan magbuhat hin maupay; kinahanglan pangitaon niya an kalinaw ngan iya ini sundon.
Who is going to harm you if you are eager to do good?,Hin-o in maglalabot ha iyo kon tinguha niyo an pagbuhat hin maupay?
"After being made alive, he went and made proclamation to the imprisoned spirits—",ngan ha iya espirituhanon nga kahimtang kinmadto ngan nagwali hiya han mga binilanggo nga mga espiritu.
But they will have to give account to him who is ready to judge the living and the dead.,Kundi mahatag hira sa Dyos hin katuhayan nga andam paghukom han mga buhi ngan han mga minatay.
"Above all, love each other deeply, because love covers over a multitude of sins.","Labaw han ngatanan, paghigugmaay kamo hin tinuod, kay natahob hin damo nga mga sala an gugma."
Offer hospitality to one another without grumbling.,"Pasak-a an makada ha iyo mga panimalay, hin waray pagngurutob."
"not lording it over those entrusted to you, but being examples to the flock.","Ayaw pagpakaladnganan ha ira mga igintapod ha iyo, kundi magin susbaranan kamo han panon."
"And when the Chief Shepherd appears, you will receive the crown of glory that will never fade away.","Ngan kon magpadayag na an Labaw nga Magmarangno, makarawat kamo han mahimayaon nga pudongpudong nga diri malubad."
"Humble yourselves, therefore, under God’s mighty hand, that he may lift you up in due time.","Sanglit pagpaubos kamo ha ubos han gahom han Dyos, basi pahitas-on kamo niya kon umabot na an iya iginsaad nga panahon."
Cast all your anxiety on him because he cares for you.,"Itubyan ha iya an ngatanan niyo nga mga kasungkuan, kay napaid hiya ha iyo."
To him be the power for ever and ever. Amen.,Ha iya an gahom ha kadayonan! Amen.
Greet one another with a kiss of love. Peace to all of you who are in Christ.,Pagharokay kamo hin Cristohanon nga paghigugma. Maada unta an kamurayaw ha iyo ngatanan nga sakop ni Cristo.
"Because the Lord had closed Hannah’s womb, her rival kept provoking her in order to irritate her.","Masukot hiya pagtamayon ug pagpakaalohan ni Fenena, kay ginhimo hiya nga baw-as han Ginoo ."
"As she kept on praying to the Lord , Eli observed her mouth.",Naiha an pag-inampoon ni Ana ngadto han Ginoo ngan gin-ininaw ni Eli an iya mga im-im.
"and said to her, “How long are you going to stay drunk? Put away your wine.”","ngan ginsiring hiya, “Ayaw na pagpakahubog! Ayaw na pag-ininom ngan upaya na an imo panhunahuna!”"
"When the bull had been sacrificed, they brought the boy to Eli,","Katapos pag-ihawa han baka, ira gindara an bata ngadto kan Eli."
"I prayed for this child, and the Lord has granted me what I asked of him.","Pinangaro ko ha iya ini nga bata, ngan pinamatian niya an akon pinangaro."
“There is no one holy like the Lord ; there is no one besides you; there is no Rock like our God.,"“Waray tawo nga baraan nga sugad han Ginoo ; waray gud sugad ha iya, waray darangpan nga sugad han aton Dyos."
"“The bows of the warriors are broken, but those who stumbled are armed with strength.","Nababari an mga pana han kusgan nga mga sondalo, kundi nagmamakusog an mga magluya."
The Lord sends poverty and wealth; he humbles and he exalts.,Itinugot niya nga mapobre in pira nga mga tawo ngan mariko an iba; nga magpaubos in pipira ngan magamhanan an iba.
Eli’s sons were scoundrels; they had no regard for the Lord .,Mga bugoy an mga anak ni Eli. Waray nira pagtahod han Ginoo
"No, my sons; the report I hear spreading among the Lord ’s people is not good.","Ayaw na niyo pagbuhata ini, mga anak ko! Uraura ini hin kamaraot nga ginyiyinakan han mga tawo han Ginoo ."
And the boy Samuel continued to grow in stature and in favor with the Lord and with people.,Nagpadayon hin pagtubo an bata nga Samuel ngan nakalipay gud hiya han Ginoo ngan han mga tawo.
"Then the Lord called Samuel. Samuel answered, “Here I am.”","nagtawag an Ginoo kan Samuel. Binmaton hiya, “Aadi ako!”"
"but Eli called him and said, “Samuel, my son.” Samuel answered, “Here I am.”","Gintawag hiya ni Eli, “Samuel, anak ko!” “Aadi ako,” binmaton hi Samuel."
"The ark of God was captured, and Eli’s two sons, Hophni and Phinehas, died.","Naagaw an Kahon han Ginsaaran han Ginoo , ngan pinamatay hira Ofni ug Pinehas nga mga anak ni Eli."
who was ninety-eight years old and whose eyes had failed so that he could not see.,Hi Eli hini nga panahon 98 na an panuigon ngan haros buta na gud hiya.)
"She said, “The Glory has departed from Israel, for the ark of God has been captured.”","Nagsiring hiya, “Binmaya na han Israel an himaya han Dyos, kay naagaw na an kanan Dyos Kahon han Ginsaaran.”"
"Those who did not die were afflicted with tumors, and the outcry of the city went up to heaven.",Nagkamay-ada mga hubag bisan adton waray magkamamatay ngan naggogliat an mga tawo ha ira kadiyosan pangaro hin bulig.
"When the ark of the Lord had been in Philistine territory seven months,","Katapos hin pito ka bulan nga nakadto ha Filistia an Kahon han Ginsaaran han Ginoo ,"
The five rulers of the Philistines saw all this and then returned that same day to Ekron.,Kahuman nagkinita an lima nga kahadian nga Filisteohanon ngan inmoli hira ha Ekron hito ngahaw nga adlaw.
"So the Israelites put away their Baals and Ashtoreths, and served the Lord only.","Sanglit iginsalikway han mga Israelita an ira mga diyosdiyos nga Baal ug Astarte, ngan an Ginoo an ira ginsingba."
"Then Samuel said, “Assemble all Israel at Mizpah, and I will intercede with the Lord for you.”","Niyan pinakadto ha Mispa ni Samuel an ngatanan nga Israelita, ngan ginsiring hira, “Mag-aampo ako han Ginoo didto para ha iyo.”"
Samuel continued as Israel’s leader all the days of his life.,Namunoan han Israel hi Samuel samtang buhi pa hiya.
"From year to year he went on a circuit from Bethel to Gilgal to Mizpah, judging Israel in all those places.","Kada tuig napakadto hiya ha Betel, Gilgal, ug Mispa, ngan didto hini nga mga dapit gintutuhay niya an mga kalipongan."
"When Samuel grew old, he appointed his sons as Israel’s leaders.","Han tigurang na hi Samuel, ginhimo niya an iya mga anak nga mga maghurukom didto ha Israel."
"The name of his firstborn was Joel and the name of his second was Abijah, and they served at Beersheba.",Joel an ngaran han magurang nga anak ngan Abia an manghod; mga maghurukom hira didto ha Berseba.
So all the elders of Israel gathered together and came to Samuel at Ramah.,"Niyan nagtirok an ngatanan nga mga pangulo han Israel, kinmadto hira kan Samuel didto ha Rama,"
Samuel told all the words of the Lord to the people who were asking him for a king.,An ngatanan nga tugon ha iya han Ginoo iginsumat ni Samuel ngadto han mga tawo nga naaro ha iya hin hadi.
He will take your daughters to be perfumers and cooks and bakers.,"Maghihimo an iyo mga anak nga kababayen-an hin iya mga pahamot, ngan magbubuhat nga iya mga paraluto ngan mga parahudno."
"He will take a tenth of your flocks, and you yourselves will become his slaves.","Kukuhaon niya ha iyo an ikanapulo nga bahin han iyo mga panon, ngan mahihimo kamo ngahaw nga iya mga oripon."
But the people refused to listen to Samuel. “No!” they said. “We want a king over us.,"Waray la bumali kan Samuel an mga tawo, kundi nagsiring hira, “Diri! Karuyag gud namon in usa nga hadi,"
"When Samuel heard all that the people said, he repeated it before the Lord .",Pinamatian ni Samuel an ngatanan nga ira iginsiring ngan linmakat hiya ngan ginsumatan niya an Ginoo .
"Now the day before Saul came, the Lord had revealed this to Samuel:","Dida han adlaw han waray pa aabot hi Saul, nagsiring na an Ginoo kan Samuel,"
"They will greet you and offer you two loaves of bread, which you will accept from them.",Makikighimangraw hira ha imo ngan ihahatag ha imo in duha ka bug-os nga tinapay ngan imo ini kakarawton.
"After Saul stopped prophesying, he went to the high place.","Han katapos ni Saul hin pagpanagna, kinmadto hiya han altar didto han pungtod."
"Saul’s uncle said, “Tell me what Samuel said to you.”","Pinmakiana an bata ni Saul, “Ngan ano man an iya iginsumat ha iyo?”"
Samuel summoned the people of Israel to the Lord at Mizpah,"Gintawag ni Samuel an mga tawo didto ha Mispa basi magtirok ha atubangan han Ginoo,"
"When Samuel had all Israel come forward by tribes, the tribe of Benjamin was taken by lot.","Niyan ginpadaop ni Samuel an kada tribo, ngan ginpili han Ginoo an tribo ni Benjamin."
"When Saul mustered them at Bezek, the men of Israel numbered three hundred thousand and those of Judah thirty thousand.","Gintirok hira ni Saul didto ha Bezek: may-ada 300,000 tikang ha Israel ngan 30,000 tikang ha Juda."
"But Saul said, “No one will be put to death today, for this day the Lord has rescued Israel.”","Kundi nagsiring hi Saul, “Waray tawo nga papatayon yana nga adlaw, kay amo ini an adlaw nga gintalwas han Ginoo an Israel.”"
"“You have not cheated or oppressed us,” they replied. “You have not taken anything from anyone’s hand.”","Binmaton an mga tawo, “Waray ka maglimbong o magraogdaog ha amon, waray ka ginkuha ha amon nga bisan ano.”"
"“Now then, stand still and see this great thing the Lord is about to do before your eyes!",Sanglit tindog kamo dida han iyo hinmumutangan ngan makita kamo han magpaaramdok nga butang nga bubuhaton han Ginoo .
"Yet if you persist in doing evil, both you and your king will perish.”","Kundi kon magpadayon kamo hin pagpinakasala, pagpupuohon kamo ngan an iyo hadi.”"
Now a detachment of Philistines had gone out to the pass at Mikmash.,Nagpadara an mga Filisteohanon hin usa nga hugpo hin mga sondalo hin pagpanalipod han Aragian han Micmas.
"One cliff stood to the north toward Mikmash, the other to the south toward Geba.","Nakadto an usa ha amihanan nga naatubang han Micmas, ngan an ikaduha ha timogan nga naatubang han Geba."
"So on that day the Lord saved Israel, and the battle moved on beyond Beth Aven.",Nakig-away gud hira unhan pa han Betaben. Gintalwas han Ginoo an Israel hito nga adlaw.
"The entire army entered the woods, and there was honey on the ground.",Napasingadto hira ngatanan hin usa nga kagurangan ngan nakaagi hira hin dugos ha ngatanan nga dapit.
Then Saul built an altar to the Lord ; it was the first time he had done this.,"Nagtindog hi Saul hin altar ngadto han Ginoo , syahan ini nga altar nga iya gintindog."
"Saul said, “Cast the lot between me and Jonathan my son.” And Jonathan was taken.","Niyan nagsiring hi Saul, “Pilia kon hi ako ba o hi Jonatan nga akon anak.” Ngan hi Jonatan an salaan."
"Saul said, “May God deal with me, be it ever so severely, if you do not die, Jonathan.”","Nagsiring ha iya hi Saul, “Patayon unta ako han Dyos kon diri ta ikaw patayon!”"
"Then Saul stopped pursuing the Philistines, and they withdrew to their own land.","Katapos hito hinmunong hi Saul hin pagbukod han mga Filisteohanon, ngan inmoli hira ngadto han ira kalugaringon nga katunaan."
Saul’s father Kish and Abner’s father Ner were sons of Abiel.,"Mga anak ni Abiel hira Cis nga amay ni Saul, ug Ner nga amay ni Abner."
Saul went to the city of Amalek and set an ambush in the ravine.,"Niyan kinmadto hiya ngan an iya mga tawo han syudad han Amalek, ngan gimnama hira didto hin usa nga walog."
"Then Saul attacked the Amalekites all the way from Havilah to Shur, near the eastern border of Egypt.","Ginpirde ni Saul an mga Amalekanhon, ha iya pakig-away tikang ha Habila ngadto ha Sur ha sinirangan han Ehipto."
Then the word of the Lord came to Samuel:,"Nagsiring an Ginoo kan Samuel,"
"As Samuel turned to leave, Saul caught hold of the hem of his robe, and it tore.","Niyan tinmalikod hi Samuel hin pagbaya, kundi hinkaptan ni Saul an iya bado, ngan nagisi ini."
"So Samuel went back with Saul, and Saul worshiped the Lord .","Sanglit binmunyog ha iya hi Samuel ngadto ha Gilgal, ngan nagsingba hi Saul han Ginoo ."
"Then Samuel left for Ramah, but Saul went up to his home in Gibeah of Saul.",Katapos kinmadto hi Samuel ha Rama ngan inmoli hi Saul ngadto ha Gabaa.
"Jesse then had Shammah pass by, but Samuel said, “Nor has the Lord chosen this one.”","Niyan gindara ni Isai hi Sama. Nagsiring hi Samuel, “Diri, waray liwat hiya pagpilia han Ginoo .”"
"Now the Spirit of the Lord had departed from Saul, and an evil spirit from the Lord tormented him.","Binmaya kan Saul an espiritu han Ginoo , ngan ginsakit hiya hin usa nga maraot nga espiritu nga iginpadara han Ginoo ."
"Saul’s attendants said to him, “See, an evil spirit from God is tormenting you.","Nagsiring ha iya an iya mga surugoon, “Maaram kami nga ginsasakit ka hin usa nga maraot nga espiritu nga iginpadara han Dyos."
"on his legs he wore bronze greaves, and a bronze javelin was slung on his back.",May-ada niya polinas nga tumbaga ngan nakakadara hiya hin usa nga bronse nga bangkaw nga ikinakabilay niya ha iya sugbong.
"On hearing the Philistine’s words, Saul and all the Israelites were dismayed and terrified.",Han pakabati hini ni Saul ngan han iya mga tawo nagkahadlok hira hin duro.
"David was the youngest. The three oldest followed Saul,","Hi David an gimamanghori nga anak. Samtang upod ni Saul an tulo nga gimamagorangi nga kabugtoan,"
but David went back and forth from Saul to tend his father’s sheep at Bethlehem.,dayuday nag-inuulian hi David ngadto ha Betlehem hin pagmangno han mga karnero han iya amay.
For forty days the Philistine came forward every morning and evening and took his stand.,Waray hunong hin pangayat hi Goliat han mga Israelita kada aga ngan gab-i sulod hin kwarenta ka adlaw.
Israel and the Philistines were drawing up their lines facing each other.,Nag-asdangay an Filisteohanon ngan Israelita nga mga kasondalohan. Andam na hira nga duha hin pakig-away.
"Whenever the Israelites saw the man, they all fled from him in great fear.","Han paghikit-i la han mga Israelita kan Goliat, nagdadlagan hira tungod hin kahadlok."
"They repeated to him what they had been saying and told him, “This is what will be done for the man who kills him.”",Ira ginsumatan hiya kon ano an ihahatag han tawo nga makakamatay kan Goliat.
“Now what have I done?” said David. “Can’t I even speak?”,“Kay ano gud an akon ginbuhat?” nagpakiana hi David. “Diri ba ako makakahimo hin pagpakiana?”
"What David said was overheard and reported to Saul, and Saul sent for him.","Hinbatian hin pipira ka tawo an iginsiring ni David ngan ginsumatan nira hi Saul, ngan iginpatawag hiya ni Saul."
"Meanwhile, the Philistine, with his shield bearer in front of him, kept coming closer to David.","Nagtikang pagdaop hi Goliat ngadto kan David, nga nag-uuna ha iya an paradara han iya taming. Nagtipahirani na hiya,"
"The king said, “Find out whose son this young man is.”","Nagsugo hi Saul, “Kadtoa ngan usisaha.”"
From that day Saul kept David with him and did not let him return home to his family.,Tikang hadto nga adlaw ginhawiran ni Saul hi David ngan waray na hiya paulia.
And Jonathan made a covenant with David because he loved him as himself.,"Nagsumpa hi Jonatan hin dayon nga pakigsangkay kan David, tungod han iya dako nga paghigugma ha iya."
And from that time on Saul kept a close eye on David.,Sanglit tikang hito nga adlaw maabugho ngan matinahapon na hiya kan David.
"Saul was afraid of David, because the Lord was with David but had departed from Saul.",Nahadlok hi Saul kan David kay upod na kan David an Ginoo ngan ginbayaan na hiya.
"In everything he did he had great success, because the Lord was with him.","ngan nagmainuswagon hiya ha ngatanan nga iya ginbuhat, kay upod ha iya an Ginoo ."
"When Saul saw how successful he was, he was afraid of him.",Hinkit-an ni Saul an pag-uswag ni David ngan nagdugang an iya kahadlok ha iya.
"But all Israel and Judah loved David, because he led them in their campaigns.","Kundi hinmigugma kan David an ngatanan didto ha Israel ug Juda, kay mainuswagon gud hiya nga pangulo."
"Now Saul’s daughter Michal was in love with David, and when they told Saul about it, he was pleased.","Kundi nahigugma kan David hi Mical nga anak liwat ni Saul, ngan nalipay hi Saul han paghibaro niya hini."
"When Saul’s servants told him what David had said,","Ginsumatan hi Saul han mga opisyal han iginsiring hi David,"
"When Saul realized that the Lord was with David and that his daughter Michal loved David,",Nakasabot gud hi Saul nga upod kan David an Ginoo ngan nahigugma liwat ha iya hi Mical nga iya anak.
"Saul became still more afraid of him, and he remained his enemy the rest of his days.","Sanglit nagdugang an iya kahadlok kan David, ngan iya kaaway hi David samtang buhi pa hiya."
"Saul listened to Jonathan and took this oath: “As surely as the Lord lives, David will not be put to death.”",Pinamatian ni Saul an ginsiring ni Jonatan ngan nagsumpa hiya ha ngaran han Ginoo nga diri niya papatayon hi David.
"So Michal let David down through a window, and he fled and escaped.","Ginpalusad hi David ni Mical ha bintana, ngan dinmalagan ngan kinmalagiw hiya."
"When Saul sent the men to capture David, Michal said, “He is ill.”","Han pag-abot na han mga tawo ni Saul pagkuha kan David, ginsumatan hira ni Mical nga masakit hiya."
"But when the men entered, there was the idol in the bed, and at the head was some goats’ hair.",Sinmakob hira ngan ira hin-agian didto han higdaan an diyosdiyos han balay ngan an ulonan nga barahibo hin kanding nga inoonlan.
Word came to Saul: “David is in Naioth at Ramah”;,"Ginsumatan hi Saul nga nakadto hi David ha Naiot didto ha Rama,"
"Jonathan said to David, “Whatever you want me to do, I’ll do for you.”","Nagsiring hi Jonatan, “Tutumanon ko an bisan ano nga imo karuyag.”"
"David asked, “Who will tell me if your father answers you harshly?”","Sanglit nagpakiana hi David, “Hin-o man in magpapahibaro ha akon kon mangisog an imo amay hin pagbaton ha imo?”"
"“Come,” Jonathan said, “let’s go out into the field.” So they went there together.","Binmaton hi Jonatan, “Tana, pakadto kita ha kaumhan.” Sanglit kinmadto hira,"
"But show me unfailing kindness like the Lord ’s kindness as long as I live, so that I may not be killed,","Ngan kon buhion pa ako, tumana gad an imo iginsumpa ngan unongi ako; kundi kon mamatay ako,"
"So Jonathan made a covenant with the house of David, saying, “May the Lord call David’s enemies to account.”","diri la unta gihapon mabungkag an aton ginsaaran. Kon mabungkag ini, kakastigohon ka han Ginoo .”"
"I will shoot three arrows to the side of it, as though I were shooting at a target.",Niyan mapana ako ngan pupontingon ko ito nga dapit hin makatulo.
"And about the matter you and I discussed—remember, the Lord is witness between you and me forever.”","Mahitungod han ginsaaran naton, an Ginoo an maaram nga tutumanon ta ini ha kadayonan.”"
"So David hid in the field, and when the New Moon feast came, the king sat down to eat.","Sanglit tinmago hi David didto han uma. Dida han Pyesta na han Bag-o nga Subang han Bulan, kinmadto hi Hadi Saul hin pagkaon,"
"Jonathan answered, “David earnestly asked me for permission to go to Bethlehem.","Binmaton hi Jonatan, “Nagsarit hiya ha akon nga makadto hiya ha Betlehem. Nagsiring hiya,"
“Why should he be put to death? What has he done?” Jonathan asked his father.,"Binmaton hi Jonatan, “Kay ano nga papatayon hiya? Ano an iya nabuhat?”"
(The boy knew nothing about all this; only Jonathan and David knew.),nga waray gud hiya kalibutan han karuyag sidngon; hi Jonatan ngan hi David la an maaram.
"Then Jonathan gave his weapons to the boy and said, “Go, carry them back to town.”",Iginhatag ni Jonatan an iya mga hinganiban ngadto han bata ngan ginpauli niya ngadto ha bungto.
"Now then, what do you have on hand? Give me five loaves of bread, or whatever you can find.”",Sanglit yana ano man nga pagkaon an aada ha imo? Tagi ako hin lima ka bug-os nga tinapay o bisan ano nga aada ha imo.”
That day David fled from Saul and went to Achish king of Gath.,"Sanglit linmakat hi David. Pinalagiw hiya kan Saul, ngan kinmadto hiya kan Hadi Aquis han Gat."
David took these words to heart and was very much afraid of Achish king of Gath.,"Gintirotimbang ni David ini nga ira mga pulong, ngan nahadlok hiya hin duro kan Hadi Aquis."
"Saul said, “Listen now, son of Ahitub.” “Yes, my lord,” he answered.","Nagsiring hi Saul kan Ahimelec, “Pamati, Ahimelec!” “Namamati ako ha imo,” binmaton hiya."
"But the king said, “You will surely die, Ahimelek, you and your whole family.”","Nagsiring an hadi, “Ahimelec, kinahanglan mamatay ka ngan an ngatanan mo nga kauropdan!”"
"But one son of Ahimelek son of Ahitub, named Abiathar, escaped and fled to join David.","Kundi nakapalagiw hi Abiatar nga usa han mga anak nga kalalaken-an ni Ahimelec, ngan kinmadto hiya ngan tinmampo kan David."
He told David that Saul had killed the priests of the Lord .,Iginsumat niya kan David an pagpataya ni Saul han kapadian han Ginoo .
"While David was at Horesh in the Desert of Ziph, he learned that Saul had come out to take his life.","Nahibaro hi David nga ginmawas hi Saul hin pagpatay ha iya. Nakadto hi David ha Hores, didto han kamingawan hirani han Zif."
And Saul’s son Jonathan went to David at Horesh and helped him find strength in God.,"Didto kinmadto ha iya hi Jonatan ngan gin-aghat hiya upod an mga pagpatapod han mga pagpanalipod han Dyos,"
"The two of them made a covenant before the Lord . Then Jonathan went home, but David remained at Horesh.","Nagsinumpaay hira nga duha hin pagpadig-on han ira kamagsangkay. Nagpabilin hi David didto ha Hores, ngan inmoli hi Jonatan."
"Saul replied, “The Lord bless you for your concern for me.","Binmaton hi Saul, “Bendisyonan unta kamo han Ginoo kag malooy man kamo ha akon!"
And David went up from there and lived in the strongholds of En Gedi.,"Linmakat hi David ngan kinmadto hiya han katunaan han Engadi, diin nagtinago hiya."
"Afterward, David was conscience-stricken for having cut off a corner of his robe.","Kundi kahuman hini, nagbasol hi David,"
“Against whom has the king of Israel come out? Who are you pursuing? A dead dog? A flea?,"Hin-o an gin-iiparatay han hadi han Israel? Hin-o an iya ginbubukod! Usa nga patay nga ayam, usa nga purgas?"
I know that you will surely be king and that the kingdom of Israel will be established in your hands.,"Yana maaram ako nga ikaw an magigin hadi han Israel, nga magpapadayon an ginhadian ha ubos han imo pagdumara."
"While David was in the wilderness, he heard that Nabal was shearing sheep.","ngan hinbaroan ini ni David nga nakadto ha kamingawan,"
"David’s men turned around and went back. When they arrived, they reported every word.",Binmalik an iya mga tawo ngadto kan David ngan ginsumatan hiya han iginsiring ni Nabal.
Night and day they were a wall around us the whole time we were herding our sheep near them.,Ginpanalipdan kami nira adlaw gab-i ha bug-os nga panahon nga kaupod kami nira hin pagmangno han amon mga panon.
"About ten days later, the Lord struck Nabal and he died.","Paglabay hin mga napulo ka adlaw, ginhampak han Ginoo hi Nabal ngan namatay."
"David had also married Ahinoam of Jezreel, and they both were his wives.",Pinangasawa liwat ni David hi Ahinoam nga taga-Jezrael ngan yana nahimo liwat hi Abigail nga iya asawa.
he sent out scouts and learned that Saul had definitely arrived.,nagsugo hiya hin mga mag-irinaw ngan hinbaroan niya nga tinuod nakadto hi Saul.
"“Here is the king’s spear,” David answered. “Let one of your young men come over and get it.","Binmaton hi David, “Aadi an imo bangkaw, Harangdon nga Hadi. Pakadia hin pagkuha hini in usa han imo mga tawo."
"When Saul was told that David had fled to Gath, he no longer searched for him.","Han paghibaro ni Saul nga pinmalagiw na hi David ngadto ha Gat, inmundang hiya hin pagpinamiling ha iya."
David lived in Philistine territory a year and four months.,Naukoy hi David didto ha Filistia sulod hin 16 ka bulan.
"Then the woman asked, “Whom shall I bring up for you?” “Bring up Samuel,” he said.","Nagpakiana an babaye, “Hin-o man an akon tatawgon para ha imo?” “Hi Samuel,” binmaton hiya."
"Samuel said, “Why do you consult me, now that the Lord has departed from you and become your enemy?","Nagsiring hi Samuel, “Kay ano nga nagsangpit ka ha akon kon ginbayaan ka na man han Ginoo ngan kaaway mo na hiya?"
Now turn back and go in peace; do nothing to displease the Philistine rulers.”,"Sanglit uli nala anay ha maupay nga paglakat, ngan ayaw pagbuhat hin bisan ano nga makakapabido ha ira.”"
"David’s two wives had been captured—Ahinoam of Jezreel and Abigail, the widow of Nabal of Carmel.","Ginbihag bisan an duha nga asawa ni David, hira Ahinoam ug Abigail."
"David recovered everything the Amalekites had taken, including his two wives.","Nabawi ni David an ngatanan nga mga tawo ngan an ngatanan nga natikas han mga Amalekanhon, upod an iya duha nga asawa."
David made this a statute and ordinance for Israel from that day to this.,"Ginhimo ini ni David nga usa nga balaod, ngan ginsunod ini han mga Israelita tikang hadto."
"to those in Aroer, Siphmoth, Eshtemoa","Aroer, Sifmot, Estemoa,"
and Rakal; to those in the towns of the Jerahmeelites and the Kenites;,"ug Racal; ha banay ni Jerameel, ha mga Kenitanhon;"
"to those in Hormah, Bor Ashan, Athak","ngan ha mga tawo han mga bungto han Horma, Borasan, Atac,"
and Hebron; and to those in all the other places where he and his men had roamed.,ug Hebron. Iginpadara ini niya ha ngatanan nga mga dapit nga nahingadtoan niya ngan han iya mga tawo.
"When the people of Jabesh Gilead heard what the Philistines had done to Saul,","Han paghibaro la han mga tawo han Jabes didto ha Galaad han ginbuhat han mga Filisteohanon kan Saul,"
We always thank God for all of you and continually mention you in our prayers.,"Dayuday nagpapasalamat kami han Dyos tungod ha iyo ngatanan, ngan dayuday ilinalakip kamo namon dida ha amon mga pag-ampo."
"For we know, brothers and sisters loved by God, that he has chosen you,","Kabugtoan, maaram kami nga an Dyos nahigugma ha iyo ngan ginpili kamo nga magin iya kalugaringon."
And so you became a model to all the believers in Macedonia and Achaia.,Sanglit nahimo kamo nga susbaranan han ngatanan nga mga magtinuohon ha Macedonia ngan ha Acaya.
"You know, brothers and sisters, that our visit to you was not without results.","Kabugtoan, maaram kamo ngahaw nga waray makawang an amon pagduaw ha iyo."
"For the appeal we make does not spring from error or impure motives, nor are we trying to trick you.","Diri sayop an amon pagwali ug diri maraot an amon hangyo ha iyo, ngan waray kami maglimbong bisan kan kanay."
"For we wanted to come to you—certainly I, Paul, did, again and again—but Satan blocked our way.","Karuyag namon bumalik ha iyo. Nagtinguha ako, hi Pablo, pagbalik ngada ha iyo diri la makausa, kundi gin-ulang kami ni Satanas."
"Indeed, you are our glory and joy.",Kamo gud an amon sadang iparayaw ngan ikalipay!
"So when we could stand it no longer, we thought it best to be left by ourselves in Athens.","Sanglit han waray na kami makakailob hini nga kamingaw, nagpabilin kami la ha Atenas,"
"Therefore, brothers and sisters, in all our distress and persecution we were encouraged about you because of your faith.","Sanglit, kabugtoan, ha butnga han amon mga kakurian ngan pag-antos, nadasig kami tungod han iyo pagtoo,"
"For now we really live, since you are standing firm in the Lord.",kay yana nakakaginhawa na kami hin maupay kay marig-on an iyo pagtindog dida ha pag-alagad han Ginoo.
Now may our God and Father himself and our Lord Jesus clear the way for us to come to you.,Ihatag unta ha amon han aton Dyos ngan Amay ngan han aton Ginoo nga Jesus an higayon hin pagduaw ha iyo!
For you know what instructions we gave you by the authority of the Lord Jesus.,"Kay maaram na man kamo han mga tugon nga iginhatag namon ha iyo, pinaagi han pagburot-an han Ginoo nga Jesus."
It is God’s will that you should be sanctified: that you should avoid sexual immorality;,Amo ini an kaburut-on han Dyos ha iyo: karuyag niya nga magbaraan ngan magkalikay gud kamo han kalaw-ayan.
"that each of you should learn to control your own body in a way that is holy and honorable,","Kinahanglan mahibaro an tagsa ha iyo nga mga lalake hin pagdumara hin asawa ha baraan ngan dungganan nga paagi,"
"not in passionate lust like the pagans, who do not know God;","nga diri inupdan hin malaw-ay nga ungara, sugad han ginbubuhat han mga tawo nga diri nakilala han Dyos."
"For God did not call us to be impure, but to live a holy life.","Gintawag kita han Dyos basi mag-ukoy kita dida hin kinabuhi nga baraan, diri ha kalaw-ayan."
Therefore encourage one another with these words.,"Sanglit, pagdinasigay kamo tungod hini nga mga pulong."
for you know very well that the day of the Lord will come like a thief in the night.,Kay maaram gud kamo ngahaw nga maabot an Adlaw han Ginoo sugad hin pag-abot hin kawatan ha kagab-ihon.
"But you, brothers and sisters, are not in darkness so that this day should surprise you like a thief.","Kundi, kabugtoan, diri na kamo aada ha kasisidman, sanglit diri na kamo hikakalitan hito nga Adlaw nga maabot sugad hin kawatan."
You are all children of the light and children of the day. We do not belong to the night or to the darkness.,"Kamo ngatanan nga mga tawo nga sakop han kapawa, ngan sakop han adlaw; diri kita sakop han kagab-ihon o han kasisidman."
"So then, let us not be like others, who are asleep, but let us be awake and sober.",Sanglit kinahanglan diri kita mangaturog sugad han iba; kundi kinahanglan mag-agma kita ngan magmalinaw an panhunahuna.
"For those who sleep, sleep at night, and those who get drunk, get drunk at night.",Batasan han mga tawo an pagkaturog ngan paghubog ha gab-i.
"He died for us so that, whether we are awake or asleep, we may live together with him.","nga nagpakamatay para ha aton, basi mag-ukoy kita upod ha iya, buhi o patay kita ha pagbalik niya."
"Therefore encourage one another and build each other up, just as in fact you are doing.","Tungod hini nga hinungdan, pagdinasigay ngan pagbinuligay kamo sugad gud han iyo binubuhat yana."
"Rejoice always,","Dayuday pagmalipayon kamo,"
"pray continually,","pag-ampo ha ngatanan nga panahon,"
Do not quench the Spirit.,Ayaw niyo pagpugngi an Espiritu Santo.
Do not treat prophecies with contempt,Ayaw niyo pagtamaya an dyosnon nga mga mensahe.
"but test them all; hold on to what is good,",Sarihi an ngatanan nga mga butang: tipigi an maupay
reject every kind of evil.,ngan likayi an ngatanan nga karat-an.
"The one who calls you is faithful, and he will do it.","Bubuhaton ito niya nga nagtatawag ha iyo, kay matinumanon hiya."
"Brothers and sisters, pray for us.","Kabugtoan, ig-ampo liwat kami niyo."
Greet all God’s people with a holy kiss.,Ipangumosta kami han ngatanan nga kabugtoan hin minagburugto nga harok.
I charge you before the Lord to have this letter read to all the brothers and sisters.,"Nag-aaghat ako ha iyo, ha pagburut-an han Ginoo, nga basahon niyo ini nga surat ha ngatanan nga mga magtinuohon."
The grace of our Lord Jesus Christ be with you.,An grasya han aton Ginoo Jesu-Cristo maada unta ha iyo.
Some have departed from these and have turned to meaningless talk.,May mga tawo nga binmulag na ngan nawara ha ira mga dalan tungod hin binuang nga larulantugi.
We know that the law is good if one uses it properly.,Sayod kita nga maupay an Balaod kon gamiton hin igo ngan angay nga paagi.
"This is good, and pleases God our Savior,","Maupay ngan nakakalipay ini han Dyos nga aton Magtaralwas,"
who wants all people to be saved and to come to a knowledge of the truth.,nga naruruyag nga matalwas an ngatanan nga mahibaro han kamatuoran.
"For there is one God and one mediator between God and mankind, the man Christ Jesus,","Kay uusa la an Dyos, ngan uusa la an makakag-usa han Dyos nga han mga tawo; amo ini hi Cristo Jesus"
"but with good deeds, appropriate for women who profess to worship God.",kundi hin mag-upay nga mga panggawi nga angay hin kababayen-an nga mainampoon.
A woman should learn in quietness and full submission.,Kinahanglan nga mahibaro an kababayen-an hin hilom ngan hingpit nga pagpaubos.
I do not permit a woman to teach or to assume authority over a man; she must be quiet.,Diri ako natugot nga an kababayen-an magtutdo o maagaron han kalalaken-an; kinahanglan humilom la hira.
"For Adam was formed first, then Eve.","Kay una paghimoon hi Adan, san-o hi Eva."
And Adam was not the one deceived; it was the woman who was deceived and became a sinner.,"Ngan diri hi Adan kundi hi Eva, an babaye, an ginlimbongan ngan nagtalapas han sugo han Dyos."
"not given to drunkenness, not violent but gentle, not quarrelsome, not a lover of money.","kinahanglan diri hiya parahubog o maisog nga tawo, kundi mapuanguron ngan diri makiawayon; kinahanglan diri hiya makisalapi;"
"He must not be a recent convert, or he may become conceited and fall under the same judgment as the devil.","Kinahanglan nga hamtong na hiya ha pagtoo, basi diri hiya pumarayaw ngan paghukman hiya ha karat-an sugad han Yawa."
They must keep hold of the deep truths of the faith with a clear conscience.,"kinahanglan nga pagtumanon nira an iginpadayag nga kamatuoran han pagtoo, upod in limpyo nga konsensya."
"They must first be tested; and then if there is nothing against them, let them serve as deacons.","Kinahanglan sarihan hira anay, ngan kon makapasar hira hini makakahimo na hira hin pag-alagad ha singbahan."
"Although I hope to come to you soon, I am writing you these instructions so that,","Samtang ginsusurat ko ini ha imo, naglalaom ako hin diri maiha hin pagkada ngan pagkigkita ha imo."
because it is consecrated by the word of God and prayer.,"kay pinaagi han pulong han Dyos ngan han pag-ampo, kinakarawat ini han Dyos."
This is a trustworthy saying that deserves full acceptance.,"Matuod ini nga pulong, ngan angay karawaton ngan tuohan hin hingpit."
Command and teach these things.,Isugo ngan itutdo ini nga mga butang.
"Be diligent in these matters; give yourself wholly to them, so that everyone may see your progress.","Buhata ini nga mga butang ngan tumana hin kinasingkasing, basi hikit-an han ngatanan an imo pag-uswag."
Give proper recognition to those widows who are really in need.,Tahora an mga balo nga kababayen-an nga tinuod nga nag-uusaan.
But the widow who lives for pleasure is dead even while she lives.,"Kundi, an balo nga babaye nga nagpapatakas hin kalipayan, patay na paghunahunaon bisan kon buhi pa hiya."
"Give the people these instructions, so that no one may be open to blame.","Ihatag ini nga sugo ha ira, basi waray makagsuson ha ira."
"Thus they bring judgment on themselves, because they have broken their first pledge.",ngan nakakasala hira hin diri pagtuman han ira syahan nga saad ha iya.
Some have in fact already turned away to follow Satan.,Kay may-ada na iba nga mga balo nga kababayen-an nga binmaya ngan nagsunod na kan Satanas.
Do not entertain an accusation against an elder unless it is brought by two or three witnesses.,Ayaw pamatii an sumbong kontra hin pangulo hin singbahan labot la kon ginsalawad ito hin duha o tulo nga mga saksi.
"But those elders who are sinning you are to reprove before everyone, so that the others may take warning.","Sawaya ha atubangan han kadam-an an mga nagpapakasala, basi mahadlok an iba."
"Stop drinking only water, and use a little wine because of your stomach and your frequent illnesses.","Ayaw pag-inom hin tubig la, kundi gamit hin gutiay nga bino, pagtambal han imo suroksurok, kay agsob ka la masakit."
"In the same way, good deeds are obvious, and even those that are not obvious cannot remain hidden forever.","Ha amo nga paagi, nakikita hin dayag an mag-upay nga mga buhat, ngan bisan an diri nakikita hin dayag diri matatago."
But godliness with contentment is great gain.,"Matuod, nakakapariko gud an toluohan, kon kontento la an tawo han aada na ha iya."
"For we brought nothing into the world, and we can take nothing out of it.",Ano an aton gindara han katawo naton nganhi ha kalibutan? Waray! Ano man an aton makukuha hini nga kalibutan? Waray!
"But if we have food and clothing, we will be content with that.","Sanglit kon may-ada na kita pagkaon ngan panapton, igo na unta ito ha aton."
Grace and peace to you from God our Father and the Lord Jesus Christ.,Ihatag unta ha iyo han Dyos nga aton Amay ngan han Ginoo Jesu-Cristo an grasya ug an kalinaw.
"But as surely as God is faithful, our message to you is not “Yes” and “No.”","Sugad nga tinuod gud nga an Dyos diri buwaon, an akon saad ha iyo diri man liwat pagruruhaduhaan."
"Now it is God who makes both us and you stand firm in Christ. He anointed us,","An Dyos ngahaw an naghatag han karig-onan han amon kinabuhi upod ha iyo dida kan Cristo. An Dyos ngahaw an nagpili ha aton,"
So I made up my mind that I would not make another painful visit to you.,Sanglit gintibway ko na la hin diri na pagkada kay bangin makabido la ako ha iyo.
"For if I grieve you, who is left to make me glad but you whom I have grieved?","Kay kon ako an makapabido ha iyo, hin-o pa man an maglilipay ha akon? An mga tawo la ngahaw nga akon ginbido."
The punishment inflicted on him by the majority is sufficient.,Igo na para hini nga tawo nga ginsirotan na hiya han kadam-an ha iyo.
"Now instead, you ought to forgive and comfort him, so that he will not be overwhelmed by excessive sorrow.","Kundi yana, kinahanglan pasayloon ngan dasigon hiya niyo basi diri hiya mabido hin duro ngan mawad-an hin paglaom."
"I urge you, therefore, to reaffirm your love for him.",Sanglit nahangyo ako ha iyo nga pahibaroon hiya niyo nga hinihigugma pa hiya niyo.
in order that Satan might not outwit us. For we are not unaware of his schemes.,basi diri kita madaog ni Satanas; kay maaram kita han iya mga ginhuhunahunaan.
Such confidence we have through Christ before God.,Nasiring kami hini kay natapod kami han Dyos pinaagi kan Cristo.
will not the ministry of the Spirit be even more glorious?,ano daw nga himaya an makikita ha pag-alagad han Espiritu!
"And if what was transitory came with glory, how much greater is the glory of that which lasts!","Kay kon may kalamrag hadton lumalabay la, labi na hin kalamrag hadton himaya nga waray pagkatapos!"
"Therefore, since we have such a hope, we are very bold.",Nadasig kami kay may-ada kami hini nga paglaom.
"Even to this day when Moses is read, a veil covers their hearts.",Bisan yana kon nagbabasa hira han Balaod ni Moises an ira mga hunahuna natatahoban pa gihapon han biray.
"But whenever anyone turns to the Lord, the veil is taken away.","Kundi nakukuha ini, sumala han siring han Kasuratan, “Nakuha an biray ni Moises han pagdangop niya han Ginoo.”"
"Now the Lord is the Spirit, and where the Spirit of the Lord is, there is freedom.","Yana, “an Ginoo” hini nga bahin han Kasuratan amo an Espiritu; ngan kon hain an Espiritu han Ginoo, may-ada kagawasan."
"And even if our gospel is veiled, it is veiled to those who are perishing.","Kay kon an iginwawali namon nga Maupay nga Sumat diri hinsasabotan, diri ini hinsasabtan hadton diri matatalwas."
"We are hard pressed on every side, but not crushed; perplexed, but not in despair;","Agsob kami pagsakiton, kundi diri napupukan; nagruruhaduha kami usahay, kundi diri gud kami nagtuturaw."
"So then, death is at work in us, but life is at work in you.",Karuyag sidngon hini nga aanhi ha amon an kamatayon; kundi aada ha iyo an kinabuhi.
"Meanwhile we groan, longing to be clothed instead with our heavenly dwelling,",Ngan naaraba kita yana kay dako gud an aton paghingyap nga mahibutang dinhe ha aton an aton urokyan nga aadto ha langit.
"because when we are clothed, we will not be found naked.","Kon masul-otan na kita hini, diri mahimo nga waray naton lawas."
"For we live by faith, not by sight.",Kay nabubuhi kita pinaagi hin pagtoo ngan diri pinaagi hin butang nga kinikita.
"We are confident, I say, and would prefer to be away from the body and at home with the Lord.",Nadasig gud kita ngan karuyag gud naton pagbaya han aton urokyan dida hini nga lawas ngan mag-ukoy kita upod han Ginoo.
"So we make it our goal to please him, whether we are at home in the body or away from it.","Kundi labaw han ngatanan karuyag naton makalipay ha iya, ma anhi kita ha aton urokyan o ma adto kita upod ha Ginoo."
"We put no stumbling block in anyone’s path, so that our ministry will not be discredited.","Diri namon karuyag nga may-ada ha iyo magsuson han amon buruhaton, sanglit diri man kami nag-uulang hin bisan hin-o ha iyo."
"in beatings, imprisonments and riots; in hard work, sleepless nights and hunger;","Ginhampak kami, ginpriso, ngan ginraogdaog; nagtrabaho kami labaw han kaangayan ngan waray pagkaturog o waray namon pagkaon."
"We have spoken freely to you, Corinthians, and opened wide our hearts to you.",Hinigugma nga kasangkayan ha Corinto! Nagyakan kami hin dayag ha iyo ngan waray namon iginlilirong ha iyo.
"We are not withholding our affection from you, but you are withholding yours from us.",Labis an amon paghigugma ha iyo; kamo in kulang hin pagbati para ha amon.
What harmony is there between Christ and Belial ? Or what does a believer have in common with an unbeliever?,Uunanhon hin pagkauyon ni Cristo ngan han Yawa? Ano an ginkakaurusaan han magtinuohon ngan han diri magtinuohon?
"But God, who comforts the downcast, comforted us by the coming of Titus,",Kundi gindasig kami han Dyos nga paralipay han mga mabidoon pinaagi han pag-abot ni Tito.
I am glad I can have complete confidence in you.,Malipayon gud ako nga hingpit an akon pagsarig ha iyo!
"And now, brothers and sisters, we want you to know about the grace that God has given the Macedonian churches.","Kabugtoan, karuyag namon nga mahibaroan niyo an nabuhat han grasya han Dyos dida han mga singbahan ha Macedonia."
"For I testify that they gave as much as they were able, and even beyond their ability. Entirely on their own,","Nakakapatapod ako ha iyo nga hinmatag hira sugad han ira nahimo ngan bangin sobra pa, kay ha ira kalugaringon nga kaburut-on,"
they urgently pleaded with us for the privilege of sharing in this service to the Lord’s people.,naghangyo ngan nanginyupo gud hira ha amon nga makaamot hira hin pagtabang han mga magtinuohon ha Judea.
"For if the willingness is there, the gift is acceptable according to what one has, not according to what one does not have.","Kon karuyag gud niyo humatag, kakarawton ini han Dyos sumala han sadang niyo ihatag, diri han waray dida ha iyo."
"as it is written: “The one who gathered much did not have too much, and the one who gathered little did not have too little.”","Sugad han siring han Kasuratan: “An nagtirok hin damo waray magsobra, ngan an nagtirok hin gutiay waray magkulang.”"
"Thanks be to God, who put into the heart of Titus the same concern I have for you.",Dako an amon pagpasalamat han Dyos nga nagpasindak kan Tito hin pagbulig ha iyo sugad gud han amon kasindak hin pagbulig ha iyo!
We want to avoid any criticism of the way we administer this liberal gift.,Naghihirot kami nga waray sumuson mahitungod han paagi han pagdumara namon hini nga dako nga bulig.
There is no need for me to write to you about this service to the Lord’s people.,Diri na kinahanglan nga magsurat pa ako ha iyo mahitungod han mga bulig nga ginpadara ngadto han mga magtinuohon ha Judea.
As it is written: “They have freely scattered their gifts to the poor; their righteousness endures forever.”,Sugad han siring han Kasuratan: “Mahinatagon gud hiya ngadto han mga kablas; waray katapusan an iya pagkalooy.”
Thanks be to God for his indescribable gift!,Pagpasalamat kita han Dyos tungod han diri sadang mahiasoy nga hatag niya!
"For though we live in the world, we do not wage war as the world does.","Matuod gad nga nag-uukoy kita dinhe ha kalibutan, kundi diri kita nakikig-away tungod hin kalibutanon nga mga panuyo."
"And we will be ready to punish every act of disobedience, once your obedience is complete.","Ngan katapos niyo pagpakita han iyo tim-os nga pagkamasinugtanon, andam na kami hin pagsirot hin bisan ano nga pagsupak."
I do not want to seem to be trying to frighten you with my letters.,Diri ko karuyag nga maghunahuna kamo nga gintatarhog ko la kamo han akon mga surat.
"I hope you will put up with me in a little foolishness. Yes, please put up with me!",Karuyag ko nga tugotan ako niyo bisan kon usahay may-ada ko gutiay nga kalurongan. Tugoti ako kon mahihimo!
I do not think I am in the least inferior to those “super-apostles.”,Pamati ko diri gad ako ubos han gimaupayi niyo nga mga “apostoles”!
Why? Because I do not love you? God knows I do!,Kay ano in pagsiring ko hini? Tungod ba nga diri ako nahigugma ha iyo? Maaram an Dyos nga hinihigugma ko kamo!
"And no wonder, for Satan himself masquerades as an angel of light.",Diri ini orosahon! Kay bisan ngani hi Satanas nakakahimo hin pagpakita ha iya ngahaw sugad hin anghel han kapawa!
"Since many are boasting in the way the world does, I too will boast.","Kundi tungod nga damo man in naparayaw hin kanan tawo la nga mga panuyo, bubuhaton ko man in sugad."
You gladly put up with fools since you are so wise!,"Mga makinaadmananon gud man kamo, sanglit malipayon la kamo pagtugot hin mga lurong!"
Are they Hebrews? So am I. Are they Israelites? So am I. Are they Abraham’s descendants? So am I.,Mga Hebreo ba hira? Sugad man ako. Mga Israelita ba hira? Sugad man ako. Mga tulin ba hira ni Abraham? Sugad man ako.
Five times I received from the Jews the forty lashes minus one.,Nakalima ako kumarawat han tag traynta y nuybe nga mga hampak han mga Judiyo;
"Besides everything else, I face daily the pressure of my concern for all the churches.","Ngan waray labot han iba pa nga mga butang, nag-antos ako adlaw-adlaw hin kabaraka para han ngatanan nga mga singbahan."
"Who is weak, and I do not feel weak? Who is led into sin, and I do not inwardly burn?","Kon may-ada maluya, naabat man ako hin kamaluya; kon may-ada nakakasala, napupuno ako hin kabidoan."
"If I must boast, I will boast of the things that show my weakness.","Kon kinahanglan ako pumarayaw, ipaparayaw ko an mga butang nga nagpapakita han akon kamaluya."
"The God and Father of the Lord Jesus, who is to be praised forever, knows that I am not lying.",Maaram an Dyos nga Amay han Ginoo nga Jesus nga diri ako nagbubuwa. Dayawon ha kadayonan an iya ngaran!
But I was lowered in a basket from a window in the wall and slipped through his hands.,"Kundi gintunton ako sulod hin basket pinaagi hin buho dida han pader, ngan nakakalagiw ako."
Three times I pleaded with the Lord to take it away from me.,"Nag-ampo ako ha Ginoo makatulo mahitungod hini, ngan naghangyo nga kuhaon ini."
Did I exploit you through any of the men I sent to you?,Ano ngani nga paagi? Sinmingabot ba ako ha iyo pinaagi han mga tawo nga akon ginsugo?
And I trust that you will discover that we have not failed the test.,Nasarig ako nga mahibabaro kamo nga waray kami mapakyas.
"For we cannot do anything against the truth, but only for the truth.","Kay diri kami makakahimo hin bisan ano supak han kamatuoran, kundi para gudla han kamatuoran."
Greet one another with a holy kiss.,Magpangumostahay kamo hin minagburugto nga harok. Nangungumosta ha iyo an ngatanan nga mga magtinuohon han Dyos.
All God’s people here send their greetings.,"An grasya han Ginoo Jesu-Cristo, an gugma han Dyos, ngan an pagkausa han Espiritu Santo maada unta ha iyo ngatanan!"
"because of the truth, which lives in us and will be with us forever:",kay magpapabilin ha aton an kamatuoran ngan mag-uupod ha aton ha kadayonan.
Anyone who welcomes them shares in their wicked work.,"Kay an maghatag ha iya hin katalahoran, nahihimo nga kabulig han iya magraot nga mga buhat."
"The children of your sister, who is chosen by God, send their greetings.",Nangungumosta ha imo an mga anak han imo hinigugma nga bugto nga babaye.
Grace and peace be yours in abundance through the knowledge of God and of Jesus our Lord.,"Mapuno unta kamo han grasya ngan kamurayaw, pinaagi han iyo pagkilala han Dyos ngan kan Jesus nga aton Ginoo."
"and to godliness, mutual affection; and to mutual affection, love.","ha iyo pagkadyosnon idugang an minagburugto nga pagbati, ngan ha iyo minaburugto nga pagbati idugang an paghigugma."
"I think it is right to refresh your memory as long as I live in the tent of this body,","Natoo ako nga akon katungod hin pagpukaw han iyo panumdoman hiunong hini nga mga butang, samtang buhi pa ako."
We ourselves heard this voice that came from heaven when we were with him on the sacred mountain.,"Hinbatian namon ngahaw ini nga tingog nga tikang ha langit, han upod kami niya dida han baraan nga bukid."
By these waters also the world of that time was deluged and destroyed.,ngan tubig liwat han Lunop an nagpuo han daan nga kalibutan.
"But in keeping with his promise we are looking forward to a new heaven and a new earth, where righteousness dwells.","Kundi maghuhulat kita han iginsaad han Dyos: an bag-o nga kalangitan ngan bag-o nga tuna, diin naghahadi an pagkamatadong."
"“Where have you come from?” David asked him. He answered, “I have escaped from the Israelite camp.”","Nagpakiana ha iya hi David, “Diin ka tikang?” “Nakakalagiw ako tikang han kampo han mga Israelita,” binmaton hiya."
"When he turned around and saw me, he called out to me, and I said, ‘What can I do?’","Han paglingi niya, hinkit-an ako ngan gintawag ako niya. Binmaton ako, ‘Aadi ako!’"
"“He asked me, ‘Who are you?’ “ ‘An Amalekite,’ I answered.","Nagpakiana hiya kon hin-o ako, ngan ginsumatan ko hiya nga Amalekanhon ako."
"David asked him, “Why weren’t you afraid to lift your hand to destroy the Lord ’s anointed?”","Nagpakiana ha iya hi David, “Ano an kasugad nga nagpasipara ka pagpatay han kanan Ginoo pinili nga hadi?”"
"David took up this lament concerning Saul and his son Jonathan,","Ginkanta ni David an iya kasubo tungod kan Saul ngan han iya anak hi Jonatan,"
and he ordered that the people of Judah be taught this lament of the bow (it is written in the Book of Jashar):,ngan nagsugo hiya nga igtutdo ini ha mga tawo han Juda. (Nahisurat ini dida han An Basahan ni Jasar .)
The length of time David was king in Hebron over Judah was seven years and six months.,ngan naghadi hiya han Juda didto ha Hebron hin pito hin tunga ka tuig.
"Abner son of Ner, together with the men of Ish-Bosheth son of Saul, left Mahanaim and went to Gibeon.",Tikang ha Mahanaim kinmadto han syudad han Gabaon hi Abner ngan an mga opisyal ni Isboset.
"He chased Abner, turning neither to the right nor to the left as he pursued him.",Ginlanat niya hi Abner.
"Abner looked behind him and asked, “Is that you, Asahel?” “It is,” he answered.","Linmingi hi Abner ngan nagsiring, “Amo ka ba hi Asahel?” “Oo,” binmaton hiya."
"So Joab blew the trumpet, and all the troops came to a halt; they no longer pursued Israel, nor did they fight anymore.",Niyan nagtrompeta hi Joab pagpahunong na han iya mga tawo hin paglanat han mga Israelita; sanglit inmundang an araway.
But David’s men had killed three hundred and sixty Benjamites who were with Abner.,Nakamatay an mga tawo ni David hin 360 han kan Abner mga tawo nga sakop han tribo ni Benjamin.
"the fourth, Adonijah the son of Haggith; the fifth, Shephatiah the son of Abital;",hi Adonias nga anak ni Haguit; hi Sefatias nga anak ni Abital;
"and the sixth, Ithream the son of David’s wife Eglah. These were born to David in Hebron.",hi Itream nga anak ni Egla. Ini ngatanan mga anak ni David ngan didto hira ngatanan natawo ha Hebron.
"Ish-Bosheth did not dare to say another word to Abner, because he was afraid of him.",Duro gud an kahadlok ni Isboset kan Abner nga waray hiya makayakan bisan usa ka pulong.
So Ish-Bosheth gave orders and had her taken away from her husband Paltiel son of Laish.,Sanglit iginpakuha ni Isboset hi Mical tikang han iya bana nga hi Paltiel nga anak ni Lais.
The king sang this lament for Abner: “Should Abner have died as the lawless die?,Ginkanta ni David ini nga pagnguyngoy para kan Abner: “Kinahanglan mamatay ba hi Abner sugad hin lurong?
because the people of Beeroth fled to Gittaim and have resided there as foreigners to this day.,"Nangalagiw ngadto ha Gitaim an tinuod nga mga umurokoy han Beerot, diin nag-ukoy hira tikang pa hadto.)"
"David was thirty years old when he became king, and he reigned forty years.","Hi David 30 na an panuigon han kahimo niya nga hadi, ngan naghadi hiya hin 40 ka tuig."
"Nevertheless, David captured the fortress of Zion—which is the City of David.","Kundi nabihag ni David an ira madig-on nga kota han Sion, ngan ginkilala ini nga “Syudad ni David.”)"
"And he became more and more powerful, because the Lord God Almighty was with him.","Nagtikakusog la hi David, kay nakada ha iya an Ginoo nga Dyos nga Labi Kamakagarahum."
"These are the names of the children born to him there: Shammua, Shobab, Nathan, Solomon,","Amo ini an mga anak nga natawo didto ha Jerusalem: hira Samua, Sobab, Natan, Solomon,"
"Ibhar, Elishua, Nepheg, Japhia,","Ibaar, Elisua, Nefeg, Jafia,"
"Elishama, Eliada and Eliphelet.","Elisama, Eliada, ug Elifelet."
Now the Philistines had come and spread out in the Valley of Rephaim;,Nagkaabot ngadto ha Kahamub-an han Refaim an mga Filisteohanon ngan ginrikopohan ini.
Once more the Philistines came up and spread out in the Valley of Rephaim;,Niyan binmalik ngadto ha Kahamub-an han Refaim an mga Filisteohanon ngan ginrikopohan na liwat ini.
David again brought together all the able young men of Israel—thirty thousand.,"Gintirok na liwat ni David an gimamag-upayi nga mga sondalo didto ha Israel, nga inmabot ngatanan hin 30,000 nga kalalaken-an,"
"with the ark of God on it, and Ahio was walking in front of it.",nga nag-uuna han karomata hi Ahio.
"Wearing a linen ephod, David was dancing before the Lord with all his might,","Nagsinayaw hi David, tugob hin kalipay, ha pagpasidungog han Ginoo , nga nakakatapis la hiya hin dugnit nga lino."
And Michal daughter of Saul had no children to the day of her death.,"Waray gud mag-anak hi Mical nga anak ni Saul, asta nga namatay."
"Nathan replied to the king, “Whatever you have in mind, go ahead and do it, for the Lord is with you.”","Binmaton hi Natan, “Buhata an imo ginhuhunahuna, kay aada ha imo an Ginoo .”"
"But that night the word of the Lord came to Nathan, saying:","Kundi hito nga gab-i nagsiring an Ginoo kan Natan,"
"He is the one who will build a house for my Name, and I will establish the throne of his kingdom forever.","Hiya amo an magtitindog hin templo para ha akon, ngan tatalinguhaon ko nga maghadi an iya katulinan ha kadayonan."
Nathan reported to David all the words of this entire revelation.,Iginsumat ni Natan kan David an ngatanan nga iginpadayag ha iya han Dyos.
"“What more can David say to you? For you know your servant, Sovereign Lord .",Ano pa in akon igsisiring ha imo! Nakilala ka ha akon nga imo surugoon.
David took the gold shields that belonged to the officers of Hadadezer and brought them to Jerusalem.,Gin-agaw ni David an bulawan nga mga taming nga dara han mga opisyal ni Hadadeser ngadto ha Jerusalem.
"From Tebah and Berothai, towns that belonged to Hadadezer, King David took a great quantity of bronze.",Ginkuha liwat niya in kadam-an nga mga bronse tikang ha Beta ug Berotai nga mga syudad nga ginhahadian ni Hadadeser.
"When Tou king of Hamath heard that David had defeated the entire army of Hadadezer,",Hinbatian ni Hadi Toi han Hamat nga ginpirde ni David an ngatanan nga kasondalohan ni Hadadeser.
Zadok son of Ahitub and Ahimelek son of Abiathar were priests; Seraiah was secretary;,hira Sadoc nga anak ni Ahitob ngan hi Ahimelec nga anak ni Abiatar amo an kapadian; hi Seraias amo an sekretaryo han korte;
"So King David had him brought from Lo Debar, from the house of Makir son of Ammiel.",Sanglit iginpakuha ini nga tawo ni Hadi David.
"And Mephibosheth lived in Jerusalem, because he always ate at the king’s table; he was lame in both feet.","Sanglit nag-ukoy didto ha Jerusalem hi Mefiboset nga piay an duha nga tiil, nga dayuday kasaro han hadi."
"In the course of time, the king of the Ammonites died, and his son Hanun succeeded him as king.",Waray kaiha namatay hi Hadi Nahas han Amon ngan hi Hanun nga iya anak an naghadi.
"On hearing this, David sent Joab out with the entire army of fighting men.",Hinbaroan ini ni David ngan ginsugo niya hi Joab hin pagsulong ha ira upod an ngatanan nga kasondalohan.
"Then Joab and the troops with him advanced to fight the Arameans, and they fled before him.","Sinmulong hin pakig-away hi Joab ngan an iya mga tawo, ngan nangalagiw an mga Siriahanon."
"After the Arameans saw that they had been routed by Israel, they regrouped.","Han pakakita han mga Siriahanon nga ginpirde na hira han mga Israelita, gintirok nira an ngatanan nira nga kasondalohan."
"The woman conceived and sent word to David, saying, “I am pregnant.”",Waray kaiha nakasabot hiya nga burod na hiya ngan ginsumatan niya hi David.
In the morning David wrote a letter to Joab and sent it with Uriah.,Han pagkaaga nagsurat hi David kan Joab ngan iginpadara ini kan Urias.
Joab sent David a full account of the battle.,"Niyan nagpadara hi Joab ngadto kan David hin sumat hiunong han away,"
"He instructed the messenger: “When you have finished giving the king this account of the battle,","ngan iya gintugon an sinugo, “Katapos mo pagsumati kan David han ngatanan hiunong han araway,"
"The messenger set out, and when he arrived he told David everything Joab had sent him to say.",Sanglit kinmadto kan David an sinugo ngan ginsumatan niya hi David han iginsugo ha iya ni Joab.
"When Uriah’s wife heard that her husband was dead, she mourned for him.","Han paghibaro la ni Batseba nga namatay na an iya bana, nagmasulob-on hiya tungod han iya bana."
"The rich man had a very large number of sheep and cattle,","Damo an mga baka ngan mga karnero han riko,"
"He must pay for that lamb four times over, because he did such a thing and had no pity.”","Kinahanglan pagbaydan niya hin upat ka pilo an iya kinuha, tungod han pagbuhat niya hin sugad kamabangis nga butang.”"
"You did it in secret, but I will do this thing in broad daylight before all Israel.’ ”","Imo ini gintago nga sala, kundi ipabubuhat ko ini ha kapaw-an han adlaw, ha atubangan han bug-os nga Israel.’”"
Meanwhile Joab fought against Rabbah of the Ammonites and captured the royal citadel.,"Nagpadayon hi Joab pakig-away kontra han Raba nga kapital nga syudad han Amon, ngan gutiay na gud la marikopo ini."
"So David mustered the entire army and went to Rabbah, and attacked and captured it.","Sanglit gintirok ni David an iya kasondalohan, kinmadto ha Raba, ginsulong, ngan nakuha niya an syudad."
"But he refused to listen to her, and since he was stronger than she, he raped her.","Kundi waray la hiya mamati kan Tamar; ngan tungod nga makurukusog man hi Amnon ha iya, linupigan ngan ginlugos hiya."
"When King David heard all this, he was furious.","Han paghibaroi ni David han nahinabo, napungot hiya hin duro."
Joab son of Zeruiah knew that the king’s heart longed for Absalom.,"Hinbaroan ni Joab nga anak ni Seruia nga nahihidlaw hin duro hi Hadi David kan Absalon,"
Then go to the king and speak these words to him.” And Joab put the words in her mouth.,Niyan kadtoa an hadi ngan sidnga hiya han akon igsisiring ha imo.” Katapos ginsumatan hiya ni Joab han iya igyayakan han hadi.
"The king said to the woman, “Go home, and I will issue an order in your behalf.”","Binmaton an hadi, “Uli nala, ngan akon ini paninimangnoon.”"
Then Joab went to Geshur and brought Absalom back to Jerusalem.,"Niyan binmuhat hiya ngan kinmadto ha Gesur, ngan iginbalik hi Absalon ngadto ha Jerusalem."
"Three sons and a daughter were born to Absalom. His daughter’s name was Tamar, and she became a beautiful woman.","May tulo nga mga anak nga kalalaken-an hi Absalon, ngan usa nga babaye nga ginngaranan kan Tamar, mahusay hin duro nga babaye."
Absalom lived two years in Jerusalem without seeing the king’s face.,Nag-ukoy hi Absalon hin duha ka tuig didto ha Jerusalem ngan waray hiya igkakita han hadi.
"The king said to him, “Go in peace.” So he went to Hebron.","“Maupay na la nga imo paglakat,” nagsiring an hadi. Sanglit kinmadto ha Hebron hi Absalon."
"So the king set out, with all the people following him, and they halted at the edge of the city.","Han nabaya na han syudad an hadi ngan an ngatanan nga iya mga tawo, hinmapit hira dida han kataposan nga balay."
So Zadok and Abiathar took the ark of God back to Jerusalem and stayed there.,Sanglit iginbalik ngadto ha Jerusalem nira Sadoc ug Abiatar an Kahon han Ginsaaran ngan nagpabilin hira didto.
"David said to him, “If you go with me, you will be a burden to me.","Nagsiring ha iya hi David, “Diri ka makakabulig ha akon kon umupod ka ha akon,"
"So Hushai, David’s confidant, arrived at Jerusalem as Absalom was entering the city.","Sanglit binmalik ngadto han syudad hi Husai nga sangkay ni David, dida han tisakob na hi Absalon han syudad."
The king and all the people with him arrived at their destination exhausted. And there he refreshed himself.,"Kinapoy hin duro hi David ngan an ngatanan niya nga mga tawo han pag-abot nira han Jordan, ngan pinmahuway hira didto."
"Meanwhile, Absalom and all the men of Israel came to Jerusalem, and Ahithophel was with him.","Sinmulod ha Jerusalem hi Absalon ngan an ngatanan nga mga Israelita nga tinmampo ha iya, ngan upod nira hi Ahitofel."
"Absalom said to Ahithophel, “Give us your advice. What should we do?”","Niyan inatubang ni Absalon hi Ahitofel ngan ginsiring, “Yana nga aanhi na kita, ano an imo sadang isagdon ha akon?”"
This plan seemed good to Absalom and to all the elders of Israel.,Daw nakalipay ini nga sagdon kan Absalon ngan han ngatanan nga mga punoan nga Israelita.
"But Absalom said, “Summon also Hushai the Arkite, so we can hear what he has to say as well.”","Nagsiring hi Absalon, “Tawaga liwat hi Husai, ngan pamatii ta kon ano man an iya igsisiring.”"
"Hushai replied to Absalom, “The advice Ahithophel has given is not good this time.","Binmaton hi Husai, “Diri maupay an iginsagdon ha iyo yana ni Ahitofel."
"David went to Mahanaim, and Absalom crossed the Jordan with all the men of Israel.",Nakadto na hi David han bungto han Mahanaim han pakatabok han Jordan ni Absalon ngan han iya mga tawo. (
The Israelites and Absalom camped in the land of Gilead.,Nagkampo didto han tuna han Galaad hi Absalon ngan an iya mga tawo.
"David’s army marched out of the city to fight Israel, and the battle took place in the forest of Ephraim.",Ginmawas ngadto han kapatagan an kasondalohan ni David ngan pinakiawayan an mga Israelita didto ha Kagurangan han Efraim.
"And ten of Joab’s armor-bearers surrounded Absalom, struck him and killed him.","Niyan dinmaop kan Absalon in napulo han mga sondalo ni Joab, ngan ginhuman nira an pagpatay kan Absalon."
"The king said, “Stand aside and wait here.” So he stepped aside and stood there.","“Tukdaw anay didto,” ginsiring hiya han hadi, sanglit kinmadto hiya ngan hinmulat."
"Joab was told, “The king is weeping and mourning for Absalom.”",Ginsumatan hi Joab nga nagtangis ngan nagmabidoon tungod kan Absalon hi Hadi David.
"So the king said to Shimei, “You shall not die.” And the king promised him on oath.","Ngan nagsiring hiya kan Simei, “Nagsusumpa ako ha imo nga diri ka papatayon.”"
"The king said to Barzillai, “Cross over with me and stay with me in Jerusalem, and I will provide for you.”","Nagsiring ha iya an hadi, “Upod ha akon ngadto ha Jerusalem ngan pagmamangnoan ko ikaw.”"
"But when Amasa went to summon Judah, he took longer than the time the king had set for him.","Linmakat hi Amasa hin pagtirok ha ira, kundi waray hira bumalik han adlaw nga igintalaan han hadi."
"“Far be it from me!” Joab replied, “Far be it from me to swallow up or destroy!","“Diri gud,” binmaton hi Joab. “Diri gud ako magruruba o magbubungkag han iyo syudad!"
Adoniram was in charge of forced labor; Jehoshaphat son of Ahilud was recorder;,hi Adoram amo an tinaporan han inoripon nga trabaho; hi Josafat nga anak ni Ahilud amo an tinaporan han mga sinurat;
Sheva was secretary; Zadok and Abiathar were priests;,"hi Seva amo an sekretaryo han palasyo; hira Sadoc ug Abiatar amo an mga padi,"
and Ira the Jairite was David’s priest.,ngan usa liwat han kan David kapadian amo hi Ira nga taga bungto han Jair.
"When David was told what Aiah’s daughter Rizpah, Saul’s concubine, had done,","Han paghibaroi ni David han ginbuhat ni Rizpa,"
"When he taunted Israel, Jonathan son of Shimeah, David’s brother, killed him.",Gin-ayat niya an mga Israelita ngan ginpatay hiya ni Jonatan nga anak ni Sama nga bugto ni David.
"He said: “The Lord is my rock, my fortress and my deliverer;","Akon bato, akon kota an Ginoo ngan hiya ha akon nagbawi."
"“I called to the Lord , who is worthy of praise, and have been saved from my enemies.","Natawag ako han Ginoo , takos hiya han akon pagdayeg. Ginggawas ako ha mga kasamokan."
The waves of death swirled about me; the torrents of destruction overwhelmed me.,An mga balod han kamatayon nakalumos ha akon. An mga baha han akon kapukan nakadaog ha akon.
The cords of the grave coiled around me; the snares of death confronted me.,An mga pisi han kamatayon nakahikog ha akon. An mga bitik han kamatayon nakapalisang ha akon.
"The earth trembled and quaked, the foundations of the heavens shook; they trembled because he was angry.",Nabay-og ug nangurog an tuna; nabantad an patukoranan han langit. Kinmurog kay nasina hiya.
He parted the heavens and came down; dark clouds were under his feet.,"Binuksan niya an kalangitan, ngan tuna an iya linusaran, upod in mga dampog nga maitom ha iya mga tiil nailarom."
He mounted the cherubim and flew; he soared on the wings of the wind.,"An anghel an iya sinasakyan, hataas an iya linolupdan. Masukot hiya hikit-an, ha bawbaw han kahanginan."
He made darkness his canopy around him— the dark rain clouds of the sky.,"Tabon niya an kasisidman, mga dampog hin tubig hiya ginugup-an."
Out of the brightness of his presence bolts of lightning blazed forth.,"Mga baga nga naglalahinggab, hin kalayo naulyab."
The Lord thundered from heaven; the voice of the Most High resounded.,"An Ginoo ginmoliat ha kalangitan, han Gihahataasi in tingog hinbatian."
"He shot his arrows and scattered the enemy, with great bolts of lightning he routed them.","Tungod han iya pana hira nagsarang, han kikidlat hira nanadlagan."
“He reached down from on high and took hold of me; he drew me out of deep waters.,Ginggawad ako niya ngan ginggawas ha katubigan ngan ako natalwas.
"He rescued me from my powerful enemy, from my foes, who were too strong for me.","Tikang han mga kaaway gintalwas ako han mga nagdudumot nga mga tawo. Waray ako makaato, kay makusog hira hin duro."
"They confronted me in the day of my disaster, but the Lord was my support.","Ginsulong ako takna nga kakurian, kundi han Ginoo ako ginsalipdan."
He brought me out into a spacious place; he rescued me because he delighted in me.,Gin-agaw ako niya ha kataragman; tungod kay ako iya nalilipayan.
“The Lord has dealt with me according to my righteousness; according to the cleanness of my hands he has rewarded me.,An Ginoo nabalos kay ako matadong; ginpakaupay ako kay di' masupakon.
For I have kept the ways of the Lord ; I am not guilty of turning from my God.,"Balaod han Ginoo ako masugtanon, han Dyos di' ako masinupilon."
All his laws are before me; I have not turned away from his decrees.,"Gintuman ko an mga balaod niya, iya mga sugo waray ko pagsupaka."
I have been blameless before him and have kept myself from sin.,"Maaram gud hiya nga diri ako salaan, nga nadiri ako pagbuhat hin karat-an."
"The Lord has rewarded me according to my righteousness, according to my cleanness in his sight.","Sanglit nabalos kay ako matadong, sayod hiya nga diri ako masupakon."
"to the pure you show yourself pure, but to the devious you show yourself shrewd.","Maputli ka hadton putli ha hunahuna, ngan maisog ka hadton makasasala."
"You save the humble, but your eyes are on the haughty to bring them low.","Gintatalwas mo an mapinaubsanon, ginpapaubos an mapinahitas-on."
"You, Lord , are my lamp; the Lord turns my darkness into light.","Ikaw, O Ginoo , an akon kapawa; an kasisidman ko imo pinapara."
With your help I can advance against a troop ; with my God I can scale a wall.,"Kusog hin pakiaway ha akon imo hinatag, ngan gahom hin mga panalipod pagbungkag."
For who is God besides the Lord ? And who is the Rock except our God?,"An Ginoo gudla an Dyos, hin-o pa man? An Dyos gudla amo an aton darangpan."
It is God who arms me with strength and keeps my way secure.,"Ini nga Dyos madig-on ko nga arayopan, an akon dalan nga waray kataragman."
He makes my feet like the feet of a deer; he causes me to stand on the heights.,"Diri magsasayop an akon mga pitad, sugad han bugsok ha bukid paglakat."
He trains my hands for battle; my arms can bend a bow of bronze.,"Hin pag-away iya ako gintutdoan, hin pagpana akon gin-adman."
You make your saving help my shield; your help has made me great.,"O Ginoo , imo ako ginpanalipdan; Han imo tambulig ako nagamhanan."
"You provide a broad path for my feet, so that my ankles do not give way.","Waray mo itugot nga ako mabihag, nga ako mapukan, ha imo mahibulag."
“I pursued my enemies and crushed them; I did not turn back till they were destroyed.,"Ginlanat, ginpirde an kaaway nakon; ha ira pagbungkag waray ako humunong."
"I crushed them completely, and they could not rise; they fell beneath my feet.","Gintumba ko hira, diri na mabangon; tumba nga pirdedo ha tiilan nakon."
You armed me with strength for battle; you humbled my adversaries before me.,"Hatag ha akon kusog ha pag-awayan, Ha akon kaaway, akon pagdarag-an."
"You made my enemies turn their backs in flight, and I destroyed my foes.",Mga kaaway ko pinalagiw ha akon; an nagdumot ha akon maupay pagpuohon.
"They cried for help, but there was no one to save them— to the Lord , but he did not answer.","Hin tambulig hira nangingita, kundi waray nakakatalwas ha ira. Han Ginoo hira nangaraba, kundi waray hira niya batona."
I beat them as fine as the dust of the earth; I pounded and trampled them like mud in the streets.,"Akon gindudugmok hira ngatanan, tapotapo an ira dinangatan. Akon hira gintatamaktamakan, sugad hin lapok ha kadalanan."
"foreigners cower before me; as soon as they hear of me, they obey me.","Mga lumalangyaw ha akon nahapa, nasugot gud dayon kon nabati hira."
They all lose heart; they come trembling from their strongholds.,"Nangurog hin kahadlok mga lumalangyaw, paggawas ha kota, kay hira nagtalaw."
"He is the God who avenges me, who puts the nations under me,","Akon pagdarag-an iya ginhatag, akon kaaway iya ginbihag. Akon nasakop an mga tawo,"
“The Spirit of the Lord spoke through me; his word was on my tongue.,Naghihimangraw pinaagi ha akon an Espiritu han Ginoo ; aanhi han akon mga im-im an iya mensahe.
"Was he not held in greater honor than the Three? He became their commander, even though he was not included among them.","Hiya an labi kabantogan han “An Traynta,” ngan nahimo nga ira pangulo, kundi diri hiya sugad kabantogan han “An Tutulo.”"
"So David went up, as the Lord had commanded through Gad.",Gintuman ni David an sugo han Ginoo ngan kinmadto hiya sumala han iginsiring ha iya ni Gad.
Grace and peace to you from God the Father and the Lord Jesus Christ.,Tagan unta kamo han Dyos Amay ngan han Ginoo Jesu-Cristo han grasya ngan kamurayaw.
God is just: He will pay back trouble to those who trouble you,"Bubuhaton han Dyos an matadong: papapag-antoson niya an mga nagpapaantos ha iyo,"
Don’t you remember that when I was with you I used to tell you these things?,Diri ba kamo nahinunumdom? Ginsumatan ko kamo hini ngatanan samtang nakada pa ako ha iyo.
For this reason God sends them a powerful delusion so that they will believe the lie,"Tungod hini itinugot han Dyos nga kalimbongan hira ngan tumoo hira han mga buwa,"
and so that all will be condemned who have not believed the truth but have delighted in wickedness.,"basi paghukman ha karat-an an ngatanan nga waray tumoo han kamatuoran, kundi nagpatakas la hin pagpinakasala."
"But the Lord is faithful, and he will strengthen you and protect you from the evil one.",Kundi katataporan an Ginoo. Paririg-unon kamo niya ngan pananalipdan kamo han mga karat-an han Yawa.
May the Lord direct your hearts into God’s love and Christ’s perseverance.,"Hinaot unta nga bantaron han Ginoo an iyo mga kasingkasing hin paghigugma han Dyos, ngan hin pag-ilob nga ginhatag ni Cristo."
"For you yourselves know how you ought to follow our example. We were not idle when we were with you,",Maaram kamo ngahaw nga kinahanglan niyo buhaton an amon ginbuhat. Diri kami mga hubya han nakada pa kami ha iyo.
"And as for you, brothers and sisters, never tire of doing what is good.","Kundi, kabugtoan, kinahanglan diri kamo gul-an hin pagbuhat han maupay."
"Yet do not regard them as an enemy, but warn them as you would a fellow believer.","Kundi ayaw isipa hiya nga kaaway; lugod, sagdoni hiya sugad hin usa nga bugto."
The grace of our Lord Jesus Christ be with you all.,Maada unta ha iyo ngatanan an grasya han aton Ginoo Jesu-Cristo.
"Recalling your tears, I long to see you, so that I may be filled with joy.","Nahinunumdom ako han imo mga luha, ngan karuyag ko gud makigkita ha imo, basi magmalipayon ako."
And of this gospel I was appointed a herald and an apostle and a teacher.,"Gintungdan ako han Dyos hin pagsangyaw han Maupay nga Sumat sugad nga apostol ngan magturutdo,"
Guard the good deposit that was entrusted to you—guard it with the help of the Holy Spirit who lives in us.,"Tipigi an mag-upay nga mga butang nga igintapod ha imo, pinaagi han gahom han Espiritu Santo nga nag-uukoy dinhe ha aton."
"You know that everyone in the province of Asia has deserted me, including Phygelus and Hermogenes.","Maaram ka nga hira ngatanan didto ha lalawigan han Asia, upod hira Figelo ug Hermogenes tinmalikod ha akon."
"On the contrary, when he was in Rome, he searched hard for me until he found me.","kundi han pag-abot niya ha Roma, ginpinamiling ako niya dayon tubtob nga hin-agian ako niya."
"You then, my son, be strong in the grace that is in Christ Jesus.","Mahitungod ha imo, anak ko, pagmakusog pinaagi han gahom nga naangkon ta dida ha pakig-usa kan Cristo Jesus."
"Join with me in suffering, like a good soldier of Christ Jesus.",Pakig-angbit hin pag-antos sugad hin mainugopon nga sondalo ni Cristo Jesus.
"Similarly, anyone who competes as an athlete does not receive the victor’s crown except by competing according to the rules.","Adton nadalagan dida hin paisan-isan diri man makakadaog han primyo, gawas kon sundon niya an mga turumanon han uyag."
The hardworking farmer should be the first to receive a share of the crops.,An parauma nga nagkabudlay hin dako kinahanglan amo an makaangkon han syahan nga bahin han inani.
"Reflect on what I am saying, for the Lord will give you insight into all this.","Paghunahunaa kon ano an karuyag ko sidngon, kay an Ginoo mabulig ha imo hin pakasabot han ngatanan nga mga butang."
"Remember Jesus Christ, raised from the dead, descended from David. This is my gospel,","Hinumdomi hi Jesu-Cristo nga tulin ni David, nga ginbanhaw, sumala han Maupay nga Sumat nga akon iginwali."
"Here is a trustworthy saying: If we died with him, we will also live with him;","Matuod ini nga darahunon: “Kon mamatay kita upod ha iya, mabubuhi man kita upod ha iya."
"if we endure, we will also reign with him. If we disown him, he will also disown us;","Kon magpadayon kita hin pag-ilob, maghahadi man kita upod ha iya. Kon iglirong ta hiya, iglilirong man kita niya."
"if we are faithless, he remains faithful, for he cannot disown himself.","Kon diri kita magmatinumanon, nagpapadayon gihapon hiya kamatinumanon, kay diri hiya matipa han iya kalugaringon.”"
"Avoid godless chatter, because those who indulge in it will become more and more ungodly.","Likayi an diri dyosnon nga linurong nga mga larolantugi, nakakapahirayo sa Dyos han mga tawo."
"Their teaching will spread like gangrene. Among them are Hymenaeus and Philetus,",An ira igintututdo nasusugad hin kapithok nga nagkukutkot han unod. Duha ini nga mga magturutdo amo hira Himeneo ug Fileto.
"And the Lord’s servant must not be quarrelsome but must be kind to everyone, able to teach, not resentful.","An surugoon han Ginoo kinahanglan diri makig-away. Kinahanglan maloloy-on hiya ha ngatanan, maupay ngan mailobon nga magturutdo,"
But mark this: There will be terrible times in the last days.,Tigamni ini! Magmamakuri an panahon ha kataposan nga mga adlaw.
"treacherous, rash, conceited, lovers of pleasure rather than lovers of God—","magmamalingo hira, magpapasagad la hira ngan malabyaw asay lugod nira hihigugmaon an kalipayan, diri an Dyos;"
having a form of godliness but denying its power. Have nothing to do with such people.,"magpapakita hira nga daw mainampoon, kundi ira isasalikway an tinuod nga gahom han tuloohan. Pahirayo hini nga mga tawo."
always learning but never able to come to a knowledge of the truth.,"kababayen-an nga dayuday nagtitinguha pag-aram, kundi diri gud nakakasabot han kamatuoran."
"In fact, everyone who wants to live a godly life in Christ Jesus will be persecuted,",Pagpapakurian manta an ngatanan nga karuyag mag-ukoy hin dyosnon nga kinabuhi dida ha pakig-usa kan Cristo Jesus;
"while evildoers and impostors will go from bad to worse, deceiving and being deceived.","kundi an magraot nga mga tawo magpapadayon hin paghingaraot, maglilimbong hira han iba, ngan kalilimbongan man liwat hira."
so that the servant of God may be thoroughly equipped for every good work.,basi an tawo nga nag-aalagad han Dyos matakos ngan masangkap hin hingpit nga pagtuman han ngatanan nga mag-upay nga mga buhat.
They will turn their ears away from the truth and turn aside to myths.,"Magpapakabungol hira han kamatuoran, ngan asay lugod nira pamamatian an hinimohimo nga mga susumaton."
"For I am already being poured out like a drink offering, and the time for my departure is near.","An para ha akon, inmabot na an takna hin paghalad han akon kalugaringon, aanhi na an panahon nga mabaya ako hini nga kinabuhi."
"I have fought the good fight, I have finished the race, I have kept the faith.","Ginbuhat ko tubtob han akon maabot dida han paisan-isan, ngan natapos ko gud ini, gintipigan ko an pagtoo."
"Do your best to come to me quickly,",Talinguhaa gud nga magdali ka hin pagkadi ha akon.
I sent Tychicus to Ephesus.,Ginpakadto ko ha Efeso hi Tiquico.
"You too should be on your guard against him, because he strongly opposed our message.",Paghirot liwat kamo ha iya kay natipa gud hiya han aton mensahe.
Greet Priscilla and Aquila and the household of Onesiphorus.,"Nangungumosta ako kanda Priscila ug Aquila, ngan han panimalay ni Onesiforo."
"Erastus stayed in Corinth, and I left Trophimus sick in Miletus.","Nagpabilin ha Corinto hi Erasto, ngan iginbilin ko ha Mileto hi Trofimo, kay nasakit hiya."
The Lord be with your spirit. Grace be with you all.,An Ginoo maada unta ha iyo. An grasya han Dyos maada ha iyo ngatanan.
"The elder, To my dear friend Gaius, whom I love in the truth.",Tikang han usa nga Tigurang han singbahan— Ngadto han akon minahal nga Gayo nga hinigugma ko hin tinuod.
I have no greater joy than to hear that my children are walking in the truth.,Waray na labaw nga nakakalipay ha akon kay hin pakabati nga an akon mga anak nag-uokoy dida han kamatuoran.
"It was for the sake of the Name that they went out, receiving no help from the pagans.","An tuyo han ira paglakaton amo an pag-alagad kan Cristo, ngan waray kumarawat hin bulig tikang han diri mga magtinuohon."
We ought therefore to show hospitality to such people so that we may work together for the truth.,"Sanglit, an mga Cristianos kinahanglan bumulig hini nga mga tawo, basi makaangbit kita han ira buruhaton para han kamatuoran."
"I have much to write you, but I do not want to do so with pen and ink.","Damo pa an akon isurumat ha imo, kundi gabay ko diri ipaagi hin pagsurat."
"I hope to see you soon, and we will talk face to face.","Naglalaom ako hin pakigkita dayon ha imo, ngan maghihimangraw na la kita nga duha."
He was one of our number and shared in our ministry.”,"Kaapi ini hi Judas han amon hugpo, kay ginpili hiya nga kabahin han amon buruhaton.” ("
So they nominated two men: Joseph called Barsabbas (also known as Justus) and Matthias.,"Sanglit igintuboy nira in duha nga lalake: hi Jose nga an ngaran Barsabas (gintawag liwat nga Justo), ngan hi Matias."
"to take over this apostolic ministry, which Judas left to go where he belongs.”",nga masaliwan kan Judas hin pagka-apostol nga binayaan niya han pagkadto niya han dapit nga angay ha iya.”
"Then they cast lots, and the lot fell to Matthias; so he was added to the eleven apostles.","Katapos ginripa nira an duha nga mga ngaran, ngan hi Matias amo an napili. Igindugang hiya han hugpo han onse nga mga apostoles."
"When the day of Pentecost came, they were all together in one place.","Han pag-abot na han adlaw han Pentecostes, nagkatitirok an ngatanan nga mga magtinuohon ha usa nga dapit."
They saw what seemed to be tongues of fire that separated and came to rest on each of them.,Ngan nakakita hira hin sugad hin mga dila nga kalayo nga hinmugdon ha kada usa ha ira.
Now there were staying in Jerusalem God-fearing Jews from every nation under heaven.,"Nag-uokoy didto ha Jerusalem in mga Judiyo nga mag-inampoon, mga tawo nga tikang ha magkalainlain nga mga nasod han kalibutan."
"Utterly amazed, they asked: “Aren’t all these who are speaking Galileans?","Nagsiring hira ha dako nga paghipausa, “Diri ba mga taga-Galilea ini ngatanan nga nagyayakan?"
Then how is it that each of us hears them in our native language?,Naunan-o man nga nakabati kita ngatanan ha ira nga nagyayakan han aton tagsa nga kalugaringon nga yinaknan?
"Amazed and perplexed, they asked one another, “What does this mean?”","Ha ira paghipausa ngan kagupong, naggiparopakiana hira, “Ano ba an karuyag sidngon hini?”"
"Some, however, made fun of them and said, “They have had too much wine.”","Kundi an mga magtinuohon gin-intrimisan han iba ha ira ngan nagsiring, “Mga hubog ini nga mga tawo!”"
"These people are not drunk, as you suppose. It’s only nine in the morning!","Diri hubog ini nga mga tawo sugad han iyo paghunahuna, kay alas nuybe pa la ha aga yana."
"No, this is what was spoken by the prophet Joel:",Kundi amo ini an iginsiring han manaragna nga hi Joel:
And everyone who calls on the name of the Lord will be saved.’,Ngan onina matatalwas an bisan hin-o nga magsangpit han Ginoo hin pakibulig.’
You have made known to me the paths of life; you will fill me with joy in your presence.’,Iginpakita mo ha akon an mga agianan tipakadto ha kinabuhi; ngan magpupuno ha akon hin kalipay an imo pakig-usa ha akon.’
"God has raised this Jesus to life, and we are all witnesses of it.","Ginbanhaw han Dyos ini ngahaw nga Jesus, ngan mga saksi kami hini ngatanan."
until I make your enemies a footstool for your feet.” ’,tubtob nga himoon ko an imo mga kaaway nga taramakan han imo mga tiil.’
"Those who accepted his message were baptized, and about three thousand were added to their number that day.","Damo ha ira in tinmoo han iya mensahe ngan ginbunyagan hira. Mga 3,000 nga mga tawo an nahidugang han hugpo hito nga adlaw."
Everyone was filled with awe at the many wonders and signs performed by the apostles.,Ginbuhat in damo nga mga milagro ngan mga urosahon pinaagi han mga apostoles ngan nakapatingala ini han ngatanan.
One day Peter and John were going up to the temple at the time of prayer—at three in the afternoon.,"Usa ka adlaw kinmadto ha Templo hira Pedro ug Juan alas tres ha kulop, an takna han pag-ampo."
"When he saw Peter and John about to enter, he asked them for money.","Han pakakita niya kanda Pedro ug Juan nga nasulod, nakilimos hiya ha ira."
"Peter looked straight at him, as did John. Then Peter said, “Look at us!”","Tinutokan hiya nira ngan nagsiring hi Pedro, “Siplat ha amon!”"
"So the man gave them his attention, expecting to get something from them.",Sanglit sinmiplat hiya ha ira nga naglalaom nga lilimosan hiya.
"When all the people saw him walking and praising God,",An ngatanan nakakita ha iya nga naglalakat ngan nagdadayaw han Dyos;
You disowned the Holy and Righteous One and asked that a murderer be released to you.,"Baraan ngan matadong hiya, kundi ginsalikway hiya niyo, ngan iyo lugod pinangaro kan Pilato nga buhian niya an usa nga kriminal."
"You killed the author of life, but God raised him from the dead. We are witnesses of this.","Ginpatay niyo an Burabod han Kinabuhi, kundi ginbanhaw hiya han Dyos, ngan mga saksi kami hini."
Anyone who does not listen to him will be completely cut off from their people.’,"An diri magtuman han igyayakan hadto nga manaragna, igbubulag hira tikang han katawhan han Dyos ngan pupuohon hira.’"
"They seized Peter and John and, because it was evening, they put them in jail until the next day.",Sanglit gindakop hira ngan ginpriso ngada han pagkasunod nga adlaw kay tikagab-i na adto.
But many who heard the message believed; so the number of men who believed grew to about five thousand.,"Kundi tinmuo in damo han nagpakabati han mensahe, ngan inmabot na hin mga 5,000 an mga tawo."
"The next day the rulers, the elders and the teachers of the law met in Jerusalem.","Han pagkabuwas nagkatirok didto ha Jerusalem an mga pangulo nga Judiyo, an katigurangan, ngan an mga magturutdo han Balaod."
"Then Peter, filled with the Holy Spirit, said to them: “Rulers and elders of the people!","Binmaton hi Pedro nga puno han Espiritu Santo, “Mga pangulo han mga tawo ngan mga katigurangan:"
"But since they could see the man who had been healed standing there with them, there was nothing they could say.",Kundi waray gud nira sadang igriwa kay nakita hira han tawo nga naupay na nga natindog upod nira Pedro ug Juan.
So they ordered them to withdraw from the Sanhedrin and then conferred together.,"Sanglit ginpagawas hira han ruwang han Labaw nga Hukmanan ngan naghirohimangraw hin hira la,"
"As for us, we cannot help speaking about what we have seen and heard.”",Kay diri kami kapupugngan hin pagyakan han amon hinkit-an ngan hinbatian.”
For the man who was miraculously healed was over forty years old.,Sobra na hin 40 ka tuig an edad han tawo nga ginbuhatan hini nga milagro hin pagtambal.
The kings of the earth rise up and the rulers band together against the Lord and against his anointed one. ’,"Nag-andam an kahadian han tuna, ngan nagkatirok an mga punoan kontra han Ginoo ngan han iya Mesiyas.’"
They did what your power and will had decided beforehand should happen.,"Nagkaurosa hira hin pagbuhat han bisan ano, nga pinaagi han imo gahom ug pagbuot, imo na nga daan ginlarang nga mahinanabo."
"Then some young men came forward, wrapped up his body, and carried him out and buried him.","Dinmaop an mga batan-on nga kalalaken-an, ginputos an iya lawas, gindara hiya ha gawas, ngan iginlubong."
"About three hours later his wife came in, not knowing what had happened.","Pag-agi hin mga tulo ka oras, sinmulod an iya asawa, kundi diri hiya maaram han nahinabo."
Great fear seized the whole church and all who heard about these events.,Duro gud an kahadlok han bug-os nga singbahan ngan han ngatanan nga nagpakabati hini.
"No one else dared join them, even though they were highly regarded by the people.",Waray taga gawas han hugpo nga nagpasipara hin pagtampo ha ira bisan kon hitaas an pagtahod ha ira han mga tawo.
"Nevertheless, more and more men and women believed in the Lord and were added to their number.",Kundi nagtikadamo an mga tawo nga nahidugang han ira hugpo—kadam-an nga kalalaken-an ngan kababayen-an nga tinmoo han Ginoo.
They arrested the apostles and put them in the public jail.,Gindakop nira an mga apostoles ngan iginsulod ha prisohan.
"“Go, stand in the temple courts,” he said, “and tell the people all about this new life.”",“Kadto ngan tindog kamo didto ha Templo ngan pagsumati an mga tawo mahitungod hini nga bag-o nga kinabuhi.”
The apostles were brought in and made to appear before the Sanhedrin to be questioned by the high priest.,"Ginpasulod nira an mga apostoles, ginpaatubang han Labaw nga Hukmanan, ngan ginpakianhan hira han Labaw nga Padi."
Peter and the other apostles replied: “We must obey God rather than human beings!,"Binmaton hi Pedro ngan an iba nga mga apostoles, “Kinahanglan pagsugton namon an Dyos, diri an mga tawo."
The God of our ancestors raised Jesus from the dead—whom you killed by hanging him on a cross.,Nagbanhaw kan Jesus an Dyos han amon kaapoy-apoyan kahuman niyo pataya hiya pinaagi hin pagraysangan ha iya ha kros.
"We are witnesses of these things, and so is the Holy Spirit, whom God has given to those who obey him.”",Mga saksi kami hini nga mga butang—kami ngan an Espiritu Santo nga amo an hatag han Dyos hadton mga nagsusugot ha iya.”
"When they heard this, they were furious and wanted to put them to death.","Han pakabati hini han mga kaapi han Labaw nga Hukmanan, uraura gud an ira kasina, nga karuyag nira ipapatay an mga apostoles."
and will give our attention to prayer and the ministry of the word.”,Tungod hini magagamit namon an amon bug-os nga panahon hin pag-ampo ngan pagwali.”
"They presented these men to the apostles, who prayed and laid their hands on them.","Gindara hira han hugpo ngadto han mga apostoles, ngan an mga apostoles nag-ampo ngan nagpandong han ira mga kamot ha ira."
But they could not stand up against the wisdom the Spirit gave him as he spoke.,"Kundi an Espiritu naghatag kan Esteban hin dako nga kinaadman, sanglit waray gud hira makakabaton ha iya."
"Then the high priest asked Stephen, “Are these charges true?”","Nagpakiana kan Esteban an Labaw nga Padi, “Matuod ba ini?”"
"‘Leave your country and your people,’ God said, ‘and go to the land I will show you.’","Ngan ginsiring hiya, ‘Bayai an imo panimalay ngan an imo nasod ngan kadto han tuna nga igpapakita ko ha imo.’"
"On their second visit, Joseph told his brothers who he was, and Pharaoh learned about Joseph’s family.","Han ikaduha nira nga pagkadto, nagpakilala hi Jose han iya kabugtoan, ngan nakilala ni Paraon an panimalay ni Jose."
"Then Jacob went down to Egypt, where he and our ancestors died.",Ngan kinmadto hi Jacob ha Ehipto diin namatay hiya ngan an iya mga anak.
"Then ‘a new king, to whom Joseph meant nothing, came to power in Egypt.’",Niyan may sinmaliwan hin paghadi ha Ehipto nga diri nakilala kan Jose.
Moses was educated in all the wisdom of the Egyptians and was powerful in speech and action.,"Gintutdoan hi Moises han ngatanan nga kinaadman han mga taga-Ehipto, ngan nagin bantogan hiya ha pulong ug ha buhat."
"“When Moses was forty years old, he decided to visit his own people, the Israelites.",“Han 40 na ka tuig an edad ni Moises naghunahuna hiya hin pagduaw han iya mga igkasi-Israelita.
Are you thinking of killing me as you killed the Egyptian yesterday?’,Buot mo ba patayon ako sugad han pagpatay mo han Ehiptohanon kakulop?’
who enjoyed God’s favor and asked that he might provide a dwelling place for the God of Jacob.,"Nakalipay han Dyos hi David, ngan naghangyo hiya han Dyos nga tugotan hiya hin pagtindog hin urokyan han Dyos ni Jacob."
But it was Solomon who built a house for him.,Kundi hi Solomon na an nagtindog hini nga balay.
"“However, the Most High does not live in houses made by human hands. As the prophet says:",“Kundi diri nag-uokoy an Labi ka Harangdon nga Dyos ha mga balay nga gintindog hin mga tawo; sumala han siring han manaragna:
Has not my hand made all these things?’,Diri ba ako ngahaw an naghimo hini ngatanan nga mga butang?’
you who have received the law that was given through angels but have not obeyed it.”,"Hi kamo an kinmarawat han Balaod han Dyos nga iginhatag pinaagi hin mga anghel, kundi waray ini niyo pagtumana!”"
"“Look,” he said, “I see heaven open and the Son of Man standing at the right hand of God.”","Nagsiring hiya, “Kitaa, nakita ako nga nabuksan an langit ngan an Anak han Tawo nga natindog ha tuo han Dyos!”"
"At this they covered their ears and, yelling at the top of their voices, they all rushed at him,","Sinagpo han ira mga kamot an ira mga talinga upod in paggoliat, ngan nagdurungan hira ngatanan hin pagdasmag ha iya."
"While they were stoning him, Stephen prayed, “Lord Jesus, receive my spirit.”","Ginbinato nira hi Esteban samtang nag-aampo hiya han Ginoo nga nasiring, “Ginoo nga Jesus, karawata an akon espiritu!”"
Those who had been scattered preached the word wherever they went.,An nagkaburublag nga mga magtinuohon napakadto ha magkalainlain nga dapit ngan nagpasangyaw han mensahe.
Philip went down to a city in Samaria and proclaimed the Messiah there.,Kinmadto hi Felipe ha syudad ha Samaria ngan didto iginwali niya ha mga tawo an Mesiyas.
So there was great joy in that city.,Sanglit nagkamay-ada dako nga kalipay ha bug-os nga Samaria.
They followed him because he had amazed them for a long time with his sorcery.,"Sulod hin maiha nga panahon nakapahiburong hiya ha ira tungod han iya salamangka, sanglit pinamatian gud hiya nira."
"When they arrived, they prayed for the new believers there that they might receive the Holy Spirit,","Han pag-abot nira, nag-ampo hira para han mga magtinuohon basi makarawat nira han Espiritu Santo."
because the Holy Spirit had not yet come on any of them; they had simply been baptized in the name of the Lord Jesus.,Kay waray pa man kumunsad an Espiritu Santo ha bisan usa ha ira; ginbunyagan la hira ha ngaran han Ginoo nga Jesus.
"Then Peter and John placed their hands on them, and they received the Holy Spirit.","Niyan iginpandong nira Pedro ug Juan an ira mga kamot ha ira, ngan kinarawat nira an Espiritu Santo."
"You have no part or share in this ministry, because your heart is not right before God.",Waray ka bahin o labot han amon buruhaton kay diri matadong an imo kasingkasing ha atubangan han Dyos.
For I see that you are full of bitterness and captive to sin.”,Kay kinikita ko nga duro gud an imo kaawa ngan napripriso ka han sala.”
"The Spirit told Philip, “Go to that chariot and stay near it.”","Nagsiring kan Felipe an Espiritu Santo, “Kadtoa ngan duoka ito nga karuwahe.”"
Then Philip began with that very passage of Scripture and told him the good news about Jesus.,Sanglit gin-asoyan hiya ni Felipe han Maupay nga Sumat mahitungod kan Jesus tikang gud dinhe hini nga bahin han Kasuratan.
"As he neared Damascus on his journey, suddenly a light from heaven flashed around him.","Han nagtitikahirani na hi Saulo han syudad han Damasco, tigda la nga nalukop hiya hin kapawa nga tikang ha langit."
"He fell to the ground and heard a voice say to him, “Saul, Saul, why do you persecute me?”","Natumba hiya ngan hinbatian niya in tingog nga nasiring ha iya, “Saulo, Saulo, kay ano nga ginpapakurian mo ako?”"
"“Who are you, Lord?” Saul asked. “I am Jesus, whom you are persecuting,” he replied.","Nagpakiana hiya, “Hin-o ka ba, Ginoo?” Binmaton an tingog, “Amo ako hi Jesus nga imo ginpapakurian."
"“Now get up and go into the city, and you will be told what you must do.”","Buhat ngan pakadto ha syudad, ngan didto pagsusumatan ka kon ano an imo pagbubuhaton.”"
"For three days he was blind, and did not eat or drink anything.","Sulod hin tulo ka adlaw waray hiya pakakita, ngan hito nga panahon waray hiya kumaon o uminom."
I will show him how much he must suffer for my name.”,Ngan ako ngahaw an magpapakita ha iya han ngatanan nga iya pag-aantoson tungod ha akon.”
At once he began to preach in the synagogues that Jesus is the Son of God.,Kinmadto dayon hiya ha mga sinagoga ngan nagwali nga hi Jesus amo an Anak han Dyos.
"After many days had gone by, there was a conspiracy among the Jews to kill him,","Paglabay hin damo nga mga adlaw, nagkatirok an mga Judiyo ngan naglarang hira hin pagpatay kan Saulo;"
but Saul learned of their plan. Day and night they kept close watch on the city gates in order to kill him.,kundi hinbaroan ini niya. Ginbantayan nira adlaw gab-i an mga portahan han syudad basi patayon hiya.
"When the believers learned of this, they took him down to Caesarea and sent him off to Tarsus.","Han paghibaro han mga magtinuohon mahitungod hini, gindara nira hi Saulo ngadto ha Cesarea, ngan ginpakadto hiya ha Tarso."
All those who lived in Lydda and Sharon saw him and turned to the Lord.,"Nakakita ha iya an ngatanan nga mga tawo nga nag-uokoy ha Lida ngan ha Saron, ngan tinmoo hira han Ginoo."
"This became known all over Joppa, and many people believed in the Lord.","Nahibantog ini ha bug-os nga Jope, ngan damo nga mga tawo in tinmoo han Ginoo."
Peter stayed in Joppa for some time with a tanner named Simon.,Nagpabilin hi Pedro ha Jope sulod hin pira pa ka adlaw upod kan Simon nga paratina hin anit.
"At Caesarea there was a man named Cornelius, a centurion in what was known as the Italian Regiment.","May usa ka tawo ha Cesarea nga ginngangaranan kan Cornelio, usa nga kapitan han kasondalohan nga Italyano."
Now send men to Joppa to bring back a man named Simon who is called Peter.,"Ngan yana pagsugo hin mga tawo ngadto ha Jope hin pakigkita hin usa ka tawo, hi Simon, nga ginngangaranan kan Pedro."
"He is staying with Simon the tanner, whose house is by the sea.”","Aadto nalungon hiya kan Simon nga paratina hin anit, nga an balay aada ha ligid han dagat.”"
He told them everything that had happened and sent them to Joppa.,Ginsumatan niya hira han nahinabo ngan ginpakadto hira ha Jope.
"He became hungry and wanted something to eat, and while the meal was being prepared, he fell into a trance.","Ginutom hiya ngan karuyag kumaon. Samtang gin-aandam an pagkaon, nakakita hiya hin panan-awon."
"It contained all kinds of four-footed animals, as well as reptiles and birds.","Nakada sulod hini an ngatanan nga mga mananap nga naglalakat ngan nagkakamang, ngan ihalas nga katamsihan."
"Then a voice told him, “Get up, Peter. Kill and eat.”","May tingog nga nagsiring ha iya, “Tindog, Pedro; pag-ihaw ngan kaon!”"
"The voice spoke to him a second time, “Do not call anything impure that God has made clean.”","Nagyakan liwat an tingog ha iya, “Ayaw paghunahunaa nga mahugaw an bisan ano nga ginsiring na han Dyos nga malinis.”"
"This happened three times, and immediately the sheet was taken back to heaven.","Nahinabo ini makatulo, ngan kahuman, iginbalik an iya hinkit-an ngadto ha langit."
"They called out, asking if Simon who was known as Peter was staying there.","Nagsangpit hira ngan nagpakiana, “May sumasaka ba dinhe nga ginngangaranan kan Simon Pedro?”"
"So get up and go downstairs. Do not hesitate to go with them, for I have sent them.”",Sanglit lusad ngan ayaw pag-alang hin pag-upod ha ira kay akon hira ginsugo.”
"As Peter entered the house, Cornelius met him and fell at his feet in reverence.","Han tisakob na hi Pedro, gintapo hiya ni Cornelio nga linmuhod ngan yimukbo ha iya atubangan."
"But Peter made him get up. “Stand up,” he said, “I am only a man myself.”","Kundi ginpabuhat hiya ni Pedro ngan ginsiring, “Tindog; tawo la ako pareho man ha imo.”"
"While talking with him, Peter went inside and found a large gathering of people.",Nakighinimangraw hi Pedro kan Cornelio samtang nasulod hiya han balay diin hinkit-an niya in damo nga mga tawo nga nagkatirok.
"and said, ‘Cornelius, God has heard your prayer and remembered your gifts to the poor.",ngan nagsiring: ‘Cornelio! Pinamatian han Dyos an imo mga pag-ampo ngan nahinumdoman an imo mga buhat ha kalooy.
Then Peter began to speak: “I now realize how true it is that God does not show favoritism,"Nagtikang hi Pedro hin pamulong, “Hinsasabtan ko na yana nga matuod gud man nga waray han Dyos pinalabi."
but accepts from every nation the one who fears him and does what is right.,"Kinakarawat niya an may kahadlok ha iya ngan nagbubuhat han matadong, bisan kon ano nga tulin hin katawhan hiya."
but God raised him from the dead on the third day and caused him to be seen.,"Kundi ginbanhaw hiya han Dyos ha ikatulo ka adlaw, ngan pinmakita hiya,"
"While Peter was still speaking these words, the Holy Spirit came on all who heard the message.","Samtang nagyayakan pa hi Pedro, kinmunsad an Espiritu Santo ngada han ngatanan nga namamati han iya mensahe."
"and said, “You went into the house of uncircumcised men and ate with them.”",“Kay ano nga nakig-usa ka hadton diri tinori nga mga Hentil ngan nakigsaro ka pa ngani ha ira?”
"Starting from the beginning, Peter told them the whole story:",Sanglit iginsaysay ha ira hin tukib ni Pedro an nahinabo tikang gud ha tinikangan:
"Then I heard a voice telling me, ‘Get up, Peter. Kill and eat.’","Niyan nakabati ako hin tingog nga nagsiring ha akon, ‘Pedro, tindog; pag-ihaw ngan kaon!’"
"“The voice spoke from heaven a second time, ‘Do not call anything impure that God has made clean.’","Nagyakan liwat an tingog tikang ha langit, ‘Ayaw paghunahunaa nga mahugaw in bisan ano nga ginsiring na han Dyos nga malinis.’"
"This happened three times, and then it was all pulled up to heaven again.","Nahinabo ini makatulo ngan kahuman, iginbalik an akon hinkit-an ngadto ha langit."
“Right then three men who had been sent to me from Caesarea stopped at the house where I was staying.,Hito manta nga takna inmabot ha balay nga akon sinak-an in tulo ka tawo nga ginsugo tikang ha Cesarea.
He will bring you a message through which you and all your household will be saved.’,Magyayakan hiya ha iyo hin mga pulong nga makakatalwas ha imo ngan han bug-os mo nga panimalay.’
"The Lord’s hand was with them, and a great number of people believed and turned to the Lord.","Nakada ha ira an gahom han Ginoo, ngan tinmoo in damo kaupay nga mga tawo, ngan nakabig hira ngadto ha Ginoo."
"News of this reached the church in Jerusalem, and they sent Barnabas to Antioch.","Inmabot ha singbahan ha Jerusalem an sumat mahitungod hini, sanglit ginsugo nira hi Bernabe ngadto ha Antioquia."
"Then Barnabas went to Tarsus to look for Saul,",Niyan kinmadto hi Bernabe ha Tarso hin pagbiling kan Saulo.
During this time some prophets came down from Jerusalem to Antioch.,Hadto nga panahon inmabot ha Antioquia in mga manaragna nga tikang ha Jerusalem.
"This they did, sending their gift to the elders by Barnabas and Saul.","Ginbuhat nira ini, ngan ginpadara nira an kwarta kanda Bernabe ug Saulo ngadto han mga katigurangan han singbahan."
"It was about this time that King Herod arrested some who belonged to the church, intending to persecute them.",Hini nga panahon nagtikang hi Hadi Herodes hin pagpakurii in pira nga mga kaapi han singbahan.
"He had James, the brother of John, put to death with the sword.",Iginpapatay niya pinaagi hin espada hi Santiago nga bugto ni Juan.
"But Peter kept on knocking, and when they opened the door and saw him, they were astonished.","Nagpadayon hin pagtuktok hi Pedro, ngan han pag-abrehi na nira han porta ngan han pakakita nira ha iya, nahipausa hira."
"In the morning, there was no small commotion among the soldiers as to what had become of Peter.",Han pagkaaga na duro an kalisang han mga gwardya kon ano an nahinabo kan Pedro.
"They shouted, “This is the voice of a god, not of a man.”","Naggoliat an mga tawo, “Diri ini tawo nga nagyayakan, kundi usa nga diyos!”"
But the word of God continued to spread and flourish.,Nagpadayon hin paglurab ngan pagtubo an pulong han Dyos.
"Then Saul, who was also called Paul, filled with the Holy Spirit, looked straight at Elymas and said,","Niyan hi Saulo—nga kinikilala liwat nga Pablo, nga puno han Espiritu Santo, sinmiplat hiya han salamangkero,"
for about forty years he endured their conduct in the wilderness;,ngan sulod hin 40 ka tuig gin-ilob niya hira didto ha kamingawan.
"and he overthrew seven nations in Canaan, giving their land to his people as their inheritance.","Ginbungkag niya in pito nga mga nasod didto ha tuna han Canaan, ngan ginhatag ini ha ira ngan ginpatag-iya hira hini nga tuna."
"“From this man’s descendants God has brought to Israel the Savior Jesus, as he promised.",Hi Jesus nga tulin ni David amo an ginhimo han Dyos nga Magtaralwas han katawhan han Israel sumala han iya iginsaad.
"But God raised him from the dead,","Kundi ginbanhaw hiya han Dyos,"
But the one whom God raised from the dead did not see decay.,Kundi waray ini mahinabo nga pagkadunot ngadto han ginbanhaw han Dyos.
Take care that what the prophets have said does not happen to you:,Sanglit pagbantay kamo basi diri mahinabo ha iyo an iginsiring han mga manaragna:
On the next Sabbath almost the whole city gathered to hear the word of the Lord.,Han pagkasunod nga Adlaw nga Iparahuway an haros ngatanan nga mga tawo han bungto kinmadto pamati han pulong han Ginoo.
The word of the Lord spread through the whole region.,Naglurab an pulong han Ginoo ha ngatanan nga dapit didto hito nga tuna.
So they shook the dust off their feet as a warning to them and went to Iconium.,"Ginpaspas han mga Apostoles an tapotapo han ira mga tiil nga tigaman han ira pagriwa, ngan nagpadayon hira ngadto ha Iconio."
And the disciples were filled with joy and with the Holy Spirit.,"Duro an kalipay han mga magtinuohon ha Antioquia, ngan napuno hira han Espiritu Santo."
But the Jews who refused to believe stirred up the other Gentiles and poisoned their minds against the brothers.,"Kundi an mga Hentil gintukso han mga Judiyo nga diri natoo, sanglit nasina hira han mga magtinuohon."
"The people of the city were divided; some sided with the Jews, others with the apostles.",Nabahin an mga tawo han syudad: may inmugop han mga Judiyo ngan may-ada man liwat inmugop han mga apostoles.
where they continued to preach the gospel.,Didto iginwali nira an Maupay nga Sumat.
"and called out, “Stand up on your feet!” At that, the man jumped up and began to walk.","ngan ginsiring ha dako nga tingog, “Tadong hin pagtindog!” Linmukso an tawo ngan naglinakatlakat."
"Barnabas they called Zeus, and Paul they called Hermes because he was the chief speaker.","Ginngaranan nira hin Seus hi Bernabe ngan Herme hi Pablo, kay hiya man an parayakan."
"In the past, he let all nations go their own way.",Hadto nga mga panahon pinasagdan la niya an ngatanan nga mga katawhan hin pagtuman han ira karuyag.
"After going through Pisidia, they came into Pamphylia,","Kahuman nira maglatas han katunaan han Pisidia, inmabot hira ha Pamfilya."
"and when they had preached the word in Perga, they went down to Attalia.","Iginwali nira an mensahe didto ha Perga, ngan katapos linmugsong hira ngadto ha Atalia."
And they stayed there a long time with the disciples.,Didto nagpabilin hira hin maiha upod han mga magtinuohon.
The apostles and elders met to consider this question.,Nagkatirok an mga apostoles ngan an mga katigurangan hin pagtuhay hini nga kasamok.
"He did not discriminate between us and them, for he purified their hearts by faith.",Waray ginpalabi han Dyos ha aton ngan ha ira; ginpasaylo niya an ira mga sala kay tinmoo man hira.
"No! We believe it is through the grace of our Lord Jesus that we are saved, just as they are.”","Diri ito amo! Natoo kami nga hira, sugad ha aton, natatalwas pinaagi han grasya han Ginoo nga Jesus.”"
"When they finished, James spoke up. “Brothers,” he said, “listen to me.","Katapos nira pagyakan, nagsiring liwat hi Santiago: “Kabugtoan, pamatii ako niyo."
"The words of the prophets are in agreement with this, as it is written:",Nahauyon ini han mga pulong han mga manaragna sumala han siring han Kasuratan:
things known from long ago.,Amo ini an siring han Ginoo nga nagpadayag hini hadto pa nga panahon.’
"“It is my judgment, therefore, that we should not make it difficult for the Gentiles who are turning to God.","“Ha akon nga bahin,” nagpadayon hi Santiago, “diri naton pagsamokon an mga Hentil nga nadangop han Dyos."
men who have risked their lives for the name of our Lord Jesus Christ.,nga nagtubyan han ira kinabuhi tungod hin pagsirbe han aton Ginoo Jesu-Cristo.
Therefore we are sending Judas and Silas to confirm by word of mouth what we are writing.,Nagsusugo kami ngada ha iyo kanda Judas ug Silas nga amo an magsusumat ha iyo han mga butang nga iginsurat namon ha iyo.
The people read it and were glad for its encouraging message.,"Han pakabasa han mga tawo han surat, nalipay gud hira tungod han mensahe nga nakapadasig."
"Barnabas wanted to take John, also called Mark, with them,",Karuyag ni Bernabe nga ig-upod gihapon nira hi Juan Marcos.
"but Paul chose Silas and left, commended by the believers to the grace of the Lord.","samtang ginpili ni Pablo hi Silas, ngan ginmikan hira nga igintubyan han kabugtoan ngadto ha grasya han Ginoo."
"He went through Syria and Cilicia, strengthening the churches.",Kinmadto hira ha Siria ug Cilicia ngan ginparig-on niya ang mga singbahan.
The believers at Lystra and Iconium spoke well of him.,Dinayaw hi Timoteo han ngatanan nga mga magtinuohon ha Listra ug Iconio.
So the churches were strengthened in the faith and grew daily in numbers.,Sanglit nagmarig-on an pagtoo han mga singbahan ngan pirme hira nadudugangan kada adlaw.
So they passed by Mysia and went down to Troas.,Sanglit linabyan la nira an Misia ngan linmugsong hira ngadto ha Troas.
"From Troas we put out to sea and sailed straight for Samothrace, and the next day we went on to Neapolis.","Tikang ha Troas nagsakay kami hin pagtabok ngadto ha Samotrasia, ngan han pagkabuwas, ngadto ha Neapolis."
"The jailer called for lights, rushed in and fell trembling before Paul and Silas.","Nag-aro hin suga an gwardya han prisohan, nagdagmit pagsulod, ngan hinmapa nga nangungurog ha tiilan nira Pablo ug Silas."
"He then brought them out and asked, “Sirs, what must I do to be saved?”","Ngan igingawas hira ngan nagpakiana hiya ha ira, “Mga mano, ano an kinahanglan ko pagbuhaton basi matalwas ako?”"
"They replied, “Believe in the Lord Jesus, and you will be saved—you and your household.”","Binmaton hira, “Too han Ginoo nga Jesus, ngan matatalwas ka—ikaw, pati an imo panimalay.”"
Then they spoke the word of the Lord to him and to all the others in his house.,Niyan iginwali nira an pulong han Ginoo ha iya ngan han ngatanan nga sakop han iya balay.
"When it was daylight, the magistrates sent their officers to the jailer with the order: “Release those men.”","Han pagkaaga na, nagsugo an mga punoan nga Romano hin mga polis nga buhian na hira Pablo ug Silas."
"When they heard this, the crowd and the city officials were thrown into turmoil.",Pinaagi hini nga mga paggoliat nagkasaramok an mga tawo ngan an mga punoan han syudad.
Then they made Jason and the others post bond and let them go.,"Han kapyansahi na kan Jason ngan han iya mga kaupod, ginbuhian hira han mga punoan."
"As a result, many of them believed, as did also a number of prominent Greek women and many Greek men.","Damo ha ira in tinmuo; upod in kadam-an nga Griego nga kababayen-an nga kinikilala han bungto, ngan hin mga kalalaken-an."
"The believers immediately sent Paul to the coast, but Silas and Timothy stayed at Berea.","Ginpalakat dayon hi Pablo han mga magtinuohon ngadto ha baybayon, kundi nagpabilin ha Berea hira Silas ug Timoteo."
"At that, Paul left the Council.",Ngan binmaya hi Pablo han katirok.
"After this, Paul left Athens and went to Corinth.","Katapos hini, ginmikan hi Pablo tikang ha Atenas ngan nagpadayon ngadto ha Corinto."
"Every Sabbath he reasoned in the synagogue, trying to persuade Jews and Greeks.",Ha kada Adlaw nga Iparahuway nakiglantugi hiya didto ha sinagoga basi makabig niya in mga Judiyo ngan mga Griego.
"For I am with you, and no one is going to attack and harm you, because I have many people in this city.”",kay upod ako ha imo. Waray maglalabot ha imo kay damo an akon mga tawo dinhe hini nga syudad.”
"So Paul stayed in Corinth for a year and a half, teaching them the word of God.",Sanglit nagpabilin didto hi Pablo hin usa ka tuig ngan unom ka bulan ngan gintutdoan niya an mga tawo han pulong han Dyos.
"“This man,” they charged, “is persuading the people to worship God in ways contrary to the law.”","Nagsiring hira, “Ini nga tawo naghuhugay han mga tawo hin pagsingba han Dyos hin paagi nga nasupak han balaod!”"
So he drove them off.,Ngan iya ginpagawas hira han hukmanan.
"When they asked him to spend more time with them, he declined.","Ginhangyo hiya han mga tawo nga magpabilin hiya hin mairoiha upod ha ira, kundi waray hiya tumangdo."
"So Paul asked, “Then what baptism did you receive?” “John’s baptism,” they replied.","“Kon sugad, ano man nga pagbunyag an iyo kinarawat?” nagpakiana hi Pablo. Ngan nagbaton hira nga an bunyag ni Juan."
"On hearing this, they were baptized in the name of the Lord Jesus.","Han pakabati nira hini, ginbunyagan hira ha ngaran han Ginoo nga Jesus."
There were about twelve men in all.,May mga 12 ka tawo hira ngatanan.
"God did extraordinary miracles through Paul,",Ginbuhat han Dyos in talagsaon nga mga milagro pinaagi kan Pablo.
"Seven sons of Sceva, a Jewish chief priest, were doing this.",Nagbubuhat hini an pito nga magburugto nga mga anak nga kalalaken-an ni Esceva nga usa nga Gilalabawi nga Padi han mga Judiyo.
Many of those who believed now came and openly confessed what they had done.,Nagkaabot in damo nga mga bag-o pa nga nakabig ngan nagtug-an ini hira hin dayag han ira nabuhat nga diwata.
In this way the word of the Lord spread widely and grew in power.,Tungod hini nagpadayon hin paglurab ngan pagmadinaogon an makusog nga pulong han Dyos.
About that time there arose a great disturbance about the Way.,Nahinabo hadto nga panahon in dako nga kasamok ha Efeso tungod han Dalan han Ginoo.
"Paul wanted to appear before the crowd, but the disciples would not let him.","Karuyag unta ni Pablo nga kumadto hiya ha atubangan han mga tawo, kundi waray hiya tugoti han mga magtinuohon."
"Therefore, since these facts are undeniable, you ought to calm down and not do anything rash.",Waray makakariwa hini nga mga butang. Sanglit kinahanglan magmingaw kamo ngan ayaw kamo pagdalidali hin pagpatukso.
"If there is anything further you want to bring up, it must be settled in a legal assembly.","Kundi kon may-ada pa iba nga iyo karuyag tuhayon, pagtutuhayon ini dida han katirok han mga bungtuhanon sumala han balaod."
"After he had said this, he dismissed the assembly.","Katapos mamulong an sekretaryo, ginpauli niya an mga tawo."
These men went on ahead and waited for us at Troas.,Nag-una hira ngan naghulat ha amon didto ha Troas.
There were many lamps in the upstairs room where we were meeting.,Damo in mga suga ha igbaw nga kwarto han balay nga ginkakatirokan namon.
The people took the young man home alive and were greatly comforted.,Igin-oli nira nga buhi an batan-on ngan nalipay gud hira.
"When he met us at Assos, we took him aboard and went on to Mitylene.","Han pagkakita na namon didto ha Ason, ginpasakay hiya namon ngan nagpadayon kami ngadto ha Mitilene."
"From Miletus, Paul sent to Ephesus for the elders of the church.",Tikang ha Mileto nagpatugon hi Pablo ha mga katigurangan han singbahan ha Efeso nga makigkita hira ha iya.
"“And now, compelled by the Spirit, I am going to Jerusalem, not knowing what will happen to me there.","Ngan yana, ha pagsugot han sugo han Espiritu Santo, makadto ako ha Jerusalem ngan diri ako maaram kon ano an akon dadangatan."
"Therefore, I declare to you today that I am innocent of the blood of any of you.","Sanglit nasiring ako ha iyo hini gud nga adlaw nga kon may-ada diri matalwas ha iyo, ayaw ako niyo pagbasola."
For I have not hesitated to proclaim to you the whole will of God.,Kay waray ko igdiwara ha iyo an bug-os nga katuyoan han Dyos; waray ako gintago ha iyo.
"I know that after I leave, savage wolves will come in among you and will not spare the flock.","Maaram ako nga kon tumalikod na ako, maabot in mga tawo nga sugad hin magbangis nga mga mananap, nga magpapasarang han panon."
I have not coveted anyone’s silver or gold or clothing.,"Waray ako maipa han kanan iba salapi, bulawan, o panapton."
"When Paul had finished speaking, he knelt down with all of them and prayed.","Han kahuman pagyakan ni Pablo, nagkaluhod hira ngan nag-ampo."
They all wept as they embraced him and kissed him.,"Hira ngatanan nanangis, hinmangkop kan Pablo ngan ginhagkan hiya."
"We found a ship crossing over to Phoenicia, went on board and set sail.","Nakakita kami didto hin sakayan nga tipakadto ha Fenicia, sanglit sinmakay kami ngan nagpadayon."
"After saying goodbye to each other, we went aboard the ship, and they returned home.","Ngan han pakapanamilit na namon ngatanan, sinmakay kami han sakayan ngan nangoli hira."
He had four unmarried daughters who prophesied.,May-ada niya upat nga mga anak nga kababayen-an nga mga manaragna.
"After we had been there a number of days, a prophet named Agabus came down from Judea.","Samtang nakadto kami hin mga pira na ka adlaw, inmabot tikang ha Judea in usa nga manaragna nga hi Agabo."
"After this, we started on our way up to Jerusalem.","Katapos hin pira ka adlaw didto, nag-andam kami han amon mga darad-on ngan kinmadto kami ha Jerusalem."
"When we arrived at Jerusalem, the brothers and sisters received us warmly.","Han pag-abot namon ha Jerusalem, nagkarawat ha amon hin malipayon an mga magtinuohon."
"What shall we do? They will certainly hear that you have come,",Mahibabaro gud hira nga hahani ka na. Sanglit ano man an angay pagbuhaton?
so do what we tell you. There are four men with us who have made a vow.,Buhata an amon isisiring ha imo. May-ada dinhe upat ka tawo nga may-ada mga panaad.
"When Paul reached the steps, the violence of the mob was so great he had to be carried by the soldiers.","Inmabot hira tubtob la ha may hagdanan, kundi napirit hira hin pagpas-an ha iya kay duro na gud an kasamok han mga tawo."
"The crowd that followed kept shouting, “Get rid of him!”","Ginsusunod hiya han mga tawo nga naggogoliat, “Pataya hiya!”"
"“Brothers and fathers, listen now to my defense.”","“Kabugtoan ngan mga ginikanan, pamatii niyo an akon panalipod nga akon bubuhaton ha iyo atubangan!”"
"When they heard him speak to them in Aramaic, they became very quiet. Then Paul said:","Han pakabati nira nga nagyayakan hiya ha pinulongan nga Hebreo, labi na nga nagmingaw hira; ngan nagpadayon hi Pablo:"
"“ ‘Who are you, Lord?’ I asked. “ ‘I am Jesus of Nazareth, whom you are persecuting,’ he replied.","‘Hin-o ka, Ginoo?’ binmaton ako. Nagsiring hiya ha akon, ‘Hi Jesus ako nga taga-Nazaret nga ginpapakurian mo.’"
"My companions saw the light, but they did not understand the voice of him who was speaking to me.","Nakakita han kapawa an mga kaupod ko, kundi waray hira makabati han tingog nga nagyakan ha akon."
You will be his witness to all people of what you have seen and heard.,Kay magigin saksi ka para ha iya hin pagpasangyaw ha ngatanan nga mga tawo han imo hinkit-an ngan hinbatian.
"“When I returned to Jerusalem and was praying at the temple, I fell into a trance","“Binmalik ako ha Jerusalem ngan samtang nag-aampo ako didto han Templo, nagkamay-ada ako usa nga panan-awon"
"“Then the Lord said to me, ‘Go; I will send you far away to the Gentiles.’ ”","Ngan nagsiring ha akon an Ginoo, ‘Lakat kay susugoon ko ikaw ha higrayo nga mga dapit, ngadto han mga Hentil.’”"
"As they were shouting and throwing off their cloaks and flinging dust into the air,","Naggogogliat hira, iginbabarabad an ira mga panapton, ngan iginsasabrag ha igbaw an tapotapo."
At this the high priest Ananias ordered those standing near Paul to strike him on the mouth.,Ginsugo ni Ananias nga Labaw nga Padi adton mga natukdaw hirani kan Pablo nga tampalohon hiya.
"Those who were standing near Paul said, “How dare you insult God’s high priest!”","An mga tawo nga hirani kan Pablo nagsiring ha iya, “Ginpapanamastamasan mo an Labaw nga Padi han Dyos!”"
"When he said this, a dispute broke out between the Pharisees and the Sadducees, and the assembly was divided.","Han pagsiring niya hini, nagkalantugi an mga Parisiyo ngan mga Sadusiyo, ngan nabahin an hugpo. ("
More than forty men were involved in this plot.,Kapin 40 hira nga nagkasarabot.
He wrote a letter as follows:,Ngan nagsurat an kapitan hin alid-agid hini:
"Claudius Lysias, To His Excellency, Governor Felix: Greetings.",“Mga pangumosta tikang kan Claudio Lisias ngadto han Iya Kaharangdon nga Gobernador Felix.
"I wanted to know why they were accusing him, so I brought him to their Sanhedrin.","Karuyag ko mahibaroan an sumbong nira kontra ha iya, sanglit gindara ko hiya ngadto han ira Labaw nga Hukmanan."
"So the soldiers, carrying out their orders, took Paul with them during the night and brought him as far as Antipatris.",Gintuman han mga sondalo an sugo ha ira. Gindara nira hi Pablo hito nga gab-i tubtob ha Antipatris.
"The next day they let the cavalry go on with him, while they returned to the barracks.","Han pagkabuwas binmalik ha kwartel an mga sondalo, kundi nagpadayon an mga sondalo nga dikabayo hin pag-upod ha iya."
"When the cavalry arrived in Caesarea, they delivered the letter to the governor and handed Paul over to him.","Han pag-abot nira ha Cesarea, iginhatag nira an surat han gobernador ngan igintubyan nira hi Pablo ha iya."
"The other Jews joined in the accusation, asserting that these things were true.","An mga Judiyo inmabuyon liwat ha ira, ngan nagsiring nga matuod ini ngatanan."
And they cannot prove to you the charges they are now making against me.,Waray nira mahahatag nga karig-onan han ira mga sumbong kontra ha akon.
So I strive always to keep my conscience clear before God and man.,Sanglit dayuday nga gintatalinguha ko nga magmalinis an akon konsensya ha atubangan han Dyos ngan han mga tawo.
"Three days after arriving in the province, Festus went up from Caesarea to Jerusalem,","Pag-agi hin tulo ka adlaw tikang umabot hi Festo ha lalawigan, kinmadto hiya ha Jerusalem tikang ha Cesarea."
where the chief priests and the Jewish leaders appeared before him and presented the charges against Paul.,Didto an mga puno han kapadian ngan an mga pangulo nga Judiyo nagsumbong ha iya kontra kan Pablo. Ginhangyo nira kan Festo
"Festus answered, “Paul is being held at Caesarea, and I myself am going there soon.","Binmaton hi Festo, “Priso pa hi Pablo didto ha Cesarea, ngan ha diri maiha mabalik ako ngadto."
A few days later King Agrippa and Bernice arrived at Caesarea to pay their respects to Festus.,"Pag-agi hin pira ka adlaw, inmabot ha Cesarea hira Hadi Agripa ug Berenice hin pagduaw ngan pangumosta kan Festo."
"Then Agrippa said to Festus, “I would like to hear this man myself.” He replied, “Tomorrow you will hear him.”","Nagsiring hi Agripa kan Festo, “Karuyag ko mamati hini nga tawo.” “Buwas hibabatian mo hiya,” binmaton hi Festo."
For I think it is unreasonable to send a prisoner on to Rome without specifying the charges against him.”,Kay baga diri naangay ha akon an pagpadara hin usa nga priso nga diri ako makagsumat hin tuhay han mga sumbong kontra ha iya.”
And now it is because of my hope in what God has promised our ancestors that I am on trial today.,Ngan yana iini ako ginhuhukman ha iyo atubangan tungod han akon paglaom han saad nga ginhimo han Dyos ha amon kaapoy-apoyan—
Why should any of you consider it incredible that God raises the dead?,Kay ano nga nagkukuri man kamo nga mga Judiyo hin pagtoo nga pagbabanhawon han Dyos an mga minatay?
“On one of these journeys I was going to Damascus with the authority and commission of the chief priests.,“Sanglit kinmadto ako ha Damasco dara an pagburut-an ngan sugo tikang han labaw nga kapadian.
"“Then I asked, ‘Who are you, Lord?’ “ ‘I am Jesus, whom you are persecuting,’ the Lord replied.","Pinmakiana ako, ‘Hin-o ka, Ginoo?’ Ngan nagsiring an Ginoo: ‘Amo ako hi Jesus nga imo ginpapakurian."
I will rescue you from your own people and from the Gentiles. I am sending you to them,"Tatalwason ko ikaw tikang han mga Judiyo ngan han mga Hentil nga amo an pararad-an ko ha imo,"
"“So then, King Agrippa, I was not disobedient to the vision from heaven.","“Sanglit, Hadi Agripa, gintuman ko an akon hinkit-an nga panan-awon tikang ha langit."
That is why some Jews seized me in the temple courts and tried to kill me.,"Tungod hini gindakop ako han mga Judiyo didto ha Templo, ngan gin-iparatay ako nira."
"King Agrippa, do you believe the prophets? I know you do.”","Hadi Agripa, natoo ka ba han mga manaragna? Maaram ako nga natoo ka!”"
"Then Agrippa said to Paul, “Do you think that in such a short time you can persuade me to be a Christian?”","Nagsiring hi Agripa kan Pablo, “Kasiring mo ba nga madali la an pagkabig ha akon hin ka Cristiano?”"
"The king rose, and with him the governor and Bernice and those sitting with them.","Niyan tinmindog an hadi, an gobernador, hi Berenice, ngan an ngatanan nga nagtambong,"
"Agrippa said to Festus, “This man could have been set free if he had not appealed to Caesar.”","Ngan nagsiring hi Agripa kan Festo, “Ini nga tawo kabubuhian unta kon waray hiya dumangop ngadto han Emperador.”"
"When we had sailed across the open sea off the coast of Cilicia and Pamphylia, we landed at Myra in Lycia.","Tinmalabok kami han dagat nga atbang han Cilicia ngan Panfilia, ngan inmabot kami ha Mira nga bungto han Licia."
There the centurion found an Alexandrian ship sailing for Italy and put us on board.,"Didto an opisyal nakaagi hin barko nga tikang ha Alejandria nga magikan para Italia, sanglit ginpasakay kami niya."
"Before very long, a wind of hurricane force, called the Northeaster, swept down from the island.",Kundi waray la pag-iha nagmadlos tikang ha puro an makusog nga hangin nga dumagsa.
We took such a violent battering from the storm that the next day they began to throw the cargo overboard.,"Nagpadayon an makusog nga bagyo, sanglit han pagkabuwas nagtikang hira hin paglabog han iba nga mga kargamento han barko,"
"On the third day, they threw the ship’s tackle overboard with their own hands.",ngan han sunod nga adlaw naglugaring hira hin paglabog han mga kasangkapan han barko.
"Nevertheless, we must run aground on some island.”",Kundi igdadagsa kita ha baybayon hin usa nga puro.”
So the soldiers cut the ropes that held the lifeboat and let it drift away.,Sanglit gintabtab han mga sondalo an mga pisi nga higot han bote ngan ginpaanod ini.
They were all encouraged and ate some food themselves.,Nadasig hira ngan nangaon liwat hira ngatanan.
Altogether there were 276 of us on board.,May-ada dos syintos setenta y sais ka tawo kami ngatanan ha barko.
"When they had eaten as much as they wanted, they lightened the ship by throwing the grain into the sea.","Han kabusog na nira ngatanan, iginlabog nira ha dagat an kargamento nga trigo basi gumaan an barko."
The soldiers planned to kill the prisoners to prevent any of them from swimming away and escaping.,Naglarang an mga sondalo hin pagpatay han ngatanan nga mga priso basi waray makalangoy ngadto ha tabi ngan makakalagiw.
"Once safely on shore, we found out that the island was called Malta.","Han nakadto na kami ha tabi, nahibaro kami nga Malta an ngaran han puro."
But Paul shook the snake off into the fire and suffered no ill effects.,Kundi iginwirik ni Pablo an halas ngadto han kalayo ngan waray man hiya maano.
"When this had happened, the rest of the sick on the island came and were cured.","Han kahuman hini nga hinabo, pinmakadto han puro an ngatanan nga mga magsakit ngan nagkauupay hira."
We put in at Syracuse and stayed there three days.,"Dinmuong kami ha Siracusa, ngan didto nagpabilin kami hin tulo ka adlaw."
"When we got to Rome, Paul was allowed to live by himself, with a soldier to guard him.","Han pag-abot namon ha Roma, gintugotan hi Pablo hin paglugaring, kundi binantayan hiya hin usa nga sondalo."
"Some were convinced by what he said, but others would not believe.","Nakabig in pira ha ira pinaagi han iya mga pulong, kundi waray gud tumoo an iba."
"Paul, an apostle of Christ Jesus by the will of God, and Timothy our brother,","Tikang kan Pablo nga apostol ni Cristo Jesus tungod han kaburot-on han Dyos, ngan tikang kan Timoteo nga aton bugto—"
"We always thank God, the Father of our Lord Jesus Christ, when we pray for you,","Dayuday nagpapasalamat kami han Dyos nga Amay han aton Ginoo Jesu-Cristo kon nag-aampo kami tungod ha iyo,"
and who also told us of your love in the Spirit.,Ginsumatan kami niya hiunong han gugma nga iginhatag han Espiritu ha iyo.
"For he has rescued us from the dominion of darkness and brought us into the kingdom of the Son he loves,","Gintalwas kita niya tikang han gahom han kasisidman, ngan ginbalhin kita ngadto han ginhadian han iya hinigugma nga Anak,"
"in whom we have redemption, the forgiveness of sins.","nga pinaagi ha iya gintalwas kita, kon ha aton pa, ginpasaylo na an aton mga sala."
"For God was pleased to have all his fullness dwell in him,",Kay paglarang gud han Dyos nga an iya Anak may-ada dida ha iya han bug-os nga kinaiya han Dyos.
Once you were alienated from God and were enemies in your minds because of your evil behavior.,"Hadto anay hirayo kamo han Dyos, ngan mga kaaway kamo niya, tungod han magraot nga mga butang nga iyo ginbuhat ngan ginhunahuna."
in whom are hidden all the treasures of wisdom and knowledge.,Amo hiya an yawi nga nag-aabre han ngatanan nga tinago nga mga manggad han kinaadman ngan hibaro han Dyos.
"So then, just as you received Christ Jesus as Lord, continue to live your lives in him,","Tungod kay ginkarawat man niyo nga Ginoo hi Cristo Jesus, pakig-usa kamo ha iya."
"For in Christ all the fullness of the Deity lives in bodily form,","Kay aada kan Cristo, ha iya pagkatawo, an hingpit han dyosnon nga kinaiya,"
"These are a shadow of the things that were to come; the reality, however, is found in Christ.",Lambong la ini ngatanan han mga butang nga tiarabot; kundi hi Cristo an katumanan hini ngatanan.
“Do not handle! Do not taste! Do not touch!”?,“Ayaw pagkapti ini.” “Ayaw pagtilawi ito.” “Ayaw paglabti adto”?
"Set your minds on things above, not on earthly things.","Ikadto an iyo hunahuna han mga butang didto ha langit, diri han mga butang dinhe ha tuna."
"For you died, and your life is now hidden with Christ in God.","Kay namatay na kamo, ngan an iyo kinabuhi natatago upod kan Cristo dida ha Dyos."
"Because of these, the wrath of God is coming.",Tungod hini nga mga butang maabot an kapungot han Dyos ngadto hadton mga diri nasugot ha iya.
"You used to walk in these ways, in the life you once lived.",Ngan hadto anay nag-ukoy kamo sumala hini nga mga karuyagon samtang naghadi han iyo kinabuhi ini nga mga karuyagon.
"Do not lie to each other, since you have taken off your old self with its practices","Diri kamo maggipabuwabuwa, kay ginlubas na niyo an iyo daan nga pagkatawo upod an iya mga ginawian,"
"And over all these virtues put on love, which binds them all together in perfect unity.",Ngan ha ngatanan hini idugang an gugma nga naghihigot han ngatanan nga mga butang ngada hin hingpit nga pagkaurosa.
"Wives, submit yourselves to your husbands, as is fitting in the Lord.","Mga asawa, pagsugot kamo han iyo bana, kay amo ini an angay niyo buhaton ha iyo pagkacristianos."
"Husbands, love your wives and do not be harsh with them.","Mga bana, higugmaa niyo an iyo asawa, ngan upaya an iyo pag-alagad ha ira."
"Children, obey your parents in everything, for this pleases the Lord.","Mga anak, kinahanglan dayuday an pagsugot niyo han iyo mga kag-anak, kay amo ini an nakakalipay han Dyos."
"Fathers, do not embitter your children, or they will become discouraged.","Mga kag-anak, ayaw niyo pagbusai an iyo mga anak, bangin hira magturaw."
"Devote yourselves to prayer, being watchful and thankful.","Pagpadayon kamo pag-ampo, upod an pagpasalamat han Dyos, ngan pag-ikmat kamo samtang nag-aampo kamo."
"Pray that I may proclaim it clearly, as I should.","Sanglit, pag-ampo kamo nga magmatin-aw an akon pagyakan, sugad han angay ko buhaton."
Be wise in the way you act toward outsiders; make the most of every opportunity.,Pagtagam kamo han iyo panggawi ngadto hadton diri mga magtinuohon. Pahimulosi niyo hin maupay an ngatanan nga higayon.
"Our dear friend Luke, the doctor, and Demas send greetings.","Nangungumosta man ha iyo hi Lucas nga aton hinigugma nga doktor, ngan hi Demas."
Tell Archippus: “See to it that you complete the ministry you have received in the Lord.”,Ngan sidnga hi Arquipo nga taposon gud an buruhaton nga iginhatag ha iya han Ginoo.
(It takes eleven days to go from Horeb to Kadesh Barnea by the Mount Seir road.),Onse ka adlaw an pagbaktas tikang ha Bukid Sinai ngadto ha Cades Barnea kon aadto aagi han sagkahon nga nasod han Edumea.)
"The Lord our God said to us at Horeb, “You have stayed long enough at this mountain.","“Han nakadto pa kita ha Bukid Sinai, nagsiring ha aton an Ginoo nga aton Dyos, ‘Maiha na an iyo pag-inukoy dinhe hini nga bukid."
The Lord your God has increased your numbers so that today you are as numerous as the stars in the sky.,Ginpadamo kamo han Ginoo nga iyo Dyos sugad han kabiton-an ha langit.
But how can I bear your problems and your burdens and your disputes all by myself?,"Kundi uunanhon ko, kon hi ako la, hin pakaakos han mabug-at nga katungdanan hin pagtuhay han iyo mga kalipongan?"
"You answered me, “What you propose to do is good.”",Ngan inmuyon kamo nga amo ini an maupay pagbuhaton.
And at that time I told you everything you were to do.,Iginhatag ko liwat ha iyo in mga turumanon para han iba pa nga iyo pagbubuhaton.
"The idea seemed good to me; so I selected twelve of you, one man from each tribe.","“Baga maupay man adto nga iyo larang, sanglit nagpili ako hin 12 nga mga tawo, usa tikang han kada tribo."
"They left and went up into the hill country, and came to the Valley of Eshkol and explored it.",Sinmulod hira han sagkahon nga nasod tubtob ha Kahamub-an han Escol ngan gin-usisa nira ini.
But you were unwilling to go up; you rebelled against the command of the Lord your God.,"“Kundi sinmupil kamo han sugo han Ginoo nga iyo Dyos, ngan waray kamo sumulod han tuna."
"Then I said to you, “Do not be terrified; do not be afraid of them.","“Kundi ginsiring ko kamo, ‘Ayaw kamo kahadlok hito nga mga tawo."
"In spite of this, you did not trust in the Lord your God,","Kundi bisan pa hini nga akon iginsiring, waray la kamo gihapon sumarig han Ginoo ,"
"When the Lord heard what you said, he was angry and solemnly swore:","“Hinbatian han Ginoo an iyo mga pagngurutob ngan nasina hiya, sanglit nagsumpa hiya,"
"Because of you the Lord became angry with me also and said, “You shall not enter it, either.","Tungod ha iyo nasina liwat ha akon an Ginoo ngan nagsiring, ‘Bisan ikaw, Moises, diri ka makakasulod han tuna."
"But as for you, turn around and set out toward the desert along the route to the Red Sea. ”","Kundi kamo nga mga tawo, balik kamo ngadto ha kamingawan ngan sulsoga niyo an dalan tipakadto han Dagat Aqaba.’"
"You came back and wept before the Lord , but he paid no attention to your weeping and turned a deaf ear to you.","Sanglit nangaraba kamo han Ginoo hin pakibulig ha iya, kundi waray hiya mamati o bumali ha iyo."
And so you stayed in Kadesh many days—all the time you spent there.,"“Sanglit katapos naton pag-ukoy hin maiha didto ha Cades,"
"Then the Lord said to me,",“Niyan ginsiring ako han Ginoo
“You have made your way around this hill country long enough; now turn north.,"nga maiha na an aton paglinayawlayaw didto hito nga kapungtoran, ngan kinahanglan magpadayon kita tipaamihanan."
"Like the Anakites, they too were considered Rephaites, but the Moabites called them Emites.",Sugad han mga Anakim kinikilala liwat hira nga mga Refaim; kundi Emim an pagtawag ha ira han mga Moabita.
"And the Lord said, “Now get up and cross the Zered Valley.” So we crossed the valley.",“Niyan tinmabok kita han Salog Sered sumala han iginsiring ha aton han Ginoo .
The Lord ’s hand was against them until he had completely eliminated them from the camp.,Nagpadayon pagkontra ha ira an Ginoo tubtob nga naubos hira pagpataya han Ginoo .
"Now when the last of these fighting men among the people had died,","“Han kamatay na han ngatanan nga paraaway,"
"the Lord said to me,","nagsiring ha aton an Ginoo ,"
“Today you are to pass by the region of Moab at Ar.,‘Yana nga adlaw matalabok na kamo han katunaan han Moab ngan ha Ar kamo maagi.
“Let us pass through your country. We will stay on the main road; we will not turn aside to the right or to the left.,‘Paagia kami han imo nasod. Matadong la kami ngan diri gud masimang han dalan.
"When Sihon and all his army came out to meet us in battle at Jahaz,","Ginmawas hi Sihon upod an ngatanan niya nga mga tawo hin pakig-away ha aton hirani han bungto han Jahas,"
But all the livestock and the plunder from their cities we carried off for ourselves.,Pinanguha ta an mga baka ngan gintikasan ta an mga bungto.
(Hermon is called Sirion by the Sidonians; the Amorites call it Senir.),"Gintawag han mga Sidonianhon nga Sirion an Bukid Hermon, ngan Senir han mga Amoreohanon.)"
And I gave Gilead to Makir.,“Iginhatag ko an Galaad ngadto han banay ni Maquir han tribo ni Manases.
Do not be afraid of them; the Lord your God himself will fight for you.”,"Ayaw kahadlok ha ira, kay an Ginoo nga imo Dyos amo an makikig-away para ha imo.’”"
At that time I pleaded with the Lord :,"“Hito nga panahon nag-ampo ako hin kinasingkasing,"
So we stayed in the valley near Beth Peor.,“Sanglit nagpabilin kita didto han kahamub-an nga atbang han bungto han Betpeor.”
but all of you who held fast to the Lord your God are still alive today.,kundi ngada ha iyo nga mga magtinumanon ngadto han Ginoo nga iyo Dyos nagpapabilin nga buhi ngada hini nga adlaw.
or like any creature that moves along the ground or any fish in the waters below.,nag-uusoy nga mananap o isda.
"For the Lord your God is a consuming fire, a jealous God.",kay an Ginoo nga iyo Dyos sugad hin naglalahinggab nga kalayo; naabugho gud hiya nga Dyos.
You were shown these things so that you might know that the Lord is God; besides him there is no other.,"Iginpakita ini ha iyo han Ginoo , ha pagpamatuod ha iyo nga hiya gudla amo an Dyos ngan waray na iba."
"Then Moses set aside three cities east of the Jordan,","Niyan iginggahin ni Moises in tulo nga mga syudad ha sinirangan han Jordan,"
This is the law Moses set before the Israelites.,Iginhatag ni Moises ha mga tawo han Israel an mga balaod ngan mga pagturon-an han Dyos.
The Lord our God made a covenant with us at Horeb.,Didto ha Bukid Sinai naghimo hin ginsaaran an Ginoo nga aton Dyos
The Lord spoke to you face to face out of the fire on the mountain.,Didto han bukid nakig-atubang ha iyo hin pakighimangraw an Ginoo tikang ha butnga han kalayo.
"“I am the Lord your God, who brought you out of Egypt, out of the land of slavery.",‘Ako amo an Ginoo nga iyo Dyos nga nagpagawas ha iyo tikang ha Ehipto diin mga oripon kamo.
“You shall have no other gods before me.,“‘Ayaw kamo pagsingba hin lain nga diyos labot ha akon.
"“Observe the Sabbath day by keeping it holy, as the Lord your God has commanded you.",“‘Tumana niyo an Adlaw nga Igparahuway ngan ini nga adlaw sumala han iginsugo ha iyo han Ginoo nga iyo Dyos.
"Six days you shall labor and do all your work,","May-ada niyo unom ka adlaw hin pagtuman han ngatanan niyo nga mga buruhaton,"
“You shall not murder.,“‘Ayaw kamo pagpatay.
“You shall not commit adultery.,“‘Ayaw kamo panlibog.
“You shall not steal.,“‘Ayaw kamo pangawat.
“You shall not give false testimony against your neighbor.,“‘Ayaw kamo pagsumbong hin buwa kontra han iyo igkasi tawo.
"“Go, tell them to return to their tents.",Kadto ngan pabalika hira ngadto han ira mga tulda.
"Hear, O Israel: The Lord our God, the Lord is one.","“Israel, hinumdomi ini! An Ginoo —ngan an Ginoo gud la—amo an aton Dyos."
Love the Lord your God with all your heart and with all your soul and with all your strength.,"Higugmaa an Ginoo nga iyo Dyos han bug-os niyo nga kasingkasing, han bug-os niyo nga kalag, ngan han bug-os niyo nga kusog."
These commandments that I give you today are to be on your hearts.,Ayaw gud niyo hingalimti ini nga mga sugo nga akon ihahatag ha iyo yana nga adlaw.
Tie them as symbols on your hands and bind them on your foreheads.,"Ighigot ini dida han iyo mga butkon ngan ibutang nga tigaman ha iyo mga agtang, basi diri niyo hingalimtan."
Write them on the doorframes of your houses and on your gates.,Igsurat ini dida ha mga harigi ngan ha mga portahan han iyo mga balay.
"Fear the Lord your God, serve him only and take your oaths in his name.","Tahora niyo an Ginoo nga iyo Dyos, hiya la an pagsingbaha, ngan an iya la ngaran in gamita hin pagsumpa."
"Do not follow other gods, the gods of the peoples around you;","Ayaw kamo pagsingba hin iba nga kadiyosan, hin bisan ano nga kadiyosan han mga katawhan palibot niyo."
Do not put the Lord your God to the test as you did at Massah.,“Ayaw niyo pagsulaya an Ginoo nga iyo Dyos sugad han ginbuhat niyo didto ha Masa.
"thrusting out all your enemies before you, as the Lord said.",ngan papaiwason niya an iyo mga kaaway sumala han iya iginsaad.
"Therefore, take care to follow the commands, decrees and laws I give you today.",Sanglit yana tumana niyo an mga igintutdo ha iyo; sugta an ngatanan nga mga balaod nga iginhatag ko ha iyo yana nga adlaw.
"You may say to yourselves, “These nations are stronger than we are. How can we drive them out?”",“Ayaw kamo paghunahuna nga darudamo ha iyo ini nga mga tawo ngan diri kamo makakapaiwas ha ira.
Your clothes did not wear out and your feet did not swell during these forty years.,Sulod hini nga 40 ka tuig waray madumog an iyo mga panapton ngan waray manhubag an iyo mga tiil.
"a land with wheat and barley, vines and fig trees, pomegranates, olive oil and honey;","usa nga tuna nga hura hin trigo ug sebada, mga ubas, mga igos, mga granada, mga olibo, ug dugos."
"Otherwise, when you eat and are satisfied, when you build fine houses and settle down,","Kon mahura na kamo hin pagkaon, ngan makatindog na kamo hin mag-upay nga mga balay nga iyo pag-uokyan,"
At Horeb you aroused the Lord ’s wrath so that he was angry enough to destroy you.,Bisan didto ha Bukid Sinai gin-aghat niyo hin kasina an Ginoo —kasina nga unta igo na hin pagpuo ha iyo.
"You also made the Lord angry at Taberah, at Massah and at Kibroth Hattaavah.","“Gin-aghat liwat niyo hin kasina an Ginoo nga iyo Dyos han nakadto kamo ha Tabera, Masa, ug Kibrot Hataava."
You have been rebellious against the Lord ever since I have known you.,"Tikang pa han pakakilala ko ha iyo, inmato na kamo han Ginoo ."
"From there they traveled to Gudgodah and on to Jotbathah, a land with streams of water.",Tikang didto kinmadto hira ha Gudgoda ngan nagpadayon ngadto ha Jotbata nga usa nga dapit nga may damo nga mga sapa.
"To the Lord your God belong the heavens, even the highest heavens, the earth and everything in it.",An Ginoo an tag-iya bisan han gihihitaasi nga kalangitan; iya liwat an tuna ngan an ngatanan nga aada hini.
"Circumcise your hearts, therefore, and do not be stiff-necked any longer.",Sanglit tikang yana pagsugot kamo han Ginoo ngan ayaw na pagpatig-aha an iyo mga ulo.
"And you are to love those who are foreigners, for you yourselves were foreigners in Egypt.","Sanglit higugmaa niyo an mga lumalangyaw, kay mga lumalangyaw kamo hadto anay didto ha Ehipto."
"It was not your children who saw what he did for you in the wilderness until you arrived at this place,",Maaram kamo han ginbuhat han Ginoo para ha iyo didto ha kamingawan han waray pa kamo aabot nganhi.
But it was your own eyes that saw all these great things the Lord has done.,"Tinuod, amo kamo an nakakita hini ngatanan nga dagko nga mga butang nga ginbuhat han Ginoo ."
"I will provide grass in the fields for your cattle, and you will eat and be satisfied.",ngan kabanwaan para han iyo mga baka. Ngan mahuhura kamo han ngatanan nga pagkaon nga karuyag niyo.
"Write them on the doorframes of your houses and on your gates,",Igsurat ini niyo dida han mga harigi ngan han mga portahan han iyo mga balay.
"See, I am setting before you today a blessing and a curse—",“Yana nga adlaw magpipili kamo han iyo karuyag: bendisyon o tunglo—
the blessing if you obey the commands of the Lord your God that I am giving you today;,"bendisyon, kon pagsugton niyo an mga sugo han Ginoo nga iyo Dyos nga ighahatag ko ha iyo yana nga adlaw;"
be sure that you obey all the decrees and laws I am setting before you today.,talinguhaa gud nga tumanon niyo an ngatanan nga mga balaod nga ihahatag ko ha iyo yana nga adlaw.
You must not worship the Lord your God in their way.,“Ayaw kamo pagsingba han Ginoo nga iyo Dyos ha sugad nga paagi han pagsingba hini nga mga tawo han ira kadiyosan.
since you have not yet reached the resting place and the inheritance the Lord your God is giving you.,"kay aanhi pa man kamo ha gawas han tuna nga ihahatag ha iyo han Ginoo nga iyo Dyos, diin makakag-ukoy kamo dida hin kalinaw."
Be careful not to sacrifice your burnt offerings anywhere you please.,Ayaw kamo pagdara han iyo mga halad nga susunogon ngadto hin bisan la diin nga dapit nga iyo karuyag;
But you must not eat the blood; pour it out on the ground like water.,Kundi ayaw kamo pagkaon han dugo hini; kinahanglan ighuwad ini niyo ngada ha tuna.
Be careful not to neglect the Levites as long as you live in your land.,"Talinguhaa liwat niyo nga diri niyo pagpasibay-an an mga Levita, samtang nag-uokoy kamo didto han iyo tuna."
You must not eat the blood; pour it out on the ground like water.,Ayaw niyo gamita an dugo para hin pagkaon; lugod ihuwad ini ngada ha tuna.
See that you do all I command you; do not add to it or take away from it.,“Pagbuhata niyo an ngatanan nga akon iginsugo ha iyo; ayaw niyo pagdugangi o pag-ibani ini nga mga sugo.
do not yield to them or listen to them. Show them no pity. Do not spare them or shield them.,Kundi ayaw gud kamo pagpadara ha iya o bisan pamati ha iya. Ayaw hiya niyo kalooyi o pagpairi ngan ayaw hiya panalipdi.
If you hear it said about one of the towns the Lord your God is giving you to live in,"“Kon mag-ukoy na kamo didto han mga bungto nga iginhatag ha iyo han Ginoo nga iyo Dyos, bangin makabati kamo"
Do not eat any detestable thing.,“Ayaw kamo pagkaon hin bisan ano nga iginpasabot na han Ginoo nga mahugaw.
"These are the animals you may eat: the ox, the sheep, the goat,","An mga mananap nga makakaon niyo amo ini: an baka, karnero, kanding,"
You may eat any animal that has a divided hoof and that chews the cud.,bisan ano nga mga mananap nga may nagkakabahin nga mga kulo ngan nasabsab han banwa.
"Of all the creatures living in the water, you may eat any that has fins and scales.","“Makakaon niyo in bisan ano nga isda nga may mga kapay ngan mga hingbis,"
You may eat any clean bird.,“Makakaon niyo in bisan ano nga malinis nga tamsi.
All flying insects are unclean to you; do not eat them.,“Maghugaw an ngatanan nga pakoan nga gudtiay nga mga mananap; ayaw niyo pagkaona ini.
But any winged creature that is clean you may eat.,Makakaon niyo in bisan ano nga malinis nga gudtiay nga mananap.
Be sure to set aside a tenth of all that your fields produce each year.,“Igahin an ikanapulo nga bahin—an ikanapulo nga bahin han ngatanan nga abot han iyo kaumhan ha kada tuig.
"And do not neglect the Levites living in your towns, for they have no allotment or inheritance of their own.",“Ayaw niyo pagpasibay-i an mga Levita nga nag-uokoy didto han iyo mga bungto; waray hira mga hiagi nga ira kalugaringon.
At the end of every seven years you must cancel debts.,"“Ha katapos han kada ikapito ka tuig, kinahanglan paraon an ngatanan nga mga utang."
"And when you release them, do not send them away empty-handed.","Kon buhian na hiya niyo, ayaw hiya pagpalakta nga waray dara."
Each year you and your family are to eat them in the presence of the Lord your God at the place he will choose.,Kada tuig kakaonon ini niyo ngan han iyo mga panimalay ha atubangan han Ginoo didto han usa nga dapit hin pagsingba.
But you must not eat the blood; pour it out on the ground like water.,Kundi ayaw niyo gamita an dugo hini para hin pagkaon; kinahanglan ihuwad ini ngada han tuna.
"Remember that you were slaves in Egypt, and follow carefully these decrees.",Talinguhaa gud niyo hin pagtuman hini nga mga sugo; ayaw niyo hingalimti nga mga oripon kamo didto ha Ehipto.
Each of you must bring a gift in proportion to the way the Lord your God has blessed you.,sugad han iya mahihimo nga tumbas han mga kaupayan nga iginhatag ha iya han Ginoo nga iyo Dyos.
"and do not erect a sacred stone, for these the Lord your God hates.",Ayaw liwat niyo pagtindogi hin harigi nga bato para hin pagsingba hin diyosdiyos; nangangalas hini an Ginoo .
"All the people will hear and be afraid, and will not be contemptuous again.",Niyan hibabatian ini han ngatanan ngan mahahadlok hira ngan waray na magpapasipara hin pagbuhat hin sugad.
"or casts spells, or who is a medium or spiritist or who consults the dead.","o mga lumay, ngan ayaw hira pasangpita han mga espiritu han mga minatay."
You must be blameless before the Lord your God.,Pagmatinumanon gud kamo ha Ginoo .”
The Lord said to me: “What they say is good.,"Sanglit nagsiring ha akon an Ginoo , ‘Maupay an ira ginhangyo."
I myself will call to account anyone who does not listen to my words that the prophet speaks in my name.,"Magyayakan hiya ha akon ngaran, ngan kakastigohon ko an bisan hin-o nga diri magsugot ha iya."
"You may say to yourselves, “How can we know when a message has not been spoken by the Lord ?”",“Bangin mahiburong kamo kon uunanhon niyo hin pakasabot kon an mensahe hin usa nga manaragna diri natikang han Ginoo .
This is why I command you to set aside for yourselves three cities.,Amo ito nga nagsusugo ako ha iyo hin paggahin hin tulo nga mga syudad.
"If a malicious witness takes the stand to accuse someone of a crime,","Kon magtinguha in usa ka tawo hin pagdaot hin iba nga tawo pinaagi hin pagbutangbutang ha iya hin sala,"
"When you are about to go into battle, the priest shall come forward and address the army.","Ha diri pa kamo makikig-away, makada anay ha atubangan in usa nga padi ngan masiring ngadto han kasondalohan,"
"If they refuse to make peace and they engage you in battle, lay siege to that city.","Kon diri tumubyan an mga tawo hito nga syudad, kundi makig-away hira ha iyo, paliboti ini han iyo kasondalohan."
"When the Lord your God delivers it into your hand, put to the sword all the men in it.","Niyan kon an syudad ipabihag na ha iyo han Ginoo nga iyo Dyos, pamataya niyo an ngatanan nga kalalaken-an han syudad."
This is how you are to treat all the cities that are at a distance from you and do not belong to the nations nearby.,Amo ito an iyo pagbubuhaton hadton mga syudad nga hirayo hin duro tikang han tuna nga iyo pag-uokyan.
"if you notice among the captives a beautiful woman and are attracted to her, you may take her as your wife.",bangin hikit-an mo tampo ha ira in usa nga mahusay nga babaye nga imo kinakaruyag ngan buot mo pangasaw-on.
"Bring her into your home and have her shave her head, trim her nails","Dad-a hiya ngadto han imo balay diin magkikiskis hiya han iya ulo, mamamaklo,"
Do not plow with an ox and a donkey yoked together.,“Ayaw niyo pagpadisa hin pag-arado in baka ug asno.
Do not wear clothes of wool and linen woven together.,"“Ayaw kamo pagsul-ot hin dugnit nga ginhimo hin barahibo hin karnero ug lino, nga gin-usa la hin paghablon."
Make tassels on the four corners of the cloak you wear.,“Tahii niyo hin mga puntiyas dida han upat nga mga kanto han iyo mga panapton.”
"If a man takes a wife and, after sleeping with her, dislikes her","“Pananglit in usa nga lalake mangasawa hin babaye, ngan katapos diri na hiya maruyag hini nga iya asawa;"
and the elders shall take the man and punish him.,Niyan kukuhaon han mga pangulo han bungto an bana ngan paglalatobon hiya.
"If, however, the charge is true and no proof of the young woman’s virginity can be found,","“Kundi kon matuod an sumbong ngan waray man saksi nga uray an babaye,"
"If a man happens to meet in a town a virgin pledged to be married and he sleeps with her,",“Pananglit hidakpan in usa nga lalake didto hin bungto nga nakikighilawas hin babaye nga may kasabot na nga iba nga lalake.
A man is not to marry his father’s wife; he must not dishonor his father’s bed.,“Waray tawo nga magpakaalo han iya amay pinaagi hin pakighilawas han bisan hin-o han mga asawa han iya amay.
No one who has been emasculated by crushing or cutting may enter the assembly of the Lord .,“Waray tawo nga ginkapon o gin-utdan han iya ikinatawo nga masasakop han mga tawo han Ginoo .
Do not seek a treaty of friendship with them as long as you live.,"Samtang usa pa kamo nga nasod, ayaw gud niyo pagbuligi basi diri magmainuswagon ini nga mga nasod."
The third generation of children born to them may enter the assembly of the Lord .,An ira mga tulin tikang han ikatulo ka lito han ira katulinan mahihimo masakop han mga tawo han Ginoo .
"When you are encamped against your enemies, keep away from everything impure.","“Kon aadto kamo ha kampo ha panahon hin araway, paglikyi niyo an bisan ano nga makakahugaw ha iyo."
"But as evening approaches he is to wash himself, and at sunset he may return to the camp.",Ha pagkakulop kinahanglan kumarigos hiya ngan ha pagkatunod han adlaw makakabalik na hiya ngadto han kampo.
Designate a place outside the camp where you can go to relieve yourself.,“Kinahanglan may-ada niyo dapit ha gawas han kampo nga kakadtoan niyo kon mauro kamo.
"If a slave has taken refuge with you, do not hand them over to their master.","“Kon kumalagiw in usa nga oripon tikang han iya agaron ngan dumangop ha iyo hin pagpaugop, ayaw hiya pabalika."
"But if you refrain from making a vow, you will not be guilty.","Diri sala an diri pagsumpa ha Ginoo ,"
"and if after she leaves his house she becomes the wife of another man,","Niyan pananglit pumaasawa ini nga babaye hin lain nga lalake,"
Remember what the Lord your God did to Miriam along the way after you came out of Egypt.,Hinumdomi niyo an ginbuhat han Ginoo nga iyo Dyos kan Miriam han paggawas niyo tikang ha Ehipto.
Stay outside and let the neighbor to whom you are making the loan bring the pledge out to you.,hulat la kamo didto ha gawas ngan hiya an pahataga hini ha iyo.
"If the neighbor is poor, do not go to sleep with their pledge in your possession.","Kon kablas hiya nga tawo, ayaw ini pagtipigi ngada han pagkagab-i;"
Remember that you were slaves in Egypt. That is why I command you to do this.,Ayaw niyo hingalimti nga mga oripon kamo didto ha Ehipto; sanglit iginhatag ko ha iyo ini nga sugo.
Do not muzzle an ox while it is treading out the grain.,“Ayaw niyo pagbusali an baka samtang ginagamit mo ini hin paggiok.
That man’s line shall be known in Israel as The Family of the Unsandaled.,Kikilal-on an iya panimalay didto ha Israel nga ‘an panimalay han tawo nga ginhukasan han iya sandalyas.’
you shall cut off her hand. Show her no pity.,ayaw niyo kalooyi an babaye; utda an iya kamot.
"Do not have two differing measures in your house—one large, one small.",13-14 “Ayaw kamo paglimbong kon nagamit kamo hin mga timbangan suroklan ngan mga taraksan.
Remember what the Amalekites did to you along the way when you came out of Egypt.,“Hinumdomi niyo an ginbuhat ha iyo han mga Amalekanhon han paggawas niyo ha Ehipto.
The priest shall take the basket from your hands and set it down in front of the altar of the Lord your God.,“Kukuhaon han padi tikang ha imo an basket ngan ibubutang ini ha atubangan han altar han Ginoo nga iyo Dyos.
"But the Egyptians mistreated us and made us suffer, subjecting us to harsh labor.",Ginraogdaog kami han mga Ehiptohanon ngan ginpirit kami hin pagtrabaho nga ira mga oripon.
"He brought us to this place and gave us this land, a land flowing with milk and honey;",Gindara kami niya nganhi ngan iginhatag ha amon ini nga hura ngan matambok nga tuna.
And you shall write very clearly all the words of this law on these stones you have set up.”,Dida han mga bato nga binawbawan hin apog igsurat niyo hin dayag kaupay an tagsa nga pulong han mga balaod han Dyos.”
On the same day Moses commanded the people:,"Niyan ginsiring ni Moises an mga tawo han Israel,"
The Levites shall recite to all the people of Israel in a loud voice:,Ighihimangraw han mga Levita hin dako nga tingog ini nga mga pulong:
"“Cursed is anyone who dishonors their father or mother.” Then all the people shall say, “Amen!”","“‘Higagabaan han Dyos an bisan hin-o nga magpakaalo han iya amay o iroy.’ “Ngan an ngatanan nga mga tawo mabaton, ‘Amen!’"
"“Cursed is anyone who has sexual relations with any animal.” Then all the people shall say, “Amen!”","“‘Higagabaan han Dyos an bisan hin-o nga makighilawas hin mananap.’ “Ngan an ngatanan nga mga tawo mabaton, ‘Amen!’"
All these blessings will come on you and accompany you if you obey the Lord your God:,Pagsugta an Ginoo nga iyo Dyos ngan magigin iyo ini ngatanan nga mga bendisyon:
You will be blessed in the city and blessed in the country.,“Bebendisyonan han Ginoo an iyo mga bungto ngan an iyo kaumhan.
Your basket and your kneading trough will be blessed.,“Bebendisyonan han Ginoo an iyo inani nga mga abot ngan an iyo pagkaon.
You will be blessed when you come in and blessed when you go out.,“Bebendisyonan han Ginoo an ngatanan nga ginbubuhat niyo.
You will be cursed in the city and cursed in the country.,“Higagabaan han Ginoo an iyo mga bungto ngan an iyo kaumhan.
Your basket and your kneading trough will be cursed.,“Higagabaan han Ginoo an iyo inani nga mga abot ngan an pagkaon nga gin-aandam niyo tikang hini nga mga abot.
You will be cursed when you come in and cursed when you go out.,“Higagabaan han Ginoo an ngatanan nga iyo ginbubuhat.
"The sky over your head will be bronze, the ground beneath you iron.",Diri na mauran ngan masusugad hin puthaw kamatig-a an iyo tuna.
"The Lord will afflict you with madness, blindness and confusion of mind.","Hahampakon kamo han Ginoo hin pagkalurong, pagkabuta, ngan pagkagupong."
The sights you see will drive you mad.,Makakapatuyaw ha iyo an iyo mga pag-antos.
"You will sow much seed in the field but you will harvest little, because locusts will devour it.","“Magtatanom kamo hin damo nga mga binhe, kundi gutiay la an iyo pag-aanihon, kay kakaonon han mga duron an iyo mga tanom."
"You will have sons and daughters but you will not keep them, because they will go into captivity.","Magkakamay-ada niyo mga anak nga kalalaken-an ug kababayen-an, kundi mawawara hira ha iyo, kay dadad-on hira nga mga bihag."
Swarms of locusts will take over all your trees and the crops of your land.,Kakaonon hin gudtiay nga mga mananap an ngatanan niyo nga mga kahoy ngan mga abot.
"The foreigners who reside among you will rise above you higher and higher, but you will sink lower and lower.","“Magtitikagamhanan an mga lumalangyaw nga nag-uokoy didto han iyo tuna, samtang magtitiluya an iyo gahom."
"They will lend to you, but you will not lend to them. They will be the head, but you will be the tail.","Magkakamay-ada nira kwarta nga igpapautang ha iyo, kundi mawawaray kamo igpapautang ha ira. Ha kataposan paghahadian kamo nira."
They will be a sign and a wonder to you and your descendants forever.,Magigin tigaman ini han kanan Dyos paghukom ha kadayonan ha iyo ngan han iyo mga tulin.
a fierce-looking nation without respect for the old or pity for the young.,"Magmamapintas hira ngan waray pagkalooy hin bisan hin-o, ma batan-on o tigurang."
"With your own eyes you saw those great trials, those signs and great wonders.","Kinmita kamo han magpakangingirhat nga mga peste, an mga milagro, ngan an dagko nga mga urosahon nga ginbuhat han Ginoo ."
"I am making this covenant, with its oath, not only with you",Diri kamo la an ginhihimoan han Ginoo hini nga ginsaaran upod an mga turumanon hini.
Now what I am commanding you today is not too difficult for you or beyond your reach.,“Diri makuri hin duro o mahihimo niyo hin pagtuman an sugo nga ihahatag ko ha iyo yana nga adlaw.
"No, the word is very near you; it is in your mouth and in your heart so you may obey it.","Diri, aada ini ha iyo. Aada ini ha iyo mga im-im ug kasingkasing, sanglit tumana ini niyo yana."
"See, I set before you today life and prosperity, death and destruction.","“Yana nga adlaw ginpapagpili ko kamo han iyo karuyag: maupay o maraot, kinabuhi o kamatayon."
Then Moses went out and spoke these words to all Israel:,"Nagpadayon hi Moises hin paghimangraw ngadto han mga tawo han Israel,"
"Then the Lord appeared at the tent in a pillar of cloud, and the cloud stood over the entrance to the tent.",ngan didto pinmakita ha ira an Ginoo dida hin usa nga harigi nga dampog nga tinmindog ha ligid han portahan han Tulda.
So Moses wrote down this song that day and taught it to the Israelites.,Hito manta nga adlaw iginsurat ni Moises an kanta ngan igintutdo ini han katawhan han Israel.
"After Moses finished writing in a book the words of this law from beginning to end,",Iginsurat ni Moises an Balaod han Dyos dida hin usa nga basahan nga gin-upay gud niya nga waray hilikatan.
he gave this command to the Levites who carried the ark of the covenant of the Lord :,"Han kahuman niya, ginsiring niya an Levita nga kapadian nga tinaporan han Kahon han Ginsaaran han Ginoo ,"
And Moses recited the words of this song from beginning to end in the hearing of the whole assembly of Israel:,Niyan iginyakan ni Moises an bug-os nga kanta samtang nanmamati an ngatanan nga mga tawo han Israel.
"Listen, you heavens, and I will speak; hear, you earth, the words of my mouth.","“Tuna ug langit, pamatii an akon mga pulong, dungga hin maupay an akon igyayakan."
"I will proclaim the name of the Lord . Oh, praise the greatness of our God!","Dadayawon ko an ngaran han Ginoo , ngan igsusumat han iya mga tawo an iya pagkagamhanan."
They are corrupt and not his children; to their shame they are a warped and crooked generation.,"Kundi malingo kamo, diri angay nga magin iya mga tawo, usa nga makasasala ngan malimbong nga nasod."
"For the Lord ’s portion is his people, Jacob his allotted inheritance.",kundi iya ginpili an mga tulin ni Jacob para ha iya ngahaw.
The Lord alone led him; no foreign god was with him.,"An Ginoo la an nagmando han iya mga tawo, nga waray buligi hiya hin langyaw nga diyos."
"You deserted the Rock, who fathered you; you forgot the God who gave you birth.","Nangalimot hira han ira Dyos, an makagarahum nira nga magtaralwas, an Dyos nga naghatag ha ira hin kinabuhi."
“I will heap calamities on them and spend my arrows against them.,"“‘Dadad-an ko hira hin waray pagkatapos nga mga karat-an, ngan gagamiton ko an akon mga pana kontra ha ira."
"I said I would scatter them and erase their name from human memory,","Karuyag ko unta hin pagpuo ha ira, basi hingalimtan hira ha kadayonan."
"They are a nation without sense, there is no discernment in them.",“An Israel amo in usa nga nasod nga waray buot; waray gud nira pagsabot.
If only they were wise and would understand this and discern what their end will be!,"Diri hira maaram kon kay ano nga ginpirde hira, diri hira nakakasabot han nahinabo."
"For their rock is not like our Rock, as even our enemies concede.","Maaram an ira mga kaaway nga magluya an ira kalugaringon nga kadiyosan, nga diri makagarahum sugad han Dyos han Israel."
"Their wine is the venom of serpents, the deadly poison of cobras.",sugad hin bino nga hinimo tikang han lara hin kahalasan.
“Have I not kept this in reserve and sealed it in my vaults?,“Nanumdom an Ginoo han ginbuhat han ira mga kaaway; naghulat hiya han igo nga panahon hin pagkastigo ha ira.
"He will say: “Now where are their gods, the rock they took refuge in,","Niyan mapakiana an Ginoo han iya mga tawo, ‘Hain na adton gamhanan nga kadiyosan nga iyo ginsarigan?"
"I lift my hand to heaven and solemnly swear: As surely as I live forever,","Sugad nga ako amo an buhi nga Dyos, inaalsa ko an akon kamot hin pagsumpa"
"When Moses finished reciting all these words to all Israel,","Han kahuman ni Moises hin paghatag han mga tawo han mga pagturon-an han Dyos,"
"On that same day the Lord told Moses,","Hito manta nga adlaw nagsiring an Ginoo kan Moises,"
"the law that Moses gave us, the possession of the assembly of Jacob.","Masugot kita han Balaod nga iginhatag ha aton ni Moises, an gimamahali nga manggad han aton nasod."
"He was king over Jeshurun when the leaders of the people assembled, along with the tribes of Israel.","An Ginoo nahimo nga hadi han iya mga tawo nga Israel, han pagkatirok han ira mga tribo ngan mga pangulo."
"“Let Reuben live and not die, nor his people be few.”","Nagsiring hi Moises mahitungod han tribo ni Ruben: “Diri unta mapuo hi Ruben, Bisan kon gutiay la hira nga mga tawo.”"
with the choicest gifts of the ancient mountains and the fruitfulness of the everlasting hills;,Maluob unta hin pinili nga mga bunga an kadaan nira nga kabungtoran.
"About Dan he said: “Dan is a lion’s cub, springing out of Bashan.”",Nagsiring hiya mahitungod han tribo ni Dan: “Hi Dan amo in usa nga nati nga liyon; Nalukso hiya tikang ha Basan.”
"The bolts of your gates will be iron and bronze, and your strength will equal your days.","Mga puthaw an mga trangka han nga mga ganghaan, Ngan dayuday nga himyang an iya pag-ukoy.”"
"And Moses the servant of the Lord died there in Moab, as the Lord had said.","Sanglit namatay hi Moises nga surugoon han Ginoo didto han tuna han Moab, sumala han iginsiring han Ginoo ."
"Since then, no prophet has risen in Israel like Moses, whom the Lord knew face to face,",Waray gud manaragna han Israel nga sugad kan Moises; nga suok kaupay han Ginoo .
Grace and peace to you from God our Father and the Lord Jesus Christ.,Tagan unta kamo han Dyos nga aton Amay ngan han Ginoo Jesu-Cristo hin grasya ngan kamurayaw.
"to the praise of his glorious grace, which he has freely given us in the One he loves.",Pagdayawon ta an Dyos tungod han iya mahimayaon nga grasya nga iginhatag ha aton pinaagi han iya hinigugma nga Anak!
"that he lavished on us. With all wisdom and understanding,",nga iya iginhatag ha aton hin waray sukol! Ha bug-os niya nga kinaadman ngan hibaro
"in order that we, who were the first to put our hope in Christ, might be for the praise of his glory.",Sanglit kita nga una maglaom kan Cristo magdayaw kita han himaya han Dyos.
"I have not stopped giving thanks for you, remembering you in my prayers.",waray ako humunong hin pagpasalamat han Dyos tungod ha iyo. Hinnunumdoman ko kamo ha akon mga pag-ampo.
"As for you, you were dead in your transgressions and sins,",Hadto anay mga patay kamo ha espiritu tungod han iyo mga pagtalapas ngan mga sala.
"But because of his great love for us, God, who is rich in mercy,","Kundi labis an pagkalooy han Dyos ha aton, ngan labi na an iya paghigugma ha aton,"
"And God raised us up with Christ and seated us with him in the heavenly realms in Christ Jesus,","Ha aton pakig-usa kan Cristo Jesus, ginbanhaw kita upod ha iya basi maghadi kita kaupod niya didto ha langit."
"not by works, so that no one can boast.","Waray gud niyo dinhe sadang ipanhambog, tungod nga diri ini bunga han iyo kalugaringon nga mga buhat."
But now in Christ Jesus you who once were far away have been brought near by the blood of Christ.,"Kundi yana ha pakig-usa kan Cristo Jesus, kamo nga hadto anay nahirayo han Dyos, nahirani na pinaagi han kamatayon ni Cristo."
In him the whole building is joined together and rises to become a holy temple in the Lord.,"Amo hiya an nahawid han bug-os nga balay, ngan nagpapadako ngadto hin usa nga templo nga baraan han Ginoo."
"For this reason I, Paul, the prisoner of Christ Jesus for the sake of you Gentiles—","Tungod hini, ako, hi Pablo nga binilanggo tungod kan Cristo Jesus para ha iyo nga mga Hentil nag-aampo ngadto han Dyos."
"that is, the mystery made known to me by revelation, as I have already written briefly.","Iginpadayag han Dyos an iya tinago nga pagburot-an ngan iginpahibaro niya ha akon. (Nagsurat ako hin halipot hiunong hini,"
"In reading this, then, you will be able to understand my insight into the mystery of Christ,","ngan kon iyo basahon an akon ginsurat, hibabaroan niyo an akon hinsabotan mahitungod han tinago mahitungod kan Cristo.)"
according to his eternal purpose that he accomplished in Christ Jesus our Lord.,"Ginbuhat ini han Dyos sumala han iya dayon nga panuyo, nga iya nahimo pinaagi kan Cristo Jesus nga aton Ginoo."
"For this reason I kneel before the Father,","Sanglit tungod hini, naluhod ako ha atubangan han Amay,"
from whom every family in heaven and on earth derives its name.,nga amo an nahatag han matuod nga ngaran ha tagsa nga panimalay ha langit ngan ha tuna.
"to him be glory in the church and in Christ Jesus throughout all generations, for ever and ever! Amen.",dayawon ta hiya dida ha singbahan ug dida kan Cristo tubtob ha katubtoban. Matuman kunta.
"Be completely humble and gentle; be patient, bearing with one another in love.","Dayuday mapinaubsanon kamo, maaghop, ngan mailobon kamo. Ipakita an iyo gugma pinaagi hin pakialayon han iba."
Make every effort to keep the unity of the Spirit through the bond of peace.,"Talinguhaa an pagpadayon han pagkaurosa nga iginhatag han Espiritu, pinaagi han kamurayaw nga naggagapos ha iyo."
"There is one body and one Spirit, just as you were called to one hope when you were called;","May-ada usa nga lawas ngan usa nga Espiritu, sugad nga may-ada usa nga paglaom nga tungod hini gintawag kamo han Dyos."
"one Lord, one faith, one baptism;","May-ada usa nga Ginoo, usa nga pagtoo, usa nga pagbunyag;"
But to each one of us grace has been given as Christ apportioned it.,"An kada usa ha aton tinagan hin upa, sumala han ginbahinbahin ni Cristo."
"That, however, is not the way of life you learned",Diri amo ini an iyo hinbaroan hiunong kan Cristo!
to be made new in the attitude of your minds;,Kinahanglan mabag-o hin hingpit an iyo mga kasingkasing ngan mga hunahuna.
"“In your anger do not sin” : Do not let the sun go down while you are still angry,","Kon masina kamo, ayaw itugot nga an kasina matinikangan han imo pakasala; ngan ayaw pagkinasina ha bug-os nga adlaw."
and do not give the devil a foothold.,Ayaw pagtagi hin higayon an Yawa.
"Follow God’s example, therefore, as dearly loved children","Kay mga hinigugma man kamo nga mga anak han Dyos, kinahanglan magtinguha kamo hin pagsubad ha iya."
Therefore do not be partners with them.,Sanglit likayi niyo an sugad nga mga tawo.
"(for the fruit of the light consists in all goodness, righteousness and truth)","Kay an kapawa amo an nag-aani han bunga han pagkamaupay, pagkamatadong, ngan kamatuoran."
and find out what pleases the Lord.,Tinguhaa nga mahibaroan niyo an nakakalipay han Ginoo.
It is shameful even to mention what the disobedient do in secret.,Makaarawod gudman bisan hin paghimangraw la mahitungod han mga butang nga binubuhat nira hin tago.)
But everything exposed by the light becomes visible—and everything that is illuminated becomes a light.,"Ngan kon madara na ha kapaw-an an ngatanan nga mga butang, dida hito madadayag na hin maupay an ira tinuod nga kinaiya;"
"making the most of every opportunity, because the days are evil.","Pahimulosi niyo hin maupay an tagsa nga higayon nga iyo maaangkon, kay salaan ini nga mga adlaw."
"Therefore do not be foolish, but understand what the Lord’s will is.","Sanglit ayaw kamo pagpakalurong, kundi tinguhaa nga masabtan niyo an karuyag han Ginoo ipabuhat ha iyo."
"Do not get drunk on wine, which leads to debauchery. Instead, be filled with the Spirit,","Ayaw gud kamo paghubog hin bino kay makakadaot ini ha iyo, kundi mapuno lugod kamo han Espiritu."
Submit to one another out of reverence for Christ.,Pagsinugtanay kamo tungod han iyo pagtahod kan Cristo.
"Wives, submit yourselves to your own husbands as you do to the Lord.","Mga asawa, sugot kamo han iyo bana sugad han pagsugot niyo han Ginoo."
for we are members of his body.,kay mga kaapi kita han iya lawas.)
"Children, obey your parents in the Lord, for this is right.","Mga anak, iyo ito Cristianos nga katungdanan hin pagsugot han iyo mga kag-anak, kay amo ini an angay buhaton."
“Honor your father and mother”—which is the first commandment with a promise—,“Pasidunggi an amay ug an iroy niyo.” Amo ini an syahan nga sugo nga may igindugang nga saad:
“so that it may go well with you and that you may enjoy long life on the earth.”,"“Basi maghingaupay kamo, ngan mabuhi kamo hin maiha dinhe ha tuna.”"
"Serve wholeheartedly, as if you were serving the Lord, not people,","Sanglit buhata nga malipayon an iyo mga buruhaton ha ka oripon, nga daw an Ginoo an gin-aalagad niyo, ngan diri la mga tawo."
"Finally, be strong in the Lord and in his mighty power.",Ha kataposan padig-ona an iyo kusog pinaagi hin pakig-usa han Ginoo ngan pinaagi han iya dako nga gahom.
and with your feet fitted with the readiness that comes from the gospel of peace.,ngan an kaandam hin pagpasangyaw han Maupay nga Sumat han kalinaw sugad hin mga sandalyas han iyo mga tiil.
"Take the helmet of salvation and the sword of the Spirit, which is the word of God.","Ngan karawata niyo an katalwasan sugad hin helmet, ngan an Pulong han Dyos sugad hin espada nga ihinahatag ha iyo han Espiritu."
"Peace to the brothers and sisters, and love with faith from God the Father and the Lord Jesus Christ.","Tagan unta han Dyos nga Amay ngan han Ginoo Jesu-Cristo hin kamurayaw ngan gugma, upod an pagtoo, an ngatanan nga kabugtoan."
Grace to all who love our Lord Jesus Christ with an undying love.,Maada unta an grasya han Dyos ha ngatanan nga nahigugma hin waray paglubad han aton Ginoo Jesu-Cristo.
"Reuben, Simeon, Levi and Judah;","amo hira Ruben, Simeon, Levi, Juda,"
"Issachar, Zebulun and Benjamin;","Isacar, Zabulon, Benjamin,"
Dan and Naphtali; Gad and Asher.,"Dan, Neftali, Gad ug Aser."
The descendants of Jacob numbered seventy in all; Joseph was already in Egypt.,Setenta hira ngatanan nga mga tawo nga tunay nga tulin ni Jacob. Hi Jose nga iya anak nakadto na ngadaan ha Ehipto.
"Now Joseph and all his brothers and all that generation died,","Linmabay in maiha nga katuigan ngan nagkamatay hira Jose, an ngatanan nga iya kabugtoan, ngan an ngatanan hini nga katulinan,"
"Then a new king, to whom Joseph meant nothing, came to power in Egypt.",Nagkamay-ada bag-o nga hadi didto ha Ehipto nga waray gud niya hinbaroan mahitungod kan Jose.
"“Look,” he said to his people, “the Israelites have become far too numerous for us.","Nagsiring hiya ha iya mga tawo, “Damo na hin duro ug magkusog na ini nga mga Israelita ngan makaharadlok na hira para ha aton."
His sister stood at a distance to see what would happen to him.,Didto ha uruunhan nagtukdaw an bugto nga babaye han bata hin pag-inaw kon ano an mahinanabo han bata.
"“Yes, go,” she answered. So the girl went and got the baby’s mother.","“Alayon, hin pagkadto,” binmaton hiya. Sanglit linmakat an babayehay ngan gindara niya an kalugaringon nga iroy han bata."
"When the girls returned to Reuel their father, he asked them, “Why have you returned so early today?”","Han pagbalik nira ngadto han ira amay, nagpakiana hiya, “Kay ano nga timprano pa man kamo manguli yana nga adlaw?”"
"Moses agreed to stay with the man, who gave his daughter Zipporah to Moses in marriage.","Sanglit didto hi Moises pag-ukoy, ngan iginpaasawa ha iya ni Jetro hi Sefora nga iya anak."
So God looked on the Israelites and was concerned about them.,"Hinkit-an niya an pagkaoripon han mga Israelita, ngan nalooy hiya ha ira."
"So now, go. I am sending you to Pharaoh to bring my people the Israelites out of Egypt.”",Yana sinusugo ko ikaw ngadto han hadi han Ehipto basi makagmando ka han akon mga tawo hin paggawas tikang han iya nasod.”
But I know that the king of Egypt will not let you go unless a mighty hand compels him.,Maaram ako nga diri matugot ha iyo an hadi han Ehipto gawas kon piriton gud hiya.
"Then the Lord said to him, “What is that in your hand?” “A staff,” he replied.","Sanglit nagpakiana ha iya an Ginoo , “Ano ito nga imo kinakaptan?” “Usa nga tungkod,” binmaton hiya."
"Then the Lord said, “If they do not believe you or pay attention to the first sign, they may believe the second.","Nagsiring an Ginoo , “Kon diri hira tumood ha imo o tumangdo han syahan nga milagro, matood hira hini nga ikaduha."
Now go; I will help you speak and will teach you what to say.”,"Hala, kadto na! Bubuligan ko ikaw hin pagyakan ngan susumatan ko ikaw han imo igyayakan.”"
"But Moses said, “Pardon your servant, Lord. Please send someone else.”","Kundi binmaton hi Moises, “Ayaw ako, Ginoo, pagsugo gad hin lain nga tawo.”"
But take this staff in your hand so you can perform the signs with it.”,Dad-a ini nga tungkod; kay magbubuhat ka hin mga milagro pinaagi hini.”
"Then say to Pharaoh, ‘This is what the Lord says: Israel is my firstborn son,","Niyan kinahanglan pagsumatan mo hiya nga nasiring ako nga Ginoo , ‘Akon suhag nga lalake an Israel."
"At a lodging place on the way, the Lord met Moses and was about to kill him.","Didto hin usa nga karampohan nga dapit dida han dalan tipakadto ha Ehipto, gintapo han Ginoo hi Moises ngan gin-iparatay hiya."
"Moses and Aaron brought together all the elders of the Israelites,",Sanglit kinmadto ha Ehipto hira Moises ug Aaron ngan gintirok nira an ngatanan nga mga pangulo nga Israelita.
"Then Pharaoh said, “Look, the people of the land are now numerous, and you are stopping them from working.”",Darudamo na ngani kamo nga mga tawo kay han mga Ehiptohanon. Ngan yana karuyag na niyo umundang hin pagtrabaho!”
That same day Pharaoh gave this order to the slave drivers and overseers in charge of the people:,"Hito manta nga adlaw ginsugo han hadi an mag-isog nga mga kapatas nga Ehiptohanon ngan an mga tinaporan nga mga Israelita,"
So the people scattered all over Egypt to gather stubble to use for straw.,Sanglit ginsahid han mga tawo an bug-os nga Ehipto hin pagbiling hin mga uhot.
"When they left Pharaoh, they found Moses and Aaron waiting to meet them,","Han nabaya na hira, ira ginkatapo hira Moises ug Aaron, nga naghihinulat ha ira."
"God also said to Moses, “I am the Lord .","Naghimangraw kan Moises an Dyos ngan nagsiring, “Ako amo an Ginoo ."
"Then the Lord said to Moses,","Niyan nagsiring kan Moises an Ginoo ,"
"“Go, tell Pharaoh king of Egypt to let the Israelites go out of his country.”",“Kadto ngan sumati an hadi han Ehipto nga kinahanglan pagawson niya han iya tuna an mga Israelita.”
"The sons of Gershon, by clans, were Libni and Shimei.","May duha nga anak nga kalalaken-an hi Gerson: hira Libni ug Simei, ngan nagkamay-ada nira damo nga mga tulin."
"The sons of Izhar were Korah, Nepheg and Zikri.","May tulo nga anak nga kalalaken-an hi Isar: hira Core, Nefeg, ug Zicri."
"The sons of Uzziel were Mishael, Elzaphan and Sithri.","May tulo liwat nga mga anak nga kalalaken-an hi Uziel: hira Misael, Elzafan, ug Sitri."
"Now when the Lord spoke to Moses in Egypt,","Han paghimangraw han Ginoo kan Moises didto han tuna han Ehipto,"
"But Moses said to the Lord , “Since I speak with faltering lips, why would Pharaoh listen to me?”","Kundi binmaton hi Moises, “Maaram ka nga maluya gud ako nga magyarakan; kay ano nga mamamati ha akon an hadi?”"
Moses and Aaron did just as the Lord commanded them.,Ginbuhat nira Moises ug Aaron an iginsugo han Ginoo .
Moses was eighty years old and Aaron eighty-three when they spoke to Pharaoh.,"Otsenta na an panuigon ni Moises, ngan 83 na an kan Aaron han paghimangraw nira han hadi."
"The Lord said to Moses and Aaron,","Nagsiring an Ginoo kanda Moises ngan Aaron,"
Each one threw down his staff and it became a snake. But Aaron’s staff swallowed up their staffs.,Igin-itsa nira an ira mga tungkod ngan nagkahihimo ini nga mga halas. Kundi ginlam-oy han tungkod ni Aaron an ira mga tungkod.
"Then the Lord said to Moses, “Pharaoh’s heart is unyielding; he refuses to let the people go.","Niyan nagsiring an Ginoo kan Moises, “Matig-a hin duro an ulo han hadi ngan nadiri hiya hin pagpalakat han mga tawo."
"Instead, he turned and went into his palace, and did not take even this to heart.",Linmakat lugod hiya ngan binmalik ngadto han iya palasyo ngan waray la hiya pakaalantad hini.
Seven days passed after the Lord struck the Nile.,Linmabay in pito ka adlaw katapos han Ginoo pagbalbaga an salog.
"If you refuse to let them go, I will send a plague of frogs on your whole country.","Kon dumiri ka, pagkakastigohon ko an imo nasod pinaagi hin pagluoba hini hin mga pakla."
The frogs will come up on you and your people and all your officials.’ ”,"Malukso hira ngada ha imo, han imo mga tawo, ngan han ngatanan nga imo mga opisyal.’”"
"So Aaron stretched out his hand over the waters of Egypt, and the frogs came up and covered the land.","Sanglit ginkaptan ni Aaron an iya tungkod ha bawbaw han ngatanan nga katubigan, ngan inmulpot an mga pakla ngan naluob an tuna."
"They were piled into heaps, and the land reeked of them.","Gintambak ini han mga Ehiptohanon hin dagko nga mga pundok, tubtob nga nagbaraho an tuna."
I will make a distinction between my people and your people. This sign will occur tomorrow.’ ”,Paglalainon ko an akon mga tawo ngan an imo mga tawo. Mahinanabo ini nga milagro buwas.’”
"Then Moses left Pharaoh and prayed to the Lord ,","Binayaan ni Moises an hadi, ngan nag-ampo hiya han Ginoo ,"
"If you refuse to let them go and continue to hold them back,","Kon dumiri ka na liwat hin pagpalakat ha ira,"
"The Lord set a time and said, “Tomorrow the Lord will do this in the land.”","Igintalaan ko nga Ginoo , an buwas nga adlaw hin pagbuhat ko hini nga kastigo.’”"
"But the Lord hardened Pharaoh’s heart and he would not listen to Moses and Aaron, just as the Lord had said to Moses.","Kundi ginpatig-a han Ginoo an kasingkasing han hadi, ngan sumala han iya iginsiring, waray an hadi mamati kanda Moises ug Aaron."
You still set yourself against my people and will not let them go.,Kundi mapinahitas-on ka la gihapon ngan nadiri ka pagtugot hin pagpalakat han akon mga tawo.
But those who ignored the word of the Lord left their slaves and livestock in the field.,"Kundi waray la baliha han iba an pahimatngon han Ginoo , ngan ginpabay-an la ha gawas an ira mga oripon ngan kamanampan."
"The only place it did not hail was the land of Goshen, where the Israelites were.",An katunaan la han Gosen nga gin-ukyan han mga Israelita an waray urani han mga bato nga yelo.
But I know that you and your officials still do not fear the Lord God.”,Kundi maaram ako nga diri pa ikaw nahahadlok han Ginoo nga Dyos ngan an imo mga opisyal.”
"(The flax and barley were destroyed, since the barley had headed and the flax was in bloom.","Nagkadudunot an tanom nga lino ngan an sebada, kay hinog na an sebada ngan nanmukad na an lino."
"The wheat and spelt, however, were not destroyed, because they ripen later.)","Kundi waray may nadunot han trigo, kay orhe man an kahinog hini."
"If you refuse to let them go, I will bring locusts into your country tomorrow.","Kon magpadayon ka hin pagdumiri, buwas gud igpapadara ko nganhi han imo nasod in mga duron."
Moses then left Pharaoh and prayed to the Lord .,"Binayaan ni Moises an hadi, ngan nag-ampo hiya han Ginoo ."
"But the Lord hardened Pharaoh’s heart, and he would not let the Israelites go.",Kundi ginpatig-a han Ginoo an kasingkasing han hadi ngan waray han hadi palakta an mga Israelita.
"But the Lord hardened Pharaoh’s heart, and he was not willing to let them go.",Ginpatig-a han Ginoo an kasingkasing han hadi ngan waray gud hiya tumugot nga lumakat hira.
"“Just as you say,” Moses replied. “I will never appear before you again.”","Binmaton hi Moises, “Sumala han imo siring, diri ka na gud makita ha akon.”"
"So Moses said, “This is what the Lord says: ‘About midnight I will go throughout Egypt.","Niyan ginsiring ni Moises an hadi, “Nasiring an Ginoo , ‘Ha katutnga han gab-i maglalatas ako han Ehipto,"
"The Lord said to Moses and Aaron in Egypt,",Naghimangraw an Ginoo kanda Moises ug Aaron didto ha Ehipto:
"“This month is to be for you the first month, the first month of your year.",“Amo ini an syahan nga bulan han tuig para ha iyo.
“Obey these instructions as a lasting ordinance for you and your descendants.,Kinahanglan pagtumanon niyo ngan han iyo mga anak ha kadayonan ini nga mga turumanon.
"When you enter the land that the Lord will give you as he promised, observe this ceremony.","Kon sumulod na kamo han tuna nga iginsaad han Ginoo hin paghatag ha iyo, kinahanglan pagbuhaton niyo ini nga seremonyas."
"And when your children ask you, ‘What does this ceremony mean to you?’","Kon magpakiana ha iyo an iyo mga anak, ‘Ano an kahulogan hini nga seremonyas?’"
"Many other people went up with them, and also large droves of livestock, both flocks and herds.","Inmupod liwat ha ira in damo nga iba nga mga tawo ngan damo nga mga karnero, mga kanding ngan mga baka."
Now the length of time the Israelite people lived in Egypt was 430 years.,Nag-ukoy an mga Israelita didto ha Ehipto sulod hin 430 ka tuig.
"Any slave you have bought may eat it after you have circumcised him,","kundi makakakaon hini in bisan hin-o nga oripon nga iyo pinalit, kon pagtorion hiya anay."
but a temporary resident or a hired worker may not eat it.,Diri makakakaon hini adton lumalabay la nga umorukoy o sinuholan la nga paratrabaho.
The whole community of Israel must celebrate it.,Kinahanglan pagsaurogon han bug-os nga bungto han Israel ini nga pyesta.
The same law applies both to the native-born and to the foreigner residing among you.”,Waray kalainan an mga turumanon han tunay nga natawo nga mga Israelita ngan han mga lumalangyaw nga nag-uokoy tampo ha iyo.”
And on that very day the Lord brought the Israelites out of Egypt by their divisions.,Dida hito manla nga adlaw ginpagawas han Ginoo an mga tribo nga Israelita tikang ha Ehipto.
"The Lord said to Moses,","Nagsiring kan Moises an Ginoo ,"
"Today, in the month of Aviv, you are leaving.","Mabaya kamo han Ehipto dida hini nga adlaw han syahan nga bulan, an bulan han Abib."
You must keep this ordinance at the appointed time year after year.,Pagsauroga niyo ini nga pyesta dida han igintalaan nga panahon ha kada tuig.
After leaving Sukkoth they camped at Etham on the edge of the desert.,"Binayaan han mga Israelita an Sucot ngan nagkampo hira didto ha Etam, didto han ligid han kamingawan."
Neither the pillar of cloud by day nor the pillar of fire by night left its place in front of the people.,Dayuday nag-una han mga tawo an harigi nga dampog kon adlaw ngan an harigi nga kalayo kon gab-i.
"Then the Lord said to Moses,","Niyan nagsiring kan Moises an Ginoo ,"
"Pharaoh will think, ‘The Israelites are wandering around the land in confusion, hemmed in by the desert.’",Makakasiring an hadi nga nagkaburublag ngan nagsarang ha tuna an mga Israelita ngan diri makakagawas ha kamingawan.
So he had his chariot made ready and took his army with him.,Sanglit gin-andam han hadi an iya mga karuwahe ngan an iya kasondalohan hin pakig-away.
The Lord will fight for you; you need only to be still.”,"An Ginoo amo an makikig-away para ha iyo, ngan an kinahanglan la niyo pagbuhaton amo an paghilom.”"
The Lord is a warrior; the Lord is his name.,Usa nga paraaway an Ginoo ; an Ginoo amo an iya ngaran.
The deep waters have covered them; they sank to the depths like a stone.,Ginlapwasan hira han hilarom nga dagat; linmunod hira ha kahiladman sugad hin bato.
"“You stretch out your right hand, and the earth swallows your enemies.","Gin-unat mo an imo tuo nga kamot, ngan ginlam-oy han tuna an amon mga kaaway."
The nations will hear and tremble; anguish will grip the people of Philistia.,Hinbatian han kanasoran ngan nangungurog hira hin kahadlok; inaalpan hin duro nga kakulba an mga Filisteohanon
“The Lord reigns for ever and ever.”,"Maghahadi ka ha kadayonan, O Ginoo .”"
"So the people grumbled against Moses, saying, “What are we to drink?”","Nagsumbong kan Moises an mga tawo ngan nagpakiana, “Ano an aton iimnon?”"
In the desert the whole community grumbled against Moses and Aaron.,Didto han kamingawan nagngurutob hira ngatanan kontra kanda Moises ug Aaron
"The Lord said to Moses,","Nagsiring an Ginoo ,"
"The Israelites did as they were told; some gathered much, some little.","Ginbuhat ini han mga Israelita. May-ada ha ira nagtirok hin damo, ngan an iba gutiay la."
"Then Moses said to them, “No one is to keep any of it until morning.”","Nagsiring ha ira hi Moises, “Kinahanglan waray maghimos hin bisan ano hini para buwas.”"
"Each morning everyone gathered as much as they needed, and when the sun grew hot, it melted away.","Ikinaaga nangunguha an kada usa sugad la han iya kinahanglan; ngan kon mapaso na an adlaw, natunaw adton nahibibilin ha tuna."
"Nevertheless, some of the people went out on the seventh day to gather it, but they found none.","Dida han ikapito nga adlaw ginmawas in pipira han mga tawo basi manguha hin mga pagkaon, kundi waray hira makaagi."
"Then the Lord said to Moses, “How long will you refuse to keep my commands and my instructions?","Niyan nagsiring kan Moises an Ginoo , “Tubtob san-o an diri niyo pagsugot han akon mga sugo?"
So the people rested on the seventh day.,Sanglit waray magtrabaho an mga tawo dida han ikapito nga adlaw.
(An omer is one-tenth of an ephah.),Baynte ka litro an hin-aaraan nga taraksan nga ginggamit hadto nga panahon.)
The Amalekites came and attacked the Israelites at Rephidim.,Nagkaabot an mga Amalekanhon ngan ginsulong nira an mga Israelita didto ha Refidim.
So Joshua overcame the Amalekite army with the sword.,Hini nga paagi ginpirde ni Josue an mga Amalekanhon.
Moses built an altar and called it The Lord is my Banner.,Nagtindog hi Moises hin usa nga altar ngan ginngaranan ini nga “An Ginoo amo an akon Bandera.”
"After Moses had sent away his wife Zipporah, his father-in-law Jethro received her","Sanglit kinmadto hiya kan Moises ngan upod niya hi Sefora nga asawa ni Moises, nga iginbilin la anay ha iya,"
"Moses answered him, “Because the people come to me to seek God’s will.","Binmaton hi Moises, “Kinahanglan pagbuhaton ko ini kay nadangop man ha akon an mga tawo hin panginsayod han kaburot-on han Dyos."
"Moses’ father-in-law replied, “What you are doing is not good.","Niyan nagsiring hi Jetro, “Diri maupay ini nga imo ginbubuhat. Gugul-an ka hin duro pati ini nga mga tawo."
Moses listened to his father-in-law and did everything he said.,"Gintuman ni Moises an sagdon ni Jetro,"
"Then Moses sent his father-in-law on his way, and Jethro returned to his own country.","Katapos, nanamilit kan Jetro hi Moises ngan inmoli hi Jetro."
"Then he said to the people, “Prepare yourselves for the third day. Abstain from sexual relations.”","ngan ginsiring hira ni Moises, “kinahanglan maandam kamo dida han ikatulo ka adlaw ngan ayaw la anay kamo pakighilawas.”"
"Then Moses led the people out of the camp to meet with God, and they stood at the foot of the mountain.","Gin-unhan hira ni Moises paggawas han kampo hin pakigkita han Dyos, ngan tinmindog hira didto han ubos han bukid."
"As the sound of the trumpet grew louder and louder, Moses spoke and the voice of God answered him.",Nagtikadako an tunog han trompeta. Nagyakan hi Moises ngan ginbaton hiya han Dyos pinaagi hin dalugdog.
So Moses went down to the people and told them.,Sanglit linmugsong hi Moises ngadto han mga tawo ngan ginsumatan hira han iginsiring han Ginoo .
And God spoke all these words:,"Naghimangraw an Dyos, ngan amo ini an iya mga pulong:"
"“I am the Lord your God, who brought you out of Egypt, out of the land of slavery.","“Ako amo an Ginoo nga iyo Dyos nga nagdara ha iyo tikang ha Ehipto, diin mga oripon kamo."
“You shall have no other gods before me.,“Ayaw kamo pagsingba hin lain nga diyos labot ha akon.
“Remember the Sabbath day by keeping it holy.,“Tumana niyo an Adlaw nga Igparahuway ngan pagbaraana ini nga adlaw.
"Six days you shall labor and do all your work,","May-ada niyo unom ka adlaw hin pagbuhat han ngatanan niyo nga buruhaton,"
“You shall not murder.,“Ayaw kamo pagpatay hin tawo.
“You shall not commit adultery.,“Ayaw kamo panlibog.
“You shall not steal.,“Ayaw kamo pangawat.
“You shall not give false testimony against your neighbor.,“Ayaw kamo pagsumbong hin buwa kontra han iyo igkasi-tawo.
"And do not go up to my altar on steps, or your private parts may be exposed.’","Ayaw kamo pagtindog hin altar para ha akon nga may-ada mga balitang tipaigbaw, kay bangin ha pagsaka humuwaw kamo."
“These are the laws you are to set before them:,“Ighatag han mga Israelita inin nasunod nga mga balaod:
“Anyone who strikes a person with a fatal blow is to be put to death.,“Kinahanglan patayon an bisan hin-o nga magkastigo hin tawo ngan makamatay ini ha iya.
“Anyone who attacks their father or mother is to be put to death.,“Kinahanglan patayon an bisan hin-o nga magkastigo han iya amay o iroy.
"“Anyone who kidnaps someone is to be put to death, whether the victim has been sold or is still in the kidnapper’s possession.","“Kinahanglan patayon an bisan hin-o nga magbihag hin tawo, basi niya hin igbaligya o himoon nga oripon."
“Anyone who curses their father or mother is to be put to death.,“Kinahanglan patayon an bisan hin-o nga magtunglo han iya amay o iroy.
"But if there is serious injury, you are to take life for life,","Kundi kon mamatay ngani an babaye, kinahanglan kinabuhi an igbabayad para hin kinabuhi,"
"eye for eye, tooth for tooth, hand for hand, foot for foot,","mata para hin mata, ngipon para hin ngipon, kamot para hin kamot, tiil para hin tiil,"
"burn for burn, wound for wound, bruise for bruise.","kapaso para hin kapaso, samad para hin samad, pilas para hin pilas."
And an owner who knocks out the tooth of a male or female slave must let the slave go free to compensate for the tooth.,"Kon ngihoan niya hin usa nga ngipon, kinahanglan buhian niya an oripon sugad nga bayad han ngipon."
This law also applies if the bull gores a son or daughter.,"Kon makamatay an baka hin usa nga bata nga lalake o babaye, gagamiton an amo ngahaw nga balaod."
"But if the animal was stolen from the neighbor, restitution must be made to the owner.","kundi kon kawaton an hayop, kinahanglan pagbaydan han naghupot an tag-iya."
“Do not allow a sorceress to live.,“Pataya niyo an bisan hin-o nga babaye nga diwatahan.
“Anyone who has sexual relations with an animal is to be put to death.,“Pataya niyo an bisan hin-o nga tawo nga makighilawas hin mananap.
“Whoever sacrifices to any god other than the Lord must be destroyed.,“Pataya niyo an bisan hin-o nga maghalad ngadto hin bisan ano nga diyos labot ha akon nga Ginoo .
"“Do not mistreat or oppress a foreigner, for you were foreigners in Egypt.",“Ayaw niyo pagtalimpigosa o pagraogdaoga in lumalangyaw; panumdom nga mga lumalangyaw kamo hadto anay didto ha Ehipto.
“Do not take advantage of the widow or the fatherless.,Ayaw niyo pagraogdaoga an bisan hin-o nga balo nga babaye o ilo.
"If you do and they cry out to me, I will certainly hear their cry.","Kon pagbuhaton niyo ini, mabaton ha ira ako nga Ginoo kon magtawag hira ha akon hin pakibulig,"
“Do not blaspheme God or curse the ruler of your people.,"“Ayaw niyo pagpakaraota an Dyos, ngan ayaw kamo pagtunglo hin usa nga pangulo han iyo mga tawo."
and do not show favoritism to a poor person in a lawsuit.,Ayaw kamo pagpakita hin pagdapig hin usa nga kablasanon dida han iya bista.
"“If you come across your enemy’s ox or donkey wandering off, be sure to return it.","“Kon hikit-an niyo nga nakabuhi in baka o asno han iyo kaaway, ig-uli ini ha iya."
“Do not deny justice to your poor people in their lawsuits.,“Ayaw niyo iglirong an katadongan ngadto hin usa nga kablasanon kon naatubang hiya han hukmanan.
"“For six years you are to sow your fields and harvest the crops,","“Sulod hin unom ka tuig, tamni an iyo tuna ngan tiroka an mga abot han iyo uma."
“Three times a year you are to celebrate a festival to me.,“Sauroga hin pagpasidungog ha akon in tulo nga mga pyesta ha kada tuig.
"Little by little I will drive them out before you, until you have increased enough to take possession of the land.",Paiiwason ko lugod hira hin hinayhinay tubtob nga igo na an iyo kadamo hin pagtag-iya han tuna.
Do not make a covenant with them or with their gods.,Ayaw kamo pakigsabot ha ira o han ira kadiyosan.
but Moses alone is to approach the Lord ; the others must not come near. And the people may not come up with him.”,"Ikaw la an mahirani ha akon, an iba diri maupod ha imo. Diri ngani angay sumagka han bukid an mga tawo.”"
"Moses and Aaron, Nadab and Abihu, and the seventy elders of Israel went up","Sinmagka han bukid hira Moises, Aaron, Nadab, Abiu, ngan an 70 nga mga pangulo han Israel,"
"Then Moses set out with Joshua his aide, and Moses went up on the mountain of God.",Nag-andam hira Moises ug Josue nga iya kabulig ngan nagtikang hi Moises hin pagsagka han baraan nga bukid.
"When Moses went up on the mountain, the cloud covered it,",Sinmagka hi Moises han Bukid Sinai ngan natahoban an bukid hin dampog.
"The Lord said to Moses,","Nagsiring kan Moises an Ginoo ,"
"These are the offerings you are to receive from them: gold, silver and bronze;","Amo ini an imo kakarawaton nga mga halad: bulawan, salapi, ug bronse;"
"blue, purple and scarlet yarn and fine linen; goat hair;","lino nga pino, delana nga asul, granate, ngan pula, dugnit nga hinimo hin barahibo hin kanding,"
ram skins dyed red and another type of durable leather ; acacia wood;,"anit hin lalaki nga karnero nga tinina hin pula, anit hin kanding; kahoy nga akasya;"
olive oil for the light; spices for the anointing oil and for the fragrant incense;,"lana para han mga lampara, mga pahamot para han lana nga igdirihog ngan pahamot para han insyenso;"
"“Then have them make a sanctuary for me, and I will dwell among them.","Kinahanglan ighimo ako han mga tawo hin usa nga baraan nga Tulda, basi makag-ukoy ako tampo ha ira."
"Overlay it with pure gold, both inside and out, and make a gold molding around it.","Haklapi ini hin puraw nga bulawan ha sulod ngan ha gawas, ngan paliboti ini hin borlas nga bulawan nga ribite."
Then make poles of acacia wood and overlay them with gold.,"Paghimo hin mga parasgan nga kahoy nga akasya ngan putsa ini hin bulawan,"
The poles are to remain in the rings of this ark; they are not to be removed.,Ayaw pagtarutalsoa an mga parasgan dida han mga maglidong nga sulpotan.
"Then put in the ark the tablets of the covenant law, which I will give you.",Niyan igsulod ha Kahon an duha nga mga papan nga bato nga ighahatag ko ha imo nga sinuratan han akon mga sugo.
Place the cover on top of the ark and put in the ark the tablets of the covenant law that I will give you.,Igsulod ha Kahon an duha nga mga papan nga bato ngan ibutang ha bawbaw an takop.
Overlay it with pure gold and make a gold molding around it.,Haklapi ini hin puraw nga bulawan ngan paliboti ini hin ribite nga bulawan.
The rings are to be close to the rim to hold the poles used in carrying the table.,Igbubutang ha hirani han moldora an mga maglidong nga sulpotan nga susuhotan han mga parasgan para hin pagdara han lamesa.
“Then make its seven lamps and set them up on it so that they light the space in front of it.,Paghimo hin pito nga mga lampara para han kandilero ngan igbutang ini basi makalamrag ngadto ha atubangan.
Its wick trimmers and trays are to be of pure gold.,Himoa tikang hin puraw nga bulawan an mga kimpit ngan mga sangga han lampara.
A talent of pure gold is to be used for the lampstand and all these accessories.,Gamit hin 35 ka kilo nga puraw nga bulawan hin paghimo han kandilero ngan han ngatanan nga mga kasangkapan hini.
See that you make them according to the pattern shown you on the mountain.,Himoa gud ini sumala han surubdan nga iginpakita ko ha imo didto ha bukid.
"Join five of the curtains together, and do the same with the other five.","Takiptakipa hin pagtahi an lima ka tinabas, ngan sugad man an lain nga lima nga tinabas."
“Make upright frames of acacia wood for the tabernacle.,"“Paghimo hin natindog nga mga balayan para han Tulda tikang hin kahoy nga akasya,"
"Each frame is to be ten cubits long and a cubit and a half wide,","nga upat ka metros an kahilaba ngan 66 ka sentimetros an kahilapad an kada usa,"
Make twenty frames for the south side of the tabernacle,Paghimo hin 20 nga mga balayan para han timogan nga ligid
"For the other side, the north side of the tabernacle, make twenty frames","Paghimo hin 20 nga mga balayan para han amihanan nga ligid han Tulda,"
"Make six frames for the far end, that is, the west end of the tabernacle,","Para han luyo han Tulda didto ha katundan, paghimo hin unom nga mga balayan,"
and make two frames for the corners at the far end.,ngan duha nga mga balayan para han mga kanto.
"“Also make crossbars of acacia wood: five for the frames on one side of the tabernacle,","“Paghimo hin 15 nga mga palhog nga kahoy nga akasya, lima para han mga balayan dida han usa nga ligid han Tulda,"
The center crossbar is to extend from end to end at the middle of the frames.,Malahos an butnga nga palhog nga aada ha katunga han mga balayan matikang ha usa nga kataposan han Tulda ngadto ha luyo.
“Set up the tabernacle according to the plan shown you on the mountain.,Tindoga an Tulda sumala han surubdan nga iginpakita ko ha imo didto han bukid.
Put the atonement cover on the ark of the covenant law in the Most Holy Place.,Takpi an Kahon han Ginsaaran.
Put it under the ledge of the altar so that it is halfway up the altar.,"Igbutang an rehas ha ubos han moldora han altar, basi makaabot ini ha katunga han kahitaas han altar."
Make poles of acacia wood for the altar and overlay them with bronze.,"Paghimo hin mga parasgan nga kahoy nga akasya, ngan putsa ini hin bronse,"
"On the east end, toward the sunrise, the courtyard shall also be fifty cubits wide.","Didto han sinirangan nga ligid, diin aadto an porta magigin 22 ka metros liwat an kahiluag han alad."
Make sacred garments for your brother Aaron to give him dignity and honor.,"Himoi hin padianon nga biste hi Aaron nga imo bugto, hin paghatag ha iya hin dungog ngan katahom."
"Have them use gold, and blue, purple and scarlet yarn, and fine linen.","Ipagamit han batid nga mga sastre an delana nga asul, granate, ngan pula, tingkal nga bulawan, ngan lino nga pino."
"It is to have two shoulder pieces attached to two of its corners, so it can be fastened.",Butangi ini hin duha nga mga hapin ha sugbong nga ikakab-it ha duha nga ligid basi kataoran han efod.
“Take two onyx stones and engrave on them the names of the sons of Israel,"Kuha ma duha nga kornalina nga bato, ngan iguhit dida hini nga mga bato an mga ngaran han dose nga mga anak ni Jacob,"
Make gold filigree settings,"Paghimo ma duha nga mga tungtongan nga bulawan,"
It is to be square—a span long and a span wide—and folded double.,"Kinahanglan kwadrado ngan pinilo ini hin doble, 22 ka sentimetros an kahilaba ngan 22 ka sentimetros an kahilapad."
"Then mount four rows of precious stones on it. The first row shall be carnelian, chrysolite and beryl;","Ipadukot dida hini in upat ka rungbay nga mga mahal nga bato: rubi, tupasyo, ug karbungkol an syahan nga rungbay;"
"the second row shall be turquoise, lapis lazuli and emerald;","esmeraldo, sapiro, ug dyamante an ikaduha nga rungbay;"
"the third row shall be jacinth, agate and amethyst;","hasinto, agata, ug amatista an ikatulo nga rungbay;"
"the fourth row shall be topaz, onyx and jasper. Mount them in gold filigree settings.","ngan birilo, kornalina, ug haspe an ikaupat nga rungbay. Kinahanglan ibawbaw ini dida hin mga tungtongan nga bulawan."
"“For the breastpiece make braided chains of pure gold, like a rope.","Para han tahob han dughan paghimo hin mga karukadena nga puraw nga bulawan, nga linubag sugad hin mga lubid."
"Fasten the two gold chains to the rings at the corners of the breastpiece,",ngan igkab-it ngada han duha nga mga bahol nga singsing an duha nga mga lubid nga bulawan.
"“Make the robe of the ephod entirely of blue cloth,",“Kinahanglan paghimoon hin lubos nga asul nga delana an kapa nga nabawbaw han efod.
Fasten a blue cord to it to attach it to the turban; it is to be on the front of the turban.,Ighigot ini hin asul nga lubid ngada ha atubangan han pudong.
Put the turban on his head and attach the sacred emblem to the turban.,"Igsul-ot ha iya an pudong, ngan ighigot ngada hini an adorno nga may ginuhit nga mga pulong: ‘Iginhalad ngadto han Ginoo .’"
Take the anointing oil and anoint him by pouring it on his head.,Niyan kuhaa an lana nga idirihog ngan ibubo ini ha iya ulo ngan dihogi hiya.
Bring his sons and dress them in tunics,“Dad-a an iya mga anak nga kalalaken-an ngan badoi hira;
Slaughter it in the Lord ’s presence at the entrance to the tent of meeting.,Ihawa an baka didto han akon baraan nga atubangan ha may porta han Tulda.
Slaughter it and take the blood and splash it against the sides of the altar.,"Ihawa ini, ngan kuhaa an dugo ngan igsablig ngada han upat nga mga ligid han altar."
Offer one in the morning and the other at twilight.,"Ighalad ha aga an usa ngan ha gab-i, an ikaduha."
"there also I will meet with the Israelites, and the place will be consecrated by my glory.","Didto makikigkita ako han mga tawo han Israel, ngan himoon ko nga baraan an dapit tungod han akon himaya."
Then I will dwell among the Israelites and be their God.,Mag-uokoy ako tampo han mga tawo han Israel ngan magigin Dyos ako nira.
“Make an altar of acacia wood for burning incense.,“Paghimo hin usa nga altar nga akasya nga para hin pagtubod hin insyenso.
Make the poles of acacia wood and overlay them with gold.,Paghimo hin mga parasgan nga akasya ngan putsa ini hin bulawan.
"Then the Lord said to Moses,","Nagsiring kan Moises an Ginoo ,"
"Then the Lord said to Moses,","Nagsiring kan Moises an Ginoo ,"
Aaron and his sons are to wash their hands and feet with water from it.,Gagamiton an tubig ni Aaron ngan han iya mga anak nga kalalaken-an hin panhunaw ngan panhimsaw
"Then the Lord said to Moses,","Nagsiring kan Moises an Ginoo ,"
500 shekels of cassia—all according to the sanctuary shekel—and a hin of olive oil.,"ngan unom ka kilo nga kasya (tinimbang ngatanan sumala han timbangan nga opisyal). Dugangi hin usa ka galon nga lana hin olibo,"
"Then use it to anoint the tent of meeting, the ark of the covenant law,","Gamita ini hin pagdihog han Tulda han Ginoo , han Kahon han Ginsaaran,"
“Anoint Aaron and his sons and consecrate them so they may serve me as priests.,"Niyan dihogi hi Aaron ngan an iya mga anak nga kalalaken-an, ngan ordinahi hira hin ka padi ha pag-alagad ha akon."
Whoever makes incense like it to enjoy its fragrance must be cut off from their people.”,Diri na gud pag-iisipon nga kausa han akon mga tawo an bisan hin-o nga maghimo hin sugad hini basi gamiton nga pahamot.”
"Then the Lord said to Moses,","Nagsiring kan Moises an Ginoo ,"
"“See, I have chosen Bezalel son of Uri, the son of Hur, of the tribe of Judah,","“Ginpili ko hi Bezalel nga anak ni Uri ngan apo ni Hur, nga sakop han tribo ni Juda,"
"to make artistic designs for work in gold, silver and bronze,","hiya an maghimo hin mga matahom nga debuho ngan magamit hiya hin bulawan, salapi, ug bronse;"
"to cut and set stones, to work in wood, and to engage in all kinds of crafts.",hiya an magtatabas hin mga mahal nga bato; an magguguhit hin kahoy; ngan han iba nga mga de arte nga buhat.
"the tent of meeting, the ark of the covenant law with the atonement cover on it, and all the other furnishings of the tent—","an akon Tulda, an Kahon han Ginsaaran upod an takop hini, an ngatanan nga mga kasangkapan han Tulda,"
"Then the Lord said to Moses,",Nagsugo kan Moises an Ginoo
So all the people took off their earrings and brought them to Aaron.,Sanglit ginkuha han ngatanan nga mga tawo an ira mga ariyos nga bulawan ngan gindara ini ngadto kan Aaron.
"“I have seen these people,” the Lord said to Moses, “and they are a stiff-necked people.",Maaram ako han kamagtig-a han mga kasingkasing hini nga mga tawo.
Then the Lord relented and did not bring on his people the disaster he had threatened.,"Sanglit ginliwat han Ginoo an iya hunahuna, ngan waray na ipadara ngadto han iya mga tawo an karat-an nga iya ginhunahuna."
"The tablets were the work of God; the writing was the writing of God, engraved on the tablets.",Ginhimo han Dyos ngahaw an mga papan ngan igingguhit ngada hini an mga sugo.
"“Do not be angry, my lord,” Aaron answered. “You know how prone these people are to evil.","Binmaton hi Aaron, “Ayaw gad ako kasinahi; maaram ka man nga karuyag hini nga mga tawo an pagbuhat hin magraot."
"The Lord replied to Moses, “Whoever has sinned against me I will blot out of my book.","Binmaton an Ginoo , “An mga maaram la hadton mga nakasala ha akon an paparaon ko dida han akon basahan."
So the Israelites stripped off their ornaments at Mount Horeb.,Sanglit waray na magsul-ot hin mga alahas an mga tawo han Israel tikang hira bumaya han Bukid Sinai.
"The Lord replied, “My Presence will go with you, and I will give you rest.”","Nagsiring an Ginoo , “Maupod ako ha imo ngan ihahatag ko ha imo an pagdarag-an.”"
"Then Moses said to him, “If your Presence does not go with us, do not send us up from here.","Binmaton hi Moises, “Kon diri ka umupod ha amon, ayaw kami pabayaa hini nga dapit."
"Then Moses said, “Now show me your glory.”","Niyan naghangyo hi Moises, “Pakitaa gad ako han imo himaya.”"
"Then the Lord said, “There is a place near me where you may stand on a rock.",kundi iini in dapit nga sapit ha akon diin makakatukdaw ka dida hin usa nga bato.
Then I will remove my hand and you will see my back; but my face must not be seen.”,"Niyan kukuhaon ko an akon kamot, ngan hikikit-an mo an akon talikoran, kundi diri ka makita han akon bayhon.”"
"Be ready in the morning, and then come up on Mount Sinai. Present yourself to me there on top of the mountain.","Pag-andam buwas han aga, ngan sagka han Bukid Sinai ngan pakigkita ha akon didto ha bawbaw han bukid."
"Then the Lord came down in the cloud and stood there with him and proclaimed his name, the Lord .","Linmusad an Ginoo dida hin usa nga dampog, tinmindog didto sapit ha iya, ngan iginpabati an iya baraan nga ngaran, an Ginoo ."
Moses bowed to the ground at once and worshiped.,Hinmapa dayon hi Moises ha tuna ngan nagsingba.
"Do not worship any other god, for the Lord , whose name is Jealous, is a jealous God.","“Ayaw kamo pagsingba hin lain nga diyos, kay maabugho ako nga Ginoo ."
“Do not make any idols.,“Ayaw kamo paghimo ngan pagsingba hin kadiyosan nga metal.
"When Moses finished speaking to them, he put a veil over his face.","Han katapos ni Moises makighimangraw ha ira, gintahoban niya hin bilo an iya bayhon."
Do not light a fire in any of your dwellings on the Sabbath day.”,Igindidiri bisan pagdagkot hin kalayo didto han iyo mga balay kon Adlaw nga Igparahuway.”
"Moses said to the whole Israelite community, “This is what the Lord has commanded:","Ginsiring ni Moises an ngatanan nga mga tawo han Israel, “Amo ini an iginsugo han Ginoo :"
"blue, purple and scarlet yarn and fine linen; goat hair;","lino nga pino; delana nga asul, granate, ug pula; dugnit nga hinimo hin barahibo hin kanding;"
ram skins dyed red and another type of durable leather ; acacia wood;,anit hin karnero nga lalaki nga tinina hin pula; anit hin kanding; kahoy nga akasya;
olive oil for the light; spices for the anointing oil and for the fragrant incense;,"lana para han mga lampara, mga pahamot para han lana nga igdirihog ngan pahamot para han insyenso;"
and onyx stones and other gems to be mounted on the ephod and breastpiece.,mga kornalina ngan iba pa nga mga alahas nga igburutang dida han efod ngan dida han tahob ha dughan han Labaw nga Padi.
“All who are skilled among you are to come and make everything the Lord has commanded:,“Kinahanglan kumanhi an ngatanan nga batid nga trabahador dida ha iyo basi himoon an ngatanan nga iginsugo han Ginoo :
the ark with its poles and the atonement cover and the curtain that shields it;,"an Kahon han Ginsaaran, ngan an mga kasangkapan hini: an mga parasgan, an takop, ngan an biray nga salipod hini;"
the table with its poles and all its articles and the bread of the Presence;,an lamesa upod an mga parasgan ngan an ngatanan nga kasangkapan hini; an tinapay nga igharalad ngadto sa Dyos;
"the lampstand that is for light with its accessories, lamps and oil for the light;",an kandilero para han suga ngan an kasangkapan hini; an mga lampara upod an mga lana hini;
"the curtains of the courtyard with its posts and bases, and the curtain for the entrance to the courtyard;","an mga biray para han alad, an mga harigi ngan mga tungtongan hini; an biray para han agian han alad;"
"the tent pegs for the tabernacle and for the courtyard, and their ropes;",an mga usok ngan an pisi para han Tulda ngan han alad;
"Then the whole Israelite community withdrew from Moses’ presence,","Nanguli an ngatanan nga mga tawo han Israel,"
And all the women who were willing and had the skill spun the goat hair.,Naghimo liwat hira hin tingkal nga barahibo hin kanding.
The leaders brought onyx stones and other gems to be mounted on the ephod and breastpiece.,"Nagdara an mga pangulo hin mga kornalina ngan iba pa nga mga alahas nga igburutang dida han efod ngan dida han tahob ha dughan,"
They also brought spices and olive oil for the light and for the anointing oil and for the fragrant incense.,"ngan mga pahamot ug lana para han mga lampara, para han lana nga igdirihog, ngan pahamot para han insyenso."
"to make artistic designs for work in gold, silver and bronze,","para hin paghimo hin mga debuho nga magtahom nga magamit hiya hin bulawan, salapi, ug bronse;"
"to cut and set stones, to work in wood and to engage in all kinds of artistic crafts.",para hin pagtabas hin mga mahal nga bato; para hin pagguhit hin kahoy; ngan para han iba pa nga de arte nga buhat.
because what they already had was more than enough to do all the work.,Sobra na an iginhatag han mga tawo para han ginkikinahanglan han bug-os nga buruhaton.
They joined five of the curtains together and did the same with the other five.,Gintaragkip nira pagtahi an lima nga tinabas ngan sugad man an lain nga lima nga tinabas.
They joined five of the curtains into one set and the other six into another set.,"Gintaragkip nira an lima ka tinabas ngadto hin usa nga tinakip, ngan sugad man an iba nga unom ka tinabas."
They made fifty bronze clasps to fasten the tent together as a unit.,Naghimo hira hin 50 nga mga sab-itan nga bronse hin pagsumpay han duha nga mga tinakip basi mahimo in usa la nga tahob.
They made upright frames of acacia wood for the tabernacle.,Naghimo hira hin natindog nga mga balayan nga akasya para han Tulda.
"Each frame was ten cubits long and a cubit and a half wide,","An kada balayan upat ka metros an kahitaas ngan 66 ka sentimetros an kahilapad,"
They made twenty frames for the south side of the tabernacle,"Naghimo hira hin 20 nga mga balayan para ha timogan nga ligid,"
"For the other side, the north side of the tabernacle, they made twenty frames","Naghimo hira hin 20 nga mga balayan para han amihanan nga ligid han Tulda,"
"They made six frames for the far end, that is, the west end of the tabernacle,","Para han luyo han Tulda, didto ha katundan, naghimo hira hin unom nga mga balayan,"
and two frames were made for the corners of the tabernacle at the far end.,ngan hin duha nga mga balayan para han mga kanto.
"They also made crossbars of acacia wood: five for the frames on one side of the tabernacle,","Naghimo hira hin 15 nga mga palhog nga akasya, lima para han mga balayan didto han usa nga ligid han Tulda,"
They made the center crossbar so that it extended from end to end at the middle of the frames.,Nalahos tikang han usa nga kataposan han Tulda ngadto ha luyo an butnga nga palhog nga igintaod ha katungatunga han mga balayan.
"He overlaid it with pure gold, both inside and out, and made a gold molding around it.","Ginhaklapan ini niya hin puraw nga bulawan ha sakob ngan ha gawas, ngan ginpalibotan niya hin ribite nga bulawan."
Then he made poles of acacia wood and overlaid them with gold.,"Naghimo hiya hin mga parasgan nga akasya ngan ginputos ini hin bulawan,"
And he inserted the poles into the rings on the sides of the ark to carry it.,ngan iginsul-ot ini dida han mga maglidong nga sulpotan ha kada ligid han Kahon.
Then he made two cherubim out of hammered gold at the ends of the cover.,"Naghimo hiya hin duha nga mga kerubin tikang hin pinilpig nga bulawan,"
Then they overlaid it with pure gold and made a gold molding around it.,Ginputos ini niya hin puraw nga bulawan ngan ginpalibotan ini hin ribite nga bulawan.
The rings were put close to the rim to hold the poles used in carrying the table.,Igintaod ha hirani han moldora an mga sulpotan nga para han mga parasgan han lamesa.
The poles for carrying the table were made of acacia wood and were overlaid with gold.,Ginhimo niya an mga parasgan nga akasya ngan ginputos ini hin bulawan.
They made the lampstand and all its accessories from one talent of pure gold.,Ginamit niya in 35 ka kilo nga puraw nga bulawan hin paghimo han kandilero ngan han ngatanan nga kasangkapan hini.
They made the poles of acacia wood and overlaid them with gold.,Ginhimo niya an mga parasgan nga akasya ngan ginputos ini hin bulawan.
They cast bronze rings to hold the poles for the four corners of the bronze grating.,Naghimo hiya hin upat nga mga maglidong nga sulpotan ngan igintaod ini dida han upat nga mga kanto.
They made the poles of acacia wood and overlaid them with bronze.,"Ginhimo niya in mga parasgan nga akasya, ginputos ini hin bronse,"
"The east end, toward the sunrise, was also fifty cubits wide.","Didto han sinirangan nga ligid, diin nakadto an agian, 22 ka metros liwat an kahaluag han alad."
All the curtains around the courtyard were of finely twisted linen.,Hinimo hin lino nga pino an ngatanan nga mga biray palibot han alad.
All the tent pegs of the tabernacle and of the surrounding courtyard were bronze.,Hinimo hin bronse an ngatanan nga mga talibugsok han Tulda ngan han nagpapalibot nga alad.
"The bronze from the wave offering was 70 talents and 2,400 shekels.","Inmabot hin 2,425 ka kilo an bronse nga iginhalad ngadto han Ginoo ."
"They made the ephod of gold, and of blue, purple and scarlet yarn, and of finely twisted linen.","Ginhimo nira an efod hin lino nga pino, delana nga asul, granate, ug pula, ngan mga tingkal nga bulawan."
"Then they mounted four rows of precious stones on it. The first row was carnelian, chrysolite and beryl;","Ginpaduktan ini nira hin upat ka rungbay nga mga marahalon nga mga bato: an syahan nga rungbay; rubi, tupasyo, ug karbunkol;"
"the second row was turquoise, lapis lazuli and emerald;","an ikaduha nga rungbay; esmeraldo, sapiro, ug dyamante;"
"the third row was jacinth, agate and amethyst;","an ikatulo nga rungbay; hasinto, agata, ug amatista;"
"For the breastpiece they made braided chains of pure gold, like a rope.","Para han tahob han dughan naghimo hira hin mga karukadena hin puraw nga bulawan, nga linubag sugad hin lubid."
"They fastened the two gold chains to the rings at the corners of the breastpiece,","Iginsab-it nira ngada han duha nga mga bahol nga singsing han duha nga mga lubid nga bulawan,"
They made the robe of the ephod entirely of blue cloth—the work of a weaver—,Ginhimo nira an kapa nga ibarawbaw han Efod tikang hin lubos nga delana nga asul.
"For Aaron and his sons, they made tunics of fine linen—the work of a weaver—","Ginhimo nira para kan Aaron ngan han iya mga anak nga kalalaken-an an mga bado,"
"Then they fastened a blue cord to it to attach it to the turban, as the Lord commanded Moses.","Iginhigot nira ini hin asul nga lubid ngada ha atubangan han pudong, sumala han iginsugo han Ginoo kan Moises."
the covering of ram skins dyed red and the covering of another durable leather and the shielding curtain;,"an tahob nga anit hin karnero nga lalaki nga tinina hin pula; an tahob nga anit hin kanding, an salipod nga biray;"
the ark of the covenant law with its poles and the atonement cover;,"an Kahon han Ginsaaran nga sinusudlan han mga papan nga bato, an mga parasgan ngan an takop hini;"
the table with all its articles and the bread of the Presence;,"an lamesa ngan an ngatanan nga kasangkapan hini, an tinapay nga iharalad ngadto ha Dyos:"
"the gold altar, the anointing oil, the fragrant incense, and the curtain for the entrance to the tent;",an altar nga bulawan; an lana nga igdirihog; an insyenso nga mahamot; an biray para han agian han Tulda;
The Israelites had done all the work just as the Lord had commanded Moses.,Ginbuhat han mga Israelita an ngatanan nga buruhaton sumala han iginsugo han Ginoo kan Moises.
Then the Lord said to Moses:,"Nagsiring an Ginoo kan Moises,"
"“Set up the tabernacle, the tent of meeting, on the first day of the first month.",“Dida han syahan nga adlaw han syahan nga bulan tindoga an Tulda han Ginoo .
Place the ark of the covenant law in it and shield the ark with the curtain.,Igsulod ngadto hini an Kahon han Ginsaaran nga sinusudlan han Napulo nga mga sugo ngan igtaod an biray ha atubangan han Kahon.
"“Place the altar of burnt offering in front of the entrance to the tabernacle, the tent of meeting;",Igbutang ha atubangan han Tulda an altar nga pagtutuboran hin mga halad.
place the basin between the tent of meeting and the altar and put water in it.,"Igbutang ha butnga han Tulda ngan han altar an palanggana nga hurunawan, ngan sudli ini hin tubig."
Set up the courtyard around it and put the curtain at the entrance to the courtyard.,Paliboti hin alad an Tulda ngan butangi hin biray didto han agian han alad.
Anoint the basin and its stand and consecrate them.,Ighalad liwat ha amo ngahaw nga paagi an palanggana nga hurunawan ngan an tungtongan ini.
“Bring Aaron and his sons to the entrance to the tent of meeting and wash them with water.,“Dad-a hi Aaron ngan an iya mga anak nga kalalaken-an ngadto han agian han Tulda ngan pakarigoa hira.
Bring his sons and dress them in tunics.,Dad-a an iya mga anak nga kalalaken-an ngan badoi hira.
Moses did everything just as the Lord commanded him.,Ginbuhat ni Moises an ngatanan sumala han iginsugo han Ginoo .
Moses placed the table in the tent of meeting on the north side of the tabernacle outside the curtain,"Iginsulod niya an lamesa ngadto han Tulda, didto han amihanan nga ligid ha gawas han biray,"
"and set out the bread on it before the Lord , as the Lord commanded him.","ngan iginbutang dida hini an tinapay nga iginhalad ngadto han Ginoo , sumala han iginsugo han Ginoo ."
He placed the lampstand in the tent of meeting opposite the table on the south side of the tabernacle,"Iginsulod niya ngadto han Tulda an kandilero tugbang han lamesa didto han timogan nga ligid,"
"and set up the lamps before the Lord , as the Lord commanded him.","ngan gindagkotan niya an mga lampara didto ha atubangan han Ginoo , sumala han iginsugo han Ginoo ."
Moses placed the gold altar in the tent of meeting in front of the curtain,"Iginsulod niya ngadto han Tulda an altar nga bulawan ha atubangan han biray,"
"and burned fragrant incense on it, as the Lord commanded him.","ngan gintubod an insyenso nga mahamot, sumala han iginsugo han Ginoo ."
Then he put up the curtain at the entrance to the tabernacle.,"Igintaod niya an biray didto han agian han Tulda,"
and Moses and Aaron and his sons used it to wash their hands and feet.,"Nanhuhunaw ngan nanhihimsaw dida hini hi Moises, hi Aaron, ngan an iya mga anak nga kalalaken-an,"
"Then the cloud covered the tent of meeting, and the glory of the Lord filled the tabernacle.",Niyan gintahoban han dampog an Tulda ngan napuno ini han himaya han Ginoo .
"In all the travels of the Israelites, whenever the cloud lifted from above the tabernacle, they would set out;",Ginbabalhin han mga Israelita an ira kampo ngadto hin lain nga dapit dida la kon napaigbaw an dampog tikang han Tulda.
"but if the cloud did not lift, they did not set out—until the day it lifted.",Diri nira ginbabalhin an ira kampo samtang nagpapabilin didto an dampog.
"and all the brothers and sisters with me, To the churches in Galatia:",Naduyog ha akon an ngatanan nga kabugtoan dida hin pangumosta han mga singbahan ha Galacia.
"Grace and peace to you from God our Father and the Lord Jesus Christ,",Tagan unta kamo han grasya ngan kalinaw han Dyos nga aton Amay ngan han Ginoo Jesu-Cristo.
to whom be glory for ever and ever. Amen.,Ngadto sa Dyos an pagdayaw nga waray kataposan! Amen.
"I want you to know, brothers and sisters, that the gospel I preached is not of human origin.","Kabugtoan ko, tugoti ako pagsumat ha iyo nga diri kanan tawo la an Maupay nga Sumat nga akon iginwawali."
"I saw none of the other apostles—only James, the Lord’s brother.",Waray ako iginkakita nga mga apostoles labot kan Santiago nga bugto han Ginoo.
I assure you before God that what I am writing you is no lie.,"Matuod an akon ginsusurat. Diri ako nagbubuwa, sayod man hini an Dyos!"
Then I went to Syria and Cilicia.,"Katapos, kinmadto ako hin mga dapit ha Siria ug Cilicia."
I was personally unknown to the churches of Judea that are in Christ.,Hadto nga panahon diri pa nakilala ha akon an mga kaapi han mga singbahan ha Judea.
And they praised God because of me.,Sanglit gindayaw nira an Dyos tungod ha akon.
"Then after fourteen years, I went up again to Jerusalem, this time with Barnabas. I took Titus along also.",Linmabay anay in 14 ka tuig san-o ako bumalik ha Jerusalem kaupod ko hi Bernabe; igin-upod ko liwat hi Tito.
"Yet not even Titus, who was with me, was compelled to be circumcised, even though he was a Greek.","Ngani, hi Tito nga akon kaupod, bisan kon Griego hiya, waray hiya pirita hin pagtoria,"
"We did not give in to them for a moment, so that the truth of the gospel might be preserved for you.","Waray gud kami umuyon ha ira bisan hin usa la ka dali, basi kabantayan para ha iyo, an kamatuoran han Maupay nga Sumat."
"All they asked was that we should continue to remember the poor, the very thing I had been eager to do all along.","Ginhangyo la nira nga hinumdoman namon an mga kablas han ira hugpo, ngan amo man ngani ini an akon gintatalingoha hin pagbuhat."
"When Cephas came to Antioch, I opposed him to his face, because he stood condemned.","Ngan pag-abot ni Pedro ha Antioquia, linmaris ako ha iya ha atubangan han mga tawo kay dayag man an iya kasaypanan."
“We who are Jews by birth and not sinful Gentiles,Ha pagkatinuod mga Judiyo kami tikang han katawo namon ngan diri mga “makasasala nga Hentil.”
"If I rebuild what I destroyed, then I really would be a lawbreaker.","Kon akon na liwat aydon an paagi han Balaod nga akon na ginbayaan, nagpapasabot ini nga ako usa nga nagtatalapas han Balaod."
Have you experienced so much in vain—if it really was in vain?,Nawaray gudla kapulsanan an ngatanan niyo nga gin-agian? Waray ruhaduha nga may-ada hini karuyag sidngon.
"Understand, then, that those who have faith are children of Abraham.",Sanglit hibaroi niyo nga an mga tawo nga may-ada pagtoo amo an matuod nga mga tulin ni Abraham.
"So those who rely on faith are blessed along with Abraham, the man of faith.",Tinmoo hi Abraham ngan ginpakaupay hiya han Dyos; sanglit sugad ha iya pagpapakaupayon man han Dyos an ngatanan nga natoo.
"A mediator, however, implies more than one party; but God is one.",Kundi waray kinahanglan hin magturuhay kon may uusa la ka tawo; ngan uusa la an Dyos.
"Now that this faith has come, we are no longer under a guardian.","Yana nga aanhi na an panahon han pagtoo, diri na magmarangno ha aton an Balaod."
"So in Christ Jesus you are all children of God through faith,",Pinaagi hin pagtoo kan Cristo Jesus nagin anak kamo ngatanan han Dyos.
for all of you who were baptized into Christ have clothed yourselves with Christ.,"Ginbunyagan kamo ngan nahiusa na kamo kan Cristo, sanglit gin-angkon niyo an mga kinaiya ni Cristo ngahaw."
"If you belong to Christ, then you are Abraham’s seed, and heirs according to the promise.","Kon kan Cristo na kamo, mga tulin kamo ni Abraham, ngan makarawat kamo han iginsaad han Dyos."
"to redeem those under the law, that we might receive adoption to sonship.","hin pagtubos hadton mga sakop han Balaod, basi mahimo kita nga mga anak han Dyos."
"Formerly, when you did not know God, you were slaves to those who by nature are not gods.","Han nag-agi nga panahon diri kamo nakilala han Dyos, sanglit mga oripon kamo hin mga diyosdiyos."
You are observing special days and months and seasons and years!,"May niyo linain nga pagsalin-urog hin mga adlaw, mga bulan, mga panahon, ngan mga tuig."
"I fear for you, that somehow I have wasted my efforts on you.",Nababaraka ako ha iyo! Mahihimo ba nga mawaray la kapulsanan an ngatanan nga buhat ko para ha iyo?
Have I now become your enemy by telling you the truth?,Nahimo ba nga kaaway ako niyo yana tungod kay nagsumat ako ha iyo han kamatuoran?
"It is fine to be zealous, provided the purpose is good, and to be so always, not just when I am with you.",Niyan maupay gad kon dayuday tumanon naton an aton maupay nga panuyo—matuod gud ini ngan diri la kon aada ako upod ha iyo.
"how I wish I could be with you now and change my tone, because I am perplexed about you!",Karuyag ko unta nga upod ako ha iyo yana basi maliwat an akon hunahuna bahin ha iyo. Duro iton akon kabaraka ha iyo.
"Tell me, you who want to be under the law, are you not aware of what the law says?",Tugoti ako hin pagpakiana ha iyo nga karuyag magpasakop han Balaod: diri ba kamo nabati han siring han Balaod?
"But the Jerusalem that is above is free, and she is our mother.",Kundi an langitnon nga Jerusalem diri oripon ngan amo hiya an aton iroy.
"Now you, brothers and sisters, like Isaac, are children of promise.","Yana, kabugtoan ko, sugad kan Isaac mga anak kita han Dyos tungod han iya saad."
"Therefore, brothers and sisters, we are not children of the slave woman, but of the free woman.","Sanglit, kabugtoan ko, diri kita mga anak han oripon nga babaye, kundi han talwas nga babaye."
"Mark my words! I, Paul, tell you that if you let yourselves be circumcised, Christ will be of no value to you at all.","Pamati! Ako, hi Pablo, nagsusumat ha iyo hini: kon magpatori kamo, karuyag sidngon nga waray na gud pulos hi Cristo ha iyo."
Again I declare to every man who lets himself be circumcised that he is obligated to obey the whole law.,"Liliwaton ko pagpahinumdom han tawo nga mapatori, nga napipirit hiya hin pagtuman han bug-os nga Balaod."
That kind of persuasion does not come from the one who calls you.,Waray ito buhata han Dyos nga nagtawag ha iyo.
“A little yeast works through the whole batch of dough.”,"Siring pa nira, “Gutiay la nga patubo an kinahanglan hin pagpatubo han bug-os nga minasa.”"
"As for those agitators, I wish they would go the whole way and emasculate themselves!","Karuyag ko unta nga diri la hira magpatori, kundi magpakapon pa ha ira ngahaw adton mga tawo nga nagsasamok ha iyo."
For the entire law is fulfilled in keeping this one command: “Love your neighbor as yourself.”,Kay natitig-ob dida hin usa nga sugo an bug-os nga Balaod: “Higugmaa an imo igkasi tawo sugad han imo kalugaringon.”
"But if you are led by the Spirit, you are not under the law.","Kon maghadi ha iyo an Espiritu, diri na kamo sakop han Balaod."
"The acts of the flesh are obvious: sexual immorality, impurity and debauchery;","Dayag kaupay an binubuhat han lawasnon nga kinaiya. Makikita ini dida han malaw-ay, mahugaw, ngan mangil-ad nga mga panggawi;"
"But the fruit of the Spirit is love, joy, peace, forbearance, kindness, goodness, faithfulness,","Kundi nabunga an Espiritu hin gugma, kalipay, kamurayaw, pagpailob, pagkalooy, pagkamaupay, pagkamatinumanon,"
gentleness and self-control. Against such things there is no law.,"pagpaubos, ngan pagpugong han kalugaringon. Diri ini hira nasupak han Balaod."
Those who belong to Christ Jesus have crucified the flesh with its passions and desires.,"Ngan ginpatay na han mga sakop ni Cristo Jesus an ira lawasnon nga kinaiya, upod an ngatanan nga kaipahon ngan mga karuyagon."
"Since we live by the Spirit, let us keep in step with the Spirit.",Naghatag na ha aton hin kinabuhi an Espiritu; kinahanglan hiya liwat an magbuot han aton kinabuhi.
"Let us not become conceited, provoking and envying each other.","Kinahanglan diri kita magmapinahitas-on, o magmainunggiton, o mag-inabughoay."
"Carry each other’s burdens, and in this way you will fulfill the law of Christ.","Magbinuligay kamo hin pagpas-an han iyo mga darad-on, ngan pinaagi hini makakatuman kamo han balaod ni Cristo."
for each one should carry their own load.,Kay magpapas-an an kada usa han iya kalugaringon nga darad-on.
Do not be deceived: God cannot be mocked. A man reaps what he sows.,"Ayaw paglimbongi an iyo kalugaringon; waray makakaglimbong han Dyos. Kon ano an igtanom han tawo, amo man an iya pag-aanihon."
"Let us not become weary in doing good, for at the proper time we will reap a harvest if we do not give up.","Sanglit ayaw kita paghinubya hin pagbuhat hin maupay; kay kon magpadayon kita, maabot an panahon nga mag-aani kita."
See what large letters I use as I write to you with my own hand!,Kitaa niyo kon ano kadagko an mga litra nga akon iginsusurat yana ha akon kalugaringon nga kamot!
Neither circumcision nor uncircumcision means anything; what counts is the new creation.,Waray sapayan kon tinori o diri tinori an tawo. An kinahanglanon gud amo nga mabag-o hiya.
"From now on, let no one cause me trouble, for I bear on my body the marks of Jesus.","Ha kataposan: tikang yana waray na unta magsamok ha akon, kay nagpapakita an mga ulat ha akon lawas nga oripon ako ni Jesus."
"The grace of our Lord Jesus Christ be with your spirit, brothers and sisters. Amen.","Maada unta ha iyo ngatanan, kabugtoan ko, an grasya han aton Ginoo Jesu-Cristo. Amen."
In the beginning God created the heavens and the earth.,"Ha tinikangan, han pagtuha han Dyos han bug-os nga kalibutan ug han mga butang ha kalangitan"
"And God said, “Let there be light,” and there was light.","Niyan nagsiring an Dyos, “Magkamay-ada kapawa”—ngan pinmakita an kapawa."
"God saw that the light was good, and he separated the light from the darkness.","Nalipay an Dyos han iya hinkit-an. Ngan ginlain niya han kasisidman an kapawa,"
"God called the vault “sky.” And there was evening, and there was morning—the second day.",Ginngaranan niya nga “Langit” an panganoron. Linmabay an kagab-ihon ngan inmabot an aga—amo adto an ikaduha nga adlaw.
"And there was evening, and there was morning—the third day.",Linmabay an kagab-ihon ngan inmabot an aga—amo adto an ikatulo nga adlaw.
and let them be lights in the vault of the sky to give light on the earth.” And it was so.,masiga ini hira didto ha langit basi makahatag ha tuna hin kapawa”—ngan natuman ini.
"God set them in the vault of the sky to give light on the earth,","Iginbutang niya an mga suga didto ha langit basi makalamrag han tuna,"
"to govern the day and the night, and to separate light from darkness. And God saw that it was good.","makapawa ha bug-os nga adlaw ug gab-i, ngan basi malain han kasisidman an kapawa. Ngan nalipay an Dyos han iya hinkit-an."
"And there was evening, and there was morning—the fourth day.",Linmabay an kagab-ihon ngan inmabot an aga—amo adto an ikaupat nga adlaw.
"And there was evening, and there was morning—the fifth day.",Linmabay an kagab-ihon ngan inmabot an aga—amo adto an ikalima nga adlaw.
Thus the heavens and the earth were completed in all their vast array.,Sanglit nahuman an bug-os nga kalibutan ngan an mga butang ha kalangitan.
but streams came up from the earth and watered the whole surface of the ground.,Kundi naawas in tubig tikang ha ilarom han tuna ngan amo an nagtutubig han tuna.
"The name of the first is the Pishon; it winds through the entire land of Havilah, where there is gold.",An syahan nga salog amo an Pison; naawas ini palibot han katunaan han Havila. (
(The gold of that land is good; aromatic resin and onyx are also there.),Aadto hiaagii an puraw nga bulawan ngan an talagsaon liwat nga pahamot ngan mahal nga mga bato.)
The name of the second river is the Gihon; it winds through the entire land of Cush.,An ikaduha nga salog amo an Gihon; naawas ini palibot han katunaan han Cus.
The name of the third river is the Tigris; it runs along the east side of Ashur. And the fourth river is the Euphrates.,"An ikatulo nga salog amo an Tigris nga naawas ha sinirangan han Asiria, ngan an ikaupat nga salog amo an Eufrates."
The Lord God took the man and put him in the Garden of Eden to work it and take care of it.,Niyan iginbutang han Ginoo nga Dyos an tawo didto han Tanaman han Eden basi niya pag-umhon ngan pagbantayan.
"And the Lord God commanded the man, “You are free to eat from any tree in the garden;","Ginsiring hiya han Dyos, “Makakakaon ka han bunga han bisan ano nga kahoy dinhe ha tanaman,"
"Adam and his wife were both naked, and they felt no shame.","Mga hubo-lubas nga duha an lalake ngan an babaye, kundi waray hira pagkaawod."
"The woman said to the serpent, “We may eat fruit from the trees in the garden,","Binmaton an babaye, “Makakakaon kami han bunga hin bisan ano nga kahoy dinhe han tanaman,"
"“You will not certainly die,” the serpent said to the woman.","Binmaton an halas, “Buwa ito; diri kamo mapatay."
"But the Lord God called to the man, “Where are you?”","Kundi gintawag han Ginoo nga Dyos an lalake, “Hain ka?”"
"He answered, “I heard you in the garden, and I was afraid because I was naked; so I hid.”","Binmaton hiya, “Hinbatian ko ikaw dinhe han tanaman; nahadlok ako ngan tinmago ako ha imo, kay hubo ako.”"
"It will produce thorns and thistles for you, and you will eat the plants of the field.","Maturok ha tuna in katungkan ngan kasapinitan, ngan an imo kakaonon amo an mga tanom ha kapatagan."
"Adam named his wife Eve, because she would become the mother of all the living.",Ginngaranan ni Adan an iya asawa nga Eva kay amo hiya an iroy han ngatanan nga mga tawo.
The Lord God made garments of skin for Adam and his wife and clothed them.,"Ngan naghimo an Ginoo nga Dyos hin mga panapton nga anit hin mananap para kan Adan ngan han iya asawa, ngan iya ginbadoan hira."
So the Lord God banished him from the Garden of Eden to work the ground from which he had been taken.,Sanglit ginpaiwas hiya han Ginoo nga Dyos tikang han Tanaman han Eden ngan ginpapag-uma hiya han tuna nga ginhimo ha iya.
In the course of time Cain brought some of the fruits of the soil as an offering to the Lord .,Usa ka adlaw nagdara hi Cain hin mga abot han iya inani ngan iya iginhalad ini ngadto han Ginoo .
"but on Cain and his offering he did not look with favor. So Cain was very angry, and his face was downcast.",kundi iginsikway niya hi Cain ngan an iya halad. Napungot hin duro hi Cain ngan nagkuriot hiya hin kasina.
"Then the Lord said to Cain, “Why are you angry? Why is your face downcast?","Niyan nagsiring an Ginoo kan Cain, “Kay ano nga nasisina ka? Kay ano nga nagkukuriot ka?"
"Cain said to the Lord , “My punishment is more than I can bear.","Ngan ginsiring ni Cain an Ginoo , “Makuri ko ini maantos nga kastigo."
"So Cain went out from the Lord ’s presence and lived in the land of Nod, east of Eden.",Ngan pinmahirayo hi Cain han Ginoo ngan nag-ukoy hiya didto hin usa nga tuna nga ginngaranan nga Nod ha sinirangan han Eden.
"Lamech married two women, one named Adah and the other Zillah.",May duha nga mga asawa hi Lamec: hira Ada ug Zila.
Adah gave birth to Jabal; he was the father of those who live in tents and raise livestock.,Nag-anak hi Ada kan Jabal nga amo an ginikanan hadton mga magmarangno hin kahayopan ngan nag-uokoy dida hin mga tulda.
His brother’s name was Jubal; he was the father of all who play stringed instruments and pipes.,An iya bugto amo hi Jubal nga ginikanan han ngatanan nga mga musikero nga nagtutukar han arpa ngan han plauta.
"If Cain is avenged seven times, then Lamech seventy-seven times.”","Kon pito nga kinabuhi an iginbabayad para hin pagpatay kan Cain, setentay siete nga kinabuhi an igbabayad kon pagpatayon ako.”"
"This is the written account of Adam’s family line. When God created mankind, he made them in the likeness of God.","Amo ini an lista han mga tulin ni Adan. (Han pagtuhaa han Dyos han mga tawo, iya ginhimo hira nga ladawan han Dyos."
He created them male and female and blessed them. And he named them “Mankind” when they were created.,"Iya gintuha hira nga lalake ug babaye, ginbendisyonan hira, ngan ginngaranan hira nga “Tawo”.)"
"Altogether, Adam lived a total of 930 years, and then he died.",ngan namatay hiya ha panuigon nga 930.
"When Seth had lived 105 years, he became the father of Enosh.","Han 105 na hi Set, nagkamay-ada hiya anak nga lalake nga hi Enos,"
"After he became the father of Enosh, Seth lived 807 years and had other sons and daughters.","ngan nabuhi pa hi Set hin 807 ka tuig. May-ada pa hiya iba nga mga anak,"
"Altogether, Seth lived a total of 912 years, and then he died.",ngan namatay hiya ha panuigon nga 912.
"When Enosh had lived 90 years, he became the father of Kenan.","Han 90 na hi Enos, nagkamay-ada hiya anak nga lalake nga hi Kenan,"
"Altogether, Enosh lived a total of 905 years, and then he died.",ngan namatay hiya ha panuigon nga 905.
"When Kenan had lived 70 years, he became the father of Mahalalel.","Han 70 na hi Kenan, nagkamay-ada hiya anak nga lalake nga hi Mahalalel,"
"Altogether, Kenan lived a total of 910 years, and then he died.",ngan namatay hiya ha panuigon nga 910.
"When Mahalalel had lived 65 years, he became the father of Jared.","Han 65 na hi Mahalalel, nagkamay-ada hiya anak nga lalake nga hi Jared,"
"Altogether, Mahalalel lived a total of 895 years, and then he died.",ngan namatay hiya ha panuigon nga 895.
"When Jared had lived 162 years, he became the father of Enoch.","Han 162 na hi Jared, nagkamay-ada hiya anak nga lalake nga hi Enoc,"
"After he became the father of Enoch, Jared lived 800 years and had other sons and daughters.","ngan nabuhi pa hi Jared hin 800 ka tuig. May-ada pa hiya iba nga mga anak,"
"Altogether, Jared lived a total of 962 years, and then he died.",ngan namatay hiya ha panuigon nga 962.
"When Enoch had lived 65 years, he became the father of Methuselah.","Han 65 na hi Enoc, nagkamay-ada hiya anak nga lalake nga hi Matusalem."
"Altogether, Enoch lived a total of 365 years.",Nakaabot hiya hin panuigon nga 365.
"Enoch walked faithfully with God; then he was no more, because God took him away.","Nag-ataman hiya han Dyos ha bug-os niya nga kinabuhi ngan katapos waray na hikit-i hiya, kay ginkuha hiya han Dyos."
"When Methuselah had lived 187 years, he became the father of Lamech.","Han 187 na hi Matusalem, nagkamay-ada hiya anak nga lalake nga hi Lamec,"
"Altogether, Methuselah lived a total of 969 years, and then he died.",ngan namatay hiya ha panuigon nga 969.
"When Lamech had lived 182 years, he had a son.","Han 182 na hi Lamec, nagkamay-ada hiya anak nga lalake,"
"Altogether, Lamech lived a total of 777 years, and then he died.",ngan namatay hiya ha panuigon nga 777.
"After Noah was 500 years old, he became the father of Shem, Ham and Japheth.","Han pag-abot ni Noe hin panuigon nga 500, nagkamay-ada hiya tulo nga mga anak nga kalalaken-an: hira Sem, Ham, ug Jafet."
"When human beings began to increase in number on the earth and daughters were born to them,","Hadto nga panahon nagdamo na an mga tawo ha bug-os nga kalibutan, ngan may-ada nira mga anak nga kababayen-an."
"The Lord regretted that he had made human beings on the earth, and his heart was deeply troubled.","nagbasol hiya nga iya ginhimo hira ngan iginbutang hira dinhe han tuna. Dako gud an iya pagbasol,"
But Noah found favor in the eyes of the Lord .,Kundi hi Noe nakalipay han Ginoo .
Noah did everything just as God commanded him.,Ginbuhat ni Noe an ngatanan nga iginsugo han Dyos.
And Noah did all that the Lord commanded him.,Ngan gintuman ni Noe an ngatanan nga iginsugo han Dyos.
Noah was six hundred years old when the floodwaters came on the earth.,Unom ka gatos na an panuigon ni Noe han paglunopi han tuna.
And after the seven days the floodwaters came on the earth.,"Paglabay hin pito ka adlaw, inmabot an lunop."
And rain fell on the earth forty days and forty nights.,ngan inmuranos ha tuna sulod hin 40 ka adlaw ug gab-i.
Pairs of all creatures that have the breath of life in them came to Noah and entered the ark.,"Inmupod kan Noe ngadto han arka in usa nga lalaki ngan usa nga babayi han tagsa nga buhi nga binuhat,"
"The waters rose and increased greatly on the earth, and the ark floated on the surface of the water.","Nagtikahilarom an tubig, ngan igin-anod-anod an sakayan ha bawbaw han tubig."
"They rose greatly on the earth, and all the high mountains under the entire heavens were covered.",Hinmilarom gud an tubig ngan linmapwas han labi ka higtaas nga kabukiran.
The waters rose and covered the mountains to a depth of more than fifteen cubits.,Nagpadayon hin pagtubo an tubig tubtob nga inmabot ini hin mga pito ka metros an kahilarom ha bawbaw han pungkay han kabukiran.
Everything on dry land that had the breath of life in its nostrils died.,Nagkamatay an ngatanan nga buhi dinhe ha tuna.
The waters flooded the earth for a hundred and fifty days.,Waray magtikang hin paghubas an tubig sulod hin 150 ka adlaw.
"Now the springs of the deep and the floodgates of the heavens had been closed, and the rain had stopped falling from the sky.","Ginsadhan an mga burabod han katubigan ha kahiladman han tuna ngan an mga ganghaan han uran didto ha langit. Inmukoy an uran,"
"The water receded steadily from the earth. At the end of the hundred and fifty days the water had gone down,",ngan naghinayhinay hin paghubas an tubig sulod hin 150 ka adlaw.
and on the seventeenth day of the seventh month the ark came to rest on the mountains of Ararat.,Dida han ika 17 nga adlaw han ikapito nga bulan nahisangya an arka didto hin usa nga bukid didto han kabukiran han Ararat.
After forty days Noah opened a window he had made in the ark,Katapos hin 40 ka adlaw ginbuksan ni Noe in usa nga bintana
"and sent out a raven, and it kept flying back and forth until the water had dried up from the earth.","ngan ginpagawas in usa nga uwak. Waray ini bumalik, kundi naglinupadlupad la ini tubtob han paghubas na gud han tubig."
Then he sent out a dove to see if the water had receded from the surface of the ground.,"Hito ngahaw nga takna ginpagawas ni Noe in usa nga sarapati hin pagkita kon hinmubas na an tubig,"
He waited seven more days and again sent out the dove from the ark.,Naghulat hiya hin pito pa ka adlaw ngan ginpagawas na liwat an sarapati.
"He waited seven more days and sent the dove out again, but this time it did not return to him.","Niyan naghulat hiya hin pito pa ka adlaw ngan ginpagawas na liwat niya an sarapati; hini nga takna, waray na ini bumalik."
By the twenty-seventh day of the second month the earth was completely dry.,"Dida han ika 27 nga adlaw han ikaduha nga bulan, mamara na gud an tuna."
"Then God said to Noah,","Nagsiring an Dyos kan Noe,"
"So Noah came out, together with his sons and his wife and his sons’ wives.","Sanglit ginmawas han arka hi Noe upod an iya asawa, an iya mga anak, ngan an ira kaasaw-an."
“But you must not eat meat that has its lifeblood still in it.,Kinahanglan diri niyo pagkaonon an karne nga dugoan pa; igindidiri ko ini kay aada han dugo an kinabuhi.
"As for you, be fruitful and increase in number; multiply on the earth and increase upon it.”","“Kinahanglan magkamay-ada kamo damo nga mga anak, basi makaluob an iyo mga tulin han bug-os nga tuna.”"
Then God said to Noah and to his sons with him:,"Nagsiring an Dyos kan Noe ngan han iya mga anak nga kalalaken-an,"
“I now establish my covenant with you and with your descendants after you,"“Ginhihimo ko yana an akon ginsaaran ha iyo ngan ha iyo mga tulin,"
"I have set my rainbow in the clouds, and it will be the sign of the covenant between me and the earth.",ibinubutang ko an akon balangaw didto han mga dampog. Magigin tigaman ini han akon ginsaaran nga akon ginhimo han kalibutan.
"Whenever I bring clouds over the earth and the rainbow appears in the clouds,","Ha kada pagtitirok hin mga dampog ha langit, ngan nagpapakita an balangaw,"
"These were the three sons of Noah, and from them came the people who were scattered over the whole earth.",Ini nga tulo nga mga anak nga kalalaken-an ni Noe amo an ginikanan han ngatanan nga mga tawo ha tuna.
"Noah, a man of the soil, proceeded to plant a vineyard.","Hi Noe nga usa nga parauma, amo an syahan nga tawo nga nag-uma hin urubasan."
"When he drank some of its wine, he became drunk and lay uncovered inside his tent.","Katapos niya pag-inom han bino, nahubog hiya, naglubas han iya panapton, ngan hinmigda nga hubo didto han iya tulda."
"When Noah awoke from his wine and found out what his youngest son had done to him,","Han kahawhawi na kan Noe ngan han paghibaro niya han ginbuhat ha iya han iya puto nga lalake,"
"he said, “Cursed be Canaan! The lowest of slaves will he be to his brothers.”","nagsiring hiya, “Higabaan unta hi Canaan! Maooripon hiya han iya kabugtoan nga kalalaken-an."
"He also said, “Praise be to the Lord , the God of Shem! May Canaan be the slave of Shem.",Pagdayawon an Ginoo nga Dyos ni Sem! Magigin oripon ni Sem hi Canaan.
"May God extend Japheth’s territory; may Japheth live in the tents of Shem, and may Canaan be the slave of Japheth.”",Pagpadamoon unta han Dyos hi Jafet! Mag-ukoy unta an iya mga tulin upod han mga tawo ni Sem! Magigin oripon ni Jafet hi Canaan.”
After the flood Noah lived 350 years.,"Katapos han lunop, nabuhi pa hi Noe hin 350 ka tuig,"
"Noah lived a total of 950 years, and then he died.",ngan namatay hiya ha panuigon nga 950.
"The sons of Gomer: Ashkenaz, Riphath and Togarmah.","An mga anak ni Gomer amo hira Askenaz, Rifat, ug Togarma."
"The sons of Javan: Elishah, Tarshish, the Kittites and the Rodanites.","An mga anak ni Javan amo hira Elisa, Tarsis, Kitim, ug Dodanim;"
"Cush was the father of Nimrod, who became a mighty warrior on the earth.",May-ada hi Cus anak nga lalake nga ginngaranan nga Nimrod nga nagin syahan nga gamhanan han kalibutan.
"The first centers of his kingdom were Babylon, Uruk, Akkad and Kalneh, in Shinar.","Ha tinikangan sakop niya an ginhadian han Babilon, Erec, ug Accad; sakop ini nga tulo han Babilonia."
"From that land he went to Assyria, where he built Nineveh, Rehoboth Ir, Calah","Tikang didto hito nga tuna kinmadto hi Nimrod ha Asiria ngan gintindog an mga syudad han Ninive, Rehobot-ir, Cala,"
"and Resen, which is between Nineveh and Calah—which is the great city.",ug Resen nga nabubutnga han Ninive ngan han dako nga syudad han Cala.
"Egypt was the father of the Ludites, Anamites, Lehabites, Naphtuhites,","An mga tulin ni Ehipto amo an mga tawo han Lydia, Anam, Lehab, Naftu,"
"Pathrusites, Kasluhites (from whom the Philistines came) and Caphtorites.","Patrus, Caslu, ngan han Creta, diin tinmikang an mga Filisteohanon."
"Jebusites, Amorites, Girgashites,","Ginikanan liwat hi Canaan han mga Jebuseohanon, mga Amoreohanon, mga Girgaseohanon,"
"Hivites, Arkites, Sinites,","mga Hibeohanon, mga Arkeohanon, mga Sineohanon,"
"Arvadites, Zemarites and Hamathites. Later the Canaanite clans scattered","mga Arbadeohanon, mga Semareohanon, ngan mga Hamateohanon. Nagsarang an magkalainlain nga mga tribo han mga Canaanhon,"
"Sons were also born to Shem, whose older brother was Japheth; Shem was the ancestor of all the sons of Eber.",Hi Sem nga magurang nga bugto nga lalake ni Jafet amo an ginikanan han ngatanan nga mga Hebreohanon.
"The sons of Aram: Uz, Hul, Gether and Meshek.","An mga tulin ni Aram amo an mga tawo han Hus, Hul, Geter, ug Mosec."
"Arphaxad was the father of Shelah, and Shelah the father of Eber.",Hi Arfacsad amo an amay ni Sela nga amay ni Eber.
"Joktan was the father of Almodad, Sheleph, Hazarmaveth, Jerah,","An mga tulin ni Joctan amo an mga tawo han Almodad, Selef, Asarmot, Jera,"
"Hadoram, Uzal, Diklah,","Adoram, Usal, Dicla,"
"Obal, Abimael, Sheba,","Hebal, Abimael, Saba,"
"Ophir, Havilah and Jobab. All these were sons of Joktan.","Ofir, Habila, ug Jobab. Tinmikang kan Joctan hira ngatanan."
"The region where they lived stretched from Mesha toward Sephar, in the eastern hill country.",An tuna nga ira gin-ukyan inmabot tikang ha Mesa ngadto ha Sefar didto han sinirangan nga sagkahon nga katunaan.
Now the whole world had one language and a common speech.,Ha syahan may-ada usa la nga pinulongan an mga tawo ha bug-os nga kalibutan ngan waray kalainan an mga pulong nga ira ginagamit.
"As people moved eastward, they found a plain in Shinar and settled there.","Samtang nagtitipakadto hira ha sinirangan, nahingadto hira ha kapatagan didto ha Babilonia ngan didto hira pag-ukoy."
But the Lord came down to see the city and the tower the people were building.,"Niyan linmusad an Ginoo hin pagkita han syudad ngan han lantawan nga gintindog hito nga mga tawo,"
"So the Lord scattered them from there over all the earth, and they stopped building the city.",Sanglit ginpasarang han Ginoo hira ngatanan ha bug-os nga tuna ngan ginpaukoy nira an pagtindog han syudad.
"When Arphaxad had lived 35 years, he became the father of Shelah.","Han 35 na an panuigon ni Arfacsad, nagkamay-ada hiya anak nga lalake nga hi Sela;"
"And after he became the father of Shelah, Arphaxad lived 403 years and had other sons and daughters.",katapos hito nabuhi pa hiya hin 403 ka tuig ngan nagkamay-ada iba nga mga anak.
"When Shelah had lived 30 years, he became the father of Eber.","Han 30 na an panuigon ni Sela, nagkamay-ada hiya anak nga lalake nga hi Eber;"
"And after he became the father of Eber, Shelah lived 403 years and had other sons and daughters.",katapos hito nabuhi pa hiya hin 403 ka tuig ngan nagkamay-ada iba nga mga anak.
"When Eber had lived 34 years, he became the father of Peleg.","Han 34 na an panuigon ni Eber, nagkamay-ada hiya anak nga lalake nga hi Peleg;"
"And after he became the father of Peleg, Eber lived 430 years and had other sons and daughters.",katapos hito nabuhi pa hiya hin 430 ka tuig ngan nagkamay-ada iba nga mga anak.
"When Peleg had lived 30 years, he became the father of Reu.","Han 30 na an panuigon ni Peleg, nagkamay-ada hiya anak nga lalake nga hi Reu;"
"And after he became the father of Reu, Peleg lived 209 years and had other sons and daughters.","katapos hito nabuhi pa hiya hin 209 ka tuig, ngan nagkamay-ada iba nga mga anak."
"When Reu had lived 32 years, he became the father of Serug.","Han 32 na an panuigon ni Reu, nagkamay-ada hiya anak nga lalake nga hi Serug;"
"And after he became the father of Serug, Reu lived 207 years and had other sons and daughters.",katapos hito nabuhi pa hiya hin 207 ka tuig ngan nagkamay-ada iba nga mga anak.
"When Serug had lived 30 years, he became the father of Nahor.","Han 30 na an panuigon ni Serug, nagkamay-ada hiya anak nga lalake nga hi Nahor;"
"When Nahor had lived 29 years, he became the father of Terah.","Han 29 na an panuigon ni Nahor, nagkamay-ada hiya anak nga lalake nga hi Tera;"
"After Terah had lived 70 years, he became the father of Abram, Nahor and Haran.","Han 70 na an panuigon ni Tera, nagin amay hiya nira Abram, Nahor, ug Haran."
"While his father Terah was still alive, Haran died in Ur of the Chaldeans, in the land of his birth.",ngan namatay hi Haran didto han iya natawhan nga bungto han Ur didto ha Babilonia samtang buhi pa an amay niya.
Now Sarai was childless because she was not able to conceive.,Waray mag-anak hi Sarai.
"Terah lived 205 years, and he died in Harran.",Didto namatay hi Tera ha panuigon nga 205.
Then Abram set out and continued toward the Negev.,"Niyan nagpadayon hiya tikang ha usa ngadto han sunod nga dapit, tipakadto han timogan nga bahin han Canaan."
"Say you are my sister, so that I will be treated well for your sake and my life will be spared because of you.”","Sumati hira nga bugto ko ikaw; ngan tungod ha imo, diri ako nira paglalabtan ngan uupayon an ira pagdara ha akon.”"
"When Abram came to Egypt, the Egyptians saw that Sarai was a very beautiful woman.","Han pagtabok na niya han pag-ultan ngadto ha Ehipto, hinkit-an manggud han mga Ehiptohanon an iya asawa."
Abram had become very wealthy in livestock and in silver and gold.,"Riko hin duro hi Abram hin mga karnero, mga kanding, ngan mga baka, sugad man hin salapi ug bulawan."
and where he had first built an altar. There Abram called on the name of the Lord .,ngan gintindogan niya hin usa nga altar. Didto nagsingba hiya han Ginoo .
Now the people of Sodom were wicked and were sinning greatly against the Lord .,kanay mga tawo magraot ngan dagko nga mga magpakasasala kontra han Ginoo .
"Go, walk through the length and breadth of the land, for I am giving it to you.”","Yana, kadto na ngan tan-awa an bug-os nga tuna, kay ighahatag ko ini ngatanan ha imo.”"
"For twelve years they had been subject to Kedorlaomer, but in the thirteenth year they rebelled.","Gin-oripon hira ni Cedorlaomer sulod hin 12 ka tuig, kundi sinmupil hira ha iya dida han ika-13 nga tuig."
"and the Horites in the hill country of Seir, as far as El Paran near the desert.","ngan an mga Horitanhon didto han kabukiran han Edom. Ira ginlanat hira tubtob ha Elparan, didto ha sidsid han kamingawan."
The four kings seized all the goods of Sodom and Gomorrah and all their food; then they went away.,"Ginkuha han upat nga kahadian an ngatanan nga mga butang didto ha Sodoma ug Gomora, lakip an pagkaon, ngan nagkalakat hira."
"They also carried off Abram’s nephew Lot and his possessions, since he was living in Sodom.","Didto ha Sodoma pag-ukoy hi Lot nga umangkon ni Abram, sanglit gindara hiya nira upod an ngatanan niya nga mga manggad."
"The king of Sodom said to Abram, “Give me the people and keep the goods for yourself.”","Nagsiring kan Abram an hadi han Sodoma, “Imo na an mga naagaw, kundi ibalik ha akon an ngatanan ko nga mga tawo.”"
"Abram believed the Lord , and he credited it to him as righteousness.",Tinmapod hi Abram han Ginoo ngan tungod hini nalipay ha iya an Ginoo ngan ginkarawat hiya.
"But Abram said, “Sovereign Lord , how can I know that I will gain possession of it?”","Kundi pinmakiana hi Abram, “Ginoo nga Dyos, uunanhon ko hin paghibaro nga ako an magtatag-iya hini?”"
"Then birds of prey came down on the carcasses, but Abram drove them away.","Kon nahugdon an mga manaol ngada han mga patay nga lawas, gintatabog ini ni Abram."
"As the sun was setting, Abram fell into a deep sleep, and a thick and dreadful darkness came over him.","Han tikaturunod na an adlaw, nangaturog ngan nahimuok hi Abram. Inalpan hiya hin dako nga kahadlok nga nalisang hiya."
"You, however, will go to your ancestors in peace and be buried at a good old age.","Ha imo nga bahin malalagas ka hin duro, mapatay ka nga murayaw, ngan iglulubong ka."
"the land of the Kenites, Kenizzites, Kadmonites,","lakip an katunaan han mga Kinitanhon, mga Kinizitanhon, mga Kadmonitanhon,"
"Hittites, Perizzites, Rephaites,","mga Hiteohanon, mga Periseohanon, mga Refaim,"
"Amorites, Canaanites, Girgashites and Jebusites.”","mga Amoreohanon, mga Canaanhon, mga Girgaseohanon, ngan han mga Jebuseohanon.”"
"Then the angel of the Lord told her, “Go back to your mistress and submit to her.”","Nagsiring an anghel, “Balik ngadto ha iya ngan paoripon ha iya.”"
"That is why the well was called Beer Lahai Roi ; it is still there, between Kadesh and Bered.",Sanglit ginngaranan han mga tawo an atabay ha butnga han Cades ngan han Bered nga “An Atabay han Buhi nga Nakita ha Akon.”
"So Hagar bore Abram a son, and Abram gave the name Ishmael to the son she had borne.",Nag-anak hi Agar hin usa nga lalaki ngan ginngaranan hiya ni Abram nga Ismael.
Abram was eighty-six years old when Hagar bore him Ishmael.,An panuigon ni Abram hito nga panahon 86 na.
Then I will make my covenant between me and you and will greatly increase your numbers.”,Maghihimo ako ha imo hin ginsaaran ngan tatagan ko ikaw hin damo nga mga tulin.”
"Abram fell facedown, and God said to him,","Hinmapa hi Abram, ngan nagsiring an Dyos,"
"“As for me, this is my covenant with you: You will be the father of many nations.",“Amo ini an ginsaaran nga akon hihimoon ha imo: nagsasaad ako nga mahihimo ka nga ginikanan hin damo nga mga nasod.
"And Abraham said to God, “If only Ishmael might live under your blessing!”","Ginpakianhan niya an Dyos, “Kay ano nga diri na la hi Ismael an himoon nga sumurunod ha akon?”"
"When he had finished speaking with Abraham, God went up from him.","Han kahuman paghimangraw han Dyos kan Abraham, iya binayaan hiya."
"Abraham was ninety-nine years old when he was circumcised,","An panuigon ni Abraham 99 na han pagtoria ha iya,"
and his son Ishmael was thirteen;,ngan 13 na an panuigon ni Ismael nga iya anak.
Abraham and his son Ishmael were both circumcised on that very day.,"Gintori hira nga duha hito manta nga adlaw,"
"Let a little water be brought, and then you may all wash your feet and rest under this tree.",Tugoti ako hin pagkuha hin tubig para hin panhimsaw niyo; makakapahuway kamo dinhe ha lindong hini nga kahoy.
"“Where is your wife Sarah?” they asked him. “There, in the tent,” he said.","Niyan pinmakiana kan Abraham an mga tawo, “Hain man hi Sara nga imo asawa?” “Aadto hiya ha sakob han tulda,” binmaton hiya."
"Abraham and Sarah were already very old, and Sarah was past the age of childbearing.","Lagas na hin duro hira Abraham ug Sara, ngan hinmunong na an ikinabulan nga regla ni Sara."
"Then the Lord said, “Shall I hide from Abraham what I am about to do?","Ngan nagsiring ha iya la ngahaw an Ginoo , “Diri ko pagtatagoon kan Abraham an akon nahuhunahunaan hin pagbuhat."
Then Abraham approached him and said: “Will you sweep away the righteous with the wicked?,"Gindaop ni Abraham an Ginoo ngan ginpakianhan, “Tinuod ba nga pagpupuohon mo an mga waray sala upod han mga salaan?"
"When the Lord had finished speaking with Abraham, he left, and Abraham returned home.","Katapos niya makighimangraw kan Abraham, linmakat an Ginoo , ngan inmoli hi Abraham."
Lot went outside to meet them and shut the door behind him,Ginmawas hi Lot ngan ginsadhan an porta ha luyo niya.
"and said, “No, my friends. Don’t do this wicked thing.","Iya ginsiring hira, “Kasangkayan, nakikimalooy ako ha iyo, ayaw gad pagbuhata niyo in sugad kamaraot nga butang!"
But the men inside reached out and pulled Lot back into the house and shut the door.,"Kundi ginkaptan han duha nga tawo hi Lot, ngan ginbutong hiya ngadto ha sakob, ngan ginsadhan an porta."
"Then they struck the men who were at the door of the house, young and old, with blindness so that they could not find the door.","Niyan ginbuta an ngatanan nga kalalaken-an didto ha gawas, sanglit waray na hira makakatultol han porta."
"But Lot said to them, “No, my lords, please!","Kundi binmaton hi Lot, “Kon mahimo, diri gad kami makadto hito nga dapit."
"By the time Lot reached Zoar, the sun had risen over the land.",Nasirang na an adlaw han pag-abot ni Lot ngadto ha Zoar.
Then the Lord rained down burning sulfur on Sodom and Gomorrah—from the Lord out of the heavens.,"Ha gilayon ginpauranan han Ginoo an mga syudad han Sodoma ug Gomora hin nagkakalayo nga asufre,"
"But Lot’s wife looked back, and she became a pillar of salt.",Kundi linmingi an asawa ni Lot ngan nahimo hiya nga harigi nga asin.
Early the next morning Abraham got up and returned to the place where he had stood before the Lord .,Timprano pa han pagkaaga nagdagmit hi Abraham ngadto han dapit nga iya gintukdawan ha atubangan han Ginoo .
So both of Lot’s daughters became pregnant by their father.,"Dida hini nga paagi nagburod an duha nga mga anak nga kababayen-an ni Lot, pinaagi han ira kalugaringon nga amay."
"And Abimelek asked Abraham, “What was your reason for doing this?”",Kay ano nga imo man ini ginbuhat?”
"Besides, she really is my sister, the daughter of my father though not of my mother; and she became my wife.","Tinuod gud nga bugto ko hiya nga babaye. Bugto ko hiya ha amay, kundi diri ha iroy, ngan pinangasawa ko hiya."
"And Abimelek said, “My land is before you; live wherever you like.”","Nagsiring hiya kan Abraham, “Iini an bug-os ko nga katunaan. Pag-ukoy bisan diin an imo karuyag.”"
"Now the Lord was gracious to Sarah as he had said, and the Lord did for Sarah what he had promised.","Ginbendisyonan han Ginoo hi Sara sumala han iya iginsaad,"
Abraham gave the name Isaac to the son Sarah bore him.,Ginngaranan hiya ni Abraham nga Isaac.
"When his son Isaac was eight days old, Abraham circumcised him, as God commanded him.","Han walo na ka adlaw an iya edad, gintori hiya ni Abraham sumala han iginsugo han Dyos."
Abraham was a hundred years old when his son Isaac was born to him.,Ang panuigon ni Abraham 100 na an han katawo ni Isaac.
"The child grew and was weaned, and on the day Isaac was weaned Abraham held a great feast.","Tinmubo an bata, ngan dida han adlaw han kalutas niya, naghatag hi Abraham hin dako nga panagtawo."
The matter distressed Abraham greatly because it concerned his son.,"Nakapaguol ini hin duro kan Abraham, kay anak man liwat niya hi Ismael."
"When the water in the skin was gone, she put the boy under one of the bushes.","Han kaubos na han tubig, ginbayaan niya an bata ha sirong hin usa nga tanaman"
"Lift the boy up and take him by the hand, for I will make him into a great nation.”","Buhat, kadtoa, purota hiya, ngan pag-liawa hiya. Hihimoon ko in usa nga dako nga nasod tikang han iya mga tulin.”"
"While he was living in the Desert of Paran, his mother got a wife for him from Egypt.",Nakaagi an iroy niya hin Ehiptohanon nga asawa para ha iya.
"Abraham said, “I swear it.”","Nagsiring hi Abraham, “Nagsaad ako.”"
Then Abraham complained to Abimelek about a well of water that Abimelek’s servants had seized.,Nagsumbong hi Abraham kan Abimelec hiunong hin usa nga atabay nga gin-agaw han mga surugoon ni Abimelec.
"Abraham set apart seven ewe lambs from the flock,","Ginlain ni Abraham in pito nga mga nati nga karnero tikang han iya panon,"
"and Abimelek asked Abraham, “What is the meaning of these seven ewe lambs you have set apart by themselves?”","ngan pinmakiana ha iya hi Abimelec, “Kay ano nga ginbuhat mo ito?”"
"So that place was called Beersheba, because the two men swore an oath there.",Sanglit gintawag an dapit nga Berseba kay didto pagsumpa hira nga duha.
And Abraham stayed in the land of the Philistines for a long time.,Nag-ukoy hi Abraham didto ha Filistia sulod hin maiha nga panahon.
"Some time later God tested Abraham. He said to him, “Abraham!” “Here I am,” he replied.","Waray pag-iha ginsarihan han Dyos hi Abraham. Gintawag hiya han Dyos, “Abraham!” Binmaton hi Abraham, “Oo, aadi ako namamati.”"
On the third day Abraham looked up and saw the place in the distance.,Dida han ikatulo ka adlaw hinkit-an ni Abraham an dapit tikang ha hirayo.
Then he reached out his hand and took the knife to slay his son.,Niyan pinurot ni Abraham an kutsilyo hin pagpatay han iya anak.
"But the angel of the Lord called out to him from heaven, “Abraham! Abraham!” “Here I am,” he replied.","Kundi nagtawag ha iya tikang ha langit an anghel han Ginoo , “Abraham, Abraham!” Binmaton hiya, “Oo, aadi ako.”"
The angel of the Lord called to Abraham from heaven a second time,"Nagtawag hin ikaduha kan Abraham an anghel han Ginoo tikang ha langit,"
"Uz the firstborn, Buz his brother, Kemuel (the father of Aram),","hira Uz nga suhag, Buz nga iya bugto nga lalake, Kemuel nga amay ni Aram,"
"Kesed, Hazo, Pildash, Jidlaph and Bethuel.”","Cesed, Hazo, Pildas, Jidlaf, ug Betuel"
Bethuel became the father of Rebekah. Milkah bore these eight sons to Abraham’s brother Nahor.,nga amay ni Rebecca. Igin-anak nira Milca ug Nahor nga bugto ni Abraham ini nga walo nga mga anak nga kalalaken-an.
"His concubine, whose name was Reumah, also had sons: Tebah, Gaham, Tahash and Maakah.","Nag-anak hi Reuma nga aruasawa ni Nahor kanda Teba, Gaham, Tahas, ug Maaca."
Sarah lived to be a hundred and twenty-seven years old.,Nakaabot hi Sara hin panuigon nga 127.
"Then Abraham rose from beside his dead wife and spoke to the Hittites. He said,","Binayaan ni Abraham an dapit nga hinahayaran han lawas han iya asawa, kinmadto hiya han mga Hiteohanon, ngan nagsiring,"
"The Hittites replied to Abraham,","Binmaton hira,"
"Then Abraham rose and bowed down before the people of the land, the Hittites.","Niyan yinmukbo hi Abraham ha atubangan nira,"
Again Abraham bowed down before the people of the land,"Kundi yinmukbo hi Abraham ha atubangan han mga Hiteohanon,"
"Ephron answered Abraham,","Binmaton hi Efron,"
to Abraham as his property in the presence of all the Hittites who had come to the gate of the city.,Inmuyon hini an ngatanan nga mga Hiteohanon nga nakadto hadto nga miting nga hi Abraham amo na an tag-iya han tuna.
"Abraham was now very old, and the Lord had blessed him in every way.","Yana lagas na hin duro hi Abraham, ngan ginpakaupay hiya han Ginoo ha ngatanan nga iya ginbuhat."
"“Make sure that you do not take my son back there,” Abraham said.","Binmaton hi Abraham, “Ayaw gud pagdad-a ngadto an akon anak!"
"The servant hurried to meet her and said, “Please give me a little water from your jar.”","Dinmalagan an surugoon hin pagtapo ha iya ngan sumiring, “Paimna gad ako tikang han imo tibod.”"
"Without saying a word, the man watched her closely to learn whether or not the Lord had made his journey successful.",Gin-ininaw la hin hilom han tawo an daragita hin pagkita kon ginpauswag ba hiya han Ginoo .
"She answered him, “I am the daughter of Bethuel, the son that Milkah bore to Nahor.”","Binmaton hiya, “An akon amay amo hi Betuel nga anak ni Nahor ngan hi Milca."
"And she added, “We have plenty of straw and fodder, as well as room for you to spend the night.”","Damo in uhot ngan banwa nga tubong didto han amon balay, ngan may-ada didto dapit para ha iyo.”"
"Then the man bowed down and worshiped the Lord ,",Niyan linmuhod an tawo ngan nagsingba han Ginoo .
The young woman ran and told her mother’s household about these things.,Dinmalagan an daragita ngadto han balay han iya nanay ngan iginsumat an ngatanan nga nahinabo.
"So he said, “I am Abraham’s servant.","Nagsiring hiya, “Amo ako an surugoon ni Abraham."
"but go to my father’s family and to my own clan, and get a wife for my son.’","Pakadto lugod han mga tawo han akon amay, ngadto han akon kauropdan, ngan didto pagpili hin asawa para han akon anak!’"
"“Then I asked my master, ‘What if the woman will not come back with me?’","Ngan ginpakianhan ko an akon agaron, ‘Ano man kon diri umupod ha akon an babaye?’"
"When Abraham’s servant heard what they said, he bowed down to the ground before the Lord .","Han pakabati hini han surugoon ni Abraham, hinmapa hiya ngan nagsingba han Ginoo ."
"Then they said, “Let’s call the young woman and ask her about it.”","Binmaton hira, “Tawaga ta an daragita ngan pakianhi ta kon ano an igsisiring niya.”"
"So they called Rebekah and asked her, “Will you go with this man?” “I will go,” she said.","Sanglit gintawag nira hi Rebecca ngan ginpakianhan, “Karuyag mo ba umupod hini nga tawo?” “Oo,” binmaton hiya."
Rebekah also looked up and saw Isaac. She got down from her camel,"Han pakakita ni Rebecca kan Isaac, binmawas hiya han iya kamelyo,"
Then the servant told Isaac all he had done.,Ginsumatan han surugoon hi Isaac han ngatanan nga iya ginbuhat.
"Abraham had taken another wife, whose name was Keturah.",Nangasawa hi Abraham hin lain nga babaye nga ginngaranan nga Ketura.
"She bore him Zimran, Jokshan, Medan, Midian, Ishbak and Shuah.","Nag-anak hira ngan hi Abraham kanda Zimran, Jocsan, Medan, Midian, Isbac, ug Sua."
"Jokshan was the father of Sheba and Dedan; the descendants of Dedan were the Ashurites, the Letushites and the Leummites.","Hi Jocsan amo an amay nira Seba ug Dedan, ngan an mga tulin ni Dedan amo an mga Asurim, an mga Letusim, ngan an mga Leumin."
"The sons of Midian were Ephah, Epher, Hanok, Abida and Eldaah. All these were descendants of Keturah.","An mga anak ni Midian amo hira Efa, Efer, Hanoc, Abida, ug Eldaa. Ini hira ngatanan amo an mga tulin ni Ketura."
Abraham left everything he owned to Isaac.,Iginhatag ni Abraham an ngatanan nga iya hiagi ngadto kan Isaac.
the field Abraham had bought from the Hittites. There Abraham was buried with his wife Sarah.,Amo ini an uma nga ginpalit ni Abraham tikang han mga Hiteohanon. Iginlubong didto nga duha hira Abraham ug Sara nga iya asawa.
"This is the account of the family line of Abraham’s son Ishmael, whom Sarah’s slave, Hagar the Egyptian, bore to Abraham.","Hi Ismael nga anak nira Abraham ngan hi Agar nga Ehiptohanon nga oripon ni Sara,"
"Mishma, Dumah, Massa,","Misma, Duma, Masa,"
"Hadad, Tema, Jetur, Naphish and Kedemah.","Hadad, Tema, Jetor, Nafis, ug Kedema."
"This is the account of the family line of Abraham’s son Isaac. Abraham became the father of Isaac,",Amo ini an susumaton ni Isaac nga anak ni Abraham.
"When the time came for her to give birth, there were twin boys in her womb.","Inmabot kan Rebecca an iya panahon hin pag-anak, ngan nag-anak hiya hin karuha nga kalalaken-an."
"Once when Jacob was cooking some stew, Esau came in from the open country, famished.","Usa ka adlaw samtang naglalaga hi Jacob hin monggos, inmabot hi Esau tikang hin pagpanganop. Ginugutom hiya,"
"Jacob replied, “First sell me your birthright.”","Binmaton hi Jacob, “Ighahatag ko ini ha imo kon ighatag mo ha akon an imo mga katungod hin pagkasuhag nga anak.”"
"“Look, I am about to die,” Esau said. “What good is the birthright to me?”","Nagsiring hi Esau, “Sigi, mapatay na ako hin gutom; ano nga kaupayan an mahihimo ha akon han akon mga katungod?”"
"The Lord appeared to Isaac and said, “Do not go down to Egypt; live in the land where I tell you to live.","Pinmakita kan Isaac an Ginoo ngan nagsiring, “Ayaw pagkadto ha Ehipto; pabilin dinhe hini nga tuna nga ginpaukyan ko ha imo."
So Isaac stayed in Gerar.,Sanglit nag-ukoy hi Isaac didto ha Gerar.
So Abimelek gave orders to all the people: “Anyone who harms this man or his wife shall surely be put to death.”,Ginpahimatngonan ni Abimelec an ngatanan nga mga tawo: “Pagpapatayon an bisan hin-o nga maglabot hini nga tawo o han iya asawa.”
"The man became rich, and his wealth continued to grow until he became very wealthy.",Nagpadayon hiya hin pagkamainauswagon ngan nahimo hiya nga manggaranon hin duro nga tawo.
He had so many flocks and herds and servants that the Philistines envied him.,"Tungod nga nagdamo an iya panon hin mga karnero ug mga baka, ngan damo an iya mga surugoon, naawa ha iya an mga Filisteohanon."
"Then Abimelek said to Isaac, “Move away from us; you have become too powerful for us.”","Niyan nagsiring hi Abimelec kan Isaac, “Gawas na kamo han amon nasod. Labi ka na hin gamhanan kay ha amon.”"
"So Isaac moved away from there and encamped in the Valley of Gerar, where he settled.","Sanglit linmakat hi Isaac, ngan nagkampo hiya didto ha Kahamub-an han Gerar, diin didto la anay hiya pag-ukoy."
Isaac’s servants dug in the valley and discovered a well of fresh water there.,Nag-ukab an mga surugoon ni Isaac hin usa nga atabay didto han kahamub-an ngan hin-agian nira in tubig.
From there he went up to Beersheba.,Linmakat hi Isaac ngan kinmadto ha Berseba.
"Isaac then made a feast for them, and they ate and drank.",Nag-andam hi Isaac hin panagtawo para ha ira ngan nangaon ngan nag-irignom hira.
"He called it Shibah, and to this day the name of the town has been Beersheba.",Ginngaranan niya nga Seba (karuyag sidngon Sumpa) an atabay. Tungod hini ginngaranan an syudad nga Berseba asta ngada yana.
They were a source of grief to Isaac and Rebekah.,Ini nga mga asawa ni Esau nakahatag hin kaguol ug kasubo kanda Isaac ug Rebecca.
"Isaac said, “I am now an old man and don’t know the day of my death.","Nagsiring hi Isaac, “Nakita ka nga lagas na ako ngan bangin diri na maiha mapatay na ako."
"Rebekah said to her son Jacob, “Look, I overheard your father say to your brother Esau,","ginsiring niya hi Jacob, “Hinbatian ko pala hi imo tatay nga nagsiring kan Esau,"
"Now, my son, listen carefully and do what I tell you:","Yana anak ko,” nagpadayon hi Rebecca, “pamati ha akon, ngan buhata an akon igtutugon ha imo."
"Then take it to your father to eat, so that he may give you his blessing before he dies.”","Dadad-on mo ini ngadto ha iya, ngan ighahatag niya ha imo an iya bendisyon nga diri pa hiya mapatay.”"
She also covered his hands and the smooth part of his neck with the goatskins.,Ginputos niya an mga butkon ni Jacob han mga anit han kanding ngan an waray barahibo nga bahin han iya liog.
Then she handed to her son Jacob the tasty food and the bread she had made.,Iginhatag niya kan Jacob an marasa nga pagkaon upod an tinapay nga iya ginhimo.
"He went to his father and said, “My father.” “Yes, my son,” he answered. “Who is it?”","Niyan kinmadto hi Jacob kan iya tatay ngan nagsiring, “Tatay!” “Oo,” binmaton hi Isaac. “Hin-o ka ba nga akon anak?”"
"“Are you really my son Esau?” he asked. “I am,” he replied.","pinmakiana anay hiya, “Tinuod ba nga hi Esau ka?” “Amo ako,” binmaton hiya."
"Then his father Isaac said to him, “Come here, my son, and kiss me.”","Katapos nagsiring ha iya hi iya tatay, “Duruduok ngadi ngan hadki ako, anak.”"
"But he said, “Your brother came deceitfully and took your blessing.”","Binmaton hi Isaac, “Kinmanhi an imo bugto ngan ginlimbongan ako. Gin-agaw niya an imo bendisyon.”"
"Now then, my son, do what I say: Flee at once to my brother Laban in Harran.","Yana, anak, buhata an akon igtutugon ha imo. Pakadto dayon kan Laban nga akon bugto nga lalake didto ha Haran."
Stay with him for a while until your brother’s fury subsides.,"Pagpabilin anay didto ha iya tubtob han paghagkot han kasina han imo bugto,"
and that Jacob had obeyed his father and mother and had gone to Paddan Aram.,"Hinbaroan niya nga sinmugot hi Jacob kanda iya tatay ug nanay, ngan kinmadto hiya ha Mesopotamia."
Esau then realized how displeasing the Canaanite women were to his father Isaac;,Sanglit nahisabtan ni Esau nga waray maruyag hi Isaac nga iya amay han kababayen-an nga Canaanhon.
Jacob left Beersheba and set out for Harran.,Binmaya hi Jacob han Berseba ngan linmakat hiya tipakadto ha Haran.
"When Jacob awoke from his sleep, he thought, “Surely the Lord is in this place, and I was not aware of it.”","Nagmata hi Jacob ngan nagsiring, “Aanhi dinhe an Ginoo ! Aanhi hiya dinhe hini nga dapit, ngan diri ngani ako maaram hini!”"
"He called that place Bethel, though the city used to be called Luz.",Ginngaranan niya nga Betel an dapit. (Kinikilala nga Luz hadto anay ini nga bungto.)
"so that I return safely to my father’s household, then the Lord will be my God","ngan kon makabalik ako nga talwas ngadto han balay han akon amay, niyan magigin Dyos ko gud ikaw."
Then Jacob continued on his journey and came to the land of the eastern peoples.,Nagpadayon hi Jacob han iya paglakaton ngan nagtipakadto hiya han tuna ha Sinirangan.
"Jacob asked the shepherds, “My brothers, where are you from?” “We’re from Harran,” they replied.","Ginpakianhan ni Jacob an mga magmarangno hin mga karnero, “Kasangkayan ko, taga diin kamo?” “Taga-Haran,” binmaton hira."
"He said to them, “Do you know Laban, Nahor’s grandson?” “Yes, we know him,” they answered.","Nagpakiana hiya, “Nakilala ba kamo kan Laban nga anak ni Nahor?” “Oo, nakilala kami,” binmaton hira."
Then Jacob kissed Rachel and began to weep aloud.,Kahuman ginhadkan niya hi Raquel ngan nagtangis hiya tungod hin kalipay.
"Then Laban said to him, “You are my own flesh and blood.” After Jacob had stayed with him for a whole month,","nagsiring hi Laban, “Matuod gud nga akon ka kalugaringon nga unod ug dugo.” Nagpabilin didto hi Jacob sulod hin usa ka bulan."
"Now Laban had two daughters; the name of the older was Leah, and the name of the younger was Rachel.",May-ada hi Laban duha nga mga anak nga kababayen-an; ginngaranan nga Lea an magurang ngan Raquel an manghod.
"Leah had weak eyes, but Rachel had a lovely figure and was beautiful.",Maghusay an mga mata ni Lea kundi maupay an tindog han lawas hi Raquel ngan matahum hiya.
"Laban said, “It’s better that I give her to you than to some other man. Stay here with me.”","Binmaton hi Laban, “Gabay ko pa hiya ighatag ha imo kay ngadto hin iba nga tawo; pabilin dinhe upod ha akon.”"
So Laban brought together all the people of the place and gave a feast.,Sanglit naghatag hi Laban hin kombite hin pagkasal ngan gindapit niya an ngatanan.
"But when evening came, he took his daughter Leah and brought her to Jacob, and Jacob made love to her.","Kundi hito nga gab-i, diri hi Raquel, kundi hi Lea an gindara ni Laban ngadto kan Jacob ngan nakighilawas ha iya hi Jacob."
And Laban gave his servant Zilpah to his daughter as her attendant.,(Iginhatag ni Laban kan Lea nga iya anak nga babaye hi Zilpa nga iya oripon nga babaye sugad nga iya surugoon.)
"Laban replied, “It is not our custom here to give the younger daughter in marriage before the older one.","Binmaton hi Laban, “Diri ini batasan dinhe nga ipaasawa an manghod nga anak nga babaye una han magurang."
Laban gave his servant Bilhah to his daughter Rachel as her attendant.,(Iginhatag ni Laban kan Raquel nga iya anak nga babaye hi Bilha nga iya oripon nga babaye sugad nga iya surugoon.)
"So she gave him her servant Bilhah as a wife. Jacob slept with her,","Sanglit iginhatag niya hi Bilha ngadto han iya bana, ngan nakighilawas ha iya hi Jacob."
and she became pregnant and bore him a son.,Nagburod hi Bilha ngan nag-anak hira ngan hi Jacob hin usa nga lalake.
Rachel’s servant Bilhah conceived again and bore Jacob a second son.,Nagburod liwat hi Bilha ngan nag-anak hira ngan hi Jacob hin ikaduha nga lalake.
Leah’s servant Zilpah bore Jacob a son.,Niyan nag-anak hira Zilpa ngan hi Jacob hin usa nga lalake.
"Then Leah said, “What good fortune!” So she named him Gad.","Nagsiring hi Lea, “Nagin palaran ako”; sanglit iya ginngaranan hiya nga Gad."
Leah’s servant Zilpah bore Jacob a second son.,"Nag-anak liwat hira Zilpa ngan hi Jacob hin usa pa nga lalake,"
"God listened to Leah, and she became pregnant and bore Jacob a fifth son.","Ginbaton han Dyos an pag-ampo ni Lea, ngan nagburod hiya, ngan nag-anak hira ngan hi Jacob hin ikalima nga lalake."
Leah conceived again and bore Jacob a sixth son.,Nagburod na liwat hi Lea ngan nag-anak hira ngan hi Jacob hin ikaunom nga anak nga lalake.
Some time later she gave birth to a daughter and named her Dinah.,Ha orhe na nag-anak hiya hin usa nga babaye nga iya ginngaranan nga Dina.
Then God remembered Rachel; he listened to her and enabled her to conceive.,Niyan nahinumdom an Dyos kan Raquel; binmaton niya an iya pag-ampo ngan ginhimo niya nga magkamay-ada hiya mga anak.
"She named him Joseph, and said, “May the Lord add to me another son.”",Tagan pa unta ako han Ginoo hin lain pa nga anak nga lalake”; sanglit iya ginngaranan hiya nga Jose.
"He added, “Name your wages, and I will pay them.”",Sumati ako han imo mga suhol ngan pagbabaydan ko ini.”
"“Agreed,” said Laban. “Let it be as you have said.”","Binmaton hi Laban, “Nauyon ako. Bubuhaton ta sumala han imo siring.”"
And Jacob noticed that Laban’s attitude toward him was not what it had been.,Hinsabtan liwat ni Jacob nga diri na makisasangkayon ha iya hi Laban sugad han una.
So Jacob sent word to Rachel and Leah to come out to the fields where his flocks were.,Sanglit nagpatugon hi Jacob ngadto kanda Raquel ug Lea nga tapoon hiya nira didto han uma diin nakadto an iya mga panon.
"You know that I’ve worked for your father with all my strength,",Maaram man kamo nga duha nga nagkabudlay ako ha bug-os ko nga kusog para han iyo amay.
So God has taken away your father’s livestock and has given them to me.,Ginkuha han Dyos in mga panon tikang han iyo amay ngan iginhatag ini ha akon.”
"The angel of God said to me in the dream, ‘Jacob.’ I answered, ‘Here I am.’","Naghimangraw ha akon dida han akon inop an anghel han Dyos ngan nagsiring, ‘Jacob!’ Binmaton ako, ‘Aadi akon.’"
"Moreover, Jacob deceived Laban the Aramean by not telling him he was running away.",Ginlipat ni Jacob hi Laban pinaagi hin diri niya pagpahibaroa ha iya nga tilakat hiya.
On the third day Laban was told that Jacob had fled.,Paglabay hin tulo ka adlaw ginsumatan hi Laban nga pinmalagiw hi Jacob.
"This was my situation: The heat consumed me in the daytime and the cold at night, and sleep fled from my eyes.","Makadamo ako pag-antos han kapaso han adlaw, ngan han kahagkot han gab-i. Waray ko maupay nga pagkaturog."
"Come now, let’s make a covenant, you and I, and let it serve as a witness between us.”",andam ako hin pakigsabot ha imo. Pagtambak kita hin mga bato hin pagpahinumdom ha aton hini nga aton ginsabotan.”
So Jacob took a stone and set it up as a pillar.,Sanglit kinmuha hi Jacob hin usa nga bato ngan igintindog ini sugad nga usa nga hinumdoman.
"Laban called it Jegar Sahadutha, and Jacob called it Galeed.","Ginngaranan ini ni Laban nga Jagar-sahaduta, samtang ginngaranan ini ni Jacob nga Galeed."
"Laban also said to Jacob, “Here is this heap, and here is this pillar I have set up between you and me.","Iini an mga bato nga akon gintambak ha butnga naton, ngan iini an bato nga hinumdoman."
"Jacob also went on his way, and the angels of God met him.","Han nagpapadayon hin paglakat hi Jacob, tinmapo ha iya in mga anghel."
"Jacob sent messengers ahead of him to his brother Esau in the land of Seir, the country of Edom.",Nagpauna hi Jacob hin mga surugoon ngadto kan Esau nga iya bugto didto ha tuna han Edumea.
"He thought, “If Esau comes and attacks one group, the group that is left may escape.”","Naghunahuna hiya, “Kon umabot hi Esau ngan sulongon an syahan nga hugpo, bangin makapalagiw pa an ikaduha.”"
"So Jacob’s gifts went on ahead of him, but he himself spent the night in the camp.","Iya ginpauna ha iya an mga regalo, ngan nagpalabay hiya hito nga gab-i didto han kampo."
"After he had sent them across the stream, he sent over all his possessions.","Katapos niya pagpataboka ha ira, iya liwat gindara ngadto ha tabok an ngatanan nga iya mga hiagi,"
"The man asked him, “What is your name?” “Jacob,” he answered.","“Ano an imo ngaran?” pinmakiana an tawo. “Jacob,” binmaton hiya."
"The sun rose above him as he passed Peniel, and he was limping because of his hip.","Nasirang na an adlaw han pagtalikod ni Jacob han Peniel, ngan nag-iingka hiya tungod han kaigo han iya pig-i."
He himself went on ahead and bowed down to the ground seven times as he approached his brother.,Nag-una ha ira hi Jacob ngan hinmapa hiya ha tuna hin makapito han tikaharani na hiya han iya bugto.
But Esau ran to meet Jacob and embraced him; he threw his arms around his neck and kissed him. And they wept.,"Kundi dinmalagan hi Esau hin pagtapo ha iya, ginggakos, ngan ginhadkan hiya. Nagtangis hira nga duha."
Then the female servants and their children approached and bowed down.,Niyan dinmaop an mga aruasawa upod an ira mga anak ngan yinmukbo hira.
"Next, Leah and her children came and bowed down. Last of all came Joseph and Rachel, and they too bowed down.","Niyan dinmaop hi Lea ngan an iya mga anak, ngan ha kataposan dinmaop hira Jose ug Raquel ngan yinmukbo liwat hira."
"But Esau said, “I already have plenty, my brother. Keep what you have for yourself.”","Kundi nagsiring hi Esau, “Bugto ko, igo na kadamo an akon hiagi; tipigi na la an imo.”"
"Then Esau said, “Let us be on our way; I’ll accompany you.”","Nagsiring hi Esau, “Pag-andam kita ngan pagkalakat. Mag-uuna ako ha imo.”"
So that day Esau started on his way back to Seir.,Sanglit hito nga adlaw ginmikan hi Esau hin pagbalik ngadto ha Edom.
There he set up an altar and called it El Elohe Israel.,"Nagtindog hiya hin usa nga altar didto ngan ginngaranan ini nga El, an Dyos han Israel."
"Now Dinah, the daughter Leah had borne to Jacob, went out to visit the women of the land.",Usa ka adlaw kinmadto hi Dina nga anak nga babaye nira Jacob ug Lea hin pagbisita hin mga kababayen-an nga taga-Canaan.
His heart was drawn to Dinah daughter of Jacob; he loved the young woman and spoke tenderly to her.,Kundi hinusayan hi Siquem kan Dina sanglit hinmigugma hiya ha iya ngan gintalinguha niya nga paghigugmaon hiya ni Dina.
Then Shechem’s father Hamor went out to talk with Jacob.,"Ginmawas hi Hamor nga amay ni Siquem, hin pakighimangraw kan Jacob,"
We will enter into an agreement with you on one condition only: that you become like us by circumcising all your males.,"Makakatangdo la kami kon magsugad kamo ha amon, pinaagi hin pagtori han ngatanan niyo nga kalalaken-an."
"But if you will not agree to be circumcised, we’ll take our sister and go.”",Kundi kon diri niyo pagtumanon ini nga pagtori; dadad-on namon hi Dina ngan malakat kami.”
Their proposal seemed good to Hamor and his son Shechem.,"Nakalipay ini nga ira mga pulong kan Hamor ngan kan Siquem nga iya anak,"
"But they replied, “Should he have treated our sister like a prostitute?”","Kundi binmaton hira, “Diri kami makakatugot nga pagsusugaron la hin usa nga maraot nga babaye an amon bugto.”"
"Jacob and all the people with him came to Luz (that is, Bethel) in the land of Canaan.","Inmabot hi Jacob upod an ngatanan niya nga mga tawo ngadto ha Luz nga kinikilala na yana nga Betel, didto ha tuna han Canaan."
"After Jacob returned from Paddan Aram, God appeared to him again and blessed him.","Han pagbalik ni Jacob tikang ha Mesopotamia, pinmakita na liwat ha iya an Dyos, ngan ginbendisyonan hiya."
Then God went up from him at the place where he had talked with him.,Niyan binayaan hiya han Dyos.
Jacob called the place where God had talked with him Bethel.,Ginngaranan niya nga Betel ini nga dapit.
"So Rachel died and was buried on the way to Ephrath (that is, Bethlehem).","Han kamatay ni Raquel, iginlubong hiya ha ligid han dalan tipakadto ha Efrata nga kinikilala na yana nga Betlehem."
Israel moved on again and pitched his tent beyond Migdal Eder.,Nagpadayon hi Jacob ngan nagkampo hiya didto han luyo nga dapit han lantawan han Eder.
"The sons of Leah: Reuben the firstborn of Jacob, Simeon, Levi, Judah, Issachar and Zebulun.","An mga anak ni Lea amo hira Ruben (an suhag nga lalake ni Jacob), Simeon, Levi, Juda, Isacar, ug Zabulon."
The sons of Rachel: Joseph and Benjamin.,An mga anak ni Raquel amo hira Jose ug Benjamin.
The sons of Rachel’s servant Bilhah: Dan and Naphtali.,An mga anak ni Bilha nga oripon ni Raquel amo hira Dan ug Neftali.
Isaac lived a hundred and eighty years.,"Nakaabot hi Isaac hin panuigon nga 180,"
"This is the account of the family line of Esau (that is, Edom).",Amo ini an mga tulin ni Esau nga gintawag liwat nga Edom.
also Basemath daughter of Ishmael and sister of Nebaioth.,"ug Basemat nga anak nga babaye ni Ismael, ngan bugto ni Nebaiot."
"Adah bore Eliphaz to Esau, Basemath bore Reuel,",Nag-anak hi Ada kan Elifas; nag-anak hi Basemat kan Reuel;
"So Esau (that is, Edom) settled in the hill country of Seir.",Sanglit nag-ukoy hi Esau didto han sagkahon nga tuna han Edom.
This is the account of the family line of Esau the father of the Edomites in the hill country of Seir.,Amo ini an mga tulin ni Esau nga ginikanan han mga Edomitanhon.
"Korah, Gatam and Amalek. These were the chiefs descended from Eliphaz in Edom; they were grandsons of Adah.","Core, Gatam, ug Amalec. Mga tulin ini ngatanan ni Ada nga asawa ni Esau."
"These were the sons of Esau (that is, Edom), and these were their chiefs.",Tinmikang kan Esau ini ngatanan nga mga tribo.
"The sons of Shobal: Alvan, Manahath, Ebal, Shepho and Onam.","Amo hi Sobal an ginikanan han mga banay nira Alvan, Manahat, Ebal, Sefo, ug Onam."
"The sons of Ezer: Bilhan, Zaavan and Akan.","Hi Eser amo an ginikanan han mga banay nira Bilhan, Saavan ug Jacan."
The sons of Dishan: Uz and Aran.,Hi Disan amo an ginikanan han mga banay nira Hus ug Aran.
"Dishon, Ezer and Dishan. These were the Horite chiefs, according to their divisions, in the land of Seir.","29-30 Amo ini an Horitanhon nga mga tribo didto ha tuna han Edom: nira Lotan, Sobal, Zibeon, Ana, Dison, Eser, ug Disan."
"Jacob lived in the land where his father had stayed, the land of Canaan.","Nagpadayon hi Jacob hin pag-ukoy didto ha tuna han Canaan nga gin-ukyan han iya amay,"
"He said to them, “Listen to this dream I had:","Nagsiring hiya, “Pamatii daw niyo an akon inop."
"His brothers were jealous of him, but his father kept the matter in mind.","Naawa ha iya an kabugtoan ni Jose, kundi ginpainoino han iya amay ini ngatanan nga mga butang."
"Now his brothers had gone to graze their father’s flocks near Shechem,","Usa ka adlaw han paghingadto ha Siquem han kabugtoan ni Jose hin pagmangno han panon han ira amay,"
"a man found him wandering around in the fields and asked him, “What are you looking for?”","ngan nagsinudoysudoy hiya didto han kaumhan. Hinkit-an hiya hin usa ka tawo ngan ginpakianhan hiya, “Ano an imo ginbibiling?”"
"He replied, “I’m looking for my brothers. Can you tell me where they are grazing their flocks?”","Binmaton hiya, “Nagbibiling ako han akon kabugtoan nga nagmamangno han ira panon. Makakagsumat ka ba ha akon kon hain hira?”"
“Here comes that dreamer!” they said to each other.,"Naggipasiringsiring hira, “Iini na an parainop."
"When Reuben heard this, he tried to rescue him from their hands. “Let’s not take his life,” he said.","Hinbatian hira ni Ruben ngan nagtalinguha hi Ruben hin pagtalwas kan Jose. “Ayaw ta hiya pagpataya,” nagsiring hiya."
and they took him and threw him into the cistern. The cistern was empty; there was no water in it.,Niyan gintalo hiya nira ngan iginlabog hiya ngadto han atabay nga mamara.
"He went back to his brothers and said, “The boy isn’t there! Where can I turn now?”","Binmalik hiya ngadto han iya kabugtoan ngan nagsiring, “Waray na didto an bata! Ano daw la an akon pagbubuhaton?”"
There Judah met the daughter of a Canaanite man named Shua. He married her and made love to her;,Didto iginkita hi Juda hin usa nga babaye nga Canaanhon kanay amay ginngaranan nga Sua. Pinangasawa niya an babaye
"she became pregnant and gave birth to a son, who was named Er.",ngan nag-anak hira hin usa nga lalake nga ginngaranan niya nga Er.
She conceived again and gave birth to a son and named him Onan.,Nagburod liwat an babaye ngan nag-anak hin usa pa nga lalake ngan ginngaranan niya nga Onan.
"Judah got a wife for Er, his firstborn, and her name was Tamar.",Para kan Er nga iya suhag nga lalake kinmuha hi Juda hin usa nga asawa kanay ngaran amo hi Tamar.
"But Er, Judah’s firstborn, was wicked in the Lord ’s sight; so the Lord put him to death.","Maraot an ginawian ni Er ngan nakapabido ini han Ginoo , sanglit ginpatay hiya han Ginoo ."
What he did was wicked in the Lord ’s sight; so the Lord put him to death also.,"Nakapabido han Ginoo an iya ginbuhat, ngan ginpatay liwat hiya han Ginoo ."
"When Tamar was told, “Your father-in-law is on his way to Timnah to shear his sheep,”",May nagsumat kan Tamar nga tikadto ha Timna an iya ugangan nga lalake hin pag-arot han iya mga karnero.
"After she left, she took off her veil and put on her widow’s clothes again.","Inmoli hi Tamar, ginhukas an iya panyo, ngan iginbalik niya hin pagsul-ot an iya mga panapton hin balo."
"When the time came for her to give birth, there were twin boys in her womb.","Han pag-abot na han panahon ha iya pag-anak, hinbaroan nga karuha an iya ig-aanak."
"The Lord was with Joseph so that he prospered, and he lived in the house of his Egyptian master.","Nakada kan Jose an Ginoo ngan ginhimo hiya nga mainuswagon. Nag-ukoy hiya didto han balay han iya agaron nga Ehiptohanon,"
"When his master saw that the Lord was with him and that the Lord gave him success in everything he did,",nga nakakita nga nakada kan Jose an Ginoo nga naghimo ha iya nga mainuswagon ha ngatanan nga iya ginbuhat.
"and after a while his master’s wife took notice of Joseph and said, “Come to bed with me!”",Waray pag-iha nagtikang hin kaipa kan Jose an asawa han iya agaron ngan ginhangyo hi Jose nga makighilawas ha iya.
"And though she spoke to Joseph day after day, he refused to go to bed with her or even be with her.","Bisan kon ginhangyo niya hi Jose adlaw-adlaw, waray gud umalagad hi Jose hin pakighilawas ha iya."
"When she saw that he had left his cloak in her hand and had run out of the house,","Han paghikit-i han babaye nga binayaan ni Jose an iya hilawig nga bado ngan dinmalagan ha gawas han balay,"
She kept his cloak beside her until his master came home.,Ginhimos niya an hilawig nga bado ni Jose tubtob han pag-uli han agaron ni Jose.
"Pharaoh was angry with his two officials, the chief cupbearer and the chief baker,","Nasina hiya hini nga duha nga mga opisyal,"
"and put them in custody in the house of the captain of the guard, in the same prison where Joseph was confined.","ngan ginpriso hira didto han balay han kapitan han gwardya, didto han amo manta nga dapit nga ginbutangan kan Jose."
"When Joseph came to them the next morning, he saw that they were dejected.","Han pagkadtoa ha ira ni Jose dida han aga, hinkit-an niya nga masulob-on hira."
"“This is what it means,” Joseph said to him. “The three branches are three days.","Nagsiring hi Jose, “Amo ini an kahulogan hini: an tulo nga mga sanga amo an tulo ka adlaw."
"“This is what it means,” Joseph said. “The three baskets are three days.","Binmaton hi Jose, “Amo ini an kahulogan: an tulo nga mga basket amo an tulo ka adlaw."
"but he impaled the chief baker, just as Joseph had said to them in his interpretation.",kundi iya iginpapatay an labaw nga parahimo hin tinapay. Natuman an ngatanan sugad gud han iginsiring ni Jose.
"The chief cupbearer, however, did not remember Joseph; he forgot him.",Kundi waray nagud hinumdomi hi Jose han tinaporan han bino—iya hinkalimtan na gud la hiya.
"When two full years had passed, Pharaoh had a dream: He was standing by the Nile,",Paglabay hin duha ka tuig nag-inop an hadi han Ehipto nga natukdaw hiya ha ligid han Salog han Nilo.
"And the cows that were ugly and gaunt ate up the seven sleek, fat cows. Then Pharaoh woke up.",ngan pinangaon han pito nga maggasaay nga mga baka an pito nga magtambok nga mga baka. Onina nagmata an hadi.
"After them, seven other heads of grain sprouted—thin and scorched by the east wind.","Niyan binmuswak liwat in pito nga lain nga mga uhay hin trigo nga mga kuyapi ngan mga apa tungod han mapaso nga hangin,"
"Each of us had a dream the same night, and each dream had a meaning of its own.",Usa ka gab-i nag-inop an kada usa ha amon ngan may-ada magkalain nga mga kahulogan an mga inop.
"“I cannot do it,” Joseph replied to Pharaoh, “but God will give Pharaoh the answer he desires.”","Binmaton hi Jose, “Diri ako makakahimo, Harangdon nga Hadi, kundi mahatag an Dyos hin maupay nga paghubad.”"
"The lean, ugly cows ate up the seven fat cows that came up first.","Kinaon han maggasaay nga mga baka an magtambok nga mga baka,"
"After them, seven other heads sprouted—withered and thin and scorched by the east wind.",Niyan binmuswak in pito nga mga uhay hin trigo nga mga kuyapi ngan apa tungod han mapaso nga hangin.
“It is just as I said to Pharaoh: God has shown Pharaoh what he is about to do.,Amo gud ini sumala han akon iginsumat ha imo—iginpakita ha imo han Dyos kon ano an iya pagbubuhaton.
"Seven years of great abundance are coming throughout the land of Egypt,",Magkakamay-ada pito ka tuig nga kahuraan ha bug-os nga tuna han Ehipto.
"The abundance in the land will not be remembered, because the famine that follows it will be so severe.",Hingangalimtan gud an panahon hin kahuraan kay makalilisang an masunod nga gutom.
“And now let Pharaoh look for a discerning and wise man and put him in charge of the land of Egypt.,“Yana kinahanglan magpili ka hin tawo nga makinaadmananon ngan maaram ngan igbutang mo hiya nga tinaporan han nasod.
The plan seemed good to Pharaoh and to all his officials.,"Gin-abuyonan han hadi ngan han iya mga opisyal ini nga larang,"
"So Pharaoh said to Joseph, “I hereby put you in charge of the whole land of Egypt.”",Yana gintutudlok ko ikaw nga gobernador han bug-os nga Ehipto.”
During the seven years of abundance the land produced plentifully.,Sulod han pito ka tuig nga kahuraan naghatag an tuna hin damo gud nga mga abot.
"The seven years of abundance in Egypt came to an end,","Natapos an pito ka tuig nga kahuraan nga ginpahimulosan han tuna han Ehipto,"
Then ten of Joseph’s brothers went down to buy grain from Egypt.,"Sanglit kinmadto an kan Jose napulo nga kabugtoan ha amay hin pagpalit hin trigo didto ha Ehipto,"
"Although Joseph recognized his brothers, they did not recognize him.","Kinmilala hi Jose han iya kabugtoan, kundi waray hira kumilala ha iya."
"“No, my lord,” they answered. “Your servants have come to buy food.","Binmaton hira, “Diri gad, ginoo. Kinmanhi kami sugad nga imo mga oripon, hin pagpalit hin pagkaon."
"We are all the sons of one man. Your servants are honest men, not spies.”","Magburugto kami ngatanan. Diri gad kami mga espiya, ginoo, tangkod kami nga mga tawo.”"
“No!” he said to them. “You have come to see where our land is unprotected.”,"Nagsiring ha ira hi Jose, “Diri! Kinmanhi kamo hin pag-inaw kon hain an maluya nga dapit han amon nasod.”"
"Joseph said to them, “It is just as I told you: You are spies!","Binmaton hi Jose, “Sumala han akon iginsiring, mga espiya gud kamo."
And he put them all in custody for three days.,"Katapos hito, iya ginpriso hira sulod hin tulo ka adlaw."
"They did not realize that Joseph could understand them, since he was using an interpreter.","Nasayoran ni Jose an ira iginsiring, kundi waray hira makasabot, kay nakigkarukayakan hira ha iya pinaagi hin parahubad."
they loaded their grain on their donkeys and left.,"Ginkargahan han kabugtoan an ira mga asno han trigo nga ira ginpalit, ngan nagkalakat hira."
“The man who is lord over the land spoke harshly to us and treated us as though we were spying on the land.,“Gin-isgan kami han gobernador han Ehipto ngan ginpasangilan kami nga mga espiya kontra han iya nasod.
"But we said to him, ‘We are honest men; we are not spies.","Binmaton kami, ‘Diri gad kami mga espiya, mga tangkod la kami nga mga tawo."
Now the famine was still severe in the land.,"Nagtikagrabi an gutom didto ha Canaan,"
"If you will send our brother along with us, we will go down and buy food for you.","Kon tumugot ka nga umupod ha amon an amon bugto, makadto kami ngan mapalit hin pagkaon para ha imo."
"As it is, if we had not delayed, we could have gone and returned twice.”","Kon waray pa kami paghinulat hin maiha, ngada yana makaduha na unta kami pakabalik.”"
Take your brother also and go back to the man at once.,"Dad-a an iyo bugto, ngan balik kamo dayon."
The man did as Joseph told him and took the men to Joseph’s house.,"Ginbuhat han surugoon sumala han iginsugo ha iya, ngan gindara an magburugto ngadto han balay ni Jose."
So they went up to Joseph’s steward and spoke to him at the entrance to the house.,"Sanglit dida han porta han balay, nagsiring hira ngadto han surugoon nga tinaporan,"
"“We beg your pardon, our lord,” they said, “we came down here the first time to buy food.","“Kon mahimo, mano, kinmanhi kami hadto makausa hin pagpalit hin pagkaon."
"As morning dawned, the men were sent on their way with their donkeys.","Timprano pa han pagkaaga, ginpalakat an magburugto dara an ira mga asno."
"When he caught up with them, he repeated these words to them.","Han paghiabti ha ira han surugoon, iginyakan niya ha ira ini ngahaw nga mga pulong."
"If any of your servants is found to have it, he will die; and the rest of us will become my lord’s slaves.”","Kon hiagian in usa ha amon nga may-ada hini nga kupa, kinahanglan pagpatayon hiya, ngan magigin mga oripon nimo kami ngatanan.”"
Each of them quickly lowered his sack to the ground and opened it.,"Sanglit ginhaw-as dayon nira ha tuna an ira mga sako, ngan ginbukas an sako han kada tawo."
"My lord asked his servants, ‘Do you have a father or a brother?’","Ginpakianhan mo kami, ‘May-ada ba niyo amay, o lain nga bugto nga lalake?’"
"“Then you said to your servants, ‘Bring him down to me so I can see him for myself.’","Ginsiring mo kami hin pagdara ha iya nganhi basi makakita ka ha iya,"
"When we went back to your servant my father, we told him what my lord had said.","“Han pagbalik namon ngadto han amon amay, amon hiya ginsumatan han imo iginsiring."
"“Then our father said, ‘Go back and buy a little more food.’",Niyan ginpabalik kami niya ngan ginpapalit hin pagkaon.
"For two years now there has been famine in the land, and for the next five years there will be no plowing and reaping.",Ikaduha pala ka tuig ini nga gutom dinhe ha tuna; may-ada lilima pa ka tuig nga mawawaray pag-arado o pag-ani.
"Then he sent his brothers away, and as they were leaving he said to them, “Don’t quarrel on the way!”","Ginpagikan niya an iya kabugtoan ngan han nalakat na hira, gintugon niya hira, “Ayaw kamo pag-aruaraway dida han dalan.”"
So they went up out of Egypt and came to their father Jacob in the land of Canaan.,Ginmawas hira han Ehipto ngan nangoli hira ngadto kan Jacob nga ira amay didto ha Canaan.
"The sons of Reuben: Hanok, Pallu, Hezron and Karmi.","ngan an mga anak nga kalalaken-an ni Ruben: hira Hanoc, Falu, Hesron, ug Carmi."
"The sons of Levi: Gershon, Kohath and Merari.","Hi Levi ngan an iya mga anak: hira Gerson, Coat, ug Merari."
"The sons of Issachar: Tola, Puah, Jashub and Shimron.","Hi Isacar ngan an iya mga anak: hira Tola, Pua, Jasub, ug Simron."
"The sons of Zebulun: Sered, Elon and Jahleel.","Hi Zabulon ngan an iya mga anak: hira Sered, Elon, ug Jaleel."
"The sons of Gad: Zephon, Haggi, Shuni, Ezbon, Eri, Arodi and Areli.","Hi Gad ngan an iya mga anak: hira Sifeon, Hagi, Suni, Ezbon, Eri, Arod, ug Areli."
The sons of Jacob’s wife Rachel: Joseph and Benjamin.,Nag-anak hira Raquel ug Jacob hin duha nga lalake: hira Jose ug Benjamin.
"The sons of Benjamin: Bela, Beker, Ashbel, Gera, Naaman, Ehi, Rosh, Muppim, Huppim and Ard.","Hira Bela, Bequer, Asbel, Gera, Naaman, Ehi, Ros, Mupim, Hupim, ug Ard nga mga anak ni Benjamin."
These were the sons of Rachel who were born to Jacob—fourteen in all.,Amo ini nga 14 an mga tulin nira Jacob ug Raquel.
The son of Dan: Hushim.,Hi Dan ngan hi Husim nga iya anak.
"The sons of Naphtali: Jahziel, Guni, Jezer and Shillem.","Hi Neftali ngan an iya mga anak: hira Jazeel, Guni, Jezer, ug Silem."
"When Pharaoh calls you in and asks, ‘What is your occupation?’","Kon tawgon kamo han hadi ngan magpakiana kon ano an iyo pagpakabuhi,"
He chose five of his brothers and presented them before Pharaoh.,Niyan iginpakilala niya han hadi an iya kabugtoan.
"Pharaoh said to Joseph, “Your father and your brothers have come to you,","Nagsiring an hadi kan Jose, “Yana nga nagkaabot na an imo amay ngan an imo kabugtoan,"
"Then Joseph brought his father Jacob in and presented him before Pharaoh. After Jacob blessed Pharaoh,","Niyan gindara ni Jose hi Jacob nga iya amay ngan iginpakilala hiya han hadi. Ginbendisyonan ni Jacob an hadi,"
"Pharaoh asked him, “How old are you?”","ngan ginpakianhan hiya han hadi, “Pira na an imo panuigon?”"
Then Jacob blessed Pharaoh and went out from his presence.,"Ginbendisyonan ni Jacob hin panamilit an hadi, ngan linmakat hiya."
"and Joseph reduced the people to servitude, from one end of Egypt to the other.",Ginhimo ni Jose nga mga oripon an mga tawo tikang ha usa ngadto ha luyo nga kataposan han Ehipto.
"“You have saved our lives,” they said. “May we find favor in the eyes of our lord; we will be in bondage to Pharaoh.”","Binmaton hira, “Gintalwas mo an amon mga kinabuhi; kinalooyan mo kami, ngan mga oripon kami han hadi.”"
"When Israel saw the sons of Joseph, he asked, “Who are these?”","Han paghikit-i la ni Jacob han mga anak ni Jose, nagpakiana hiya, “Hira hin-o ini?”"
Then Joseph removed them from Israel’s knees and bowed down with his face to the ground.,"Niyan ginkuha ni Jose tikang han mga paa ni Jacob an mga bata, ngan hinmapa hi Jose ha atubangan ni Jacob."
"“Assemble and listen, sons of Jacob; listen to your father Israel.",“Pag-alirong ngan pamati kamo mga anak ni Jacob. Pamati kan Israel nga iyo amay.
“Simeon and Levi are brothers— their swords are weapons of violence.,“Magbugto hira Simeon ug Levi. Ginagamit nira hin paglupig an ira mga hinganiban.
"His eyes will be darker than wine, his teeth whiter than milk.","Magpula an iya mga mata tungod hin pag-ininom hin bino, Magbusag an iya mga ngipon tungod hin pag-ininom hin gatas."
“Issachar is a rawboned donkey lying down among the sheep pens.,“Pareho la hin asno hi Isacar Nga naunat hin pagluob ha butnga han mga magbug-at nga mga dara han asno.
“Dan will provide justice for his people as one of the tribes of Israel.,“Mahihinto nga pangulo han iya katawhan hi Dan. Masusugad hira han iba nga mga tribo han Israel.
"“I look for your deliverance, Lord .","“Naghuhulat ako han imo pagtalwas, O Ginoo ."
"“Gad will be attacked by a band of raiders, but he will attack them at their heels.","“Pagsusulongon hi Gad hin hugpo hin mga tikasan, Kundi aasdangon ngan lalanaton niya hira."
“Asher’s food will be rich; he will provide delicacies fit for a king.,“Mabunga hin magrasa nga pagkaon an tuna ni Aser. Mahatag hiya hin pagkaon nga angay para hin usa nga hadi.
“Naphtali is a doe set free that bears beautiful fawns.,"“Usa nga layaw nga bugsok hi Neftali, Nga nag-aanak hin magtahom nga mga nati."
With bitterness archers attacked him; they shot at him with hostility.,"Sinusulong hiya hin waray kalooy han iya mga kaaway, Ngan ginlalanat hiya han ira mga pana."
"“Benjamin is a ravenous wolf; in the morning he devours the prey, in the evening he divides the plunder.”",“Sugad hin mapintas nga lubo hi Benjamin. Pinapatay an iya tinutukob ngan kinakaon adlaw gab-i.”
The field and the cave in it were bought from the Hittites. ”,Ginpalit tikang han mga Hiteohanon an uma ngan an lungib nga aada hini. Iglubong ako niyo didto.”
Joseph threw himself on his father and wept over him and kissed him.,Hinangkopan dayon ni Jose an iya amay ngan nagtinangis nga naghihinarok han iya bayhon.
"Pharaoh said, “Go up and bury your father, as he made you swear to do.”","Binmaton an hadi, “Kadto na ngan iglubong an imo amay sumala han imo iginsumpa.”"
Chariots and horsemen also went up with him. It was a very large company.,"Binmunyog liwat ha iya in mga tawo nga mga dikaruwahe, ngan mga dikabayo; dako hin duro adto nga hugpo."
So Jacob’s sons did as he had commanded them:,Sanglit ginbuhat han mga anak ni Jacob sumala han iginsugo niya ha ira;
"So they sent word to Joseph, saying, “Your father left these instructions before he died:","Sanglit nagpadara hira kan Jose hini nga mensahe: “Han waray pa kamamatay an aton amay,"
"But Joseph said to them, “Don’t be afraid. Am I in the place of God?","Kundi nagsiring ha ira hi Jose, “Ayaw kamo kahadlok. Diri ako makakahimo hin pagsaliwan han Dyos."
"Joseph stayed in Egypt, along with all his father’s family. He lived a hundred and ten years",Nagpadayon hi Jose hin pag-ukoy didto ha Ehipto upod han panimalay han iya amay; 110 na an iya panuigon han kamatay niya.
"They will perish, but you remain; they will all wear out like a garment.","Maaanaw hira ngatanan, kundi magpapabilin ka; madadaan hira ngatanan sugad hin mga panapton."
"It is not to angels that he has subjected the world to come, about which we are speaking.",Waray igbutang han Dyos an mga anghel nga maghahadi han tiarabot nga bag-o nga kalibutan—an kalibutan nga amon hinnanabihan.
and free those who all their lives were held in slavery by their fear of death.,ngan matalwas niya adton mga naoripon ha bug-os nira nga kinabuhi tungod han ira kahadlok han kamatayon.
"Because he himself suffered when he was tempted, he is able to help those who are being tempted.","Ngan yana makakabulig na hiya hadton mga ginsusulay, kay ginsulay ngan nag-antos man hiya ngahaw."
"For every house is built by someone, but God is the builder of everything.","Matuod, hinimo hin tawo an kada balay—kundi an Dyos an naghimo han ngatanan nga mga butang."
"So, as the Holy Spirit says: “Today, if you hear his voice,","Sanglit sumala han siring han Espiritu Santo: “Kon hibatian niyo an tingog han Dyos yana nga adlaw,"
"where your ancestors tested and tried me, though for forty years they saw what I did.","Ira ako ginsulay ngan ginsarihan didto, nasiring an Dyos, bisan kon hinkit-an nira an akon ginbuhat sulod hin kwarenta ka tuig."
"So I declared on oath in my anger, ‘They shall never enter my rest.’ ”",Napungot ngan nanumpa ako: ‘Diri gud hira makakasulod ngan makakapahuway upod ha akon!’”
"So we see that they were not able to enter, because of their unbelief.","Sanglit aton nakikita nga waray hira makasulod, kay waray man hira tumoo."
"And again in the passage above he says, “They shall never enter my rest.”",Amo man gihapon ini an ginsiring: “Diri gud hira makasulod ngan makakapahuway upod ha akon.”
"There remains, then, a Sabbath-rest for the people of God;",Kundi may-ada adlaw nga pagpahuway para han mga tawo han Dyos sugad han pagpahuway han Dyos ha ikapito ka adlaw.
"And he says in another place, “You are a priest forever, in the order of Melchizedek.”","Nagsiring liwat hiya ha lain nga bahin hin kasuratan, “Magigin padi ka ha kadayonan, sugad han pagkapadi ni Melquisedec.”"
"Son though he was, he learned obedience from what he suffered",Kundi bisan kon Anak hiya han Dyos nahibaro hiya hin kamasinugtanon pinaagi han iya mga pag-antos.
"and, once made perfect, he became the source of eternal salvation for all who obey him","Han kahingpit na niya, nahimo hiya nga burabod han dayon nga katalwasan para hadton ngatanan nga masinugtanon ha iya."
and was designated by God to be high priest in the order of Melchizedek.,"Ngan iginpakilala hiya han Dyos nga Labaw hiya nga Padi, dida han hugpo hin pagkapadi ni Melquisedec."
"We have much to say about this, but it is hard to make it clear to you because you no longer try to understand.","Damo pa unta an amon isisiring hiunong hini nga butang, kundi makuri an pagsaysay hini ha iyo, kay mahinay gud kamo makasabot."
"And God permitting, we will do so.","Yana pagpadayon na kita! Ngan amo ini an aton bubuhaton, kon itugot ini han Dyos."
who have tasted the goodness of the word of God and the powers of the coming age,"Hin-araan na nira an kamaupay han pulong han Dyos, ngan nakatagamtam na hira han mga gahom han tiarabot nga panahon."
"saying, “I will surely bless you and give you many descendants.”","Nagsiring hiya, “Nagsasaad ako ha imo nga pagpapakaupayon ko ikaw ngan ihahatag ko ha imo in damo nga katulinan.”"
"And so after waiting patiently, Abraham received what was promised.","Gin-ilob ini ni Abraham, sanglit kinarawat niya an iginsaad han Dyos."
And without doubt the lesser is blessed by the greater.,Waray ruhaduha nga darudako an nagbebendisyon kay han ginbebendisyonan.
"For when the priesthood is changed, the law must be changed also.","Kay kon liwanan an pagkapadi, kinahanglan liwanan liwat an balaod."
"And what we have said is even more clear if another priest like Melchizedek appears,",Naklaro ini nga butang; dida han pagpakita hin lain nga padi nga sugad kan Melquisedec.
"For it is declared: “You are a priest forever, in the order of Melchizedek.”","Kay nasiring an kasuratan, “Magpapadi ka ha kadayonan, dida han hugpo hin pagkapadi ni Melquisedec.”"
The former regulation is set aside because it was weak and useless,"Sanglit binayaan an daan nga lagda, kay maluya ini ngan waray gamit."
"And it was not without an oath! Others became priests without any oath,","Labot pa, aada liwat an sumpa han Dyos. Waray sugad hini nga sumpa han kahimo nga padi han iba."
"Because of this oath, Jesus has become the guarantor of a better covenant.",Sanglit ini nga kalainan naghimo kan Jesus nga karig-onan hin mauruupay nga ginsaaran.
"but because Jesus lives forever, he has a permanent priesthood.","Kundi buhi hin kadayonan hi Jesus, ngan an iya buruhaton hini pagkapadi waray itubyan ha iba."
"For if there had been nothing wrong with that first covenant, no place would have been sought for another.","Kon waray pa sayop an syahan nga ginsaaran, waray na unta kinahanglan hin ikaduha."
For I will forgive their wickedness and will remember their sins no more.”,"Pasasayloon ko an ira mga sala, ngan diri ko na hinunumdoman an ira mga kasaypanan.”"
Now the first covenant had regulations for worship and also an earthly sanctuary.,An syahan nga ginsaaran may-ada mga turumanon ngan may-ada dapit hin pagsingba nga hinimo la hin tawo.
"Behind the second curtain was a room called the Most Holy Place,",Ha luyo han ikaduha nga biray may-ada tulda nga ginngaranan nga Labi ka Baraan nga Dapit.
"In the case of a will, it is necessary to prove the death of the one who made it,","Kon may-ada testamento, kinahanglan nga hibaroan nga patay na an naghimo,"
because a will is in force only when somebody has died; it never takes effect while the one who made it is living.,kay waray gamit an testamento samtang buhi pa an naghimo; may gamit la kon patay na an naghimo.
This is why even the first covenant was not put into effect without blood.,Amo man ngani nga bisan an syahan nga ginsaaran ginparig-on pinaagi hin paggamit hin dugo.
"He said, “This is the blood of the covenant, which God has commanded you to keep.”","Ngan nagsiring hiya, “Amo ini an dugo nga nagpaparig-on han ginsaaran nga ginsugo han Dyos nga pagtumanon niyo.”"
"Just as people are destined to die once, and after that to face judgment,","Kinahanglan mamatay an tagsa-tagsa makausa, ngan katapos hini paghukman hiya han Dyos."
But those sacrifices are an annual reminder of sins.,"Kundi, sugad hito yana an mga paghalad nagpapahinumdom matagtuig han mga tawo han ira mga sala."
It is impossible for the blood of bulls and goats to take away sins.,Kay diri gud makakakuha han mga sala an dugo han mga baka ngan mga kanding.
with burnt offerings and sin offerings you were not pleased.,"Diri ka nalilipay hin mga mananap nga ginsusunog ha bawbaw han halaran, o hin mga halad pagkuha hin mga sala."
and since that time he waits for his enemies to be made his footstool.,Didto naghuhulat hiya yana tubtob nga himoon han Dyos an iya mga kaaway nga taramakan han iya mga tiil.
For by one sacrifice he has made perfect forever those who are being made holy.,Sanglit pinaagi hin usa la nga paghalad hin unong ginhingpit niya ha kadayonan adton mga nalinisan han sala.
The Holy Spirit also testifies to us about this. First he says:,"Ngan nagpapamatuod liwat ha aton an Espiritu Santo. Una han ngatanan nagsiring hiya,"
Then he adds: “Their sins and lawless acts I will remember no more.”,"Ngan, nasiring hiya, “Diri na gud ako manunomdom han ira mga sala ngan magraot nga mga binuhatan.”"
"And where these have been forgiven, sacrifice for sin is no longer necessary.","Sanglit kon ginpasaylo na ini nga mga sala, diri na kinahanglan in halad pagkuha hin mga sala."
"and since we have a great priest over the house of God,",May-ada kita gamhanan nga padi nga tinaporan han balay han Dyos.
"Let us hold unswervingly to the hope we profess, for he who promised is faithful.","Kapti naton hini maupay an aton paglaom, kay makakasarig kita han Dyos nga magtutuman han iya saad."
"And let us consider how we may spur one another on toward love and good deeds,",Pagdinasigay kita ha usa kag usa hin pagpakita han gugma ngan pagbuhat hin maupay.
Anyone who rejected the law of Moses died without mercy on the testimony of two or three witnesses.,"Ginpapatay hin waray kalooy an nagtatalapas han Balaod ni Moises, kon paghukman hin duha o tulo nga mga testigo nga salaan."
It is a dreadful thing to fall into the hands of the living God.,Makalilisang an pagkahulog ngadto han mga kamot han buhi nga Dyos!
So do not throw away your confidence; it will be richly rewarded.,Sanglit ayaw gud kamo pagturaw kay nagdadara ini hin dako nga kabaralsan.
"You need to persevere so that when you have done the will of God, you will receive what he has promised.","Kinahanglan magmailobon kamo basi makagtuman kamo han kaburut-on han Dyos, ngan karawaton niyo an iya mga iginsasaad."
"For, “In just a little while, he who is coming will come and will not delay.”","Kay sumala han siring han kasuratan, “Gutiay na la an panahon, ngan maabot na hiya nga ginpipinamulat, diri hiya maglalangan."
This is what the ancients were commended for.,Pinaagi han ira pagtoo an mga tawo hadton una nga panahon ginpakaupay han Dyos.
"For he was looking forward to the city with foundations, whose architect and builder is God.","Kay ginhulat ni Abraham an syudad nga an Dyos amo an nagplano, naglarang ngan nagtukod, kanay patukoranan diri gud mapupukan."
People who say such things show that they are looking for a country of their own.,"Adton naghimangraw hin sugad, nagpapasabot nga nagbibiling hira hin tuna nga ira kalugaringon."
"If they had been thinking of the country they had left, they would have had opportunity to return.","Waray na hira mangandoy han tuna nga ira tinalikdan; kon naghunahuna pa hira, may-ada pa unta nira higayon hin pagbalik."
"even though God had said to him, “It is through Isaac that your offspring will be reckoned.”","Nagsiring an Dyos kan Abraham, “Magkakamay-ada ka mga tulin pinaagi kan Isaac.”"
By faith Isaac blessed Jacob and Esau in regard to their future.,"Tungod hin pagtoo, nagsaad hi Isaac kanda Jacob ug Esau hin mga kaupayan para han tiarabot nga panahon."
"By faith Moses, when he had grown up, refused to be known as the son of Pharaoh’s daughter.","Tungod hin pagtoo hi Moises, han batan-on na hiya, nagdumiri nga tawgon hiya nga anak han anak nga babaye ni Paraon."
"By faith the walls of Jericho fell, after the army had marched around them for seven days.","Tungod hin pagtoo napukan an mga pader han Jerico, katapos paglibota han mga Israelita sulod hin pito ka adlaw."
"Some faced jeers and flogging, and even chains and imprisonment.","Ginpakaalohan ngan ginhampak an iba, ngan ginggapos ngan ginbilanggo an iba."
since God had planned something better for us so that only together with us would they be made perfect.,kay may-ada pa an Dyos mauroupay nga paglarang para ha aton. Tuyo han Dyos nga mahihingpit la hira kon upod kita ha ira.
"In your struggle against sin, you have not yet resisted to the point of shedding your blood.","Kay ha iyo pakig-away han sala, waray pa kamo mahitangpi han kamatayon."
"because the Lord disciplines the one he loves, and he chastens everyone he accepts as his son.”","Kay sinasaway han Ginoo an iya hinihigugma, ngan ginkakastigo niya an kinakarawat niya nga iya anak.”"
"Therefore, strengthen your feeble arms and weak knees.","Sanglit alsaha niyo an iyo kinakapoy nga mga kamot, ngan pakusga an iyo magluya nga mga tuhod!"
"“Make level paths for your feet,” so that the lame may not be disabled, but rather healed.","Sulsoga niyo an matadong nga mga dalan, basi may gamit an piay nga tiil ngan maupay dayon."
Make every effort to live in peace with everyone and to be holy; without holiness no one will see the Lord.,"Talinguhaa hin pakigdaet ha ngatanan nga mga tawo, ngan pag-ukoy hin baraan nga kinabuhi, kay gawas hini waray makita han Ginoo."
"The sight was so terrifying that Moses said, “I am trembling with fear.”","Makalilisang hin duro adto nga taran-awon nga nakasiring hi Moises, “Nangungurog ngan nahahadlok ako!”"
for our “God is a consuming fire.”,kay kalayo gud nga nakakaugtang an aton Dyos.
Keep on loving one another as brothers and sisters.,Ipadayon an iyo minagburugto nga pagsihigugmaay dida ha pag-alagad kan Cristo.
"So we say with confidence, “The Lord is my helper; I will not be afraid. What can mere mortals do to me?”","Sanglit pagmaisog kita ngan magsiring, “An Ginoo an akon kabulig, diri ako mahahadlok. Ano ba in sadang buhaton ha akon?”"
Jesus Christ is the same yesterday and today and forever.,"Amo la gihapon hi Jesu-Cristo hadto, yana, ngan ha kadayonan."
We have an altar from which those who minister at the tabernacle have no right to eat.,An mga padi nga nag-aalagad didto han arampoan han mga Judiyo waray katungod hin pagkaon han mga hinalad ha aton altar.
"Let us, then, go to him outside the camp, bearing the disgrace he bore.","Sanglit kadto kita ha iya ha gawas han kampo, ngan angbit kita han makaaalo nga ginbuhat ha iya."
"For here we do not have an enduring city, but we are looking for the city that is to come.",Kay waray dayon nga syudad para ha aton dinhe ha tuna; nangingita kita han syudad nga tiarabot.
"And do not forget to do good and to share with others, for with such sacrifices God is pleased.","Ayaw hingalimti an pagbuhat hin maupay nga an pagbinuligay, kay amo ini an mga halad nga nakakalipay han Dyos."
I particularly urge you to pray so that I may be restored to you soon.,Ngan nanginginyupo pa gud ako ha iyo nga mag-ampo kamo nga pabalikon ako han Dyos ngada ha iyo ha madali nga panahon.
Grace be with you all.,Maada unta ha iyo ngatanan an grasya han Dyos.
"Consider it pure joy, my brothers and sisters, whenever you face trials of many kinds,","Kabugtoan ko, hunahunaa niyo nga palaran kamo kon naatubang kamo hin magkalainlain nga mga pagsulay,"
because you know that the testing of your faith produces perseverance.,"kay kon nagdadaog an iyo pagtoo hin sugad nga mga pagsulay, pagpakita ito nga nahibaro kamo hin pag-ilob."
"Let perseverance finish its work so that you may be mature and complete, not lacking anything.","Seguroha nga magpadayon an iyo kamailobon, basi mahingpit kamo, ngan mawaray kakulangan dida ha iyo."
Believers in humble circumstances ought to take pride in their high position.,"Kinahanglan magmalipayon an kablas nga bugto kon pahitas-on hiya han Dyos,"
But the rich should take pride in their humiliation—since they will pass away like a wild flower.,ngan an riko nga bugto kon paubson hiya han Dyos. Kay magpapapas an manggaranon sugad han bukad han tanom ha kapatagan.
but each person is tempted when they are dragged away by their own evil desire and enticed.,Kundi nasusulay an tawo kon nahuhugay ngan nabibitik hiya han iya kalugaringon nga maraot nga ungara.
"Don’t be deceived, my dear brothers and sisters.","Hinigugma ko nga kabugtoan, ayaw kamo pagpalimbong!"
because human anger does not produce the righteousness that God desires.,Diri nakakatuman han matadong nga tuyo han Dyos an kasina han tawo
"and, after looking at himself, goes away and immediately forgets what he looks like.","Natan-aw hiya hin maupay ha iya ngahaw, ngan katapos nalakat hiya, ngan hinngangalimtan dayon kon ano an iya hitsura."
have you not discriminated among yourselves and become judges with evil thoughts?,dida hito nakakasala na kamo hin ka may-ada niyo pinili nga mga tawo ngan hin paghukom nga pinasikad hin magraot nga mga panuyo.
Are they not the ones who are blaspheming the noble name of him to whom you belong?,Amo hira an nagmiminanggad hito nga maupay nga ngaran nga iginhatag han Dyos ha iyo.
For whoever keeps the whole law and yet stumbles at just one point is guilty of breaking all of it.,"An nagtatalapas hin usa nga sugo han Balaod, nagtatalapas han ngatanan."
"Speak and act as those who are going to be judged by the law that gives freedom,",Pagyakan ngan panggawi kamo sugad hin mga tawo nga paghuhukman han balaod nga nagtatalwas han mga tawo.
because judgment without mercy will be shown to anyone who has not been merciful. Mercy triumphs over judgment.,Kay diri malolooy an Dyos kon maghukom na hiya han tawo nga waray pagkalooy. Kundi dinadaog gud han kalooy an paghukom.
Suppose a brother or a sister is without clothes and daily food.,Pananglit may-ada kabugtoan nga nagkikinahanglan hin mga panapton ngan kulang hin pagkaon.
"In the same way, faith by itself, if it is not accompanied by action, is dead.","Amo man ini an pagtoo: kon pagtoo la, ngan waray padis nga buhat, patay ito nga pagtoo."
You believe that there is one God. Good! Even the demons believe that—and shudder.,Natoo ka ba nga may uusa la nga Dyos? Maupay! Natoo man liwat hini an mga yawa ngan nangungurog hira hin kahadlok.
"You foolish person, do you want evidence that faith without deeds is useless ?",Lurong ka! Karuyag ba nimo hikit-an nga waray kapulsanan an pagtoo nga diri inupdan hin mga buhat?
You see that a person is considered righteous by what they do and not by faith alone.,Sanglit nakikita niyo nga gin-iisip nga matadong sa Dyos an tawo pinaagi han iya ginbubuhat ngan diri tungod la han iya pagtoo.
"As the body without the spirit is dead, so faith without deeds is dead.","Sanglit, sugad nga patay an lawas kon waray espiritu; patay man an pagtoo kon waray mga buhat."
"but no human being can tame the tongue. It is a restless evil, full of deadly poison.","Kundi waray pa gud tawo nga nakagpaanad han dila. Maraot ngan makuri kapugngan, ngan puno hin makamaratay nga hilo."
"Out of the same mouth come praise and cursing. My brothers and sisters, this should not be.","Naguwa ha usa la nga baba in mga pulong hin pagpasalamat ngan pagpakaraot. Kabugtoan ko, diri ini angay mahinabo!"
Can both fresh water and salt water flow from the same spring?,Diri mahihimo nga matikang hin usa ngan amo la ngahaw nga burabod in matam-is ug mapait nga tubig.
"Such “wisdom” does not come down from heaven but is earthly, unspiritual, demonic.","Diri natikang ha langit ini nga kinaadman; kinalibutanon la ini, yawan-on ngan diri espirituhanon."
"For where you have envy and selfish ambition, there you find disorder and every evil practice.","Kon hain an pangabugho ngan kahalot, aadto man an kasamok ngan ngatanan nga karat-an."
Peacemakers who sow in peace reap a harvest of righteousness.,Ngan an pagkamatadong amo an naaani nga bunga han mga binhe nga itinatanom han mga nagbubuhat dida hin kalinaw.
"Submit yourselves, then, to God. Resist the devil, and he will flee from you.","Sanglit, pagsugot kamo han Dyos. Atohi niyo an Yawa ngan mapahirayo hiya ha iyo."
"Grieve, mourn and wail. Change your laughter to mourning and your joy to gloom.","Pagmabidoon kamo, pagnguyngoy, ngan pagtangis; saliwani niyo hin pagtangis an iyo katatawa, ngan kabidoan an iyo kalipayan!"
"Humble yourselves before the Lord, and he will lift you up.",Pagpaubos kamo ha atubangan han Ginoo ngan pagpapahitas-on kamo niya.
"Instead, you ought to say, “If it is the Lord’s will, we will live and do this or that.”","Amo unta ini an angay niyo igsiring, “Kon tumugot an Ginoo, mabubuhi pa kami, ngan magbubuhat kami hini o hadto.”"
"As it is, you boast in your arrogant schemes. All such boasting is evil.",Kundi yana mapinahitas-on ngan nanhahambog kamo; sayop in sugad nga panhambog.
"If anyone, then, knows the good they ought to do and doesn’t do it, it is sin for them.","Sanglit, nakakasala an tawo nga diri nagbubuhat han maupay nga iya hinbabaroan nga angay niya buhaton."
"Now listen, you rich people, weep and wail because of the misery that is coming on you.","Ngan yana, pamatii ako niyo, kamo nga mga riko! Pagtangis ngan pagnguyngoy kamo tungod han mga kagul-anan nga tiarabot ha iyo!"
"Your wealth has rotted, and moths have eaten your clothes.",Nadunot na an iyo mga manggad ngan ginkutkot na an iyo mga panapton.
"You have condemned and murdered the innocent one, who was not opposing you.","Ginsirotan nga ginpatay niyo an tawo nga waray sala, ngan waray hiya umato ha iyo."
"You too, be patient and stand firm, because the Lord’s coming is near.",Kinahanglan magmailobon liwat kamo. Magmalinaomon gud kamo kay hirani na an adlaw han pag-abot han Ginoo.
Is anyone among you in trouble? Let them pray. Is anyone happy? Let them sing songs of praise.,May-ada ba nagkukuri ha iyo? Kinahanglan mag-ampo hiya. May-ada ba malipayon? Kinahanglan magkanta hiya hin mga pagdayaw.
"Again he prayed, and the heavens gave rain, and the earth produced its crops.","Nag-ampo liwat hiya, ngan inmuran ngan nanmunga an mga tanom ha tuna."
"My brothers and sisters, if one of you should wander from the truth and someone should bring that person back,","Kabugtoan ko, kon mahimulag tikang han kamatuoran in usa ha iyo, ngan may-ada usa nga makapabalik ha iya,"
"The Lord answered, “Judah shall go up; I have given the land into their hands.”","Binmaton an Ginoo , “An tribo ni Juda an mauna, kay igintubyan ko na ha ira ini nga tuna.”"
From there they advanced against the people living in Debir (formerly called Kiriath Sepher).,Tikang didto ginsulong han mga tawo han Juda an syudad han Dabir nga hadto nga panahon ginngaranan nga Quiriat-sefer.
"As Moses had promised, Hebron was given to Caleb, who drove from it the three sons of Anak.","Sumala han sugo ni Moises, iginhatag an Hebron kan Caleb nga nagpaiwas ha syudad han tulo nga mga banay nga mga tulin ni Anac."
The boundary of the Amorites was from Scorpion Pass to Sela and beyond.,An pag-ultan han mga Edomitanhon natikang ha amihanan nga dapit han Sela tipakadto han Aragian han Akrabim.
and they called that place Bokim. There they offered sacrifices to the Lord .,sanglit ginngaranan nga Boquim ini nga dapit. Didto naghalad hira hin mga hayop nga ira tutuboron para han Ginoo .
"Joshua son of Nun, the servant of the Lord , died at the age of a hundred and ten.","Namatay hi Josue nga anak ni Nun, nga surugoon han Ginoo ha panuigon nga 110."
Then the Israelites did evil in the eyes of the Lord and served the Baals.,Niyan nakasala han Ginoo an mga tawo han Israel ngan nag-alagad na hira han mga Baal.
because they forsook him and served Baal and the Ashtoreths.,Hinmunong hira hin pagsingba han Ginoo ngan gin-alagad nira an mga Baal ngan an mga Astarte.
"Then the Lord raised up judges, who saved them out of the hands of these raiders.",Niyan tinagan han Ginoo an mga Israelita hin mga maghurukom nga amo an magtatalwas ha ira tikang han mga parapanikas.
I will no longer drive out before them any of the nations Joshua left when he died.,diri ko na paiiwason an mga nasod nga nag-uokoy pa han ira tuna han kamatay ni Josue.
"So the land had peace for forty years, until Othniel son of Kenaz died.","Nagkamay-ada kalinaw didto han tuna sulod hin kwarenta ka tuig, ngan katapos namatay hi Otoniel."
The Israelites were subject to Eglon king of Moab for eighteen years.,Ginsakop ni Eglon an mga Israelita sulod hin 18 ka tuig.
"He presented the tribute to Eglon king of Moab, who was a very fat man.",Niyan iya gindara an mga regalo ngadto kan Eglon nga matambok hin duro nga tawo.
"After Ehud had presented the tribute, he sent on their way those who had carried it.","Han paghatagan na ha iya ni Ehud han mga regalo, ginpauli niya an mga tawo nga nagdara hini."
"Ehud reached with his left hand, drew the sword from his right thigh and plunged it into the king’s belly.",Pinaagi han iya wala nga kamot hinulbot ni Ehud an espada tikang han iya tuo nga kagiliran ngan iginbuno ini han tiyan han hadi.
Then Ehud went out to the porch ; he shut the doors of the upper room behind him and locked them.,"Niyan ginmawas hi Ehud, ginsadhan an mga porta, gintrangkahan ini,"
"That day Moab was made subject to Israel, and the land had peace for eighty years.","Hito nga adlaw ginpirde han mga Israelita an Moab, ngan nagkamay-ada kalinaw didto han tuna sulod hin 80 ka tuig."
"Again the Israelites did evil in the eyes of the Lord , now that Ehud was dead.","Han kamatay ni Ehud, nakasala na liwat han Ginoo an mga tawo han Israel."
"Now Deborah, a prophet, the wife of Lappidoth, was leading Israel at that time.","Hadto nga panahon an maghurukom han Israel amo hi Debora, nga asawa ni Lapidot, ngan usa hiya nga manaragna."
"When they told Sisera that Barak son of Abinoam had gone up to Mount Tabor,","Han paghibaro ni Sisera nga sinmagka hi Barac han Bukid Tabor,"
On that day God subdued Jabin king of Canaan before the Israelites.,Hito nga adlaw ginpadaog han Dyos an mga Israelita kontra kan Jabin nga Canaanhon nga Hadi.
On that day Deborah and Barak son of Abinoam sang this song:,Hito nga adlaw ginkanta nira Debora ug Barac ini nga kanta:
"The mountains quaked before the Lord , the One of Sinai, before the Lord , the God of Israel.","Nangurog an kabukiran ha atubangan han Ginoo han Sinai, ha atubangan han Ginoo nga Dyos han Israel."
“The remnant of the nobles came down; the people of the Lord came down to me against the mighty.,Niyan linmugsong an mga magtinumanon ngadto han ira mga pangulo; kinmadto ha iya an mga tawo han Ginoo nga andam hin pakig-away.
"From the heavens the stars fought, from their courses they fought against Sisera.","Nakig-away an kabitun-an tikang ha langit; han paglatas hini han kalangitan, nakig-away ini kontra kan Sisera."
"Then thundered the horses’ hooves— galloping, galloping go his mighty steeds.","Niyan nagkaabot an mga kabayo nga nagdadadlagan, nga an ira mga tiil nagbabandok han tuna."
"He asked for water, and she gave him milk; in a bowl fit for nobles she brought him curdled milk.","Nangaro hin tubig hi Sisera, kundi tinagan hiya hin gatas; gindad-an hiya hin keso dida hin mahusay nga makaong."
"The wisest of her ladies answer her; indeed, she keeps saying to herself,","Ginbaton hiya han iya mag-aram nga kababayen-an, ngan hiya la an binmaton han iya kalugaringon."
Midian so impoverished the Israelites that they cried out to the Lord for help.,ngan waray mahihimo han Israel hin pagkontra ha ira.
"When the Israelites cried out to the Lord because of Midian,",Niyan nagtawag an mga tawo han Israel ngadto han Ginoo hin pakibulig kontra han mga Madianitanhon.
"When the angel of the Lord appeared to Gideon, he said, “The Lord is with you, mighty warrior.”","Pinmakita ha iya didto an anghel han Ginoo ngan nagsiring, “Aada ha imo an Ginoo , ikaw nga maisog ngan kusgan nga tawo!”"
"But the Lord said to him, “Peace! Do not be afraid. You are not going to die.”","Kundi nagsiring ha iya an Ginoo , “An kamurayaw maada ha imo! Ayaw kahadlok. Diri ka mapatay.”"
"Gideon said to God, “If you will save Israel by my hand as you have promised—","Niyan nagsiring hi Gideon ngadto han Dyos, “Nagsiring ka nga gagamiton mo ako hin pagtalwas han Israel."
"If you are afraid to attack, go down to the camp with your servant Purah","Kundi kon nahahadlok ka hin pagsulong, lugsong ngadto han kampo upod hi Pura nga imo surugoon."
"So he said to the men of Peniel, “When I return in triumph, I will tear down this tower.”","Sanglit nagsiring hiya ha ira, “Mabalik ako nga waray ako maano, ngan kon bumalik na ako, rurumpagon ko ini nga torre!”"
Gideon son of Joash then returned from the battle by the Pass of Heres.,"Han nabalik na hi Gideon tikang han pag-awayan pinaagi han Agianan han Hares,"
He also pulled down the tower of Peniel and killed the men of the town.,Iya liwat ginrumpag an torre didto ha Penuel ngan pinamatay an kalalaken-an hito nga syudad.
Jerub-Baal son of Joash went back home to live.,Binmalik hi Gideon ngadto han iya kalugaringon nga balay ngan didto hiya nag-ukoy.
"He had seventy sons of his own, for he had many wives.","May-ada hiya 70 nga mga anak nga kalalaken-an, kay damo an iya asawa."
"“Next, the trees said to the fig tree, ‘Come and be our king.’","Niyan ginsiring han kakahoyan an kahoy nga igos, ‘Kadi ngan paghadii kami.’"
"“Then the trees said to the vine, ‘Come and be our king.’","Sanglit ginsiring han kakahoyan an ubas, ‘Kadi ngan paghadii kami.’"
"“Finally all the trees said to the thornbush, ‘Come and be our king.’","Sanglit ginsiring han ngatanan nga kakahoyan an tunukon nga kahoy, ‘Kadi ngan paghadii kami.’"
"Then Jotham fled, escaping to Beer, and he lived there because he was afraid of his brother Abimelek.","Niyan tungod han iya kahadlok kan Abimelec nga iya bugto, kinmalagiw hi Jotam ngan didto nag-ukoy ha Beer."
"After Abimelek had governed Israel three years,",Naghadi han Israel hi Abimelec sulod hin tulo ka tuig.
"When Zebul the governor of the city heard what Gaal son of Ebed said, he was very angry.",Nasina hi Zebul nga pangulo han syudad han pagsumati ha iya han ginsiring ni Gaal.
"Now then, during the night you and your men should come and lie in wait in the fields.","Sanglit yana, kinahanglan lumakat ka ha gab-i, ikaw ngan an imo mga tawo ngan tumago kamo ha kaumhan."
So Gaal led out the citizens of Shechem and fought Abimelek.,Gin-unhan ni Gaal hin paggawas an mga tawo han Siquem ngan nakig-away hira kan Abimelec.
"The next day the people of Shechem went out to the fields, and this was reported to Abimelek.","Han pagkabuwas hinbaroan ni Abimelec nga naglarang an mga tawo han Siquem hin paggawas ngadto ha kaumhan,"
"When Abimelek heard that they had assembled there,","Ginsumatan hi Abimelec nga nagtitirok hira didto,"
Next Abimelek went to Thebez and besieged it and captured it.,"Niyan kinmadto ha Tebez hi Abimelec, ginpalibotan niya ang syudad, ngan iya nabihag."
"Abimelek went to the tower and attacked it. But as he approached the entrance to the tower to set it on fire,","Han pag-abot ni Abimelec hin pagsulong han torre, kinmadto hiya ha porta hin pagsurit han torre."
a woman dropped an upper millstone on his head and cracked his skull.,Kundi ginhulogan hiya hin usa nga babaye hin gilingan nga bato ngan nabasag an iya ulo.
"He led Israel twenty-three years; then he died, and was buried in Shamir.",Pangulo hiya han Israel sulod hin 23 ka tuig. Katapos namatay hiya ngan ginlubong didto ha Samir.
"He was followed by Jair of Gilead, who led Israel twenty-two years.",Katapos ni Tola inmabot hi Jair nga taga-Galaad. Nangulo hiya han Israel sulod hin 22 ka tuig.
"When Jair died, he was buried in Kamon.",Namatay hi Jair ngan iginlubong didto ha Camon.
"But you have forsaken me and served other gods, so I will no longer save you.","Kundi iyo ako gihapon ginbayaan ngan ginsingba niyo an iba nga kadiyosan, sanglit diri ko na kamo pagtatalwason liwat."
"Some time later, when the Ammonites were fighting against Israel,",Linmabay anay in panahon san-o makig-away an mga Amonitanhon kontra han Israel.
"“Come,” they said, “be our commander, so we can fight the Ammonites.”","Ginsiring hiya nira, “Kadi ngan pagpangulohi kami basi makaaway kami kontra han mga Amonitanhon.”"
"Jephthah sent back messengers to the Ammonite king,",Ginpabalik ni Jefte in mga magsarangyaw ngadto han hadi han Amon
"The king of Ammon, however, paid no attention to the message Jephthah sent him.",Kundi waray gud bumali an hadi han Amon hini nga mensahe tikang kan Jefte.
"And Jephthah made a vow to the Lord : “If you give the Ammonites into my hands,","Nagsaad han Ginoo hi Jefte: “Kon padag-on mo ako han mga Amonitanhon,"
"After him, Ibzan of Bethlehem led Israel.",Sunod kan Jefte nangulo han Israel hi Ibzan nga taga-Betlehem.
Then Ibzan died and was buried in Bethlehem.,katapos namatay hiya ngan iginlubong didto ha Betlehem.
Then Elon died and was buried in Aijalon in the land of Zebulun.,"Katapos namatay hiya ngan iginlubong didto ha Ayalon, ha katunaan han Zabulon."
"After him, Abdon son of Hillel, from Pirathon, led Israel.",Sunod kan Elon nangulo han Israel hi Abdon nga anak ni Ilel nga taga-Faraton.
Now see to it that you drink no wine or other fermented drink and that you do not eat anything unclean.,Ayaw gud pag-inom hin bino o irimnon nga makahurobog o pagkaon hin bisan ano nga igindidiri nga pagkaon;
"The angel of the Lord answered, “Your wife must do all that I have told her.","Binmaton an anghel han Ginoo , “Kinahanglan buhaton han imo asawa an ngatanan nga akon iginsiring ha iya."
"He replied, “Why do you ask my name? It is beyond understanding. ”","Pinmakiana an anghel, “Kay ano nga karuyag niyo mahibaro han akon ngaran? Makatitingala ini nga ngaran.”"
“We are doomed to die!” he said to his wife. “We have seen God!”,"Ginsiring ni Manoa an iya asawa, “Mamamatay gud kita kay kinita kita han Dyos!”"
Samson went down to Timnah and saw there a young Philistine woman.,Usa ka adlaw linmugsong hi Samson ngadto ha Timna diin hinkit-an niya in usa nga babaye nga Filisteohanon.
"Then he went down and talked with the woman, and he liked her.",Niyan kinmadto hiya ngan nakighimangraw hiya han babaye ngan naruyagan niya an babaye.
"When the people saw him, they chose thirty men to be his companions.","Han pakakita ha iya han mga Filisteohanon, nagsugo hira hin 30 nga mga batan-on nga kalalaken-an hin pagpaupod ha iya."
And Samson’s wife was given to one of his companions who had attended him at the feast.,ngan iginhatag an iya asawa ngadto han tawo nga iya abay dida han pagkasal.
"Samson said to them, “This time I have a right to get even with the Philistines; I will really harm them.”","Nagsiring hi Samson, “Hini nga higayon diri na ako manginginlabot han akon bubuhaton han mga Filisteohanon!”"
"The Philistines went up and camped in Judah, spreading out near Lehi.",Nagkaabot an mga Filisteohanon ngan nagkampo hira didto ha Juda. Ginsulong nira an bungto han Lehi.
Samson led Israel for twenty years in the days of the Philistines.,Ginpangulohan ni Samson an Israel sulod hin 20 ka tuig samtang an mga Filisteohanon naghahadi han tuna.
"Some time later, he fell in love with a woman in the Valley of Sorek whose name was Delilah.",Katapos hini hinmigugma hi Samson hin usa nga babaye nga ginngaranan kan Dalila nga nag-ukoy didto ha Kahamub-an han Sorec.
But the hair on his head began to grow again after it had been shaved.,Kundi nagtikang na liwat hin pagtubo an iya buhok.
Now a man named Micah from the hill country of Ephraim,"May-ada hadto usa ka tawo nga ginngaranan kan Miqueas, nga nag-ukoy didto han sagkahon nga nasod han Efraim."
In those days Israel had no king; everyone did as they saw fit.,Waray hadi didto ha Israel hito nga panahon; nagbuhat an kada tawo han bisan ano nga iya karuyag.
"A young Levite from Bethlehem in Judah, who had been living within the clan of Judah,",Hito ngahaw nga panahon may-ada usa nga batan-on nga Levita nga nag-ukoy anay didto han bungto han Betlehem ha Juda.
"So the Levite agreed to live with him, and the young man became like one of his sons to him.",Inmuyon an batan-on nga Levita hin pagpabilin upod kan Miqueas ngan nahimo hiya nga sugad hin usa han iya mga anak.
"Then Micah installed the Levite, and the young man became his priest and lived in his house.",Gintudlok hiya nga padi ni Miqueas ngan nag-ukoy hiya didto han balay ni Miqueas.
"He told them what Micah had done for him, and said, “He has hired me and I am his priest.”","Binmaton hiya, “May-ada kami ginkasabotan ngan hi Miqueas nga nagsusuhol ha akon ha pag-alagad ko nga padi para ha iya.”"
"The priest answered them, “Go in peace. Your journey has the Lord ’s approval.”","Binmaton an padi, “Waray niyo sadang kabarak-an. Ginmamangnoan kamo han Ginoo dida hini nga iyo paglakaton.”"
From there they went on to the hill country of Ephraim and came to Micah’s house.,Tikang didto nagpadayon hira ngan inmabot hira ha balay ni Miqueas didto han sagkahon nga nasod han Efraim.
So they turned in there and went to the house of the young Levite at Micah’s place and greeted him.,"Sanglit sinmulod hira ngadto han balay hi Miqueas, nga inuokyan han batan-on nga Levita, ngan pinangumosta nira an Levita."
"Putting their little children, their livestock and their possessions in front of them, they turned away and left.","Binmalik hira ngan nagkalakat hira. Nag-una ha ira an ira kabataan, ira kabakahan, ngan an ira mga higamit."
"Now, all you Israelites, speak up and tell me what you have decided to do.”",Mga Israelita kamo ngatanan nga aanhi. Ano an aton bubuhaton mahitungod hini?”
But now this is what we’ll do to Gibeah: We’ll go up against it in the order decided by casting lots.,Amo ini an aton bubuhaton: magriripa kita ngan magpipili hin mga tawo nga masulong han Gabaa.
So all the Israelites got together and united as one against the city.,Sanglit nagkatirok an ngatanan nga kalalaken-an didto ha Israel ngan usa la an ira tuyo—pagsulong han bungto.
The next morning the Israelites got up and pitched camp near Gibeah.,Sanglit han pagkaaga nagkalakat an mga Israelita ngan nagkampo hira hirani han syudad han Gabaa.
Then the Israelites drew near to Benjamin the second day.,Ginsulong nira hin ika duha an kasondalohan han Benjamin.
Then Israel set an ambush around Gibeah.,Sanglit ginpatago han mga Israelita an iba han mga sondalo palibot han Gabaa.
"Eighteen thousand Benjamites fell, all of them valiant fighters.","Pinamatay in 18,000 han gimamag-upayi nga Benjaminhon nga mga sondalo."
"For when they counted the people, they found that none of the people of Jabesh Gilead were there.",han pagpundoka han mga tawo waray didto taga-Habes.
"“This is what you are to do,” they said. “Kill every male and every woman who is not a virgin.”",Pamataya an ngatanan nga kalalaken-an ngan an ngatanan nga kababayen-an nga diri na uray.”
"The people grieved for Benjamin, because the Lord had made a gap in the tribes of Israel.",Nabido an mga tawo tungod han mga Benjaminhon kay ginbungkag han Ginoo an pagkaurosa han mga tribo han Israel.
"So they instructed the Benjamites, saying, “Go and hide in the vineyards","Ginsiring nira an mga Benjaminhon, “Pakadto ngan panago kamo didto han mga urubasan"
In those days Israel had no king; everyone did as they saw fit.,Waray hadi didto ha Israel hadto nga panahon. Nagbuhat an kada tawo han bisan ano nga iya karuyag.
"In the beginning was the Word, and the Word was with God, and the Word was God.","Han waray pa himoa an kalibutan, nakada na an Pulong. Kausa han Dyos an Pulong, ngan Dyos gud an Pulong."
He was with God in the beginning.,Tikang pa ha tinikangan kausa na han Dyos an Pulong.
"In him was life, and that life was the light of all mankind.","Dida han Pulong nakada an kinabuhi, ngan an kinabuhi amo an kapawa han mga tawo."
"The light shines in the darkness, and the darkness has not overcome it.","An kapawa naglamrag dida han kasisidman, ngan an kasisidman waray gud makaparong ha iya."
There was a man sent from God whose name was John.,May-ada tawo nga Juan an ngaran nga ginsugo han Dyos
"He came as a witness to testify concerning that light, so that through him all might believe.","hin pagsumat han mga tawo mahitungod han kapawa, basi an ngatanan makabati han mensahe ngan tumoo."
He himself was not the light; he came only as a witness to the light.,Diri hiya amo an kapawa; kinmanhi hiya hin pagsumat mahitungod han kapawa.
The true light that gives light to everyone was coming into the world.,Amo ini an matuod nga kapawa—an kapawa nga nakanhi ha kalibutan ngan nakalamrag han ngatanan nga katawhan.
"He came to that which was his own, but his own did not receive him.","Kinmanhi hiya han iya kalugaringon nga tuna, kundi waray hiya karawata han iya kalugaringon nga katawhan."
"He did not fail to confess, but confessed freely, “I am not the Messiah.”","Waray hiya maglirong, kundi nagsumat hin waray lipodlipod, “Diri ako an Mesiyas.”"
Now the Pharisees who had been sent,An mga tawo nga ginsugo han mga Parisiyo
"questioned him, “Why then do you baptize if you are not the Messiah, nor Elijah, nor the Prophet?”","nagpakiana kan Juan, “Kay ano nga nagbubunyag ka man, kon diri ka man ngay-an an Mesiyas, o hi Elias, o an Manaragna?”"
"“I baptize with water,” John replied, “but among you stands one you do not know.","Binmaton hi Juan, “Nagbubunyag ako hin tubig, kundi may usa dida ha iyo nga diri niyo kinikilala."
"He is the one who comes after me, the straps of whose sandals I am not worthy to untie.”","Masunod hiya ha akon, kundi diri ngani ako takos bisan hin paghukas han iya sandalyas.”"
"This all happened at Bethany on the other side of the Jordan, where John was baptizing.","Nahinabo ini ngatanan didto ha Betania, sinirangan nga dapit han Salog han Jordan, diin namumunyag hi Juan."
I have seen and I testify that this is God’s Chosen One.”,"Akon ito hinkit-an, ngan nagsusumat ako ha iyo nga hiya amo an Anak han Dyos.”"
The next day John was there again with two of his disciples.,Han pagkasunod nga adlaw didto na liwat hi Juan upod in duha niya nga mga tinun-an.
"When he saw Jesus passing by, he said, “Look, the Lamb of God!”","Han pakakita niya kan Jesus nga nalabay, nagsiring hiya, “Kitaa, iini an Kordero han Dyos!”"
"When the two disciples heard him say this, they followed Jesus.","Nakabati an duha niya nga mga tinun-an han iya pagsiring hini, ngan binmunyog hira kan Jesus."
"Andrew, Simon Peter’s brother, was one of the two who heard what John had said and who had followed Jesus.","Usa han duha nga nakabati kan Juan ngan binmunyog kan Jesus, amo hi Andres nga bugto ni Simon Pedro."
"Philip, like Andrew and Peter, was from the town of Bethsaida.","Taga-Betsaida ini hi Felipe, ngan amo liwat an bungto nira Andres ug Pedro.)"
"Then Nathanael declared, “Rabbi, you are the Son of God; you are the king of Israel.”","Nagsiring hi Natanael, “Magturutdo, ikaw an Anak han Dyos, ikaw an Hadi han Israel!”"
"On the third day a wedding took place at Cana in Galilee. Jesus’ mother was there,","Paghagos hin duha ka adlaw, nagkaada kasal didto ha bungto han Cana, ha Galilea. Nakadto an iroy ni Jesus."
and Jesus and his disciples had also been invited to the wedding.,"Gindapit liwat ngadto hini nga pagkasal hi Jesus, pati an iya mga tinun-an."
"When the wine was gone, Jesus’ mother said to him, “They have no more wine.”","Han kaubos na han bino, ginsiring hi Jesus han iroy niya, “Waray na hira bino.”"
"“Woman, why do you involve me?” Jesus replied. “My hour has not yet come.”","Nagbaton hi Jesus, “Babaye, ayaw ako pagbut-i han akon bubuhaton. Waray pa abot an akon panahon.”"
"His mother said to the servants, “Do whatever he tells you.”","Gintugon han iroy ni Jesus an mga surugoon, “Buhata gud an bisan ano nga igsugo niya ha iyo.”"
"Jesus said to the servants, “Fill the jars with water” ; so they filled them to the brim.","Ginsiring ni Jesus an mga surugoon, “Pun-a niyo hin tubig ini nga mga tadyaw.” Ginpuno nira ini tubtob ha ganggang,"
"When it was almost time for the Jewish Passover, Jesus went up to Jerusalem.","Hiraniay na an Pyesta han Paglabay han mga Judiyo, sanglit napakadto hi Jesus ha Jerusalem."
"Jesus answered them, “Destroy this temple, and I will raise it again in three days.”","Nagbaton hi Jesus, “Bungkaga niyo ini nga balay han Dyos ngan titindogon ko liwat sulod hin tulo ka adlaw.”"
"They replied, “It has taken forty-six years to build this temple, and you are going to raise it in three days?”","“Kwarentay seis ka tuig an pagtindog hini nga templo, ngan titindogon mo ini sulod la hin tulo ka adlaw?” nagpakiana hira."
But the temple he had spoken of was his body.,"Kundi an Templo nga karuyag sidngon ni Jesus, amo an iya lawas."
"But Jesus would not entrust himself to them, for he knew all people.","Kundi waray tumagya ha ira hi Jesus, kay sayod hiya kaupay han ngatanan nga mga tawo."
"He did not need any testimony about mankind, for he knew what was in each person.","Waray na kinahanglan nga sumatan pa hiya mahitungod han mga tawo, kay daan hiya sayod kon ano an aada ha ira mga kasingkasing."
"Now there was a Pharisee, a man named Nicodemus who was a member of the Jewish ruling council.","May-ada tawo nga Nicodemo an ngaran, usa nga pangulo han mga Judiyo, nga sakop han hugpo han mga Parisiyo."
"Flesh gives birth to flesh, but the Spirit gives birth to spirit.",Tikang hin mga kag-anak an lawasnon nga pagkatawo; kundi tikang han Espiritu an espirituhanon nga pagkatawo.
"You should not be surprised at my saying, ‘You must be born again.’","Ayaw hipausa nga nasiring ako ha imo, ‘Kinahanglan matawo na liwat kamo ngatanan!’"
“How can this be?” Nicodemus asked.,“Uunanhon man ini?” nagpakiana hi Nicodemo.
"“You are Israel’s teacher,” said Jesus, “and do you not understand these things?","Nagbaton hi Jesus, “Bantogan ka nga magturutdo ha Israel, ngan diri ka ba nakakasabot hini?"
No one has ever gone into heaven except the one who came from heaven—the Son of Man.,Ngan waray pagud nakasaka ha langit labot han Anak han Tawo nga linmusad tikang ha langit!”
that everyone who believes may have eternal life in him.”,basi makaangkon han dayon nga kinabuhi an ngatanan nga natoo ha iya.
(This was before John was put in prison.),Waray pa hadto kapriso hi Juan.)
An argument developed between some of John’s disciples and a certain Jew over the matter of ceremonial washing.,May mga tinun-an ni Juan nga nakiglantugi hin usa nga Judiyo mahitungod hin turumanon han tuluohan bahin hin paglinis.
"To this John replied, “A person can receive only what is given them from heaven.","Nagbaton hi Juan, “Waray maaangkon in bisan hin-o labot kon ihatag ito ha iya han Dyos."
"You yourselves can testify that I said, ‘I am not the Messiah but am sent ahead of him.’","Kamo ngahaw an akon mga saksi nga nagsiring ako, ‘Diri ako amo an Mesiyas, kundi ginsugo ako una ha iya.’"
He must become greater; I must become less.”,"Kinahanglan magtikadungganan hiya, samtang magtikaubos ako.”"
"He testifies to what he has seen and heard, but no one accepts his testimony.","Nagsusumat hiya han iya hinkit-an ngan hinbatian, kundi waray nakarawat han iya mensahe."
Whoever has accepted it has certified that God is truthful.,"Bisan hin-o nga nakarawat han iya mensahe, nagpapamatuod nga kasasarigan an Dyos."
The Father loves the Son and has placed everything in his hands.,Nahigugma an Amay han iya Anak ngan igintapod ha iya gahom an ngatanan nga mga butang.
"although in fact it was not Jesus who baptized, but his disciples.","Ha tinuod diri hi Jesus ngahaw an nanmunyag, kundi an iya la mga tinun-an.)"
So he left Judea and went back once more to Galilee.,"Han paghibaro ni Jesus hini, binmaya anay hiya han Judea, ngan binmalik ngadto ha Galilea."
Now he had to go through Samaria.,Maagi gud hiya ha Samaria kon makadto hiya ha Galilea.
"“Sir,” the woman said, “you have nothing to draw with and the well is deep. Where can you get this living water?","Nagsiring an babaye, “Hain ka man kukuha hito nga tubig, kay waray ka man ikarabo, ngan hilarom an atabay?"
"Jesus answered, “Everyone who drinks this water will be thirsty again,","Binmaton hi Jesus, “Uuhawon la gihapon an bisan hin-o nga mainom hini nga tubig,"
"He told her, “Go, call your husband and come back.”","Nagsiring hi Jesus ha iya, “Kadto na, tawaga an imo bana ngan balik nganhi.”"
"“I have no husband,” she replied. Jesus said to her, “You are right when you say you have no husband.","“Waray ako asawa,” nagsiring an babaye. Binmaton hi Jesus, “Tama an imo siring nga waray ka bana,"
"The fact is, you have had five husbands, and the man you now have is not your husband. What you have just said is quite true.”","kay lima na an imo iginkaasawa, ngan diri mo bana iton iginkakalungon mo yana. Matuod gud an imo siring.”"
"“Sir,” the woman said, “I can see that you are a prophet.","“Naabat ako nga usa ka nga manaragna,” nagsiring an babaye."
"God is spirit, and his worshipers must worship in the Spirit and in truth.”","Espiritu an Dyos, ngan kinahanglan magsingba ha espiritu ngan ha kamatuoran an mga nagsisingba ha iya.”"
"Then Jesus declared, “I, the one speaking to you—I am he.”","Binmaton hi Jesus, “Ako amo hiya, ako nga nakikighimangraw ha imo.”"
"Then, leaving her water jar, the woman went back to the town and said to the people,","Binayaan han babaye an iya tibod ngan binmalik ngadto ha bungto. Nagsiring hiya ha mga tawo didto,"
"“Come, see a man who told me everything I ever did. Could this be the Messiah?”","“Tana, kitaa niyo an tawo nga nagsumat ha akon han ngatanan nga akon nabuhat. Amo na ba hiya an Mesiyas?”"
They came out of the town and made their way toward him.,Sanglit binayaan nira an bungto ngan napakadto hira kan Jesus.
"Meanwhile his disciples urged him, “Rabbi, eat something.”","Hito ngahaw nga takna naghinangyo an mga tinun-an kan Jesus, “Magturutdo, kaon na!”"
"But he said to them, “I have food to eat that you know nothing about.”","Kundi nagbaton hiya, “May-ada ako pagkaon nga waray niyo hibabaroi.”"
"Then his disciples said to each other, “Could someone have brought him food?”","Sanglit may hin parupakiana an mga tinun-an, “May-ada ba nagdul-ong ha iya hin pagkaon?”"
Thus the saying ‘One sows and another reaps’ is true.,"Matuod an darahunon, ‘Usa an nagtatanom, iba an nag-aani.’"
And because of his words many more became believers.,"Damo pa in tinmoo tungod han iya mensahe,"
After the two days he left for Galilee.,"Katapos hin duha ka adlaw didto, linmakat hi Jesus ngan pinmakadto ha Galilea."
(Now Jesus himself had pointed out that a prophet has no honor in his own country.),"Hiya ngahaw an nagsiring, “Diri tinutuod an manaragna dida han iya kalugaringon nga tuna.”"
"“Unless you people see signs and wonders,” Jesus told him, “you will never believe.”","Nagsiring hi Jesus ha iya, “Waray gud ha iyo matoo labot kon hikit-an niyo in dagko nga mga orosahon.”"
"The royal official said, “Sir, come down before my child dies.”","Nagbaton an opisyal, “Tana gad, upod ha akon nga diri pa napatay an akon anak.”"
"While he was still on the way, his servants met him with the news that his boy was living.","Dida ha dalan, han tipauli hiya, ginsugat hiya han iya mga surugoon upod an sumat nga buhi an iya anak."
This was the second sign Jesus performed after coming from Judea to Galilee.,Amo ini an ikaduha nga milagro nga ginbuhat ni Jesus han pag-abot niya ha Galilea tikang ha Judea.
"Some time later, Jesus went up to Jerusalem for one of the Jewish festivals.","Katapos hini, nagpyesta an mga Judiyo ngan napakadto hi Jesus ha Jerusalem."
"Here a great number of disabled people used to lie—the blind, the lame, the paralyzed.","Nakada hini nga mga balkon in damo nga mga magsakit—mga buta, mga piay, ngan mga lulid. [Naghuhulat hira nga bumantad an tubig,"
One who was there had been an invalid for thirty-eight years.,May didto usa nga tawo nga 38 ka tuig na an iya kasakit.
"Then Jesus said to him, “Get up! Pick up your mat and walk.”","Ginsiring hiya ni Jesus, “Buhat, dad-a an imo higdaan, ngan lakat.”"
"At once the man was cured; he picked up his mat and walked. The day on which this took place was a Sabbath,","Naupay dayon an tawo; gindara niya an iya higdaan, ngan linmakat. Nahinabo ini ha Adlaw nga Iparahuway,"
"But he replied, “The man who made me well said to me, ‘Pick up your mat and walk.’ ”","Binmaton hiya, “Ginsiring ako han tawo nga nagtambal ha akon, ‘Dad-a an imo higdaan ngan lakat.’”"
"So they asked him, “Who is this fellow who told you to pick it up and walk?”","Nagpakiana hira ha iya, “Hin-o ini nga tawo nga nagsugo ha imo hin pagdara han imo higdaan ngan lakat?”"
The man went away and told the Jewish leaders that it was Jesus who had made him well.,Ngan linmakat an tawo ngan iya ginsumatan an mga punoan nga Judiyo nga hi Jesus an nagtambal ha iya.
"So, because Jesus was doing these things on the Sabbath, the Jewish leaders began to persecute him.","Tungod hini nagtikang hira pagdumot kan Jesus, kay ginbuhat niya ini nga pagtambal ha Adlaw nga Iparahuway."
"In his defense Jesus said to them, “My Father is always at his work to this very day, and I too am working.”","Ginbaton hira ni Jesus, “Dayuday nagbubuhat an akon Amay, sanglit kinahanglan liwat magbuhat ako.”"
"Moreover, the Father judges no one, but has entrusted all judgment to the Son,","Diri na maghuhukom an Amay bisan kan kanay. Iginhatag na niya ngadto han iya Anak an bug-os nga katungod hin paghukom,"
And he has given him authority to judge because he is the Son of Man.,"Ngan iginhatag ngadto han Anak an katungod hin paghukom, kay Anak han Tawo man hiya."
"“Do not be amazed at this, for a time is coming when all who are in their graves will hear his voice","Ayaw kamo hipausa hini; tiarabot an panahon nga makakabati han iya tingog an ngatanan nga mga minatay ha lubnganan,"
"“If I testify about myself, my testimony is not true.","“Kon magsaksi ako ha akon la ngahaw, diri angay karawaton sugad nga tinuod nga pruyba an akon iginsiring."
“You have sent to John and he has testified to the truth.,"Ginpadara niyo an iyo mga sinugo ngadto kan Juan, ngan nagyakan hiya ha ngaran han kamatuoran."
Not that I accept human testimony; but I mention it that you may be saved.,"Diri nga nagkikinahanglan ako hin kanan tawo pagsaksi; ginsusumat ko la ini, basi matalwas unta kamo."
"nor does his word dwell in you, for you do not believe the one he sent.","ngan waray niyo tipigi ha iyo mga kasingkasing an iya mensahe, kay diri man kamo natoo han ginsugo niya."
yet you refuse to come to me to have life.,Kundi diri niyo karuyag kumadi ha akon basi maangkon niyo an kinabuhi.
"“I do not accept glory from human beings,",“Diri ako nag-uungara nga dayawon ako hin mga tawo.
but I know you. I know that you do not have the love of God in your hearts.,Kundi nakilala ako ha iyo; maaram ako nga waray kamo gugma para han Dyos ha iyo mga kasingkasing.
"If you believed Moses, you would believe me, for he wrote about me.","Kon tinuod nga natoo kamo kan Moises, matoo unta kamo ha akon, kay nagsurat hiya mahitungod ha akon."
"But since you do not believe what he wrote, how are you going to believe what I say?”","Kundi tungod nga diri man kamo natoo han iya iginsurat, uunanhon hin pakatoo niyo han akon iginsiring?”"
"Some time after this, Jesus crossed to the far shore of the Sea of Galilee (that is, the Sea of Tiberias),","Katapos hini, binmalik hi Jesus ngadto ha tabok han Lanaw han Galilea (o Lanaw han Tiberias)."
Then Jesus went up on a mountainside and sat down with his disciples.,Sinmagka hi Jesus hin pungtod ngan linmingkod upod an iya mga tinun-an.
The Jewish Passover Festival was near.,Hirani na an Pyesta han Paglabay han mga Judiyo.
"He asked this only to test him, for he already had in mind what he was going to do.","Ginsiring ini niya hin pagsari kan Felipe; ha tinuod, maaram hiya nga daan kon ano an iya bubuhaton.)"
"Another of his disciples, Andrew, Simon Peter’s brother, spoke up,","Nagsiring hi Andres nga bugto ni Simon Pedro, nga usa han iya mga tinun-an,"
"When evening came, his disciples went down to the lake,","Han tipagsisirom na, nanlugsong an iya mga tinun-an ngadto han lanaw."
A strong wind was blowing and the waters grew rough.,"Hini nga takna nagmadlos, ngan nagmabalod hin duro."
"But he said to them, “It is I; don’t be afraid.”","Nagsiring hi Jesus ha ira, “Ako ini, ayaw kamo kahadlok!”"
"Then they were willing to take him into the boat, and immediately the boat reached the shore where they were heading.",Nalipay hira pagpasakay ha iya; ngan dinmuong hira dayon ha dapit nga ira kinakadtoan.
"When they found him on the other side of the lake, they asked him, “Rabbi, when did you get here?”","Han paghiagii kan Jesus han mga tawo didto ha tabok han lanaw, nagsiring hira ha iya, “Magturutdo, kakan-o ka pa abot nganhi?”"
"Then they asked him, “What must we do to do the works God requires?”","Sanglit nagpakiana hira ha iya, “Ano man an sadang namon buhaton basi makatuman kami han mga ipinapagbuhat ha amon han Dyos?”"
"Jesus answered, “The work of God is this: to believe in the one he has sent.”","Nagbaton hi Jesus, “Amo ini an karuyag han Dyos ipabuhat ha iyo: sarig kamo han iya ginsugo.”"
For the bread of God is the bread that comes down from heaven and gives life to the world.”,"Kay an pagkaon nga ihinahatag han Dyos amo hiya nga linmusad tikang ha langit, ngan nahatag hin kinabuhi ha kalibutan.”"
"“Sir,” they said, “always give us this bread.”","Ngan naghangyo hira ha iya, “Dayuday tagi kami hini nga pagkaon.”"
"But as I told you, you have seen me and still you do not believe.","Ginsiring ko na kamo nga bisan kon hinkit-an ako niyo, diri la gihapon kamo natoo ha akon."
"All those the Father gives me will come to me, and whoever comes to me I will never drive away.","Napakadi ha akon an bisan hin-o nga itinutubyan ha akon han Amay. Diri ko gud isasalikway an bisan hin-o nga mapakadi ha akon,"
For I have come down from heaven not to do my will but to do the will of him who sent me.,"kay linmusad ako tikang ha langit diri pagtuman han akon kalugaringon nga kaburot-on, kundi han kaburot-on han nagsugo ha akon."
"“Stop grumbling among yourselves,” Jesus answered.","Binmaton hi Jesus, “Ayaw kamo pagnginurutob."
No one has seen the Father except the one who is from God; only he has seen the Father.,Diri karuyag sidngon hini nga may-ada na nakakita han Amay; hiya la nga tikang han Dyos an nakakita han Amay.
"Very truly I tell you, the one who believes has eternal life.",Susumatan ko kamo hin tinuod; may-ada na dayon nga kinabuhi adton natoo.
I am the bread of life.,Amo ako an pagkaon nga nahatag han kinabuhi.
"Your ancestors ate the manna in the wilderness, yet they died.","Nangaon han mana didto ha kamingawan an iyo mga ginikanan, kundi nagkamatay hira."
"But here is the bread that comes down from heaven, which anyone may eat and not die.",Kundi diri na mamamatay an nakaon han pagkaon nga tikang ha langit.
For my flesh is real food and my blood is real drink.,"Kay tinuod gud nga pagkaon an akon unod, ngan tinuod gud nga irimnon an akon dugo."
"Whoever eats my flesh and drinks my blood remains in me, and I in them.",An nakaon han akon unod ngan nainom han akon dugo aadi ha akon ngan aada ako ha iya.
He said this while teaching in the synagogue in Capernaum.,Ginsiring ini ni Jesus samtang nagtutdo hiya didto han sinagoga ha Capernaum.
From this time many of his disciples turned back and no longer followed him.,"Tungod hini, binmulag in damo han iya mga tinun-an ngan waray na bumunyog ha iya."
"“You do not want to leave too, do you?” Jesus asked the Twelve.","Sanglit nagpakiana hi Jesus han dose nga mga tinun-an, “Ngan kamo karuyag ba liwat niyo hin pagbaya ha akon?”"
"Simon Peter answered him, “Lord, to whom shall we go? You have the words of eternal life.","Binmaton ha iya hi Simon Pedro, “Ngain pa man kami kakadto, Ginoo? Ikaw an may mga pulong nga nahatag han dayon nga kinabuhi."
We have come to believe and to know that you are the Holy One of God.”,Ngan yana natoo ngan maaram kami nga amo ka an Baraan nga tikang sa Dyos.”
"Then Jesus replied, “Have I not chosen you, the Twelve? Yet one of you is a devil!”","Nagbaton ha ira hi Jesus, “Diri ba dose kamo nga akon ginpili? Kundi yawa an usa ha iyo!”"
"But when the Jewish Festival of Tabernacles was near,","Hirani na an kanan Judiyo Pyesta han mga Tabernakulo,"
For even his own brothers did not believe in him.,Waray pagtoo ha iya bisan ngani an iya kabugtoan.)
"Therefore Jesus told them, “My time is not yet here; for you any time will do.","Nagsiring hi Jesus ha ira, “Waray pa umabot an akon igo nga panahon, kundi pirme igo ha iyo an ngatanan nga panahon."
"You go to the festival. I am not going up to this festival, because my time has not yet fully come.”",Kamo na la in pasingadto ha pyesta; diri ako makadto hini nga pyesta; kay waray pa umabot an akon igo nga panahon.”
"After he had said this, he stayed in Galilee.","Iginyakan ini niya ha ira, ngan nagpabilin hiya ha Galilea."
"However, after his brothers had left for the festival, he went also, not publicly, but in secret.","Pinmaorhe hi Jesus han iya kabugtoan hin pagkadto ha pyesta; waray hiya magpadayag, kundi hilit la an iya pagkadto."
"Now at the festival the Jewish leaders were watching for Jesus and asking, “Where is he?”",Nagpinamiling ha iya an mga Judiyo didto han pyesta ngan nagpinakiana hira kon hain hiya.
But no one would say anything publicly about him for fear of the leaders.,"Kundi tungod han ira kahadlok han mga punoan nga Judiyo, waray tawo nga ginmahom hin paghimangraw mahitungod ha iya."
Not until halfway through the festival did Jesus go up to the temple courts and begin to teach.,"Han nagkakatunga na an ira pagsaurog han pyesta, pinmakadto hi Jesus ha Templo ngan nagtutdo."
"Jesus answered, “My teaching is not my own. It comes from the one who sent me.","Nagbaton ha ira hi Jesus, “Diri akon pagturon-an an igintututdo ko, kundi tikang sa Dyos nga nagsugo ha akon."
"“You are demon-possessed,” the crowd answered. “Who is trying to kill you?”","Nagbaton an mga tawo, “May-ada ka gud yawa! Hin-o ngani an nag-iiparatay ha imo?”"
"Jesus said to them, “I did one miracle, and you are all amazed.","Binmaton hi Jesus, “Usa pa la nga milagro an akon ginbuhat, ngan nahipausa na kamo ngatanan."
"Stop judging by mere appearances, but instead judge correctly.”",Paghukom kamo sumala han tinuod nga lagda; ayaw na paghukom dara la han iyo hinkit-an.”
"At that point some of the people of Jerusalem began to ask, “Isn’t this the man they are trying to kill?","Nagsiring in pira nga mga tawo ha Jerusalem, “Diri ba ini an tawo nga gin-iiparatay nira?"
but I know him because I am from him and he sent me.”,"Nakilala ako ha iya, kay tikang ako ha iya, ngan hiya an nagsugo ha akon.”"
"At this they tried to seize him, but no one laid a hand on him, because his hour had not yet come.","Ngan gin-idarakop hiya nira, kundi waray naglabot ha iya, kay waray pa man umabot an iya takna."
"Jesus said, “I am with you for only a short time, and then I am going to the one who sent me.","Nagsiring hi Jesus, “Madaliay na la an akon pakig-urosa ha iyo, ngan mabalik na ako ngadto han nagsugo ha akon."
"You will look for me, but you will not find me; and where I am, you cannot come.”","Mamimiling kamo ha akon, kundi diri kamo makakaagi ha akon; kay diri kamo makakakadto han akon kakadtoan.”"
"Whoever believes in me, as Scripture has said, rivers of living water will flow from within them.”","Sumala han siring han kasuratan, ‘Tikang ha kasingkasing hadton natoo ha akon maawas in tubig nga nahatag hin kinabuhi.’”"
"On hearing his words, some of the people said, “Surely this man is the Prophet.”","Han pakabati han damo nga mga tawo hini nga siring ni Jesus, nabuhag hira. May-ada nasiring, “Amo na gud ini an Manaragna!”"
"Others said, “He is the Messiah.” Still others asked, “How can the Messiah come from Galilee?","Nagsiring liwat an iba, “Amo na hiya an Mesiyas!” Kundi nagsiring pa an iba, “Diri matikang ha Galilea an Mesiyas!"
Thus the people were divided because of Jesus.,Sanglit tungod ha iya nagkabuhag an mga tawo.
"Some wanted to seize him, but no one laid a hand on him.","Karuyag magdakop kan Jesus an pira ha ira, kundi waray gud nagpasipara hin pagkapot ha iya."
"“No one ever spoke the way this man does,” the guards replied.","Nagbaton an mga gwardya, “Waray pa gud tawo nga naghimangraw hin sugad nga pagyakan hini nga tawo!”"
“You mean he has deceived you also?” the Pharisees retorted.,"Nagpakiana an mga Parisiyo, “Nalimbongan ba liwat kamo niya?"
“Have any of the rulers or of the Pharisees believed in him?,May-ada na ba niyo hinbaroan nga usa han mga punoan o usa nga Parisiyo nga tinmoo ha iya?
No! But this mob that knows nothing of the law—there is a curse on them.”,"Diri nasabot ini nga mga tawo han Balaod ni Moises, sanglit ginpanhimaraot hira han Dyos!”"
"Nicodemus, who had gone to Jesus earlier and who was one of their own number, asked,","Usa han mga Parisiyo amo hi Nicodemo nga nakigkita hadto kan Jesus. Nagsiring hiya ha ira,"
but Jesus went to the Mount of Olives.,"[Ngan nanguli an ngatanan, kundi napakadto hi Jesus ha Bukid han mga Olibo."
"and said to Jesus, “Teacher, this woman was caught in the act of adultery.","Nagsiring hira kan Jesus, “Magturutdo, hindakpan ini nga babaye nga nanlibog."
Again he stooped down and wrote on the ground.,Ngan tinmamod na liwat hiya ngan nagsurat ha tuna.
"Jesus straightened up and asked her, “Woman, where are they? Has no one condemned you?”","Hinmangad hi Jesus ngan nagpakiana ha iya, “Hain naman hira, Mana? Waray ba nahibilin hin pagsirot ha imo?”"
You judge by human standards; I pass judgment on no one.,Naghuhukom kamo hin tinawo gudla nga paagi; diri ako naghuhukom bisan kan kanay.
In your own Law it is written that the testimony of two witnesses is true.,"Nahisurat ha iyo Balaod nga kon nagkakauyon in duha nga mga saksi, matuod an ira iginsisiring."
"I am one who testifies for myself; my other witness is the Father, who sent me.”","Nagpapamatuod ako mahitungod ha akon, ngan nagpapamatuod man mahitungod ha akon an Amay nga nagsugo ha akon.”"
"“Who are you?” they asked. “Just what I have been telling you from the beginning,” Jesus replied.","“Kay hin-o ka man ngay-an?” nagpakiana hira ha iya. Nagbaton hi Jesus, “Ada, amo ako an iginsumat ko na ha iyo tikang pa hadto."
They did not understand that he was telling them about his Father.,Waray hira sabot nga naghihimangraw hiya ha ira mahitungod han Amay.
"Even as he spoke, many believed in him.",Tinmoo kan Jesus in damo han mga nagpakabati hini nga mga iginsiring niya.
"Then you will know the truth, and the truth will set you free.”","ngan hibabaroan niyo an kamatuoran, ngan an kamatuoran an magtatalwas ha iyo.”"
"Jesus replied, “Very truly I tell you, everyone who sins is a slave to sin.","Nagbaton hi Jesus, “Susumatan ko kamo hin tinuod: oripon han sala an ngatanan nga nakakasala."
"Now a slave has no permanent place in the family, but a son belongs to it forever.","Diri dayuday sakop han panimalay an oripon, kundi sakop ha kadayonan an anak."
"So if the Son sets you free, you will be free indeed.",Sanglit matatalwas gud kamo hin tinuod kon an Anak an magtalwas ha iyo.
Why is my language not clear to you? Because you are unable to hear what I say.,Kay ano nga diri kamo nasabot han akon iginyayakan? Tungod kay diri kamo nailob hin pamati han akon mga mensahe.
"Yet because I tell the truth, you do not believe me!","Nagsusumat ako han kamatuoran, sanglit diri kamo natuod ha akon."
"The Jews answered him, “Aren’t we right in saying that you are a Samaritan and demon-possessed?”","Nagbaton an mga Judiyo kan Jesus, “Diri ba tama an amon pagsiring nga Samaritano ka ngan sinasangkayan ka hin yawa?”"
"“I am not possessed by a demon,” said Jesus, “but I honor my Father and you dishonor me.","Nagbaton hi Jesus, “Diri gad ako sinasangkayan hin yawa. Ginpapasidunggan ko la an akon Amay, kundi ginpapakaalohan ako niyo."
"I am not seeking glory for myself; but there is one who seeks it, and he is the judge.",Diri ako nagtitingoha hin dungog ha akon kalugaringon. May-ada hito nagtitinguha ngan naghuhukom ugop ha akon.
"Very truly I tell you, whoever obeys my word will never see death.”",Susumatan ko kamo hin tinuod: diri na mapatay an bisan hin-o nga magtuman han akon pulong.”
Your father Abraham rejoiced at the thought of seeing my day; he saw it and was glad.”,Nalipay hi Abraham nga amay niyo hin pag-ikinikitaan han adlaw han akon pagkanhi; hinkit-an ini niya ngan nalipay hiya.”
"“You are not yet fifty years old,” they said to him, “and you have seen Abraham!”","Nagsiring ha iya an mga Judiyo, “Waray pa ngani 50 an imo panuigon—ngan hinkit-an mo na hi Abraham?”"
"“Very truly I tell you,” Jesus answered, “before Abraham was born, I am!”","Nagbaton hi Jesus, “Susumatan ko kamo hin tinuod: Diri pa tawo hi Abraham, ‘Amo na ako’.”"
"At this, they picked up stones to stone him, but Jesus hid himself, slipping away from the temple grounds.",Ngan namurot hira hin mga bato hin pagbato ha iya; kundi tinmago hi Jesus ngan ginmawas ha Templo.
"As he went along, he saw a man blind from birth.","Han naglalakat hi Jesus, nakakita hiya hin tawo nga daan buta tikang han iya katawo."
"While I am in the world, I am the light of the world.”",Ako an kapawa han kalibutan samtang aanhi pa ako ha kalibutan.”
“How then were your eyes opened?” they asked.,"Nagpakiana hira ha iya, “Naunan-o man nga nakita ka na?”"
"“Where is this man?” they asked him. “I don’t know,” he said.","“Hain naman hiya?” nagpakiana hira. “Ambot,” nagbaton hiya."
They brought to the Pharisees the man who had been blind.,Ngan gindara nira ngadto han mga Parisiyo an tawo nga hadto anay buta.
Now the day on which Jesus had made the mud and opened the man’s eyes was a Sabbath.,Adlaw adto nga Iparahuway han paghimo ni Jesus hin lapok ngan pagtambal niya han kanan tawo mga mata.
"“We know he is our son,” the parents answered, “and we know he was born blind.","Nagbaton an iya mga kag-anak, “Maaram kami nga amon hiya anak, ngan natawo hiya nga daan buta."
"That was why his parents said, “He is of age; ask him.”","Sanglit nagsiring an iya mga kag-anak, “May buot na man hiya; hiya na la an pakianhi.”"
"Then they asked him, “What did he do to you? How did he open your eyes?”","Nagpakiana hira, “Ano an ginbuhat niya ha imo? Gin-unan-o niya hin pagtambal han imo mga mata?”"
"Then they hurled insults at him and said, “You are this fellow’s disciple! We are disciples of Moses!","Ginpakaraot hiya nira ngan ginsiring, “Ikaw an iya tinun-an, kundi mga tinun-an kami ni Moises."
"We know that God spoke to Moses, but as for this fellow, we don’t even know where he comes from.”","Maaram kami nga nakighimangraw an Dyos kan Moises; mahitungod hito nga tawo, diri ngani kami maaram kon diin hiya tikang!”"
"If this man were not from God, he could do nothing.”",Waray gud mahihimo hito nga tawo kon diri hiya tikang ha Dyos.”
"“Who is he, sir?” the man asked. “Tell me so that I may believe in him.”","Nagbaton an tawo, “Sumati gad ako kon hin-o hiya, basi makatoo ako ha iya!”"
"Jesus said, “You have now seen him; in fact, he is the one speaking with you.”","Nagsiring hi Jesus ha iya, “Hinkit-an mo na hiya, ngan amo hiya nga nakikighimangraw yana ha imo.”"
"Then the man said, “Lord, I believe,” and he worshiped him.","“Natoo ako, Ginoo!” nagsiring an tawo, ngan linmuhod hiya ha atubangan ni Jesus."
The one who enters by the gate is the shepherd of the sheep.,Magmarangno han mga karnero an tawo nga naagi ha porta.
"But they will never follow a stranger; in fact, they will run away from him because they do not recognize a stranger’s voice.”","Diri hira masunod hin iba; lugod makalagiw hira, kay diri nira kinikilala an iya tingog.”"
"Jesus used this figure of speech, but the Pharisees did not understand what he was telling them.","Iginsumat ni Jesus ha ira ini nga pananglitan, kundi waray hira makasabot han karuyag sidngon han pananglitan."
"Therefore Jesus said again, “Very truly I tell you, I am the gate for the sheep.","Sanglit nagsiring liwat hi Jesus, “Susumatan ta kamo hin tinuod: amo ako an porta para han mga karnero."
"All who have come before me are thieves and robbers, but the sheep have not listened to them.",Mga kawatan ngan mga tikasan an ngatanan nga kinmanhi una ha akon; kundi waray mamati ha ira an mga karnero.
"I am the gate; whoever enters through me will be saved. They will come in and go out, and find pasture.","Amo ako an porta. Matatalwas an bisan hin-o nga masulod pinaaagi ha akon, masulod-guwa hiya ngan makakaagi hin panibsiban."
The man runs away because he is a hired hand and cares nothing for the sheep.,"Nakalagiw an sinuholan, kay sinuholan man la hiya ngan diri napaid han mga karnero."
The reason my Father loves me is that I lay down my life—only to take it up again.,“Nahigugma an Amay ha akon kay andam man ako hin paghatag han akon kinabuhi basi mahibalik liwat ini ha akon.
The Jews who heard these words were again divided.,Nagkabahin na liwat an mga Judiyo tungod hini nga mga pulong.
"Then came the Festival of Dedication at Jerusalem. It was winter,","Inmabot an panahon han pagsaurog han Pyesta han Paghalad didto ha Jerusalem ngan panahon adto hin kathagkot,"
and Jesus was in the temple courts walking in Solomon’s Colonnade.,ngan didto ha Templo naglalakat hi Jesus didto han Balkon ni Solomon.
but you do not believe because you are not my sheep.,kundi diri kamo matuod kay diri man kamo akon mga karnero.
"My sheep listen to my voice; I know them, and they follow me.","Namamati han akon tingog an akon mga karnero; nakilala ako ha ira, ngan nasunod hira ha akon;"
I and the Father are one.”,Mag-usa la an Amay ug ako.”
"Again his Jewish opponents picked up stones to stone him,",Nanmurot na liwat an mga Judiyo hin mga bato paglabay ha iya.
"Jesus answered them, “Is it not written in your Law, ‘I have said you are “gods” ’ ?","Nagbaton hi Jesus, “Di ba nahisurat ha iyo kalugaringon nga Balaod nga nagsiring an Dyos, ‘Mga dyos kamo’?"
Do not believe me unless I do the works of my Father.,Sanglit angay diri kamo tumoo ha akon kon diri ako nagbubuhat han mga buhat han akon Amay.
"Again they tried to seize him, but he escaped their grasp.","Gin-idarakop na liwat hiya nira, kundi nakapudlos hiya tikang ha ira mga kamot."
And in that place many believed in Jesus.,Ngan damo nga mga tawo didto in tinmoo kan Jesus.
"So the sisters sent word to Jesus, “Lord, the one you love is sick.”","Nagpatugon ini nga magbugto nga kababayen-an ngadto kan Jesus nga sidngon hiya, “Ginoo, masakit an imo suok nga sangkay.”"
Now Jesus loved Martha and her sister and Lazarus.,"Hinigugma ni Jesus hira Marta, Maria, ug Lazaro."
"So when he heard that Lazarus was sick, he stayed where he was two more days,","Han pakabati niya nga masakit hi Lazaro, duha anay ka adlaw an iya ginpalabay san-o hiya kumadto."
"and then he said to his disciples, “Let us go back to Judea.”","Katapos, nagsiring hiya ngadto han iya mga tinun-an, “Tana, balik kita ha Judea.”"
"It is when a person walks at night that they stumble, for they have no light.”","Kundi mahipapakdol hiya kon maglakat hiya ha gab-i, kay masirom man.”"
"His disciples replied, “Lord, if he sleeps, he will get better.”","Nagbaton an mga tinun-an, “Ginoo, mag-uupay hiya kon nakaturog la hiya.”"
"So then he told them plainly, “Lazarus is dead,","Sanglit ginsumatan hira ni Jesus hin waray lipodlipod, “Patay na hi Lazaro;"
"and for your sake I am glad I was not there, so that you may believe. But let us go to him.”","kundi tungod ha iyo nalilipay ako nga waray ako didto upod ha iya, basi tumoo kamo. Kadtoa ta hiya.”"
"On his arrival, Jesus found that Lazarus had already been in the tomb for four days.","Pag-abot ni Jesus, nasayran niya nga upat na ka adlaw nga iginlubong hi Lazaro."
"Now Bethany was less than two miles from Jerusalem,","Mga tulo la ka kilometro an Betania tikang ha Jerusalem,"
and many Jews had come to Martha and Mary to comfort them in the loss of their brother.,ngan damo nga mga Judiyo an kinmadto hin pagliaw kanda Marta ug Maria mahitungod han kamatay han ira bugto.
"“Lord,” Martha said to Jesus, “if you had been here, my brother would not have died.","Nagsiring hi Marta kan Jesus, “Ginoo, diri unta napatay an akon bugto kon nakanhi ka pa!"
But I know that even now God will give you whatever you ask.”,"Kundi maaram ako nga bisan yana, ihahatag ha imo han Dyos an bisan ano nga imo pangaroon ha iya.”"
"Jesus said to her, “Your brother will rise again.”","Ginsumatan hiya ni Jesus, “Mababanhaw an imo bugto.”"
"Martha answered, “I know he will rise again in the resurrection at the last day.”","Nagbaton hi Marta, “Maaram ako nga mababanhaw hiya ha kataposan nga adlaw.”"
and whoever lives by believing in me will never die. Do you believe this?”,ngan diri na gud mamamatay an bisan hin-o nga buhi nga natoo ha akon. Natuod ka ba hini?”
"“Where have you laid him?” he asked. “Come and see, Lord,” they replied.","Nagpakiana hiya ha ira, “Diin niyo iglubong hiya?” Nagbaton hira, “Kadi, Ginoo, ngan kitaa.”"
Jesus wept.,Nagtangis hi Jesus.
"Then the Jews said, “See how he loved him!”","Sanglit nagsiring an mga Judiyo, “Kitaa, pagkadako han iya paghigugma kan Lazaro!”"
"Jesus, once more deeply moved, came to the tomb. It was a cave with a stone laid across the entrance.",Kinmadto hi Jesus ha lubnganan kay inalpan na liwat hiya hin kabido. Usa adto nga lungib nga sinadhan hin bato.
"Then Jesus said, “Did I not tell you that if you believe, you will see the glory of God?”","Nagsiring hi Jesus ha iya, “Diri ba nagsiring ako ha imo nga hikikit-an mo an gahom han Dyos kon tumoo ka?”"
"When he had said this, Jesus called in a loud voice, “Lazarus, come out!”","Katapos niya magsiring hini, ginmoliat hiya, “Lazaro! Gawas ngadi!”"
"Therefore many of the Jews who had come to visit Mary, and had seen what Jesus did, believed in him.","Nakakita han ginbuhat ni Jesus in damo han mga Judiyo nga nagduaw kan Maria, ngan tinmoo hira ha iya."
But some of them went to the Pharisees and told them what Jesus had done.,Kundi kinmadto han mga Parisiyo an iba ha ira hin pagsumat ha ira han ginbuhat ni Jesus.
"Then one of them, named Caiaphas, who was high priest that year, spoke up, “You know nothing at all!","Nagsiring an usa ha ira, nga Caifas an ngaran, nga amo an Labaw nga Padi hadto nga tuig, “Waray gud kamo makasabot!"
"and not only for that nation but also for the scattered children of God, to bring them together and make them one.","ngan diri la para ha ira, kundi pagtirok liwat ngan pag-urosa han ngatanan nga nagkakaburublag nga mga anak han Dyos."
So from that day on they plotted to take his life.,"Tikang hadto nga adlaw, nagkasarabot an mga punoan nga Judiyo hin pagpatay kan Jesus."
"But one of his disciples, Judas Iscariot, who was later to betray him, objected,","Nagsiring an usa han mga tinun-an ni Jesus, hi Judas Iscariote—an maglilingo ha iya,"
“Why wasn’t this perfume sold and the money given to the poor? It was worth a year’s wages. ”,“Kay ano nga waray lugod ibaligya ini nga pahamot hin sais syintos pesos ngan ihatag an kwarta ha mga kablas?”
"You will always have the poor among you, but you will not always have me.”","Dayuday kaupod niyo an mga kablas, kundi diri ako dayuday kaupod niyo.”"
"So the chief priests made plans to kill Lazarus as well,",Sanglit nagkasarabot an mga puno han kapadian hin pagpatay kan Lazaro;
for on account of him many of the Jews were going over to Jesus and believing in him.,kay tungod ha iya damo nga mga Judiyo in nahibulag ha ira ngan tinmoo na kan Jesus.
"Jesus found a young donkey and sat on it, as it is written:","Nakaagi hi Jesus hin asno ngan iya ginsakyan, sugad han nahisurat:"
"“Do not be afraid, Daughter Zion; see, your king is coming, seated on a donkey’s colt.”","“Ayaw kahadlok, syudad han Sion! Aanhi naabot an imo Hadi nga nasakay hin nati nga asno.”"
"Many people, because they had heard that he had performed this sign, went out to meet him.","Sanglit gintapo hiya han kadam-an, kay hinbatian nira nga ginbuhat niya ini nga urosahon."
Now there were some Greeks among those who went up to worship at the festival.,May mga Griego nga kaupod han mga kinmadto ha Jerusalem hin pagsingba ha panahon han pyesta.
Philip went to tell Andrew; Andrew and Philip in turn told Jesus.,"Kinmadto hi Felipe pagsumat kan Andres, ngan kinmadto hira nga duha pagsumat kan Jesus."
"Jesus replied, “The hour has come for the Son of Man to be glorified.","Nagbaton hi Jesus ha ira, “Inmabot na yana an takna nga pagpapasidunggan an Anak han Tawo."
"Jesus said, “This voice was for your benefit, not mine.","Kundi nagsiring hi Jesus ha ira, “Diri tungod ha akon nga nagyakan ini nga tingog, kundi tungod ha iyo."
Now is the time for judgment on this world; now the prince of this world will be driven out.,Ginhuhukman na yana an kalibutan; pupukanon na yana an punoan hini nga kalibutan.
"And I, when I am lifted up from the earth, will draw all people to myself.”","Kakabigon ko ngadi ha akon an ngatanan nga mga tawo, kon isahon na ako tikang ha tuna.” ("
He said this to show the kind of death he was going to die.,"Ha pagsiring niya hini, iginpasabot niya an paagi han kamatayon nga iya pag-aantoson.)"
"Even after Jesus had performed so many signs in their presence, they still would not believe in him.","Bisan kon ginbuhat niya ini ngatanan nga mga urosahon ha atubangan nira, waray gihapon hira tumoo ha iya,"
"For this reason they could not believe, because, as Isaiah says elsewhere:","Tungod hini waray hira makatoo, kay nagsiring liwat hi Isaias:"
Isaiah said this because he saw Jesus’ glory and spoke about him.,"Ginsiring ini ni Isaias kay hinkit-an niya an gahom ni Jesus, ngan nagyakan hiya mahitungod ha iya."
for they loved human praise more than praise from God.,Ginpalabi nira an pagdayaw ha ira han mga tawo kay han pagdayaw ha ira han Dyos.
The one who looks at me is seeing the one who sent me.,An bisan hin-o nga nakakakita ha akon nakakakita liwat ha iya nga nagpadara ha akon.
"I have come into the world as a light, so that no one who believes in me should stay in darkness.","Kinmanhi ako usa nga kapawa han kalibutan, basi diri na magpabilin ha kasisidman an ngatanan nga natoo ha akon."
"He came to Simon Peter, who said to him, “Lord, are you going to wash my feet?”","Hinmarani kan Simon Pedro nga nagsiring ha iya, “Ginoo, mamumusa ka ba han akon mga tiil?”"
"Jesus replied, “You do not realize now what I am doing, but later you will understand.”","Nagbaton hi Jesus ha iya, “Diri ka pa maaram yana kon ano an akon ginbubuhat, kundi hibabaroan mo ini onina.”"
"For he knew who was going to betray him, and that was why he said not every one was clean.","Maaram na hi Jesus kon hin-o an maglilingo ha iya, sanglit nagsiring hiya, “Malinis na kamo kundi diri ngatanan.”)"
"“You call me ‘Teacher’ and ‘Lord,’ and rightly so, for that is what I am.","Natawag kamo ha akon nga magturutdo ngan Ginoo, ngan may kamatuoran, kay amo gud ito ako."
I have set you an example that you should do as I have done for you.,"Gintagan ko kamo hin susbaranan, basi sugaron niyo hin pagbuhat han ginbuhat ko ha iyo."
"Now that you know these things, you will be blessed if you do them.",Yana maaram na kamo hini nga kamatuoran; palaran kamo kon buhaton ini niyo!
"“I am telling you now before it happens, so that when it does happen you will believe that I am who I am.","Ginsusumat ko ini ha iyo yana, nga diri pa ini nahinanabo, basi kon mahinabo na ini, tumoo kamo nga hi ‘Ako Amo Ako.’"
"His disciples stared at one another, at a loss to know which of them he meant.",Naggipasirosiplat hira nga nanhiburong kon hin-o gud an iya karuyag sidngon.
"One of them, the disciple whom Jesus loved, was reclining next to him.",Nalingkod sapit ni Jesus an hinigugma niya nga tinun-an.
"Simon Peter motioned to this disciple and said, “Ask him which one he means.”","Nagsenyas hi Simon Pedro ha iya ngan nagsiring, “Pakianhi daw hiya kon hin-o an iya hinnanabihan.”"
"Leaning back against Jesus, he asked him, “Lord, who is it?”","Sanglit sinmiring kan Jesus adto nga tinun-an ngan nagpakiana, “Hin-o man hiya, Ginoo?”"
But no one at the meal understood why Jesus said this to him.,Waray nakasabot han mga nakada ha lamesa kay ano nga ginsiring ini ni Jesus ha iya.
"As soon as Judas had taken the bread, he went out. And it was night.",Ginkarawat ni Judas an tinapay ngan ginmawas hiya dayon. Gab-i adto.
"By this everyone will know that you are my disciples, if you love one another.”","Kon magsihigugmaay kamo, mahibabaro an ngatanan nga akon kamo mga tinun-an.”"
"Peter asked, “Lord, why can’t I follow you now? I will lay down my life for you.”","Nagpakiana hi Pedro, “Ginoo, kay ano hin diri ko pakasunod ha imo yana? Andam man ako pagpakamatay tungod ha imo!”"
“Do not let your hearts be troubled. You believe in God ; believe also in me.,"Nagsiring ha ira hi Jesus, “Ayaw kamo kabaraka ngan kagupong. Too kamo han Dyos ngan too man kamo ha akon."
You know the way to the place where I am going.”,Maaram na kamo kon uunanhon niyo pagsangpot ngadto han akon kakadtoan.”
"Thomas said to him, “Lord, we don’t know where you are going, so how can we know the way?”","Nagsiring ha iya hi Tomas, “Ginoo, diri kami maaram kon tikain ka; uunanhon man namon paghibaro han dalan nga tipakadto?”"
"Philip said, “Lord, show us the Father and that will be enough for us.”","Nagsiring ha iya hi Felipe, “Ginoo, ipakita ha amon an Amay ngan igo na ito para ha amon.”"
"And I will do whatever you ask in my name, so that the Father may be glorified in the Son.","Ngan bubuhaton ko an bisan ano nga iyo pangaroon ha akon ngaran, basi pagdayawon an Amay pinaagi han Anak."
"You may ask me for anything in my name, and I will do it.",Bubuhaton ko an bisan ano nga pangaroon niyo ha akon ngaran.
"“If you love me, keep my commands.","“Kon nahigugma kamo ha akon, magtutuman kamo han akon mga sugo."
I will not leave you as orphans; I will come to you.,“Diri ko kamo babayaan nga mag-uusaan; mabalik ako ngada ha iyo.
"On that day you will realize that I am in my Father, and you are in me, and I am in you.","Kon umabot na ito nga adlaw, hibabaroan niyo nga aada ako han akon Amay, ngan aadi kamo ha akon, sugad nga aada ako ha iyo."
“All this I have spoken while still with you.,“Iginsumat ko ini ha iyo samtang upod pa ako niyo.
"I have told you now before it happens, so that when it does happen you will believe.","Iginsusumat ko ini ha iyo yana, nga diri pa ini nahinanabo, basi kon mahinabo na ini, tumoo kamo."
"“I am the true vine, and my Father is the gardener.","“Amo ako an tinuod nga balagon, ngan an akon Amay an magmarangno."
You are already clean because of the word I have spoken to you.,Nalinisan na kamo pinaagi han mensahe nga akon iginhimangraw ha iyo.
"This is to my Father’s glory, that you bear much fruit, showing yourselves to be my disciples.","Ginhihimaya an akon Amay tungod han iyo pamunga hin damo; ngan pinaagi hini, nagigin mga tinun-an ko kamo."
"“As the Father has loved me, so have I loved you. Now remain in my love.",Hinihigugma ko kamo sugad gud han paghigugma ha akon han Amay; pagpabilin kamo didi han akon gugma.
I have told you this so that my joy may be in you and that your joy may be complete.,"“Iginsumat ko ini ha iyo basi mahingada ha iyo an akon kalipay, ngan basi mahingpit an iyo kalipay."
My command is this: Love each other as I have loved you.,"Amo ini an akon sugo: pagsihigugmaay kamo, sugad han paghigugma ko ha iyo."
You are my friends if you do what I command.,"Ngan kasangkayan ko kamo, kon buhaton niyo an akon iginsusugo ha iyo."
This is my command: Love each other.,Sanglit amo ini an igsusugo ko ha iyo: paggihigugmaay kamo.”
"“If the world hates you, keep in mind that it hated me first.","“Kon magdumot ha iyo an kalibutan, kinahanglan hisabotan niyo nga una ako pagdumtan han kalibutan."
Whoever hates me hates my Father as well.,"An bisan hin-o nga nagdudumot ha akon, nagdudumot man han akon Amay."
But this is to fulfill what is written in their Law: ‘They hated me without reason.’,"Kundi kinahanglan mahinabo ini, basi matuman an iginsurat dida han ira Balaod: ‘Gindumtan ako nira hin waray la hinungdan.’"
"And you also must testify, for you have been with me from the beginning.","Ngan magpapamatuod liwat kamo mahitungod ha akon, kay nagin kaupod ko man kamo tikang pa gud ha tinikangan."
“All this I have told you so that you will not fall away.,“Iginsumat ko ini ha iyo basi diri lumuya an iyo pagtoo ha akon.
They will do such things because they have not known the Father or me.,"Bubuhaton nira ha iyo ini nga mga butang, kay waray hira makakilala han Amay o ha akon."
"but now I am going to him who sent me. None of you asks me, ‘Where are you going?’","Kundi yana, makadto na ako han nagsugo ha akon; kundi waray ha iyo napakiana ha akon, ‘Tikain ka?’"
"Rather, you are filled with grief because I have said these things.","Ngan yana nga ginsumatan ko na kamo, nagmamabidoon kamo."
"about sin, because people do not believe in me;","Sayop hira mahitungod han sala, kay diri hira natoo ha akon;"
"about righteousness, because I am going to the Father, where you can see me no longer;","mahitungod han pagkamatadong, kay makadto ako han Amay ngan diri na kamo makita ha akon;"
"and about judgment, because the prince of this world now stands condemned.","mahitungod han paghukom, kay ginhukman na an punoan hini nga kalibutan."
"“I have much more to say to you, more than you can now bear.","“Damo pa gad an akon igsurumat ha iyo, kundi diri pa ini niyo maaakos yana."
He will glorify me because it is from me that he will receive what he will make known to you.,"Paghihimayaon ako niya, kay natikang ha akon an igsusumat niya ha iyo."
"Jesus went on to say, “In a little while you will see me no more, and then after a little while you will see me.”","“Ha diri maiha, diri na kamo makita ha akon; ngan ha diri liwat maiha makita na liwat kamo ha akon.”"
"They kept asking, “What does he mean by ‘a little while’ ? We don’t understand what he is saying.”","Nagpakiana pa hira, “Ano an buot niya sidngon han ‘diri maiha’? Diri kita nasabot han iya ginyiyinakan!”"
I came from the Father and entered the world; now I am leaving the world and going back to the Father.”,Tikang gud ako han Amay ngan kinmanhi ako ha kalibutan; ngan yana mabaya na ako han kalibutan ngan mabalik ako ngadto han Amay.”
"Then Jesus’ disciples said, “Now you are speaking clearly and without figures of speech.","Ngan nagsiring an iya mga tinun-an, “Kitaa, dayag na kaupay an imo pagyakan, ngan diri ka na nagamit hin mga pananglitan."
“Do you now believe?” Jesus replied.,"Nagbaton ha ira hi Jesus, “Natoo na ba kamo yana?"
I have brought you glory on earth by finishing the work you gave me to do.,Iginpakita ko ha tuna an imo himaya; ginhuman ko na an iginpabuhat mo ha akon.
Now they know that everything you have given me comes from you.,ngan yana maaram hira nga tikang ha imo an ngatanan nga iginhatag mo ha akon.
"All I have is yours, and all you have is mine. And glory has come to me through them.","Imo an ngatanan nga akon, ngan akon man an ngatanan nga imo; ngan napapasidunggan ako tungod ha ira."
My prayer is not that you take them out of the world but that you protect them from the evil one.,"Diri ako nahangyo nga kuhaon mo hira ha kalibutan, kundi nga panalipdan mo hira han Yawa."
"They are not of the world, even as I am not of it.","Diri hira kanan kalibutan, sugad gud nga diri man ako kanan kalibutan."
Sanctify them by the truth; your word is truth.,Ihalad hira ngada ha imo pinaagi han kamatuoran; an imo pulong amo an kamatuoran.
"As you sent me into the world, I have sent them into the world.",Ginpadara ko hira nganhi ha kalibutan sugad han pagsugoa mo ha akon nganhi ha kalibutan.
"For them I sanctify myself, that they too may be truly sanctified.","Ngan tungod ha ira ihinahalad ko ha imo an akon kalugaringon, basi hira liwat magin tinuod man nga iginhalad ha imo."
"I have given them the glory that you gave me, that they may be one as we are one—","Gintagan ko hira han amo nga himaya nga ihinatag mo ha akon, basi magkaurosa hira sugad nga uusa la kita;"
"When Jesus said, “I am he,” they drew back and fell to the ground.","Han pagsiring la ni Jesus, “Amo ako,” inmisol hira ngan nagkatutumba ha tuna."
"Again he asked them, “Who is it you want?” “Jesus of Nazareth,” they said.","Ginpakianhan na liwat hira ni Jesus, “Hin-o gud an iyo ginbibiling?” Nagbaton hira, “Hi Jesus nga taga-Nazaret.”"
This happened so that the words he had spoken would be fulfilled: “I have not lost one of those you gave me.”,"Ginsiring niya ini basi matuman an iya iginyakan, “Amay, waray ako kawad-i bisan usa han imo iginhatag ha akon.”)"
Then the detachment of soldiers with its commander and the Jewish officials arrested Jesus. They bound him,"Gindakop ngan gingapos hi Jesus han mga sondalo nga upod han ira kapitan, ngan han mga gwardya nga Judiyo."
"and brought him first to Annas, who was the father-in-law of Caiaphas, the high priest that year.","Gindara hiya nira, syahan ngadto kan Anas nga ugangan ni Caifas nga amo an Labaw nga Padi hadto nga tuig."
Caiaphas was the one who had advised the Jewish leaders that it would be good if one man died for the people.,Hi Caifas an nagsagdon han mga Judiyo nga maoruopay pa nga usa la nga tawo an mamatay para han ngatanan nga katawhan.
"Meanwhile, the high priest questioned Jesus about his disciples and his teaching.",Nagpakiana kan Jesus an Labaw nga Padi mahitungod han iya mga tinun-an ngan mahitungod han iya pagturon-an.
Then Annas sent him bound to Caiaphas the high priest.,"Ngan iginpadara ni Anas hi Jesus nga ginapos pa, ngadto kan Caifas, an Labaw nga Padi."
"Again Peter denied it, and at that moment a rooster began to crow.","Ngan nagsiring na liwat hi Pedro, “Diri,” ngan hito ngahaw nga takna tinmugaok in manok."
"So Pilate came out to them and asked, “What charges are you bringing against this man?”","Sanglit ginmawas na la hi Pilato ngadto ha ira ngan nagpakiana, “Ano in iyo sumbong kontra hini nga tawo?”"
"“If he were not a criminal,” they replied, “we would not have handed him over to you.”","Nagbaton hira, “Diri unta namon hiya gindadara nganhi ha imo kon waray pa hiya makagtalapas.”"
This took place to fulfill what Jesus had said about the kind of death he was going to die.,Nahinabo ini basi matuman an iginyakan ni Jesus han paghimangraw niya kon ano nga paagi mamamatay hiya.)
"Pilate then went back inside the palace, summoned Jesus and asked him, “Are you the king of the Jews?”","Sinmulod liwat ha palasyo hi Pilato ngan gintawag hi Jesus. Nagpakiana hiya kan Jesus, “Ikaw ba an hadi han mga Judiyo?”"
"“Is that your own idea,” Jesus asked, “or did others talk to you about me?”","Nagbaton hi Jesus, “Kalugaringon mo ba ini nga pakiana, o ginsumatan ka ba hin iba mahitungod ha akon?”"
"They shouted back, “No, not him! Give us Barabbas!” Now Barabbas had taken part in an uprising.","Ginmoliat hira pagbaton ha iya, “Diri, ayaw hiya! Karuyag namon hi Barabas?” (Tikasan ini hi Barabas.)"
Then Pilate took Jesus and had him flogged.,Ngan ipinakuha ni Pilato hi Jesus ngan iginpalatob hiya ha ira.
"and went up to him again and again, saying, “Hail, king of the Jews!” And they slapped him in the face.","gindaop hiya, ngan ginsiring, “Mabuhi an Hadi han mga Judiyo!” Ngan gintampalo hiya nira."
"When Pilate heard this, he was even more afraid,",Labi na nga nahadlok hi Pilato han pakabati niya hini.
"and he went back inside the palace. “Where do you come from?” he asked Jesus, but Jesus gave him no answer.","Binmalik hiya pagsulod ngadto han palasyo ngan nagpakiana kan Jesus, “Tikang ka ba diin?” Kundi waray magbaton hi Jesus."
Finally Pilate handed him over to them to be crucified. So the soldiers took charge of Jesus.,"Sanglit igintubyan ha ira ni Pilato hi Jesus, basi igraysang ha kros. Sanglit gindara nira hi Jesus."
"Pilate answered, “What I have written, I have written.”","Nagbaton hi Pilato, “An nahisurat, nahisurat na.”"
"When he had received the drink, Jesus said, “It is finished.” With that, he bowed his head and gave up his spirit.","Dinmimdim hi Jesus han bino ngan nagsiring hiya, “Natuman na!” Ngan dinmuko hiya ngan nabunoson hiya han iya kinabuhi."
"But when they came to Jesus and found that he was already dead, they did not break his legs.","Kundi han pag-abot na nira kan Jesus, hinkit-an nira nga patay na hiya, sanglit waray na la nira baria an iya mga bitiis."
"Instead, one of the soldiers pierced Jesus’ side with a spear, bringing a sudden flow of blood and water.","Kundi ginbangkaw an iya kagiliran hin usa han mga sondalo, ngan inmawas dayon in dugo ug tubig. ("
"These things happened so that the scripture would be fulfilled: “Not one of his bones will be broken,”","Ginbuhat ini basi matuman an kasuratan nga nasiring, “Waray usa han iya mga tul-an nga mababari.”"
"and, as another scripture says, “They will look on the one they have pierced.”","Ngan may-ada lain pa nga bahin han kasuratan nga nasiring, “Makita an mga tawo ngadto hadton ginbangkaw nira.”"
"Because it was the Jewish day of Preparation and since the tomb was nearby, they laid Jesus there.","Tungod kay bisperas na adto han Adlaw nga Iparahuway, ngan hirani manla an lubnganan, didto na la nira iglubong hi Jesus."
So Peter and the other disciple started for the tomb.,Ngan napakadto dayon ha lubnganan hi Pedro ngan an usa nga tinun-an.
He bent over and looked in at the strips of linen lying there but did not go in.,"Inmubo hiya hin paghiling ngan hinkit-an niya an lino nga mga dugnit, kundi waray hiya sumulod."
"Finally the other disciple, who had reached the tomb first, also went inside. He saw and believed.",Ngan sinmulod liwat an tinun-an nga una makaabot han lubnganan; nakakita hiya ngan tinmoo. (
(They still did not understand from Scripture that Jesus had to rise from the dead.),Waray pa gihapon hira makasabot han kasuratan nga nagsiring nga kinahanglan mabanhaw hiya.)
Then the disciples went back to where they were staying.,Ngan nanngoli an mga tinun-an.
"Now Mary stood outside the tomb crying. As she wept, she bent over to look into the tomb","Nagtitinangis hi Maria nga natukdaw ha gawas han lubnganan. Nagtitinangis pa hiya han pag-ubo niya hin paghiling han lubnganan,"
"And with that he breathed on them and said, “Receive the Holy Spirit.","Ginhuypan hira niya nga sidngon, “Karawata niyo an Espiritu Santo."
"Now Thomas (also known as Didymus ), one of the Twelve, was not with the disciples when Jesus came.","Diri kaupod nira hi Tomas, (an gintatawag nga karuha) nga usa han dose nga mga tinun-an, han pagpakita ni Jesus ha ira."
"Thomas said to him, “My Lord and my God!”","Nagbaton hi Tomas ha iya, “Ginoo ko ngan Dyos ko!”"
"Jesus performed many other signs in the presence of his disciples, which are not recorded in this book.","Ginbuhat ni Jesus in damo pa nga mga milagro ha atubangan han iya mga tinun-an, nga waray mahisurat dida hini nga basahan."
"Early in the morning, Jesus stood on the shore, but the disciples did not realize that it was Jesus.","Han tisirang na an adlaw, tinmindog hi Jesus ha baybayon, kundi waray makakilala an mga tinun-an nga hi Jesus ngay-an adto."
"He called out to them, “Friends, haven’t you any fish?” “No,” they answered.","Nagsiring hiya ha ira, “Nakadakop ba kamo?” “Waray!” binmaton hira."
"Jesus said to them, “Bring some of the fish you have just caught.”","Ngan nagsiring ha ira hi Jesus, “Pagdara ngadi hin mga isda nga iyo pa la nadakop.”"
"Jesus came, took the bread and gave it to them, and did the same with the fish.","Sanglit dinmaop hi Jesus, ginkuha an tinapay, ngan iginhatag ha ira, ngan sugad man an mga isda."
This was now the third time Jesus appeared to his disciples after he was raised from the dead.,Amo ini an ikatulo nga pagpakita ni Jesus han iya mga tinun-an katapos niya mabanhaw.
"When Peter saw him, he asked, “Lord, what about him?”","Han pakakita ni Pedro ha iya, nagsiring hiya kan Jesus, “Ginoo, ano man an mahinanabo hini nga tawo?”"
"I will give you every place where you set your foot, as I promised Moses.","Sugad han akon siring kan Moises, iginhatag ko ha imo ug han ngatanan nga akon mga tawo an bug-os nga tuna nga iyo pag-aagian."
So Joshua ordered the officers of the people:,Ug ginsugo ni Josue an mga pangulo
"But to the Reubenites, the Gadites and the half-tribe of Manasseh, Joshua said,","Ginsiring ni Josue an mga banay nira Ruben ug Gad ngan an katunga han banay ni Manases,"
"Before the spies lay down for the night, she went up on the roof","Han waray pa magkakahigda an mga mag-irinaw, sinmaka hi Rahab ngadto ha atop"
"Now the men had said to her, “This oath you made us swear will not be binding on us","Nagsiring ha iya an mga tawo, “Tutumanon namon ini nga imo ginpasaad ha amon."
"But if you tell what we are doing, we will be released from the oath you made us swear.”","Kundi kon igsumat niyo an amon ginbuhat dinhe, diri kami kinahanglan magtuman han amon saad nga imo ginpasaad ha amon.”"
"After three days the officers went throughout the camp,","Kahuman han ikatolo ka adlaw, an mga pangulo nagsudoy han kampo"
"Joshua told the people, “Consecrate yourselves, for tomorrow the Lord will do amazing things among you.”","Ginsiring ni Josue an mga tawo, “Paglinis kamo ha iyo kalugaringon kay buwas an Ginoo magbubuhat hin mga milagro dida ha iyo.”"
"Joshua said to the Israelites, “Come here and listen to the words of the Lord your God.","Ngan nagsiring hi Josue han mga tawo, “Pakadi kamo ngan pamati kamo kon ano an ighihimangraw ha iyo han Ginoo nga iyo Dyos."
"See, the ark of the covenant of the Lord of all the earth will go into the Jordan ahead of you.",kon an Kahon han Ginsaaran han Ginoo han ngatanan nga tuna tumalabok han Jordan una ha iyo.
"Now then, choose twelve men from the tribes of Israel, one from each tribe.","Yana pagpili kamo hin dose nga mga kalalaken-an, usa ha kada tribo han Israel."
"When the whole nation had finished crossing the Jordan, the Lord said to Joshua,","Kaubos hin pakatabok na han Jordan han bug-os nga nasod, sinmiring an Ginoo kan Josue,"
"“Choose twelve men from among the people, one from each tribe,","“Pagpili hin dose nga mga kalalaken-an, tag-usa ha kada tribo,"
"Then the Lord said to Joshua,",Ug ginsiring han Ginoo hi Josue
“Command the priests carrying the ark of the covenant law to come up out of the Jordan.”,nga sidngon na niya an kapadian nga nagpapas-an han Kahon han Ginsaaran nga humaw-as na ha Jordan.
"So Joshua commanded the priests, “Come up out of the Jordan.”",Nagtuman hini hi Josue
And Joshua set up at Gilgal the twelve stones they had taken out of the Jordan.,Didto ni Josue tindoga an dose nga mga bato nga kinuha didto ha Jordan.
"tell them, ‘Israel crossed the Jordan on dry ground.’",sumati niyo hira nga tinmabok han Jordan an Israel dida hin mamara nga tuna.
"And after the whole nation had been circumcised, they remained where they were in camp until they were healed.","Kahuman han pagtoria han kalalaken-an, pinmabilin ini hira ha kampo tubtob han kaupay han katorian."
"So the Lord was with Joshua, and his fame spread throughout the land.",Sanglit kaupod ni Josue an Ginoo ug nahibantog hiya ha bug-os nga katunaan.
"So about three thousand went up; but they were routed by the men of Ai,","Sanglit mga tulo la ka yukot nga mga Israelita an sinmulong, kundi napirit hira hin pag-isol."
"Pardon your servant, Lord. What can I say, now that Israel has been routed by its enemies?","Ano man an akon masisiring yana, Ginoo nga an mga Israelita inmisol ha iya mga kaaway?"
"The Lord said to Joshua, “Stand up! What are you doing down on your face?","Nagsiring kan Josue an Ginoo , “Buhat! Kay ano nga nahapa ka man ha tuna?"
"Achan replied, “It is true! I have sinned against the Lord , the God of Israel. This is what I have done:","“Tinuod,” binmaton hi Acan, “nga nakasala ako han Ginoo , an Dyos han Israel ug amo ini an akon ginbuhat."
But they took the king of Ai alive and brought him to Joshua.,labot han hadi han Ai. Nabihag hiya ngan gindara hiya ngadto kan Josue.
"Then Joshua built on Mount Ebal an altar to the Lord , the God of Israel,","Ngan nagtindog hi Josue didto ha bukid han Ebal hin altar ngadto han Ginoo , an Dyos han Israel."
"There, in the presence of the Israelites, Joshua wrote on stones a copy of the law of Moses.","Didto ngahaw, samtang nagkikita an mga Israelita, ipinatik ha mga bato an Balaod nga ginsurat ni Moises."
they came together to wage war against Joshua and Israel.,Nagtitirok hira ngatanan ngan gin-urosa nira an ira mga kasondalohan hin paggubat kan Josue ug han mga Israelita.
"However, when the people of Gibeon heard what Joshua had done to Jericho and Ai,","Kundi an mga tawo ha Gabaon nga mga Hibeohanon nakabati han mga ginbuhat ni Josue didto ha Jerico ug Ai,"
"“We are your servants,” they said to Joshua. But Joshua asked, “Who are you and where do you come from?”","Sinmiring hira kan Josue, “Andam kami hin pag-alagad ha imo.” Pinmakiana hi Josue ha ira, “Hira hino kamo? Tikang kamo diin?”"
The Israelites sampled their provisions but did not inquire of the Lord .,"Kinmarawat an mga tawo han Israel han pagkaon nga tikang ha ira, kundi waray hira pakiana han Ginoo hiunong hini."
"So Joshua saved them from the Israelites, and they did not kill them.",Ug amo ini an ginbuhat ni Josue: ginpanalipdan hira ug waray niya tugoti an mga tawo ha Israel nga pamatayon hira.
Then Joshua returned with all Israel to the camp at Gilgal.,"Kahuman hini, binmalik ngadto han kampo ha Gilgal hira Josue ug an iya mga kasondalohan."
Now the five kings had fled and hidden in the cave at Makkedah.,Lugaring nagpakakalag-iw an lima nga mga hadi nga Amoreohanon ug nagtitinago hira didto han lungib ha Maceda.
"When Joshua was told that the five kings had been found hiding in the cave at Makkedah,",May-ada nakaagi ha ira ngan nagsumat kan Josue kon diin hira pagtitinago.
"Joshua said, “Open the mouth of the cave and bring those five kings out to me.”","Niyan nagsiring hi Josue, “Buksi an ganghaan han lungib ngan dad-a niyo ngadi ha akon an lima nga kahadian.”"
Then Joshua and all Israel with him moved on from Makkedah to Libnah and attacked it.,"Kahuman hini, nagpadayon hi Josue ug an iya mga kasondalohan tikang ha Maceda ngadto ha Libna ug iya ini ginsulong."
Then Joshua and all Israel with him moved on from Lachish to Eglon; they took up positions against it and attacked it.,"Kahuman, hi Josue ug an iya kasondalohan tikang ha Laquis pinmakadto ha Eglon, ira ginrikupo ug ginsulong ini."
Then Joshua and all Israel with him went up from Eglon to Hebron and attacked it.,"Kahuman hini, tikang ha Eglon sinmagka hi Josue ug an iya kasondalohan ngadto han mga pungtod han Hebron, ginsulong ini nira"
Then Joshua and all Israel with him turned around and attacked Debir.,Niyan binmalik hi Josue ug an iya kasondalohan ngadto ha Debir ngan iya ini ginsulong.
Then Joshua returned with all Israel to the camp at Gilgal.,"Kahuman hini, binmalik hi Josue ug an iya kasondalohan ngadto han kampo didto ha Gilgal."
"So Joshua and his whole army came against them suddenly at the Waters of Merom and attacked them,",Sanglit kinmalit hin pagsulong ha ira didto han Sapa Merom hi Josue ug an iya mga tawo.
"And the territory of Og king of Bashan, one of the last of the Rephaites, who reigned in Ashtaroth and Edrei.","Ira liwat nabihag hi Og nga hadi han Basan, nga usa han kataposan han mga Repaim; naghadi hiya tikang ha Astarot ug Edrei."
the king of Jericho one the king of Ai (near Bethel) one,"Nadaog han mga tawo han Israel an mga hadi hini nga mga syudad: Jerico, Ai (harani han Betel),"
the king of Jerusalem one the king of Hebron one,"Jerusalem, Hebron,"
the king of Jarmuth one the king of Lachish one,"Jarmut, Laquis,"
the king of Eglon one the king of Gezer one,"Eglon, Gezer,"
the king of Debir one the king of Geder one,"Dabir, Gader,"
the king of Hormah one the king of Arad one,"Herma, Arad,"
the king of Libnah one the king of Adullam one,"Libna, Adulam,"
the king of Makkedah one the king of Bethel one,"Maceda, Betel,"
the king of Tappuah one the king of Hepher one,"Tapua, Heper,"
the king of Aphek one the king of Lasharon one,"Apec, Lasaron,"
the king of Madon one the king of Hazor one,"Madon, Asor,"
the king of Shimron Meron one the king of Akshaph one,"Simeron, Acsaf,"
the king of Taanach one the king of Megiddo one,"Tenac, Megido,"
the king of Kedesh one the king of Jokneam in Carmel one,"Cades, Jacanan (ha Carmelo),"
the king of Dor (in Naphoth Dor) one the king of Goyim in Gilgal one,"Dor (ha may baybayon), Goim (didto ha Galilea )"
the king of Tirzah one thirty-one kings in all.,ug Tirza—ngatanan 31 nga kahadian.
"“This is the land that remains: All the regions of the Philistines and Geshurites,","an ngatanan nga katunaan han Filistia ug Gesur,"
and divide it as an inheritance among the nine tribes and half of the tribe of Manasseh.”,"Ug yana, bahina ini nga tuna para han siyam nga mga tribo ug katunga han tribo ni Manases nga maaangkon nira nga kalugaringon.”"
"This is what Moses had given to the tribe of Reuben, according to its clans:",Tinagan ni Moises an mga panimalay han tribo ni Ruben hin usa ka bahin han tuna ug ini magigin ira kalugaringon.
"to Heshbon and all its towns on the plateau, including Dibon, Bamoth Baal, Beth Baal Meon,","Nahiupod hini an Hesebon ug an ngatanan nga syudad didto ha kahitas-an nga patag: an Dibon, Bamotbaal, an Baalmeon,"
"Jahaz, Kedemoth, Mephaath,","an Haza, Sedimot, Mefaat,"
"Kiriathaim, Sibmah, Zereth Shahar on the hill in the valley,","Cariatiarim, Sebma, Saratasar dida han pungtod han kahamub-an,"
"Beth Peor, the slopes of Pisgah, and Beth Jeshimoth—","an Betpogor, an mga bakilid han Bukid Pisga ug an Betesimot."
"In addition to those slain in battle, the Israelites had put to the sword Balaam son of Beor, who practiced divination.","Usa hadton mga pinamatay han mga tawo han Israel amo hi Balaam, usa nga paratigo ug anak ni Beor."
"This is what Moses had given to the tribe of Gad, according to its clans:",Naghatag liwat hi Moises hin usa ka bahin nga tuna ngadto han mga panimalay han tribo ni Gad nga ira pagtatag-iyahon.
"and from Heshbon to Ramath Mizpah and Betonim, and from Mahanaim to the territory of Debir;","an ira tuna natikang ha Hesebon ngadto ha Ramotmaspe ug Betonim, tikang ha Manaim ngadto han pag-ultan han Lodebar."
"These towns and their villages were the inheritance of the Gadites, according to their clans.",Amo ini an mga syudad ug bungto nga ihinatag han mga panimalay han tribo ni Gad nga ira matatag-iya.
This is the inheritance Moses had given when he was in the plains of Moab across the Jordan east of Jericho.,Amo ini an pagbahin ni Moises han tuna ha sinirangan han Jerico ug han Jordan han nakadto hiya ha kapatagan han Moab.
"So the Israelites divided the land, just as the Lord had commanded Moses.",Ginbahin han mga tawo ha Israel an tuna sumala han sugo han Ginoo kan Moises.
Then Joshua blessed Caleb son of Jephunneh and gave him Hebron as his inheritance.,"Ginbendisyonan ni Josue hi Caleb, anak ni Jefone, ngan iginhatag ha iya nga iya malon an syudad han Hebron."
"Their southern boundary started from the bay at the southern end of the Dead Sea,","Ini nga pag-ultan ha timogan natikang ha kataposan nga timogan han Patay nga Dagat,"
"This is the inheritance of the tribe of Judah, according to its clans:",Amo ini an katunaan nga kinarawat han mga panimalay han tribo ni Juda nga ira malon.
"Kinah, Dimonah, Adadah,","Kina, Dimona, Adada,"
"Kedesh, Hazor, Ithnan,","Cades, Asor, Jetna,"
"Ziph, Telem, Bealoth,","Sip, Telem, Balot,"
"Hazor Hadattah, Kerioth Hezron (that is, Hazor),","Asorhadata, Cariotesron (o Asor),"
"Amam, Shema, Moladah,","Aman, Sama, Molada,"
"Hazar Gaddah, Heshmon, Beth Pelet,","Asergada, Hasemon, Betpelet,"
"Hazar Shual, Beersheba, Biziothiah,","Hasersual, Berseba, Basiotia,"
"Baalah, Iyim, Ezem,","Baala, Jim, Esem,"
"Eltolad, Kesil, Hormah,","Eltolad, Sesil, Horma,"
"Ziklag, Madmannah, Sansannah,","Siclag, Madmana, Sensena,"
"Lebaoth, Shilhim, Ain and Rimmon—a total of twenty-nine towns and their villages.","Libaot, Silim, Ain, Ug Rimon: 29 nga mga syudad ngatanan, lakip an mga bungto nga harani ha ira."
"In the western foothills: Eshtaol, Zorah, Ashnah,","An mga syudad ha kapatagan amo ini: Estaol, Sarea, Asena,"
"Zanoah, En Gannim, Tappuah, Enam,","Sanoe, Enganim, Tapua, Eniam,"
"Jarmuth, Adullam, Sokoh, Azekah,","Jerimut, Adulam, Soco, Aseca,"
"Shaaraim, Adithaim and Gederah (or Gederothaim) —fourteen towns and their villages.","Saraim, Aditaim, Gedera, ug Gederotaim: 14 nga mga syudad lakip an mga bungto nga harani ha ira."
"Zenan, Hadashah, Migdal Gad,","Upod liwat an Sanan, Hadasa, Magdalgad,"
"Dilean, Mizpah, Joktheel,","Dilean, Mispa, Jectel,"
"Lachish, Bozkath, Eglon,","Laquis, Bascat, Eglon,"
"Kabbon, Lahmas, Kitlish,","Kebon, Lehinam, Kitlis,"
"Gederoth, Beth Dagon, Naamah and Makkedah—sixteen towns and their villages.","Gederot, Betdagon, Naama, ug Maceda: 16 nga mga syudad lakip an mga bungto nga harani ha ira."
"Libnah, Ether, Ashan,","Nahilakip liwat an Libna, Eter, Asan,"
"Iphtah, Ashnah, Nezib,","Jepta, Esna, Nesib,"
"Keilah, Akzib and Mareshah—nine towns and their villages.","Keila, Acsib, ug Marsa: siyam nga mga syudad lakip an mga bungto nga harani ha ira."
"Ekron, with its surrounding settlements and villages;","Nahiupod pa gayud an Acaron ug an mga bungto ug mga baryo hini,"
"west of Ekron, all that were in the vicinity of Ashdod, together with their villages;","ngan an ngatanan nga mga syudad ug mga bungto nga harani han Asoto, tikang ha Acaron ngadto ha dagat Mediteraneo."
"In the hill country: Shamir, Jattir, Sokoh,","Didto han sagkahon nga katunaan an Samir, Jetir, Sucot,"
"Dannah, Kiriath Sannah (that is, Debir),","Dana, Cariatsona (o Dabir),"
"Anab, Eshtemoh, Anim,","Anab, Estemo, Anim,"
"Goshen, Holon and Giloh—eleven towns and their villages.","Gosen, Olon, ug Gilo: 11 ka mga syudad lakip an mga bungto nga harani ha ira."
"Arab, Dumah, Eshan,","Nakadto liwat an Arad, Ruma, Esaan,"
"Janim, Beth Tappuah, Aphekah,","Janom, Betapua, Apeca,"
"Humtah, Kiriath Arba (that is, Hebron) and Zior—nine towns and their villages.","Humtan, Cariatarbe (o Hebron), ug Sior: siyam nga mga syudad lakip an mga bungto nga harani ha ira."
"Maon, Carmel, Ziph, Juttah,","Nahiupod liwat an Maon, Carmelo, Sip, Juta,"
"Jezreel, Jokdeam, Zanoah,","Jezrael, Jocadam, Sanoe,"
"Kain, Gibeah and Timnah—ten towns and their villages.","Acain, Gabaa, ug Timna: napulo nga mga syudad lakip an mga bungto nga harani ha ira."
"Halhul, Beth Zur, Gedor,","Nahilakip pa gud an Halol, Besor, Cedor,"
"Maarath, Beth Anoth and Eltekon—six towns and their villages.","Maret, Betanot, ug Eltecon: unom nga mga syudad lakip an mga bungto nga harani ha ira."
"Kiriath Baal (that is, Kiriath Jearim) and Rabbah—two towns and their villages.",Nahiupod liwat an Cariatbaal (o Cariatiarim) ug Araba: duha nga mga syudad lakip an mga bungto nga harani ha ira.
"In the wilderness: Beth Arabah, Middin, Sekakah,","Didto ha kamingawan an Betaraba, Medin, Sacaca,"
"Nibshan, the City of Salt and En Gedi—six towns and their villages.","Nibsan, an Syudad hin Asin, ug an Engadi: unom nga mga syudad lakip an mga bungto nga harani ha ira."
"It went on from Bethel (that is, Luz), crossed over to the territory of the Arkites in Ataroth,","Tikang ha Betel napakadto ha Lusa, nalabay tipakadto ha Atarot Adar, diin nag-ukoy an mga Arkitanhon."
"So Manasseh and Ephraim, the descendants of Joseph, received their inheritance.","Amo ini an nakarawat nga malon han mga sumurunod ni Jose, an mga tribo ni Efraim ug ni Manases."
"Then it went down from Janoah to Ataroth and Naarah, touched Jericho and came out at the Jordan.","Tikang ha Janoe, natipailawod ini ngadto ha Atarot ug Naara, naabot ha Jerico ngan aadto katatapos ha Jordan."
but there were still seven Israelite tribes who had not yet received their inheritance.,May-ada pa pito nga mga tribo han mga tawo han Israel nga waray pa katagi han ira malon.
It continued to the northern slope of Beth Arabah and on down into the Arabah.,"ngan inmagi tipaamihanan han tagaytay nga natangbo han Kahamub-an Jordan. Katapos linmugsong ini ngadto han kahamub-an,"
"The tribe of Benjamin, according to its clans, had the following towns: Jericho, Beth Hoglah, Emek Keziz,","An mga syudad nga gintatag-iya han mga panimalay han tribo ni Benjamin amo an Jerico, Bethogla, Emecases,"
"Beth Arabah, Zemaraim, Bethel,","Betaraba, Samaraim, Betel,"
"Avvim, Parah, Ophrah,","Avim, Para, Opra,"
"Kephar Ammoni, Ophni and Geba—twelve towns and their villages.","Sefaramomi, Opni ug Geba: 12 nga mga syudad upod an mga bungto nga harani ha ira."
"Gibeon, Ramah, Beeroth,","Nakadto liwat an Gabaon, Rama, Berot,"
"Mizpah, Kephirah, Mozah,","Mispa, Capara, Amosa,"
"Rekem, Irpeel, Taralah,","Requem, Jarepel, Tarela,"
"It included: Beersheba (or Sheba), Moladah,","Nahauupod hini dinhe an Berseba, Seba, Molada,"
"Hazar Shual, Balah, Ezem,","Hasersusa, Bala, Esem,"
"Eltolad, Bethul, Hormah,","Eltolad, Betul, Horma,"
"Ziklag, Beth Markaboth, Hazar Susah,","Siclag, Betmarcabot, Hasarsusa,"
Beth Lebaoth and Sharuhen—thirteen towns and their villages;,Betlebaot ug Saruhen: 13 nga mga syudad lakip an mga bungto nga harani ha ira.
"Ain, Rimmon, Ether and Ashan—four towns and their villages—","Upod liwat dinhe an Ain, Remon, Ater, ug Asan: upat nga mga syudad lakip an mga bungto nga harani ha ira."
"Going west it ran to Maralah, touched Dabbesheth, and extended to the ravine near Jokneam.","Tikang didto nagtipakatundan an pag-ultan ngadto ha Merala, kinmamit ini han Debaset ug han sapa ha sinirangan han Jeconam."
There the boundary went around on the north to Hannathon and ended at the Valley of Iphtah El.,Didto ha amihanan nga dapit an pag-ultan linmiko ngadto ha Hanaton ngan natapos didto ha Kahamub-an Jeptael.
"These towns and their villages were the inheritance of Zebulun, according to its clans.",Ini nga mga syudad ug an ira mga bungto nahasasakob han tuna nga ihinatag nga malon ha mga panimalay han tribo ni Zabulon.
The fourth lot came out for Issachar according to its clans.,An ikaupat nga malon nga tuna ihinatag han mga panimalay han tribo ni Isacar.
"Their territory included: Jezreel, Kesulloth, Shunem,","Nahiupod hini dinhe an Jezrael, Casalot, Sunem,"
"Hapharaim, Shion, Anaharath,","Haparaim, Sion, Anaharat,"
"Rabbith, Kishion, Ebez,","Rabot, Ision, Abes,"
"Remeth, En Gannim, En Haddah and Beth Pazzez.","Ramet, Enganim, Enada, ug Betpases."
"These towns and their villages were the inheritance of the tribe of Issachar, according to its clans.",Ini nga mga syudad upod an ira mga bungto nahasasakob han tuna nga malon ha mga panimalay han tribo ni Isacar.
The fifth lot came out for the tribe of Asher according to its clans.,An ikalima nga malon nga tuna ihinatag han mga panimalay han tribo ni Aser.
"Their territory included: Helkath, Hali, Beten, Akshaph,","Upod hini nga tuna an Halcat, Cali, Beten, Acsap,"
"Allammelek, Amad and Mishal. On the west the boundary touched Carmel and Shihor Libnath.","Elmelec, Amad, ug Mesal. Ha katundan nakamit ini han Carmelo ug Sihorlabanat."
"It went to Abdon, Rehob, Hammon and Kanah, as far as Greater Sidon.","Ebron, Rohob, Hamon, Cana, tubtob ngadto ha Sidon."
"Ummah, Aphek and Rehob. There were twenty-two towns and their villages.","Ama, Apec, ug Rohob: 22 nga mga syudad lakip an mga bungto nga harani ha ira."
"These towns and their villages were the inheritance of the tribe of Asher, according to its clans.",Ini nga mga syudad ug mga bungto nahasasakob han tuna nga malon ha mga panimalay han tribo ni Aser.
The sixth lot came out for Naphtali according to its clans:,An ikaunom nga malon han tuna ihinatag ha mga panimalay han tribo ni Neftali.
"The fortified towns were Ziddim, Zer, Hammath, Rakkath, Kinnereth,","An mga kinota nga syudad amo an Asidim, Ser, Hamat, Recat, Kineret,"
"Adamah, Ramah, Hazor,","Edama, Arama, Asor,"
"Kedesh, Edrei, En Hazor,","Cades, Edrei, Enasor,"
"Iron, Migdal El, Horem, Beth Anath and Beth Shemesh. There were nineteen towns and their villages.","Hiron, Magdalel, Horem, Betanat, ug Betsemes: 19 nga mga syudad lakip an mga bungto nga harani ha ira."
"These towns and their villages were the inheritance of the tribe of Naphtali, according to its clans.",Ini nga mga syudad ug an ira mga bungto nahasasakob han tuna nga iginhatag nga malon ha mga panimalay han tribo ni Neftali.
The seventh lot came out for the tribe of Dan according to its clans.,An ikapito nga malon han tuna ihinatag ha mga panimalay han tribo ni Dan.
"The territory of their inheritance included: Zorah, Eshtaol, Ir Shemesh,","Nahasasakop hini nga tuna an Sara, Estaol, Irsemes,"
"Shaalabbin, Aijalon, Ithlah,","Selebin, Aiyalon, Jeteha,"
"Elon, Timnah, Ekron,","Elon, Temna, Acron,"
"Eltekeh, Gibbethon, Baalath,","Elteke, Gebeton, Balaat,"
"Jehud, Bene Berak, Gath Rimmon,","Jud, Banebarac, Getrimon,"
"Me Jarkon and Rakkon, with the area facing Joppa.","Meriacon ug Aricon, sugad man an katunaan palibot han Jope."
"These towns and their villages were the inheritance of the tribe of Dan, according to its clans.",Ini nga mga syudad ug an ira mga bungto nahasasakob dida han tuna nga ihinatag nga malon ha mga panimalay han tribo ni Dan.
Then the Lord said to Joshua:,Niyan ginsiring han Ginoo hi Josue nga
"Jattir, Eshtemoa,","Jeter, Estemo,"
"Holon, Debir,","Holon, Dabir,"
"And from the tribe of Benjamin they gave them: Gibeon, Geba,","Tikang han katunaan ni Benjamin, tinagan hira hin upat nga mga syudad: Gabaon, Geba,"
"Anathoth and Almon, together with their pasturelands—four towns.","Anatot, ug Almon upod an ira mga uma nga panibsiban."
"The total number of towns for the priests, the descendants of Aaron, came to thirteen, together with their pasturelands.",Dies y nuebe ngatanan nga mga syudad upod an mga uma nga panibsiban an nahatag ngadto han kapadian nga tulin ni Aaron.
"Kibzaim and Beth Horon, together with their pasturelands—four towns.",Kibsaim ug an Betoron upod an ira mga uma nga panibsiban.
"Also from the tribe of Dan they received: Eltekeh, Gibbethon,","Tikang han katunaan han Dan tinagan hira hin upat nga mga syudad: Elteco, Gabaon,"
"Aijalon and Gath Rimmon, together with their pasturelands—four towns.","an Aiyalon ug an Gatremon, upod an mga uma nga panibsiban."
All these ten towns and their pasturelands were given to the rest of the Kohathite clans.,Ini nga mga panimalay han banay ni Cohat kinmarawat hin napulo nga mga syudad upod an ira mga uma nga panibsiban.
"from the tribe of Issachar, Kishion, Daberath,","Tikang han katunaan han Isacar, kinmarawat hira hin upat nga mga syudad: Kision ug Daberat,"
"Jarmuth and En Gannim, together with their pasturelands—four towns;",Jaramut ug Enganim upod an ira mga panibsiban nga uma.
"from the tribe of Asher, Mishal, Abdon,","Tikang han katunaan han Aser, kinmarawat hira hin upat nga mga syudad: Masal, Abdon,"
"Helkath and Rehob, together with their pasturelands—four towns;","Helcat, ug Rohob upod an ira mga panibsiban nga uma."
"Dimnah and Nahalal, together with their pasturelands—four towns;",Damna ug Naalol upod an ira mga panibsiban nga uma.
"from the tribe of Reuben, Bezer, Jahaz,","Tikang han katunaan han Ruben, kinmarawat hira hin upat nga mga syudad: Boser, Jasin,"
"Kedemoth and Mephaath, together with their pasturelands—four towns;",Cademot ug Mefaat upod an ira mga panibsiban nga uma.
"Heshbon and Jazer, together with their pasturelands—four towns in all.",Hesebon ug an Jaser upod an ira panibsiban nga mga uma.
Not one of all the Lord ’s good promises to Israel failed; every one was fulfilled.,Gintuman han Ginoo an ngatanan nga mga saad nga iya ginhimo ha mga tawo han Israel.
"Then Joshua summoned the Reubenites, the Gadites and the half-tribe of Manasseh","Gintawag ni Josue an ngatanan nga mga tawo han mga tribo ni Ruben, Gad, ug Manases ha sinirangan."
"“That is why we said, ‘Let us get ready and build an altar—but not for burnt offerings or sacrifices.’","Sanglit nagtindog kami hin altar, diri para hin pagtubod hin mga unong ug iba pa nga mga halad,"
"But you are to hold fast to the Lord your God, as you have until now.","Lugod pagmatinumanon han Ginoo , sugad nga nagmatinumanon kamo ngada yana."
So be very careful to love the Lord your God.,Sanglit higugmaa gayud an Ginoo nga iyo Dyos.
"But I would not listen to Balaam, so he blessed you again and again, and I delivered you out of his hand.","Kundi waray ako mamati kan Balaam, sanglit ginbendisyonan kamo niya ug dida hini nga paagi, natalwas kamo kan Balac."
"Then the people answered, “Far be it from us to forsake the Lord to serve other gods!","Binmaton an mga tawo, “Diri namon igsasalikway an Ginoo tungod hin pag-alagad hin iba nga kadiyosan."
"But the people said to Joshua, “No! We will serve the Lord .”","Nagsiring kan Josue an mga tawo, “Mag-aalagad kami han Ginoo !”"
"And the people said to Joshua, “We will serve the Lord our God and obey him.”","Nagsiring kan Josue an mga tawo, “Mag-aalagad kami han Ginoo nga amon Dyos. Magtutuman kami han iya mga sugo.”"
"Then Joshua dismissed the people, each to their own inheritance.","Ngan ginpauli ni Josue an mga tawo, ngan an tagsatagsa inmoli ngadto han iya malon nga tuna."
"Mercy, peace and love be yours in abundance.","Mahingpit unta dida ha iyo an kalooy, kalinaw, ngan an gugma."
"But, dear friends, remember what the apostles of our Lord Jesus Christ foretold.","Kundi panumdom, kasangkayan ko! Panumdom han iginsumat ha iyo hadto han mga apostoles han aton Ginoo Jesu-Cristo."
Be merciful to those who doubt;,Ipakita an iyo kalooy hadton mga nagruruhaduha;
"The Lord called to Moses and spoke to him from the tent of meeting. He said,",Nagtawag kan Moises an Ginoo tikang han iya Tulda ngan ginhatag kan Moises an nasunod nga mga turumanon
You are to skin the burnt offering and cut it into pieces.,Niyan pag-aanitan niya an hayop ngan pag-aatadohon niya.
Crumble it and pour oil on it; it is a grain offering.,Kunota ini ngan ipisi hin lana kon ighalad niyo ini.
Put oil and incense on it; it is a grain offering.,Sakti ini hin lana hin olibo ngan hin insyenso.
"If you offer a lamb, you are to present it before the Lord ,","Kon ighalad in usa nga karnero,"
The priest shall burn them on the altar as a food offering presented to the Lord .,Pagtutuboron han nangungulo nga padi ini ngatanan dida han altar sugad nga usa nga halad nga pagkaon ngadto han Ginoo .
"“ ‘If your offering is a goat, you are to present it before the Lord ,","Kon ighalad hin kanding, in usa ka tawo"
"The Lord said to Moses,",Ginsugo han Ginoo hi Moises
Then the anointed priest shall take some of the bull’s blood and carry it into the tent of meeting.,Niyan makuha an Labaw nga Padi hin dugo han baka ngan dadad-on ini ngadto han Tulda.
"But the hide of the bull and all its flesh, as well as the head and legs, the internal organs and the intestines—","Kundi kukuhaon niya an panit, an ngatanan nga unod, an ulo, an mga paa, an mga sakob han ginhawa upod an mga tinae,"
Then the anointed priest is to take some of the bull’s blood into the tent of meeting.,"Pagdadad-on han Labaw nga Padi in dugo han baka ngadto han Tulda,"
He shall dip his finger into the blood and sprinkle it before the Lord seven times in front of the curtain.,itutunlob an iya tudlo dida hini ngan iwawarikwik an dugo hin makapito ha atubangan han biray.
"He shall remove all the fat from it and burn it on the altar,",Niyan kukuhaon niya an ngatanan nga tambok han baka ngan pagtutuboron ini dida ha altar.
"when anyone becomes aware that they are guilty in any of these matters, they must confess in what way they have sinned.","Kon salaan in usa ka tawo kinahanglan igkompisal niya an sala,"
The Lord said to Moses:,Iginhatag han Ginoo kan Moises inin masunod nga mga turumanon.
It is a guilt offering; they have been guilty of wrongdoing against the Lord .”,Halad ini nga bayad han sala nga nabuhat niya kontra han Ginoo .
The Lord said to Moses:,Iginhatag han Ginoo kan Moises ini nga mga turumanon.
The Lord said to Moses:,Ginsugo han Ginoo hi Moises
The fire must be kept burning on the altar continuously; it must not go out.,Kinahanglan diri kawarayan hin kalayo dida ha altar ngan diri gud ini pagparongon.
"The Lord also said to Moses,",Iginhatag han Ginoo kan Moises an masunod nga mga turumanon
Every grain offering of a priest shall be burned completely; it must not be eaten.”,An ngatanan nga pagkaon nga ginhalad hin usa nga padi kinahanglan diri kaonon; kinahanglan pagsunogon ini ngatanan.
"The Lord said to Moses,",Ginsugo han Ginoo hi Moises
"The priest who offers it shall eat it; it is to be eaten in the sanctuary area, in the courtyard of the tent of meeting.","An padi nga naghahalad han hayop amo an makaon hini didto hin usa nga baraan nga dapit, ha bungsaran han Tulda han Ginoo ."
Any male in a priest’s family may eat it; it is most holy.,Makakakaon hini nga halad in bisan hin-o nga lalake han padianon nga mga panimalay; labi ini hin baraan.
"“ ‘These are the regulations for the guilt offering, which is most holy:",Mga turumanon ini para hin mga halad hin pagbayad nga labi hin ka baraan nga mga halad.
The priest who offers a burnt offering for anyone may keep its hide for himself.,An panit han hayop nga gintutubod kanan padi na nga nagtutubod han halad.
“ ‘These are the regulations for the fellowship offering anyone may present to the Lord :,Mga turumanon ini para han mga halad hin pagkaurosa nga ighahalad ngadto han Ginoo .
Any meat of the sacrifice left over till the third day must be burned up.,Kinahanglan pagtuboron an karne nga mahisalin pa dida han ikatulo ka adlaw.
"The Lord said to Moses,",Iginhatag han Ginoo kan Moises an masunod nga mga turumanon
"“Say to the Israelites: ‘Do not eat any of the fat of cattle, sheep or goats.","para han mga tawo han Israel. Diri kakaonon an tambok hin baka, karnero, o kanding."
"And wherever you live, you must not eat the blood of any bird or animal.","Bisan diin pag-uokoy an mga Israelita, kinahanglan diri gud hira maggamit han dugo hin mga tamsi o mga mananap para hin pagkaon."
Anyone who eats blood must be cut off from their people.’ ”,Diri na gud pag-iisipon nga usa han kanan Dyos mga tawo an bisan hin-o nga magtalapas hini nga balaod.
"The Lord said to Moses,",Iginhatag han Ginoo kan Moises an masunod nga mga turumanon
"The priest shall burn the fat on the altar, but the breast belongs to Aaron and his sons.","Pagtutuboron han padi an tambok dida han altar, kundi ihahatag ha kapadian an dughan."
You are to give the right thigh of your fellowship offerings to the priest as a contribution.,Ihahatag an tuo nga mangorhi nga paa han hayop sugad nga usa nga linain nga amot
"The Lord said to Moses,","Nagsiring kan Moises an Ginoo ,"
and gather the entire assembly at the entrance to the tent of meeting.”,Niyan tiroka didto an bug-os nga bungto.”
"Moses did as the Lord commanded him, and the assembly gathered at the entrance to the tent of meeting.","Gintuman ni Moises sumala han iginsugo han Ginoo , ngan han katirok na han bungto,"
"Moses said to the assembly, “This is what the Lord has commanded to be done.”","iya ginsiring hira, “An akon yana pagbubuhaton amo an iginsugo ha akon han Ginoo .”"
Then Moses brought Aaron and his sons forward and washed them with water.,Gindara ni Moises hi Aaron ngan an iya mga anak nga kalalaken-an ngan iya ginpakarigos hira.
He placed the breastpiece on him and put the Urim and Thummim in the breastpiece.,Iya iginsul-ot kan Aaron an tahob han dughan ngan igintaod dida hini an Urim ug Tumim.
He poured some of the anointing oil on Aaron’s head and anointed him to consecrate him.,Gin-ordenahan niya hi Aaron pinaagi hin pagbob-i han iya ulo han igdirihog nga lana.
Then Moses slaughtered the ram and splashed the blood against the sides of the altar.,Gin-ihaw ini ni Moises ngan iginsablig an dugo ngada han ngatanan nga upat nga mga ligid han altar.
Then burn up the rest of the meat and the bread.,Sunoga an bisan ano nga karne o tinapay nga nahisalin.
What has been done today was commanded by the Lord to make atonement for you.,Ginsugo kita han Ginoo hin pagtuman han aton ginbuhat yana nga adlaw basi makuha an iyo sala.
So Aaron and his sons did everything the Lord commanded through Moses.,Sanglit ginbuhat ni Aaron ngan han iya mga anak nga kalalaken-an an ngatanan nga iginsugo han Ginoo pinaagi kan Moises.
So Aaron came to the altar and slaughtered the calf as a sin offering for himself.,Kinmadto hi Aaron ha altar ngan gin-ihaw niya an todo nga baka para han iya kalugaringon nga halad tungod hin sala.
the flesh and the hide he burned up outside the camp.,Kundi gintubod niya an karne ngan an panit ha gawas han kampo.
He brought the burnt offering and offered it in the prescribed way.,Gindara liwat niya an hayop para han halad nga tutuboron ngan iginhalad ini sumala han mga turumanon.
"these they laid on the breasts, and then Aaron burned the fat on the altar.","ha bawbaw han mga dughan han mga hayop ngan gindara ini ngatanan ngadto ha altar. Gintubod niya an tambok didto ha altar,"
"So fire came out from the presence of the Lord and consumed them, and they died before the Lord .",Ha gilayon nagpadara hin kalayo an Ginoo ngan ginsunog hira. Namatay hira ha atubangan han Ginoo .
"Then the Lord said to Aaron,","Nagsiring an Ginoo kan Aaron,"
and so you can teach the Israelites all the decrees the Lord has given them through Moses.”,Kinahanglan pagtutdoan mo an mga tawo han Israel han ngatanan nga mga balaod nga iginhatag ko ha imo pinaagi kan Moises.”
"When Moses heard this, he was satisfied.","Han pakabati hini ni Moises, tinmunga hiya han baton ni Aaron."
"The Lord said to Moses and Aaron,",Iginhatag han Ginoo kanda Moises ug Aaron ini nga mga turumanon
You may eat any animal that has a divided hoof and that chews the cud.,nga may mga bulag nga mga kulo ha tiil ngan nasibsib han banwa.
Anything living in the water that does not have fins and scales is to be regarded as unclean by you.,Kinahanglan diri kamo kumaon hin bisan ano nga naukoy ha tubig nga waray mga kapay ngan mga hingbis.
“ ‘All flying insects that walk on all fours are to be regarded as unclean by you.,"Maghugaw an ngatanan nga pakoan nga gudtiay nga mga mananap,"
But all other flying insects that have four legs you are to regard as unclean.,Kundi kinahanglan iyo pag-isipon nga mahugaw an iba ngatanan nga gudtiay nga mga butang nga may mga pako ngan nagkakamang.
"the gecko, the monitor lizard, the wall lizard, the skink and the chameleon.","29-30 Kinahanglan pag-isipon nga mahugaw an mga miro, mga yatot, mga tiki, ibid, buaya, ngan mga halo."
"If a carcass falls on any seeds that are to be planted, they remain clean.","Kon mahulog in usa hini ngada hin binhe nga igpurugas, magpapabilin nga malinis an binhe."
"But if water has been put on the seed and a carcass falls on it, it is unclean for you.","Kundi kon ginpahuroman ha tubig an binhe, ngan mahulog ngada hini in usa nga patay nga lawas, mahugaw na an binhe."
“ ‘Every creature that moves along the ground is to be regarded as unclean; it is not to be eaten.,"Kinahanglan diri kamo kumaon hin bisan ano han gudtiay nga mga mananap nga nagkikiwa dida ha tuna,"
"The Lord said to Moses,",Iginhatag han Ginoo kan Moises ini nga mga turumanon
On the eighth day the boy is to be circumcised.,Dida han ikawalo ka adlaw pagtotorion an bata.
"The Lord said to Moses and Aaron,",Iginhatag han Ginoo kanda Moises ug Aaron ini nga mga turumanon.
"“When anyone has a defiling skin disease, they must be brought to the priest.","Kon in usa ka tawo may sakit nga sanla, kinahanglan dad-on hiya ngadto han padi"
"But whenever raw flesh appears on them, they will be unclean.","Kundi kon hikit-an in mapula nga unod dida han katol, mahugaw ini nga tawo."
"If the raw flesh changes and turns white, they must go to the priest.","Kundi kon mag-upay an katol ngan magmabusag na liwat, mapakadto an padi han tawo"
"“When someone has a boil on their skin and it heals,","Kon an bisan hin-o may hubag nga nag-upay na,"
"If it is spreading in the skin, the priest shall pronounce them unclean; it is a defiling disease.","Kundi kon magsarang ini nga mabusag nga nahubag, igpapahibaro han padi nga mahugaw hiya; may-ada hiya sakit nga sanla."
"“When someone has a burn on their skin and a reddish-white or white spot appears in the raw flesh of the burn,","Hiunong hin usa ka tawo nga nasunog, kon an unod nga nasunog magbusag o namumula nga pangapay,"
"“If a man or woman has a sore on their head or chin,","Kon in usa nga lalake o usa nga babaye may-ada katol ha iya ulo o ha iya sulang,"
"But if the sore does spread in the skin after they are pronounced clean,","Kundi kon magsarang an katol kahuman igpahibaro nga malinis na hiya,"
"“When a man or woman has white spots on the skin,","Kon an usa nga lalake o usa nga babaye may-ada pamusag ha iya panit,"
"If he has lost his hair from the front of his scalp and has a bald forehead, he is clean.","40-41 Kon magroto an buhok hin usa ka tawo ha luyo o ha atubangan han iya ulo, diri ini nakakapahugaw ha iya."
the man is diseased and is unclean. The priest shall pronounce him unclean because of the sore on his head.,"igpapahibaro han padi nga mahugaw hiya, tungod han sanla nga sakit dida han iya ulo."
"“As for any fabric that is spoiled with a defiling mold—any woolen or linen clothing,","Kon may alamag dida hin panapton, ma delana o lino,"
"any woven or knitted material of linen or wool, any leather or anything made of leather—","o dida hin bisan ano nga lino o delana nga dugnit, o dida hin anit, o bisan ano nga hinimo hin anit,"
The priest is to examine the affected area and isolate the article for seven days.,Pagsususihon ini han padi ngan iglalain niya hin pagbutang sulod hin pito ka adlaw.
"The Lord said to Moses,",Iginhatag han Ginoo kan Moises
"The priest is to go outside the camp and examine them. If they have been healed of their defiling skin disease,","ngan iggagawas hiya han kampo ngan didto pag-uusisahon hiya. Kon upay na an sakit,"
"The priest shall then take some of the log of oil, pour it in the palm of his own left hand,","Makuha an padi hin lana han olibo ngan igbububo ini ngada han palad han iya kalugaringon nga wala nga kamot,"
"The priest is to pour some of the oil into the palm of his own left hand,","Maipis an padi han lana hin olibo ngada han palad han iya kalugaringon nga wala nga kamot,"
"Then he shall sacrifice the doves or the young pigeons, such as the person can afford,","Kahuman, ighahalad niya an usa han duha nga sarapati o tukmo"
"The Lord said to Moses and Aaron,",Iginhatag han Ginoo kanda Moises ug Aaron
"the owner of the house must go and tell the priest, ‘I have seen something that looks like a defiling mold in my house.’","Bisan hin-o nga makakaagi hin alamag dida han iya balay, kinahanglan kumadto ngan igsumat ini ha padi."
the priest shall go out the doorway of the house and close it up for seven days.,babayaan niya an balay ngan pagsasadhan ini sulod hin pito ka adlaw.
"On the seventh day the priest shall return to inspect the house. If the mold has spread on the walls,","Dida han ikapito ka adlaw mabalik hiya ngan pag-uusisahon na liwat an balay. Kon nagsarang na an alamag,"
“Anyone who goes into the house while it is closed up will be unclean till evening.,Magmamahugaw ngada han pagkagab-i an bisan hin-o nga sumulod han balay nga sinadhan.
He shall kill one of the birds over fresh water in a clay pot.,Pag-iihawon niya an usa han duha nga tamsi ha bawbaw hin makaong nga kalot nga may sulod nga puraw nga tubig tikang hin burabod.
"These are the regulations for any defiling skin disease, for a sore,","Amo ini an mga turumanon hiunong han sakit nga sanla,"
"and for a swelling, a rash or a shiny spot,","55-56 han mga katol, mga hubag, o mga nanmumula; ngan hiunong han mga alamag dida hin mga panapton o hin mga balay."
to determine when something is clean or unclean. These are the regulations for defiling skin diseases and defiling molds.,Amo ini nga mga balaod an nagpapahayag kon mahugaw o malinis ba in usa nga butang.
"The Lord said to Moses and Aaron,",Iginhatag han Ginoo kanda Moises ug Aaron inin masunod nga mga turumanon
"“ ‘Any bed the man with a discharge lies on will be unclean, and anything he sits on will be unclean.",Mahugaw liwat an bisan ano nga iya higdaan o lingkoran.
"“ ‘Everything the man sits on when riding will be unclean,",Mahugaw an bisan ano nga montora o lingkoran nga lingkoran han tawo nga gin-aawasan.
"“ ‘Anything she lies on during her period will be unclean, and anything she sits on will be unclean.",Katatap-unan hin ka mahugaw an bisan ano nga iya lingkoran o higdaan samtang reniregla hiya.
"These are the regulations for a man with a discharge, for anyone made unclean by an emission of semen,","Amo ini an mga turumanon mahitungod hin usa nga lalake nga may nag-aawas ha iya ikinatawo o ginagawsan hin binhe,"
Then he is to take the two goats and present them before the Lord at the entrance to the tent of meeting.,Niyan pagdadad-on niya an duha nga kanding ngadto han agian han Tulda han Ginoo .
He is to cast lots for the two goats—one lot for the Lord and the other for the scapegoat.,"Didto magriripa hiya, nga magamit hin duha nga bato, an usa minarkahan hin “para han Ginoo ” ngan an ikaduha “para kan Azazel.”"
Aaron shall bring the goat whose lot falls to the Lord and sacrifice it for a sin offering.,"Ighahalad ni Aaron an kanding nga napili pinaagi han ripa para han Ginoo , ngan ighahalad ini nga usa nga halad tungod hin sala."
He shall also burn the fat of the sin offering on the altar.,Pagtutuboron niya dida han altar an tambok han hayop nga gin-ihaw para han halad tungod hin sala.
"The Lord said to Moses,",Ginsugo han Ginoo hi Moises
"But if they do not wash their clothes and bathe themselves, they will be held responsible.’ ”","Kon diri niya pagtumanon ini, kinahanglan mag-antos hiya han mga bunga han iya pagtalapas."
"The Lord said to Moses,",Ginsiring han Ginoo hi Moises
“Speak to the Israelites and say to them: ‘I am the Lord your God.,"nga sumatan an mga tawo han Israel, “Ako amo an Ginoo nga iyo Dyos."
“ ‘Do not have sexual relations with your father’s wife; that would dishonor your father.,Ayaw pagpakaalohi an imo amay pinaagi hin pakighilawas bisan kan kanay han iba niya nga mga asawa.
"“ ‘Do not have sexual relations with the daughter of your father’s wife, born to your father; she is your sister.",Ayaw pakighilawas han imo bugto ha gawas nga babaye; bugto mo liwat hiya.
"“ ‘Do not have sexual relations with your mother’s sister, because she is your mother’s close relative.","12-13 Ayaw pakighilawas hin imo dada, bisan bugto hiya han imo amay o han imo iroy."
“ ‘Do not have sexual relations with your brother’s wife; that would dishonor your brother.,o han asawa han imo bugto.
“ ‘Do not approach a woman to have sexual relations during the uncleanness of her monthly period.,"Ayaw pakighilawas hin babaye samtang reniregla hiya, kay mahugaw hiya sumala han seremonyas."
“ ‘Do not have sexual relations with your neighbor’s wife and defile yourself with her.,"Ayaw pakighilawas han asawa hin lain nga lalake, makakahugaw ini ha imo sumala han seremonyas."
“ ‘Do not have sexual relations with a man as one does with a woman; that is detestable.,Waray gud lalake nga makighilawas hin igkasi lalake; napupungot gud hini an Dyos.
"And if you defile the land, it will vomit you out as it vomited out the nations that were before you.",ngan diri kamo igsasalikway han tuna sugad han pagsalikwaya han mga pagano nga nag-ukoy didto una ha iyo.
"The Lord said to Moses,",Ginsiring han Ginoo hi Moises
"If any of it is eaten on the third day, it is impure and will not be accepted.","kay mahugaw na ini sumala han seremonyas, ngan kon may kumaon hini, diri ko kakarawton ini nga halad."
“ ‘Do not steal. “ ‘Do not lie. “ ‘Do not deceive one another.,“Ayaw kamo pangawat o panlimbong o pagbuwa.
“ ‘Do not eat any meat with the blood still in it. “ ‘Do not practice divination or seek omens.,“Ayaw kamo pagkaon hin bisan ano nga karne nga aada pa hini an dugo. Ayaw gud kamo pagbuhat hin bisan ano nga salamangka.
“ ‘Do not cut the hair at the sides of your head or clip off the edges of your beard.,"Ayaw niyo pag-aroti an buhok dida han mga ligid han iyo ulo o pagkortihi an iyo bungot,"
“ ‘Observe my Sabbaths and have reverence for my sanctuary. I am the Lord .,Pagtumana niyo an Adlaw nga Iparahuway ngan pagpasidunggi niyo an dapit nga ginsisingbahan ha akon. Hi ako an Ginoo .
"“ ‘When a foreigner resides among you in your land, do not mistreat them.",“Ayaw kamo pagraogdaog hin mga lumalangyaw nga nag-uokoy dida han iyo tuna.
"“ ‘Do not use dishonest standards when measuring length, weight or quantity.","“Ayaw niyo paglimbongi an bisan hin-o pinaagi hin paggamit hin diri tuhay nga mga suruklan, timbangan, ug taraksan."
"The Lord said to Moses,","Ginsiring han Ginoo hi Moises,"
"“ ‘Consecrate yourselves and be holy, because I am the Lord your God.",Pagbaraan kamo kay ako amo an Ginoo nga iyo Dyos.
"Keep my decrees and follow them. I am the Lord , who makes you holy.","Pagsugta niyo an akon mga balaod, kay amo ako an Ginoo ngan ako an magbabaraan ha iyo.”"
"“ ‘If a man has sexual relations with an animal, he is to be put to death, and you must kill the animal.","Kon makighilawas in usa ka tawo hin usa nga mananap, kinahanglan patayon hiya ngan an mananap."
“ ‘The woman he marries must be a virgin.,"Kinahanglan mangasawa hiya hin babaye nga uray pa,"
"The Lord said to Moses,",Ginsugo han Ginoo hi Moises
"no man with a crippled foot or hand,",an tawo nga may kimay nga kamot o piay nga tiil;
"or who is a hunchback or a dwarf, or who has any eye defect, or who has festering or running sores or damaged testicles.",an tawo nga buktot o inano; an tawo nga may sakit ha mata o ha panit; ngan an tawo nga kapon.
So Moses told this to Aaron and his sons and to all the Israelites.,"Amo ini an iginsiring ni Moises kan Aaron, ha mga anak nga kalalaken-an ni Aaron, ngan ha ngatanan nga mga tawo han Israel."
"The Lord said to Moses,",Ginsugo han Ginoo hi Moises
The priests must not desecrate the sacred offerings the Israelites present to the Lord,Diri pagpasipad-an han kapadian an baraan nga mga halad
"The Lord said to Moses,",Ginsugo han Ginoo hi Moises
"you must present a male without defect from the cattle, sheep or goats in order that it may be accepted on your behalf.","Basi karawton ini, kinahanglan lalaki ini nga waray gud mga dum-it."
"Do not bring anything with a defect, because it will not be accepted on your behalf.","Kon maghalad kamo hin bisan ano nga hayop nga may mga dum-it, diri ini kakarawton han Ginoo ."
"“When you sacrifice a thank offering to the Lord , sacrifice it in such a way that it will be accepted on your behalf.","Kon maghalad kamo hin usa nga halad hin pagpasalamat ngadto han Ginoo , sunda niyo an mga turumanon basi karawton kamo;"
It must be eaten that same day; leave none of it till morning. I am the Lord .,kaona ini niyo ha amo manta nga adlaw ngan ayaw gud pagsalin hini ngada han pagkabuwas.
“Keep my commands and follow them. I am the Lord .,"Nagsiring an Ginoo , “Pagsugta niyo an akon mga sugo; ako an Ginoo ."
and who brought you out of Egypt to be your God. I am the Lord .”,ngan ginpagawas ko kamo ha Ehipto basi ako magin iyo Dyos. Hi ako an Ginoo .”
"The Lord said to Moses,",Iginhatag han Ginoo kan Moises
On the first day hold a sacred assembly and do no regular work.,Dida han syahan hini nga mga adlaw magtitirok kamo hin pagsingba ngan diri kamo magbubuhat han iyo kada adlaw nga mga buruhaton.
"Do no regular work, but present a food offering to the Lord .’ ”",Paghalad kamo hin usa nga halad nga pagkaon ngadto han Ginoo ngan ayaw kamo pagbuhat han iyo kada adlaw nga mga buruhaton.
Those who do not deny themselves on that day must be cut off from their people.,"An bisan hin-o nga magpasipara hin pagkaon hin bisan ano hito nga adlaw, diri na hiya pag-iisipon nga sakop han bungto han Dyos."
I will destroy from among their people anyone who does any work on that day.,"Ngan kon may-ada magbuhat hin bisan ano nga buruhaton hito nga adlaw, an Ginoo ngahaw an mapatay ha iya."
The first day is a sacred assembly; do no regular work.,Dida han syahan hini nga mga adlaw pagtirok kamo hin pagsingba ngan ayaw kamo pagbuhat han iyo kada adlaw nga mga buruhaton.
Live in temporary shelters for seven days: All native-born Israelites are to live in such shelters,"Mag-uokoy an ngatanan nga mga tawo han Israel dida hin mga payag nga sirongan sulod hin pito ka adlaw,"
"The Lord said to Moses,",Ginsiring han Ginoo hi Moises
They put him in custody until the will of the Lord should be made clear to them.,Ginpabantayan hiya ngan naghulat hira han Ginoo kon ano gud an igpapabuhat ha ira han Ginoo .
Then the Lord said to Moses:,"Nagsiring an Ginoo kan Moises,"
“ ‘Anyone who takes the life of a human being is to be put to death.,"“Pagpapatayon man an bisan hin-o nga magpatay hin tawo,"
Anyone who injures their neighbor is to be injured in the same manner:,"“An tawo nga makadaot hin lain nga tawo, an bisan ano nga iya nabuhat pagbubuhaton man ini ha iya."
"The Lord said to Moses at Mount Sinai,",Naghimangraw an Ginoo kan Moises didto ha Bukid Sinai ngan ginsugo hiya
“ ‘In this Year of Jubilee everyone is to return to their own property.,Dida hini nga tuig ig-ooli ngadto han tunay nga tag-iya an ngatanan nga hiagi nga iginbaligya.
"Do not take advantage of each other, but fear your God. I am the Lord your God.","Ayaw paglimbong hin iyo igkasi Israelita, kundi kahadloki ngan tahora niyo an Ginoo nga iyo Dyos."
I will send you such a blessing in the sixth year that the land will yield enough for three years.,Pagbebendisyonan han Ginoo an tuna dida han ikaunom nga tuig basi makahatag ini hin igo nga pagkaon hin kanan duha ka tuig.
"Throughout the land that you hold as a possession, you must provide for the redemption of the land.","Kon ginbabaligya in tuna, kinahanglan kilalahon niyo an katungod han tunay nga tag-iya hin paglukat han tuna."
"Do not take interest or any profit from them, but fear your God, so that they may continue to live among you.","Ayaw hiya pagsukti hin patubo, kundi pagsugta an Dyos ngan paokya an iyo igkasi Israelita hirani ha iyo."
"Do not rule over them ruthlessly, but fear your God.","Ayaw niyo hira pagpakurii, kundi pagsugta niyo an iyo Dyos."
they retain the right of redemption after they have sold themselves. One of their relatives may redeem them:,"Katapos hiya igbaligya, may-ada pa gihapon hiya katungod nga malukat hiya. Usa han iya kabugtoan nga kalalaken-an,"
“ ‘Observe my Sabbaths and have reverence for my sanctuary. I am the Lord .,Pagtumana niyo an mga siringbahan nga pyesta ngan pagpasidunggi an dapit nga ginsisingbahan ha akon. Hi ako an Ginoo .
"“ ‘If you follow my decrees and are careful to obey my commands,","“Kon mag-ukoy kamo hin kinabuhi sumala han akon mga balaod ngan magsugot kamo han akon mga sugo,"
"You will pursue your enemies, and they will fall by the sword before you.",Magmamadaogon kamo kontra han iyo mga kaaway;
"I will put my dwelling place among you, and I will not abhor you.","Mag-uokoy ako upod ha iyo didto han akon baraan nga Tulda, ngan diri ko gud kamo tatalikdan."
"I will walk among you and be your God, and you will be my people.","Maupod ako ha iyo; magigin Dyos ako niyo, ngan magigin katawhan ko kamo."
"“ ‘But if you will not listen to me and carry out all these commands,","Nagsiring an Ginoo , “Kon diri kamo magsugot han akon mga sugo, pagkakastigohon ko kamo."
I will break down your stubborn pride and make the sky above you like iron and the ground beneath you like bronze.,"Pagpapaubson ko an iyo duro nga kamapahitas-on; mawawaray uran, magmamara ngan mababangkil sugad hin puthaw an iyo tuna."
"“ ‘If in spite of these things you do not accept my correction but continue to be hostile toward me,","“Kon katapos hini ngatanan nga mga kastigo, diri la gihapon kamo mamati ha akon, kundi magpadayon kamo hin pag-ato ha akon,"
I myself will be hostile toward you and will afflict you for your sins seven times over.,niyan pagkokontrahon ko kamo ngan pagkakastigohon ko kamo hin pito pa ka pilo hin kamakuri kay han una.
"“ ‘If in spite of this you still do not listen to me but continue to be hostile toward me,","“Kon katapos hini ngatanan, magpadayon la kamo gihapon hin pag-ato ngan diri pagsugot ha akon,"
You will eat the flesh of your sons and the flesh of your daughters.,Makalilisang nga kagutom an maabot ha iyo nga mapupugos kamo hin pagkaon han iyo kalugaringon nga mga anak.
You will perish among the nations; the land of your enemies will devour you.,"Magkakamatay kamo didto ha pagkabihag, ngan lalam-oyon kamo han tuna han iyo mga kaaway."
"The Lord said to Moses,",Iginhatag han Ginoo kan Moises
"If the owner wishes to redeem the animal, a fifth must be added to its value.","Kon karuyag han tawo hin paglukat han mananap, kinahanglan pagbaydan niya an kabaraydan upod in dugang nga 20 por syento."
"“ ‘If anyone dedicates to the Lord a field they have bought, which is not part of their family land,","Kon ighalad hin usa ka tawo ngadto han Ginoo in usa nga uma nga iya napalit, ngan diri bahin han tuna nga iya nasunod,"
"In the Year of Jubilee the field will revert to the person from whom it was bought, the one whose land it was.","Pag-abot han Tuig han Pagpahioli, ig-ooli an tuna ngadto han tunay nga tag-iya o ngadto han iya mga tulin."
"Every value is to be set according to the sanctuary shekel, twenty gerahs to the shekel.",Ipapasikad an ngatanan nga kabaraydan han timbangan nga ginagamit ha sanktuaryo.
“ ‘No person devoted to destruction may be ransomed; they are to be put to death.,"Diri na ini malulukat, bisan pa ngani usa ka tawo nga iginhalad na; kinahanglan pagpatayon hiya."
These are the commands the Lord gave Moses at Mount Sinai for the Israelites.,Amo ini an mga sugo nga iginhatag han Ginoo kan Moises didto ha Bukid Sinai para han mga tawo han Israel.
"Many have undertaken to draw up an account of the things that have been fulfilled among us,",Hinigugma ko nga Teofilo: Damo na in nagtalingoha hin pagsurat han mga butang nga nahinabo dinhe ha aton.
so that you may know the certainty of the things you have been taught.,Binubuhat ko ini basi hibaroan mo an bug-os nga kamatuoran mahitungod hadton mga butang nga igintutdo ha imo.
"But they were childless because Elizabeth was not able to conceive, and they were both very old.","Waray nira anak kay baw-as hi Elisabet, ngan mga lagas na kaupay hira nga duha."
"And when the time for the burning of incense came, all the assembled worshipers were praying outside.",samtang nag-aampo ha gawas in damo nga mga tawo ha takna han pagtubod han insyenso.
"Then an angel of the Lord appeared to him, standing at the right side of the altar of incense.","Pinmakita ha iya in usa nga anghel han Ginoo, nga natindog didto ha tuo nga dapit han altar diin gintutubod an insyenso."
"When Zechariah saw him, he was startled and was gripped with fear.",Nalisang ngan nahadlok hi Zacarias han pakakita niya han anghel.
"He will be a joy and delight to you, and many will rejoice because of his birth,",Mapupuno ka hin kalipay sugad man in damo nga mga tawo kon matawo na hiya!
He will bring back many of the people of Israel to the Lord their God.,Damo in mga tawo han Israel nga bubuligan niya hin pagbalik ngadto han Ginoo nga ira Dyos.
"When his time of service was completed, he returned home.","Katapos na han iya buruhaton ha Templo, inmoli hi Zacarias."
After this his wife Elizabeth became pregnant and for five months remained in seclusion.,"Waray pag-iha, nagburod hi Elisabet nga iya asawa, ngan nakadto la hiya ha sakob han ira balay sulod hin lima ka bulan."
"The angel went to her and said, “Greetings, you who are highly favored! The Lord is with you.”","Kinmadto an anghel ha iya ngan nagsiring, “Maghimaya ka! Puno ka hin grasya! An Ginoo aada ha imo!”"
Mary was greatly troubled at his words and wondered what kind of greeting this might be.,"Dako an kagupong ni Maria han iginpasabot han anghel, ngan ginpainoino niya kon ano an kahulogan han iya mga pulong."
"But the angel said to her, “Do not be afraid, Mary; you have found favor with God.","Nagsiring ha iya an anghel, “Ayaw kahadlok, Maria, kay ginpalabi ka han Dyos."
"You will conceive and give birth to a son, and you are to call him Jesus.","Magbuburod ngan mag-aanak ka hin lalake, ngan pagngangaranan mo hiya nga Jesus."
and he will reign over Jacob’s descendants forever; his kingdom will never end.”,ngan mahihimo hiya nga hadi ha kadayonan han mga tulin ni Jacob; an iya ginhadian waray kataposan!”
"“How will this be,” Mary asked the angel, “since I am a virgin?”","Hi Maria nagsiring han anghel, “Uray ngan putli ako. Uunanhon man hin kahimo hini?”"
For no word from God will ever fail.”,Kay waray butang nga diri mahihimo han Dyos.”
"At that time Mary got ready and hurried to a town in the hill country of Judea,","Waray pag-iha, nag-andam hi Maria ngan nagdagmit hin pagkadto ha usa nga bungto ha sagkahon nga tuna han Judea."
where she entered Zechariah’s home and greeted Elizabeth.,Kinmadto hiya ha balay ni Zacarias ngan naghatag hin katalahoran kan Elisabet.
"But why am I so favored, that the mother of my Lord should come to me?",Kay ano nga itinugot man ini nga makanhi hin pagduaw ha akon an iroy han akon Ginoo?
Blessed is she who has believed that the Lord would fulfill his promises to her!”,Hin kabaraan niya nga natoo nga matutuman an ginpamulong ha iya han Ginoo!”
And Mary said: “My soul glorifies the Lord,"Nagsiring hi Maria, “Nagdadayaw an akon kalag han Ginoo;"
"and my spirit rejoices in God my Savior,","naglilipay an akon kasingkasing dida han Dyos nga akon Manunubos,"
for the Mighty One has done great things for me— holy is his name.,tungod han dagko nga mga butang nga ginbuhat para ha akon han Makagarahum nga Dyos. Baraan an iya ngaran;
"His mercy extends to those who fear him, from generation to generation.","nagpapakita hiya hin kalooy hadton mga nahadlok ha iya, tikang ha usa ngadto han sunod nga katulinan."
He has brought down rulers from their thrones but has lifted up the humble.,"Ginpukan niya in gamhanan nga mga hadi tikang han ira mga trono, ngan ginpahitaas niya an mga mapainubsanon."
He has filled the hungry with good things but has sent the rich away empty.,"Ginbusog niya hin mag-upay nga mga butang an mga gutom, ngan ginpalakat niya an mga riko nga waray dara."
"He has helped his servant Israel, remembering to be merciful","Gintuman niya an iya iginsaad ha aton mga kaapoy-apoyan, ngan binuligan niya an Israel nga iya surugoon;"
"to Abraham and his descendants forever, just as he promised our ancestors.”",nahinumdom hiya hin pagkalooy kan Abraham ngan ha ngatanan nga iya katulinan ha kadayonan!”
Mary stayed with Elizabeth for about three months and then returned home.,"Linmungon hi Maria kan Elisabet sulod hin mga tulo ka bulan, ngan katapos, inmoli hiya."
"When it was time for Elizabeth to have her baby, she gave birth to a son.","Inmabot an panahon han pag-anak ni Elisabet, ngan nag-anak hiya hin lalake."
"but his mother spoke up and said, “No! He is to be called John.”","Kundi nagsiring an iroy niya, “Diri! Juan an igngangaran ha iya.”"
"They said to her, “There is no one among your relatives who has that name.”","Nagsiring hira ha iya, “Kundi waray man niyo uropod nga may sugad hini nga ngaran!”"
"Then they made signs to his father, to find out what he would like to name the child.",Niyan ginsenyasan nira hi Zacarias kon ano an iya karuyag igngaran han bata.
"He asked for a writing tablet, and to everyone’s astonishment he wrote, “His name is John.”","Nag-aro hi Zacarias hin susuratan, ngan nagsurat, “Juan an iya ngaran.” Duro gud an paghipausa nira ngatanan!"
"Immediately his mouth was opened and his tongue set free, and he began to speak, praising God.",Hito manta nga takna nakayakan na liwat hi Zacarias ngan nagtikang hiya hin pagdayaw han Dyos.
His father Zechariah was filled with the Holy Spirit and prophesied:,"Napuno han Espiritu Santo hi Zacarias nga amay ni Juan, ngan namulong hiya han mensahe han Dyos:"
"“Praise be to the Lord, the God of Israel, because he has come to his people and redeemed them.","“Dayawa ta an Ginoo, an Dyos han Israel! Kinmanhi hiya hin pagbulig ngan pagtalwas han iya katawhan."
He has raised up a horn of salvation for us in the house of his servant David,"Naghatag hiya hin gamhanan nga Magtaralwas para ha aton, nga tulin ni David nga iya surugoon."
"(as he said through his holy prophets of long ago),",Nagsaad hiya ha maiha na nga panahon pinaagi han iya baraan nga mga manaragna:
salvation from our enemies and from the hand of all who hate us—,"nga tatalwason kita tikang han aton mga kaaway, ngan tikang han gahom hadton ngatanan nga nagdudumot ha aton."
"to show mercy to our ancestors and to remember his holy covenant,","Nagsiring hiya nga malolooy hiya han aton mga ginikanan, ngan manunumdom hiya han iya baraan nga ginsaaran."
in holiness and righteousness before him all our days.,"basi mabaraan ngan magmatadong kita ha iya atubangan, ha ngatanan nga mga adlaw han aton kinabuhi."
"And you, my child, will be called a prophet of the Most High; for you will go on before the Lord to prepare the way for him,","“Tatawgon ka, anak ko, nga manaragna han Gihahataasi nga Dyos. Mag-uuna ka han Ginoo hin pag-andam han dalan nga iya aagian;"
"to give his people the knowledge of salvation through the forgiveness of their sins,","hin pagsumat han iya katawhan nga matatalwas hira, pinaagi hin pagpasaylo han ira mga sala."
"because of the tender mercy of our God, by which the rising sun will come to us from heaven","Maloloy-on ngan mapuanguron an aton Dyos. Ipapasirang niya ha aton an adlaw han katalwasan,"
(This was the first census that took place while Quirinius was governor of Syria.),Hi Cirenio amo an gobernador han Siria han paghimoa hini nga syahan nga sensos.
And everyone went to their own town to register.,"Sanglit kinmadto hin pagpalista an ngatanan, an kada usa ngadto han iya kalugaringon nga bungto."
"He went there to register with Mary, who was pledged to be married to him and was expecting a child.","Kinmadto hiya hin pagpalista upod hi Maria nga sinayoran na ha iya, ngan hingarak-an na."
"While they were there, the time came for the baby to be born,","Samtang nakadto hira ha Betlehem, inmabot an panahon nga mag-aanak na hi Maria."
"Today in the town of David a Savior has been born to you; he is the Messiah, the Lord.",Natawo yana nga adlaw didto han bungto ni David an iyo Magtaralwas nga amo an Cristo nga Ginoo.
"Suddenly a great company of the heavenly host appeared with the angel, praising God and saying,","Ha gilayon pinmakita upod han anghel in dako nga hugpo hin mga anghel ha langit, nga nagkakanta hin mga pagdayaw ha Dyos:"
"“Glory to God in the highest heaven, and on earth peace to those on whom his favor rests.”","“Himaya sa Dyos ha kahitas-an, ngan kalinaw dinhe ha tuna hadton mga tawo nga maupay an kaburot-on!”"
"When they had seen him, they spread the word concerning what had been told them about this child,","Han pakakita nira han bata, iginsumat han mga magmarangno an iginsiring han anghel mahitungod ha iya."
and all who heard it were amazed at what the shepherds said to them.,Nanhipausa an ngatanan nga nagpakabati hini nga iginsumat ha ira han mga magmarangno.
But Mary treasured up all these things and pondered them in her heart.,"Gintipigan ni Maria ini ngatanan nga mga butang, ngan ginpamalandong niya ha iya kasingkasing."
"(as it is written in the Law of the Lord, “Every firstborn male is to be consecrated to the Lord” ),",sumala han iginsurat dida han balaod han Ginoo: “Kinahanglan ighalad ngadto han Ginoo an tagsa nga suhag nga lalake.”
and to offer a sacrifice in keeping with what is said in the Law of the Lord: “a pair of doves or two young pigeons.”,"Naghalad liwat hira, sumala han kinahanglan han balaod han Ginoo, “Usa ka padis nga sarapati o duha nga piso nga tukmo.”"
"Simeon took him in his arms and praised God, saying:",Ginkugos ni Simeon an bata ngan nagpasalamat han Dyos:
"“Sovereign Lord, as you have promised, you may now dismiss your servant in peace.","“Yana, Ginoo, gintuman mo na an imo saad, ngan tugoti na pagbaya ha kamurayaw an imo surugoon."
"For my eyes have seen your salvation,","Ha akon kalugaringon nga mga mata, hinkit-an ko na an imo katalwasan,"
which you have prepared in the sight of all nations:,nga imo gin-andam ha atubangan han ngatanan nga mga katawhan:
"a light for revelation to the Gentiles, and the glory of your people Israel.”",Kapawa nga magpapadayag ha mga Hentil han imo paagi ngan magdadara hin kadungganan han imo katawhan nga Israel.”
The child’s father and mother marveled at what was said about him.,Nanhipausa an amay ug iroy han bata han mga butang nga iginsiring ni Simeon mahitungod ha iya.
"And the child grew and became strong; he was filled with wisdom, and the grace of God was on him.","Tinmubo ngan nagmakusog an bata; puno hiya hin kinaadman, ngan nakada ha iya an mga bendisyon han Dyos."
Every year Jesus’ parents went to Jerusalem for the Festival of the Passover.,"Kada tuig, napakadto ha Jerusalem an mga kag-anak ni Jesus para han Pyesta han Paglabay."
"When he was twelve years old, they went up to the festival, according to the custom.","Han dose na an edad ni Jesus, kinmadto hira han pyesta sumala han ira nababatasan."
"When they did not find him, they went back to Jerusalem to look for him.","Waray hira makaagi ha iya, sanglit binmalik hira ngadto ha Jerusalem hin pagbiling ha iya."
Everyone who heard him was amazed at his understanding and his answers.,Nahipausa gud an ngatanan nga nagpakabati han iya mag-upay nga mga baton.
But they did not understand what he was saying to them.,Kundi waray hira makasabot han iginsiring niya ha ira.
"And Jesus grew in wisdom and stature, and in favor with God and man.",Ngan nagtubo hi Jesus ha lawas ngan ha kinaadman; ngan nakalipay hiya han Dyos ngan han mga tawo.
And all people will see God’s salvation.’ ”,Ngan makakakita an ngatanan nga katawhan han katalwasan nga tikang han Dyos!’”
“What should we do then?” the crowd asked.,"Nagpakiana ha iya an mga tawo, “Sanglit, ano man an amon bubuhaton?”"
"Even tax collectors came to be baptized. “Teacher,” they asked, “what should we do?”","Inmabot pagpabunyag in mga parasukot hin buhis ngan nagpakiana hira ha iya, “Magturutdo, ano man an amon bubuhaton?”"
"“Don’t collect any more than you are required to,” he told them.","Ginsiring niya hira, “Ayaw kamo pagsukot hin diri na igo ug kaangayan.”"
And with many other words John exhorted the people and proclaimed the good news to them.,"Gindasig ni Juan an mga tawo hin damo kalain nga mga paagi, samtang nga nagwawali hiya han Maupay nga Sumat ha ira."
Herod added this to them all: He locked John up in prison.,Ginbuhat pa ni Herodes in dako nga karat-an. Iginpapriso pa niya hi Juan.
"the son of Matthat, the son of Levi, the son of Melki, the son of Jannai, the son of Joseph,",Ini hi Eli anak ni Matat nga anak ni Levi nga anak ni Melqui nga anak ni Jana nga anak ni Jose.
"the son of Mattathias, the son of Amos, the son of Nahum, the son of Esli, the son of Naggai,",Hi Jose anak ni Matatias nga anak ni Amos nga anak ni Nahum nga anak ni Esli nga anak ni Nagai.
"the son of Maath, the son of Mattathias, the son of Semein, the son of Josek, the son of Joda,",Hi Nagai anak ni Maat nga anak ni Matatias nga anak ni Semei nga anak ni Jose nga anak ni Juda.
"the son of Joanan, the son of Rhesa, the son of Zerubbabel, the son of Shealtiel, the son of Neri,",Hi Juda anak ni Joan nga anak ni Resa nga anak ni Sorobabel nga anak ni Salatiel nga anak ni Neri.
"the son of Melki, the son of Addi, the son of Cosam, the son of Elmadam, the son of Er,",Ini hi Neri anak ni Melqui nga anak ni Adi nga anak ni Cosam nga anak ni Elmodam nga anak ni Er.
"the son of Joshua, the son of Eliezer, the son of Jorim, the son of Matthat, the son of Levi,",Hi Er anak ni Josue nga anak ni Eliezer nga anak ni Jorim nga anak ni Matat nga anak ni Levi.
"the son of Simeon, the son of Judah, the son of Joseph, the son of Jonam, the son of Eliakim,",Hi Levi anak ni Simeon nga anak ni Juda nga anak ni Jose nga anak ni Jonan nga anak ni Eliakim.
"the son of Melea, the son of Menna, the son of Mattatha, the son of Nathan, the son of David,",Hi Eliakim anak ni Melea nga anak ni Mainan nga anak ni Matata nga anak ni Natan nga anak ni David.
"the son of Jesse, the son of Obed, the son of Boaz, the son of Salmon, the son of Nahshon,",Anak ini hi David ni Isai nga anak ni Obed nga anak ni Boos nga anak ni Salmon nga anak ni Naason.
"the son of Amminadab, the son of Ram, the son of Hezron, the son of Perez, the son of Judah,",Hi Naason anak ni Abinadab nga anak ni Admin nga anak ni Arni nga anak ni Esrom nga anak ni Fares nga anak ni Juda.
"the son of Jacob, the son of Isaac, the son of Abraham, the son of Terah, the son of Nahor,",Hi Juda anak ni Jacob nga anak ni Isaac nga anak ni Abraham nga anak ni Tare nga anak ni Nahor.
"the son of Serug, the son of Reu, the son of Peleg, the son of Eber, the son of Shelah,",Hi Nahor anak ni Serug nga anak ni Ragau nga anak ni Peleg nga anak ni Eber nga anak ni Sela.
"the son of Cainan, the son of Arphaxad, the son of Shem, the son of Noah, the son of Lamech,",Hi Sela anak ni Cainan nga anak ni Arfaxad nga anak ni Sem nga anak ni Noe nga anak ni Lamec.
"the son of Methuselah, the son of Enoch, the son of Jared, the son of Mahalalel, the son of Kenan,",Hi Lamec anak ni Metusela nga anak ni Enoc nga anak ni Jared nga anak ni Mahalaleel nga anak ni Cainan.
"the son of Enosh, the son of Seth, the son of Adam, the son of God.",Anak ini hi Cainan ni Enos nga anak ni Set nga anak ni Adan nga anak han Dyos.
"Jesus, full of the Holy Spirit, left the Jordan and was led by the Spirit into the wilderness,","Binmalik tikang ha Jordan hi Jesus nga puno han Espiritu Santo, ngan gindara han Espiritu ngadto ha kamingawan,"
"The devil said to him, “If you are the Son of God, tell this stone to become bread.”","Nagsiring ha iya an Yawa, “Kon Anak ka manggud han Dyos, igbuot nga ini nga bato mahimo nga tinapay.”"
"Jesus answered, “It is written: ‘Man shall not live on bread alone.’ ”","Binmaton hi Jesus, “Nasiring an kasuratan, ‘Diri mabubuhi an tawo ha tinapay la.’”"
"If you worship me, it will all be yours.”","Sanglit, ihahatag ko ini ngatanan ha imo kon magsingba ka ha akon.”"
"Jesus answered, “It is written: ‘Worship the Lord your God and serve him only.’ ”","Binmaton hi Jesus, “Nasiring an kasuratan, ‘Singbahon mo an Ginoo nga imo Dyos ngan hiya gudla an imo pagsirbehan.’”"
For it is written: “ ‘He will command his angels concerning you to guard you carefully;,"Kay nasiring an kasuratan, ‘Susugoon han Dyos an iya mga anghel hin pagmangno hin maupay ha imo.’"
"they will lift you up in their hands, so that you will not strike your foot against a stone.’ ”","Nasiring liwat, ‘Sasapnayon ka nira han ira mga kamot, basi diri mapilasan an imo mga tiil dida ha mga bato.’”"
"Jesus answered, “It is said: ‘Do not put the Lord your God to the test.’ ”","Binmaton hi Jesus ha iya, “Nasiring an kasuratan, ‘Kinahanglan diri mo pagsulayon an Ginoo nga imo Dyos.’”"
"When the devil had finished all this tempting, he left him until an opportune time.","Katapos na han Yawa pagsulay kan Jesus hin ngatanan nga paagi, ginbayaan anay hiya hin madaliay han yawa."
"He was teaching in their synagogues, and everyone praised him.","Nagtutdo hiya ha ira mga sinagoga, ngan gindayaw hiya han ngatanan."
to proclaim the year of the Lord’s favor.”,ngan hin pagpahibaro nga inmabot na an panahon nga tatalwason han Ginoo an iya katawhan.”
"“Truly I tell you,” he continued, “no prophet is accepted in his hometown.","Nagpadayon hi Jesus, “Susumatan ko kamo hini: Diri tinutuod in usa nga manaragna ha iya kalugaringon nga bungto."
"Yet Elijah was not sent to any of them, but to a widow in Zarephath in the region of Sidon.","Kundi waray pakadto hi Elias ha bisan kanay ha ira, kundi ngadto hin usa la nga balo ha Sarepta, ha tuna han Sidon."
All the people in the synagogue were furious when they heard this.,Napungot an ngatanan nga mga tawo ha sinagoga han pakabati nira hini.
But he walked right through the crowd and went on his way.,Kundi nagtarap hiya ha butnga han kadam-an ngan linmakat.
"Then he went down to Capernaum, a town in Galilee, and on the Sabbath he taught the people.","Niyan kinmadto hi Jesus ha Capernaum, usa nga bungto ha Galilea, diin nagtutdo hiya han mga tawo ha Adlaw nga Iparahuway."
"They were amazed at his teaching, because his words had authority.","Nahipausa hira ngatanan han paagi han iya pagtutdo, kay may gahom an iya mga pulong."
"In the synagogue there was a man possessed by a demon, an impure spirit. He cried out at the top of his voice,","May-ada tawo ha sinagoga nga may espiritu hin mahugaw nga yawa, ngan naggoliat hin dako nga tingog:"
And the news about him spread throughout the surrounding area.,Ngan nahibantog an sumat mahitungod kan Jesus ha ngatanan nga dapit didto hito nga tuna.
And he kept on preaching in the synagogues of Judea.,Sanglit nagwali hiya didto ha mga sinagoga han bug-os nga Judea.
"When they had done so, they caught such a large number of fish that their nets began to break.","Gintunod nira an mga pukot, ngan nakadakop hira hin damo nga isda, nga haros magisi an mga pukot."
"For he and all his companions were astonished at the catch of fish they had taken,",Nahipausa hi Simon ngan an iba nga mga kaupod niya han duro kadamo nga isda nga ira nadakop.
"So they pulled their boats up on shore, left everything and followed him.","Iginsangya nira an mga sakayan, ginbayaan an ngatanan, ngan sinmunod hira kan Jesus."
"Jesus reached out his hand and touched the man. “I am willing,” he said. “Be clean!” And immediately the leprosy left him.","Ginpadapat ni Jesus ngada ha iya an iya kamot, ngan sidngon, “Karuyag ko, magmalinis ka!” Ha gilayon nawara an iya sanla."
But Jesus often withdrew to lonely places and prayed.,"Kundi napakadto hiya ha mga dapit nga mamingaw, diin nag-ampo hiya."
"When Jesus saw their faith, he said, “Friend, your sins are forgiven.”","Han pakakita ni Jesus han kadako han ira pagtoo, ginsiring niya an lulid, “Sangkay, ginpasaylo na an imo mga sala.”"
"Which is easier: to say, ‘Your sins are forgiven,’ or to say, ‘Get up and walk’?","Hain ba in masurusayon, an pagsiring, ‘Ginpasaylo an imo mga sala,’ o an pagsiring, ‘Buhat ngan lakat?’"
"Immediately he stood up in front of them, took what he had been lying on and went home praising God.","Tinmukdaw dayon an tawo ha atubangan nira ngatanan, gindara an iya higdaan, ngan inmoli nga nagdadayaw han Dyos."
"and Levi got up, left everything and followed him.","Binmuhat hi Levi, ginbayaan an ngatanan, ngan sinmunod ha iya."
"Jesus answered them, “It is not the healthy who need a doctor, but the sick.","Ginbaton hira ni Jesus, “Diri nagkikinahanglan hin magtarambal an mga tawo nga mag-upay an lawas, kundi adton mga magsakit la."
"I have not come to call the righteous, but sinners to repentance.”","Waray ako kumanhi hin pagtawag nga basi magbasol an mga magtadong, kundi hin pagtawag han mga makasasala.”"
But the time will come when the bridegroom will be taken from them; in those days they will fast.”,"Kundi maabot an panahon nga mabaya ha ira an karaslon nga lalake, ngan diri na ngahaw hira makaon ug mainom.”"
"No, new wine must be poured into new wineskins.",Diri! Kinahanglan igsulod an bag-o nga bino ngada hin bag-o nga anit nga surudlan!
"And no one after drinking old wine wants the new, for they say, ‘The old is better.’ ”","Ngan waray naruruyag hin bag-o nga bino, katapos makainom hiya hin daan nga bino, kay nasiring hiya, ‘Mauruopay an daan!’”"
"Jesus answered them, “Have you never read what David did when he and his companions were hungry?","Ginbaton hira ni Jesus, “Waray ba niyo mabasa an ginbuhat ni David han paggutoma ha iya ngan an iya mga kaupod?"
"Then Jesus said to them, “The Son of Man is Lord of the Sabbath.”","Ngan gintapos ni Jesus hin pagsiring, “An Anak han Tawo amo an Ginoo han Adlaw nga Iparahuway.”"
But the Pharisees and the teachers of the law were furious and began to discuss with one another what they might do to Jesus.,"Kundi duro gud an ira kapungot, ngan nagsarabot hira kon ano an angay pagbuhaton nira kan Jesus."
"Simon (whom he named Peter), his brother Andrew, James, John, Philip, Bartholomew,","hira Simon (nga iya liwat ginngaranan kan Pedro) ug Andres nga iya bugto; Santiago ug Juan, Felipe ug Bartolome,"
"Matthew, Thomas, James son of Alphaeus, Simon who was called the Zealot,","Mateo ug Tomas, Santiago nga anak ni Alfeo, ug Simon (nga gintawag, an Bayani),"
"Judas son of James, and Judas Iscariot, who became a traitor.","Judas nga anak ni Santiago, ug Judas Iscariote nga naglingo han Ginoo."
"and the people all tried to touch him, because power was coming from him and healing them all.","Nagtalingoha hin pagkamkam ha iya an ngatanan nga mga tawo, kay naguwa tikang ha iya in gahom nga nagtatambal ha ira ngatanan."
"Blessed are you who hunger now, for you will be satisfied. Blessed are you who weep now, for you will laugh.","“Palaran kamo nga mga ginugutom yana, kay pagbubusgon kamo! “Palaran kamo nga mga nagtatangis yana, kay malilipay kamo!"
"“But woe to you who are rich, for you have already received your comfort.","“Kundi pagkamakaharadlok para ha iyo nga mga riko yana, kay nagkaada na kamo han iyo himyang nga kinabuhi!"
"bless those who curse you, pray for those who mistreat you.","Pakaupaya an nagpapakaraot ha iyo, ngan ig-ampo an mga nagraraogdaog ha iyo."
"Give to everyone who asks you, and if anyone takes what belongs to you, do not demand it back.","Tagi adton maaro ha imo, ngan kon may magkuha han imo butang, ayaw na ipaoli ha iya."
Do to others as you would have them do to you.,Buhata ha iba an imo karuyag nga ira pagbuhaton ha imo.
"Be merciful, just as your Father is merciful.",Pagmaloloy-on kamo sugad nga maloloy-on an Amay niyo.
"“No good tree bears bad fruit, nor does a bad tree bear good fruit.","“Diri nahatag hin maraot nga bunga in maupay nga kahoy, o nahatag hin maupay nga bunga in maraot nga kahoy."
"“Why do you call me, ‘Lord, Lord,’ and do not do what I say?","“Kay ano nga gintatawag ako niyo, ‘Ginoo, Ginoo,’ ngan diri niyo ginbubuhat an iginsusumat ko ha iyo?"
"When Jesus had finished saying all this to the people who were listening, he entered Capernaum.","Katapos ni Jesus maghimangraw hini ngatanan nga mga butang ha mga tawo, kinmadto hiya ha Capernaum."
"There a centurion’s servant, whom his master valued highly, was sick and about to die.","May didto kapitan nga Romano, nga may-ada surugoon nga iya minahal, nga masakit ngan tikamaratay na."
"When they came to Jesus, they pleaded earnestly with him, “This man deserves to have you do this,","Dinmaop hira kan Jesus ngan nakimalooy ha iya, “Takos gud ini nga tawo han imo bulig."
because he loves our nation and has built our synagogue.”,"Nahigugma hiya han aton mga tawo, nga nagtindog hiya hin sinagoga para ha aton.”"
Then the men who had been sent returned to the house and found the servant well.,Binmalik ha balay han kapitan an mga sinugo ngan hinkit-an nira nga maupay na an iya surugoon.
"When the Lord saw her, his heart went out to her and he said, “Don’t cry.”","Han pakakita ha iya han Ginoo, inalpan an Ginoo hin kalooy ha iya, ngan nagsiring an Ginoo ha iya, “Ayaw pagtangis.”"
"The dead man sat up and began to talk, and Jesus gave him back to his mother.","Linmingkod an minatay ngan nagtikang hin pagyakan, ngan iginhatag hiya ni Jesus ngadto han iroy niya."
This news about Jesus spread throughout Judea and the surrounding country.,Nahibantog ini nga sumat mahitungod kan Jesus ha bug-os nga Judea ngan ha mga higrani nga katunaan.
"John’s disciples told him about all these things. Calling two of them,","Ginsumatan hi Juan han iya mga tinun-an hiunong hini ngatanan nga mga butang. Gintawag ni Juan in duha ha ira,"
Blessed is anyone who does not stumble on account of me.”,Pagkapalaran hadton waray na mga pagruhaduha hiunong ha akon!”
"Jesus went on to say, “To what, then, can I compare the people of this generation? What are they like?","“Niyan, ano man an akon ikatatanding han mga tawo hini nga panahon? Sugad hin ano hira?"
But wisdom is proved right by all her children.”,Kundi an kinaadman han Dyos ipapakita nga matuod hadton ngatanan nga makarawat hini nga kinaadman.”
"Simon replied, “I suppose the one who had the bigger debt forgiven.” “You have judged correctly,” Jesus said.","Binmaton hi Simon, “Bangin la hiya nga dako an utang.” “Igo an imo baton,” nagsiring hi Jesus."
"You did not give me a kiss, but this woman, from the time I entered, has not stopped kissing my feet.","Waray mo ako tapoa hin harok, kundi tikang han akon pag-abot, waray hiya undang hin paghinarok han akon tiil."
"You did not put oil on my head, but she has poured perfume on my feet.","Waray ka mag-andam hin lana para han akon ulo, kundi ginbub-an niya an akon mga tiil hin talamhot."
"Then Jesus said to her, “Your sins are forgiven.”","Niyan nagsiring hi Jesus ngadto han babaye, “Ginpasaylo na an imo mga sala.”"
"Jesus said to the woman, “Your faith has saved you; go in peace.”","Kundi nagsiring hi Jesus ngadto han babaye, “An imo pagtoo an nagtalwas ha imo; maupay na la nga imo paglakat!”"
"Other seed fell among thorns, which grew up with it and choked the plants.","Nagkataktak an iba han mga binhe ha katunokan, nga tinmubo tampo han mga tanom, ngan naambongan an mga tanom."
His disciples asked him what this parable meant.,Nagpakiana kan Jesus an iya mga tinun-an kon ano an kahulogan hini nga pananglitan.
“This is the meaning of the parable: The seed is the word of God.,“Amo ini an kahulogan han pananglitan: an pulong han Dyos amo an binhe.
"Someone told him, “Your mother and brothers are standing outside, wanting to see you.”","May nagsiring kan Jesus, “Aadto ha gawas an iroy ngan kabugtoan mo, ngan karuyag makigkita ha imo.”"
"He replied, “My mother and brothers are those who hear God’s word and put it into practice.”","Nagsiring hi Jesus ha ira ngatanan, “Adton namamati ngan nagtutuman han pulong han Dyos amo an iroy ngan kabugtoan ko.”"
"They sailed to the region of the Gerasenes, which is across the lake from Galilee.","Nagpadayon hira hin pagsakay ngadto ha tuna han mga taga-Gadara, nga tabok han lanaw tikang ha Galilea."
And they begged Jesus repeatedly not to order them to go into the Abyss.,Nakimalooy kan Jesus an mga yawa nga diri hira tabogon ngadto ha kahiladman.
Those who had seen it told the people how the demon-possessed man had been cured.,An mga nagpakakita nagsumat han mga tawo kon gin-unan-o hin pag-upay han sinangkayan hin yawa.
"Now when Jesus returned, a crowd welcomed him, for they were all expecting him.","Pagbalik ni Jesus ngadto ha tabok han lanaw, gintapo hiya han mga tawo, kay naghihinulat na hira ngatanan ha iya."
"But Jesus said, “Someone touched me; I know that power has gone out from me.”","Kundi nagsiring hi Jesus, “May-ada gud nagkamkam ha akon, kay inmabat ako nga may ginmawas nga gahom tikang ha akon.”"
"Then he said to her, “Daughter, your faith has healed you. Go in peace.”","Ginsiring hiya ni Jesus, “Anak ko, an imo pagtoo amo an nakaupay ha imo. Maupay na la nga imo paglakat.”"
"Hearing this, Jesus said to Jairus, “Don’t be afraid; just believe, and she will be healed.”","Kundi hinbatian ini ni Jesus ngan nagsiring hiya kan Jairo, “Ayaw kahadlok; too la, ngan mag-uupay hiya.”"
"They laughed at him, knowing that she was dead.","Gintinawaan la hiya nira ngatanan, kay maaram hira nga patay na an bata."
"But he took her by the hand and said, “My child, get up!”","Kundi ginkaptan ha kamot ni Jesus an bata ngan ginsiring, “Anak, buhat!”"
"Her spirit returned, and at once she stood up. Then Jesus told them to give her something to eat.",Binmalik ha iya an kinabuhi ngan binmuhat hiya dayon; ngan ginsugo hira ni Jesus nga tagan hiya hin pagkaon.
"Her parents were astonished, but he ordered them not to tell anyone what had happened.","Nanhipausa an iya mga kag-anak, kundi ginsugo hira ni Jesus nga diri magsumat bisan kan kanay han nahinabo."
and he sent them out to proclaim the kingdom of God and to heal the sick.,Niyan ginsugo niya hin pagwali han Ginhadian han Dyos ngan pagtambal han mga magsakit.
"Whatever house you enter, stay there until you leave that town.","Kon karawaton kamo, pabilin dida hito nga balay ngada han pagbaya niyo han bungto;"
"others that Elijah had appeared, and still others that one of the prophets of long ago had come back to life.","an iba nasiring nga nagpakita hi Elias, samtang nagsiring pa nga usa han kamaihaan na nga mga manaragna in nabanhaw."
"The disciples did so, and everyone sat down.",Ginbuhat ini han mga tinun-an ngan ginpalingkod hira ngatanan.
"They all ate and were satisfied, and the disciples picked up twelve basketfuls of broken pieces that were left over.",Nangaon hira ngatanan ngan nagkabubusog; ngan nakatirok an mga tinun-an hin 12 pa ka basket han nahisalin han mga tawo.
"“But what about you?” he asked. “Who do you say I am?” Peter answered, “God’s Messiah.”","Ginpakianhan hira niya, “An ha iyo, hin-o gud ako?” Binmaton hi Pedro, “Amo ka an Mesiyas han Dyos.”"
Jesus strictly warned them not to tell this to anyone.,"Niyan gintugon gud hira ni Jesus nga diri magsumat bisan kan kanay,"
"As he was praying, the appearance of his face changed, and his clothes became as bright as a flash of lightning.","Samtang nag-aampo hi Jesus, nag-iba an dagway han iya bayhon, ngan tungod hin kamasilaw, nagmabusag an iya panapton."
"Two men, Moses and Elijah, appeared in glorious splendor, talking with Jesus.","Ha gilayon pinmakita in duha ka tawo nga nakikighimangraw ha iya. Hira Moises ug Elias adto,"
"A voice came from the cloud, saying, “This is my Son, whom I have chosen; listen to him.”",Nagsiring in tingog tikang han dampog: “Amo ini an akon Anak nga akon pinili; pamatii hiya niyo!”
"The next day, when they came down from the mountain, a large crowd met him.","Pagkabuwas, linmugsong hira han bukid, ngan gintapo hi Jesus hin damo nga mga tawo."
"I begged your disciples to drive it out, but they could not.”","Nakimalooy ako han imo mga tinun-an nga pagawson ini nga maraot nga espiritu, kundi diri man hira nakakahimo.”"
“Listen carefully to what I am about to tell you: The Son of Man is going to be delivered into the hands of men.”,“Ayaw hingalimti ini nga akon iginsusumat ha iyo: itutubyan an Anak han Tawo ngadto ha gahom han mga tawo.”
An argument started among the disciples as to which of them would be the greatest.,Nagkaada hin lantogi an mga tinun-an kon hin-o ha ira an gilalabawi.
"“Do not stop him,” Jesus said, “for whoever is not against you is for you.”","Nagsiring hi Jesus ha iya ngan ha iba nga mga tinun-an, “Ayaw niyo pagdid-i hiya, kay naugop ha iyo an diri nasupak ha iyo.”"
"As the time approached for him to be taken up to heaven, Jesus resolutely set out for Jerusalem.","Samtang nagtitikahirani an mga adlaw nga masaka na hi Jesus ha langit, nagbuot na gud la hiya nga mapakadto hiya ha Jerusalem."
"but the people there did not welcome him, because he was heading for Jerusalem.","Kundi waray karawata hira han mga tawo didto, kay maaram hira nga tipakadto hi Jesus ha Jerusalem."
But Jesus turned and rebuked them.,Linmingi hi Jesus ngan ginbusaan hira;
"As they were walking along the road, a man said to him, “I will follow you wherever you go.”","Samtang naglalakat hira ha dalan, nagsiring in usa ka tawo kan Jesus, “Masunod ako ha imo bisan ngain.”"
Go! I am sending you out like lambs among wolves.,Kadto na! Ginsusugo ta kamo sugad hin mga karnero ha butnga hin mga lubo.
"“When you enter a house, first say, ‘Peace to this house.’","Pagsulod niyo hin balay, siring anay, ‘An kalinaw maada hini nga balay.’"
"“When you enter a town and are welcomed, eat what is offered to you.","Kon makadto kamo hin bungto ngan karawton kamo, kaon han igdudurot ha iyo,"
"Heal the sick who are there and tell them, ‘The kingdom of God has come near to you.’","tambala niyo an mga magsakit didto hito nga bungto, ngan sidnga an mga tawo, ‘Haraniay na ha iyo an Ginhadian han Dyos.’"
"But when you enter a town and are not welcomed, go into its streets and say,","Kundi kon sumulod kamo hin bungto ngan diri kamo karawaton, kadto kamo ha kadalanan ngan siring,"
"I tell you, it will be more bearable on that day for Sodom than for that town.","Susumatan ko kamo nga ha Adlaw han Paghukom, mas kalolooyan pa han Dyos an Sodoma kay hito nga bungto!"
But it will be more bearable for Tyre and Sidon at the judgment than for you.,"Mas kalolooyan pa han Dyos an Tiro ug Sidon, kay ha iyo, ha Adlaw han Paghukom."
"And you, Capernaum, will you be lifted to the heavens? No, you will go down to Hades.","Ngan para ha imo Capernaum, karuyag mo ba mag-undong han imo kalugaringon ngadto ha langit? Ilalabog ka ngadto ha impyerno!”"
"He replied, “I saw Satan fall like lightning from heaven.","Ginbaton hira ni Jesus, “Hinkit-an ko hi Satanas nga nahulog sugad hin kikidlat tikang ha langit."
“What is written in the Law?” he replied. “How do you read it?”,"Binmaton hi Jesus ha iya, “Ano an siring han Kasuratan? Inuunano mo hin pagsaysay ha ira?”"
"“You have answered correctly,” Jesus replied. “Do this and you will live.”","Binmaton hi Jesus, “Igo an imo baton; buhata ini ngan mabubuhi ka.”"
"She had a sister called Mary, who sat at the Lord’s feet listening to what he said.","May-ada bugto hi Marta nga Maria an ngaran, nga linmingkod ha tiilan han Ginoo ngan namati han iya gintututdo."
"“Martha, Martha,” the Lord answered, “you are worried and upset about many things,","Binmaton ha iya an Ginoo, “Marta, Marta! Naguguol ngan nababaraka ka hin damo nga mga butang,"
"but few things are needed—or indeed only one. Mary has chosen what is better, and it will not be taken away from her.”","kundi usa la an kinahanglanon. Ginpili ni Maria an labi ka maupay nga butang, ngan diri na ini maaagaw ha iya.”"
Give us each day our daily bread.,Tagi kami adlaw-adlaw han pagkaon nga amon kinahanglan.
"a friend of mine on a journey has come to me, and I have no food to offer him.’","Inmabot ha akon balay in usa ko nga sangkay nga naglalakaton, ngan waray ko sadang igdurot ha iya!’"
"For everyone who asks receives; the one who seeks finds; and to the one who knocks, the door will be opened.","Kay makarawat an nangangaro, ngan makakaagi an namimiling, ngan aabrehan an porta ha iya nga nagtutuktok."
"“Which of you fathers, if your son asks for a fish, will give him a snake instead?","May-ada ba usa ha iyo nga mga amay, nga mahatag han iya anak hin halas kon mangaro hiya hin isda?"
"Or if he asks for an egg, will give him a scorpion?",O tatagan ba niyo hiya hin bungad kon mangaro hiya hin bonay?
"But if I drive out demons by the finger of God, then the kingdom of God has come upon you.","Diri, nagpapaguwa lugod ako hin yawa, pinaagi han gahom han Dyos, nga nagpapamatuod nga inmabot na ha iyo an Ginhadian han Dyos."
"When it arrives, it finds the house swept clean and put in order.",Sanglit nabalik an yawa ngan nakita han balay nga malinis ngan inayad na an ngatanan.
"He replied, “Blessed rather are those who hear the word of God and obey it.”","Kundi binmaton hi Jesus, “Lugod pagkapalaran hadton mga namamati ngan nagtutuman han pulong han Dyos!”"
"See to it, then, that the light within you is not darkness.",Sanglit paghirot nga an kapawa dida ha iyo diri mahimo nga kasisidman.
But the Pharisee was surprised when he noticed that Jesus did not first wash before the meal.,"Nahipausa an Parisiyo han pakakita niya, nga waray anay manhunaw hi Jesus san-o kumaon."
You foolish people! Did not the one who made the outside make the inside also?,"Mga lurong! Diri ba an Dyos nga naghimo han gawas, amo liwat an naghimo han sakob?"
"But now as for what is inside you—be generous to the poor, and everything will be clean for you.",Kundi ihatag ha mga kablas an sulod han iyo mga tasa ug plato ngan magmamalinis an ngatanan para ha iyo.
"One of the experts in the law answered him, “Teacher, when you say these things, you insult us also.”","Nagsiring ha iya in usa han mga magturutdo han Balaod, “Magturutdo, kon nasiring ka hini ginpapakaalohan nimo kami!”"
waiting to catch him in something he might say.,nga nagtalingoha hira hin pagbitik ngan pagdakop ha iya dida hin sayop nga iya igyayakan.
"There is nothing concealed that will not be disclosed, or hidden that will not be made known.","Mabubuksan an bisan ano nga tinahoban, ngan mahibabaroan an tagsa nga tinago."
for the Holy Spirit will teach you at that time what you should say.”,"Kay tututdoan kamo han Espiritu Santo, hito nga takna, kon ano an angay niyo igyakan.”"
"Jesus replied, “Man, who appointed me a judge or an arbiter between you?”","Binmaton hi Jesus ha iya, “Hin-o in naghatag ha akon hin katungod hin paghukom o pagbahin han malon niyo nga duha?”"
And he told them this parable: “The ground of a certain rich man yielded an abundant harvest.,Niyan iginsumat ha ira ni Jesus ini nga pananglitan: “May usa ka tawo nga riko nga may-ada uma nga kinmuha hin damo nga abot.
"He thought to himself, ‘What shall I do? I have no place to store my crops.’","Naghunahuna hiya, ‘Waray ko na dapit nga hihimosan han ngatanan nga akon mga abot. Ano ba an akon bubuhaton?"
"For life is more than food, and the body more than clothes.","Labaw pa ka importante an kinabuhi kay han pagkaon, ngan labaw pa ka importante an lawas kay han panapton."
Who of you by worrying can add a single hour to your life ?,Hin-o man ha iyo in makakadugang hin pira ka tuig han iya kinabuhi pinaagi hin pagkinabaraka?
"Since you cannot do this very little thing, why do you worry about the rest?","Kon diri man kamo nakakahimo bisan han mga gudtiay nga butang, kay ano nga mababaraka kamo hiunong han iba nga mga butang?"
And do not set your heart on what you will eat or drink; do not worry about it.,"Sanglit ayaw kamo pagpinangarit, nga dayuday la nababaraka hiunong han iyo kakaonon ngan iimnom."
"But seek his kingdom, and these things will be given to you as well.","Lugod unaha niyo hin pagbiling an Ginhadian, ngan tatagan kamo niya hini nga mga butang."
"“Do not be afraid, little flock, for your Father has been pleased to give you the kingdom.","“Ayaw kamo kahadlok, gutiay nga panon, kay nalilipay an Amay niyo hin paghatag ha iyo han Ginhadian."
"For where your treasure is, there your heart will be also.",Kon hain an imo mga manggad dayuday aadto man an imo kasingkasing.
"You also must be ready, because the Son of Man will come at an hour when you do not expect him.”","Ngan pag-andam man liwat kamo, kay maabot an Anak han Tawo ha takna nga diri niyo ginpapamulat hiya.”"
"Peter asked, “Lord, are you telling this parable to us, or to everyone?”","Nagsiring hi Pedro, “Ginoo, iginsusumat mo ba ini nga pananglitan para la ha amon, o para ba ini han ngatanan?”"
It will be good for that servant whom the master finds doing so when he returns.,"Palaran adto nga surugoon nga hiabtan han iya agaron ha iya pagbalik, nga nagbubuhat hini!"
"Truly I tell you, he will put him in charge of all his possessions.","Susumatan ko kamo hin tinuod, itatapod han agaron hadto nga surugoon an ngatanan nga iya mga manggad."
"“I have come to bring fire on the earth, and how I wish it were already kindled!",“Kinmanhi ako hin pagsunog han tuna; karuyag ko unta nga magdilaab na ini!
"But I have a baptism to undergo, and what constraint I am under until it is completed!",May-ada bunyag nga akon kakarawaton nga diri ako mahimumutang tubtob nga matapos ini!
"From now on there will be five in one family divided against each other, three against two and two against three.","Tikang yana, mababahin in panimalay nga may lima nga mga sakop, an tulo kontra han duha, ug an duha kontra han tulo."
“Why don’t you judge for yourselves what is right?,“Kay ano nga diri man kamo magtirutimbang kon ano an angay buhaton?
"I tell you, you will not get out until you have paid the last penny.”","Susumatan ko kamo, diri ka makakagawas didto, tubtob nga kabaydan mo an multa han kataposan mo nga sintabo.”"
"I tell you, no! But unless you repent, you too will all perish.","Diri! Susumatan ko kamo nga kon diri kamo bumaya han iyo mga sala, mapatay kamo ngatanan sugad ha ira."
"I tell you, no! But unless you repent, you too will all perish.”","Diri! Susumatan ko kamo nga kon diri kamo bumaya han iyo mga sala, mapatay kamo ngatanan sugad ha ira.”"
"If it bears fruit next year, fine! If not, then cut it down.’ ”","Manggad nala bumunga han sunod nga tuig; kay kon diri pa, amo na in pagpudla naton.’”"
"On a Sabbath Jesus was teaching in one of the synagogues,","Usa ka Adlaw nga Iparahuway, nagtutdo hi Jesus didto hin usa nga sinagoga."
"When Jesus saw her, he called her forward and said to her, “Woman, you are set free from your infirmity.”","Han paghikit-i ha iya ni Jesus, ginsiring hiya, “Babaye, talwas ka na han imo sakit!”"
"Then he put his hands on her, and immediately she straightened up and praised God.","Idinuon ni Jesus an iya mga kamot ha iya, ngan nakatadong hiya dayon, ngan nagdayaw hiya han Dyos."
"Then Jesus asked, “What is the kingdom of God like? What shall I compare it to?","Nagpakiana hi Jesus, “Ano an akon itatanding han Ginhadian han Dyos?"
"Again he asked, “What shall I compare the kingdom of God to?","Nagpakiana liwat hi Jesus, “Ano an akon itatanding han Ginhadian han Dyos?"
"Then Jesus went through the towns and villages, teaching as he made his way to Jerusalem.","Naglatas hi Jesus ha mga bungto ngan mga baryo, ngan nagtutdo samtang tipakadto hiya ha Jerusalem."
"Someone asked him, “Lord, are only a few people going to be saved?” He said to them,","May nagpakiana ha iya, “Tinuod ba nga gutiay la an matatalwas?” Ginbaton hira ni Jesus,"
"“Then you will say, ‘We ate and drank with you, and you taught in our streets.’","Onina mabaton kamo, ‘Nagsasaro ngani kita, ngan nagtutdo ka ngani didto han amon bungto!’"
"Indeed there are those who are last who will be first, and first who will be last.”","Onina may mauuna nga nauorhe yana, ngan may mauorhe nga nauuna yana.”"
There in front of him was a man suffering from abnormal swelling of his body.,Dinmaop kan Jesus in tawo nga nanhuhubag an mga bitiis ngan mga butkon.
"But they remained silent. So taking hold of the man, he healed him and sent him on his way.","Kundi waray hira pag-aringasa. Kinaptan ni Jesus an tawo, gintambal, ngan ginpalakat hiya."
And they had nothing to say.,Kundi waray hira makabaton ha iya hiunong hini.
"For all those who exalt themselves will be humbled, and those who humble themselves will be exalted.”",Kay adton nagpapadako han iya kalugaringon pauubson; ngan adton magpaubos han iya kalugaringon padadakoon.”
"But when you give a banquet, invite the poor, the crippled, the lame, the blind,","Kundi, kon mananagtawo ka asay lugod dapita an mga kablas, an mga lulid, an mga piay, ngan an mga buta."
"and you will be blessed. Although they cannot repay you, you will be repaid at the resurrection of the righteous.”","Ngan magmamalipayon ka, kay diri man hira makakabalos ha imo. Babaloson ka han Dyos kon mabanhaw na an mag-upay nga mga tawo.”"
Jesus replied: “A certain man was preparing a great banquet and invited many guests.,"Nagsiring hi Jesus ha iya, “May-ada hadto tawo nga nagdapit hin damo nga mga tawo ngadto han iya dako nga kombite."
"“Still another said, ‘I just got married, so I can’t come.’","Nagsiring in lain pa, ‘Bag-o pa la ako nga nakaasawa, ngan tungod hini, diri ako makakakadto.’"
"“ ‘Sir,’ the servant said, ‘what you ordered has been done, but there is still room.’","Waray pag-iha nagsiring an surugoon, ‘Natuman na an imo sugo, kundi may mga tarangkaan pa.’"
"I tell you, not one of those who were invited will get a taste of my banquet.’ ”","Susumatan ko kamo ngatanan, nga waray hadton mga dinapit makakatilaw han akon panagtawo!’”"
"Large crowds were traveling with Jesus, and turning to them he said:","Binmunyog kan Jesus in damo gud nga mga tawo. Inatubang hira ni Jesus ngan sidngon,"
And whoever does not carry their cross and follow me cannot be my disciple.,Diri mahihimo nga akon tinun-an an bisan hin-o nga diri magpas-an han iya kalugaringon nga kros ngan sumunod ha akon.
"saying, ‘This person began to build and wasn’t able to finish.’","Masiring hira, ‘Maupay la ini nga tawo hin pagtikang, diri ngay-an maaram hin paghuman!’"
"“Salt is good, but if it loses its saltiness, how can it be made salty again?","“Maupay an asin, kundi kon magmatab-ang na, waray nagud paagi nga mahibalik an iya kapag-ad."
Now the tax collectors and sinners were all gathering around to hear Jesus.,Usa ka panahon hinmarani hin pamati kan Jesus in damo nga mga parasukot hin buhis ngan mga makasasala.
Then Jesus told them this parable:,Sanglit ginsumatan hira ni Jesus hini nga pananglitan:
"And when he finds it, he joyfully puts it on his shoulders","Kon hiagian na ini niya, malipayon na hiya, ngan papas-anon ini niya,"
Jesus continued: “There was a man who had two sons.,"Nagpadayon hi Jesus hin pagsiring, “May hadto usa ka tawo nga may-ada duha nga anak nga lalake."
"I will set out and go back to my father and say to him: Father, I have sinned against heaven and against you.","Mabangon ako ngan makadto han akon tatay ngan masiring, “Tatay, nakasala ako han Dyos ngan ha imo."
I am no longer worthy to be called your son; make me like one of your hired servants.’,Diri na ako takos nga isipon pa nga imo anak. Isipa na la ako nga usa han imo mga surugoon.” ’
Bring the fattened calf and kill it. Let’s have a feast and celebrate.,"Katapos, kuhaa ngan ihawa niyo an pinatambok nga nati nga baka, ngan pagkombite kita!"
So he called one of the servants and asked him what was going on.,"Gintawag niya in usa han mga surugoon ngan nagpakiana ha iya, ‘Ano ini nga rugyaw?’"
"“ ‘My son,’ the father said, ‘you are always with me, and everything I have is yours.","Nagbaton ha iya an amay, ‘Anak ko, dayuday ko ikaw nga kaupod dinhe, ngan imo an ngatanan nga akon mga butang."
"So if you have not been trustworthy in handling worldly wealth, who will trust you with true riches?","Sanglit kon diri ka kasarigan hin pagdumara hin manggad nga kalibutanon, uunanhon hin pagtapori ha imo hin matuod nga manggad?"
"And if you have not been trustworthy with someone else’s property, who will give you property of your own?","Ngan kon diri ka kasarigan han mga butang hin iba, hin-o man in mahatag ha imo han imo kalugaringon nga mga butang?"
"The Pharisees, who loved money, heard all this and were sneering at Jesus.","Hinbatian han mga Parisiyo ini ngatanan, ngan gintinawaan la nira hi Jesus, kay makisalapi hira."
It is easier for heaven and earth to disappear than for the least stroke of a pen to drop out of the Law.,Kundi masarusayon pa an pagpapas han langit ngan han tuna kay han pagkawara han gigugutiayi nga bahin han Balaod.
"“He answered, ‘Then I beg you, father, send Lazarus to my family,","Nagsiring an riko, ‘Amay, kon amo man ito, nakikimalooy ako ha imo nga sugoon mo hi Lazaro ngadto ha balay han akon amay,"
"So watch yourselves. “If your brother or sister sins against you, rebuke them; and if they repent, forgive them.","Pagbantay gud kamo! “Kon makasala an imo bugto, sawaya hiya; ngan kon magbasol hiya, pasayloa."
"The apostles said to the Lord, “Increase our faith!”","Nagsiring ha Ginoo an mga apostol, “Dugangi gad an amon pagtoo.”"
Will he thank the servant because he did what he was told to do?,"Diri angay an surugoon nga magpasalamat tungod han iya pagsugot, di ba?"
"Now on his way to Jerusalem, Jesus traveled along the border between Samaria and Galilee.","Han tipakadto hi Jesus ha Jerusalem, nag-agi hiya ha pag-ultan han Samaria ug Galilea."
"As he was going into a village, ten men who had leprosy met him. They stood at a distance",Tipakadto hiya hin usa nga baryo nga tapoon hiya hin napulo nga mga sanlahon. Tay-aw la ini hira.
"and called out in a loud voice, “Jesus, Master, have pity on us!”","Naggoliat hira hin pagsiring, “Jesus! Agaron! Kalooyi gad kami!”"
"One of them, when he saw he was healed, came back, praising God in a loud voice.","Usa ha ira, han pakakita nga upay na hiya, binmalik nga nagdadayaw han Dyos hin dako nga tingog."
He threw himself at Jesus’ feet and thanked him—and he was a Samaritan.,Hinmapa hiya ha tiilan ni Jesus hin pagpasalamat ha iya. Usa hiya nga Samaritano.
"Jesus asked, “Were not all ten cleansed? Where are the other nine?","Nagyakan hi Jesus, “Napulo man adto hira nga nagkalilinisan; hain naman an siyam?"
Has no one returned to give praise to God except this foreigner?”,Kay ano nga ini la nga diri dinhianon an binmalik hin pagpasalamat han Dyos?”
"Then he said to him, “Rise and go; your faith has made you well.”","Ngan nagsiring hi Jesus ha iya, “Buhat ngan lakat. An imo pagtoo amo an nakaupay ha imo.”"
"nor will people say, ‘Here it is,’ or ‘There it is,’ because the kingdom of God is in your midst.”","Waray masiring, ‘Kitaa, hahani na!’ o ‘Aadto na!’ kay aada ha sakob niyo an Ginhadian han Dyos.”"
"People will tell you, ‘There he is!’ or ‘Here he is!’ Do not go running off after them.","May-ada ha ira masiring ha iyo, ‘Kitaa, aadto didto!’ o, ‘Kitaa, aadi didi!’ Kundi ayaw kamo pagkadto hin pamiling hito."
But first he must suffer many things and be rejected by this generation.,Kundi kinahanglan mag-antos hiya anay ngan igsalikway han mga tawo hini nga panahon.
"“Just as it was in the days of Noah, so also will it be in the days of the Son of Man.",Sugad an nahinabo han panahon ni Noe amo man an mahinanabo kon umabot na an Anak han Tawo.
"But the day Lot left Sodom, fire and sulfur rained down from heaven and destroyed them all.","Ha adlaw han paggawas ni Lot ha Sodoma, inmuran hin kalayo ug asupre tikang ha langit, nga amo an nakamatay ha ira ngatanan."
“It will be just like this on the day the Son of Man is revealed.,Amo liwat ini an mahinanabo kon magpadayag na an Anak han Tawo.
Remember Lot’s wife!,Hinumdomi niyo an asawa ni Lot!
"I tell you, on that night two people will be in one bed; one will be taken and the other left.","Susumatan ko kamo: hito nga gab-i, makaturog in duha ka tawo ha usa nga higdaan kukuhaon an usa ngan ibibilin an ikaduha."
Two women will be grinding grain together; one will be taken and the other left.”,Magbubulig hin paggiling in duha nga babaye; kukuhaon an usa ngan ibibilin an ikaduha.”
He said: “In a certain town there was a judge who neither feared God nor cared what people thought.,"“May-ada hadto usa nga maghurukom hin usa nga bungto, nga waray pagkahadlok han Dyos ngan waray pagtahod han mga tawo."
"And the Lord said, “Listen to what the unjust judge says.","Ngan nagpadayon an Ginoo, “Paghunahunaa daw an iginsiring hadto nga maraot nga maghurukom."
"“Two men went up to the temple to pray, one a Pharisee and the other a tax collector.","“Kinmadto ha Templo hin pag-ampo in duha ka tawo; Parisiyo an usa, ngan parasukot hin buhis an ikaduha."
I fast twice a week and give a tenth of all I get.’,"Nagpupuasa ako duha ka adlaw kada semana, ngan nahatag ako ha imo han ikanapulo nga bahin han ngatanan ko nga hiagi.’"
“Why do you call me good?” Jesus answered. “No one is good—except God alone.,"Nagpakiana man hi Jesus, “Kay ano hin pagtawga mo ha akon nga maupay? Waray iba nga maupay labot han Dyos."
"“All these I have kept since I was a boy,” he said.","Nagbaton an tawo, “Gintuman ko na ini ngatanan nga mga sugo tikang pa han akon kabata.”"
"When he heard this, he became very sad, because he was very wealthy.","Kundi han pakabati niya hini, duro an iya kasubo, kay riko hiya hin duro."
"Those who heard this asked, “Who then can be saved?”","Nagpakiana an mga tawo nga nagpakabati ha iya, “Kon amo ini, hin-o man ngay-an in matatalwas?”"
"Jesus replied, “What is impossible with man is possible with God.”","Nagbaton hi Jesus, “Nahihimo han Dyos an diri nahihimo han mga tawo.”"
"Peter said to him, “We have left all we had to follow you!”","Ngan nagsiring hi Pedro, “Kitaa! Ginbayaan na namon an amon mga panimalay ha pagsunod ha imo.”"
"He will be delivered over to the Gentiles. They will mock him, insult him and spit on him;","Itutubyan hiya ha mga Hentil nga magbibiaybiay ha iya, magyuyubit, ngan maglulura ha iya."
they will flog him and kill him. On the third day he will rise again.”,"Paglalatobon ngan pagpapatayon hiya nira, kundi mababanhaw hiya ha ikatulo ka adlaw.”"
"As Jesus approached Jericho, a blind man was sitting by the roadside begging.","Tikahirani na hi Jesus ha Jerico, ngan nakada ha ligid han dalan in usa nga buta nga nalingkod hin pakilimos."
"When he heard the crowd going by, he asked what was happening.","Han pakabati niya han kadam-an nga nalabay, nagpakiana hiya, “Ano ba ini?”"
"They told him, “Jesus of Nazareth is passing by.”",Ginsumatan hiya nga nalabay hi Jesus nga taga-Nazaret.
"He called out, “Jesus, Son of David, have mercy on me!”","Naggoliat hiya, “Jesus! Anak ni David! Kalooyi gad ako!”"
"Jesus stopped and ordered the man to be brought to him. When he came near, Jesus asked him,","Sanglit inmukoy hi Jesus ngan nagsugo nga dad-on an buta ngada ha iya. Han pagdaop na han buta, nagpakiana hi Jesus ha iya,"
"“What do you want me to do for you?” “Lord, I want to see,” he replied.","“Ano an imo karuyag nga buhaton ko ha imo?” Nagbaton hiya, “Karuyag ko nga makakita na liwat ako.”"
"Jesus said to him, “Receive your sight; your faith has healed you.”","Ngan nagsiring hi Jesus ha iya, “Makakakita ka na! An imo pagtoo amo an nakaupay ha imo.”"
Jesus entered Jericho and was passing through.,"Nagpadayon hi Jesus pagsulod ha Jerico, ngan naglatas hiya han bungto."
A man was there by the name of Zacchaeus; he was a chief tax collector and was wealthy.,"May didto riko nga labaw nga parasugot hin buhis, nga Saqueo an ngaran."
So he came down at once and welcomed him gladly.,Nagdagmit hi Saqueo hin paglusad ngan ginkarawat niya nga malipayon hi Jesus.
For the Son of Man came to seek and to save the lost.”,Kay kinmanhi an Anak han Tawo hin pagbiling ngan pagtalwas han mga nagkawawara.”
"“His master answered, ‘You take charge of five cities.’","Ngan nagsiring hiya ha iya, ‘Itatapod ko ha imo an pagdumara hin lima nga mga syudad.’"
"“Then another servant came and said, ‘Sir, here is your mina; I have kept it laid away in a piece of cloth.","Inmabot in lain pa nga surugoon ngan nagsiring, ‘Agaron, iini an imo kwarta nga bulawan. Ginputos ko ini hin panyo."
"“ ‘Sir,’ they said, ‘he already has ten!’","Nagsiring hira ha iya, ‘Agaron, may-ada na hiya napulo nga kwarta.’"
"After Jesus had said this, he went on ahead, going up to Jerusalem.","Nagsiring hini hi Jesus, ngan nagpadayon hiya ngadto ha Jerusalem, ngan nag-una hiya ha ira."
"As he approached Bethphage and Bethany at the hill called the Mount of Olives, he sent two of his disciples, saying to them,","Han pag-abot niya hirani ha Betfage ug Betania, ha bukid han mga Olibo, ginpauna niya in duha nga mga tinun-an,"
"If anyone asks you, ‘Why are you untying it?’ say, ‘The Lord needs it.’ ”","Kon may magpakiana ha iyo, ‘Kay ano nga iyo man ito ginhuhubaran?’ sidnga hiya, ‘Ginkikinahanglan ini han Agaron.’”"
Those who were sent ahead went and found it just as he had told them.,Nagkalakat hira ngan nakita nira sugad gud han iginsiring ni Jesus ha ira.
"As they were untying the colt, its owners asked them, “Why are you untying the colt?”","Han ginhuhubad na nira an nati nga asno, nagpakiana ha ira an mga tag-iya, “Kay ano nga iyo man ito ginhuhubaran?”"
"They replied, “The Lord needs it.”","Nagbaton hira, “Ginkikinahanglan ini han Agaron,”"
"As he went along, people spread their cloaks on the road.","Han pagtipaunhan niya, pinanmitad nira ha dalan an ira mga kurugpos."
“Blessed is the king who comes in the name of the Lord!” “Peace in heaven and glory in the highest!”,"“Dayawon han Dyos an hadi nga makanhi ha ngaran han Ginoo! Kalinaw ha langit, himaya sa Dyos ha kahitas-an!”"
"“I tell you,” he replied, “if they keep quiet, the stones will cry out.”","Nagbaton hi Jesus, “Susumatan ko kamo: kon maghilom ngani hira, an mga bato ngahaw an mangongogliat.”"
"As he approached Jerusalem and saw the city, he wept over it","Han hirani na hi Jesus ngan han pakakita niya han syudad han Jerusalem, nagtangis hiya,"
"When Jesus entered the temple courts, he began to drive out those who were selling.","Sinmulod hi Jesus han Templo ngan nagtikang hiya hin pagtabog han mga nanmamaligya,"
"He replied, “I will also ask you a question. Tell me:","Ginbaton hira ni Jesus, “Mapakiana man ako ha iyo. Sumati daw ako,"
"John’s baptism—was it from heaven, or of human origin?”","tikang ba sa Dyos an katungod ni Juan hin pagbunyag, o tikang ba han mga tawo?”"
"So they answered, “We don’t know where it was from.”","Sanglit nagbaton hira, “Diri kami maaram kon diin adto tikang.”"
"He sent still a third, and they wounded him and threw him out.","Niyan nagsugo hiya hin ikatulo nga oripon; ginkastigo liwat ini han mga saop, ngan iginlabog ha gawas."
Everyone who falls on that stone will be broken to pieces; anyone on whom it falls will be crushed.”,"An ngatanan nga mahulog ngada hini nga bato magkakasasamad, ngan mapipisa an kahulogan hini nga bato.”"
Is it right for us to pay taxes to Caesar or not?”,"Sumati daw kami, supak ba ha aton Balaod an pagbayad ta hin buhis han Emperador ha Roma, o diri?”"
"He saw through their duplicity and said to them,","Kundi nahisabtan ni Jesus an ira bitik ngan ginsiring hira,"
"He said to them, “Then give back to Caesar what is Caesar’s, and to God what is God’s.”","Sanglit nagsiring hi Jesus, “Kon amo ito, ibayad ha Emperador an kanan Emperador, ngan ibayad man sa Dyos an kanan Dyos.”"
"Some of the Sadducees, who say there is no resurrection, came to Jesus with a question.","Dinmaop kan Jesus in pira nga mga Sadusiyo. (Amo ini hira an nasiring nga waray na pagkabanhaw.) Nagpakiana hira ha iya,"
Now there were seven brothers. The first one married a woman and died childless.,"Niyan, may-ada hadto pito nga magburugto nga kalalaken-an. Nangasawa an gimagugurangi, ngan namatay nga waray anak."
The second,Ngan pinangasawa han sunod nga manghod an nabalo nga babaye
"and then the third married her, and in the same way the seven died, leaving no children.",ngan niyan han ikatulo nga manghod. Amo gihapon an nahinabo ha ngatanan nga pito—nagkamatay hira nga waray anak.
"Finally, the woman died too.",Ha kataposan namatay an babaye.
"Now then, at the resurrection whose wife will she be, since the seven were married to her?”","Niyan ha adlaw kon mabanhaw na an mga minatay, kanay man hiya asawa? Kay an pito nga magburugto nangasawa man ha iya.”"
"Jesus replied, “The people of this age marry and are given in marriage.","Nagbaton hi Jesus ha ira, “Nag-aasawa an kalalaken-an ngan kababayen-an hini nga panahon,"
"He is not the God of the dead, but of the living, for to him all are alive.”","Karuyag sidngon hini nga Dyos hiya han mga buhi, diri han mga minatay, kay ha iya buhi an ngatanan.”"
"Some of the teachers of the law responded, “Well said, teacher!”","Nagyakan in pira nga mga magturutdo han Balaod, “Maupay nga pagkabaton, Magturutdo!”"
And no one dared to ask him any more questions.,Ngan waray na hira mangahas hin pagpakiana ha iya hin bisan ano.
"Then Jesus said to them, “Why is it said that the Messiah is the son of David?","Nagsiring hi Jesus ha ira, “Uunanhon hin pakasiring nira nga magigin tulin ni David an Mesiyas?"
until I make your enemies a footstool for your feet.” ’,tubtob nga ibutang ko an imo mga kaaway nga taramakan ha ilarom han imo mga tiil.’
David calls him ‘Lord.’ How then can he be his son?”,"Gintawag hiya nga ‘Ginoo’ ni David. Sanglit, uunanhon nga magin tulin ni David an Mesiyas?”"
"While all the people were listening, Jesus said to his disciples,","Samtang nanmamati kan Jesus an ngatanan nga mga tawo, nagsiring hiya ha iya mga tinun-an,"
"As Jesus looked up, he saw the rich putting their gifts into the temple treasury.","An ngatanan siniplatan ni Jesus, ngan kinmita hiya nga an mga riko naghulog han ira mga halad didto han surudlan ha Templo."
He also saw a poor widow put in two very small copper coins.,Hinkit-an liwat niya in kablas nga balo nga babaye nga naghulog hin duha la nga sensilyo nga kwarta nga bronse.
"“Truly I tell you,” he said, “this poor widow has put in more than all the others.","Nagsiring hi Jesus, “Susumatan ko kamo, nga larulabaw an ginhatag hini nga kablas nga balo kay ha ira ngatanan."
"Then he said to them: “Nation will rise against nation, and kingdom against kingdom.","Nagpadayon hiya hin pagsiring, “Mag-aaruaraway an mga nasod, ngan maggigipasulongsulong an mga ginhadian."
And so you will bear testimony to me.,Iyo ini higayon hin pagpasangyaw han Maupay nga Sumat.
But make up your mind not to worry beforehand how you will defend yourselves.,Padig-ona ngadaan an iyo mga hunahuna basi diri kamo mabaraka kon uunanhon niyo hin pagpanalipod han iyo kalugaringon;
For I will give you words and wisdom that none of your adversaries will be able to resist or contradict.,kay tatagan ko kamo hin mga pulong ngan kinaadman nga waray han iyo mga kaaway makakabaton o makakariwa han iyo igyayakan.
Everyone will hate you because of me.,Pagdudumtan kamo han ngatanan tungod ha akon.
But not a hair of your head will perish.,Kundi waray mawawara bisan usa nga buhok han iyo mga ulo.
"Stand firm, and you will win life.","Pagpadayon kamo hin kamakusog, kay hini nga paagi matatalwas an iyo mga kinabuhi."
For this is the time of punishment in fulfillment of all that has been written.,Kay amo na ini ‘An mga Adlaw han Pagkastigo’ basi matuman an ngatanan nga iginsiring han Kasuratan.
At that time they will see the Son of Man coming in a cloud with power and great glory.,"Katapos, mapakita na an Anak han Tawo nga maabot dida hin dampog, may gahom ug himaya."
He told them this parable: “Look at the fig tree and all the trees.,Ngan ginsumatan hira ni Jesus hini nga pananglitan: “Hinumdomi an kahoy nga igos ngan an ngatanan nga iba nga mga kahoy.
"When they sprout leaves, you can see for yourselves and know that summer is near.","Kon hikit-an na niyo nga nananaringsing, maaram kamo nga hirani na an panahon han kamapaso."
"Even so, when you see these things happening, you know that the kingdom of God is near.","Ha sugad nga kaagi, kon kumita kamo nga nahinanabo na ini nga mga butang, hibaroi niyo nga tiarabot na an Ginhadian han Dyos."
"“Truly I tell you, this generation will certainly not pass away until all these things have happened.",“Tigamni ini! Mahinanabo ini ngatanan nga mga butang nga diri pa mapatay an ngatanan nga mga tawo nga buhi yana.
"Heaven and earth will pass away, but my words will never pass away.","Nagpapapas pa an langit ngan an tuna, kundi magpapabilin an akon mga pulong."
For it will come on all those who live on the face of the whole earth.,Kay maabot ini sugad hin bitik ha ngatanan nga mga tawo ha bug-os nga tuna.
and all the people came early in the morning to hear him at the temple.,Timprano pa ha kada aga napakadto na ha Templo an ngatanan nga mga tawo hin pamati ha iya.
"Now the Festival of Unleavened Bread, called the Passover, was approaching,",Hirani na an Pyesta han Tinapay nga Waray Patubo nga ginngangaranan nga Paglabay.
"Then Satan entered Judas, called Iscariot, one of the Twelve.","Ngan sinmulod hi Satanas kan Judas nga gintatawag nga Iscariote, usa han dose nga mga tinun-an."
They were delighted and agreed to give him money.,Nalipay hira ngan nagsaad hin paghatag ha iya hin kwarta.
“Where do you want us to prepare for it?” they asked.,"Nagpakiana hira ha iya, “Diin an karuyag mo nga pag-aandaman namon?”"
"He will show you a large room upstairs, all furnished. Make preparations there.”",Ipapakita niya ha iyo in dako nga kwarto ha igbaw nga sangkap na. Andama niyo didto an ngatanan.”
"When the hour came, Jesus and his apostles reclined at the table.","Han pag-abot na han takna, linmingkod hi Jesus ha iya dapit ha lamesa upod han mga apostoles."
"And he said to them, “I have eagerly desired to eat this Passover with you before I suffer.","Nagsiring hiya ha ira, “Karuyag ko gud hin pakigsaro ha iyo hini nga Paglabay nga panihapon ugsa ako mag-antos!"
"For I tell you, I will not eat it again until it finds fulfillment in the kingdom of God.”",Kay susumatan ko kamo: diri na ako makaon hini tubtob nga matuman an kahulogan hini didto han Ginhadian han Dyos.”
"After taking the cup, he gave thanks and said, “Take this and divide it among you.","Ngan ginkuha ni Jesus an kupa, nagpasalamat sa Dyos, ngan nagsiring, “Kuhaa niyo ini ngan pagbahinbahina ha iyo ngahaw,"
But the hand of him who is going to betray me is with mine on the table.,“Kundi kitaa! Aanhi kaupod ko ha lamesa an naglilingo ha akon!
The Son of Man will go as it has been decreed. But woe to that man who betrays him!”,Kay mapatay an Anak han Tawo sumala han pagbuot han Dyos; kundi kairo hito nga tawo nga maglilingo ha akon!”
They began to question among themselves which of them it might be who would do this.,Ngan nagtikang hira hin paggiparupakiana kon hin-o ha ira an magbubuhat hini.
A dispute also arose among them as to which of them was considered to be greatest.,Nagtikang dida han mga tinun-an in lantugi kon hin-o ha ira an angay kilalahon nga gilalabawi.
You are those who have stood by me in my trials.,“Nagpabilin kamo upod ha akon ha ngatanan ko nga mga pag-antos;
"And I confer on you a kingdom, just as my Father conferred one on me,","ngan sugad nga gintagan ako han akon Amay han katungod hin paghadi, tatagan ko man kamo han amo ngahaw nga katungod."
"But he replied, “Lord, I am ready to go with you to prison and to death.”","Nagbaton hi Pedro, “Ginoo, andam ako hin pag-upod ha imo ha bilanggoan, ngan hin pagpakamatay pa upod ha imo!”"
"The disciples said, “See, Lord, here are two swords.” “That’s enough!” he replied.","Nagsiring an mga tinun-an, “Kitaa, Ginoo! Iini in duha nga espada.” “Igo na ito!” nagbaton hiya."
"He withdrew about a stone’s throw beyond them, knelt down and prayed,","Ngan inmuruonhan hiya ha ira hin kahirayo nga kanan usa ka labay hin bato, ngan linmuhod ngan nag-ampo,"
"“Father, if you are willing, take this cup from me; yet not my will, but yours be done.”","“Amay ko, kon imo pagbuot, kuhaa gad ini nga kupa ha akon. Diri an akon, kundi an imo pagbuot an matuman.” ["
An angel from heaven appeared to him and strengthened him.,"Pinmakita ha iya in usa nga anghel tikang ha langit, nga nagpakusog ha iya."
“Why are you sleeping?” he asked them. “Get up and pray so that you will not fall into temptation.”,"Ngan nagsiring hiya ha ira, “Kay ano nga nangangaturog kamo? Pagmata kamo ngan pag-ampo nga diri kamo masulay.”"
"but Jesus asked him, “Judas, are you betraying the Son of Man with a kiss?”","Kundi nagsiring hi Jesus, “Judas, lilingoon mo ba an Anak han Tawo pinaagi hin harok?”"
"And one of them struck the servant of the high priest, cutting off his right ear.","Ngan gintigbas han usa ha ira an oripon han Labaw nga Padi, ngan napalong an iya tuo nga talinga."
"But Jesus answered, “No more of this!” And he touched the man’s ear and healed him.","Kundi nagsiring hi Jesus, “Igo na ini!” Ginkamkam niya an talinga han tawo, ngan gin-upay niya."
"And when some there had kindled a fire in the middle of the courtyard and had sat down together, Peter sat down with them.","May ginharing nga tap-ong ha butnga han bungsaran, ngan tinmampo hi Pedro han mga nagkakalingkod palibot han kalayo."
"But he denied it. “Woman, I don’t know him,” he said.","Kundi naglirong hi Pedro hin pagsiring, “Babaye, diri ngani ako nakilala ha iya!”"
And he went outside and wept bitterly.,Ginmawas hi Pedro ngan nagtangis nga duro an kabido.
The men who were guarding Jesus began mocking and beating him.,Ginyubitan ngan gintubal hi Jesus han mga tawo nga nagbabantay ha iya.
"They blindfolded him and demanded, “Prophesy! Who hit you?”","Gintahoban nira an iya mga mata, ngan ginpakianhan, “Tigoha! Hin-o an nagsuntok ha imo?”"
And they said many other insulting things to him.,Ngan damo la nga mga pagyubit an ira ginyakan ha iya.
"and if I asked you, you would not answer.",ngan diri kamo mabaton kon magpakiana ako ha iyo.
"But from now on, the Son of Man will be seated at the right hand of the mighty God.”","Kundi yana, malingkod na an Anak han Tawo ha tuo han Dyos nga Labi Kamakagarahum.”"
"They all asked, “Are you then the Son of God?” He replied, “You say that I am.”","Nagsiring hira ngatanan, “Kon sugad amo ka ba an Anak han Dyos?” Nagbaton niya ha ira, “Kamo an nasiring nga Anak ako han Dyos.”"
Then the whole assembly rose and led him off to Pilate.,"Binmuhat an bug-os nga hugpo ngan gindara hi Jesus ngadto kan Pilato,"
"So Pilate asked Jesus, “Are you the king of the Jews?” “You have said so,” Jesus replied.","Nagpakiana ha iya hi Pilato, “Amo ka ba an hadi han mga Judiyo?” “Ikaw an nagyakan hito,” nagbaton hi Jesus."
"On hearing this, Pilate asked if the man was a Galilean.","Pakabati ni Pilato hini, nagpakiana hiya, “Taga-Galilea ba ini nga tawo?”"
"He plied him with many questions, but Jesus gave him no answer.","Sanglit damo an iya pakiana kan Jesus, kundi waray magbaton hi Jesus bisan usa ka pulong."
That day Herod and Pilate became friends—before this they had been enemies.,Hadto manta nga adlaw nagkasangkay hira Herodes ug Pilato; magkontra hira hadto anay han waray pa ini mahinabo.
"Pilate called together the chief priests, the rulers and the people,","Gintirok ni Pilato an mga puno han kapadian, an mga pangulo, ngan an mga tawo,"
"Therefore, I will punish him and then release him.”",Sanglit ipalalatob ko nala hiya ngan pabubuhian.” [
"But the whole crowd shouted, “Away with this man! Release Barabbas to us!”","Naggoliat an bug-os nga hugpo, “Pataya hiya! Buhii hi Barabas para ha amon!” ("
"(Barabbas had been thrown into prison for an insurrection in the city, and for murder.)","Napriso hi Barabas tungod hin karibok nga nahinabo ha syudad, ngan tungod hin pagpatay.)"
"Wanting to release Jesus, Pilate appealed to them again.","Karuyag ni Pilato nga buhian hi Jesus, sanglit gintawag liwat niya an mga tawo."
"But they kept shouting, “Crucify him! Crucify him!”","Kundi naggogliat hira, “Igraysang hiya ha kros! Igraysang ha kros!”"
So Pilate decided to grant their demand.,Sanglit iginpahamtang ni Pilato kan Jesus an sirot nga ira ginpangaro.
"Then “ ‘they will say to the mountains, “Fall on us!” and to the hills, “Cover us!” ’","Amo ito an panahon nga masiring ha kabukiran an mga tawo, ‘Tabuni kami!’ ngan ha kapungtoran, ‘Tagoa kami!’"
"For if people do these things when the tree is green, what will happen when it is dry?”","Kay kon pagbuhaton in sugad nga mga butang kon hilaw pa an kahoy, ano in mahinanabo kon uga na ito?”"
"Two other men, both criminals, were also led out with him to be executed.","Nagdara liwat hira hin duha nga mga kriminal, nga papatayon nira upod kan Jesus."
The soldiers also came up and mocked him. They offered him wine vinegar,"Ginyubitan liwat hiya han mga sondalo. Kinmadto hira ha iya hin paghatag ha iya hin maaslom nga bino,"
"and said, “If you are the king of the Jews, save yourself.”","ngan nagsiring, “Talwasa an imo kalugaringon, kon tinuod manggud nga ikaw amo an hadi han mga Judiyo!”"
"There was a written notice above him, which read: this is the king of the jews .",Iginsurat ini nga mga pulong ha igbaw niya: “Amo ini an Hadi han mga Judiyo.”
"Then he said, “Jesus, remember me when you come into your kingdom. ”","Ngan nagsiring hiya kan Jesus, “Jesus, hinumdomi gad ako kon makanhi ka na nga hadi.”"
"Jesus answered him, “Truly I tell you, today you will be with me in paradise.”","Nagbaton hi Jesus ha iya, “Susumatan ko ikaw: yana ngahaw nga adlaw, maupod ka ha akon ngadto ha Paraiso.”"
for the sun stopped shining. And the curtain of the temple was torn in two.,ngan napikas an biray han Templo.
"Going to Pilate, he asked for Jesus’ body.",Kinmadto hiya kan Pilato ngan gin-aro niya an lawas ni Jesus.
"It was Preparation Day, and the Sabbath was about to begin.",Adlaw adto ha pag-andam ngan bisperas na han Adlaw nga Iparahuway.
"They found the stone rolled away from the tomb,","Hinkit-an nira nga nakadto na ha ligid an bato nga igintaklob han porta han lubnganan,"
"but when they entered, they did not find the body of the Lord Jesus.",sanglit sinmulod hira; kundi waray nira hiagii an lawas han Ginoo nga Jesus.
"He is not here; he has risen! Remember how he told you, while he was still with you in Galilee:","Waray na hiya dinhe, nabanhaw na hiya. Panumdoma an iginsiring niya ha iyo han nakadto pa hiya ha Galilea:"
Then they remembered his words.,"Niyan nahinumdom an kababayen-an han iya mga pulong,"
"When they came back from the tomb, they told all these things to the Eleven and to all the others.","inmoli hira tikang han lubnganan, ngan iginsumat ini ngatanan nga mga butang ngadto han onse nga mga tinun-an ngan han iba pa."
"But they did not believe the women, because their words seemed to them like nonsense.",Kundi naghunahuna an mga apostoles nga kalurongan la an iginsiring han kababayen-an ngan waray tumuod ha ira.
They were talking with each other about everything that had happened.,Naghihinimangraw hira mahitungod han ngatanan nga mga butang nga nanhinabo.
"As they talked and discussed these things with each other, Jesus himself came up and walked along with them;","Samtang naghihimangraw hira, dinmaop hi Jesus ngan binmunyog ha ira."
but they were kept from recognizing him.,"Hinkit-an hiya nira, kundi ambot kon ano nga waray man hira pakakilala ha iya."
"In addition, some of our women amazed us. They went to the tomb early this morning","Nanhipausa kami han sumat hin pira nga kababayen-an han amon hugpo. Kinmadto hira ha lubnganan han maagahon pa,"
Did not the Messiah have to suffer these things and then enter his glory?”,Diri ba kinahanglan mag-antos anay an Mesiyas hini nga mga butang san-o hiya makasulod han iya himaya?”
"As they approached the village to which they were going, Jesus continued on as if he were going farther.","Inmabot hira hirani han baryo nga ira kinakadtoan, ngan nagpakita hi Jesus nga sugad hin magpapadayon pa hiya ngadto ha unhan;"
"Then their eyes were opened and they recognized him, and he disappeared from their sight.",Nabuksan an ira mga mata ngan kinmilala hira ha iya; kundi napara hiya dayon ha ira mga mata.
"and saying, “It is true! The Lord has risen and has appeared to Simon.”","nga nagsiring, “Tinuod gud nga nabanhaw an Ginoo! Nagpakita hiya kan Simon!”"
"They were startled and frightened, thinking they saw a ghost.",Tugob hira hin kahadlok ngan kakulba. An ira hunahuna nga kinmita hira hin kalag.
"He said to them, “Why are you troubled, and why do doubts rise in your minds?","Kundi nagsiring hiya ha ira, “Kay ano nga nababaraka man kamo? Kay ano nga nagruruhaduha man kamo ha iyo mga hunahuna?"
"When he had said this, he showed them his hands and feet.",Iginsiring niya ini ngan iginpakita niya ha ira an iya mga kamot ngan mga tiil.
"They gave him a piece of broiled fish,","Gintagan hiya nira hin sinugba nga isda,"
and he took it and ate it in their presence.,ngan kinarawat ini ni Jesus ngan ginkaon ha ira atubangan.
Then he opened their minds so they could understand the Scriptures.,"Ngan ginbuksan niya an ira mga hunahuna basi makasabot hira han Kasuratan,"
You are witnesses of these things.,Mga saksi kamo hini nga mga butang.
"When he had led them out to the vicinity of Bethany, he lifted up his hands and blessed them.",Niyan gindara hira niya ha gawas han syudad tubtob ha Betania diin gin-alsa niya an iya mga kamot ngan ginbendisyonan hira.
"While he was blessing them, he left them and was taken up into heaven.","Samtang nagbebendisyon hiya ha ira, binmaya hiya ha ira ngan ginbayaw hiya ha langit."
Then they worshiped him and returned to Jerusalem with great joy.,"Nagsingba hira ha iya ngan binmalik hira ngadto ha Jerusalem, nga malipayon,"
"And they stayed continually at the temple, praising God.","ngan dayuday didto hira ha Templo, hin pagpasalamat han Dyos."
"This is the genealogy of Jesus the Messiah the son of David, the son of Abraham:","Amo ini an pagkasunodsunod han mga kaapoy-apoyan ni Jesu-Cristo nga tulin ni David, nga tulin ni Abraham."
All this took place to fulfill what the Lord had said through the prophet:,"Nahinabo ini ngatanan basi matuman an iginyakan han Ginoo pinaagi han manaragna nga nasiring,"
"When King Herod heard this he was disturbed, and all Jerusalem with him.","Han pakabati hini ni Hadi Herodes, nabaraka hiya pati an bug-os nga Jerusalem."
"“In Bethlehem in Judea,” they replied, “for this is what the prophet has written:","“Didto ha bungto han Betlehem, ha Judea,” nagbaton hira. “Amo ini an iginsurat han manaragna:"
"So he got up, took the child and his mother during the night and left for Egypt,","Binmuhat hi Jose, gindara niya an bata ngan an iroy, ngan pinmalagiw hira ngadto ha Ehipto hadto ngahaw nga gab-i."
Then what was said through the prophet Jeremiah was fulfilled:,Dida hini natuman an iginsurat ni Jeremias nga manaragna nga nasiring:
"So he got up, took the child and his mother and went to the land of Israel.","Sanglit binmuhat hi Jose, gindara niya an bata ngan an iroy niya, ngan inmoli ngadto ha Israel."
"In those days John the Baptist came, preaching in the wilderness of Judea",Hadto nga panahon hi Juan nga Parabunyag kinmadto ha kamingawan han Judea ngan nagtikang hin pagwali.
"and saying, “Repent, for the kingdom of heaven has come near.”","Nagsiring hiya, “Magbasol ngan bayai an iyo mga sala kay hirani na an Ginhadian han langit.”"
"Confessing their sins, they were baptized by him in the Jordan River.",Iginkumpisal nira an ira mga sala ngan ginbunyagan hira ni Juan didto ha Salog Jordan.
Produce fruit in keeping with repentance.,Ipakita ha iyo mga buhat nga nagbasol na kamo han iyo mga sala.
Then Jesus came from Galilee to the Jordan to be baptized by John.,"Hadto nga panahon, inmabot hi Jesus tikang ha Galilea, ngan kinmadto kan Juan didto ha Jordan basi bunyagan hiya ni Juan."
"And a voice from heaven said, “This is my Son, whom I love; with him I am well pleased.”","Ngan nagsiring in tingog tikang ha langit, “Amo ini an akon hinigugma nga Anak nga nakakalipay gud ha akon.”"
Then Jesus was led by the Spirit into the wilderness to be tempted by the devil.,Niyan gindara hi Jesus han Espiritu ngadto han kamingawan basi pagsulayon han Yawa.
"After fasting forty days and forty nights, he was hungry.","Katapos hin 40 ka adlaw ngan 40 ka gab-i nga pagpuasa, ginutom hi Jesus."
"The tempter came to him and said, “If you are the Son of God, tell these stones to become bread.”","Dinmaop ha iya an Yawa ngan nagsiring, “Kon Anak ka manggud han Dyos, himoa nga tinapay ini nga mga bato.”"
Then the devil took him to the holy city and had him stand on the highest point of the temple.,"Niyan gindara hiya han Yawa ngadto han Baraan nga Syudad, ngan ibinutang hiya didto han gihahataasi nga atop han Templo,"
"Jesus answered him, “It is also written: ‘Do not put the Lord your God to the test.’ ”","Binmaton hi Jesus, “Kundi nasiring man liwat an kasuratan, ‘Kinahanglan diri mo pagsulayon an Ginoo nga imo Dyos.’”"
"“All this I will give you,” he said, “if you will bow down and worship me.”","“Ihahatag ko ha imo ini ngatanan,” nagsiring an Yawa, “kon humapa ka ngan magsingba ka ha akon.”"
"Then the devil left him, and angels came and attended him.","Ngan binmaya an Yawa kan Jesus, ngan nagkaabot in mga anghel ug nagtimangno kan Jesus."
"When Jesus heard that John had been put in prison, he withdrew to Galilee.","Han pakabati ni Jesus nga napriso hi Juan, kinmadto hiya ha Galilea."
to fulfill what was said through the prophet Isaiah:,Nahinabo ini basi matuman an iginsurat ni Isaias nga manaragna nga nasiring:
"“Land of Zebulun and land of Naphtali, the Way of the Sea, beyond the Jordan, Galilee of the Gentiles—","“Galilea han mga Hentil! An tuna ha Zabulon ngan an tuna ha Neftali, aragian tipakadto ha dagat, ha tabok han Jordan."
"From that time on Jesus began to preach, “Repent, for the kingdom of heaven has come near.”","Tikang hadto nagtikang hi Jesus hin pagwali, “Bayai niyo an iyo mga sala, kay hirani na an Ginhadian han langit!”"
"“Come, follow me,” Jesus said, “and I will send you out to fish for people.”","Nagsiring hiya ha ira, “Upod kamo ha akon ngan tututdoan ko kamo pagdakop hin mga tawo.”"
At once they left their nets and followed him.,Ira binayaan dayon an ira mga pukot ngan binmunyog hira ha iya.
and immediately they left the boat and their father and followed him.,"Dida dayon binayaan nira an sakayan ngan an ira amay, ngan binmunyog hira kan Jesus."
and he began to teach them. He said:,ngan nagtikang hiya hin pagtutdo ha ira:
"“Blessed are the poor in spirit, for theirs is the kingdom of heaven.","“Palaran adton nakilala nga kablas hira ha espiritu, kay ira an Ginhadian han langit!"
"Blessed are those who mourn, for they will be comforted.","“Palaran adton masulob-on, kay pagliliawon hira han Dyos!"
"Blessed are the meek, for they will inherit the earth.","“Palaran adton mapinaubsanon, kay kakarawaton nira an iginsaad han Dyos!"
"Blessed are those who hunger and thirst for righteousness, for they will be filled.","“Palaran adton may dako nga tinguha pagtuman han kaburut-on han Dyos, kay patutungahon gud hira han Dyos!"
"Blessed are the merciful, for they will be shown mercy.","“Palaran adton maloloy-on ha iba, kay malolooy man an Dyos ha ira!"
"Blessed are the pure in heart, for they will see God.","“Palaran adton maglinis in kasingkasing, kay makakakita hira han Dyos!"
"Blessed are the peacemakers, for they will be called children of God.","“Palaran adton nagbubuhat para hin kamurayaw ha mga tawo, kay tatawgon hira nga mga anak han Dyos!"
"Blessed are those who are persecuted because of righteousness, for theirs is the kingdom of heaven.","“Palaran adton ginpapakurian tungod nga nagtutuman hira han kaburut-on han Dyos, kay ira an Ginhadian han langit!"
“You are the light of the world. A town built on a hill cannot be hidden.,“Kamo amo an kapawa han bug-os nga kalibutan. Diri matatago in bungto nga gintindog ha bawbaw hin bukid.
"Truly I tell you, you will not get out until you have paid the last penny.",Nasiring ako ha imo: diri ka makakagawas didto tubtob nga kabaydan mo an ngatanan nga multa ha imo.
"“You have heard that it was said, ‘You shall not commit adultery.’","“Hinbatian niyo nga iginsiring ini, ‘Diri ka manlibog.’"
"But I tell you, do not swear an oath at all: either by heaven, for it is God’s throne;","Kundi yana nasiring ako ha iyo: ayaw pagsumpa kon nagsasaad ka. Ayaw gamita an langit hin pagsumpa, kay trono ito han Dyos;"
"And do not swear by your head, for you cannot make even one hair white or black.","Ayaw gamita bisan pa an imo ulo, kay diri ka makakapabusag o makakapaitom hin usa han imo buhok."
All you need to say is simply ‘Yes’ or ‘No’; anything beyond this comes from the evil one.,"Igo na nga masiring ka, ‘Oo’ kon matangdo ka; ‘Diri’ kon mariwa ka; natikang na han Yawa an sobra pa hini nga igyayakan mo."
"“You have heard that it was said, ‘Eye for eye, and tooth for tooth.’","“Hinbatian niyo nga iginsiring, ‘An mata bayaran hin mata ngan an ngipon bayaran hin ngipon.’"
"And if anyone wants to sue you and take your shirt, hand over your coat as well.","Ngan kon may magsumbong ha imo basi makuha niya an imo kamiseta, ihatag pa ha iya pati an imo kamisadentro."
"If anyone forces you to go one mile, go with them two miles.","Kon in sondalo magpirit ha imo hin pagdara han iya kasangkapan sulod hin usa ka kilometro, dad-a ito hin duha ka kilometro."
"Give to the one who asks you, and do not turn away from the one who wants to borrow from you.","Tagi kon may mangaro ha imo, ngan pahudma kon may humoram ha imo."
"“You have heard that it was said, ‘Love your neighbor and hate your enemy.’","“Hinbatian niyo nga iginsiring, ‘Higugmaa an iyo kasangkayan, pagdumti an iyo mga kaaway.’"
"But I tell you, love your enemies and pray for those who persecute you,","Kundi yana nasiring ako ha iyo: higugmaa an iyo mga kaaway ngan ig-ampo an mga nagpapakuri ha iyo,"
"Be perfect, therefore, as your heavenly Father is perfect.","Sanglit kinahanglan mahingpit kamo, sugad nga hingpit an iyo Amay ha langit."
"so that your giving may be in secret. Then your Father, who sees what is done in secret, will reward you.","basi mahilom an iyo paghatag, ngan babaloson kamo han Amay niyo nga nakita han maupay nga ginbubuhat niyo hin hilom."
"“This, then, is how you should pray: “ ‘Our Father in heaven, hallowed be your name,","Sanglit sugara hini an iyo pag-ampo: ‘Amay namon ha langit: Pagdayawon an imo baraan nga ngaran,"
"your kingdom come, your will be done, on earth as it is in heaven.","Maghadi ka unta ha amon, matuman dinhe ha tuna an imo kaburut-on sugad han didto ha langit."
Give us today our daily bread.,Tagi kami yana nga adlaw han pagkaon nga amon kinahanglan.
"And forgive us our debts, as we also have forgiven our debtors.",Pasayloa kami han amon mga sala sugad han pagpasaylo namon han mga nakasala ha amon.
"For if you forgive other people when they sin against you, your heavenly Father will also forgive you.","“Kon pasayloon niyo an nakakasala ha iyo, pasasayloon man kamo han Amay niyo ha langit."
"But when you fast, put oil on your head and wash your face,","Kon magpupuasa kamo, paghiram-os ngan pagsudlay,"
"For where your treasure is, there your heart will be also.","Kay kon hain an iyo mga manggad, dayuday aadto man an iyo kasingkasing."
"“The eye is the lamp of the body. If your eyes are healthy, your whole body will be full of light.","“An mga mata amo an suga para han lawas. Kon maupay an iyo mga mata, malulukop hin kapawa an bug-os niyo nga lawas."
Can any one of you by worrying add a single hour to your life ?,Hin-o man ha iyo in makakapahilaba han iya kinabuhi hin bisan pira la ka tuig pinaagi han iyo pagkinabaraka?
"So do not worry, saying, ‘What shall we eat?’ or ‘What shall we drink?’ or ‘What shall we wear?’","“Sanglit ayaw kamo kabaraka han iyo kakaonon, iimnon, o igpapanapton."
"“Do not judge, or you too will be judged.",“Ayaw kamo paghukom han iba basi diri kamo paghukman han Dyos.
“Ask and it will be given to you; seek and you will find; knock and the door will be opened to you.,“Pangaro ngan tatagan kamo; pamiling ngan makakaagi kamo; pagtuktok ngan bubuksan an porta para ha iyo.
"For everyone who asks receives; the one who seeks finds; and to the one who knocks, the door will be opened.","Kay makarawat an tagsa nga nangangaro, makakaagi an namimiling, ngan bubuksan an porta para ha iya nga nagtutuktok."
"“Which of you, if your son asks for bread, will give him a stone?","Kamo nga mga amay, tatagan ba niyo hin bato kon mangaro an iyo anak hin tinapay?"
"Or if he asks for a fish, will give him a snake?",Tatagan ba niyo hin halas kon mangaro hiya hin isda?
"But small is the gate and narrow the road that leads to life, and only a few find it.","Kundi haligot an aragian ngan makuri an dalan tipakadto ha kinabuhi nga dayon, ngan diri damo an nakakatoltol hini nga dalan."
"By their fruit you will recognize them. Do people pick grapes from thornbushes, or figs from thistles?","Makikilala niyo hira pinaagi han ira mga panggawi. Binuburo ba in ubas tikang hin kasapinitan, o in igos tikang hin niyutiyo?"
"Likewise, every good tree bears good fruit, but a bad tree bears bad fruit.","Nabunga hin maupay an maupay nga kahoy, kundi nabunga hin maraot an maraot man nga kahoy."
"A good tree cannot bear bad fruit, and a bad tree cannot bear good fruit.","Diri makakabunga hin maraot an maupay nga kahoy, diri man liwat makakabunga hin maupay an maraot nga kahoy."
Every tree that does not bear good fruit is cut down and thrown into the fire.,Pupudlon ngan susunogon an kahoy nga diri nahatag hin maupay nga bunga.
"Thus, by their fruit you will recognize them.","Sanglit, makikilala niyo an buwaon nga mga manaragna pinaagi han ira mga panggawi."
"When Jesus had finished saying these things, the crowds were amazed at his teaching,","Katapos ni Jesus pagyakan hini nga mga butang, nahipausa an mga tawo han paagi han iya pagtutdo,"
"because he taught as one who had authority, and not as their teachers of the law.",kay nagtutdo hiya nga may gahom ngan diri sugad han ira mga magturutdo han Balaod.
"When Jesus came down from the mountainside, large crowds followed him.",Linmugsong hi Jesus tikang hin pungtod ngan nagsunod ha iya in damo kaupay nga mga tawo.
"When Jesus had entered Capernaum, a centurion came to him, asking for help.","Han pagsulod ni Jesus ha Capernaum gintapo hiya hin kapitan nga Romano nga nakimalooy ha iya,"
"“Lord,” he said, “my servant lies at home paralyzed, suffering terribly.”","“Sir, masakit an akon surugoon, nahigda, diri nakakakiwa, ngan nagkukuri hin duro.”"
"Jesus said to him, “Shall I come and heal him?”","“Makadto ako ngan uupayon ko hiya,” nagsiring hi Jesus."
"When Jesus came into Peter’s house, he saw Peter’s mother-in-law lying in bed with a fever.",Kinmadto hi Jesus ha balay ni Pedro ngan hinkit-an niya an babaye nga ugangan ni Pedro nga nahigda kay hinihirantan.
"He touched her hand and the fever left her, and she got up and began to wait on him.",Kinaptan ni Jesus an iya kamot ngan nalungasan hiya han hiranat. Binmuhat hiya ngan nagsirbe kan Jesus.
"When Jesus saw the crowd around him, he gave orders to cross to the other side of the lake.","Han pagkita ni Jesus han kadam-an nga nag-aalirong ha iya, nagsugo hiya han iya mga tinun-an nga mapakadto ha tabok han lanaw."
"Then a teacher of the law came to him and said, “Teacher, I will follow you wherever you go.”","Dinimaop ha iya in usa nga magturutdo han Balaod ngan nagsiring, “Magturutdo, andam ako hin pag-upod ha imo bisan ngain.”"
"Another disciple said to him, “Lord, first let me go and bury my father.”","Nagsiring liwat in lain nga tinun-an, “Tugoti gad ako hin pag-oli anay hin paglubong han akon amay.”"
"But Jesus told him, “Follow me, and let the dead bury their own dead.”","Kundi ginbaton hiya ni Jesus, “Sunod ha akon, ngan pabay-i an mga patay nga asay maglubong han ira minatay.”"
Then he got into the boat and his disciples followed him.,Sinmakay hi Jesus han sakayan ngan inmupod ha iya an iya mga tinun-an.
"The disciples went and woke him, saying, “Lord, save us! We’re going to drown!”","Gindaop hiya han mga tinun-an ngan ginsiring hin pagpukaw ha iya, “Talwasa kami, Ginoo! Malulunod kita!”"
Some distance from them a large herd of pigs was feeding.,May dako nga panon hin kababoyan nga naniningaon hirani hini nga dapit.
"The demons begged Jesus, “If you drive us out, send us into the herd of pigs.”","Nakimalooy kan Jesus an mga yawa, “Kon pagagawson mo man kami, pasudla kami ngadto hito nga panon hin kababoyan.”"
"Jesus stepped into a boat, crossed over and came to his own town.","Sinmakay hi Jesus han sakayan, binmalik pagtabok han lanaw, ngan kinmadto han iya kalugaringon nga bungto."
"At this, some of the teachers of the law said to themselves, “This fellow is blaspheming!”","Ngan may hinsiring hin pira han mga magturutdo han Balaod, “Nagpanamastamas ini nga tawo!”"
"Which is easier: to say, ‘Your sins are forgiven,’ or to say, ‘Get up and walk’?","Hain in masarusayon, an pagsiring, ‘An imo mga sala ginpasaylo,’ o an pagsiring, ‘Buhat ngan lakat’?"
Then the man got up and went home.,Binmuhat an tawo ngan inmoli.
"Jesus got up and went with him, and so did his disciples.","Sanglit, binmuhat hi Jesus ngan sinmunod ha iya ngan inmupod ha iya an iya mga tinun-an."
"She said to herself, “If I only touch his cloak, I will be healed.”","Nagsiring hiya ha iya kalugaringon, “Kon makakamkam la ako han iya bado, mauupay gud ako.”"
"he said, “Go away. The girl is not dead but asleep.” But they laughed at him.","nagsiring hiya, “Kagawas kamo ngatanan! Diri patay an bata; nakaturog la hiya!” Ngan gintinawaan hiya nira."
News of this spread through all that region.,Ngan nahisangyaw ini nga nahinabo ha ngatanan nga dapit didto hito nga tuna.
"Then he touched their eyes and said, “According to your faith let it be done to you”;","Niyan kinamkam ni Jesus an ira mga mata ngan nagsiring, “Mahimo unta sumala gud han iyo pagtoo!”—"
But they went out and spread the news about him all over that region.,Kundi linmakat hira ngan iginsumat lugod nira ha ngatanan nga dapit didto hadto nga tuna an ginbuhat ha ira ni Jesus.
"But the Pharisees said, “It is by the prince of demons that he drives out demons.”","Kundi nagsiring an mga Parisiyo, “An punoan han mga yawa an naghatag ha iya hin gahom hin pagpagawas han mga yawa.”"
"Then he said to his disciples, “The harvest is plentiful but the workers are few.","Sanglit ginsiring niya an iya mga tinun-an, “Damo in aranihon kundi gutiay la in mga mag-arani."
"Ask the Lord of the harvest, therefore, to send out workers into his harvest field.”",Pag-ampo kamo han tag-ada han aranihon nga padad-an niya hin mga mag-arani nga magtitirok han ira gin-ani.”
"Philip and Bartholomew; Thomas and Matthew the tax collector; James son of Alphaeus, and Thaddaeus;","hi Felipe ngan hi Bartolome; hi Tomas ngan hi Mateo nga parasukot hin buhis; hi Santiago, nga anak ni Alfeo, ngan hi Tadeo;"
"Simon the Zealot and Judas Iscariot, who betrayed him.","hi Simon nga bayani, ngan hi Judas Iscariote nga naglingo kan Jesus."
Go rather to the lost sheep of Israel.,"Lugod, kadtoa niyo an nagkawawara nga mga karnero han katawhan han Israel."
"As you go, proclaim this message: ‘The kingdom of heaven has come near.’",Lakat kamo ngan ipasangyaw nga hirani na an Ginhadian han langit.
“Do not get any gold or silver or copper to take with you in your belts—,"Ayaw kamo pagdara hin bulawan, salapi, o bronse nga kwarta ha iyo mga bulsa;"
"As you enter the home, give it your greeting.","Pagsaka niyo hin balay siring kamo, ‘Maada unta ha iyo an kamurayaw.’"
"for it will not be you speaking, but the Spirit of your Father speaking through you.","Kay diri iyo an mga pulong nga igyayakan niyo, kundi tikang han Espiritu han Amay niyo nga magyayakan ha iyo."
"You will be hated by everyone because of me, but the one who stands firm to the end will be saved.","Pagdudumtan kamo han ngatanan tungod ha akon, kundi matatalwas an magpailob tubtob ha kataposan."
"“The student is not above the teacher, nor a servant above his master.",“Waray tinun-an nga labaw han iya magturutdo; waray oripon nga labaw han iya agaron.
And even the very hairs of your head are all numbered.,"An ha iyo nga bahin, gin-ihap na bisan ngani an ngatanan nga mga buhok han iyo ulo."
So don’t be afraid; you are worth more than many sparrows.,Sanglit ayaw kamo kahadlok; mahal pa kamo kaupay kay hin damo nga mga balinsasayaw!
"“Whoever acknowledges me before others, I will also acknowledge before my Father in heaven.",“Aangkonon ko man ha atubangan han akon Amay ha langit an bisan hin-o nga magpadayag ha kadam-an nga akon hiya.
"But whoever disowns me before others, I will disown before my Father in heaven.",Kundi iglilirong ko man ha atubangan han akon Amay ha langit an bisan hin-o nga maglirong ha kadam-an nga akon hiya.
a man’s enemies will be the members of his own household.’,An makaharadlok gud nga mga kaaway han tawo amo an mga sakop ngahaw han iya kalugaringon nga panimalay.
Whoever does not take up their cross and follow me is not worthy of me.,Diri takos ha akon an diri magpas-an han iya kros ngan diri magsunod ha akon.
"Whoever finds their life will lose it, and whoever loses their life for my sake will find it.",An karuyag magtipig han iya kinabuhi ini mawawara ha iya; kundi an kawad-an han iya kinabuhi tungod ha akon mabubuhi lugod.
"to ask him, “Are you the one who is to come, or should we expect someone else?”","Nagpakiana hira kan Jesus, “Sumati daw kami, ikaw ba an ginpapaabot nga ginsiring ni Juan, o maghuhulat pa ba kami hin lain?”"
"Jesus replied, “Go back and report to John what you hear and see:","Binmaton hi Jesus, “Balik kamo ngan sumati hi Juan han iyo hinbabatian ngan hinkikit-an:"
Blessed is anyone who does not stumble on account of me.”,Hin kapalaran hadton waray pagruhaduha ha akon!”
For all the Prophets and the Law prophesied until John.,"Ngada han panahon ni Juan, naghimangraw mahitungod han Ginhadian an ngatanan nga mga manaragna ngan an Balaod ni Moises;"
"And if you are willing to accept it, he is the Elijah who was to come.","ngan kon karuyag niyo hin pagtoo han ira sumat, hi Juan amo hi Elias kanay pag-abot daan na igintagna."
"Whoever has ears, let them hear.","Sanglit, pamati kamo kon may niyo mga durunggan!"
"For John came neither eating nor drinking, and they say, ‘He has a demon.’","Han pagkanhi ni Juan, nagpuasa hiya, ngan waray uminom hin bino, ngan nagsiring an ngatanan, ‘May-ada yawa dida ha iya!’"
"But I tell you, it will be more bearable for Tyre and Sidon on the day of judgment than for you.","Sanglit, hinumdomi nga ha Adlaw han Paghukom, labaw pa nga malolooy an Dyos han mga tawo han Tiro ug Sidon kay ha iyo!"
But I tell you that it will be more bearable for Sodom on the day of judgment than for you.”,"Sanglit, hinumdomi nga ha Adlaw han Paghukom, labaw pa nga malolooy an Dyos han Sodoma kay ha imo!”"
"Yes, Father, for this is what you were pleased to do.","Tinuod, Amay ko, nahimo ini tungod han imo kalugaringon nga pagbuot ug karuyag."
For my yoke is easy and my burden is light.”,"Kay masayon an yugo nga ihinahatag ko ha iyo, ngan magaanay an darad-on nga ipapapas-an ko ha iyo.”"
"He answered, “Haven’t you read what David did when he and his companions were hungry?","Binmaton hi Jesus, “Waray ba kamo makabasa han ginbuhat ni David dida nga ginutom hiya ngan an iya mga kaupod?"
I tell you that something greater than the temple is here.,Nasiring ako ha iyo nga may-ada dinhe labaw pa han Templo.
For the Son of Man is Lord of the Sabbath.”,Kay Ginoo han Adlaw nga Iparahuway an Anak han Tawo.”
"Going on from that place, he went into their synagogue,",Binmaya hi Jesus hadto nga dapit ngan kinmadto hin usa nga sinagoga.
But the Pharisees went out and plotted how they might kill Jesus.,Nagkalakat an mga Parisiyo ngan nagsarabot hin pagpatay kan Jesus.
He warned them not to tell others about him.,"ngan gindid-an hira hin pagsumat han iba mahitungod ha iya,"
This was to fulfill what was spoken through the prophet Isaiah:,basi matuman an ginsiring han Dyos pinaagi kan Isaias nga manaragna:
He will not quarrel or cry out; no one will hear his voice in the streets.,"Kundi diri hiya makikiglantugi o magoliat, diri ngani mamumulong hin dako nga tingog dida ha kadalanan."
In his name the nations will put their hope.”,ngan paglalaoman hiya han ngatanan nga mga katawhan.”
"All the people were astonished and said, “Could this be the Son of David?”","Nahipausa an ngatanan nga mga tawo ngan nagpakiana hira, “Amo na ba ini hiya an Anak ni David?”"
"“Whoever is not with me is against me, and whoever does not gather with me scatters.","“An diri nauyon ha akon, nasupak ha akon; ngan nagpapasarang adton diri nabulig ha akon hin pagtirok."
"For by your words you will be acquitted, and by your words you will be condemned.”","Kay gagamiton an iyo mga pulong hin paghukom ha iyo ngahaw, hin pagpahayag kon salaan ba kamo o diri.”"
"Then some of the Pharisees and teachers of the law said to him, “Teacher, we want to see a sign from you.”","May-ada mga magturutdo han Balaod ngan mga Parisiyo nga nagsiring, “Magturutdo, karuyag namon nga magpakita ka hin milagro.”"
"He replied to him, “Who is my mother, and who are my brothers?”","Binmaton hi Jesus, “Hin-o an akon iroy? Hin-o an akon kabugtoan?”"
That same day Jesus went out of the house and sat by the lake.,"Hito manta nga adlaw binmaya hi Jesus han balay, ngan kinmadto ha tabi han lanaw, diin linmingkod hiya hin pagtutdo."
"As he was scattering the seed, some fell along the path, and the birds came and ate it up.","Han pagsabod niya han binhe, may-ada nahulog ha dalan, ngan inmabot in mga tamsi ngan pinanuktok an mga binhe."
"Other seed fell among thorns, which grew up and choked the plants.",Nagkahuglog an iba nga binhe ngada hin tunokon nga kabanwaan; pagtubo han kabanwaan natabonan an mga tanom.
"Whoever has ears, let them hear.”","Ngan sinmiring hi Jesus, “Sanglit pamati kamo, kon may-ada niyo durunggan!”"
“Listen then to what the parable of the sower means:,“Sanglit pamati ngan hibaroi niyo an kahulogan han pananglitan han magsarabod.
"When the wheat sprouted and formed heads, then the weeds also appeared.","Han pagtubo na han mga tanom ngan pagtikang na panguhay, tinmubo liwat an mga banwa."
"He answered, “The one who sowed the good seed is the Son of Man.","Binmaton hi Jesus, “An Anak han Tawo amo an tawo nga nagpugas han maupay nga binhe;"
"“As the weeds are pulled up and burned in the fire, so it will be at the end of the age.","Sugad nga gintitirok an mga banwa ngan ginsusunog ha kalayo, amo man ini ha katapos han kalibutan."
"They will throw them into the blazing furnace, where there will be weeping and gnashing of teeth.",ngan ilalabog hira ngadto han naglalaga nga hudno. Magtatangis hira didto ngan manliligot an ira mga ngipon.
"“Again, the kingdom of heaven is like a merchant looking for fine pearls.",“An Ginhadian han langit sugad liwat hin usa ka tawo nga namimiling hin makaruruyag nga mga perlas.
"“Once again, the kingdom of heaven is like a net that was let down into the lake and caught all kinds of fish.","“An Ginhadian han langit sugad liwat hin pukot nga gintunod ha lanaw, nga nakadakop hin magkalainlain nga isda."
"and throw them into the blazing furnace, where there will be weeping and gnashing of teeth.",ngan ilalabog hira ngadto han naglalaga nga hudno. Mananangis hira didto ngan manliligot an ira mga ngipon.
"“Have you understood all these things?” Jesus asked. “Yes,” they replied.","“Nakasabot ba kamo hini nga mga butang?” nagpakiana hi Jesus ha ira. “Oo,” nagbaton hira."
"When Jesus had finished these parables, he moved on from there.","Kahuman ni Jesus pagsumat hini nga mga pananglitan, binmaya hiya hadto nga dapit,"
Aren’t all his sisters with us? Where then did this man get all these things?”,Diri ba nag-uukoy dinhe an iya kabugtoan nga kababayen-an? Diin man kuhaa niya ini ngatanan?”
And he did not do many miracles there because of their lack of faith.,Waray hiya pagbuhat didto hin damo nga mga milagro kay waray man nira pagtoo.
"At that time Herod the tetrarch heard the reports about Jesus,","Hadto nga panahon nakabati hi Herodes, nga hadi ha Galilea mahitungod kan Jesus."
for John had been saying to him: “It is not lawful for you to have her.”,"Ginsiniring hi Herodes ni Juan nga Parabunyag, “Diri tugot nga pangasaw-on mo an asawa han imo bugto!”"
"Herod wanted to kill John, but he was afraid of the people, because they considered John a prophet.","Karuyag ni Herodes patayon hi Juan, kundi nahadlok hiya han mga Judiyo, kay gin-isip nira nga manaragna hi Juan."
that he promised with an oath to give her whatever she asked.,sanglit nagsaad hiya ha iya: “Nagsusumpa ako nga akon ihahatag ha imo an bisan ano nga imo pangaroon!”
and had John beheaded in the prison.,Sanglit pinapugotan niya hi Juan didto ha bilanggoan.
"His head was brought in on a platter and given to the girl, who carried it to her mother.","Gindara an ulo nga sinalod ha plato ngan iginhatag ngadto han daragita, ngan gindara han daragita ngadto han iroy niya."
"Jesus replied, “They do not need to go away. You give them something to eat.”","“Diri kinahanglan nga magkalakat hira,” binmaton hi Jesus. “Hi kamo ngahaw in pagpakaon ha ira.”"
"“We have here only five loaves of bread and two fish,” they answered.","Nagbaton hira, “Lilima la ka bug-os an aton tinapay ngan duduha an isda.”"
"“Bring them here to me,” he said.","Nagsiring hi Jesus, “Dad-a niyo ngadi.”"
"They all ate and were satisfied, and the disciples picked up twelve basketfuls of broken pieces that were left over.","Nangaon an ngatanan ngan nagkabubusog. Katapos, gintirok han mga tinun-an an mga salin nga nakapuno hin dose ka alat."
"The number of those who ate was about five thousand men, besides women and children.","Lima ka yukot nga kalalaken-an an nangaon, labot han kababayen-an ngan han kabataan."
"Shortly before dawn Jesus went out to them, walking on the lake.",Ha may mga alas tres ngadto ha alas seis na han kaagahon kinmadto ha ira hi Jesus nga naglalakat ha bawbaw han tubig.
But Jesus immediately said to them: “Take courage! It is I. Don’t be afraid.”,"Nagyakan dayon hi Jesus ha ira, “Ayaw kamo kahadlok! Ako gad ini!”"
"“Lord, if it’s you,” Peter replied, “tell me to come to you on the water.”","Niyan nagsiring hi Pedro, “Ginoo, kon tinuod nga ikaw, palakata man ako ha bawbaw han tubig ngada ha imo.”"
"And when they climbed into the boat, the wind died down.",Sinmakay hira han sakayan ngan hinmugpoy an hangin.
"Then those who were in the boat worshiped him, saying, “Truly you are the Son of God.”","Nagsingba kan Jesus an mga tinun-an nga nakada han sakayan ngan nagsiring hira, “Matuod gud nga ikaw amo an Anak han Dyos!”"
"When they had crossed over, they landed at Gennesaret.","Tinmabok hira han lanaw ngan inmabot ha Genesaret,"
"Then some Pharisees and teachers of the law came to Jesus from Jerusalem and asked,","Niyan dinmaop kan Jesus in mga Parisiyo ngan mga magturutdo han Balaod nga tikang ha Jerusalem, ngan nagpakiana ha iya:"
You hypocrites! Isaiah was right when he prophesied about you:,Mga salingkapaw kamo! Waray gud pagsayop an igintagna ni Isaias mahitungod ha iyo!
"“ ‘These people honor me with their lips, but their hearts are far from me.","‘Gintatahod ako hini nga katawhan pinaagi han ira la mga pulong, nasiring an Dyos, kundi hirayo ha akon an ira kasingkasing."
They worship me in vain; their teachings are merely human rules.’ ”,"Kawang la an pagsingba nira ha akon, kay nagtututdo hira hin mga hinimo la hin tawo nga mga turumanon sugad nga akon mga sugo!’”"
"Jesus called the crowd to him and said, “Listen and understand.","Niyan gintawag ni Jesus an mga tawo ngan ginsiring hira: “Pamati, ngan sabota niyo!"
"What goes into someone’s mouth does not defile them, but what comes out of their mouth, that is what defiles them.”",Diri an nasulod ha baba han tawo an nakakahugaw ha iya; an nagawas lugod ha baba an nakakahugaw ha iya.”
"He replied, “Every plant that my heavenly Father has not planted will be pulled up by the roots.","Binmaton hi Jesus, “Gagaboton an tagsa nga tanom nga waray igtanom han akon Amay ha langit."
"Peter said, “Explain the parable to us.”","Nagsiring hi Pedro, “Sumati daw kami han kahulogan hini nga pananglitan.”"
“Are you still so dull?” Jesus asked them.,"Nagsiring hi Jesus ha ira, “Diri pa ngay-an kamo labaw hin kamaaram kay han iba."
“Don’t you see that whatever enters the mouth goes into the stomach and then out of the body?,Diri ba kamo nasabot? An bisan ano nga nasulod ha baba hin tawo napasingadto ha tiyan ngan katapos nagawas ha iya lawas?
"But the things that come out of a person’s mouth come from the heart, and these defile them.",Kundi natikang ha kasingkasing an mga butang nga nagawas ha baba; amo ini nga mga butang an nakakahugaw han tawo.
"Leaving that place, Jesus withdrew to the region of Tyre and Sidon.",Binmaya hi Jesus hadto nga dapit ngan kinmadto ha katunaan hirani han mga syudad han Tiro ug Sidon.
"He answered, “I was sent only to the lost sheep of Israel.”","Niyan binmaton hi Jesus, “Ginpadara ako ngadto la han mga nagkawawara nga karnero han katawhan han Israel!”"
"The woman came and knelt before him. “Lord, help me!” she said.","Kundi hinmarani an babaye ngan hinmapa ha tiilan ni Jesus ngan nagsiring, “Buligi gad ako, Ginoo!”"
"He replied, “It is not right to take the children’s bread and toss it to the dogs.”","Nagbaton hi Jesus, “Diri angay kuhaon an pagkaon han mga anak ngan ilabog ngadto han mga ayam.”"
Jesus left there and went along the Sea of Galilee. Then he went up on a mountainside and sat down.,Binmaya hi Jesus hadto nga dapit ngan nagligid hiya han baybayon han lanaw ha Galilea.
He told the crowd to sit down on the ground.,Pinapanlingkod ni Jesus ha tuna an mga tawo.
They all ate and were satisfied. Afterward the disciples picked up seven basketfuls of broken pieces that were left over.,Nangaon hira ngatanan ngan nagkabubusog. Nakatirok pa an mga tinun-an hin pito ka alat han mga salin.
"The number of those who ate was four thousand men, besides women and children.","Upat ka yukot nga kalalaken-an an nangaon, labot han kababayen-an ngan han kabataan."
"After Jesus had sent the crowd away, he got into the boat and went to the vicinity of Magadan.","Niyan ginpaoli ni Jesus an mga tawo, sinmakay hiya han sakayan, ngan kinmadto han katunaan ha Magadan."
"When they went across the lake, the disciples forgot to take bread.","Han pagtabok han mga tinun-an ngadto ha luyo han lanaw, nahingalimot hira pagdara hin tinapay."
"“Be careful,” Jesus said to them. “Be on your guard against the yeast of the Pharisees and Sadducees.”","Ginsiring hira ni Jesus, “Pagbantay ngan paghirot kamo han patubo han mga Parisiyo ngan mga Sadusiyo.”"
"They discussed this among themselves and said, “It is because we didn’t bring any bread.”","Naghiruhimangraw an mga tinun-an, “Nasiring hiya hini kay waray man kita magdara hin tinapay.”"
"Or the seven loaves for the four thousand, and how many basketfuls you gathered?","Ngan mahitungod han pito ka bug-os nga tinapay para han upat ka yukot nga mga tawo, pira ka alat an napuno niyo han nanhisalin?"
“But what about you?” he asked. “Who do you say I am?”,"Nagpakiana hi Jesus ha ira, “An ha iyo, hin-o man ako?”"
"Simon Peter answered, “You are the Messiah, the Son of the living God.”","Binmaton hi Simon Pedro, “Ikaw amo an Mesiyas, an Anak han Dyos nga buhi.”"
Then he ordered his disciples not to tell anyone that he was the Messiah.,Niyan gintugon ni Jesus an iya mga tinun-an nga diri magsumat bisan kan kanay nga hiya amo an Mesiyas.
"Just then there appeared before them Moses and Elijah, talking with Jesus.",Niyan an tulo nga mga tinun-an kinmita kanda Moises ug Elias nga nakikighimangraw kan Jesus.
"When the disciples heard this, they fell facedown to the ground, terrified.","Nagkahadlok gud an mga tinun-an han pakabati nira han tingog, ngan hinmapa hira ha tuna."
"But Jesus came and touched them. “Get up,” he said. “Don’t be afraid.”","Dinmaop hi Jesus ngan ginkaptan hira. Nagsiring hiya, “Buhat! Ayaw kamo kahadlok!”"
"When they looked up, they saw no one except Jesus.","Han paghangad nira, waray na nira hinkit-an labot kan Jesus."
"Jesus replied, “To be sure, Elijah comes and will restore all things.","Binmaton hi Jesus, “Makanhi man ngani anay hi Elias ngan aandamon niya an ngatanan."
Then the disciples understood that he was talking to them about John the Baptist.,"Niyan, nakasabot an mga tinun-an nga naghimangraw hiya ha ira mahitungod kan Juan nga Parabunyag."
"When they came to the crowd, a man approached Jesus and knelt before him.","Pagbalik nira ngadto han mga tawo, dinmaop kan Jesus in tawo, linmuhod ha iya atubangan,"
"I brought him to your disciples, but they could not heal him.”","Gindara ko na hiya ngadto han imo mga tinun-an, kundi waray man hira makaupay ha iya.”"
"Jesus rebuked the demon, and it came out of the boy, and he was healed at that moment.","Ginpaiwas ni Jesus an yawa ngan ginmawas ini, sanglit hito ngahaw nga takna naupay dayon an bata."
"Then the disciples came to Jesus in private and asked, “Why couldn’t we drive it out?”","Niyan dinmaop hin hilit kan Jesus an mga tinun-an ngan nagpakiana ha iya, “Kay ano nga waray man kami makapaiwas han yawa?”"
"They will kill him, and on the third day he will be raised to life.” And the disciples were filled with grief.",nga magpapatay ha iya; kundi mababanhaw hiya ha ikatulo ka adlaw.” Nagmabidoon an mga tinun-an.
"“From others,” Peter answered. “Then the children are exempt,” Jesus said to him.","“An mga lumalangyaw,” binmaton hi Pedro. Nagsiring hi Jesus, “Kon sugad, diri kinahanglan magbayad an mga bungtohanon."
"At that time the disciples came to Jesus and asked, “Who, then, is the greatest in the kingdom of heaven?”","Hadto nga takna kinmadto kan Jesus an mga tinun-an ngan nagpakiana, “Hin-o man an gidadakoi didto han Ginhadian han langit?”"
"He called a little child to him, and placed the child among them.","Gintawag ni Jesus in usa nga bata ngan ginpatukdaw niya ha atubangan nira,"
And whoever welcomes one such child in my name welcomes me.,Ngan adton nakarawat hin sugad hini nga bata ha akon ngaran nakarawat man ha akon.
In the same way your Father in heaven is not willing that any of these little ones should perish.,"Ha amo gud nga pagkaagi, diri karuyag han Amay niyo ha langit nga may mawara hini nga mga gudtiay nga kabataan."
"For where two or three gather in my name, there am I with them.”","Kay kon may duha o tulo nga magkatirok hin pag-ampo ha akon ngaran, aadto ako upod ha ira.”"
"Jesus answered, “I tell you, not seven times, but seventy-seven times.","Binmaton hi Jesus, “Diri la makapito, kundi makakapitoan kag pito."
"As he began the settlement, a man who owed him ten thousand bags of gold was brought to him.","Nagtikang pa la hiya pagtuhay, nga dad-on ha iya in usa nga makalilisang kadako han iya utang."
"The servant’s master took pity on him, canceled the debt and let him go.","Nalooy ha iya an agaron, sanglit ginpara na la an iya utang, ngan ginpalakat hiya."
"“But he refused. Instead, he went off and had the man thrown into prison until he could pay the debt.",Kundi waray hiya pabaribad; iginpapriso lugod niya ngada han pakabayad han utang.
Shouldn’t you have had mercy on your fellow servant just as I had on you?’,Unta imo kinakalooyan an imo igkasi—surugoon sugad nga nalooy ako ha imo.’
"Large crowds followed him, and he healed them there.",Sinmunod ha iya in kadam-an nga mga tawo ngan didto gintambal niya hira.
"So they are no longer two, but one flesh. Therefore what God has joined together, let no one separate.”",Sanglit diri na hira duduha kundi uusa nala. Kinahanglan diri han tawo pagbulagon an gin-usa han Dyos.”
"When he had placed his hands on them, he went on from there.",Gin-agbayan hira niya ngan linmakat hiya.
"honor your father and mother,’ and ‘love your neighbor as yourself.’ ”","tahora an amay ug iroy nimo, ngan higugmaa an imo igkasi tawo sugad ha imo ngahaw.”"
"“All these I have kept,” the young man said. “What do I still lack?”","Binmaton an batan-on, “Gintuman ko na ini ngatanan nga mga sugo, ano pa man an akon sadang buhaton?”"
"When the young man heard this, he went away sad, because he had great wealth.","Han pakabati hini han batan-on, linmakat hiya nga mabidoon, kay riko hiya."
"When the disciples heard this, they were greatly astonished and asked, “Who then can be saved?”","Han pakabati han iya mga tinun-an, nahipausa hira. Nagpakiana hira, “Hin-o man ngay-an in matatalwas?”"
"But many who are first will be last, and many who are last will be first.","Kundi damo in mauorhe nga nag-uuna yana, ngan damo in mauuna nga nauorhe yana."
"He told them, ‘You also go and work in my vineyard, and I will pay you whatever is right.’","Sanglit ginsiring niya hira, ‘Pagtrabaho man kamo ha akon urubasan, ngan tatagan ko kamo hin angay nga suhol.’"
So they went. “He went out again about noon and about three in the afternoon and did the same thing.,"Ngan kinmadto hira. Niyan ha pagka-alas dose, ngan liwat ha alas tres, amo gihapon an ginbuhat niya."
“The workers who were hired about five in the afternoon came and each received a denarius.,Gintagan hin tag-usa ka salapi an mga tawo nga nagtrabaho ha alas singko na han kulop.
"When they received it, they began to grumble against the landowner.","Ginkarawat nira an ira suhol, ngan nagtikang hira hin pagngurutob kontra han tag-iya han urubasan."
"“So the last will be first, and the first will be last.”","Ngan gintapos ini ni Jesus hin pagsiring, “Sanglit, mahiuuna adton mga orhe, ngan mauorhe adton mga nahiuna.”"
"When the ten heard about this, they were indignant with the two brothers.","Han pakabati hini han iba nga napulo nga mga tinun-an, nagkasisina hira han duha nga magbugto."
and whoever wants to be first must be your slave—,"ngan kon may usa ha iyo nga karuyag magin gilalabawi, kinahanglan magin oripon hiya niyo—"
"As Jesus and his disciples were leaving Jericho, a large crowd followed him.","Han nabaya na hi Jesus ug an iya mga tinun-an han Jerico, ginsunod hi Jesus hin damo nga mga tawo."
Jesus stopped and called them. “What do you want me to do for you?” he asked.,Hinmunong hi Jesus ngan gintawag hira. “Ano an iyo karuyag nga buhaton ko ha iyo?” nagpakiana hiya.
"“Lord,” they answered, “we want our sight.”","Binmaton hira, “Ginoo, karuyag namon nga makakita kami!”"
Jesus had compassion on them and touched their eyes. Immediately they received their sight and followed him.,"Nalooy hi Jesus ha ira, ngan ginkamkam an ira mga mata. Nakakita dayon hira, ngan sinmunod hira ha iya."
This took place to fulfill what was spoken through the prophet:,Nahinabo ini basi matuman an iginsiring han manaragna:
The disciples went and did as Jesus had instructed them.,Sanglit linmakat an mga tinun-an ngan gintuman nira an iginsugo ni Jesus ha ira.
"When Jesus entered Jerusalem, the whole city was stirred and asked, “Who is this?”","Han pagsulod na ni Jesus han Jerusalem, narigumok an bug-os nga syudad. Nagpakiana an mga tawo, “Hin-o man ini hiya?”"
"The crowds answered, “This is Jesus, the prophet from Nazareth in Galilee.”","Binmaton an hugpo han mga tawo, “Amo ini hi Jesus, an manaragna nga taga-Nazaret, ha Galilea.”"
"The blind and the lame came to him at the temple, and he healed them.","Gindara ngada ha iya didto ha templo an mga buta ngan an mga lulid, ngan gintambal niya hira."
"And he left them and went out of the city to Bethany, where he spent the night.","Binayaan hira ni Jesus ngan ginmawas hiya han syudad ngadto ha Betania, ngan didto magpalabay hiya han gab-i hin pagpahuway."
"Early in the morning, as Jesus was on his way back to the city, he was hungry.","Han pagkaaga na, han pagbalik ni Jesus ngadto ha syudad, ginutom hiya."
"When the disciples saw this, they were amazed. “How did the fig tree wither so quickly?” they asked.","Nakakita hini an mga tinun-an ngan nahipausa hira. Nagpakiana hira, “Kay ano nga nalaya man dayon an igos?”"
"If you believe, you will receive whatever you ask for in prayer.”","Kon natoo kamo, kakarawaton niyo an bisan ano nga iyo pangaroon dida hin pag-ampo.”"
"“ ‘I will not,’ he answered, but later he changed his mind and went.","Binmaton ini hiya, ‘Diri ako magtratrabaho!’ kundi naliwat an iya hunahuna, ngan kinmadto hiya ha urubasan."
"When the harvest time approached, he sent his servants to the tenants to collect his fruit.","Pag-abot na han panahon han panguha han mga ubas, ginsugo niya in iya mga oripon ngadto han mga saop hin pagkuha han iya bahin."
"“The tenants seized his servants; they beat one, killed another, and stoned a third.","Kundi gindakop han mga saop an iya mga oripon; ginbalbag nira an usa, ginpatay an ikaduha ngan ginbato an iba."
"Then he sent other servants to them, more than the first time, and the tenants treated them the same way.","Nagsugo liwat an tawo hin iba pa nga mga oripon, labaw pa kadamo han syahan, kundi amo gihapon an ginbuhat ha ira han mga saop."
So they took him and threw him out of the vineyard and killed him.,"Sanglit gindakop nira an anak, iginlabog ha gawas han urubasan, ngan ginpatay nira."
"“Therefore, when the owner of the vineyard comes, what will he do to those tenants?”","“Niyan kon umabot na an tag-iya han urubasan, ano man an iya bubuhaton han mga saop?” nagpakiana hi Jesus."
Anyone who falls on this stone will be broken to pieces; anyone on whom it falls will be crushed.”,Masasamad an mahulog ngada hini nga bato; ngan mapipisa an mahulogan hini nga bato.]”
"They looked for a way to arrest him, but they were afraid of the crowd because the people held that he was a prophet.",sanglit nagtinguha hira hin pagdakop ha iya. Kundi nahadlok hira han mga tawo nga nakilala kan Jesus nga usa hiya nga manaragna.
"Jesus spoke to them again in parables, saying:",Ginmamit gihapon hi Jesus hin mga pananglitan han iya pagyakan ha mga tawo.
“The kingdom of heaven is like a king who prepared a wedding banquet for his son.,“An Ginhadian han langit sugad hin hadi nga nag-andam hin kombite han pagkasal para han iya anak nga lalake.
"The rest seized his servants, mistreated them and killed them.","samtang an iba nagdakop han mga surugoon, ginbalbag ngan pinanmatay nira."
So go to the street corners and invite to the banquet anyone you find.’,Yana kadto kamo ha mga kadalanan ngan dapita niyo ngadto han kombite an ngatanan nga mga tawo nga igkita niyo.’
"“For many are invited, but few are chosen.”","Ngan gintapos ni Jesus hin pagsiring, “Kay damo an mga gindapit kundi gutiay la an mga ginpili.”"
Then the Pharisees went out and laid plans to trap him in his words.,Linmakat an mga Parisiyo ngan naghunahuna hira hin pagbitik kan Jesus pinaagi hin mga pakiana.
"Show me the coin used for paying the tax.” They brought him a denarius,",Pakitaa daw ako hin kwarta nga ibinabayad para hin buhis!” Gindad-an hiya nira hin kwarta nga salapi.
"and he asked them, “Whose image is this? And whose inscription?”","Ngan nagpakiana hiya ha ira, “Kanay bayhon ug ngaran inin aanhi?”"
"When they heard this, they were amazed. So they left him and went away.","Han pakabati nira hini, nanhipausa hira. Binayaan nira hiya ngan nagkalakat hira."
"The same thing happened to the second and third brother, right on down to the seventh.","Amo liwat ini an nahanabo han ikaduha nga bugto, han ikatulo, hasta ngadto han ikapito."
"Finally, the woman died.",Ha kataposan namatay man an babaye.
"Now then, at the resurrection, whose wife will she be of the seven, since all of them were married to her?”","Niyan, ha adlaw han pagkabanhaw, kanay man hiya asawa, kay nangasawa man an ngatanan ha iya?”"
"But about the resurrection of the dead—have you not read what God said to you,","Niyan, mahitungod han pagkabanhaw han mga minatay: waray ba niyo mabasa an ginsiring han Dyos ha iyo? Kay nagsiring hiya,"
"When the crowds heard this, they were astonished at his teaching.","Han pakabati hini han mga tawo, nanhipausa hira han iya pagturon-an."
"Hearing that Jesus had silenced the Sadducees, the Pharisees got together.",Nagkausa nga hugpo an mga Parisiyo han pakabati nira nga ginpahilom ni Jesus an mga Sadusiyo.
"One of them, an expert in the law, tested him with this question:",Ngan in usa ha ira nga magturutdo han Balaod karuyag magbitik kan Jesus pinaagi hin pakiana.
"“Teacher, which is the greatest commandment in the Law?”","Nagpakiana hiya, “Magturutdo, ano an gidadakoi nga sugo han Balaod?”"
This is the first and greatest commandment.,Amo ini an gidadakoi ngan labi ka importante nga sugo.
And the second is like it: ‘Love your neighbor as yourself.’,Sugad hini an ikaduha hin ka importante nga sugo: ‘Kinahanglan higugmaon mo an igkasi tawo sugad han imo kalugaringon.’
All the Law and the Prophets hang on these two commandments.”,Dida hini nga duha nga sugo nasandig an bug-os nga Balaod ni Moises ngan an mga pagturon-an han mga manaragna.”
"While the Pharisees were gathered together, Jesus asked them,","Han katirok na han mga Parisiyo, nagpakiana hi Jesus ha ira:"
"He said to them, “How is it then that David, speaking by the Spirit, calls him ‘Lord’? For he says,","Nagpakiana hi Jesus, “Kay ano man nga nag-aghat an Espiritu kan David pagtawag ha iya nga ‘Ginoo’? Kay nagsiring hi David,"
"If then David calls him ‘Lord,’ how can he be his son?”","Sanglit kon gintawag man hiya ni David nga ‘Ginoo’, uunanhon man nga tawgon an Mesiyas nga tulin ni David?”"
Then Jesus said to the crowds and to his disciples:,"Niyan nagsiring hi Jesus ha mga tawo ngan ha iya mga tinun-an,"
“The teachers of the law and the Pharisees sit in Moses’ seat.,“An mga magturutdo han Balaod ngan an mga Parisiyo amo an tinagan hin gahom hin paghubad han balaod ni Moises.
they love the place of honor at banquets and the most important seats in the synagogues;,Karuyag nira an gimauupayi nga mga lingkoran ha mga kombite ngan an linain nga mga lingkoran ha mga sinagoga;
they love to be greeted with respect in the marketplaces and to be called ‘Rabbi’ by others.,"karuyag nira nga yumukbo ha ira an mga tawo didto ha mga taboan, ngan tawgon hira nga ‘Magturutdo.’"
"“But you are not to be called ‘Rabbi,’ for you have one Teacher, and you are all brothers.","Diri kinahanglan tawgon kamo nga ‘Magturutdo,’ kay magburugto la kamo ngatanan, ngan uusa la an iyo Magturutdo."
"Nor are you to be called instructors, for you have one Instructor, the Messiah.","Ayaw kamo pagpatawag nga ‘Pangulo,’ kay an Mesiyas la an iyo pangulo."
The greatest among you will be your servant.,Kinahanglan mahimo nga iyo surugoon an gilalabawi ha iyo.
"For those who exalt themselves will be humbled, and those who humble themselves will be exalted.","Adton magpahitaas han iya kalugaringon, pauubson; ngan adton magpapaubos, pagpapahitas-on."
"You blind fools! Which is greater: the gold, or the temple that makes the gold sacred?","Mga buta ngan mga lurong! Hain labaw ka importante, an bulawan, o an Templo ba nga nagsasantos han bulawan?"
"You blind men! Which is greater: the gift, or the altar that makes the gift sacred?","Pagkabuta gud niyo! Hain in labaw ka importante, an halad, o an altar ba nga naguuray han halad?"
You blind guides! You strain out a gnat but swallow a camel.,Buta nga mga magturugway! Ginsasara niyo an langaw tikang han iyo irimnon kundi gintutulon niyo in kamelyo!
"Blind Pharisee! First clean the inside of the cup and dish, and then the outside also will be clean.","Mga buta nga Parisiyo! Linisi anay an sulod han tasa, ngan magmamalinis liwat an gawas!"
So you testify against yourselves that you are the descendants of those who murdered the prophets.,"Ha pagyakan niyo hini, inuuyonan niyo nga kamo mga tulin hadton nagpatay han mga manaragna."
"Go ahead, then, and complete what your ancestors started!",Sanglit padayona ngan taposa niyo an gintikangan han iyo mga kaapoy-apoyan!
“You snakes! You brood of vipers! How will you escape being condemned to hell?,"Mga halas, ngan mga anak hin mga halas! Uunanhon niyo pakalikay han sirot han impyerno?"
"Truly I tell you, all this will come on this generation.",Nasiring ako ha iyo: an sirot tungod hini ngatanan nga pamatay mahingangada han mga tawo hini yana nga panahon.
"Look, your house is left to you desolate.",Yana babayaan an ngatanan han imo Templo ngan waray masasalin.
Jesus answered: “Watch out that no one deceives you.,"Binmaton hi Jesus, “Pagbantay kamo ngan ayaw kamo palimbong bisan kan kanay."
"For many will come in my name, claiming, ‘I am the Messiah,’ and will deceive many.","Kay makanhi ha akon ngaran in damo nga mga tawo ngan masiring, ‘Amo ako an Mesiyas!’ ngan malilimbongan in damo nga mga tawo."
All these are the beginning of birth pains.,Ini ngatanan sugad han syahan nga mga kasakit nga babation hin tipagaranak.
"At that time many will turn away from the faith and will betray and hate each other,",Damo in mabaya han ira pagtoo hadto nga panahon; magpapalingolingo ngan magpapadumotdumot hira.
and many false prophets will appear and deceive many people.,Niyan maabot in damo nga buwaon nga mga manaragna ngan damo an malilimbongan nira.
"Because of the increase of wickedness, the love of most will grow cold,","Tungod kay magsasarang an karat-an, mahagkot an gugma han kadam-an nga mga tawo."
but the one who stands firm to the end will be saved.,Kundi matatalwas an magpadayon tubtob ha kataposan.
then let those who are in Judea flee to the mountains.,“Niyan adton mga aadto ha Judea kinahanglan kumalagiw ngadto ha kabukiran.
Let no one on the housetop go down to take anything out of the house.,Kinahanglan diri na lumusad hin pagkuha han iya mga higamit ha sakob han iya balay an tawo nga aadto han atop han iya balay.
Let no one in the field go back to get their cloak.,Kinahanglan diri na umoli hin pagkuha han iya kurugpos an tawo nga aadto ha uma.
How dreadful it will be in those days for pregnant women and nursing mothers!,Kamakalilisang hito nga mga adlaw para han mga burod ngan han mga iroy nga may minasus-an!
Pray that your flight will not take place in winter or on the Sabbath.,Pag-ampo kamo sa Dyos nga diri unta ituman an iyo pagkalagiw ha panahon han kahagkot ngan kamauran o ha Adlaw nga Iparahuway!
"At that time if anyone says to you, ‘Look, here is the Messiah!’ or, ‘There he is!’ do not believe it.","“Niyan kon may magsiring ha iyo, ‘Kitaa, iini na an Mesiyas!’ o ‘Aadto hiya didto!’—ayaw kamo tuod ha iya."
"See, I have told you ahead of time.",Tigamni niyo: daan ko na kamo ginpasidaanan hini.
"Wherever there is a carcass, there the vultures will gather.","“Kon hain an mga patay nga lawas, aadto man magtitirok an mga agila."
"Even so, when you see all these things, you know that it is near, right at the door.","Ha amo man nga pagkaagi, kon hikit-an na niyo ini ngatanan, mahibabaro kamo nga hiraniay na hiya, aada na gud ha ganghaan."
"Truly I tell you, this generation will certainly not pass away until all these things have happened.",Hinumdomi ini niyo: mahinanabo ini ngatanan nga diri pa mapatay an ngatanan nga mga tawo hini nga katulinan.
"Heaven and earth will pass away, but my words will never pass away.","Magpapapas pa an langit ngan an tuna, kundi magpapabilin an akon mga pulong."
"As it was in the days of Noah, so it will be at the coming of the Son of Man.",An pag-abot han Anak han Tawo masusugad han nahinabo han panahon ni Noe.
Two men will be in the field; one will be taken and the other left.,"Hito nga panahon, duha ka tawo in magtratrabaho ha uma: kukuhaon an usa ngan ibibilin an ikaduha."
Two women will be grinding with a hand mill; one will be taken and the other left.,Duha nga babaye in maggigiling hin pagkaon: kukuhaon an usa ngan ibibilin an ikaduha.
"“Therefore keep watch, because you do not know on what day your Lord will come.","Sanglit, pagbantay, kay diri kamo maaram kon san-o nga adlaw an pagkanhi han iyo Ginoo."
It will be good for that servant whose master finds him doing so when he returns.,"Pagkamalipayon hito nga surugoon, kon ha pag-oli han iya agaron, hiabotan hiya nga nagtutuman hini!"
"Truly I tell you, he will put him in charge of all his possessions.","Susumatan ta kamo hin tinuod, itatapod han agaron ngada hini nga surugoon an ngatanan niya nga katigayonan."
"But suppose that servant is wicked and says to himself, ‘My master is staying away a long time,’","Kundi kon maraot hiya nga surugoon, masiring hiya ha iya ngahaw, ‘Maiha pa umoli an akon agaron.’"
and he then begins to beat his fellow servants and to eat and drink with drunkards.,"Ngan magtikang hiya pagtubal han iya mga igkasi-surugoon, ngan magpapatakas hin pagkaon ngan pag-inom upod han mga parahubog."
The master of that servant will come on a day when he does not expect him and at an hour he is not aware of.,"Niyan maoli an agaron hini nga surugoon ha adlaw nga waray niya pagpapaabota, ngan ha takna nga diri hiya maaram."
Five of them were foolish and five were wise.,Mga waray buot an lima ha ira ngan mga may-ada buot an lima.
The foolish ones took their lamps but did not take any oil with them.,Nagdara an mga waray buot han ira mga suga kundi waray hira magbalon hin idurugang nga lana.
"The wise ones, however, took oil in jars along with their lamps.",Kundi nagdara an mga may buot hin mga surudlan nga puno hin lana upod han ira mga suga.
"The bridegroom was a long time in coming, and they all became drowsy and fell asleep.","Nalangan pag-abot an karaslon nga lalake, sanglit pinamiraw ini nga mga daraga, ngan nanhingaturog."
“At midnight the cry rang out: ‘Here’s the bridegroom! Come out to meet him!’,"“Han katutnga na, may ginmoliat ‘Aadi na an karaslon? Pakadi na kamo ngan tapoa niyo hiya!’"
“Then all the virgins woke up and trimmed their lamps.,Nagkamata an napulo nga kadaragan-an ngan gin-andam nira an ira mga suga.
"The foolish ones said to the wise, ‘Give us some of your oil; our lamps are going out.’","Niyan sinmiring an mga waray buot ngadto han mga may buot, ‘Tagi gad kami han iyo lana kay nagtitikaparong na an amon mga suga.’"
"“Later the others also came. ‘Lord, Lord,’ they said, ‘open the door for us!’","“Waray pag-iha, inmabot an mga waray buot nga kadaragan-an, ‘Pasudla kami!’ ginmoliat hira."
"“But he replied, ‘Truly I tell you, I don’t know you.’","Kundi binmaton an karaslon, ‘Nasiring ako ha iyo: diri gud ako nakilala ha iyo.’”"
"“Therefore keep watch, because you do not know the day or the hour.","Gintapos ni Jesus an pananglitan hin pagsiring, “Sanglit pagbantay kamo, kay diri kamo maaram han adlaw o han takna.”"
"So also, the one with two bags of gold gained two more.","Ha amo man nga paagi, nakadugang pa hin dos mil pesos an kinmarawat hin dos mil pesos."
"But the man who had received one bag went off, dug a hole in the ground and hid his master’s money.","Kundi linmakat an surugoon nga kinmarawat hin mil pesos, nagbuho hiya ngan tagoon an kwarta han iya agaron."
“After a long time the master of those servants returned and settled accounts with them.,"“Paghagos hin maiha nga panahon, inmoli an agaron hini nga mga surugoon ngan nakigtuhay ha ira."
"So I was afraid and went out and hid your gold in the ground. See, here is what belongs to you.’","Nahadlok ako, sanglit linmakat ako ngan gintago ko ha tuna an imo kwarta. Kitaa, iini an kwarta. Waray ito kaibani.’"
“ ‘So take the bag of gold from him and give it to the one who has ten bags.,"Yana, kuhaa niyo an kwarta ha iya ngan ihatag ngadto han surugoon nga may napulo ka yukot ka pesos."
He will put the sheep on his right and the goats on his left.,"Ibubutang niya an mga karnero ha iya tuo, ngan an mga kanding ha iya wala."
"I needed clothes and you clothed me, I was sick and you looked after me, I was in prison and you came to visit me.’","lubas ako, ngan iyo ako ginpanaptonan; nasakit ako, ngan iyo ako ginmangnoan; napriso ako, ngan iyo ako ginbisita.’"
"When did we see you a stranger and invite you in, or needing clothes and clothe you?",Kakan-o kami kita ha imo nga diri ka kinikilala ngan ginkarawat ka ngadto han amon mga panimalay o lubas ngan ginpanaptonan ka?
When did we see you sick or in prison and go to visit you?’,"Kakan-o kami kita ha imo nga masakit o priso, ngan ginbisita ka namon?’"
"For I was hungry and you gave me nothing to eat, I was thirsty and you gave me nothing to drink,","Kay ginutom ako, kundi waray ako niyo pakaona; inuhaw ako, kundi waray ako niyo paimna."
"“Then they will go away to eternal punishment, but the righteous to eternal life.”",Sanglit ikakadto ini hira ha sirot nga waray kataposan; kundi mapakadto an mga magtadong ha dayon nga kinabuhi.”
"When Jesus had finished saying all these things, he said to his disciples,","Katapos ni Jesus pagtutdo hini ngatanan, nagsiring hiya ha iya mga tinun-an,"
and they schemed to arrest Jesus secretly and kill him.,"Nagsarabot hira hin hilom la nga pagdakop kan Jesus, ngan pagpatay ha iya."
"“But not during the festival,” they said, “or there may be a riot among the people.”","Nagsiring hira, “Kinahanglan diri ta buhaton ini ha panahon han pyesta, kay bangin magkasaramok an mga tawo.”"
"While Jesus was in Bethany in the home of Simon the Leper,","Han nakadto hi Jesus ha Betania didto han balay ni Simon nga sanlahon,"
"When the disciples saw this, they were indignant. “Why this waste?” they asked.","Hinkit-an ini han mga tinun-an ni Jesus, ngan nasina hira. “Kay ano hin pagkaragi hini nga pahamot?” nagpakiana hira."
“This perfume could have been sold at a high price and the money given to the poor.”,“Mababaligya unta hin mahal ini nga pahamot ngan an kwarta mahahatag ha mga kablas!”
"The poor you will always have with you, but you will not always have me.","Dayuday kaupod niyo an mga kablas, kundi diri ako dayuday kaupod niyo."
"When she poured this perfume on my body, she did it to prepare me for burial.",Iginbubo niya ha akon lawas ini nga pahamot para pag-andam han paglubong ha akon.
Then one of the Twelve—the one called Judas Iscariot—went to the chief priests,"Kinmadto han mga puno han kapadian in usa han dose nga mga tinun-an, nga ginngangaranan kan Judas Iscariote,"
From then on Judas watched for an opportunity to hand him over.,Tikang hadto nga takna naghingita na hi Judas hin maupay nga higayon hin paglingo kan Jesus.
So the disciples did as Jesus had directed them and prepared the Passover.,"Gintuman han mga tinun-an an iginsugo ha ira ni Jesus, ngan gin-andam an kanan Paglabay nga pangaon."
"When evening came, Jesus was reclining at the table with the Twelve.","Han pagkagab-i na, linmingkod hin pagkaon hi Jesus ngan an dose niya nga mga tinun-an."
"And while they were eating, he said, “Truly I tell you, one of you will betray me.”","Samtang nangangaon hira, nagsiring hi Jesus, “Susumatan ta kamo, usa ha iyo in maglilingo ha akon.”"
"They were very sad and began to say to him one after the other, “Surely you don’t mean me, Lord?”","Duro an kabido han mga tinun-an ngan an tagsatagsa nagpakiana ha iya, “Ako ba, Ginoo?”"
"Jesus replied, “The one who has dipped his hand into the bowl with me will betray me.","Binmaton hi Jesus, “An madungan ha akon hin pagtunlob han iya tinapay ha plato, amo hiya an maglilingo ha akon."
"Then Judas, the one who would betray him, said, “Surely you don’t mean me, Rabbi?” Jesus answered, “You have said so.”","Nagpakiana hi Judas, an malingo nga tawo, “Magturutdo, ako ba an karuyag mo sidngon?” Binmaton hi Jesus, “Ginyakan mo ini.”"
"Then he took a cup, and when he had given thanks, he gave it to them, saying, “Drink from it, all of you.","Ngan kinuha niya an kupa, nagpasalamat sa Dyos, ngan iginhatag ini ha ira upod an pagsiring, “Inom kamo ngatanan hini."
"When they had sung a hymn, they went out to the Mount of Olives.",Ngan nagkanta hira hin usa nga imno ngan nagpasingadto hira ha Bukid han mga Olibo.
"But after I have risen, I will go ahead of you into Galilee.”","Kundi kon mabanhaw na ako, mag-uuna ako ha iyo ngadto ha Galilea.”"
"Peter replied, “Even if all fall away on account of you, I never will.”","Nagsiring hi Pedro kan Jesus, “Diri gud ako mabaya ha imo bisan pa kon bayaan ka han ngatanan!”"
"He took Peter and the two sons of Zebedee along with him, and he began to be sorrowful and troubled.","Igin-upod niya hira Pedro ngan an duha nga mga anak ni Sebedeo. Binmati hiya hin dako nga kasakit ngan kabido,"
"When he came back, he again found them sleeping, because their eyes were heavy.",Binmalik liwat hiya ngan hin-agian niya an mga tinun-an nga nangangaturog kay piraw na gud hira hin duro.
"So he left them and went away once more and prayed the third time, saying the same thing.","Sanglit binayaan liwat hira ni Jesus, pinmaharayo hiya, ngan nag-ampo hin ikatulo, hin amo gihapon nga mga pulong."
Rise! Let us go! Here comes my betrayer!”,"Pagkabuhat kamo, pagkalakat na kita. Kitaa, aanhi na an tawo nga maglilingo ha akon!”"
"Going at once to Jesus, Judas said, “Greetings, Rabbi!” and kissed him.","Han pag-abot ni Judas, kinmadto dayon hiya kan Jesus ngan sinmiring, “Magturutdo, an kalinaw maada ha imo,” ngan ginhadkan hiya."
But how then would the Scriptures be fulfilled that say it must happen in this way?”,"Kundi kon buhaton ini, ano man hin katuman han Kasuratan nga nasiring nga kinahanglan ini mahinabo?”"
"What do you think?” “He is worthy of death,” they answered.","Ano an iyo ighuhukom?” Binmaton hira, “Salaan hiya ngan kinahanglan mamatay.”"
"But he denied it before them all. “I don’t know what you’re talking about,” he said.","Kundi iginlirong niya ini ha atubangan nira ngatanan. “Diri ako maaram han imo ginyayakan,” binmaton hiya,"
"He denied it again, with an oath: “I don’t know the man!”","Kundi naglirong liwat hi Pedro ngan binmaton, “Iginsusumpa ko nga diri ako nakilala hito nga tawo!”"
"So they bound him, led him away and handed him over to Pilate the governor.","Ginggapos nira hiya, gindara, ngan igintubyan kan Pilato, an gobernador nga Romano."
That is why it has been called the Field of Blood to this day.,Sanglit ginngaranan an uma nga “Uma hin Dugo” ngada yana nga adlaw.
"and they used them to buy the potter’s field, as the Lord commanded me.”","ngan ginamit nira hin pagpalit han uma han maghirimo hin daba, sumala han sugo ha akon han Ginoo.”"
"When he was accused by the chief priests and the elders, he gave no answer.",Kundi waray hiya magbaton han mga sumbong han mga puno han kapadian ngan katigurangan.
"Then Pilate asked him, “Don’t you hear the testimony they are bringing against you?”","Sanglit nagsiring hi Pilato ha iya, “Diri ka ba nabati han ngatanan nga ira sumbong ha imo?”"
"But Jesus made no reply, not even to a single charge—to the great amazement of the governor.","Kundi waray gud hi Jesus magbaton bisan na man la usa ka pulong, sanglit duro gud an paghipausa han gobernador."
At that time they had a well-known prisoner whose name was Jesus Barabbas.,Hadto nga panahon may kilala kaupay nga preso nga Jesus Barabas an ngaran.
For he knew it was out of self-interest that they had handed Jesus over to him.,Nasayod hi Pilato nga igintubyan nira hi Jesus ha iya tungod la hin kaawa.
"All the people answered, “His blood is on us and on our children!”","Binmaton an ngatanan nga mga tawo, “Kami ngan han amon mga anak an mabaton han kamatayon hini nga tawo!”"
"Then he released Barabbas to them. But he had Jesus flogged, and handed him over to be crucified.","Niyan ginbuhian ni Pilato hi Barabas, iginpalatob niya hi Jesus, ngan igintubyan hiya ha ira basi igraysang ha kros."
"They stripped him and put a scarlet robe on him,",Ginlubasan hiya han iya panapton ngan ginsul-otan hiya hin hilawig nga pula nga bado.
"They spit on him, and took the staff and struck him on the head again and again.",Ginludhan hiya ngan kinuha nira an sipak han iya kamot ngan ginbalbag an iya ulo.
They came to a place called Golgotha (which means “the place of the skull”).,"Inmabot hira ha usa nga dapit nga ginngangaranan nga Golgota, nga an kahulogan, “An Dapit han Klabera.”"
"There they offered Jesus wine to drink, mixed with gall; but after tasting it, he refused to drink it.","Didto gintagan nira hi Jesus hin bino nga sinaktan hin apdo basi niya imnon. Kundi han pakatilaw ni Jesus, waray hiya uminom."
"When they had crucified him, they divided up his clothes by casting lots.",Niyan iginraysang hiya nira ha kros ngan ginbahinbahin nira an iya mga panapton pinaagi hin ripa.
"And sitting down, they kept watch over him there.","Pagkatapos, linmingkod hira ngan ginbantayan nira hiya."
"Above his head they placed the written charge against him: this is jesus, the king of the jews .","Iginpaskin nira ha igbaw han iya ulo an sinurat nga sumbong kontra ha iya: “Amo ini hi Jesus, an hadi han mga Judiyo.”"
"Two rebels were crucified with him, one on his right and one on his left.","Ngan iginraysang liwat nira ha kros in duha nga mga tulisan upod kan Jesus, an usa ha iya tuo ngan an usa ha iya wala."
"Those who passed by hurled insults at him, shaking their heads","An mga tawo nga nangangagi nagpilingpiling han ira ulo ngan nagyubit kan Jesus hin pagsiring,"
In the same way the rebels who were crucified with him also heaped insults on him.,Bisan pa ngani an mga tulisan nga iginraysang upod ha iya nagbiaybiay ha iya.
From noon until three in the afternoon darkness came over all the land.,"Han pagka-udto, nagsirom an bug-os nga tuna sulod hin tulo ka oras."
"When some of those standing there heard this, they said, “He’s calling Elijah.”","Nakabati ha iya an iba nga mga tawo nga nagkakatukdaw didto ngan nagsiring hira, “Nagtatawag hiya kan Elias!”"
"The rest said, “Now leave him alone. Let’s see if Elijah comes to save him.”","Kundi nagsiring an iba, “Hulat anay, kikitaon ta kon kumanhi manggud hi Elias hin pagtalwas ha iya!”"
"And when Jesus had cried out again in a loud voice, he gave up his spirit.","Hin makusog nga tingog ginmuliat hi Jesus, ngan nabunosan hiya han iya kinabuhi."
and the tombs broke open. The bodies of many holy people who had died were raised to life.,"nagkaabre an mga lubnganan, ngan damo nga mga patay na nga magtinuohon han Dyos an nabanhaw."
"Many women were there, watching from a distance. They had followed Jesus from Galilee to care for his needs.","Damo in kababayen-an nga nagkikinita tikang ha hirayo. Nagsinunod ini hira kan Jesus tikang pa ha Galilea, ngan nagbulig ha iya."
"Going to Pilate, he asked for Jesus’ body, and Pilate ordered that it be given to him.",Nakigkita hiya kan Pilato ngan gin-aro niya an lawas ni Jesus. Nagsugo hi Pilato nga ihatag an lawas kan Jose.
"Joseph took the body, wrapped it in a clean linen cloth,",Sanglit gindara ni Jose an lawas ngan ginputos hin bag-o nga taklap nga lino.
Mary Magdalene and the other Mary were sitting there opposite the tomb.,"Nakadto hira Maria Magdalena ngan an usa pa nga Maria, nalingkod ha atubangan han lubnganan."
"“Take a guard,” Pilate answered. “Go, make the tomb as secure as you know how.”","Ngan nagsiring hi Pilato ha ira, “Kuha kamo hin magbarantay ngan pabantayi ha iya hin maupay an lubnganan.”"
"His appearance was like lightning, and his clothes were white as snow.","Sugad hin kikidlat an iya dagway, ngan duro kamabusag an iya panapton."
The guards were so afraid of him that they shook and became like dead men.,"Duro an pangurog tungod hin kahadlok an mga bantay, ngan waray hira makakiwa, sugad hira hin mga patay."
"He is not here; he has risen, just as he said. Come and see the place where he lay.",Waray hiya dinhe; nabanhaw hiya sugad han siring niya. Kadi ngan kitaa niyo an dapit nga ginhigdaan niya.
"If this report gets to the governor, we will satisfy him and keep you out of trouble.”","Ngan kon makabati hini an Gobernador, kami na an labi nga maaram hin pagbaton ha iya ngan waray niyo sadang kabarak-an.”"
"Then the eleven disciples went to Galilee, to the mountain where Jesus had told them to go.","Kinmadto ha Galilea an onse nga mga tinun-an, ha bukid nga ginpakadtoan ha ira ni Jesus."
"When they saw him, they worshiped him; but some doubted.","Han pakakita nira ha iya, ginsingba hiya nira, bisan kon may-ada ha ira nagruhaduha."
"Then Jesus came to them and said, “All authority in heaven and on earth has been given to me.","Hinmarani hi Jesus ngan ginsiring hira, “Iginhatag ha akon an ngatanan nga gahom ha langit ngan ha tuna."
"The beginning of the good news about Jesus the Messiah, the Son of God,",Amo ini an Maupay nga Sumat mahitungod kan Jesu-Cristo nga Anak han Dyos.
"“a voice of one calling in the wilderness, ‘Prepare the way for the Lord, make straight paths for him.’ ”","May-ada usa nga naggiginoliat ha kamingawan, ‘Andama an dalan para han Ginoo; ngan tadonga an iya aagian!’”"
"I baptize you with water, but he will baptize you with the Holy Spirit.”","Nagbubunyag ako ha iyo hin tubig, kundi magbubunyag hiya ha iyo han Espiritu Santo.”"
"And a voice came from heaven: “You are my Son, whom I love; with you I am well pleased.”","Hinbatian in tingog tikang ha langit nga nasiring, “Ikaw an akon hinigugma nga Anak. Nalilipay gud ako ha imo.”"
"At once the Spirit sent him out into the wilderness,",Ha gilayon hi Jesus ginpakadto han Espiritu ha kamingawan.
"After John was put in prison, Jesus went into Galilee, proclaiming the good news of God.","Han kabilanggo ni Juan, kinmadto hi Jesus ha Galilea ngan nagwali hiya didto han Maupay nga Sumat tikang sa Dyos."
"“Come, follow me,” Jesus said, “and I will send you out to fish for people.”","Nagsiring hi Jesus ha ira, “Bunyog kamo ha akon ngan tututdoan ta kamo hin pangisda hin mga tawo.”"
At once they left their nets and followed him.,Binayaan nira dayon an ira mga pukot ngan binmunyog hira kan Jesus.
"Just then a man in their synagogue who was possessed by an impure spirit cried out,","Hito nga takna, sinmakob han sinagoga in tawo nga may maraot nga espiritu ngan ginmoliat,"
“Be quiet!” said Jesus sternly. “Come out of him!”,"Ginsaway ni Jesus an maraot nga espiritu, “Ayaw hin aringasa. Gawas dida hito nga tawo!”"
The impure spirit shook the man violently and came out of him with a shriek.,"Binuntog an tawo, ginmoliat hin dako nga tingog, ngan ginmawas an maraot nga espiritu dida ha iya."
News about him spread quickly over the whole region of Galilee.,Nahisangyaw dayon ha bisan diin nga dapit han katunaan ha Galilea ini nga hinabo nga ginbuhat ni Jesus.
"Simon’s mother-in-law was in bed with a fever, and they immediately told Jesus about her.","Nahigda an ugangan nga babaye ni Simon kay hinihirantan. Pag-abot ni Jesus, ginsumatan hiya mahitungod hini nga masakit."
"The whole town gathered at the door,",Nagtirok an mga tawo ha atubangan han balay.
"Simon and his companions went to look for him,",Kundi ginmawas liwat han bungto hi Simon ngan an iya mga kaurupod hin pamiling kan Jesus.
"and when they found him, they exclaimed: “Everyone is looking for you!”","Paghiagii nira ha iya, ginsiring nira hiya, “An mga tawo nagpipinamiling ha imo.”"
"So he traveled throughout Galilee, preaching in their synagogues and driving out demons.","Sanglit nagsudoy hiya han bug-os nga Galilea, nagwali hiya ha mga sinagoga ngan nagpagawas hiya hin mga yawa."
"Jesus was indignant. He reached out his hand and touched the man. “I am willing,” he said. “Be clean!”","Nalooy hi Jesus ha iya. Gindun-an hiya ni Jesus ngan sidngon, “Karuyag ko. Magmalinis ka!”"
Immediately the leprosy left him and he was cleansed.,Nakuha dayon an sanla ngan naupay an tawo.
Jesus sent him away at once with a strong warning:,"Ginpaoli hiya upod an hugot nga pagtugon ha iya,"
"A few days later, when Jesus again entered Capernaum, the people heard that he had come home.","Paglabay hin pira ka adlaw, binmalik hi Jesus ha Capernaum ngan nahibantog nga inmoli na hiya."
"Some men came, bringing to him a paralyzed man, carried by four of them.",gindara ngada ha iya in usa nga lulid nga ginpasag hin upat ka tawo.
"When Jesus saw their faith, he said to the paralyzed man, “Son, your sins are forgiven.”","Nakasabot hi Jesus han ira dako nga pagtoo, ngan ginsiring niya an lulid, “Anak, ginpasaylo na an imo mga sala.”"
"Now some teachers of the law were sitting there, thinking to themselves,","May-ada mga magturutdo han Balaod nga nagkakalingkod didto nga nagsiring ha ira ngahaw,"
"But I want you to know that the Son of Man has authority on earth to forgive sins.” So he said to the man,","Ipapakita ko ha iyo nga may gahom dinhe ha tuna an Anak han Tawo hin pagpasaylo han mga sala.” Sanglit ginsiring niya an lulid,"
"“I tell you, get up, take your mat and go home.”","“Nasiring ako ha imo, buhat, dad-a an imo higdaan ngan uli ha iyo balay!”"
"Once again Jesus went out beside the lake. A large crowd came to him, and he began to teach them.",Binmalik hi Jesus ngadto ha baybayon han Lanaw Galilea. Dinmaop in mga tawo ha iya ngan nagtikang hiya hin pagtutdo ha ira.
"But the time will come when the bridegroom will be taken from them, and on that day they will fast.",Kundi maabot an panahon nga mabaya ha ira an kinasal; ngan amo na an ira diri pagkaon.
"The Pharisees said to him, “Look, why are they doing what is unlawful on the Sabbath?”","Nagsiring an mga Parisiyo kan Jesus, “Diri tugot han aton Balaod nga mangutos an imo mga tinun-an ha Adlaw nga Iparahuway.”"
"Then he said to them, “The Sabbath was made for man, not man for the Sabbath.","Nagsiring hi Jesus, “Ginhimo an Adlaw nga Iparahuway tungod han tawo; diri an tawo tungod han Adlaw nga Iparahuway."
So the Son of Man is Lord even of the Sabbath.”,Sanglit an Anak han Tawo Ginoo bisan han Adlaw nga Iparahuway.”
"Another time Jesus went into the synagogue, and a man with a shriveled hand was there.",Binmalik hi Jesus ngadto ha sinagoga diin nakadto in tawo nga patay an kamot.
"Jesus said to the man with the shriveled hand, “Stand up in front of everyone.”","Ginsiring ni Jesus an tawo nga patay an kamot, “Pakadi ha atubangan.”"
But he gave them strict orders not to tell others about him.,Gintugon hin maupay ni Jesus an mga yawa nga diri magsumat kon hin-o hiya.
"Jesus went up on a mountainside and called to him those he wanted, and they came to him.",Sinmagka hi Jesus hin pungtod ngan ginpadaop niya an mga kalalaken-an nga kinaruyag niya. Dinmaop hira
and to have authority to drive out demons.,ngan tatagan ko kamo hin gahom hin pagpaiwas hin mga yawa.”
"These are the twelve he appointed: Simon (to whom he gave the name Peter),",Amo ini an dose nga ginpili niya: hi Simon (ginngaranan hiya ni Jesus nga Pedro);
"and Judas Iscariot, who betrayed him.",ngan hi Judas Iscariote nga naglingo kan Jesus.
"If a kingdom is divided against itself, that kingdom cannot stand.","Kon magkabahinbahin in usa nga nasod ngan mag-aruaraway hira, mapupukan ito nga nasod."
"If a house is divided against itself, that house cannot stand.","Kon makabahinbahin in usa nga panimalay ngan mag-aruaraway hira, mabubungkag ito nga panimalay."
"And if Satan opposes himself and is divided, he cannot stand; his end has come.","Sanglit kon magkabahinbahin an ginhadian ni Satanas, diri ito mag-iiha, kundi mabubungkag ngan mapupukan."
"He said this because they were saying, “He has an impure spirit.”",Ginyakan ini ni Jesus kay may-ada nasiring nga may-ada hiya maraot nga espiritu.)
“Who are my mother and my brothers?” he asked.,"Binmaton hi Jesus, “Hin-o an akon iroy? Hin-o an akon kabugtoan?”"
Whoever does God’s will is my brother and sister and mother.”,Akon kabugtoan ngan akon iroy an bisan hin-o nga nagtutuman han iginpapabuhat ha iya han Dyos.”
"He taught them many things by parables, and in his teaching said:",Damo an igintutdo niya pinaagi hin mga pananglitan. Dida han iya pagtutdo nagsiring hiya ha ira:
“Listen! A farmer went out to sow his seed.,“Pamati kamo! May-ada tawo nga kinmadto han iya uma hin pagsabod.
"As he was scattering the seed, some fell along the path, and the birds came and ate it up.","Han nagsasabod hiya, may mga binhe nga nagkataktak ha dalan ngan pinanuktok han mga tamsi."
"Some fell on rocky places, where it did not have much soil. It sprang up quickly, because the soil was shallow.",May-ada nahulog ngada hin batoon nga tuna. Tinmurok gad an binhe kay may-ada man manipis nga tuna.
"But when the sun came up, the plants were scorched, and they withered because they had no root.","Kundi han pagsirak han adlaw, nalaya an mga tanom kay waray makagamot hin maupay, ngan nagkauuga."
"Then Jesus said, “Whoever has ears to hear, let them hear.”","Ngan nagsiring hi Jesus, “Kon hin-o ha iyo an may durunggan, mamati hin maupay!”"
The farmer sows the word.,An magsarabod nagsabod han mensahe han Dyos.
"Still others, like seed sown among thorns, hear the word;","An iba nga mga tawo sugad hin mga binhe nga ginsabod dida hin tunokon nga kabanwaan. Nakakabati ini hira han mensahe,"
"For whatever is hidden is meant to be disclosed, and whatever is concealed is meant to be brought out into the open.",Ipadadayag an natatago; bubuksan an natatahoban.
"If anyone has ears to hear, let them hear.”","Kon hin-o an may mga durunggan, mamati hin maupay!”"
"Whoever has will be given more; whoever does not have, even what they have will be taken from them.”","Tatagan pa adton may-ada na; kukuhaan adton waray, bisan han gutiay nga aada ha iya.”"
"He also said, “This is what the kingdom of God is like. A man scatters seed on the ground.",Nagpadayon hi Jesus hin pagsiring: “Alid-agid an Ginhadian han Dyos hin tawo nga nagsabod hin binhe ha iya uma.
"All by itself the soil produces grain—first the stalk, then the head, then the full kernel in the head.","An tuna ngahaw an nakakapatubo ngan nakakapabunga: syahan, nananahon; niyan, namumukad; kahuman, namumunga."
"As soon as the grain is ripe, he puts the sickle to it, because the harvest has come.”","Kon hinog na an bunga, gin-aani han tag-iya, kay inmabot na an takna hin panguha."
"That day when evening came, he said to his disciples, “Let us go over to the other side.”","Han pagkagab-i hito manta nga adlaw, nagsiring hi Jesus ha iya mga tinun-an, “Talabok kita ngadto ha luyo han lanaw.”"
"He said to his disciples, “Why are you so afraid? Do you still have no faith?”","Nagsiring hi Jesus ha iya mga tinun-an, “Kay ano nga nahahadlok man kamo? Waray la gihapon kamo pagtoo?”"
They went across the lake to the region of the Gerasenes.,"Inmabot hira ha tabok han Lanaw han Galilea, didto han tuna han mga taga-Gadara."
"When Jesus got out of the boat, a man with an impure spirit came from the tombs to meet him.","Han paghaw-as gud la ni Jesus han sakayan, gintapo hiya hin tawo nga tikang ha mga lungib nga lubnganan."
"When he saw Jesus from a distance, he ran and fell on his knees in front of him.","Tay-aw hiya han pakakita niya kan Jesus. Sanglit dinmalagan hiya, hinmapa ha atubangan ni Jesus,"
"For Jesus had said to him, “Come out of this man, you impure spirit!”","Ginyakan ini niya kay nagsiring hi Jesus ha iya: “Maraot nga espiritu, gawas dida hini nga tawo!”)"
"Then Jesus asked him, “What is your name?” “My name is Legion,” he replied, “for we are many.”","Sanglit ginpakianhan hiya ni Jesus, “Hin-o an imo ngaran?” Binmaton an tawo, “‘Panon’ an akon ngaran, kay damo kami.”"
And he begged Jesus again and again not to send them out of the area.,Waray hiya humunong pakimalooy kan Jesus nga diri pagawson an maraot nga mga espiritu dida hito nga tuna.
A large herd of pigs was feeding on the nearby hillside.,May-ada dako nga panon hin kababoyan nga naniningaon dida hin hirani nga pungtod.
"The demons begged Jesus, “Send us among the pigs; allow us to go into them.”","Naghangyo kan Jesus an magraot nga mga espiritu, “Pasudla kami ngadto han kababoyan.”"
Those who had seen it told the people what had happened to the demon-possessed man—and told about the pigs as well.,Nagsumat han mga tawo adton nakakita kon ano an nahinabo han tawo nga sinangkayan hin yawa ngan han kababoyan.
Then the people began to plead with Jesus to leave their region.,Sanglit ginhangyo nira hi Jesus nga gumawas han ira tuna.
"As Jesus was getting into the boat, the man who had been demon-possessed begged to go with him.","Han naisarakay na hi Jesus, nakimalooy an tawo nga iniwasan hin mga yawa, nga paupdon hiya."
So Jesus went with him. A large crowd followed and pressed around him.,Ngan inmupod hi Jesus ha iya. Damo liwat nga mga tawo an binmunyog kan Jesus ngan gindadaisog hiya han mga tawo.
And a woman was there who had been subject to bleeding for twelve years.,"May-ada babaye nga makalilisang na an gin-antos tungod hin duro nga pagdinugoi ha iya hin dose na ka tuig,"
"because she thought, “If I just touch his clothes, I will be healed.”","Nagsiring hiya ha iya ngahaw, “Kon makakapot la ako bisan la han iya bado, mauupay gud ako.”"
Immediately her bleeding stopped and she felt in her body that she was freed from her suffering.,"Kinaptan niya an bado ni Jesus, ngan inmukoy dayon an pagdinugoi ha iya; inabat niya nga naupay hiya han iya sakit."
But Jesus kept looking around to see who had done it.,Kundi gin-osisa gud ni Jesus kon hin-o an kinapot han iya bado.
"Overhearing what they said, Jesus told him, “Don’t be afraid; just believe.”","Waray la makigbali hi Jesus han ira ginsumat, kundi ginsiring hi Jairo, “Ayaw kahadlok. Too la.”"
"He did not let anyone follow him except Peter, James and John the brother of James.","Ngan waray ginpaupod ni Jesus, labot kan Pedro ngan han magbugto, hira Santiago ug Juan."
"Jesus left there and went to his hometown, accompanied by his disciples.",Binmaya hi Jesus hito nga dapit ngan inmoli ngadto han iya kalugaringon nga bungto ngan an iya mga tinun-an sinmunod ha iya.
Wear sandals but not an extra shirt.,Pagsul-ot kamo hin sandalyas kundi ayaw pagdara hin liliwanan.”
"Whenever you enter a house, stay there until you leave that town.","Gintugon pa hira, “Kon diin kamo nga balay karawata ngan pasak-a pabilin kamo dida ngahaw tubtob han iyo pagbaya hito nga dapit."
They went out and preached that people should repent.,Sanglit nagkalakat ngan nagwali hira nga kinahanglan bumaya an mga tawo han ira mga sala.
They drove out many demons and anointed many sick people with oil and healed them.,"Nagpaiwas hira hin damo nga mga yawa, ngan nagdihog hira hin lana ha damo nga mga magsakit, ngan gin-upay nira hira."
"But when Herod heard this, he said, “John, whom I beheaded, has been raised from the dead!”","Han pakabati hini ni Herodes, nagsiring hiya, “Amo hiya hi Juan nga Parabunyag! Ginpapugotan ko na hiya, kundi nabuhi liwat!”"
"For John had been saying to Herod, “It is not lawful for you to have your brother’s wife.”","Waray hunong hin pagsinaway ni Juan kan Herodes, “Diri matadong nga buhat an pag-asawa mo han asawa han imo bugto!”"
"So Herodias nursed a grudge against John and wanted to kill him. But she was not able to,","Sanglit nagdumot hi Herodias kan Juan ngan karuyag niya patayon, kundi waray hiya makahimo tungod kan Herodes."
"The king was greatly distressed, but because of his oaths and his dinner guests, he did not want to refuse her.","Nabido kaupay an hadi; kundi waray hiya makabaribad, kay nagsaad hiya ha atubangan han iya nga dinapit."
The apostles gathered around Jesus and reported to him all they had done and taught.,Binmalik ngan nakigkita kan Jesus an mga apostoles ngan ginsumatan hiya nira han ngatanan nga ira ginbuhat ngan gintutdo.
So they went away by themselves in a boat to a solitary place.,Sanglit sinmakay hira hin sakayan ngadto hin dapit nga mamingaw.
Then Jesus directed them to have all the people sit down in groups on the green grass.,Ginsugo ni Jesus an iya mga tinun-an nga pagpurupundokon hira hin pagkalingkod dida han kabanwaan.
So they sat down in groups of hundreds and fifties.,Sanglit nagpurupundok an mga tawo hin tinag 100 ngan tinag 50.
"They all ate and were satisfied,",Nanngaon an ngatanan ngan nagkabubusog.
and the disciples picked up twelve basketfuls of broken pieces of bread and fish.,"Kahuman, nakatirok pa an mga tinun-an hin dose ka alat han nahisalin nga mga tinapay ngan isda."
The number of the men who had eaten was five thousand.,Lima ka yukot nga kalalaken-an an nangaon han tinapay.
"After leaving them, he went up on a mountainside to pray.","Kahuman niya manamilit han iya mga tinun-an, kinmadto hiya hin usa nga pungtod basi hiya mag-ampo."
"Later that night, the boat was in the middle of the lake, and he was alone on land.","Han pagkagab-i na, nakadto na an sakayan ha butnga han lanaw, samtang nag-uusaan la hi Jesus didto ha sagka."
"but when they saw him walking on the lake, they thought he was a ghost. They cried out,","Kundi kinmita hira nga naglalakat hiya ha bawbaw han tubig. Hunahuna nira nga murto adto, sanglit ginmoliat hira"
"Then he climbed into the boat with them, and the wind died down. They were completely amazed,","Sinmakay hiya han sakayan upod ha ira ngan hinmugpoy dayon an hangin. Duro an paghipausa han mga tinun-an,"
for they had not understood about the loaves; their hearts were hardened.,kay waray nira hisabti an kahulogan han pagpadamo han mga tinapay; makuri pa adto matugkad han ira mga hunahuna.
"When they had crossed over, they landed at Gennesaret and anchored there.",Tinmabok hira han lanaw ngan inmabot hira ha Genesaret diin iginhigot nira an ira sakayan.
"As soon as they got out of the boat, people recognized Jesus.","Han nabaya na hira han sakayan, kinmilala dayon kan Jesus an mga tawo."
The Pharisees and some of the teachers of the law who had come from Jerusalem gathered around Jesus,Nag-alirong kan Jesus an mga Parisiyo ngan in pira han mga magturutdo han Balaod nga nagkaabot tikang ha Jerusalem.
They worship me in vain; their teachings are merely human rules.’,"Kawang la an ira pagsingba ha akon, kay gintututdo nira an kanan tawo kasugoanan nga daw sugad hin kanan Dyos mga lagda!’"
You have let go of the commands of God and are holding on to human traditions.”,“Sinasalikway niyo an sugo han Dyos ngan asay niyo gintutuman an mga pagturon-an han mga tawo.”
then you no longer let them do anything for their father or mother.,waray na niya labot pagbulig han amay o iroy niya.
"Again Jesus called the crowd to him and said, “Listen to me, everyone, and understand this.","Gintawag ngahaw ni Jesus an kadam-an ngada ha iya ngan ginsiring hira, “Pamati kamo ngatanan ngan sabta niyo."
He went on: “What comes out of a person is what defiles them.,"Ngan nagpadayon hiya pagsiring, “An naguwa tikang ha tawo amo an nakakapahugaw ha iya."
"adultery, greed, malice, deceit, lewdness, envy, slander, arrogance and folly.","pakighilawas, kaipa han kanan iba butang, paglimbong, kamalaw-ay, pangabugho, pakaraot, pagparayaw ngan tinuyaw nga buhat."
All these evils come from inside and defile a person.”,Natikang ha sakob han tawo ini ngatanan ngan amo an nakakapahugaw ha iya.”
"Then he told her, “For such a reply, you may go; the demon has left your daughter.”","Nagsiring hi Jesus ha iya, “Tungod hini nga imo baton, makakaoli ka na. Ginmawas na an yawa tikang han imo anak!”"
"She went home and found her child lying on the bed, and the demon gone.",Inmoli an babaye ngan hin-agian niya an iya anak nga nahigda ngan ginmawas na tikang ha iya an yawa.
"He looked up to heaven and with a deep sigh said to him, “Ephphatha!” (which means “Be opened!” ).","Hinmangad hi Jesus ha langit ngan nangaraba ngan ginsiring an tawo, “ Ephphatha” , karuyag sidngon, “Mabuksan ka!”"
"At this, the man’s ears were opened, his tongue was loosened and he began to speak plainly.","Nakabati dayon an tawo, nawara na an iya kangula, ngan maupay na an iya pagyakan."
“I have compassion for these people; they have already been with me three days and have nothing to eat.,"“Nalolooy ako hini nga mga tawo kay upod hira nakon sulod hin tulo na ka adlaw, ngan waray na nira pagkaon."
"“How many loaves do you have?” Jesus asked. “Seven,” they replied.","“Pipira pa man an iyo tinapay?” nagpakiana hi Jesus ha ira. “Pipito na la,” binmaton hira."
The people ate and were satisfied. Afterward the disciples picked up seven basketfuls of broken pieces that were left over.,Nangaon ngan nagkabubusog an ngatanan—may mga upat ka yukot adto nga mga tawo.
"About four thousand were present. After he had sent them away,","Gintirok han mga tinun-an an mga nanhisalin, ngan nakapuno pa hira hin pito ka alat. Pinapangoli ni Jesus an mga tawo,"
he got into the boat with his disciples and went to the region of Dalmanutha.,"ngan sinmakay dayon hiya han sakayan upod an iya mga tinun-an, ngan kinmadto hira han tuna han Dalmanuta."
"Then he left them, got back into the boat and crossed to the other side.","Binayaan niya hira, sinmakay hiya han sakayan, ngan tinmabok han lanaw."
"The disciples had forgotten to bring bread, except for one loaf they had with them in the boat.","Nanhingalimot an mga tinun-an pagdara hin igo kadamo nga tinapay, ngan usa la ka bug-os an ira balon ha sakayan."
"They discussed this with one another and said, “It is because we have no bread.”",Naghirohimangraw an mga tinun-an ha ira la ngahaw: “Nasiring hiya hini kay waray man kita dara nga tinapay.”
"He said to them, “Do you still not understand?”",“Diri la kamo gihapon nakakasabot?” nagpakiana hiya ha ira.
"He looked up and said, “I see people; they look like trees walking around.”","Hinmangad an tawo ngan binmaton, “Oo, nakita ako hin mga tawo, kundi sugad hira hin mga kahoy nga nagkakalakat.”"
"Jesus sent him home, saying, “Don’t even go into the village.”","Ginpaoli hiya ni Jesus ngan ginsiring, “Ayaw na pagbalik ngadto ha baryo.”"
"“But what about you?” he asked. “Who do you say I am?” Peter answered, “You are the Messiah.”","“Hi kamo—ano man an isisiring niyo? Hin-o gud ako?” nagpakiana hi Jesus ha ira. Binmaton hi Pedro, “Ikaw an Mesiyas.”"
Jesus warned them not to tell anyone about him.,"Ngan nagsugo hi Jesus ha ira, “Ayaw kamo pagsumat bisan kan kanay mahitungod ha akon.”"
"He spoke plainly about this, and Peter took him aside and began to rebuke him.",Iginsumat niya ini hin waray lipodlipod ha ira. Ibinulag anay ni Pedro hi Jesus ngan nakiglantugi ha iya.
Or what can anyone give in exchange for their soul?,Waray gud sadang ikahatag hin tawo basi mabawi an iya kinabuhi.
"His clothes became dazzling white, whiter than anyone in the world could bleach them.",Nagsilaw an iya panapton ngan nagmabusag hin duro. Waray bisan hin-o dinhe ha tuna in makakapabusag hin sugad hini.
"And there appeared before them Elijah and Moses, who were talking with Jesus.",Hinkit-an han tulo nga mga tinun-an nga nakikighimangraw kan Jesus hira Elias ug Moises.
"(He did not know what to say, they were so frightened.)","Tungod han kahadlok ni Pedro ngan han iba nga mga tinun-an, waray hira sabot han iya iginyakan."
"Suddenly, when they looked around, they no longer saw anyone with them except Jesus.","Nanginano hira dayon, kundi waray nira hinkit-an nga iba labot kan Jesus nga kaupod nira."
"And they asked him, “Why do the teachers of the law say that Elijah must come first?”","Nagpakiana hira kan Jesus, “Kay ano nga nasiring an mga magturutdo han Balaod nga kinahanglan kumanhi anay hi Elias?”"
"As soon as all the people saw Jesus, they were overwhelmed with wonder and ran to greet him.","Dako an paghipausa han mga tawo han pakakita nira kan Jesus, ngan nagdadlagan hira hin pagsugat ha iya."
“What are you arguing with them about?” he asked.,"Nagpakiana hi Jesus han iya mga tinun-an, “Ano ba an iyo ginkalantugian ha ira?”"
“ ‘If you can’?” said Jesus. “Everything is possible for one who believes.”,"“Oo, kon ikaw ngahaw makakahimo!” nagsiring hi Jesus. “Nahihimo an ngatanan hin tawo nga may-ada pagtoo!”"
"Immediately the boy’s father exclaimed, “I do believe; help me overcome my unbelief!”","Binmaton dayon an amay han bata, “Natoo ako, kundi kulang pa an akon pagtoo. Dugangi an akon pagtoo!”"
"But Jesus took him by the hand and lifted him to his feet, and he stood up.","Kundi kinaptan ni Jesus an kamot han bata ngan ginbangon hiya, ngan tinmindog an bata."
"He replied, “This kind can come out only by prayer. ”","Binmaton hi Jesus, “Makakapagawas kamo hin sugad nga espiritu pinaagi la hin pag-ampo, waray na iba.”"
"They left that place and passed through Galilee. Jesus did not want anyone to know where they were,","Binmaya hira hadto nga dapit ngan naglatas ha Galilea. Diri karuyag ni Jesus nga may mahibaro kon hain hiya,"
But they did not understand what he meant and were afraid to ask him about it.,"Waray hira makasabot hini nga igintutdo niya, kundi nahadlok hira hin pagpakiana ha iya."
But they kept quiet because on the way they had argued about who was the greatest.,"Kundi waray hira mag-aringasa, kay ginkalantugian nira kon hin-o ha ira an gilalabawi."
for whoever is not against us is for us.,Kay naugop ha aton an diri nasupak ha aton.
"where “ ‘the worms that eat them do not die, and the fire is not quenched.’","Diri napatay an ira mga ulod didto, ngan diri napaparong an kalayo."
Everyone will be salted with fire.,"Kay an tagsa ka tawo mahihinlo didto pinaagi hin kalayo, sugad nga an halad nahihinlo pinaagi han asin."
“What did Moses command you?” he replied.,"Binmaton hi Jesus, “Ano an sugo ni Moises ha iyo?”"
"They said, “Moses permitted a man to write a certificate of divorce and send her away.”","Binmaton hira, “Tinmugot hi Moises nga mabaya an lalake han iya asawa pinaagi hin pagsurat ha pagpasabot nga mabulag hiya.”"
"“It was because your hearts were hard that Moses wrote you this law,” Jesus replied.","Nagsiring hi Jesus ha ira, “Iginsurat ini nga sugo tungod ha iyo kay makuri man kamo pagtutdoan."
“But at the beginning of creation God ‘made them male and female.’,"Kundi tikang ha tinikangan han paghimoa han kalibutan, daan na iginsiring, ‘Naghimo ha ira an Dyos nga lalake ngan babaye."
"‘For this reason a man will leave his father and mother and be united to his wife,",Tungod hini mabaya an lalake han amay ug iroy niya ngan makikigtampo han iya asawa.
"and the two will become one flesh.’ So they are no longer two, but one flesh.","Ngan an duha mauusa na la.’ Sanglit diri na hira duduha, kundi uusa na la."
"Therefore what God has joined together, let no one separate.”",Kinahanglan diri pagbulagon hin tawo an gin-usa han Dyos.”
"When they were in the house again, the disciples asked Jesus about this.","Han pagbalik nira ngadto han balay, nagpakiana an mga tinun-an kan Jesus mahitungod hini nga mga butang."
"And if she divorces her husband and marries another man, she commits adultery.”","Ha amo man nga paagi, an babaye nga mabulag han iya bana ngan pumaasawa hin iba nga lalake, nakakasala hin panlibog liwat.”"
"People were bringing little children to Jesus for him to place his hands on them, but the disciples rebuked them.","May nagdara hin kabataan ngadto kan Jesus basi agbayan ini hira niya, kundi ginsaway han mga tinun-an adto nga mga tawo."
"And he took the children in his arms, placed his hands on them and blessed them.","Ngan ginkugos ni Jesus an kabataan, gin-agbayan niya, ngan ginbendisyonan niya hira."
“Why do you call me good?” Jesus answered. “No one is good—except God alone.,"Nagpakiana hi Jesus, “Kay ano nga tinatawag mo ako nga maupay? Waray iba nga maupay kundi an Dyos la."
"“Teacher,” he declared, “all these I have kept since I was a boy.”","Binmaton an tawo, “Magturutdo, gintuman ko ini ngatanan nga mga sugo tikang pa han akon kabata.”"
"At this the man’s face fell. He went away sad, because he had great wealth.","Nagmasulob-on an nawong han tawo han pakabati niya hini, ngan linmakat hiya nga mabidoon, kay riko hiya hin duro."
It is easier for a camel to go through the eye of a needle than for someone who is rich to enter the kingdom of God.”,Masarusayon pa para hin kamelyo hin pagsuhot ha taranogan hin dagom kay hin riko hin pagsulod han Ginhadian han Dyos.”
"The disciples were even more amazed, and said to each other, “Who then can be saved?”","Dinmugang hin paghipausa an mga tinun-an, sanglit may hin pakiana ha ira, “Hin-o man ngay-an an matatalwas?”"
"Then Peter spoke up, “We have left everything to follow you!”","Niyan nagyakan hi Pedro, “Kitaa, ginbayaan namon an ngatanan, ngan sinmunod kami ha imo.”"
"But many who are first will be last, and the last first.”","Kundi damo an mga nahiuna yana nga mauorhe, ngan damo an mga naorhe yana nga mauuna.”"
"who will mock him and spit on him, flog him and kill him. Three days later he will rise.”","Pagbibiaybiayon hiya nira, paglulud-an, paglalatobon ngan pagpapatayon, ngan mababanhaw hiya katapos hin tulo ka adlaw.”"
“What do you want me to do for you?” he asked.,“Ano an karuyag niyo nga buhaton ko ha iyo?” nagpakiana hi Jesus.
"When the ten heard about this, they became indignant with James and John.","Han pakabati la hini han napulo nga mga tinun-an, nagkasisina hira kanda Santiago ug Juan."
and whoever wants to be first must be slave of all.,"Ngan kon may-ada ha iyo karuyag magin syahan, kinahanglan magin oripon hiya han ngatanan."
"Throwing his cloak aside, he jumped to his feet and came to Jesus.","Ilinabog niya an iya kurugpos, binmuhat hin tigda, ngan kinmadto kan Jesus."
"some people standing there asked, “What are you doing, untying that colt?”","nagpakiana ha ira in mga tawo nga nagkakatukdaw didto, “Kay ano nga ginhuhubaran niyo an nati?”"
"They answered as Jesus had told them to, and the people let them go.","Ginbaton nira sumala han tugon ha ira ni Jesus, ngan gintugotan hira han mga tawo."
“Blessed is the coming kingdom of our father David!” “Hosanna in the highest heaven!”,Bendisyonan han Dyos an tiarabot nga Ginhadian ni David nga aton amay! Dayawon an Dyos!”
"The next day as they were leaving Bethany, Jesus was hungry.","Han pagkabuwas, samtang nabalik na hira tikang ha Betania, ginutom hi Jesus."
"Then he said to the tree, “May no one ever eat fruit from you again.” And his disciples heard him say it.","Ginsiring niya an kahoy, “Waray na gud makakakaon han imo bunga!” Ngan hinbatian ini han iya mga tinun-an."
and would not allow anyone to carry merchandise through the temple courts.,Waray hiya tumugot nga sumulod ha ruwang han Templo an hin-o man nga nagdadara hin bisan ano.
"When evening came, Jesus and his disciples went out of the city.","Han pagkagab-i na, ginmawas han syudad hi Jesus ngan an iya mga tinun-an."
"“Have faith in God,” Jesus answered.","Binmaton ha ira hi Jesus, “Tigamni niyo ini: kon may pagtoo kamo han Dyos,"
"John’s baptism—was it from heaven, or of human origin? Tell me!”","Sumati ako, diin man tikang an katungod ni Juan hin pagbunyag: sa Dyos ba o ha mga tawo la?”"
"But they seized him, beat him and sent him away empty-handed.","Kundi gindakop ngan ginbalbag han mga saop an oripon, ngan ginpaoli nga waray dara."
Then he sent another servant to them; they struck this man on the head and treated him shamefully.,"Ngan nagsugo an tag-iya hin lain nga oripon, kundi ginbalbag hiya ha ulo, ngan gipakaalohan pa han mga saop."
"So they took him and killed him, and threw him out of the vineyard.","Sanglit gindakop nira an anak, ginpatay, ngan ginlabog ha gawas han urubasan."
"the Lord has done this, and it is marvelous in our eyes’ ?”",Ginbuhat ini han Ginoo; pagkaorosahon gud hini nga buhat!’”
"Then the Sadducees, who say there is no resurrection, came to him with a question.",May mga Sadusiyo nga dinmaop kan Jesus. (Amo ini hira an nasiring nga waray pagkabanhaw.)
Now there were seven brothers. The first one married and died without leaving any children.,"Niyan, may-ada hadto pito nga magburugto nga kalalaken-an. Nangasawa an gimamagurangi, kundi namatay hiya nga waray anak."
"He is not the God of the dead, but of the living. You are badly mistaken!”","Karuyag sidngon hini nga amo hiya an Dyos han mga buhi, diri han mga minatay. Pagkasayop gud niyo!”"
"“The most important one,” answered Jesus, “is this: ‘Hear, O Israel: The Lord our God, the Lord is one.","Ngan nagbaton hi Jesus, “Amo ini an gidadakoi han ngatanan: ‘Pamati, Israel! An Ginoo nga aton Dyos amo gud la hiya an Ginoo."
and have the most important seats in the synagogues and the places of honor at banquets.,Napili hira han syahan nga mga lingkoran ha mga sinagoga ngan han gimamaupayi nga mga dapit ha mga kombite;
"But a poor widow came and put in two very small copper coins, worth only a few cents.","Ngan inmabot in kablas nga balo nga babaye, ngan hinmulog hin duha ka sensilyo, nga bali usa la ka sintabo."
Jesus said to them: “Watch out that no one deceives you.,Nagtikang pagtutdo ha ira hi Jesus: “Pagbantay kamo basi diri kamo mauwat hin tawo.
"Many will come in my name, claiming, ‘I am he,’ and will deceive many.",Kay maabot ha akon ngaran in damo nga mga tawo nga masiring; ‘Ako amo an Mesiyas!’ ngan malilimbongan in damo nga mga tawo.
And the gospel must first be preached to all nations.,Kinahanglan igsangyaw anay an Maupay nga Sumat ha ngatanan nga katawhan.
"Everyone will hate you because of me, but the one who stands firm to the end will be saved.","Pagdudumtan kamo han ngatanan tungod ha akon, kundi matatalwas adton makaantos hini ngatanan tubtob ha kataposan."
Let no one on the housetop go down or enter the house to take anything out.,Diri na maglangan an aadto ha atop han iya balay hin paglusad ngan pagkuha pa hin bisan ano tikang ha sakob ha iya balay.
Let no one in the field go back to get their cloak.,Sugad man an aadto ha uma diri na gud umoli hin pagkuha han iya kurugpos.
How dreadful it will be in those days for pregnant women and nursing mothers!,Kamakaharadlok hadto nga mga adlaw para han mga burod ngan han mga iroy nga may mga minasus-an!
"Pray that this will not take place in winter,",Pag-ampo kamo sa Dyos nga diri unta mahinabo ini nga mga butang ha panahon hin kathagkot!
"At that time if anyone says to you, ‘Look, here is the Messiah!’ or, ‘Look, there he is!’ do not believe it.","“Kon may magsiring ha iyo, ‘Kitaa, iini na an Mesiyas!’ o ‘Tan-awa, aadto hiya!’ ayaw gud kamo tuod ha iya."
So be on your guard; I have told you everything ahead of time.,Daan ko kamo ginsusumatan hini; sanglit pagbantay gud kamo.
"the stars will fall from the sky, and the heavenly bodies will be shaken.’","Magkakataktak an kabiton-an ha langit, ngan masimang han ira dalan an mga kagamhanan ha kalangitan."
“At that time people will see the Son of Man coming in clouds with great power and glory.,"Ngan mapakita an Anak han Tawo tikang ha mga dampog, inupdan hin dako nga gahom ngan himaya."
"Truly I tell you, this generation will certainly not pass away until all these things have happened.",Tigamni ini: mahinanabo ini nga mga butang nga diri pa mauubos hin pagkamatay an mga tawo nga buhi yana.
"Heaven and earth will pass away, but my words will never pass away.","Magpapapas pa an langit ngan an tuna, kundi magpapabilin gud an akon mga pulong."
Be on guard! Be alert ! You do not know when that time will come.,Pagbantay ngan pag-ikmat kamo kay diri kamo maaram kon san-o ini mahinanabo.
"If he comes suddenly, do not let him find you sleeping.","Kon umabot hiya hin tigda, kinahanglan diri kamo hiabotan nga nangangaturog."
"What I say to you, I say to everyone: ‘Watch!’ ”","Sanglit kon ano an igsisiring ko ha iyo, igsisiring ko liwat ha ngatanan: pagbantay kamo!”"
"“But not during the festival,” they said, “or the people may riot.”","Nagsiring hira, “Kinahanglan diri ta ini buhaton ha panahon han pyesta kay bangin maribok an mga tawo.”"
"Some of those present were saying indignantly to one another, “Why this waste of perfume?","Nasina an iba nga mga tawo nga nakadto, ngan may hin siring ha ira, “Kay ano nga ginkaragan man an pahamot?"
"Then Judas Iscariot, one of the Twelve, went to the chief priests to betray Jesus to them.","Ngan kinmadto han mga puno han kapadian ni Judas Iscariote, usa han dose nga mga tinun-an, pagtubyan kan Jesus ha ira."
"He will show you a large room upstairs, furnished and ready. Make preparations for us there.”","Ngan ipakikita niya ha iyo in dako nga ruwang ha igbaw, nga inayad ngan hinusay na; andama didto an mga butang para ha aton.”"
"When evening came, Jesus arrived with the Twelve.","Han pagkagab-i na, inmabot hi Jesus, upod an iya dose nga mga tinun-an."
"They were saddened, and one by one they said to him, “Surely you don’t mean me?”","Nabido an mga tinun-an ngan an tagsatagsa may hin pakiana ha iya, “Ako ba?”"
"“It is one of the Twelve,” he replied, “one who dips bread into the bowl with me.","Ngan binmaton hi Jesus, “Usa hiya ha iyo nga dose, an madungan ha akon hin pagtunlob han iya tinapay dida ha plato."
"Then he took a cup, and when he had given thanks, he gave it to them, and they all drank from it.","Ngan kinuha niya an irimnan, nagpasalamat hiya sa Dyos, ihinatag ha ira, ngan nanginom hira ngatanan."
"When they had sung a hymn, they went out to the Mount of Olives.",Ngan nagkanta hira hin usa nga imno ngan napasingadto hira ha Bukid han mga Olibo.
"But after I have risen, I will go ahead of you into Galilee.”",Kundi mag-uuna ako ha iyo ngadto ha Galilea kon mabanhaw na ako.”
"Peter declared, “Even if all fall away, I will not.”","Binmaton hi Pedro, “Diri gud ako mabulag ha imo, bisan kon bumaya hira ngatanan ha imo.”"
"“My soul is overwhelmed with sorrow to the point of death,” he said to them. “Stay here and keep watch.”","Ngan nagsiring hiya ha ira, “Haros ikamatay inin akon duro nga kabidoan. Pabilin kamo dinhe ngan pagbantay.”"
Once more he went away and prayed the same thing.,Ngan kinmadto na liwat hiya pag-ampo hin amo gihapon nga mga pulong.
Rise! Let us go! Here comes my betrayer!”,"Buhat, tana kalakat kita; kitaa, iini na an maglilingo ha akon!”"
"Going at once to Jesus, Judas said, “Rabbi!” and kissed him.","Han pag-abot manggud ni Judas, dinmaop hiya dayon kan Jesus, ngan nagsiring, “Magturutdo!” ngan hadkan niya."
The men seized Jesus and arrested him.,Sanglit gindakop ngan gintalo nira hi Jesus.
Then everyone deserted him and fled.,"Nangalagiw an ngatanan nga mga tinun-an, ngan binayaan nira hi Jesus."
"he fled naked, leaving his garment behind.",Kundi binul-iwan na la niya an iya kurugpos ngan pinmalagiw hiya nga lubas.
"Many testified falsely against him, but their statements did not agree.","Nagsumat hin mga buwa supak kan Jesus in damo nga mga saksi, kundi waray pagkauroyon an ira mga sumbong."
Then some stood up and gave this false testimony against him:,Ngan tinmindog in pira ka tawo ngan nagsumat hini nga buwa supak kan Jesus.
Yet even then their testimony did not agree.,Kundi bisan ngani hira waray gihapon magkauroyon han ira mga sumat.
The high priest tore his clothes. “Why do we need any more witnesses?” he asked.,"Ngan gin-gisi han Labaw nga Padi an iya panapton ngan sinmiring, “Diri na kita kinahanglan hin ano pa nga saksi!"
"While Peter was below in the courtyard, one of the servant girls of the high priest came by.",Nakadto pa hi Pedro ha bungsaran han pag-abot han usa han mga surugoon nga babaye han Labaw nga Padi.
"“Are you the king of the Jews?” asked Pilate. “You have said so,” Jesus replied.","Nagpakiana hi Pilato ha iya, “Amo ka ba an hadi han mga Judiyo?” Nagbaton hi Jesus, “Imo ito ginyakan.”"
The chief priests accused him of many things.,Nagpasaka hin damo nga mga sumbong an mga puno han kapadian.
"But Jesus still made no reply, and Pilate was amazed.",Kundi waray gud magyakan hi Jesus; sanglit nahipausa hi Pilato.
Now it was the custom at the festival to release a prisoner whom the people requested.,Ha kada Pyesta han Paglabay nababatasan ni Pilato hin pagbuhi hin priso nga ungaraon han mga tawo.
"“Do you want me to release to you the king of the Jews?” asked Pilate,","nagpakiana hi Pilato ha ira, “Karuyag ba niyo nga buhian ko para ha iyo an hadi han mga Judiyo?”"
knowing it was out of self-interest that the chief priests had handed Jesus over to him.,"Nasantop niya nga tungod la han ira kaawa, igintubyan hi Jesus ha iya han mga puno han kapadian."
But the chief priests stirred up the crowd to have Pilate release Barabbas instead.,Kundi gin-aghat han mga puno han kapadian an mga tawo nga asay nira pabuhian kan Pilato hi Barabas.
“Crucify him!” they shouted.,"Nanggogliat hira hin pagbaton, “Igraysang hiya ha kros!”"
"And they began to call out to him, “Hail, king of the Jews!”",Ngan nagtikang hira hin pagyuroyukbo ngan pagsiring ha iya: “Mabuhi an Hadi han mga Judiyo!”
"Again and again they struck him on the head with a staff and spit on him. Falling on their knees, they paid homage to him.","Ginbalbag hiya ha ulo, gintuprahan hiya, ginluhodluhoran ngan ginyuroyukboan pa hiya nira."
They brought Jesus to the place called Golgotha (which means “the place of the skull”).,"Gindara nira hi Jesus ngadto hin dapit nga Golgota an ngaran, nga “An Dapit han Klabera” an kahulogan."
"Then they offered him wine mixed with myrrh, but he did not take it.","Gintalinguha nira hin paghatag ha iya hin bino nga sinaktan hin mira, kundi waray uminom hi Jesus."
It was nine in the morning when they crucified him.,Alas nuybe na han aga nga igraysang hiya ha kros.
The written notice of the charge against him read: the king of the jews .,"Iginpaskin an sumbong ha iya nga nasiring, “An Hadi han mga Judiyo.”"
"They crucified two rebels with him, one on his right and one on his left.","Iginraysang liwat nira upod kan Jesus in duha nga mga tikasan, an usa ha iya tuo ngan an usa ha iya wala. ["
come down from the cross and save yourself!”,Lusad na yana ha imo kros ngan talwasa an imo kalugaringon.”
"At noon, darkness came over the whole land until three in the afternoon.",Han pagkaudto na nagsirom an bug-os nga tuna sulod hin tulo ka oras.
"When some of those standing near heard this, they said, “Listen, he’s calling Elijah.”","Nakabati an iba nga nakada ha hirani ngan nagsiring, “Pamati daw, nagtatawag hiya kan Elias!”"
"With a loud cry, Jesus breathed his last.","Upod in dako nga goliat, namatay hi Jesus."
The curtain of the temple was torn in two from top to bottom.,Ngan napikas an biray han Templo tikang ha igbaw ngadto ha ubos.
"When he learned from the centurion that it was so, he gave the body to Joseph.","Pakabati niya han sumat han kapitan, itinugot ni Pilato kan Jose hin pagkuha han lawas ni Jesus."
Mary Magdalene and Mary the mother of Joseph saw where he was laid.,"Nagkikinita hira Maria Magdalena ngan Maria nga iroy ni Jose, sanglit nasayod hira kon diin iglubong hi Jesus."
"Very early on the first day of the week, just after sunrise, they were on their way to the tomb","Timprano pa gud han Domingo, ha pagsidlit pa la han adlaw, napakadto hira ha lubnganan."
"and they asked each other, “Who will roll the stone away from the entrance of the tomb?”","Han dida pa hira ha dalan, may hin pakiana ha ira, “Hin-o man in magwawaring para ha aton han bato nga sada ha lubnganan?”"
"But when they looked up, they saw that the stone, which was very large, had been rolled away.","(Kay dako hin duro adto nga bato.) Han pagsiplat nira, ira nakita nga winaring na an bato."
"When they heard that Jesus was alive and that she had seen him, they did not believe it.","ngan han pakabati nira han sumat niya nga buhi na hi Jesus ngan hinkit-an niya hi Jesus, waray hira tumuod ha iya."
These returned and reported it to the rest; but they did not believe them either.,"Binmalik hira ngan nagsumat han iba, kundi waray hira tuora."
"He said to them, “Go into all the world and preach the gospel to all creation.","Nagsiring hiya ha ira, “Kadto kamo ha bug-os nga kalibutan ngan igwali niyo an Maupay nga Sumat ha ngatanan nga katawhan."
"Whoever believes and is baptized will be saved, but whoever does not believe will be condemned.","Matatalwas an bisan hin-o nga natoo ngan kabunyagan; kundi an diri natoo, paghuhukman."
"After the Lord Jesus had spoken to them, he was taken up into heaven and he sat at the right hand of God.","Katapos ni Jesus makighimangraw ha ira, ginbayaw hiya ngadto ha langit, ngan linmingkod ha tuo han Dyos."
"One man from each tribe, each of them the head of his family, is to help you.",Hahangyoon niyo hin pagbulig ha iyo in usa nga puno hin banay tikang han kada tribo.”
as the Lord commanded Moses. And so he counted them in the Desert of Sinai:,sumala han iginsugo han Ginoo . Iginlista ni Moises an mga tawo didto ha Kamingawan han Sinai.
"The ancestral tribe of the Levites, however, was not counted along with the others.",Waray iglista upod han iba nga mga tribo an mga Levita
The Lord had said to Moses:,"kay nagsiring an Ginoo kan Moises,"
“You must not count the tribe of Levi or include them in the census of the other Israelites.,"“Kon mag-ihap ka han kalalaken-an nga angay magsondalo, ayaw ig-upod an tribo ni Levi."
The Israelites did all this just as the Lord commanded Moses.,Sanglit ginbuhat han mga tawo han Israel an ngatanan nga iginsugo han Ginoo kan Moises.
The Lord said to Moses and Aaron:,Iginhatag han Ginoo kanda Moises ug Aaron an masunod nga mga tugon.
"The Levites, however, were not counted along with the other Israelites, as the Lord commanded Moses.","Waray iglista an mga Levita upod han iba nga mga Israelita, sumala han iginsugo han Ginoo kan Moises."
This is the account of the family of Aaron and Moses at the time the Lord spoke to Moses at Mount Sinai.,Amo ini an panimalay nira Aaron ug Moises dida han panahon han paghimangraw han Ginoo kan Moises didto ha Bukid Sinai.
"The names of the sons of Aaron were Nadab the firstborn and Abihu, Eleazar and Ithamar.","May upat nga mga anak nga kalalaken-an ni Aaron: hira Nadab nga suhag, Abiu, Eleazar, ug Itamar."
"The Lord said to Moses,","Nagsiring an Ginoo kan Moises,"
“Bring the tribe of Levi and present them to Aaron the priest to assist him.,“Dad-a ha atubangan an tribo ni Levi ngan tudloka hira nga mga surugoon ni Aaron nga padi.
Give the Levites to Aaron and his sons; they are the Israelites who are to be given wholly to him.,An katungdanan la han mga Levita amo an pag-alagad kan Aaron ngan han iya mga anak nga kalalaken-an.
"The Lord also said to Moses,","Nagsiring an Ginoo kan Moises,"
"The Lord said to Moses in the Desert of Sinai,",Didto ha Kamingawan han Sinai ginsugo han Ginoo hi Moises
"So Moses counted them, as he was commanded by the word of the Lord .",ngan ginbuhat ini ni Moises.
To Gershon belonged the clans of the Libnites and Shimeites; these were the Gershonite clans.,An mga panimalay nira Libni ug Simei amo an mga sakop han banay ni Gerson.
"The Gershonite clans were to camp on the west, behind the tabernacle.","Pinapagkampo ini nga banay didto ha katundan, ha luyo han Tulda,"
The leader of the families of the Gershonites was Eliasaph son of Lael.,nga hi Eliasaf nga anak ni Lael amo an puno han hugpo.
The Kohathite clans were to camp on the south side of the tabernacle.,"Pinapagkampo ini nga banay didto ha timogan han Tulda,"
The leader of the families of the Kohathite clans was Elizaphan son of Uzziel.,nga hi Elisafan nga anak ni Uziel amo an puno han hugpo.
To Merari belonged the clans of the Mahlites and the Mushites; these were the Merarite clans.,An mga panimalay nira Mahli ug Musi amo an mga sakop han banay ni Merari.
"The number of all the males a month old or more who were counted was 6,200.","An kadamo han iginlista nga kalalaken-an nga usa ka bulan o labaw an panuigon kapin hin 6,200."
"as well as the posts of the surrounding courtyard with their bases, tent pegs and ropes.","May katungdanan liwat hira han mga harigi, mga tungtongan, mga usok, ngan mga pisi para han bungsaran ha gawas."
"So Moses counted all the firstborn of the Israelites, as the Lord commanded him.",Sinmugot hi Moises ngan iginlista niya an ngatanan nga suhag nga kalalaken-an
"The Lord also said to Moses,","Nagsiring kan Moises an Ginoo ,"
Give the money for the redemption of the additional Israelites to Aaron and his sons.”,ngan ihatag ini nga kwarta ngadto kan Aaron ngan han iya mga anak nga kalalaken-an.”
So Moses collected the redemption money from those who exceeded the number redeemed by the Levites.,Sinmugot hi Moises ngan kinuha niya
The Lord said to Moses and Aaron:,Ginsiring han Ginoo hira Moises ug Aaron
“This is the work of the Kohathites at the tent of meeting: the care of the most holy things.,Nasasakop han ira pag-alagad an labi ka baraan nga mga butang.
“They are to remove the ashes from the bronze altar and spread a purple cloth over it.,Kukuhaon nira an agiw tikang han altar ngan tatahoban ini hin dugnit nga mapulapula.
"The Lord said to Moses and Aaron,","Nagsiring an Ginoo kanda Moises ug Aaron,"
"The Lord said to Moses,",Ginsiring han Ginoo hi Moises
“This is the service of the Gershonite clans in their carrying and their other work:,Katungdanan nira an pagdara han masunod nga mga butang:
"The Lord said to Moses,","Nagsiring kan Moises an Ginoo ,"
"The Lord said to Moses,",Iginhatag han Ginoo kan Moises
"Sacred things belong to their owners, but what they give to the priest will belong to the priest.’ ”",Hihiposon han tagsa nga padi an mga halad nga ihinahatag ha iya.
"Then the Lord said to Moses,",Ginsugo han Ginoo hi Moises
“ ‘The priest shall bring her and have her stand before the Lord .,Pakakadaon han padi ha iya atubangan an babaye ngan patitindogon hiya ha atubangan han altar.
“ ‘The priest is to write these curses on a scroll and then wash them off into the bitter water.,Niyan igsusurat han padi ini nga maldesyon ngan paparaon an sinurat pinaagi hin paghulos hini han tubig nga mapait.
"The husband will be innocent of any wrongdoing, but the woman will bear the consequences of her sin.’ ”","Matatalwas hin sala an bana, kundi kon salaan an babaye kinahanglan mag-antos hiya han mga bunga han iya pagtalapas."
"The Lord said to Moses,","Ginsugo han Ginoo hi Moises,"
"Throughout the period of their dedication, they are consecrated to the Lord .","Samtang Nazarita pa hiya, iginhalad hiya ngadto han Ginoo ."
"The Lord said to Moses,",Ginsugo han Ginoo hi Moises
“ ‘ “The Lord bless you and keep you;,Bendisyonan ngan mangnoan unta kamo han Ginoo ;
the Lord make his face shine on you and be gracious to you;,Magmaloloy-on ngan magmahigugmaon unta ha iyo an Ginoo ;
the Lord turn his face toward you and give you peace.” ’,Magmaloloy-on unta ha iyo an Ginoo ngan ihatag unta ha iyo an kamurayaw.
"The Lord said to Moses,","nagsiring an Ginoo kan Moises,"
So Moses took the carts and oxen and gave them to the Levites.,Sanglit iginhatag ni Moises an mga karomata ngan an mga baka ngadto han mga Levita.
"He gave two carts and four oxen to the Gershonites, as their work required,","Iginhatag niya in duha nga karomata ngan upat nga mga baka ngadto han mga anak ni Gerson,"
"The Lord said to Moses,","Nagsiring kan Moises an Ginoo ,"
The Lord said to Moses:,"Nagsiring kan Moises an Ginoo ,"
“Take the Levites from among all the Israelites and make them ceremonially clean.,“Laina an mga Levita tikang han iba nga mga tawo han Israel ngan linisi hira
Bring the Levites to the front of the tent of meeting and assemble the whole Israelite community.,Niyan pagtiroka an bug-os nga bungto han Israel ngan patindoga an mga Levita ha atubangan han akon Tulda.
"In this way you are to set the Levites apart from the other Israelites, and the Levites will be mine.","Laina an mga Levita hin sugad hini nga paagi tikang han iba nga mga Israelita, basi maakon na hira."
And I have taken the Levites in place of all the firstborn sons in Israel.,"Kinukuha ko na yana an mga Levita nga liwan han ngatanan nga mga suhag han mga Israelita,"
"The Lord said to Moses,","Nagsiring kan Moises an Ginoo ,"
"but at the age of fifty, they must retire from their regular service and work no longer.",ngan ha panuigon nga 50 maukoy na hiya hin pag-alagad didto han Tulda.
"So Moses told the Israelites to celebrate the Passover,","Sanglit ginsiring ni Moises an mga tawo nga pagsaurogon an Paglabay,"
"Moses answered them, “Wait until I find out what the Lord commands concerning you.”","Binmaton hi Moises, “Hulat kamo tubtob han pakakarawat ko hin mga tugon tikang han Ginoo .”"
"Then the Lord said to Moses,",Ginsiring han Ginoo hi Moises
The Lord said to Moses:,"Nagsiring kan Moises an Ginoo ,"
"When both are sounded, the whole community is to assemble before you at the entrance to the tent of meeting.","Kon malanoy an pagpatunog han duha nga mga trompeta, mag-aalirong ha imo an bug-os nga bungto dida han agian han akon Tulda."
"If only one is sounded, the leaders—the heads of the clans of Israel—are to assemble before you.","Kundi kon usa la nga trompeta an patunggon, mag-aalirong ha imo an mga pangulo la han mga banay."
"When a trumpet blast is sounded, the tribes camping on the east are to set out.",Kon haliputay la an tunog an hibatian malakat hin pagbalhin an mga tribo nga nagkampo ha sinirangan.
"To gather the assembly, blow the trumpets, but not with the signal for setting out.",ngan an hilawig nga mga tunog para hin pagtirok han bungto.
"They set out, this first time, at the Lord ’s command through Moses.","Nagtikang hira hin pagkalakat sumala han sugo han Ginoo , pinaagi kan Moises,"
"Nethanel son of Zuar was over the division of the tribe of Issachar,","Pinangulohan ni Natanael nga anak ni Zuar an tribo ni Isacar,"
and Eliab son of Helon was over the division of the tribe of Zebulun.,ngan pinangulohan ni Eliab nga anak ni Helon an tribo ni Zabulon.
"Shelumiel son of Zurishaddai was over the division of the tribe of Simeon,","Pinangulohan ni Selumiel nga anak ni Zurisadai an tribo ni Simeon,"
and Eliasaph son of Deuel was over the division of the tribe of Gad.,ngan pinangulohan ni Eliasaf nga anak ni Deuel an tribo ni Gad.
"Gamaliel son of Pedahzur was over the division of the tribe of Manasseh,","Pinangulohan ni Gamaliel nga anak ni Pedasur an tribo ni Manases,"
and Abidan son of Gideoni was over the division of the tribe of Benjamin.,ngan pinangulohan ni Abidan nga anak ni Gideoni an tribo ni Benjamin.
"Pagiel son of Okran was over the division of the tribe of Asher,","Pinangulohan ni Pagiel nga anak ni Ocran an tribo ni Aser,"
and Ahira son of Enan was over the division of the tribe of Naphtali.,"ngan hi Ahira, anak ni Enan, amo an nangungulo han banay ni Neftali."
"He answered, “No, I will not go; I am going back to my own land and my own people.”","Binmaton hi Hobab, “Diri ako. Mabalik ako ngadto han akon tuna nga natawhan.”"
"If you come with us, we will share with you whatever good things the Lord gives us.”","Kon umupod ka ha amon, pagbabahinan ka namon han ngatanan nga mga kaupayan nga ihinahatag ha amon han Ginoo .”"
The cloud of the Lord was over them by day when they set out from the camp.,"Ha pagbabalhin nira han tagsa nira nga kampo, napaigbaw ha ira kon adlaw an dampog han Ginoo ."
"Whenever it came to rest, he said, “Return, Lord , to the countless thousands of Israel.”","Ngan ha kada pag-uokoy han Kahon, nasiring hiya, “Balik, O Ginoo , nganhi hini nga yinukot nga mga panimalay han Israel.”"
"When the people cried out to Moses, he prayed to the Lord and the fire died down.",Nagtawag an mga tawo kan Moises hin pakibulig; nag-ampo hi Moises ngadto han Ginoo ngan naparong an kalayo.
"So that place was called Taberah, because fire from the Lord had burned among them.",Sanglit ginngaranan nga Tabera an dapit kay didto naglarab dida ha ira an kalayo han Ginoo .
But now we have lost our appetite; we never see anything but this manna!”,"Kundi yana maluya na kita. Waray na sadang makaon—waray na gud, labot hini nga mana nga masumo na!” ("
The manna was like coriander seed and looked like resin.,An mana sugad hin gudtiay nga mga liso nga baga labsag an kamadulaw.
I cannot carry all these people by myself; the burden is too heavy for me.,Diri ako makakabaton ha akon kalugaringon hini ngatanan nga mga tawo; mabug-at ini hin duro para ha akon!
"You will not eat it for just one day, or two days, or five, ten or twenty days,","Kakaonon ini niyo diri la hin usa ka adlaw, o lima, o napulo, o bisan pa 20 ka adlaw,"
"A young man ran and told Moses, “Eldad and Medad are prophesying in the camp.”",Dinmalagan in usa nga batan-on nga lalake hin pagsumat kan Moises han ginbubuhat nira Eldad ug Medad.
Then Moses and the elders of Israel returned to the camp.,Niyan binmalik ngadto han kampo hira Moises ngan an 70 nga mga pangulo han Israel.
From Kibroth Hattaavah the people traveled to Hazeroth and stayed there.,Tikang didto nagbalhin han kampo an mga tawo ngadto ha Hazerot.
"(Now Moses was a very humble man, more humble than anyone else on the face of the earth.)","Mapinaubsanon nga tawo hi Moises, labaw pa kamapinaubsanon kay hin bisan hin-o dinhe ha tuna.)"
But this is not true of my servant Moses; he is faithful in all my house.,Iba ini kon naghihimangraw ako kan Moises nga akon surugoon; igintapod ko ha iya an ngatanan ko nga mga tawo nga Israelita.
"The anger of the Lord burned against them, and he left them.","Nasina ha ira an Ginoo ; sanglit han pagbulag na han Ginoo ,"
"So Moses cried out to the Lord , “Please, God, heal her!”","Sanglit nagtawag hi Moises han Ginoo , “O Dyos, tambala gad hiya!”"
"After that, the people left Hazeroth and encamped in the Desert of Paran.",Niyan binmaya hira han Hazerot ngan nagkampo hira didto han kamingawan han Paran.
"The Lord said to Moses,","Nagsiring kan Moises an Ginoo ,"
"See what the land is like and whether the people who live there are strong or weak, few or many.","Panginanoa niyo kon ano ini nga tuna, kon damo ba an mga tawo nga nag-uokoy didto, ngan kon matiunan-o hin kamagkusog hira."
That place was called the Valley of Eshkol because of the cluster of grapes the Israelites cut off there.,Ginngaranan adto nga dapit nga Kahamub-an han Escol tungod han urapong hin mga ubas nga gin-utod didto han mga Israelita.)
At the end of forty days they returned from exploring the land.,"Katapos nira pag-usisaha han tuna sulod hin kwarenta ka adlaw, binmalik an mga espiya"
That night all the members of the community raised their voices and wept aloud.,Ha bug-os nga gab-i nagtinangis an mga tawo ha dako nga tingog tungod han ira kakurian.
"And they said to each other, “We should choose a leader and go back to Egypt.”","Sanglit may hinsiring ha ira, “Pagpili kita hin usa nga pangulo ngan balik kita ngadto ha Ehipto!”"
Then Moses and Aaron fell facedown in front of the whole Israelite assembly gathered there.,Niyan hinmapa ha tuna hira Moises ug Aaron ha atubangan han ngatanan nga mga tawo.
"“Now may the Lord’s strength be displayed, just as you have declared:","Sanglit yana, nag-aampo ako, O Ginoo , nga igpakita mo ha amon an imo gahom ngan buhaton mo an imo iginsaad han imo pagsiring,"
"The Lord replied, “I have forgiven them, as you asked.","Binmaton an Ginoo , “Pasasayloon ko hira sumala han imo pinangaro."
"Nevertheless, as surely as I live and as surely as the glory of the Lord fills the whole earth,","Kundi nagsasaad ako nga sugad nga buhi ako ngan sugad nga nakakaluob han tuna an akon himaya,"
The Lord said to Moses and Aaron:,"Nagsiring an Ginoo kanda Moises ug Aaron,"
"But as for you, your bodies will fall in this wilderness.",Magkakamatay kamo dinhe hini nga kamingawan.
"When Moses reported this to all the Israelites, they mourned bitterly.","Han pagsumati ni Moises han mga Israelita han iginsiring han Ginoo , nagmabidoon gud hira."
"But Moses said, “Why are you disobeying the Lord ’s command? This will not succeed!","Kundi nagsiring hi Moises, “Niyan kay ano man nga nasupak kamo yana han Ginoo ? Diri kamo makakadaog!"
"Do not go up, because the Lord is not with you. You will be defeated by your enemies,",Ayaw kamo pagkadto. Diri upod niyo an Ginoo ngan pipirdehon kamo han iyo mga kaaway.
"The Lord said to Moses,",Iginhatag han Ginoo kan Moises
“Speak to the Israelites and say to them: ‘After you enter the land I am giving you as a home,"an masunod nga mga turumanon para han mga tawo han Israel, nga pagtutumanon nira didto han tuna nga iya ighahatag ha ira."
and a third of a hin of wine as a drink offering. Offer it as an aroma pleasing to the Lord .,"Usa ini nga halad nga pagkaon, ngan updan ini hin 1 1/2 ka litro nga bino. Nakakalipay han Ginoo an alimyon hini nga mga halad."
"Do this for each one, for as many as you prepare.","Kon sobra hin usa nga hayop an ighahalad, dudugangan hin angay nga kadamo an upod nga halad nga pagkaon."
The same laws and regulations will apply both to you and to the foreigner residing among you.’ ”,para ha iyo ngan ha ira man an amo ngahaw nga mga balaod ngan mga lagda.
"The Lord said to Moses,",Iginhatag han Ginoo kan Moises
“Speak to the Israelites and say to them: ‘When you enter the land to which I am taking you,an masunod nga mga turumanon para han mga tawo han Israel nga pagtutumanon nira didto han tuna nga iya ihahatag ha ira.
“ ‘Now if you as a community unintentionally fail to keep any of these commands the Lord gave Moses—,Kundi pananglit may tawo nga mangalimot hin pagtuman hin pipira hini nga mga turumanon nga iginhatag han Ginoo kan Moises;
"and they kept him in custody, because it was not clear what should be done to him.",ngan ginpabantayan la anay hiya kay diri pa man hira sayod hin maupay kon ano an pagbubuhaton ha iya.
"The Lord said to Moses,",Ginsugo han Ginoo hi Moises
Then you will remember to obey all my commands and will be consecrated to your God.,"Magpapahinumdom ha iyo an mga borlas hin pagtuman han ngatanan ko nga mga sugo, ngan maaakon gud kamo ha ngatanan nga panahon."
"When Moses heard this, he fell facedown.","Han pakabati hini ni Moises, hinmapa hiya ha tuna ngan nag-ampo."
"Moses also said to Korah, “Now listen, you Levites!","Nagpadayon hi Moises hin paghimangraw kan Core, “Pamati kamo nga mga Levita!"
"Then Moses summoned Dathan and Abiram, the sons of Eliab. But they said, “We will not come!","Niyan ginpasugoan ni Moises hira Datan ug Abiram, kundi nagsiring hira, “Diri kami makadto!"
"The Lord said to Moses and Aaron,","ngan nagsiring an Ginoo kanda Moises ug Aaron,"
“Separate yourselves from this assembly so I can put an end to them at once.”,“Isol kamo tikang hini nga mga tawo kay pupuohon ko hira dayon.”
"Then the Lord said to Moses,","Nagsiring kan Moises an Ginoo ,"
"“Say to the assembly, ‘Move away from the tents of Korah, Dathan and Abiram.’ ”","“Sidnga an mga tawo nga pumahirayo hira han mga tulda nira Core, Datan, ug Abiram.”"
"Moses got up and went to Dathan and Abiram, and the elders of Israel followed him.",Niyan kinmadto hi Moises nga inupdan han mga pangulo han Israel kanda Datan ug Abiram.
"As soon as he finished saying all this, the ground under them split apart","Han kahuman gudla niya pagyakan, binmuka an tuna nga tungod nira Datan ug Abiram,"
And fire came out from the Lord and consumed the 250 men who were offering the incense.,Niyan nagpadara an Ginoo hin kalayo nga naglarab ngan nag-ugtang han 250 nga mga tawo nga naghalad han insyenso.
"The Lord said to Moses,","Niyan nagsiring kan Moises an Ginoo ,"
"Then Moses and Aaron went to the front of the tent of meeting,","Kinmadto hira Moises ug Aaron ngan tinmindog ha atubangan han Tulda,"
"and the Lord said to Moses,","ngan nagsiring kan Moises an Ginoo ,"
“Get away from this assembly so I can put an end to them at once.” And they fell facedown.,"“Isol kamo tikang hini nga mga tawo ngan pamamatayon ko hira yana ngahaw!” Hinmapa ha tuna hira nga duha,"
"He stood between the living and the dead, and the plague stopped.",Nakapahunong ini han sakit ngan nahibilin hiya nga natindog ha butnga han mga buhi ngan han mga patay.
"But 14,700 people died from the plague, in addition to those who had died because of Korah.","An kadamo han mga tawo nga nagkamatay kapin hin 14,700, waray labot hadton mga nagkamatay tungod han pag-ato ni Core."
"Then Aaron returned to Moses at the entrance to the tent of meeting, for the plague had stopped.","Han paghunong na han sakit, binmalik hi Aaron ngadto kan Moises didto han agian han Tulda."
"The Lord said to Moses,","Nagsiring kan Moises an Ginoo ,"
"Place them in the tent of meeting in front of the ark of the covenant law, where I meet with you.",Dad-a ini ngadto han akon Tulda ngan igbutang ini ha atubangan han Kahon han Ginsaaran diin magkikita kita.
Moses placed the staffs before the Lord in the tent of the covenant law.,"Niyan ibinutang ni Moises an ngatanan nga mga tungkod didto han Tulda, ha atubangan han Kahon han Ginsaaran han Ginoo ."
Moses did just as the Lord commanded him.,Ginbuhat ni Moises sumala han iginsugo han Ginoo .
"The Israelites said to Moses, “We will die! We are lost, we are all lost!","Nagsiring kan Moises an mga tawo han Israel, “Ta, kon amo ito, mapatay kami ngatanan!"
Anyone who even comes near the tabernacle of the Lord will die. Are we all going to die?”,"Kon mapatay an bisan hin-o nga mahirani han Tulda, gabay na la kami mamatay!”"
“Everything in Israel that is devoted to the Lord is yours.,“Imo liwat an ngatanan nga ighahalad nga mga butang ha Israel nga iginhalad ha maupay nga kaburot-on.
"Their meat is to be yours, just as the breast of the wave offering and the right thigh are yours.","Imo an karne hini, lakip an dughan ngan an tuo nga mangorhe nga paa han linain nga halad."
"From now on the Israelites must not go near the tent of meeting, or they will bear the consequences of their sin and will die.","Kinahanglan diri humarani han Tulda an iba nga mga Israelita, basi diri ipadara ha ira an sirot han kamatayon."
"The Lord said to Moses,",Ginsugo han Ginoo hi Moises
Your offering will be reckoned to you as grain from the threshing floor or juice from the winepress.,Liwan ini nga linain nga amot han halad nga bag-o nga pagkaon ngan bag-o nga bino nga ighahalad han parauma.
The Lord said to Moses and Aaron:,Ginsugo han Ginoo hira Moises ug Aaron
Give it to Eleazar the priest; it is to be taken outside the camp and slaughtered in his presence.,ngan ighatag ini kan Eleazar nga padi. Pagdadad-on ini ha gawas han kampo ngan pag-iihawon ha iya atubangan.
“Whoever touches a human corpse will be unclean for seven days.,An bisan hin-o nga magkamkam hin minatay mahugaw hiya sumala han seremonyas sulod hin pito ka adlaw.
and every open container without a lid fastened on it will be unclean.,Nagmamahugaw liwat an tagsa nga tibod o daba nga waray takop ha sakob han tulda.
"Now there was no water for the community, and the people gathered in opposition to Moses and Aaron.","Waray tubig didto han ira ginkampohan, sanglit gin-alirongan han mga tawo hira Moises ug Aaron,"
"The Lord said to Moses,","Nagsiring kan Moises an Ginoo ,"
"So Moses took the staff from the Lord ’s presence, just as he commanded him.",Kinmadto hi Moises ngan ginkuha niya an tungkod sumala han iginsugo han Ginoo .
The whole Israelite community set out from Kadesh and came to Mount Hor.,"Binmaya han Cades an bug-os nga bungto han Israel ngan inmabot hira han Bukid Hor,"
"At Mount Hor, near the border of Edom, the Lord said to Moses and Aaron,","ha pag-ultan han Edom. Didto nagsiring an Ginoo kanda Moises ug Aaron,"
Get Aaron and his son Eleazar and take them up Mount Hor.,"Dad-a ngadto ha igbaw han Bukid Hor hi Aaron ngan hi Eleazar nga iya anak,"
The Israelites moved on and camped at Oboth.,Nagpadayon pagbaktas an mga Israelita ngan nagkampo hira didto ha Obot.
From there they moved on and camped in the Zered Valley.,Niyan nagkampo hira didto ha Kahamub-an han Zered.
and the slopes of the ravines that lead to the settlement of Ar and lie along the border of Moab.”,ngan han mga bakilid han kahamub-an nga naabot ngadto han bungto han Ar ngan tipakadto han pag-ultan han Moab.”
"from Mattanah to Nahaliel, from Nahaliel to Bamoth,","ngan tikang didto kinmadto hira ha Nahaliel, ngan tikang ha Nahaliel ngadto ha Bamot,"
Israel sent messengers to say to Sihon king of the Amorites:,Niyan may mga ginsugo han mga tawo han Israel ngadto kan Sihon nga Amoreohanon nga hadi hin pagsiring:
So Israel settled in the land of the Amorites.,"Sanglit nag-ukoy an mga tawo han Israel didto han katunaan han mga Amoreohanon,"
"and Moab was terrified because there were so many people. Indeed, Moab was filled with dread because of the Israelites.",nahadlok hin duro hiya ngan an ngatanan nga mga tawo niya.
"God came to Balaam and asked, “Who are these men with you?”","Kinmada kan Balaam an Dyos ngan nagpakiana, “Hin-o ini nga mga tawo nga kaupod mo?”"
"Balaam said to God, “Balak son of Zippor, king of Moab, sent me this message:","Binmaton hiya, “Ginsugo hira ni Hadi Balak han Moab hin pagsumat ha akon"
"Then Balak sent other officials, more numerous and more distinguished than the first.",Niyan nagsugo hi Balak hin darudamo nga mga pangulo nga mas dungganan kay han tuna.
"Balaam got up in the morning, saddled his donkey and went with the Moabite officials.","Sanglit han pagkaaga, ginmuntorahan ni Balaam an iya asno ngan inmupod hiya han taga-Moab nga mga pangulo."
Then Balaam went with Balak to Kiriath Huzoth.,"Sanglit inmupod hi Balaam kan Balak ngadto han bungto han Quiriat-huzot,"
"Balak sacrificed cattle and sheep, and gave some to Balaam and the officials who were with him.","diin nag-ihaw hi Balak hin mga baka ngan mga karnero, ngan tinagan niya han karne hi Balaam ngan an mga pangulo nga upod niya."
How can I curse those whom God has not cursed? How can I denounce those whom the Lord has not denounced?,"Uunanhon ko hin pakagtunglo han waray pagtunglo-a han Dyos, O pakahimangraw hin karat-an kon waray man maghimangraw an Ginoo ?"
"He answered, “Must I not speak what the Lord puts in my mouth?”","Binmaton hiya, “Nakakaghimangraw la ako han ipinapagyakan ha akon han Ginoo .”"
"Balaam said to Balak, “Stay here beside your offering while I meet with him over there.”","Nagsiring kan Balak hi Balaam, “Tindog dinhe sapit han imo halad nga tinubod ngan makikigkita ako didto han Dyos.”"
"I have received a command to bless; he has blessed, and I cannot change it.","Gintugon ako hin pagbendisyon, Ngan kon nagbebendisyon an Dyos, diri ako makakabaribad."
God brought them out of Egypt; they have the strength of a wild ox.,Ginpagawas hira han Dyos tikang ha Ehipto; Nakig-away hiya tungod ha ira sugad hin ihalas nga baka.
"Then Balak said to Balaam, “Neither curse them at all nor bless them at all!”","Niyan nagsiring kan Balaam hi Balak, “Nadiri ka hin pagtunglo han mga tawo han Israel, kundi ayaw man liwat hira pagbendisyoni!”"
"And Balak took Balaam to the top of Peor, overlooking the wasteland.",Sanglit gindara niya hi Balaam ngadto ha sampaw han Bukid Peor nga natangbo han kamingawan.
"“How beautiful are your tents, Jacob, your dwelling places, Israel!","Magtahom an mga tulda han Israel,"
"Balaam answered Balak, “Did I not tell the messengers you sent me,","Binmaton hi Balaam, “Ginsiring ko an imo mga sinugo ha akon nga"
A ruler will come out of Jacob and destroy the survivors of the city.”,"Pagtatamaktamakan hira han nasod han Israel, Ngan pagpupuohon an mga nanhisalin nga buhi.”"
yet you Kenites will be destroyed when Ashur takes you captive.”,Kundi pupuohon kamo nga mga Kinitanhon Kon pagbihagon na kamo han Asiria.”
Then he spoke his message: “Alas! Who can live when God does this?,Iginyakan ni Balaam ini nga panagna: “Hin-o ini nga mga tawo nga nagtitirok didto ha amihanan?
"Ships will come from the shores of Cyprus; they will subdue Ashur and Eber, but they too will come to ruin.”","Magsasakay an mga parasulong tikang ha Kitim; Pipirdehon nira an Asiria ug Heber, Kundi mawawara liwat an Kitim ha kadayonan.”"
"Then Balaam got up and returned home, and Balak went his own way.","Niyan nag-andam hi Balaam ngan inmoli hiya, ngan limakat man hi Balak."
"but those who died in the plague numbered 24,000.","kundi 24,000 nga mga tawo an namatay han sakit."
"The Lord said to Moses,","Nagsiring kan Moises an Ginoo ,"
Therefore tell him I am making my covenant of peace with him.,Sanglit sumati hiya nga maghihimo ako ha iya hin usa nga ginsaaran nga magpapadayon ha ngatanan nga panahon nga tiarabot.
"The Lord said to Moses,","Ginsugo han Ginoo hi Moises,"
“Treat the Midianites as enemies and kill them.,"“Sulonga an mga Midianitanhon ngan puoha hira,"
"After the plague the Lord said to Moses and Eleazar son of Aaron, the priest,","Katapos han sakit nga ginpadara han Ginoo , nagsiring an Ginoo kanda Moises ug Eleazar nga anak ni Aaron,"
"through Hezron, the Hezronite clan; through Karmi, the Karmite clan.","Hesron, ug Carmi."
"These were the clans of Reuben; those numbered were 43,730.","May-ada kapin hin 43,730 nga kalalaken-an ini nga mga banay."
"The son of Pallu was Eliab,",An mga tulin ni Falu amo hira Eliab
"The line of Korah, however, did not die out.",Kundi waray magkamatay an mga anak ni Core.)
"through Zerah, the Zerahite clan; through Shaul, the Shaulite clan.","Sori, ug Saul."
"These were the clans of Simeon; those numbered were 22,200.","May-ada 22,200 nga kalalaken-an ini nga mga banay."
"through Ozni, the Oznite clan; through Eri, the Erite clan;","Osni, Eri,"
"through Arodi, the Arodite clan; through Areli, the Arelite clan.","Arod, ug Ariel."
"These were the clans of Gad; those numbered were 40,500.","May-ada 40,500 nga kalalaken-an ini nga mga banay."
"These were the clans of Judah; those numbered were 76,500.","May-ada 76,500 nga kalalaken-an ini nga mga banay."
"through Jashub, the Jashubite clan; through Shimron, the Shimronite clan.","Jasub, ug Simran."
"These were the clans of Issachar; those numbered were 64,300.","May-ada 64,300 nga kalalaken-an ini nga mga banay."
"These were the clans of Zebulun; those numbered were 60,500.","May-ada 60,500 nga kalalaken-an ini nga mga banay."
The descendants of Joseph by their clans through Manasseh and Ephraim were:,"An mga tribo ni Jose nga amay hin duha nga mga anak nga kalalaken-an, hira Manases ug Efraim."
"through Asriel, the Asrielite clan; through Shechem, the Shechemite clan;","Asriel, Siquem,"
"through Shemida, the Shemidaite clan; through Hepher, the Hepherite clan.","Semida, ug Hefer."
"These were the clans of Manasseh; those numbered were 52,700.","May-ada 52,700 nga kalalaken-an ini nga mga banay."
"These were the descendants of Shuthelah: through Eran, the Eranite clan.",Tikang kan Sutala an banay ni Heran.
"through Shupham, the Shuphamite clan; through Hupham, the Huphamite clan.","Sufam, ug Hupam."
"These were the clans of Benjamin; those numbered were 45,600.","May-ada 45,600 nga kalalaken-an ini nga mga hugpo."
"All of them were Shuhamite clans; and those numbered were 64,400.","nga may-ada 64,400 nga kalalaken-an."
"and through the descendants of Beriah: through Heber, the Heberite clan; through Malkiel, the Malkielite clan.",Tikang kan Beria an mga banay nira Heber ug Melquiel.
(Asher had a daughter named Serah.),May anak nga babaye hi Aser nga ginngaranan kan Sera.
"These were the clans of Asher; those numbered were 53,400.","May-ada 53,400 nga kalalaken-an ini nga mga banay."
"through Jezer, the Jezerite clan; through Shillem, the Shillemite clan.","Jeser, ug Silim."
"These were the clans of Naphtali; those numbered were 45,400.","May-ada 45,400 nga kalalaken-an ini nga mga banay."
"The total number of the men of Israel was 601,730.","Inmabot hin 601,730 an kadamo han ngatanan nga kalalaken-an nga Israelita."
"The Lord said to Moses,","Nagsiring kan Moises an Ginoo ,"
“The land is to be allotted to them as an inheritance based on the number of names.,“Pagbahinbahin an tuna ngadto han mga tribo sumala han ira kadagko.
"Aaron was the father of Nadab and Abihu, Eleazar and Ithamar.","May upat nga mga anak hi Aaron: hira Nadab, Abihu, Eleazar, ug Itamar."
But Nadab and Abihu died when they made an offering before the Lord with unauthorized fire.),Nagkamatay hira Nadab ug Abihu han paghalad nira hin kalayo nga diri baraan ngadto han Ginoo .
"So Moses brought their case before the Lord ,","Gindara ni Moises an ira sumbong ngadto han Ginoo ,"
"and the Lord said to him,","ngan nagsiring ha iya an Ginoo ,"
"If he has no daughter, give his inheritance to his brothers.","Kon waray niya anak nga babaye, ighahatag ini ngadto han iya kabugtoan nga kalalaken-an."
"If he has no brothers, give his inheritance to his father’s brothers.","Kon waray niya kabugtoan nga kalalaken-an, ighahatag ini ngadto han kabugtoan nga kalalaken-an han iya amay."
"After you have seen it, you too will be gathered to your people, as your brother Aaron was,","Katapos mo paglantawa hini, mapatay ka sugad han imo bugto nga hi Aaron,"
"Moses said to the Lord ,","Nag-ampo hi Moises,"
Give him some of your authority so the whole Israelite community will obey him.,"Ihatag ha iya in bahin han imo pamunoan, basi pagsugton hiya han bug-os nga bungto han Israel."
"The Lord said to Moses,",Ginsugo han Ginoo hi Moises
"Offer one lamb in the morning and the other at twilight,","Ihalad ha aga an syahan nga nati nga karnero ngan ha gab-i, an ikaduha,"
“ ‘On the fourteenth day of the first month the Lord ’s Passover is to be held.,Pagsasaurogon an Pyesta han Paglabay ha pagpasidungog han Ginoo dida han ika-14 nga adlaw han syahan nga bulan.
On the first day hold a sacred assembly and do no regular work.,Dida han syahan nga adlaw han pyesta magtitirok kamo hin pagsingba ngan maundang kamo han iyo mga buhat.
"and with each of the seven lambs, one-tenth.",ngan ma usa ka kilo upod han kada nati nga karnero.
Offer these in addition to the regular morning burnt offering.,Ighalad ini labot han ikinaaga nga halad nga susunogon.
On the seventh day hold a sacred assembly and do no regular work.,Pagtirok kamo hin pagsingba dida han ikapito ka adlaw ngan ayaw kamo pagtrabaho.
"and with each of the seven lambs, one-tenth.",ngan ma usa ka kilo upod han kada nati nga karnero.
"and with each of the seven lambs, one-tenth.",ngan ma usa ka kilo upod han kada nati nga karnero.
"and with each of the seven lambs, one-tenth.",ngan ma usa ka kilo upod han kada nati nga karnero.
"and with each of the fourteen lambs, one-tenth.","ngan ma usa ka kilo upod han kada nati nga karnero, upod an ginkikinahanglan nga mga halad nga bino."
“ ‘On the eighth day hold a closing special assembly and do no regular work.,Dida han ikawalo ka adlaw pagtirok kamo hin pagsingba ngan ayaw kamo pagbuhat.
Moses told the Israelites all that the Lord commanded him.,Sanglit ginsumatan ni Moises an mga tawo han Israel han ngatanan nga iginsugo ha iya han Ginoo .
Moses said to the heads of the tribes of Israel: “This is what the Lord commands:,Iginhatag ni Moises an masunod nga mga tugon ngadto han mga pangulo han mga tribo han Israel.
"The Lord said to Moses,","Nagsiring kan Moises an Ginoo ,"
"“Take vengeance on the Midianites for the Israelites. After that, you will be gathered to your people.”","“Kastigoha an mga taga-Midian tungod han ira ginbuhat han mga tawo han Israel. Katapos pagbuhata mo hini, mapatay ka.”"
Send into battle a thousand men from each of the tribes of Israel.”,Tikang han kada tribo han Israel ipadara niyo in usa ka yukot nga kalalaken-an ngadto ha pag-awayan.”
"So twelve thousand men armed for battle, a thousand from each tribe, were supplied from the clans of Israel.","Sanglit ginpili in usa ka yukot nga kalalaken-an ha kada tribo: 12,000 ngatanan nga kalalaken-an nga andam para hin pakig-away."
"They fought against Midian, as the Lord commanded Moses, and killed every man.","Ginsulong nira an Midian sumala han iginsugo han Ginoo kan Moises, ngan pinanmatay nira an ngatanan nga kalalaken-an,"
"They burned all the towns where the Midianites had settled, as well as all their camps.",ngan ginsunog an ngatanan nira nga mga syudad ngan mga kampo.
"They took all the plunder and spoils, including the people and animals,","Gindara nira an ngatanan nga ira natikas ngan nabihag, lakip an mga priso ngan an mga hayop,"
“Have you allowed all the women to live?” he asked them.,"Ginpakianhan hira niya, “Kay ano nga waray man niyo pamataya an ngatanan nga kababayen-an?"
"The Lord said to Moses,","Nagsiring kan Moises an Ginoo ,"
Divide the spoils equally between the soldiers who took part in the battle and the rest of the community.,"Parehoa an iyo pagtung-a han mga nakuha; an usa nga bahin para han nga sondalo, ngan an ikaduha para han iba han bungto."
Take this tribute from their half share and give it to Eleazar the priest as the Lord ’s part.,Ighatag ini ngadto kan Eleazar nga padi nga linain nga amot ngadto han Ginoo .
So Moses and Eleazar the priest did as the Lord commanded Moses.,Ginbuhat nira Moises ug Eleazar an iginsugo han Ginoo .
Moses and Eleazar the priest accepted from them the gold—all the crafted articles.,Kinarawat nira Moises ug Eleazar an ngatanan nga bulawan nga mga rayandayan.
Each soldier had taken plunder for himself.,Ginhimos hadton diri mga opisyal an naagaw ha pag-awayan nga ira nakuha.
Why do you discourage the Israelites from crossing over into the land the Lord has given them?,Kay ano nga paghuhulopon niyo an mga tawo han Israel hin pagtabok han Jordan ngadto han tuna nga iginhatag ha ira han Ginoo ?
This is what your fathers did when I sent them from Kadesh Barnea to look over the land.,Amo gihapon an ginbuhat han iyo mga ginikanan han pagsugoa ko ha ira tikang ha Cades Barnea hin pag-usisa han tuna.
The Lord ’s anger was aroused that day and he swore this oath:,"Hito nga adlaw nasina an Ginoo , ngan nagsumpa:"
"The Gadites built up Dibon, Ataroth, Aroer,","Gintindog na liwat han tribo ni Gad an ginpaderan nga mga bungto han Dibon, Atarot, Aroer,"
"Atroth Shophan, Jazer, Jogbehah,","Etrotsofan, Jaser, Jebaa,"
"Beth Nimrah and Beth Haran as fortified cities, and built pens for their flocks.","Betnimra, ug Betaran."
"And the Reubenites rebuilt Heshbon, Elealeh and Kiriathaim,","Gintindog na liwat han tribo ni Ruben an Hesbon, Eleale, Quiriataim,"
"So Moses gave Gilead to the Makirites, the descendants of Manasseh, and they settled there.",Sanglit iginhatag ni Moises an Galaad ngadto han banay ni Maquir ngan nag-ukoy hira didto.
And Nobah captured Kenath and its surrounding settlements and called it Nobah after himself.,"Ginsulong ngan naagaw ni Noba an Kenat ngan an mga baryo hini, ngan isinangay ha iya, sanglit ginngaranan hin Noba."
The Israelites left Rameses and camped at Sukkoth.,Binayaan han mga tawo han Israel an Ramses ngan nagkampo hira didto ha Sucot.
"They left Sukkoth and camped at Etham, on the edge of the desert.",Didto ha Etam ha ligid han kamingawan an sunod nira nga kampo.
"They left Etham, turned back to Pi Hahiroth, to the east of Baal Zephon, and camped near Migdol.","Tikang didto binmalik hira ngadto ha Pihahirot nga sinirangan han Baalsipon, ngan nagkampo hira hirani han Migdol."
They left Elim and camped by the Red Sea.,Binayaan nira an Elim ngan nagkampo hira hirani han Dagat Suez.
They left the Red Sea and camped in the Desert of Sin.,Didto han kamingawan han Sin an sunod nira nga kampo.
They left the Desert of Sin and camped at Dophkah.,"Sunod nagkampo hira didto ha Dalfa,"
They left Dophkah and camped at Alush.,"ngan katapos, didto ha Alus."
"They left Alush and camped at Rephidim, where there was no water for the people to drink.","An sunod didto ha Rafidim, diin waray nira irimnon nga tubig."
"On the plains of Moab by the Jordan across from Jericho the Lord said to Moses,","Iginhatag han Ginoo kan Moises didto ha kapatagan han Moab, nga tabok han Jordan atbang han Jerico,"
"“Speak to the Israelites and say to them: ‘When you cross the Jordan into Canaan,","an masunod nga mga tugon para han Israel: “Kon tumabok na kamo han Jordan ngadto ha tuna han Canaan,"
"Take possession of the land and settle in it, for I have given you the land to possess.","Pagtag-iyaha niyo an tuna ngan pag-ukoy kamo didto, kay ihinahatag ko ini ha iyo."
And then I will do to you what I plan to do to them.’ ”,"Kon diri niyo hira paiwason, pagpupuohon ko kamo sugad nga ako naglarang hin pagpuo ha ira.”"
"The Lord said to Moses,",Iginhatag han Ginoo kan Moises
"where it will turn, join the Wadi of Egypt and end at the Mediterranean Sea.","diin maliko ini tipakadto ha kahamub-an didto han pag-ultan han Ehipto, ngan matatapos didto han Dagat Mediteraneo."
"“ ‘For your northern boundary, run a line from the Mediterranean Sea to Mount Hor","“An amihan nga pag-ultan matadong tikang ha Dagat Mediteraneo ngadto han Bukid Hor,"
"and from Mount Hor to Lebo Hamath. Then the boundary will go to Zedad,","ngan tikang didto ngadto han Agianan han Hamat. Magpapadayon ini ngadto ha Sedad,"
"“ ‘For your eastern boundary, run a line from Hazar Enan to Shepham.",“An sinirangan nga pag-ultan matadong tikang ha Enan ngadto ha Sefama.
"The Lord said to Moses,","Nagsiring kan Moises an Ginoo ,"
And appoint one leader from each tribe to help assign the land.,Kuha liwat hin usa nga pangulo tikang han kada tribo nga mabulig ha ira hin pagbahinbahin hini.”
These are the men the Lord commanded to assign the inheritance to the Israelites in the land of Canaan.,Amo ini an mga tawo nga gintudlok han Ginoo hin pagbahinbahin han malon para han mga tawo han Israel didto ha tuna han Canaan.
"On the plains of Moab by the Jordan across from Jericho, the Lord said to Moses,","Nagsiring kan Moises an Ginoo didto ha kapatagan han Moab nga tabok han Jordan, atbang han Jerico,"
"In all you must give the Levites forty-eight towns, together with their pasturelands.","upod an panabsaban nga mga tuna hini, nga maabot na ngatanan hin 48 nga mga syudad."
Then the Lord said to Moses:,Gintugon han Ginoo hi Moises
"“Speak to the Israelites and say to them: ‘When you cross the Jordan into Canaan,","nga sidngon an mga tawo han Israel: “Kon tumabok na kamo han Salog Jordan ngan sumulod han tuna han Canaan,"
These six towns you give will be your cities of refuge.,"Pagpili hin unom nga mga syudad,"
If anyone with malice aforethought shoves another or throws something at them intentionally so that they die,"“Kon magdumot in tawo ngan makamatay hiya han iya gindudumtan pinaagi hin pagtikwang ha iya o hin paglabay ha iya,"
“ ‘But if the accused ever goes outside the limits of the city of refuge to which they fled,"Kon an tawo nga salaan hin pakamatay, bumaya han syudad nga arayopan nga iya gindangpan,"
"“ ‘Do not accept a ransom for the life of a murderer, who deserves to die. They are to be put to death.",Kinahanglan pagpatayon in tawo nga makamatay. Diri hiya makakalikay hini nga sirot pinaagi hin pagbayad hin kwarta.
Grace and peace to you from God our Father and the Lord Jesus Christ.,Tagan unta kamo han Dyos nga aton Amay ngan han Ginoo Jesu-Cristo hin grasya ngan kamurayaw.
"I always thank my God as I remember you in my prayers,","Bugto Filemon, ha kada pag-aampo ko, hinnanabihan ko ikaw ngan nagpapasalamat ako han akon Dyos."
because I hear about your love for all his holy people and your faith in the Lord Jesus.,Kay nasumatan ako han imo paghigugma han ngatanan nga mga tawo han Dyos ngan han imo pagtoo han Ginoo nga hi Jesus.
"Therefore, although in Christ I could be bold and order you to do what you ought to do,","Tungod hini, makakahimo unta ako, sugad nga imo bugto kan Cristo, pagsugo ha imo han angay buhaton."
"Formerly he was useless to you, but now he has become useful both to you and to me.","Hadto waray hiya kapulsanan ha imo, kundi yana, mapulsanon na hiya ha aton nga duha."
I am sending him—who is my very heart—back to you.,"Ginpapabalik ko hiya yana ngada ha imo, ngan upod ha iya an akon kasingkasing."
Perhaps the reason he was separated from you for a little while was that you might have him back forever—,"Bangin nahimulag ha imo hi Onesimo hin halipot nga panahon, basi mahibalik hiya ha imo para na ha kadayonan."
"So if you consider me a partner, welcome him as you would welcome me.","Sanglit, kon gin-iisip mo pa ako nga imo kausa, karawata hiya sugad hin imo pagkarawat ha akon."
"If he has done you any wrong or owes you anything, charge it to me.","Kon may nabuhat niya ha imo nga kasaypanan, o naka-utang ha imo hin bisan ano, isipa ini nga akon utang."
"Epaphras, my fellow prisoner in Christ Jesus, sends you greetings.","Nangungumosta ha iyo hi Epafras nga kaupod ko didi ha bilanggoan tungod kan Cristo Jesus,"
"And so do Mark, Aristarchus, Demas and Luke, my fellow workers.","ngan sugad man hira Marcos, Aristarco, Demas, ug Lucas nga akon igkasi mga magburuhat."
The grace of the Lord Jesus Christ be with your spirit.,Maada unta ha iyo ngatanan an grasya han Ginoo Jesu-Cristo.
Grace and peace to you from God our Father and the Lord Jesus Christ.,Tagan unta kamo han Dyos nga aton Amay ngan han Ginoo Jesu-Cristo han grasya ug kamurayaw.
I thank my God every time I remember you.,Nagpapasalamat ako han Dyos tungod ha iyo ha kada takna nga nanunumdom ako ha iyo.
"In all my prayers for all of you, I always pray with joy","Nag-aampo ako nga malipayon ha kada takna nga nagaampo ako ha iyo,"
"because of your partnership in the gospel from the first day until now,",tungod han pagbulig niyo ha akon hin pagpasarang han Maupay nga Sumat tikang pa han pagkarawat niyo hini ngada yana.
God can testify how I long for all of you with the affection of Christ Jesus.,An Dyos an akon saksi nga natikang han kasingkasing ni Cristo Jesus an tim-os ko nga pagbati para ha iyo ngatanan.
"so that you may be able to discern what is best and may be pure and blameless for the day of Christ,",basi makagpili kamo han labi kamaupay. Ngan mapuputli kamo ngan waray igsususon ha iyo ha Adlaw han pagbalik ni Cristo.
filled with the fruit of righteousness that comes through Jesus Christ—to the glory and praise of God.,"Mapuno unta an iyo mga kinabuhi han mga mag-upay nga mga hiyas tikang kan Cristo Jesus, para han himaya ngan pagdayaw han Dyos."
"Now I want you to know, brothers and sisters, that what has happened to me has actually served to advance the gospel.","Karuyag ko nga mahibaro kamo, kabugtoan ko, nga an mga nahinabo ha akon nakabulig gud hin pagpauswag han Maupay nga Sumat."
"For to me, to live is Christ and to die is gain.","Ano an kinabuhi? Para ha akon, hi Cristo an kinabuhi. An kamatayon makakadugang pa ha akon hin damo nga kaupayan."
"I am torn between the two: I desire to depart and be with Christ, which is better by far;","Ambot kon mag-aano ako. Karuyag ko na bumaya hini nga kinabuhi ngan makig-usa kan Cristo, ngan bangin amo ini an mauruupay;"
but it is more necessary for you that I remain in the body.,kundi tungod ha iyo maupay ada nga mabuhi pa ako.
"In your relationships with one another, have the same mindset as Christ Jesus:",Angay angkonon niyo ini nga panhunahuna nga nakada kan Cristo Jesus:
"that at the name of Jesus every knee should bow, in heaven and on earth and under the earth,","Ha pagpasidungog han ngaran ni Jesus, maluhod an ngatanan nga aadto ha langit an aanhi ha tuna, ngan aadto ha kahiladman,"
"and every tongue acknowledge that Jesus Christ is Lord, to the glory of God the Father.","ngan ha dayag magpapasangyaw nga hi Jesu-Cristo amo an Ginoo, ha pagpasidungog han Dyos nga Amay."
for it is God who works in you to will and to act in order to fulfill his good purpose.,"kay dayuday nagbubuhat an Dyos dida ha iyo, basi maruyag kamo han pagbuhat ngan makahimo kamo hin pagtuman han iya mga panuyo."
"Do everything without grumbling or arguing,","Buhata niyo an ngatanan hin waray pagngurutob o pakiglaris,"
So you too should be glad and rejoice with me.,"Ha amo nga paagi, kinahanglan nga magmalipayon kamo ngan ipaangbit ha akon an iyo kalipay."
"I have no one else like him, who will show genuine concern for your welfare.",Hiya gud la an may pagbati ha akon ngan may tinuod nga pagbati liwat para ha iyo.
"For everyone looks out for their own interests, not those of Jesus Christ.","An tagsa namamalanga la han ira kalungaringon nga kaupayan, diri an kan Jesu-Cristo."
"I hope, therefore, to send him as soon as I see how things go with me.",Sanglit nakahunahuna ako hin pagpadara ha iya ngada ha iyo kon masayod na ako kon ano an mahinanabo ha akon didi.
And I am confident in the Lord that I myself will come soon.,Ngan nasarig ako han Ginoo nga ha diri maiha mahingangada ako ha iyo.
"So then, welcome him in the Lord with great joy, and honor people like him,","Karawata nga malipayon hiya nga bugto naton kan Cristo. Ipakita an iyo pagtahod han mga tawo nga sugad ha iya,"
But whatever were gains to me I now consider loss for the sake of Christ.,Kundi an mga butang nga ginhunahuna ko nga makakahatag ha akon hin kaupayan yana ginhunahuna ko nga waray la tungod kan Cristo.
"and so, somehow, attaining to the resurrection from the dead.",upod an paglaom nga babanhawon ako niya.
Only let us live up to what we have already attained.,"Kundi bisan ano an mahinabo, pagtipaunhan kita sumala han amo gihapon nga mga turumanon nga aton ginsunod ngada yana."
I plead with Euodia and I plead with Syntyche to be of the same mind in the Lord.,"Euodia ngan Sintique, upaya an iyo pagsabot nga duha sugad nga magbugto kamo dida han Ginoo."
Rejoice in the Lord always. I will say it again: Rejoice!,Dayuday malipayon kamo ha iyo pakig-usa han Ginoo. Babalikon ko hin pagsiring: pagkalipay kamo!
Let your gentleness be evident to all. The Lord is near.,Ipakita niyo ha ngatanan an iyo ka malumo ha kasingkasing. Diri na maiha mabalik an Ginoo.
I can do all this through him who gives me strength.,May-ada ako kusog hin pagasdang han ngatanan tungod han gahom nga iginhatag ha akon ni Cristo.
Yet it was good of you to share in my troubles.,Maupay adto nga iyo ginbuhat hin pagbulig ha akon dida han akon mga kakurian.
"for even when I was in Thessalonica, you sent me aid more than once when I was in need.","Han nagkukuri ako didto ha Tesalonica, diri la makausa kamo magpadara ha akon han iyo hinabang."
Not that I desire your gifts; what I desire is that more be credited to your account.,"Diri karuyag ko la magkinarawat hini mga hatag, kundi karuyag ko nga kadugangan an mga kaupayan nga iyo nakarawat."
And my God will meet all your needs according to the riches of his glory in Christ Jesus.,Ngan an Dyos upod an hura nga bahandi pinaagi kan Cristo Jesus mahatag han ngatanan nga iyo mga kinahanglanon.
To our God and Father be glory for ever and ever. Amen.,Ngadto han aton Dyos nga Amay an himaya nga waray kataposan. Matuman kunta.
Greet all God’s people in Christ Jesus. The brothers and sisters who are with me send greetings.,Kumosta han ngatanan nga magtinuohon dida kan Cristo Jesus. An mga kabugtoan nga kaupod ko didi nangungumosta liwat ha iyo.
"All God’s people here send you greetings, especially those who belong to Caesar’s household.","Nangungumosta liwat ha iyo an mga magtinuohon didi, labi na an mga sakop han palasyo ni Emperador Cesar."
The grace of the Lord Jesus Christ be with your spirit. Amen.,Maada unta ha iyo an grasya han aton Ginoo Jesu-Cristo.
"You have persevered and have endured hardships for my name, and have not grown weary.","Mailobon ka, nag-aantos ka hin mga kakurian tungod ha akon, ngan waray ka palupig."
Yet I hold this against you: You have forsaken the love you had at first.,Kundi iini an akon dinidirian ha imo: diri ka na yana nahigugma ha akon sugad han syahan mo nga paghigugma ha akon.
"Likewise, you also have those who hold to the teaching of the Nicolaitans.",May-ada pipira liwat dida ha imo nga nagsusunod han pagturon-an han mga Nicolaitano.
"I have given her time to repent of her immorality, but she is unwilling.","Tinagan ko hiya hin panahon hin pagbasol han iya mga sala, kundi diri niya karuyag bumaya han maraot niya nga buhat."
except to hold on to what you have until I come.’,"Kundi kapti hin maupay an aada na ha imo, tubtob han akon pag-abot."
"Whoever has ears, let them hear what the Spirit says to the churches.","“Kon may-ada ka durunggan, pamati han igsisiring han Espiritu ngadto han mga singbahan!"
"Whoever has ears, let them hear what the Spirit says to the churches.","“Kon may-ada ka durunggan, pamati han igsisiring han Espiritu ngadto han mga singbahan."
"I am coming soon. Hold on to what you have, so that no one will take your crown.","Ha diri maiha mapakada ako. Bantayi hin maupay an imo mga butang, basi waray makaagaw ha imo han upa han imo pagdarag-an."
"Whoever has ears, let them hear what the Spirit says to the churches.","“Kon may-ada ka durungan, pamati han igsisiring han Espiritu ngadto han mga singbahan."
"So, because you are lukewarm—neither hot nor cold—I am about to spit you out of my mouth.","Kundi tungod nga palabanhod ka manla, diri mapaso ngan diri liwat mahagkot, ibubugok ko ikaw!"
Those whom I love I rebuke and discipline. So be earnest and repent.,Ginbubusaan ngan ginkakastigo ko adton akon hinihigugma. Pagmatadong ngan bayai an imo mga sala.
"Whoever has ears, let them hear what the Spirit says to the churches.”","“Kon may-ada ka durunggan, pamati han igsisiring han Espiritu ngadto han mga singbahan.”"
"At once I was in the Spirit, and there before me was a throne in heaven with someone sitting on it.",Ha gilayon gindara ako han Espiritu. Didto ha langit may-ada trono ngan may-ada usa nga nalingkod didto han trono.
He went and took the scroll from the right hand of him who sat on the throne.,Ginkadto han Kordero ngan ginkuha niya an linikid nga basahan nga kinakaptan han tuo nga kamot han nalingkod ha trono.
"You have made them to be a kingdom and priests to serve our God, and they will reign on the earth.”",Ginhimo hira nga ginhadian hin kapadian hin pag-alagad han aton Dyos ngan maghahadi hira ha tuna.”
"The four living creatures said, “Amen,” and the elders fell down and worshiped.","Nagbaton an upat nga buhi nga mga binuhat, “Matuman kunta!” Ngan an mga katigurangan nanhapa ngan nagsingba."
"When the Lamb opened the second seal, I heard the second living creature say, “Come!”","Ngan ginbuong han Kordero an ikaduha nga silyo, ngan nagsiring an ikaduha nga buhi nga binuhat, “Pakadi!”"
"When the Lamb opened the fourth seal, I heard the voice of the fourth living creature say, “Come!”","Ngan ginbuong liwat han Kordero an ikaupat nga silyo, ngan hinbatian ko an ikaupat nga buhi nga binuhat nga nasiring, “Pakadi!”"
"For the great day of their wrath has come, and who can withstand it?”","An makalilisang nga adlaw han ira kapungot aanhi na, ngan hin-o in makakailob hini?”"
"from the tribe of Asher 12,000, from the tribe of Naphtali 12,000, from the tribe of Manasseh 12,000,",napulog duha ka yukot ha tribo ni Aser; napulog duha ka yukot ha tribo ni Neftali; napulog duha ka yukot ha tribo ni Manases;
"from the tribe of Simeon 12,000, from the tribe of Levi 12,000, from the tribe of Issachar 12,000,",napulog duha ka yukot ha tribo ni Simeon; napulog duha ka yukot ha tribo ni Levi; napulog duha ka yukot ha tribo ni Isacar;
"‘Never again will they hunger; never again will they thirst. The sun will not beat down on them,’ nor any scorching heat.","Diri na gud hira gugutomon o uuhawon; diri na hira mag-aantos han kapaso han adlaw o han bisan ano nga maping-it nga kapaso,"
"When he opened the seventh seal, there was silence in heaven for about half an hour.","Han pagbuonga han Kordero an ikapito nga silyo, nagmingaw didto ha langit sulod hin traynta ka minutos."
"And I saw the seven angels who stand before God, and seven trumpets were given to them.",Ngan hinkit-an ko an pito nga mga anghel nga natukdaw ha atubangan han Dyos ngan gintagan hira hin pito nga mga trompeta.
Then the seven angels who had the seven trumpets prepared to sound them.,Niyan an pito nga mga anghel nag-andam hin pagpatunog han ira mga trompeta.
"Their hair was like women’s hair, and their teeth were like lions’ teeth.",An ira buhok sugad hin buhok hin babaye ngan an ira mga ngipon sugad hin kanan liyon.
The first woe is past; two other woes are yet to come.,Natapos na an syahan nga makaharadlok; kahuman hini may-ada pa masunod nga duha nga mga makaharadlok.
Then the angel I had seen standing on the sea and on the land raised his right hand to heaven.,"Niyan, an anghel nga natukdaw ha dagat ngan ha tuna nagbayaw han iya tuo nga kamot ngadto ha langit"
The second woe has passed; the third woe is coming soon.,"Tapos na an ikaduha nga makaharadlok, kundi diri maiha maabot na an ikatulo nga makaharadlok."
"And the twenty-four elders, who were seated on their thrones before God, fell on their faces and worshiped God,","Ngan nanhapa nga nagsingba han Dyos an 24 nga mga katigurangan nga nalingkod dida han ira mga trono ha atubangan han Dyos,"
She was pregnant and cried out in pain as she was about to give birth.,"Tipag-aranak na hiya, ngan iginuliat niya an kaul-ol ngan an kasakit han pag-anak."
"But he was not strong enough, and they lost their place in heaven.",kundi nadaog an dragon ngan hiya ngan an iya sakop nga mga anghel waray na tugoti hin pag-ukoy didto ha langit; ginpaiwas hira.
"When the dragon saw that he had been hurled to the earth, he pursued the woman who had given birth to the male child.","Han pakasabot han dragon nga iginlabog hiya ha tuna, ginlanat niya an babaye nga nag-anak han bata nga lalake."
"Then from his mouth the serpent spewed water like a river, to overtake the woman and sweep her away with the torrent.","Ngan tikang han baba han dragon, ibinugwak niya in tubig nga sugad hin baha, basi mahianod an babaye."
"Whoever has ears, let them hear.","“Sanglit, pamati, kon may-ada niyo mga durunggan!"
No lie was found in their mouths; they are blameless.,Waray gud ha ira buwaon nga waray sadang igsususon ha ira.
"So he who was seated on the cloud swung his sickle over the earth, and the earth was harvested.",Ngan ginggarab an aranihon ha tuna hadton nalingkod ha bawbaw han dampog.
"Another angel came out of the temple in heaven, and he too had a sharp sickle.","Niyan hinkit-an ko in lain nga anghel nga ginmawas han templo didto ha langit, ngan may-ada liwat niya matarom nga garab."
"After this I looked, and I saw in heaven the temple—that is, the tabernacle of the covenant law—and it was opened.",Katapos hini hinkit-an ko nga naabre an templo ha langit diin nakadto ha sulod hini an Tulda han Ginsaaran.
Then they gathered the kings together to the place that in Hebrew is called Armageddon.,Niyan gindara han mga espiritu an kahadian ngadto hin dapit nga ha Hebreo tinatawag nga “Armagedon.”
Every island fled away and the mountains could not be found.,"Naanaw an ngatanan nga mga puro, nawara an ngatanan nga kabukiran."
They have one purpose and will give their power and authority to the beast.,"Uusa la an panuyo hini ngatanan nga napulo nga mga hadi, ngan ihahatag nira an ira gahom ngan pagburut-an ngadto han mananap."
The woman you saw is the great city that rules over the kings of the earth.”,“An hinkit-an mo nga babaye amo an bantogan nga syudad nga naghahadi han ngatanan nga kahadian han tuna.”
“The merchants of the earth will weep and mourn over her because no one buys their cargoes anymore—,Nagtatangis ngan nagmamasurub-on liwat tungod ha iya an mga negosyante ha tuna kay waray naman napalit han ira mga baligya;
"He is dressed in a robe dipped in blood, and his name is the Word of God.",Luob hin dugo an iya hilawig nga bado. “An Pulong han Dyos” amo an iya ngaran.
"When the thousand years are over, Satan will be released from his prison","Kahuman han usa ka yukot ka tuig, bubuhian hi Satanas tikang han iya prisohan,"
Anyone whose name was not found written in the book of life was thrown into the lake of fire.,An ngatanan nga waray mahisurat an ira ngaran dida han basahan han mga buhi iginlabog ngadto han linaw han kalayo.
"Those who are victorious will inherit all this, and I will be their God and they will be my children.",Adton makakapot han pagdarag-an makarawat hini ha akon. Ako an iya Dyos ngan hiya an akon anak.
"The wall was made of jasper, and the city of pure gold, as pure as glass.","Haspe an mga bato han pader, ngan an syudad hinimo hin puraw gud nga bulawan ngan matin-aw sugad hin salaming."
"The nations will walk by its light, and the kings of the earth will bring their splendor into it.","An mga tawo han kalibutan maglalakat dida han iya kapawa, ngan an kahadian han tuna magdadara han ira mga manggad ngada ha iya."
"On no day will its gates ever be shut, for there will be no night there.",An mga ganghaan han syudad bukas ha bug-os nga adlaw; diri gud magsasada tungod kay waray na gab-i didto.
The glory and honor of the nations will be brought into it.,An bantog ngan an manggad han mga nasod pagdadad-on ngadto han syudad.
"They will see his face, and his name will be on their foreheads.","Igkakaasdang hira ha ira, ngan an iya ngaran ipapatik ha ira mga agtang."
"I am the Alpha and the Omega, the First and the Last, the Beginning and the End.","Amo ako an syahan ngan an orhe, an tinikangan ngan an katapusan.”"
The grace of the Lord Jesus be with God’s people. Amen.,Maada unta ha tagsatagsa ha iyo an grasya han Ginoo Jesus.
"Paul, a servant of Christ Jesus, called to be an apostle and set apart for the gospel of God—",Tikang kan Pablo nga surugoon ni Cristo Jesus ngan apostol nga pinili ngan tinawag han Dyos hin pagwali han Maupay nga Sumat.
the gospel he promised beforehand through his prophets in the Holy Scriptures,"Maiha na nga iginsaad han Dyos an Maupay nga Sumat pinaagi han iya mga manaragna, ngan iginsurat dida han Baraan nga Kasuratan."
"regarding his Son, who as to his earthly life was a descendant of David,","Mahitungod ini han iya Anak nga aton Ginoo Jesu-Cristo: ha iya pagkatawo, tulin hiya ni David;"
And you also are among those Gentiles who are called to belong to Jesus Christ.,Upod man liwat kamo nga aada ha Roma nga gintawag han Dyos basi magin sakop ni Jesu-Cristo.
in my prayers at all times; and I pray that now at last by God’s will the way may be opened for me to come to you.,Gin-aampo ko ha Dyos nga ha iya maupay nga kaburot-on tugotan unta ako niya hin pagduaw ha iyo.
I long to see you so that I may impart to you some spiritual gift to make you strong—,"Kay karuyag ko gud makigkita ha iyo, basi kabahinan ko kamo hin espirituhanon nga kaupayan nga makakapadasig ha iyo."
"that is, that you and I may be mutually encouraged by each other’s faith.","Karuyag ko sidngon nga magbinuligay kita; kamo pinaagi han akon pagtoo, ngan ako pinaagi han iyo pagtoo."
That is why I am so eager to preach the gospel also to you who are in Rome.,Sanglit may tinguha liwat ako hin pagwali han Maupay nga Sumat dida ha iyo nga nag-uokoy ha Roma.
"Although they claimed to be wise, they became fools","Nagpakamaaram hira, kundi nahimo lugod hira nga mga lurong."
"they have no understanding, no fidelity, no love, no mercy.","waray pagpaid, waray pagtapod, ngan waray paghigugma o pagkalooy."
Now we know that God’s judgment against those who do such things is based on truth.,Maaram kita nga matadong an paghukom han Dyos hadton mga tawo nga nagbubuhat hin sugad hini nga mga butang.
God “will repay each person according to what they have done.”,Kay magbabalos an Dyos han kada tawo sumala han iya nabuhat.
"There will be trouble and distress for every human being who does evil: first for the Jew, then for the Gentile;","Pagpapaantoson ngan pagsasakiton an ngatanan nga nagbubuhat hin maraot, syahan an mga Judiyo, ngan sugad man an mga Hentil."
For God does not show favoritism.,Kay waray han Dyos pinalabi.
"Now you, if you call yourself a Jew; if you rely on the law and boast in God;","Ano man an mahitungod ha imo? Ikaw nga usa nga Judiyo, nasarig ka han Balaod ngan naparayaw ka han imo Dyos."
if you know his will and approve of what is superior because you are instructed by the law;,"Maaram ka han karuyag igpabuhat ha imo han Dyos, ngan nahibaro ka tikang han Balaod hin pagpili han matadong:"
"if you are convinced that you are a guide for the blind, a light for those who are in the dark,","Nagseguro ka nga makatugway ka han mga buta, makalamrag ka hadton mga aada ha kasisidman,"
"You who boast in the law, do you dishonor God by breaking the law?","Ikaw nga naparayaw han balaod han Dyos, kundi nagpapakaraot ka ngay-an han Dyos pinaagi hin pagtalapas han iya balaod?"
As it is written: “God’s name is blasphemed among the Gentiles because of you.”,"Nasiring an Kasuratan, “Tungod ha iyo nga mga Judiyo, an mga Hentil nagpapakaraot han ngaran han Dyos.”"
"What advantage, then, is there in being a Jew, or what value is there in circumcision?","Kon sugad, nakakabintaha ba han mga Hentil an mga Judiyo? O may-ada ba pulos an pagkatinori?"
"Much in every way! First of all, the Jews have been entrusted with the very words of God.",Damo gud! Siyahan igintapod han Dyos an iya mensahe ngadto han mga Judiyo.
What if some were unfaithful? Will their unfaithfulness nullify God’s faithfulness?,Ano man kon diri matinumanon an iba ha ira? Karuyag ba sidngon nga an Dyos diri liwat magmamatinumanon?
"Certainly not! If that were so, how could God judge the world?","Diri! Kon diri pa matadong an Dyos, uunanhon niya hin pakaghukom han kalibutan?"
"As it is written: “There is no one righteous, not even one;","Sumala han siring han Kasuratan: “Waray tawo nga matadong,"
there is no one who understands; there is no one who seeks God.,"waray bisan usa nga nakakasabot, o nangingita han Dyos."
“Their mouths are full of cursing and bitterness.”,puno hin magpintas nga mga panampalas an ira mga pamulong.
“Their feet are swift to shed blood;,Madali la hira makasamad ngan makamatay;
"ruin and misery mark their ways,",bisan diin hira kakadto napabilin an kabungkagan ngan kasakitan.
and the way of peace they do not know.”,"Diri hira maaram han dalan han kamurayawan,"
“There is no fear of God before their eyes.”,ngan waray man nira hibaroi an pagkahadlok han Dyos.”
"for all have sinned and fall short of the glory of God,",nagpakasala an ngatanan nga mga tawo ngan nawad-an hira han himaya han Dyos.
For we maintain that a person is justified by faith apart from the works of the law.,Kay sayod kita nga gin-iisip nga matadong ha Dyos an tawo pinaagi la han iya pagtuo ngan diri pinaagi hin pagtuman han Balaod.
"Or is God the God of Jews only? Is he not the God of Gentiles too? Yes, of Gentiles too,","Ngan an Dyos, Dyos ba la hiya han mga Judiyo? Diri ba hiya Dyos liwat han mga Hentil? Oo, Dyos gihapon hiya."
"What then shall we say that Abraham, our forefather according to the flesh, discovered in this matter?","Niyan, ano man an masisiring mahitungod kan Abraham nga amay han aton tulin?"
"What does Scripture say? “Abraham believed God, and it was credited to him as righteousness.”","Nasiring an Kasuratan, “Tinmoo han Dyos hi Abraham, ngan tungod han iya pagtoo, gin-isip hiya nga matadong han Dyos.”"
"Now to the one who works, wages are not credited as a gift but as an obligation.","An suhol han tawo nga nagkakabudlay diri ini hatag ha iya, kundi katungod niya hin pagkarawat."
"“Blessed are those whose transgressions are forgiven, whose sins are covered.","“Palaran hira kanay mga kasaypanan ginpasaylo han Dyos, kanay mga sala iya ginpara!"
Blessed is the one whose sin the Lord will never count against them.”,Palaran an tawo kanay mga sala diri na hinunumdoman han Ginoo!”
because the law brings wrath. And where there is no law there is no transgression.,"Nagdadara an Balaod han kasina han Dyos; kundi kon waray balaod, waray man liwat pagtalapas han balaod."
being fully persuaded that God had power to do what he had promised.,Waray gud hiya magruhaduha nga makakahimo an Dyos han iya iginsaad.
This is why “it was credited to him as righteousness.”,Sanglit “hi Abraham gin-isip han Dyos nga matadong hiya” pinaagi hin pagtoo.
"The words “it was credited to him” were written not for him alone,","Ini nga mga pulong, “gin-isip hiya nga matadong,” diri la ini iginsurat para ha iya."
He was delivered over to death for our sins and was raised to life for our justification.,"Tungod han aton mga sala igintubyan hiya basi patayon, ngan ginbanhaw hiya basi isipon kita nga matadong."
"perseverance, character; and character, hope.","dida han pag-ilob aada an pagpahimuot han Dyos, ngan dida han pagpahimuot han Dyos aada an paglaom."
"What shall we say, then? Shall we go on sinning so that grace may increase?",Ano man ngay-an an aton isisiring? Magpapadayon ba kita hin pagpinakasala basi tumubo ha aton an grasya han Dyos?
By no means! We are those who have died to sin; how can we live in it any longer?,Diri ini mahihimo! Namatay na kita dida han sala—uunanhon pa naton hin pagpadayon hin pagkabuhi dida han sala?
because anyone who has died has been set free from sin.,"Kay kon napatay an tawo, waray na gahom an sala ha iya."
"Now if we died with Christ, we believe that we will also live with him.","Tungod nga namatay na kita upod kan Cristo, natoo kita nga mabubuhi man liwat kita upod ha iya."
"For we know that since Christ was raised from the dead, he cannot die again; death no longer has mastery over him.",Kay sayod kita nga ginbanhaw hi Cristo ngan diri na gud mamamatay—waray na gahom ha iya an kamatayon.
You have been set free from sin and have become slaves to righteousness.,Natalwas na kamo han sala ngan nahimo kamo nga mga oripon han pagkamatadong.
"When you were slaves to sin, you were free from the control of righteousness.","Han mga oripon pa kamo han sala, diri kamo oripon han pagkamatadong."
"Once I was alive apart from the law; but when the commandment came, sin sprang to life and I died.","Hadto anay buhi ako nga bulag ha Balaod; kundi han pag-abot hini nga sugo, nabuhi an sala,"
I found that the very commandment that was intended to bring life actually brought death.,ngan namatay ako. Ngan an amo ngahaw nga sugo nga nahatag hin kinabuhi nagdara lugod ha akon hin kamatayon.
"For sin, seizing the opportunity afforded by the commandment, deceived me, and through the commandment put me to death.",Namay-ada higayon an sala ngan pinaagi hini nga sugo nalimbongan ako ngan ginpatay ako han sala.
"So then, the law is holy, and the commandment is holy, righteous and good.","Sanglit baraan an Balaod ngan baraan, matadong, ngan maupay man liwat an sugo."
"We know that the law is spiritual; but I am unspiritual, sold as a slave to sin.","Maaram kita nga espirituhanon an Balaod; kundi tawo ako nga may kamatayon, nga iginbaligya sugad nga oripon han sala."
"And if I do what I do not want to do, I agree that the law is good.","Kon ginbubuhat ko an diri ko karuyag pagbuhaton, nagpapakita ini nga nauyon ako nga matadong an Balaod."
"As it is, it is no longer I myself who do it, but it is sin living in me.","Sanglit diri gud ako an nagbubuhat hini nga butang, kundi an sala nga nag-uokoy dinhe ha akon."
"For I do not do the good I want to do, but the evil I do not want to do—this I keep on doing.",Diri ko ginbubuhat an maupay nga karuyag ko pagbuhaton; asay ko lugod ginbubuhat an maraot nga diri ko karuyag pagbuhaton.
"So I find this law at work: Although I want to do good, evil is right there with me.","Sanglit hinsabtan ko ini nga balaod: nga kon karuyag ko magbuhat hin maupay, an maraot la lugod an akon ginpipili."
For in my inner being I delight in God’s law;,Nalilipay gud ako han balaod han Dyos ha sag-od han akon kasingkasing.
What a wretched man I am! Who will rescue me from this body that is subject to death?,Kamakalolooy ko nga tawo! Hin-o in magtatalwas ha akon tikang hini nga lawas nga nagdadara ha akon ngadto ha kamatayon?
"Therefore, there is now no condemnation for those who are in Christ Jesus,","Sanglit yana diri na paghuhukman ha karat-an adton mga nahiusa na kan Cristo Jesus,"
Those who are in the realm of the flesh cannot please God.,Diri nakakalipay han Dyos an nagsusugot han ira lawasnon nga kinaiya.
"Therefore, brothers and sisters, we have an obligation—but it is not to the flesh, to live according to it.","Sanglit, kabugtoan ko, may-ada naton katungdanan nga mabuhi kita diri ha pagsunod han karuyag han aton lawasnon nga kinaiya."
For those who are led by the Spirit of God are the children of God.,Mga anak han Dyos an ginmamandoan han Espiritu han Dyos.
The Spirit himself testifies with our spirit that we are God’s children.,An Espiritu han Dyos nakikig-usa han aton espiritu hin pagpamatuod nga mga anak kita han Dyos.
I consider that our present sufferings are not worth comparing with the glory that will be revealed in us.,Gin-isip ko nga an mga gin-aantos naton hini nga panahon diri gud sadang mahitanding han himaya nga ipadadayag ha aton.
For the creation waits in eager expectation for the children of God to be revealed.,An ngatanan nga mga binuhat naghuhulat upod in malaomon nga paghingyap nga igpapadayag han Dyos an iya mga anak.
"But if we hope for what we do not yet have, we wait for it patiently.","Kundi kon naglalaom kita han diri naton nakikita, nagpapaabot kita hito hin mailobon."
"What, then, shall we say in response to these things? If God is for us, who can be against us?","Ano pa man an aton masisiring mahitungod hini ngatanan? Kon naugop ha aton an Dyos, hin-o pa man in matipa ha aton?"
Who will bring any charge against those whom God has chosen? It is God who justifies.,Hin-o man in masumbong kontra han pinili nga mga tawo han Dyos? An Dyos ngahaw an naghukom nga diri hira salaan!
"No, in all these things we are more than conquerors through him who loved us.","Diri, ha butnga hini ngatanan may-ada kita hingpit nga pagdarag-an pinaagi ha iya nga naghigugma ha aton!"
It is not as though God’s word had failed. For not all who are descended from Israel are Israel.,Diri ako nasiring nga nakawang an saad han Dyos; kay diri ngatanan nga mga tawo han Israel mga pinili han Dyos.
"Not only that, but Rebekah’s children were conceived at the same time by our father Isaac.",Ngan diri amo la ini. Kay an duha nga mga anak ni Rebecca uusa la an amay nga amo hi Isaac nga aton ginikanan.
"Just as it is written: “Jacob I loved, but Esau I hated.”","Sumala han siring han Kasuratan, “Ginhigugma ko hi Jacob, kundi gindumtan ko hi Esau.”"
What then shall we say? Is God unjust? Not at all!,"Kon sugad, makakasiring ba kita nga diri matadong an Dyos? Diri!"
"For he says to Moses, “I will have mercy on whom I have mercy, and I will have compassion on whom I have compassion.”","Kay nagsiring an Dyos kan Moises, “Malolooy ako hadton buot ko kaluoyan, mapaid ako hadton buot ko pairan.”"
"It does not, therefore, depend on human desire or effort, but on God’s mercy.","Sanglit an ngatanan nasandig diri han kinaruruyag o binubuhat han tawo, kundi han kalooy la han Dyos."
"Therefore God has mercy on whom he wants to have mercy, and he hardens whom he wants to harden.","Sanglit nalolooy an Dyos han iya buot kalooyan, ngan pinapatig-a niya an kasingkasing han buot niya patig-ahon."
"even us, whom he also called, not only from the Jews but also from the Gentiles?","Kay amo kita an iya tinawag, diri tikang la han mga Judiyo, kundi tikang liwat han mga Hentil."
For the Lord will carry out his sentence on earth with speed and finality.”,kay tutumanon dayon han Ginoo an iya paghukom han bug-os nga kalibutan.”
"Brothers and sisters, my heart’s desire and prayer to God for the Israelites is that they may be saved.","Kabugtoan ko, akon gud ungara ug pag-ampo ha bug-os ko nga kasingkasing nga matalwas unta an kalugaringon ko nga mga tawo!"
"For I can testify about them that they are zealous for God, but their zeal is not based on knowledge.","Makakapatapod ako ha iyo nga mapaso gud an ira pag-alagad sa Dyos, kundi diri pinasikad hin matuod nga kinaadman."
Christ is the culmination of the law so that there may be righteousness for everyone who believes.,"Kay gintapos na ni Cristo an Balaod, basi isipon nga matadong sa Dyos an bisan hin-o nga natoo."
"“or ‘Who will descend into the deep?’ ” (that is, to bring Christ up from the dead).","“Ayaw liwat pagpakiana, ‘Hin-o in malusad ngadto ha kahiladman?’” (Ha aton pa, pagbanhaw kan Cristo tikang han mga minatay)."
"As Scripture says, “Anyone who believes in him will never be put to shame.”","Nasiring an Kasuratan, “Adton natoo ha iya diri makakaawod.”"
"for, “Everyone who calls on the name of the Lord will be saved.”","Sumala han siring han Kasuratan, “Matatalwas an bisan hin-o nga natawag han ngaran han Ginoo.”"
"But not all the Israelites accepted the good news. For Isaiah says, “Lord, who has believed our message?”","Kundi diri ngatanan kinmarawat han Maupay nga Sumat. Nagsiring hi Isaias ngahaw, “Ginoo, hin-o in tinmoo han amon mensahe?”"
"Consequently, faith comes from hearing the message, and the message is heard through the word about Christ.","Sanglit an pagtoo natikang hin pamati han mensahe, ngan an mensahe natikang han pagwali kan Cristo."
"So too, at the present time there is a remnant chosen by grace.",Amo man ito an paagi yana nga panahon: may-ada gutiay nga hugpo nga ginpili han Dyos tungod han iya kalooy.
"And David says: “May their table become a snare and a trap, a stumbling block and a retribution for them.","ngan nasiring hi David, “Mabitik ngan madakop unta hira dida han ira mga kombite; mapukan unta hira, makastigo unta hira!"
in the hope that I may somehow arouse my own people to envy and save some of them.,"basi mangabugho an akon igkasi mga Judiyo, ngan tungod hito matalwas an iba ha ira."
"You will say then, “Branches were broken off so that I could be grafted in.”","Kundi masiring kamo, “Oo, kundi ginbanggi an mga sanga paghatag hin lugar ha amon.”"
"For if God did not spare the natural branches, he will not spare you either.",Waray malooy an Dyos han mga Judiyo nga pareho hin tinuod nga mga sanga; naghuhunahuna ba kamo nga malolooy hiya ha iyo?
And this is my covenant with them when I take away their sins.”,"Hihimoon ko ini nga ginsabotan ha ira, kon kuhaon ko na an ira mga sala.”"
for God’s gifts and his call are irrevocable.,Kay diri nababalhin an hunahuna han Dyos mahitungod han iya ginpipili ngan ginpapakaupay.
For God has bound everyone over to disobedience so that he may have mercy on them all.,"Kay ginhimo han Dyos an ngatanan nga mga tawo nga mga masupakon, basi makapakita hiya hin kalooy ha ira ngatanan."
“Who has known the mind of the Lord? Or who has been his counselor?”,"Sumala han siring han Kasuratan, “Hin-o in maaram han hunahuna han Ginoo? Hin-o in makakawaydong ha iya?"
"“Who has ever given to God, that God should repay them?”","Hin-o in nakahatag na ha iya hin bisan ano, basi makagbalos hiya?”"
"if it is serving, then serve; if it is teaching, then teach;","Kon pag-alagad, kinahanglan mag-alagad kita. Kon pagtutdo, kinahanglan magtutdo kita."
Love must be sincere. Hate what is evil; cling to what is good.,"Kinahanglan kinasingkasing gud an iya paghigugma. Pagdumti niyo an maraot, ngan pagpadayon kamo hin pagbuhat han maupay."
Be devoted to one another in love. Honor one another above yourselves.,"Magmapaso an paghigugma niyo sugad hin magburugto dida kan Cristo, ngan pagtinahoray kamo."
"Never be lacking in zeal, but keep your spiritual fervor, serving the Lord.",Pagmaduruto kamo ngan ayaw kahubya. Pag-alagad kamo han Ginoo nga madasigon.
"Be joyful in hope, patient in affliction, faithful in prayer.","Pagmalipayon kamo ha iyo paglaom, pagmapinailobon ha iyo mga kakurian, ngan pag-ampo kamo ha ngatanan nga panahon."
Share with the Lord’s people who are in need. Practice hospitality.,"Paangbita niyo han iyo mga butang an kabugtoan nga nagkikinahanglan, ngan karawata niyo adton mga nadangop ha iyo."
Rejoice with those who rejoice; mourn with those who mourn.,Duyogi hin kalipay adton mga malipayon; duyogi pagtangis adton mga nagtatangis.
"If it is possible, as far as it depends on you, live at peace with everyone.",Buhata an ngatanan nga mahihimo niyo hin pakigsangkay han ngatanan nga mga tawo.
"Do not be overcome by evil, but overcome evil with good.",Ayaw kamo pagpadaog han maraot; lugod dag-a niyo an maraot pinaagi han maupay.
"Accept the one whose faith is weak, without quarreling over disputable matters.","Karawata niyo an tawo nga maluya an pagtoo, kundi ayaw pakiglantugi ha iya mahitungod han iya kalugaringon nga panhunahuna."
"One person’s faith allows them to eat anything, but another, whose faith is weak, eats only vegetables.","An pagtoo hin usa ka tawo natugot ha iya hin pagkaon hin bisan ano, kundi an tawo nga maluya an pagtoo nakaon la hin utan."
"For none of us lives for ourselves alone, and none of us dies for ourselves alone.","Waray usa ha aton nga nabubuhi ha iya la kalugaringon, waray usa ha aton nga namamatay ha iya la kalugaringon;"
"For this very reason, Christ died and returned to life so that he might be the Lord of both the dead and the living.",Namatay ngan nabanhaw liwat hi Cristo basi magin Ginoo hiya han mga buhi ngan han mga minatay.
"So then, each of us will give an account of ourselves to God.",Sanglit an kada usa ha aton mahatag hin kasayoran ngadto ha Dyos han iya kalugaringon.
Therefore do not let what you know is good be spoken of as evil.,Ayaw itugot nga adton iyo gintatagad nga maupay pagtamayon han iba.
because anyone who serves Christ in this way is pleasing to God and receives human approval.,Ngan nalilipayan han Dyos ngan naruruyagan han mga tawo an bisan hin-o nga nag-aalagad kan Cristo hin sugad hini nga paagi.
Let us therefore make every effort to do what leads to peace and to mutual edification.,Sanglit kinahanglan dayuday talinguhaon ta an mga butang nga nagdadara hin kalinaw ngan nakakaparig-on han tagsa tagsa ha aton.
"Each of us should please our neighbors for their good, to build them up.","Lugod magpahalipay kita ngatanan han aton kabugtoan tungod han ira kaupayan, basi magmarig-on an ira pagtoo."
"Accept one another, then, just as Christ accepted you, in order to bring praise to God.","Sanglit tungod han himaya han Dyos, karawata an iyo igkasi mga magtinuohon sugad han pagkarawat ni Cristo ha iyo."
"Again, it says, “Rejoice, you Gentiles, with his people.”","Nasiring liwat, “Paglipay kamo, mga Hentil, upod han pinili nga mga tawo han Dyos!”"
"And again, “Praise the Lord, all you Gentiles; let all the peoples extol him.”","Ngan nasiring pa, “Dayawa an Ginoo, ngatanan kamo nga mga Hentil; dayawa hiya, ngatanan kamo nga mga tawo!”"
Therefore I glory in Christ Jesus in my service to God.,"Sanglit dida han pakig-usa ko kan Cristo Jesus, makakaparayaw ako han akon pag-alagad para han Dyos."
This is why I have often been hindered from coming to you.,Tungod hini waray ako hinanayon hin pagkada ha iyo.
"Now, however, I am on my way to Jerusalem in the service of the Lord’s people there.",Kundi ito yana tipakadto ako ha Jerusalem hin pag-alagad han mga magtinuohon didto.
"I know that when I come to you, I will come in the full measure of the blessing of Christ.","Kon kumada ako ha iyo, maaram ako nga maabot ako dara an bug-os nga bendisyon ni Cristo."
The God of peace be with you all. Amen.,Maada unta ha iyo ngatanan an Dyos nga aton burabod han kamurayaw. Amen.
"I commend to you our sister Phoebe, a deacon of the church in Cenchreae.","Iginpapakilala ko ha iyo hi Febe nga aton bugto nga babaye, nga nag-ataman han singbahan ha Cencrea."
"Greet Priscilla and Aquila, my co-workers in Christ Jesus.","Ipangumosta ako kanda Priscila ug Aquila, an mga nagbulig ha akon ha pag-alagad kan Cristo Jesus,"
"Greet Mary, who worked very hard for you.",Ipangumosta man ako kan Maria nga nagkabudlay hin duro para ha iyo.
"Greet Ampliatus, my dear friend in the Lord.","Ipangumosta ako kan Ampliato, an hinigugma ko nga sangkay dida hin minagburugto nga pakig-urosa tungod han Ginoo."
"Greet Herodion, my fellow Jew. Greet those in the household of Narcissus who are in the Lord.","Ipangumosta liwat ako kan Herodion nga akon urupod, ngan han mga magtinuohon han panimalay ni Narciso."
"Greet Asyncritus, Phlegon, Hermes, Patrobas, Hermas and the other brothers and sisters with them.","Ipangumosta ako kanda Asincrito, Flegonte, Hermes, Patrobas, Hermas, ngan iba nga mga magtinuohon nga kaupod nira."
Greet one another with a holy kiss. All the churches of Christ send greetings.,Paggikumostahay kamo pinaagi hin minagburugto nga harok. Nangungumosta ha iyo an ngatanan nga mga singbahan ni Cristo.
"I, Tertius, who wrote down this letter, greet you in the Lord.","Ako, hi Tercio nga tagsurat hini nangungumosta ha iyo sugad nga iyo igkasi-cristiano."
"Now Elimelek, Naomi’s husband, died, and she was left with her two sons.",namatay hi Elimelec ngan nag-usaan na la hi Naomi upod han iya duha nga mga anak nga kalalaken-an.
"both Mahlon and Kilion also died, and Naomi was left without her two sons and her husband.","namatay liwat hira Malon ug Quilion, ngan nag-usaan na gud la hi Naomi nga waray na bana ngan mga anak nga kalalaken-an."
"and said to her, “We will go back with you to your people.”","ngan nagsiring ha iya, “Diri! Maupod kami ha imo ngadto han imo mga tawo.”"
"When Naomi realized that Ruth was determined to go with her, she stopped urging her.","Han pagkasabot ni Naomi nga tiupod gud ha iya hi Ruth, waray na la hiya mag-aringasa."
"Boaz asked the overseer of his harvesters, “Who does that young woman belong to?”","Ginpakianhan ni Boos an iya tinaporan, “Hin-o ito nga batan-on nga babaye?”"
"“I will do whatever you say,” Ruth answered.","Binmaton hi Ruth, “Bubuhaton ko an ngatanan nga imo ginsiring.”"
So she went down to the threshing floor and did everything her mother-in-law told her to do.,Sanglit kinmadto hi Ruth ha giriokan ngan ginbuhat niya sumala han ginsiring ha iya han iya ugangan nga babaye.
In the middle of the night something startled the man; he turned—and there was a woman lying at his feet!,"Hito nga gab-i tigda hiya nga nagmata, linmimbag hiya, ngan nahipausa nga may babaye nga nahigda ha iya tiilan."
"Boaz took ten of the elders of the town and said, “Sit here,” and they did so.","Niyan kinmuha hi Boos hin napulo nga mga pangulo han bungto ngan ginpalingkod liwat hira didto. Han pagkalingkod na nira,"
Then Naomi took the child in her arms and cared for him.,"Ginkugos ni Naomi an bata, ginggakos niya, ngan ginmangnoan niya."
"This saying is true. Therefore rebuke them sharply, so that they will be sound in the faith","Matuod ini nga iya siring. Tungod hini, kinahanglan sawayon mo hira ngan busai, basi makaangkon hira hin marig-on nga pagtoo,"
"You, however, must teach what is appropriate to sound doctrine.",Kundi kinahanglan igtutdo mo an igo ug angay han maupay nga pagturon-an.
"Then they can urge the younger women to love their husbands and children,","basi katutdoan an mga batan-on nga kababayen-an hin paghigugma han ira mga bana ngan mga anak,"
"Similarly, encourage the young men to be self-controlled.",Ha amo nga paagi aghata an batan-on nga kalalaken-an hin pagpugong han ira kalugaringon.
For the grace of God has appeared that offers salvation to all people.,Kay iginpahayag han Dyos an iya grasya para han katalwasan han ngatanan nga mga tawo.
"But when the kindness and love of God our Savior appeared,","Kundi han pagpakita na han kalooy ngan gugma han Dyos nga aton Magtaralwas,"
"whom he poured out on us generously through Jesus Christ our Savior,","Ibinubo ha aton han Dyos an Espiritu Santo pinaagi kan Jesu-Cristo nga aton Magtaralwas,"
"Warn a divisive person once, and then warn them a second time. After that, have nothing to do with them.","Pahimangnoa, bisan na man la makaduha an tawo nga amo an tinikangan hin pagkabahinbahin, ngan ayaw na hiya tagda."
You may be sure that such people are warped and sinful; they are self-condemned.,"Maaram na kamo nga maraot in sugad hini nga tawo, ngan an iya mga sala amo ngahaw an nagpapamatuod nga sayop hiya."
