bik,tl
Ginagalangan kong Teofilo:,"Yamang marami ang nagsikap mag-ayos ng isang kasaysayan tungkol sa mga bagay na naganap sa gitna natin,"
Dakul na an nagsurat nin maigot dapit sa mga bagay na nangyari sa tahaw nyato.,"ayon sa ipinaalam sa atin ng mga taong buhat sa pasimula ay mga saksing nakakita at mga tagapangaral ng salita,"
"Isinurat ninda an mga bagay na inosip sato kan mga nakahiling kaiyan poon sa kapinonan, asin nagtukdo kan Marahay na Bareta.","ay minabuti ko naman, pagkatapos na siyasating mabuti ang lahat ng mga pangyayari buhat sa pasimula, na sumulat ng isang maayos na salaysay para sa iyo, kagalang-galang na Teofilo,"
"Ngunyan, ginagalangan na Teofilo, pakatapos kong adalan an gabos poon sa kapinonan, pinagmarahay ko man na isurat an pasurunod-sunod na nangyari para saimo,",upang malaman mo ang katiyakan ng mga bagay na itinuro sa iyo.
tanganing maaraman mo an bilog na katotoohan dapit sa gabos na itinukdo na saimo.,"Nang panahon ni Haring Herodes ng Judea, may isang paring ang pangalan ay Zacarias, mula sa pangkat ni Abias. Ang naging asawa niya ay isa sa mga anak na babae ni Aaron na ang pangalan ay Elizabeth."
"Kan si Herodes an hade sa Judea, may sarong padi na an ngaran Zacarias na kabilang sa grupo ni Abias. An agom niyang si Isabel gikan man sa kapadian na kapagarakian ni Aaron.","Sila'y kapwa matuwid sa harapan ng Diyos, at nabubuhay na walang kapintasan ayon sa lahat ng mga utos at alituntunin ng Panginoon."
An mag-agom na ini parehong banal; nagkukuyog sinda kan gabos na katogonan asin pagboot nin Kagurangnan.,"Subalit wala silang anak, sapagkat baog si Elizabeth at sila'y kapwa matanda na."
Alagad mayo sindang aki huli ta baog si Isabel asin pareho sindang gurang nang marahay.,"Samantalang naglilingkod siya sa Diyos bilang pari at ang kanyang pangkat ang nanunungkulan,"
"Turno kaidto kan mga pading grupo ni Zacarias na maglingkod sa Templo. Sarong aldaw, si Zacarias iyo an padi na naglingkod sa atubang nin Dios.","ayon sa kaugalian ng mga pari, napili siya sa pamamagitan ng palabunutan na pumasok sa templo ng Panginoon at magsunog ng insenso."
Kaugalean nin mga padi na magripa tanganing aramon kun siisay an matutong kan insenso sa altar; asin si Zacarias an napili. Kaya naglaog siya sa templo nin Kagurangnan.,"At sa oras ng paghahandog ng insenso, ang napakaraming tao ay nananalangin sa labas."
"Sa oras nin pagtutong kan insenso, namimibi sa luwas an dakul na tawo.",Nagpakita sa kanya ang isang anghel ng Panginoon na nakatayo sa gawing kanan ng dambana ng insenso.
Nagpahiling saiya an sarong anghel nin Kagurangnan na nagtitindog sa too kan altar nin insenso.,"Nang makita niya ang anghel, nasindak at natakot si Zacarias."
"Kan mahiling ni Zacarias an anghel, nakubhanan siya asin inabtan nin makuring takot.","Subalit sinabi sa kanya ng anghel, “Huwag kang matakot, Zacarias, sapagkat pinakinggan ang panalangin mo at ang asawa mong si Elizabeth ay magsisilang sa iyo ng isang anak na lalaki at tatawagin mo siya sa pangalang Juan."
"Alagad sinabihan siya kan anghel, “Dai ka matakot, Zacarias! Dinangog nin Dios an pamibi mo; mangangaki nin lalaki an saimong agom, asin Juan an ingangaran mo sa aki.",Ikaw ay magkakaroon ng kaligayahan at kagalakan at marami ang matutuwa sa kanyang pagsilang.
"Dakulang kaogmahan an maabot saimo, asin dakul an maoogma sa saiyang pagkamundag,","Sapagkat siya'y magiging dakila sa harapan ng Panginoon, at hindi siya iinom ng alak o matapang na inumin. Siya'y mapupuno ng Espiritu Santo mula pa sa sinapupunan ng kanyang ina."
huli ta siya magigin dakulang tawo sa atubang nin Kagurangnan. Dai siya mainom nin arak o anoman na maisog na inomon. Mapapano siya kan Espiritu Santo maski nasa tulak pa sana siya kan saiyang ina.,Marami sa mga anak ni Israel ang panunumbalikin niya sa Panginoon nilang Diyos.
Kadakul na mga aki nin Israel an ibabalik niya sa Kagurangnan na saindang Dios.,"Siya'y lalakad sa unahan niya sa espiritu at kapangyarihan ni Elias, upang papanumbalikin ang mga puso ng mga magulang sa kanilang mga anak, at ang mga suwail sa karunungan ng mga matuwid, upang ihanda ang isang bayang nakalaan sa Panginoon.”"
"Maeenot siya sa Kagurangnan, may kosog asin kapangyarihan na arog ki Propeta Elias, tanganing an mga ama makiolian sa mga aki, asin tanganing pabalikon an mga tawong masombikal sa kadonongan kan mga matanos. Aandamon niya para sa Kagurangnan an sarong banwaan.”","Sinabi ni Zacarias sa anghel, “Paano ko malalamang gayon nga? Sapagkat ako ay matanda na at ang aking asawa ay puspos na ng mga araw.”"
"Hinapot ni Zacarias an anghel, “Paano ko maaaraman ini? Gurang na ako asin gurang na an sakong agom?”","At sinagot siya ng anghel, “Ako si Gabriel na tumatayo sa harapan ng Diyos. Ako'y sinugo upang makipag-usap at ipahayag sa iyo itong magandang balita."
"Nagsimbag an anghel, “Ako si Gabriel na naglilingkod sa atubang nin Dios. Sinugo ako nganing taraman ka asin darahon saimo an marahay na baretang ini.","Subalit ngayon, sapagkat hindi ka naniwala sa aking mga salita na magaganap sa kanilang kapanahunan, ikaw ay magiging pipi at di makapagsasalita, hanggang sa araw na mangyari ang mga bagay na ito.”"
"Alagad huli ta dai ka nagtubod sa mga sinabi ko na mangyayari pag-abot kan talaan na panahon, mapopola ka sagkod sa aldaw na maotob an mga itinaram ko saimo.”","Samantala, hinihintay ng mga tao si Zacarias at nagtaka sila sa kanyang pagtatagal sa loob ng templo."
An mga tawo nagparahalat ki Zacarias. Nagngalas sinda huli ta haloyon siya duman sa laog kan templo.,"Nang lumabas siya, hindi siya makapagsalita sa kanila. Inakala nila na siya'y nakakita ng isang pangitain sa templo. Siya'y nakipag-usap sa kanila sa pamamagitan ng mga hudyat, at siya'y nanatiling pipi."
"Kan magluwas na siya, dai na siya nakakataram, mga senyas na sana an ginamit niya; kaya aram nindang nakahiling siya nin bisyon sa laog kan Templo. Poon kaidto, nagin pola si Zacarias.","Nang matapos na ang mga araw ng kanyang paglilingkod, siya'y umuwi sa kanyang bahay."
"Kan tapos na an panahon kan paglingkod ni Zacarias sa Templo, nagpuli siya.","Pagkalipas ng mga araw na ito ay naglihi ang kanyang asawang si Elizabeth. Siya ay nagtago nang limang buwan, na nagsasabi,"
Dai nahaloy nangidam an agom niyang si Isabel; dai ini nagluwas-luwas sa harong sa laog nin limang bulan.,“Ganito ang ginawa ng Panginoon sa akin nang mga araw na ako'y kanyang bigyang-pansin upang alisin ang aking kahihiyan sa gitna ng mga tao.”
"An sabi ni Isabel, “Ngunyan naherakan ako nin Kagurangnan; ginibo niya ini nganing mahale an kasopogan ko!”","Nang ikaanim na buwan, sinugo ng Diyos ang anghel na si Gabriel sa isang bayan ng Galilea, na tinatawag na Nazaret,"
"Kan ikaanom nang bulan kan pagbados ni Isabel, an anghel na si Gabriel sinugo nin Dios sa sarong banwaan nin Galilea, na an ngaran Nazaret,","sa isang birheng nakatakdang ikasal sa isang lalaki, na ang pangalan ay Jose, mula sa sambahayan ni David. Ang pangalan ng birhen ay Maria."
"sa sarong birhen na ikinasal ki Jose na gikan sa kapagarakian ni David, asin an ngaran kan birhen Maria.","Lumapit ang anghel sa kanya, at sinabi, “Magalak ka, ikaw na pinagpala! Ang Panginoon ay sumasaiyo.”"
"Nagdolok ki Maria an anghel dangan nagsabi, “An katoninongan mapasaimo, paladan na babae! An Kagurangnan yaon saimo!”",Subalit siya'y lubhang naguluhan sa sinabing iyon at inisip niya sa kanyang sarili kung anong uri ng pagbati kaya ito.
Natikbahan si Maria kan mga tataramon na ini asin pinag-isip-isip niya kun ano an kahulogan kaiyan.,"Sinabi sa kanya ng anghel, “Huwag kang matakot, Maria, sapagkat nakatagpo ka ng paglingap sa Diyos."
"Kaya sinabihan siya kan anghel, “Dai ka matakot, Maria, huli ta nawiwilihan ka nin Dios.","At ngayon, maglilihi ka sa iyong sinapupunan at magsisilang ka ng isang anak na lalaki, at tatawagin mo siya sa pangalang Jesus."
Mangingidam ka asin mangangaki nin lalaki; Jesus an ingangaran mo saiya.,Siya'y magiging dakila at tatawaging Anak ng Kataas-taasan at ibibigay sa kanya ng Panginoong Diyos ang trono ng kanyang amang si David.
Magigin dakula siya saka aapodon na Aki kan Kahorohalangkaweng Dios. Itatao saiya nin Kagurangnan na Dios an trono ni David na saiyang ginikanan.,Siya'y maghahari sa sambahayan ni Jacob magpakailanman at hindi magwawakas ang kanyang kaharian.”
Maghahade siya sa kapagarakian ni Jacob sagkod lamang; an saiyang kahadean mayo nin kataposan!”,"Sinabi ni Maria sa anghel, “Paanong mangyayari ito, samantalang ako'y wala pang nakikilalang lalaki.”"
“Paanong mangyari ini ta ako sarong birhen?” an hapot ni Maria.,"At sumagot ang anghel sa kanya, “Bababa sa iyo ang Espiritu Santo at lililiman ka ng kapangyarihan ng Kataas-taasan. Kaya't ang batang banal ay tatawaging Anak ng Diyos."
"Nagsimbag an anghel, “Mahilig saimo an Espiritu Santo asin lilindongan ka kan kapangyarihan kan Kahorohalangkaweng Dios. Kaya banal an ipapangaki mo na aapodon Aki nin Dios.","Si Elizabeth na iyong kamag-anak ay naglihi rin ng isang anak na lalaki, bagama't siya'y matanda na. Ito ang ikaanim na buwan niya, na dati'y tinatawag na baog."
"Natatandaan mo an pinsan mong si Isabel? Pinagsasabi na dai siya mangangaki, alagad nangidam siya maski ngani gurang na nin marahay. Ngunyan anom na bulan na siyang bados,",Sapagkat sa Diyos ay walang salitang hindi mangyayari.”
huli ta mayo nin imposible sa Dios.”,"At sinabi ni Maria, “Narito ako na alipin ng Panginoon; mangyari sa akin ang ayon sa iyong salita.” Pagkatapos, iniwan siya ng anghel."
"Nagsabi si Maria, “Oripon ako nin Kagurangnan; mangyari logod sako sosog sa saimong tataramon.” Dangan binayaan siya kan anghel.","Nang mga araw na iyon ay tumindig si Maria at nagmadaling pumunta sa isang bayan ng Judea, sa lupaing maburol."
"Pakalihis nin nagkapirang aldaw, nag-andam si Maria asin hidaling nagduman sa sarong banwaan sa kabubuldan nin Juda.",Pumasok siya sa bahay ni Zacarias at bumati kay Elizabeth.
"Pagdagos niya sa harong ni Zacarias, nagtaong galang siya ki Isabel.","Nang marinig ni Elizabeth ang bati ni Maria, gumalaw ang sanggol sa kanyang sinapupunan at napuno si Elizabeth ng Espiritu Santo."
"Pagkadangog ni Isabel kan pagtaong galang ni Maria, huminiro an aki sa tulak niya. Napano kan Espiritu Santo si Isabel,","Sumigaw siya nang malakas at sinabi, “Pinagpala ka sa mga babae, at pinagpala ang bunga ng iyong sinapupunan!"
"asin nagtaram nin makosog, “Paladan ka sa gabos na babae asin paladan an aki na dinadara mo sa saimong tulak!","Bakit nangyari ito sa akin, na ako ay dapat dalawin ng ina ng aking Panginoon?"
Siisay ako na pagsongkoon kan ina nin sakong Kagurangnan?,"Sapagkat nang ang tinig ng iyong pagbati ay aking nadinig, gumalaw sa tuwa ang sanggol sa aking sinapupunan."
"Huli ta pakadangog ko kan saimong pagtaong galang, huminiro sa kaogmahan an aki sa sakuyang tulak.",Mapalad ang babaing sumampalataya na matutupad ang mga bagay na sinabi sa kanya ng Panginoon.”
Paladan ka ta nagtubod kang maootob an sinabi saimo nin Kagurangnan!”,"Sinabi ni Maria,"
"Nagsabi si Maria,","“Dinadakila ng aking kaluluwa ang Panginoon,"
“An sakong puso nag-oomaw sa Kagurangnan;,at nagagalak ang aking espiritu sa Diyos na aking Tagapagligtas.
an sakong kalag nag-oogma sa Dios na sakong Paraligtas;,Sapagkat nilingap niya ang abang kalagayan ng kanyang alipin.
huli ta hiniling niya an kapakumbabaan nin saiyang oripon!,Sapagkat tiyak na mula ngayon ay tatawagin akong mapalad ng lahat ng salinlahi.
"Poon ngunyan aapodon akong paladan kan gabos na kapagarakian,",Sapagkat siya na makapangyarihan ay gumawa para sa akin ng mga dakilang bagay
huli ta an Makakamhan guminibo para sako nin dakulang mga bagay;,at banal ang kanyang pangalan.
asin Banal an saiyang ngaran.,Ang kanyang awa ay sa mga natatakot sa kanya
"An saiyang pagkaherak yaon sa may pagkatakot saiya,",sa lahat ng sali't-saling lahi.
sa gabos na henerasyon.,Siya'y nagpakita ng lakas sa pamamagitan ng kanyang bisig;
"Nagpahiling siya nin kosog nin saiyang kamot,",pinagwatak-watak niya ang mga palalo sa mga haka ng kanilang puso.
winarak niya an mga mapaabaw-abaw sagkod an gabos nindang kaisipan.,"Ibinaba niya ang mga makapangyarihan sa kanilang mga trono,"
"Pinababa niya sa mga trono an mga mapangyari,",at itinaas ang mga may abang kalagayan.
asin ilinangkaw an mga mapakumbaba.,"Ang mga gutom ay binusog niya ng mabubuting bagay,"
"Binasog niya nin mga marahay na bagay an mga nagugutom,",at ang mayayaman ay pinaalis niya na walang dalang anuman.
asin isinubol niya sa kadaihan an mga mayaman.,"Tinulungan niya ang Israel na kanyang alipin,"
"Tinabangan niya an Israel na saiyang banwaan,",bilang pag-alaala sa kanyang kahabagan.
"sa paggiromdom kan saiyang pagkaherak,","Tulad nang sinabi niya sa ating mga magulang,"
"siring sa itinaram niya sa satong mga ginikanan,",kay Abraham at sa kanyang binhi magpakailanman.”
ki Abraham asin sa gabos niyang kapagarakian sagkod pa man.”,"Si Maria ay nanatiling kasama niya nang may tatlong buwan, at umuwi siya sa kanyang bahay."
"Nag-erok si Maria sa kaibahan ni Isabel sa laog nin mga tolong bulan, dangan nagpuli na siya.",Dumating na kay Elizabeth ang panahon ng panganganak at siya'y nagsilang ng isang anak na lalaki.
"Nag-abot an oras kan pangaki ni Isabel, asin nangaki siya nin sarong lalaki.",Nabalitaan ng kanyang mga kapitbahay at mga kamag-anak na nagpakita ang Panginoon ng dakilang awa sa kanya at sila'y nakigalak sa kanya.
Nabaretaan kan saiyang mga kataed asin mga kadugo an dakulang balaog na iwinaras saiya nin Kagurangnan asin nag-ogma sinda sa kaibahan niya.,"Nang ikawalong araw ay dumating sila upang tuliin ang sanggol. Siya'y tatawagin sana nila na Zacarias, ayon sa pangalan ng kanyang ama,"
"Sa ikawalong aldaw kan aki, nagduman sinda tanganing serkomsisyonon siya. Ngangaranan kutana nindang Zacarias an aki, sunod sa ngaran nin saiyang ama,","ngunit sumagot ang kanyang ina at nagsabi, “Hindi. Ang itatawag sa kanya ay Juan.”"
"alagad nagsabi an saiyang ina, “Bako! Juan an ingangaran saiya.”","At sinabi nila sa kanya, “Wala kang kamag-anak na may ganitong pangalan.”"
“Tadaw? Mayo ka man nin kadugo na arog kaiyan an ngaran!” an sabi ninda.,"Sinenyasan nila ang kanyang ama, kung ano ang ibig niyang itawag sa sanggol."
Kaya pinasabot ninda an ama kan aki sa paghapot kun ano an boot niyang ingaran sa aki.,"Humingi siya ng isang sulatan at kanyang isinulat, “Ang kanyang pangalan ay Juan.” At namangha silang lahat."
"Naghagad si Zacarias nin masusuratan asin ini an isinurat niya, “Juan an saiyang ngaran.” Nagngalas sinda gabos!","Biglang nabuksan ang kanyang bibig, nakalaya ang kanyang dila, at siya'y nagsalita na pinupuri ang Diyos."
Kan oras man sanang idto nakataram na liwat si Zacarias; asin inomaw niya an Dios.,"Nagkaroon ng takot ang lahat ng nakatira sa palibot nila, at ang lahat ng mga bagay na ito ay pinag-usapan sa buong lupaing maburol ng Judea."
"Inabtan nin takot an saindang mga kataed, asin nakalakop sa gabos na kabubuldan nin Juda an bareta dapit sa nangyaring ini.","Lahat ng mga nakarinig ay inilagay ang mga ito sa kanilang puso, na sinasabi, “Magiging ano nga kaya ang batang ito?” Sapagkat ang kamay ng Panginoon ay sumasakanya."
"Pinag-isip-isip ini kan gabos na nakadangog; nagsarabi sinda, “Magigin ano daw an aking ini?” Huli ta malinaw na nasa saiya an kapangyarihan nin Kagurangnan.","Si Zacarias na kanyang ama ay napuno ng Espiritu Santo at sinabi ang propesiyang ito,"
"Napano kan Espiritu Santo si Zacarias na ama ni Juan, asin nagpropesia,","“Purihin ang Panginoon, ang Diyos ng Israel,"
"“Omawon an Kagurangnan,","sapagkat kanyang dinalaw at tinubos ang kanyang bayan,"
an Dios nin Israel!,at nagtaas ng isang sungay ng kaligtasan para sa atin
Huli ta dinalaw niya asin ilinigtas an saiyang banwaan.,"sa sambahayan ni David na kanyang lingkod,"
"Nagpadara siya sato nin sarong mapangyaring Paraligtas,","gaya nang sinabi niya sa pamamagitan ng kanyang mga banal na propeta mula noong unang panahon,"
sarong gikan ki David na saiyang sorogoon.,"upang tayo ay maligtas mula sa ating mga kaaway, at mula sa kamay ng lahat ng napopoot sa atin,"
Nanuga siya kaidto sa paagi kan saiyang mga banal na propeta,"upang ipakita ang habag sa ating mga magulang,"
"na ililigtas niya kita sa satong mga kaiwal,","at alalahanin ang kanyang banal na tipan,"
asin sa kapangyarihan kan mga naoongis sato.,"ang pangakong sinumpaan niya sa ating amang si Abraham,"
"Nanuga siyang maheherakan niya an satong mga ginikanan,","na ipagkaloob sa atin, na tayong iniligtas mula sa kamay ng ating mga kaaway,"
asin gigiromdomon an banal niyang tipan.,"ay maglingkod sa kanya nang walang takot,"
"73-74 An sinumpaan niyang panuga sa satong ama na si Abraham,",sa kabanalan at katuwiran
"Kan panahon na idto, nagboot si Cesar Augusto na magsenso kan gabos na tawong sakop kan Imperyo kan Roma.",Nang mga araw na iyon ay lumabas ang isang utos mula kay Augusto Cesar upang magpatala ang buong daigdig.
An enot na pagsensong ini ginibo kan si Cirenio an gobernador sa Siria.,Ito ang unang pagtatala na ginawa nang si Quirinio ay gobernador sa Siria.
Kaya nagpuruli an mga tawo sa sadiri nindang banwaan nganing magpasenso.,"Pumunta ang lahat upang magpatala, bawat isa sa kanyang sariling bayan."
"Hale sa banwaan nin Nazaret sa Galilea, nagpuli si Jose sa banwaan nin Betlehem sa Judea, banwaan na namundagan ni Hadeng David. Sa Betlehem siya mapasenso huli ta gikan siya sa kapagarakian ni David.","Umahon din si Jose mula sa Galilea mula sa bayan ng Nazaret, patungo sa Judea, sa lunsod ni David, na tinatawag na Bethlehem, sapagkat siya'y mula sa sambahayan at lipi ni David,"
"Kaiba niya sa pagpasenso si Maria na ikakasal saiya. Bados si Maria,","upang magpatalang kasama ni Maria na kanyang magiging asawa, na noon ay malapit nang manganak."
"asin mantang yaon sinda duman, uminabot an panahon kan pag-aki ni Maria.","Samantalang sila'y naroroon, dumating ang panahon ng kanyang panganganak."
"Nangaki siya kan saiyang panganay na lalaki. Pinatos niya nin lampin an omboy saka hinulid sa sarong bahugan, huli ta mayo na nin lugar para sainda sa harong na sakatan.","At kanyang isinilang ang kanyang panganay na anak na lalaki, binalot niya ito ng mga lampin, at inihiga sa isang sabsaban sapagkat walang lugar para sa kanila sa bahay-panuluyan."
"Harani sa lugar na idto, igwa nin mga pastor sa kaomahan na nagpapaaga sa pagbantay kan saindang mga karnero.",Sa lupaing iyon ay may mga pastol ng tupa na nasa parang na nagbabantay sa kanilang kawan sa gabi.
Bigla sanang may nagpahiling saindang anghel nin Kagurangnan na nakapaliwanag nin marahay kan lugar na idto. Natakot sinda nin makuri.,"Tumayo sa tabi nila ang isang anghel ng Panginoon at ang kaluwalhatian ng Panginoon ay nagliwanag sa palibot nila, at sila'y lubhang natakot."
"Alagad sinabihan sinda kan anghel, “Dai kamo matakot! May dara akong marahay na bareta para saindo na magtatao nin dakulang kaogmahan sa gabos na tawo.","Kaya't sinabi sa kanila ng anghel, “Huwag kayong matakot, sapagkat narito, dala ko sa inyo ang magandang balita ng malaking kagalakan para sa buong bayan."
Namundag ngunyan sa banwa ni David an saindong Paraligtas—an Mesias na Kagurangnan!,"Sapagkat ipinanganak sa inyo ngayon sa lunsod ni David ang isang Tagapagligtas, na siya ang Cristo, ang Panginoon."
Ini an tanda para saindo: makukua nindo an sarong omboy na napapatos nin lampin asin nahuhulid sa sarong bahugan.”,Ito ang magiging palatandaan ninyo: Matatagpuan ninyo ang isang sanggol na balot ng lampin at nakahiga sa isang sabsaban.”
"Bigla sanang nagpahiling sa kataed kan anghel an kadakul pang mga anghel hale sa langit, na nag-oomaw sa Dios,","At biglang sumama sa anghel ang isang malaking hukbo ng langit na nagpupuri sa Diyos at nagsasabi,"
“Pag-omawon an Dios sa kaitaasan asin sa daga katoninongan sa mga tawo na saiyang nawiwilihan!”,"“Luwalhati sa Diyos sa kataas-taasan,"
"Pakahale kan mga anghel pabalik sa langit, nagsabi an mga pastor, “Magduman kita sa Betlehem! Hilingon ta an nangyaring ini na ibinareta sato nin Kagurangnan.”",at sa lupa'y kapayapaan sa mga taong kinalulugdan niya.”
"Kaya hidali sindang nagduman. Nakua ninda si Maria, si Jose saka an omboy na nahuhulid sa bahugan.","Nang iwan sila ng mga anghel patungo sa langit, sinabi ng mga pastol sa isa't isa, “Pumunta tayo ngayon sa Bethlehem at tingnan natin ang nangyaring ito na ipinaalam sa atin ng Panginoon.”"
"Kan mahiling kan mga pastor an omboy, ibinareta ninda an sinabi sainda kan anghel dapit saiya.","At sila'y nagmamadaling pumunta at kanilang natagpuan sina Maria at Jose, at ang sanggol na nakahiga sa sabsaban."
An gabos na nakadangog kan ibinareta kan mga pastor nagngaralas.,"Nang makita nila ito, ipinaalam nila sa kanila ang mga sinabi tungkol sa sanggol na ito;"
Ini gabos rinimpos ni Maria sa saiyang puso asin pinaghorop-horop.,at lahat nang nakarinig nito ay namangha sa mga bagay na sinabi sa kanila ng mga pastol.
"Naghale an mga pastor, nag-oomaw sa Dios huli kan gabos nindang nadangog saka nahiling siring nanggad sa ibinareta sainda kan anghel.","Subalit iningatan ni Maria ang lahat ng mga salitang ito, na pinagbulay-bulay sa kanyang puso."
"Pag-abot kan ikawalong aldaw, sinerkomsisyon an aki asin nginaranan siyang Jesus, an ngaran na itinao kan anghel bago siya ipangidam.","Pagkatapos ay bumalik ang mga pastol na niluluwalhati at pinupuri ang Diyos dahil sa lahat ng kanilang narinig at nakita, ayon sa sinabi sa kanila."
"Kan mag-abot an aldaw nin paglinig para ki Jose asin Maria sosog sa Katogonan ni Moises, dinara ninda si Jesus sa Jerusalem nganing idolot sa Kagurangnan,","Makaraan ang walong araw, dumating ang panahon upang tuliin ang bata. Tinawag siyang Jesus, ang pangalang ibinigay ng anghel bago siya ipinaglihi sa sinapupunan."
huli ta nasusurat sa Katogonan: “An lambang panganay na lalaki sadiri nin Kagurangnan.”,"Nang sumapit na ang mga araw ng kanilang paglilinis ayon sa kautusan ni Moises, kanilang dinala siya sa Jerusalem upang iharap siya sa Panginoon"
Nagdolot man sinda nin atang sosog sa hinahagad kan Katogonan nin Kagurangnan: “mag-agom na salampati o duwang ogbon na agbaan.”,"(ito ay ayon sa nasusulat sa kautusan ng Panginoon, “Ang bawat panganay na lalaki ay tatawaging banal sa Panginoon”)."
"Sa Jerusalem may sarong tawo kaidto na an ngaran Simeon. Siya matanos asin maimbod sa Dios; naghahalat siya kan kaligtasan nin Israel. Nasa saiya an Espiritu Santo,","Sila'y naghandog ng alay alinsunod sa sinasabi sa kautusan ng Panginoon, “dalawang batu-bato, o dalawang batang kalapati.”"
na iyo an nagpahayag saiya na dai siya magagadan sagkod na dai niya nahiling an Paraligtas na ipinanuga nin Kagurangnan.,Noon ay may isang lalaki sa Jerusalem na ang pangalan ay Simeon. Ang lalaking ito'y matuwid at masipag sa kabanalan na naghihintay sa kaaliwan ng Israel at nasa kanya ang Espiritu Santo.
"Sa pasabong kan Espiritu Santo, naglaog si Simeon sa Templo. Kan an omboy na si Jesus darahon duman kan saiyang mga magurang sa pag-otob kan hinahagad kan Katogonan,","Ipinahayag sa kanya ng Espiritu Santo na hindi niya makikita ang kamatayan, hanggang sa makita muna niya ang Cristo ng Panginoon."
"kinua siya ni Simeon asin itinaas, dangan nagpasalamat sa Dios na an sabi:","Sa patnubay ng Espiritu ay pumasok siya sa templo. Nang ipasok ng mga magulang sa templo ang sanggol na si Jesus upang gawin sa kanya ang naaayon sa kaugalian sa ilalim ng kautusan,"
"“Kagurangnan, tugote nang magadan sa katoninongan","inilagay niya ang sanggol sa kanyang mga bisig, pinuri ang Diyos, at sinabi,"
"an saimong sorogoon sosog sa saimong panuga,","“Panginoon, ngayon ay hayaan mong ang iyong alipin ay pumanaw na may kapayapaan,"
"huli ta nahiling ko na an saimong kaligtasan,","ayon sa iyong salita,"
na inandam mo para sa gabos na tawo:,"sapagkat nakita ng aking mga mata ang iyong pagliligtas,"
"sarong ilaw na magliliwanag sa mga pagano,","na iyong inihanda sa harapan ng lahat ng mga tao,"
asin magtatao nin kamurawayan sa Israel na saimong banwaan.”,"isang ilaw upang magpahayag sa mga Hentil,"
Nagngalas si Jose asin si Maria sa sinabi ni Simeon dapit sa aki.,at para sa kaluwalhatian ng iyong bayang Israel.”
"Benendisyonan sinda ni Simeon, asin sinabihan si Maria na saiyang ina, “Uya, an aking ini itinalaga para sa pagkapadungkal asin pagbangon nin dakul sa Israel; saro siyang tanda hale sa Dios na isisikwal nin dakul na tawo,",Ang ama at ina ng bata ay namangha sa mga bagay na sinasabi tungkol sa kanya.
"kaya mahahayag an saindang iniisip. Dangan an kamondoan, siring sa sarong matarom na espada, malagbas sa saimong puso.”","Sila'y binasbasan ni Simeon at sinabi kay Maria na kanyang ina, “Ang batang ito ay itinalaga para sa pagbagsak at pagbangon ng marami sa Israel at pinakatanda na sasalungatin,"
"Igwa man nin sarong propetang babae na an ngaran Ana, na aki ni Fanuel na gikan sa tribu ni Aser. Gurang na siyang marahay. Pitong taon pa sana siyang kasal",at tatagos ang isang tabak sa iyong sariling kaluluwa upang mahayag ang iniisip ng marami.”
"kan mabalo siya, asin ngunyan otsenta y kwatrong taon na siya. Parati siyang nasa Templo; aldaw-banggi siyang nagsasamba sa Dios, nag-aayuno asin namimibi.","Mayroong isang babaing propeta, si Ana na anak ni Fanuel, mula sa lipi ni Aser. Siya ay napakatanda na at may pitong taong namuhay na kasama ng kanyang asawa mula nang sila ay ikasal,"
"Kan oras man sanang iyan, nag-abot siya, nagpasalamat sa Dios asin nagtaram dapit sa aki sa gabos na naghahalat kan pagtubos nin Dios sa Jerusalem.",at bilang isang balo hanggang walumpu't apat na taong gulang. Hindi siya umalis sa templo kundi sumamba roon na may pag-aayuno at panalangin sa gabi at araw.
"Kan magibo na ni Jose asin ni Maria an gabos na ipinagboboot kan Katogonan nin Kagurangnan, nagbalik sinda sa Galilea, sa Nazaret na sadiri nindang banwaan.","Pagdating niya sa oras ding iyon, siya'y nagpasalamat sa Diyos at nagsalita nang tungkol sa sanggol sa lahat ng naghihintay para sa katubusan ng Jerusalem."
"Nagtalubo an aki asin kuminosog, pano nin kadonongan; asin an biyaya nin Dios yaon saiya.","Nang magampanan na nila ang lahat ng mga bagay ayon sa kautusan ng Panginoon, bumalik sila sa Galilea, sa kanilang sariling bayang Nazaret."
"Taon-taon, minaduman sa Jerusalem an mga magurang ni Jesus para sa Pyesta nin Paskwa.","At lumaki ang bata, lumakas, napuno ng karunungan, at sumasakanya ang biyaya ng Diyos."
"Kan doseng taon na si Jesus, nagduman sinda siring sa dating ginigibo ninda.","Noon, taun-taon ay nagtutungo ang kanyang mga magulang sa Jerusalem sa kapistahan ng Paskuwa."
"Pakatapos kan pyesta, nagbaklay sinda papuli, alagad nagpawalat si Jesus sa Jerusalem na dai aram kan saiyang mga magurang.","Nang siya'y labindalawang taon na, umahon sila ayon sa kaugalian patungo sa kapistahan."
"Sa paghona na kaiba si Jesus kan grupo, nagpadagos sinda sa pagbaklay sa bilog na aldaw. Dangan hinanap ninda siya duman sa saindang mga kadugo asin mga kamidbid.","Nang matapos na ang kapistahan, sa pagbabalik nila ay nanatili ang batang si Jesus sa Jerusalem, ngunit hindi ito alam ng kanyang mga magulang."
"Kan dai ninda siya nakua, nagbalik sinda sa Jerusalem sa paghanap saiya.","Ngunit sa pag-aakala nilang siya'y kasama ng mga manlalakbay, nagpatuloy sila ng isang araw na paglalakbay. Pagkatapos ay kanilang hinahanap siya sa mga kamag-anak at mga kakilala,"
"Kan ikatolong aldaw, nakua ninda siya sa laog kan Templo, nagtutukaw kaiba kan mga paratukdo. Naghihinanyog siya saka naghahapot sainda.","at nang di nila siya matagpuan, bumalik sila sa Jerusalem upang hanapin siya."
An gabos na nakadangog saiya nagngalas kan saiyang pakasabot asin mga simbag.,"Pagkalipas ng tatlong araw, kanilang natagpuan siya sa templo na nakaupo sa gitna ng mga guro na nakikinig at nagtatanong sa kanila."
"Nagngalas man an saiyang mga magurang kan mahiling siya, kaya tinaraman siya kan saiyang ina, “Aki, tadaw ta siring an ginibo mo samo? Hadit na ako asin an saimong ama sa pagparahanap saimo.”",Ang lahat ng nakikinig sa kanya ay namangha sa kanyang katalinuhan at sa kanyang mga sagot.
"Sinabihan niya sinda, “Tadaw ta hinahanap nindo ako? Dai nindo aram na kaipuhan nasa harong ako kan sakong Ama?”","Nang siya'y makita nila ay nagtaka sila at sinabi sa kanya ng kanyang ina, “Anak, bakit ginawa mo sa amin ang ganito? Tingnan mo, ang iyong ama at ako ay naghahanap sa iyo na may pag-aalala.”"
Alagad dai ninda nasabotan an sinabi niya sainda.,"Sinabi niya sa kanila, “Bakit ninyo ako hinahanap? Hindi ba ninyo nalalaman na dapat ay nasa bahay ako ng aking Ama?”"
Uminiba sainda si Jesus sa Nazaret asin nagin makinuyog-kuyog siya sainda. An gabos na ini rinimpos kan saiyang ina sa puso niya.,At hindi nila naunawaan ang salitang sinabi niya sa kanila.
"Ikakinseng taon na kan paghahade ni Tiberio Cesar; si Poncio Pilato gobernador sa Judea, si Herodes an namamayo kan Galilea asin si Felipe an kagsakop kan teritoryo nin Iturea saka Traconite, asin si Lisanias naman kan Abilinia.","Nang ikalabinlimang taon ng paghahari ni Tiberio Cesar, si Poncio Pilato ang gobernador sa Judea, at tetrarka sa Galilea si Herodes. Ang kanyang kapatid na si Felipe ang tetrarka sa lupain ng Iturea at Traconite, at si Lisanias ang tetrarka sa Abilinia,"
"Si Anas asin si Caifas iyo man an mga halangkaw na padi. Kan panahon na iyan, si Juan na aki ni Zacarias yaon sa kalangtadan. Uminabot ki Juan an tataramon nin Dios,","Sa panahon ng mga pinakapunong pari na sina Anas at Caifas, dumating ang salita ng Diyos kay Juan, na anak ni Zacarias, sa ilang."
"kaya linibot niya an bilog na teritoryo kan Jordan saka naghulit, “Magbakle na kamo saka magpabunyag, asin papatawadon kamo nin Dios kan mga kasalan nindo.”","Siya'y nagtungo sa buong lupain sa palibot ng Jordan, na ipinangangaral ang bautismo ng pagsisisi para sa kapatawaran ng mga kasalanan."
"Siring sa nasusurat sa libro ni Propeta Isaias,","Gaya ng nasusulat sa aklat ng mga salita ni propeta Isaias,"
“Igwang nagkukurahaw sa kalangtadan:,"“Ang tinig ng isang sumisigaw sa ilang,"
‘Andama an dalan para sa Kagurangnan;,"‘Ihanda ninyo ang daan ng Panginoon,"
tanosa an dalan na saiyang lalakawan!,tuwirin ninyo ang kanyang mga landas.
"Tambonan an gabos na kababan,","Bawat libis ay matatambakan,"
pantayon an gabos na kabubuldan asin kabukidan.,"at bawat bundok at burol ay papatagin,"
"An mga tinampong tiko-tiko, tanoson;","at ang liko ay tutuwirin,"
"an mga dalan na bakong sarama, saramahon.",at ang mga baku-bakong daan ay papantayin.
Mahihiling kan gabos na tawo an pagligtas nin Dios!’”,At makikita ng lahat ng laman ang pagliligtas ng Diyos.’”
"Kadakul na tawo an nagdolok ki Juan nganing magpabunyag. Sinabihan niya sinda, “Mga rimoranon! Siisay an nagsabi saindo na makakadulag kamo sa maabot na padusa nin Dios?","Kaya't sinabi ni Juan sa napakaraming tao na dumating upang magpabautismo sa kanya, “Kayong lahi ng mga ulupong! Sino ang nagbabala sa inyo na tumakas sa poot na darating?"
"Ipahiling nindo sa gibo na kamo nagbakle na. Dai kamo mangahas na mag-isip na makakaligtas kamo sa padusa huli ta ama nindo si Abraham. Sinasabihan ko kamo, na sa mga gapong ini an Dios makakagibo nin mga aki para ki Abraham.","Kaya't mamunga kayo ng karapat-dapat sa pagsisisi at huwag ninyong sabihin sa inyong sarili, ‘Si Abraham ang aming ama.’ Sapagkat sinasabi ko sa inyo na magagawa ng Diyos na magbangon mula sa mga batong ito ng magiging anak ni Abraham."
"Dawa ngunyan andam na an patok sa pagputol kan gamot kan mga kahoy; an lambang kahoy na dai nagtatao nin marahay na bunga, papalodon saka isusugba sa kalayo.”",Ngayon pa lamang ay nakalagay na ang palakol sa ugat ng mga punungkahoy. Kaya't ang bawat punungkahoy na di mabuti ang bunga ay pinuputol at itinatapon sa apoy.”
"Hinapot siya kan mga tawo, “Ano palan an dapat ming gibohon?”","Tinanong siya ng maraming tao, “Ano ngayon ang dapat naming gawin?”"
"Sinimbag sinda ni Juan, “An igwa nin duwang gubing, itao an saro sa mayo; siring man an gibohon kan may kakanon, tawan an mayo.”","Sumagot siya sa kanila, “Ang may dalawang tunika ay magbahagi sa wala, at ang may pagkain ay gayundin ang gawin.”"
"May mga parasingil nin buhis na nagdolok man saiya tanganing magpabunyag. Hinapot ninda siya, “Maestro ano an dapat ming gibohon?”","Dumating din ang mga maniningil ng buwis upang magpabautismo at sinabi nila sa kanya, “Guro, ano ang dapat naming gawin?”"
"Sinimbag sinda ni Juan, “Dai kamo magsingil nin sobra sa itinalaan na buhis.”","Sinabi niya sa kanila, “Huwag na kayong sumingil pa ng higit kaysa iniutos sa inyo.”"
"May mga soldados man na naghapot saiya, “Kami, ano an dapat ming gibohon?”","Tinanong din siya ng mga kawal, “At kami, anong dapat naming gawin?” At sinabi niya sa kanila, “Huwag kayong mangikil ng salapi kaninuman sa pamamagitan ng dahas o maling paratang at masiyahan kayo sa inyong sahod.”"
“Dai kamo magkua nin kwarta maski kiisay sa paagi nin kosog o salang sumbong; makontento kamo sa sweldo nindo.”,"Samantalang ang mga tao'y naghihintay, nagtatanong ang lahat sa kanilang mga puso tungkol kay Juan, kung siya ang Cristo."
Nag-orog an paglaom kan mga tawo asin nagpoon sindang maghorop-horop na tibaad si Juan iyo na an Cristo.,"Sumagot si Juan at sinabi sa kanilang lahat, “Binabautismuhan ko kayo ng tubig. Subalit dumarating ang higit na makapangyarihan kaysa akin. Ako'y hindi karapat-dapat magkalag ng panali ng kanyang mga sandalyas. Kayo'y babautismuhan niya sa Espiritu Santo at sa apoy."
"Kaya sinabihan sinda ni Juan, “Nagbubunyag ako saindo sa tubig, alagad may sarong maabot na mabunyag saindo sa Espiritu Santo asin sa kalayo. Mas mapangyari siya ki sa sako, asin dai ako maninigo na magtangkas kan saiyang sandalyas.","Nasa kamay niya ang kanyang kalaykay upang linisin ang kanyang giikan at tipunin ang trigo sa kanyang kamalig, subalit susunugin niya ang dayami sa apoy na hindi mapapatay.”"
"May dara siyang saligsigan nganing saligsigon an gabos na inani. An trigo titiponon niya sa saiyang harong-harong, alagad an ata susuloon sa kalayong dai nasisigbo!”",Kaya't sa iba pang maraming pangaral ay ipinahayag niya sa mga tao ang magandang balita.
Kaya ipinaghulit ni Juan sa mga tawo an Marahay na Bareta kaiba an mga pagsadol.,"Subalit si Herodes na tetrarka, na sinumbatan niya dahil kay Herodias na asawa ng kanyang kapatid, at dahil sa lahat ng masasamang bagay na ginawa ni Herodes,"
"Alagad sinagwe niya si Herodes na kagsakop kan Galilea, huli ta inagom kaini si Herodias na agom kan saiya man sanang tugang, saka sinagwe pa si Herodes kan mga maraot na gibo kaini.",ay nagdagdag pa sa lahat ng mga ito sa pamamagitan ng pagpapakulong kay Juan sa bilangguan.
"Kaya ipinabilanggo ni Herodes si Juan, na orog pang nakadagdag sa mga kasalan niya.","Nang mabautismuhan ang buong bayan, at nang mabautismuhan din si Jesus at siya'y nananalangin, ang langit ay nabuksan."
"Kan mabunyagan an gabos na tawo asin kan mabunyagan man si Jesus saka namimibi ini, nabuksan an langit","At bumaba sa kanya ang Espiritu Santo na may anyong katawan na tulad sa isang kalapati. May isang tinig na nagmula sa langit, “Ikaw ang pinakamamahal kong Anak, sa iyo ako lubos na nalulugod.”"
"dangan naghilig saiya an Espiritu Santo arog sa salampati. Dangan may sarong tingog hale sa langit na nagsabi, “Ika an namomotan kong Aki na sakong ikinakaogma.”","Si Jesus ay may gulang na tatlumpung taon nang magsimula sa kanyang gawain. Anak siya (ayon sa ipinalagay) ni Jose, ni Eli,"
"Mga treyntang taon na si Jesus kan magpoon siya kan saiyang misyon. Aki siya ni Jose (ini an paghona kan mga tawo) na aki ni Eli,","ni Matat, ni Levi, ni Melqui, ni Janai, ni Jose,"
"na aki ni Matat. Si Matat aki ni Levi, na aki ni Melki; si Melki aki ni Jana, na aki ni Jose.","ni Matatias, ni Amos, ni Nahum, ni Esli, ni Nagai,"
"Si Jose aki ni Matatias, na aki ni Amos. Si Amos aki ni Nahum, na aki ni Esli. Si Esli aki ni Nagai,","ni Maat, ni Matatias, ni Semein, ni Josec, ni Joda,"
"na aki ni Maat, na aki ni Matatias. Si Matatias aki ni Semei, na aki ni Jose. Si Jose aki ni Juda,","ni Joanan, ni Resa, ni Zerubabel, ni Salatiel, ni Neri,"
"na aki ni Joanan. Si Joanan aki ni Resa, na aki ni Zorobabel na aki ni Sealtiel, na aki ni Neri.","ni Melqui, ni Adi, ni Cosam, ni Elmadam, ni Er,"
"Si Neri aki ni Melki, na aki ni Adi. Si Adi aki ni Cosam, na aki ni Elmadam, na aki ni Er.","ni Josue, ni Eliezer, ni Jorim, ni Matat, ni Levi,"
"Si Er aki ni Josue, na aki ni Eliezer, na aki ni Jorim, na aki ni Matat, na aki ni Levi.","ni Simeon, ni Juda, ni Jose, ni Jonam, ni Eliakim,"
"Si Levi aki ni Simeon, na aki ni Juda. Si Juda aki ni Jose, na aki ni Jonam, na aki ni Eliakim.","ni Melea, ni Mena, ni Matata, ni Natan, ni David,"
"Si Eliakim aki ni Melea, na aki ni Menna. Si Menna aki ni Matata, na aki ni Natan, na aki ni David.","ni Jesse, ni Obed, ni Boaz, ni Salmon, ni Naason,"
"Si David aki ni Jesse, na aki ni Obed, na aki ni Boaz. Si Boaz aki ni Salmon, na aki ni Naason.","ni Aminadab, ni Admin, ni Arni, ni Hesrom, ni Perez, ni Juda,"
"Si Naason aki ni Aminadab, na aki ni Admin, na aki ni Arni; si Arni aki ni Esrom, na aki ni Fares, na aki ni Juda.","ni Jacob, ni Isaac, ni Abraham, ni Terah, ni Nahor,"
"Si Juda aki ni Jacob, na aki ni Isaac, na aki ni Abraham. Si Abraham aki ni Tera, na aki ni Nacor.","ni Serug, ni Reu, ni Peleg, ni Eber, ni Sala,"
"Si Nacor aki ni Serug, na aki ni Reu, na aki ni Peleg, na aki ni Heber, na aki ni Sela.","ni Cainan, ni Arfaxad, ni Sem, ni Noe, ni Lamec,"
"Naghale si Jesus sa Jordan, pano kan Espiritu Santo; giniyahan siya sa kalangtadan kan Espiritu Santo kan siya papuli na.","Si Jesus, na punô ng Espiritu Santo, ay bumalik mula sa Jordan at dinala ng Espiritu sa ilang,"
"Kwarentang aldaw siya duman asin pinagsogotan siya kan demonyo. Dai siya nagkakan sa bilog na panahon na iyan, kaya nagutom siya nin marahay pakatapos kaiyan.","na doon ay tinukso siya ng diyablo sa loob ng apatnapung araw. Hindi siya kumain ng anuman sa mga araw na iyon, at nang makalipas ang mga araw na iyon ay nagutom siya."
"Sinabihan siya kan demonyo, “Kun ika an Aki nin Dios, pagbotan mo an gapong ini na magin tinapay.”","Sinabi sa kanya ng diyablo, “Kung ikaw ang Anak ng Diyos, ipag-utos mo na ang batong ito ay maging tinapay.”"
"Nagsimbag si Jesus, “Nasusurat, ‘Bakong sa tinapay sana nabubuhay an tawo.’”","At sumagot sa kanya si Jesus, “Nasusulat, ‘Ang tao ay hindi nabubuhay sa tinapay lamang.’”"
Dangan dinara siya kan demonyo sa sarong halangkaw na lugar saka ipinahiling saiya sa sarong kimat nin mata an gabos na kahadean sa kinaban.,Pagkatapos ay dinala siya ng diyablo sa isang mataas na lugar at ipinakita sa kanya sa isang saglit ang lahat ng mga kaharian sa sanlibutan.
"“Itatao ko saimo an gabos na kapangyarihan asin kamurawayan na ini,” an sabi kan demonyo. “Ini gabos itinao sako asin itatao ko sa kiisay man na boot kong tawan.","At sinabi sa kanya ng diyablo, “Ibibigay ko sa iyo ang lahat ng kapangyarihang ito, at ang kaluwalhatian nila, sapagkat ito'y naibigay na sa akin, at ibinibigay ko kung kanino ko ibig."
"An gabos na ini saimo na, kun sambahon mo ako.”","Kaya't kung sasamba ka sa akin, ang lahat ng ito ay magiging iyo.”"
"Nagsimbag si Jesus, “Nasusurat, ‘Sambahon mo an Kagurangnan mong Dios asin siya sana an saimong paglingkodan!’”","At sumagot si Jesus sa kanya, “Nasusulat, ‘Sambahin mo ang Panginoon mong Diyos, at siya lamang ang iyong paglingkuran.’”"
"Dangan dinara siya kan demonyo sa Jerusalem, sa alitoktok kan Templo, asin sinabihan, “Kun ika an Aki nin Dios, lumampaw ka,","Pagkatapos ay kanyang dinala siya sa Jerusalem at inilagay siya sa tuktok ng templo, at sinabi sa kanya, “Kung ikaw ang Anak ng Diyos, magpatihulog ka mula rito,"
"huli ta nasusurat, ‘Pagbobotan nin Dios an saiyang mga anghel na atamanon ka.’","sapagkat nasusulat,"
"Nasusurat pa, ‘Sasalohon ka ninda sa saindang mga kamot, ta tibaad an saimong mga bitis tumama sa kagapoan.’”",‘Ipagbibilin ka niya sa mga anghel
"Alagad sinimbag siya ni Jesus, “Nasusurat man, ‘Dai mo pagsugotan an Kagurangnan mong Dios.’”","na ikaw ay ingatan,’"
"Pakatapos siyang sogotan kan demonyo sa manlaen-laen na paagi, binayaan siya kaini sagkod na umabot an tamang panahon.","at,"
Nagbalik si Jesus sa Galilea pano kan kapangyarihan nin Espiritu Santo. Nakalakop sa bilog na teritoryong idto an bareta dapit saiya.,"‘Aalalayan ka nila ng kanilang mga kamay,"
Nagtukdo siya sa saindang mga sinagoga asin inomaw siya kan gabos.,baka masaktan mo ang iyong paa sa isang bato.’
"Pakatapos, nagduman si Jesus sa Nazaret, an banwaan saen siya nagdakula. Siring sa dating kinaugalean niya, naglaog siya sa sinagoga kan aldaw na Sabbath. Nagtindog siya sa pagbasa kan Kasuratan.","At sumagot si Jesus sa kanya, “Sinasabi, ‘Huwag mong tutuksuhin ang Panginoon mong Diyos.’”"
"Itinao saiya an libro ni Propeta Isaias. Binuksan niya ini asin nakua an lugar na nasusuratan kaini,","Nang matapos na ng diyablo ang lahat ng panunukso, lumayo siya sa kanya hanggang sa isa pang pagkakataon."
"“Nasa sako an Espiritu nin Kagurangnan,",Bumalik si Jesus sa Galilea na nasa kapangyarihan ng Espiritu at kumalat ang balita tungkol sa kanya sa palibot ng buong lupain.
huli ta linahidan niya ako sa paghulit kan Marahay na Bareta sa mga dukha.,Nagturo siya sa kanilang mga sinagoga at pinuri ng lahat.
"Sinugo niya ako sa pagpahayag kan katalingkasan sa mga bihag,","Dumating siya sa Nazaret na kanyang nilakhan. Siya'y pumasok sa sinagoga nang araw ng Sabbath, tulad ng kanyang nakaugalian at tumindig siya upang bumasa,"
"sa pagtao nin pakahiling sa mga buta,","at ibinigay sa kanya ang aklat ni propeta Isaias. Binuksan niya ang aklat, at natagpuan ang dako na kung saan ay nasusulat:"
"sa pagpatalingkas sa mga inaapi,","“Ang Espiritu ng Panginoon ay nasa akin,"
asin sa pagrukyaw kan taon na an Kagurangnan,sapagkat ako'y hinirang niya upang ipangaral ang magandang balita sa mga dukha.
maligtas kan saiyang banwaan!”,"Ako'y sinugo niya upang ipahayag ang paglaya sa mga bihag,"
"Linukot ni Jesus an kasuratan, inuli sa nagtao saiya, dangan nagtukaw. An gabos na tawo duman sa sinagoga naghihiling saiya.","at ang muling pagkakaroon ng paningin sa mga bulag, upang palayain ang mga naaapi,"
"Dangan nagtaram siya sainda, “Ngunyan na aldaw naotob na an kabtang na ini kan kasuratan na saindong nadangog.”",upang ipahayag ang taon ng biyaya mula sa Panginoon.”
"Inomaw siya kan gabos; nagngalas sinda kan magayon na mga tataramon na sinabi niya. Olay ninda, “Bakong iyo ini an aki ni Jose?”","Isinara niya ang aklat, isinauli ito sa tagapaglingkod at naupo. At ang mga mata ng lahat ng nasa sinagoga ay nakatutok sa kanya."
"Kaya nagsabi si Jesus, “Aram kong sasambiton nindo sako an kasabihan na ini, ‘Doktor, bolonga an sadiri mo. Giboha daw digdi sa sadiri mong banwaan an nadangog ming mga ginibo mo sa Capernaum.’","At siya'y nagsimulang magsabi sa kanila, “Ngayo'y naganap ang kasulatang ito sa inyong pandinig.”"
"Sa katotoohan sinasabihan ko kamo,” an sabi ni Jesus, “mayong propetang minimidbid sa sadiri niyang banwaan.","Lahat ay nagsalita ng mabuti tungkol sa kanya at namangha sa mga mapagpalang salita na lumabas sa kanyang bibig. At sinabi nila, “Hindi ba ito ay anak ni Jose?”"
"Alagad ini an masasabi ko: dakul an mga babaeng balo sa Israel kan panahon ni Elias, kan dai mag-uran sa laog nin tolong taon may kabanga asin nagkaigwa nin makuring gutom sa bilog na daga.","Sinabi niya sa kanila, “Tiyak na sasabihin ninyo sa akin ang kawikaang ito, ‘Manggagamot, pagalingin mo ang iyong sarili.’ Ang anumang aming narinig na ginawa mo sa Capernaum ay gawin mo rin sa iyong lupain.”"
"Alagad bakong sa kiisay man sainda pinaduman si Elias kundi sa sarong babaeng balo sa Sarepta, sa daga nin Sidon.","Sinabi niya, “Sinasabi ko sa inyo ang katotohanan, walang propetang tinatanggap sa kanyang sariling bayan."
"Kan panahon man ni Propeta Eliseo, dakul an daoton sa Israel; alagad mayo ni saro sainda an pinaomayan, kundi si Naaman sana na taga Siria.”","Ngunit ang totoo, maraming babaing balo sa Israel noong panahon ni Elias, nang sarhan ang langit sa loob ng tatlong taon at anim na buwan at nagkaroon ng malubhang taggutom sa buong lupain."
Naanggot nin makuri an mga tawo duman sa sinagoga kan madangog ninda ini.,"Ngunit si Elias ay hindi sinugo sa kaninuman sa kanila, kundi sa isang babaing balo sa Zarefta, sa lupain ng Sidon."
"Nagtirindog sinda, ginuyod si Jesus paluwas sa banwaan asin dinara duman sa alitoktok kan bulod na namumugtakan kan saindang banwaan nganing ihulog siya sa ampas.","Maraming ketongin sa Israel nang panahon ni propeta Eliseo, at walang sinumang nilinis sa kanila, maliban kay Naaman na taga-Siria.”"
Alagad nag-agi siya sa tahaw kan mga tawo asin naghale.,"Nang marinig nila ang mga bagay na ito, napuno ng galit ang lahat ng nasa sinagoga."
"Dangan nagduman si Jesus sa Capernaum, sarong banwaan sa Galilea. Nagtukdo siya sa mga tawo sa aldaw na Sabbath.","Sila'y tumindig, ipinagtabuyan siya sa labas ng bayan at dinala siya hanggang sa taluktok ng burol na kinatatayuan ng kanilang bayan, upang siya'y ihulog nila nang patiwarik."
Nagngalas sinda gabos kan katukdoan niya huli ta igwa nin kapangyarihan an saiyang tataramon.,Ngunit dumaan siya sa gitna nila at siya'y umalis.
"Igwa duman sa sinagoga nin lalaking may maraot na espiritu. Nagkurahaw nin makosog an lalaki,","Siya'y bumaba sa Capernaum, na isang bayan ng Galilea. At siya'y nagturo sa kanila sa araw ng Sabbath."
"“Anong labot mo samo, Jesus na taga Nazaret? Nagdigdi ka sa pagrumpag samo? Midbid taka—ika an banal na sugo nin Dios!”","Sila'y namangha sa kanyang pagtuturo, sapagkat ang kanyang salita ay may kapangyarihan."
"Alagad sinaway ni Jesus an demonyo, “Dai ka magribok! Lumuwas ka sa tawong iyan!” Sa atubangan ninda gabos ilinampog kan demonyo an lalaki, dangan nagluwas sa tawong ini na dai man lamang ini nakulogan.","Sa sinagoga ay may isang lalaki na may espiritu ng karumaldumal na demonyo, at siya'y sumigaw nang malakas na tinig,"
"Napangalas sinda gabos asin nagsarabi, “Anong mga tataramon ini? May awtoridad asin kapangyarihan na pinagbobotan niya an mga maraot na espiritu asin minaluwas an mga ini!”","“Ah! anong pakialam mo sa amin, Jesus na taga-Nazaret? Pumarito ka ba upang kami'y puksain? Kilala kita kung sino ka, ang Banal ng Diyos.”"
An bareta dapit ki Jesus nakalakop sa bilog na rehiyon na idto.,"Subalit sinaway siya ni Jesus, at sinabi, “Tumahimik ka at lumabas sa kanya!” At nang ang lalaki ay nailugmok ng demonyo sa gitna nila, ay lumabas siya sa lalaki na hindi ito sinaktan."
"Pakahale ni Jesus sa sinagoga, nagdagos siya sa harong ni Simon. An panugangan na babae ni Simon may halangkaw na kalentura, kaya pinakiolayan ninda si Jesus na bolongon siya.","Namangha silang lahat at sinabi sa isa't isa, “Anong salita ito? Sapagkat may awtoridad at kapangyarihang inuutusan niya ang masasamang espiritu at lumalabas sila.”"
Nagtindog si Jesus sa kataed kan naghehelang dangan pinagbotan na maghale an kalentura. Nahale an kalentura asin nagtindog tolos an babae dangan naglingkod sainda.,Kumalat ang balita tungkol sa kanya sa lahat ng dako sa palibot ng lupaing iyon.
"Pagsolnop kan aldaw, dinara ki Jesus kan mga katood ninda an gabos na may namamatean na helang. Dinutaan ni Jesus an lambang saro sainda dangan pinaomayan.",Umalis siya sa sinagoga at pumasok sa bahay ni Simon. Noon ay mataas ang lagnat ng biyenang babae ni Simon at pinakiusapan nila si Jesus para sa kanya.
"Nagluwas man hale sa dakul na tawo an mga demonyo na nagkukurahaw, “Ika an Aki nin Dios!”",Tumayo si Jesus sa tabi niya at kanyang sinaway ang lagnat at umalis ito sa kanya. Kaagad siyang tumayo at naglingkod sa kanila.
"Alagad sinaway sinda ni Jesus asin dai tinugotan na magtaram, huli ta aram ninda na siya an Cristo.","Nang lumulubog na ang araw, dinala ng lahat sa kanya ang kanilang mga maysakit na sari-sari ang karamdaman at ipinatong niya ang kanyang mga kamay sa bawat isa sa kanila at sila'y pinagaling."
"Pagkaaga, naghale si Jesus asin nagpasiring sa sarong siblag na lugar. Hinanap siya kan mga tawo; kan makua ninda siya, hiningowa nindang dai ngona siya maghale.","Lumabas din sa marami ang mga demonyo na nagsisisigaw, “Ikaw ang Anak ng Diyos!” Subalit kanyang sinaway sila, at hindi sila pinahintulutang magsalita, sapagkat alam nilang siya ang Cristo."
"Sarong aldaw, nagtindog si Jesus sa tampi kan Danaw nin Genesaret. Nagsurusoan an mga tawo nganing makarani saiya sa pagdangog kan tataramon nin Dios.","Samantalang sinisiksik si Jesus ng napakaraming tao upang makinig ng salita ng Diyos, siya'y nakatayo sa tabi ng lawa ng Genesaret."
Nakahiling siya nin duwang sakayan na nakadoong sa baybayon; nakahawas na an mga parasira asin naghuhugas kan saindang mga hikot.,Nakakita siya ng dalawang bangka na nasa tabi ng lawa; wala na roon ang mga mangingisda at naghuhugas na ng kanilang mga lambat.
Naglunad si Jesus sa sakayan na sadiri ni Simon saka pinakiolayan ini na an sakayan iharayo nin kadikit sa baybayon. Nagtukaw si Jesus sa sakayan saka nagtukdo sa mga tawo.,Lumulan siya sa isa sa mga bangka na pag-aari ni Simon at hiniling sa kanya na ilayo ito nang kaunti sa lupa. Siya'y umupo at mula sa bangka ay nagturo sa mga tao.
"Pakatapos niyang magtukdo, sinabihan niya si Simon, “Pumalawod kamo asin iitsa nindo an mga hikot nganing makadakop kamo nin sira.”","Nang matapos na siya sa pagsasalita ay sinabi niya kay Simon, “Pumunta ka sa malalim at ihulog ninyo ang inyong mga lambat upang makahuli.”"
"Nagsimbag si Simon, “Kagurangnan, magdamlag na kaming nagpagal alagad mayo kaming nadakop. Alagad sa tataramon mo, iiitsa ko an mga hikot.”","Sumagot si Simon, “Guro, sa buong magdamag ay nagpakapagod kami at wala kaming nahuli. Subalit dahil sa iyong salita ay ihuhulog ko ang mga lambat.”"
"Kan ginibo ninda ini, kadakul na sira an saindang nadakop kaya haros magkagirisi an mga hikot.","Nang magawa nila ito, nakahuli sila ng napakaraming isda, at halos masira ang kanilang mga lambat,"
Kaya pinaypay ninda an mga parasira na yaon duman sa sarong sakayan nganing tabangan sinda. Napano nin sira an duwang sakayan na haros malunod.,"kaya't kinawayan nila ang mga kasamahan nilang nasa ibang bangka upang lumapit at tulungan sila. Sila'y lumapit at pinuno ng isda ang dalawang bangka, anupa't sila'y nagpasimulang lumubog."
"Kan mahiling ni Simon Pedro an nangyaring ini, nagluhod siya sa atubangan ni Jesus asin nagsabi, “Rumayo ka sako, Kagurangnan, huli ta saro akong makasalan!”","Ngunit nang makita ito ni Simon Pedro, lumuhod siya sa paanan ni Jesus, na nagsasabi, “Lumayo ka sa akin, sapagkat ako'y taong makasalanan, O Panginoon.”"
Nagngalas siya asin an gabos niyang kairiba huli sa kadakul na sira na nadakop ninda;,"Sapagkat siya at ang lahat ng kanyang kasama ay namangha dahil sa mga isdang kanilang nahuli,"
"nagngalas man si Santiago asin si Juan, mga aki ni Zebedeo, na mga kasosyo ni Simon. Sinabihan ni Jesus si Simon, “Dai ka matakot; poon ngunyan mga tawo na an saimong dadakopon.”","gayundin si Santiago at si Juan, mga anak ni Zebedeo, na mga kasamahan ni Simon. At sinabi ni Jesus kay Simon, “Huwag kang matakot, mula ngayon ay mamamalakaya ka ng mga tao.”"
"Pakadoongan ninda kan mga sakayan sa baybayon, binayaan ninda an gabos asin nagsunod ki Jesus.","Nang maitabi na nila sa lupa ang kanilang mga bangka ay iniwan nila ang lahat, at sumunod sa kanya."
"Kan si Jesus nasa sarong banwaan, nag-abot an sarong daoton. Pakahiling niya ki Jesus, nagdapa siya sa atubangan ni Jesus dangan nakimaherak, “Kagurangnan, kun boot mo, malilinigan mo ako!”","Samantalang siya'y nasa isa sa mga lunsod, may dumating na isang lalaki na punô ng ketong. Nang makita niya si Jesus, lumuhod siya at nakiusap sa kanya, “Panginoon, kung nais mo ay maaari mo akong linisin.”"
"Dinutaan siya ni Jesus kan kamot saka sinabihan, “Boot ko; malinigan ka!” Asin nahale tolos an saiyang daot.","Iniunat niya ang kanyang kamay at siya'y hinawakan at sinabi, “Nais ko, maging malinis ka.” At agad nawala ang kanyang ketong."
"Dangan pinagbotan siya ni Jesus, “Dai ka mangosip sa kiisay man, kundi lakaw asin magpahiling ka sa padi. Dangan magdolot ka kan atang na ipinagboot ni Moises sa pagpatunay sa gabos na malinig ka na.”","Ipinagbilin niya sa kanya na huwag sabihin kaninuman. “Humayo ka, magpakita ka sa pari, at maghandog ka ayon sa iniutos ni Moises dahil ikaw ay naging malinis, bilang patotoo sa kanila.”"
Alagad orog na nakabalangibog an bareta dapit ki Jesus. Orog man na nagdakul an mga tawong nagduman sa paghinanyog saiya asin sa pagpabolong kan saindang mga kahelangan.,Subalit lalo niyang ikinalat ang balita tungkol kay Jesus. Nagtipon ang napakaraming tao upang makinig sa kanya at upang mapagaling sa kanilang mga sakit.
Alagad nagduman si Jesus sa kalangtadan asin namibi.,Subalit umaalis si Jesus patungo sa ilang at nananalangin.
"Sarong aldaw, kan si Jesus nagtutukdo, yaon duman an mga Fariseo asin an mga paratukdo kan Katogonan na hale sa mga banwaan nin Galilea asin Judea patin sa Jerusalem. Yaon ki Jesus an kapangyarihan nin Kagurangnan sa pagpaomay kan mga naghehelang.","Isang araw, habang siya'y nagtuturo, may nakaupong mga Fariseo at mga guro ng kautusan, na nagmula sa bawat nayon ng Galilea, Judea at Jerusalem; at ang kapangyarihan ng Panginoon ay nasa kanya upang magpagaling."
Nag-abot an nagkapirang lalaki na may pinagbubuligan sa higdaan na sarong lalaking paralitiko. Nagpirit sindang makalaog sa harong tanganing ibugtak an paralitiko sa atubangan ni Jesus.,At may dumating na mga lalaking may dalang isang lalaking lumpo na nasa isang higaan at sinikap nilang maipasok ang lumpo sa bahay at mailagay sa harap ni Jesus.
"Alagad mayo sindang maagihan palaog huli ta kadakul kan tawo. Kaya nagsakat sinda sa atop kan harong, hinuklas ninda an atop dangan an paralitikong nasa higdaan itinunton sa tahaw kan mga tawo, sa atubangan ni Jesus.","Subalit dahil wala silang makitang daan dahil sa dami ng tao, umakyat sila sa bubungan ng bahay at ibinaba siya pati na ang kanyang higaan mula sa binutas nilang bubungan sa gawing gitna, sa harapan ni Jesus."
"Kan mahiling ni Jesus an saindang pagtubod, sinabihan niya an paralitiko, “Katood, pinapatawad na an mga kasalan mo.”","Nang makita niya ang kanilang pananampalataya ay sinabi niya, “Lalaki, pinatatawad ka na sa iyong mga kasalanan.”"
"Nagsaboot an mga paratukdo kan Katogonan asin an mga Fariseo, “Siisay an tawong ini na naglalanghad sa Dios? Bakong an Dios sana an makakapatawad nin mga kasalan?”","Ang mga eskriba at mga Fariseo ay nagsimulang magtanong, “Sino ba ito na nagsasalita ng mga kalapastanganan? Sino ang makapagpapatawad ng mga kasalanan maliban sa Diyos lamang?”"
"Aram ni Jesus an nasa isip ninda, kaya sinabihan niya sinda, “Tadaw ta siring an iniisip nindo?","Subalit batid ni Jesus ang kanilang mga iniisip at sinabi sa kanila, “Bakit ninyo ito pinag-aalinlanganan sa inyong mga puso?"
"Arin an mas pasil sabihon, ‘Pinapatawad na an mga kasalan mo,’ o ‘Tindog asin lakaw’?","Alin ba ang mas madali, ang sabihing, ‘Pinatatawad na ang iyong mga kasalanan,’ o ang sabihing, ‘Tumindig ka at lumakad?’"
"Alagad tanganing maaraman nindo na an Aki nin Tawo igwa nin kapangyarihan digdi sa daga na magpatawad nin mga kasalan,” sinabihan niya an paralitiko, “Pinagbobotan taka: tindog, daraha an saimong higdaan dangan pumuli ka na!”","Ngunit upang malaman ninyo na ang Anak ng Tao ay may awtoridad sa ibabaw ng lupa na magpatawad ng mga kasalanan,”—sinabi niya ito sa lumpo, “Sinasabi ko sa iyo, tumindig ka, buhatin mo ang iyong higaan, at umuwi ka sa bahay mo.”"
"Nagtindog tolos an paralitiko sa atubangan nin gabos, dinara an hinigdaan niya dangan nagpuli na nag-oomaw sa Dios.","Kaagad siyang tumindig sa harapan nila, binuhat ang kanyang hinigaan, at umuwi sa kanyang bahay na niluluwalhati ang Diyos."
Nagngalas sinda gabos; inomaw ninda an Dios alagad napano sinda nin takot. “Makangangalas na mga bagay an samong nahiling ngunyan!” an sabi ninda.,"Labis na namangha ang lahat at niluwalhati nila ang Diyos. Napuno sila ng takot, na nagsasabi, “Nakakita kami ngayon ng mga bagay na kataka-taka.”"
"Pakatapos kaini, nagluwas si Jesus. Nahiling niya an sarong parasingil nin buhis na an ngaran Levi, na nagtutukaw sa pinagsisingilan nin buhis. Sinabihan siya ni Jesus, “Sumunod ka sako.”","Pagkatapos nito ay umalis si Jesus at nakita ang isang maniningil ng buwis, na ang pangalan ay Levi, na nakaupo sa tanggapan ng buwis. At sinabi niya sa kanya, “Sumunod ka sa akin.”"
"Nagtindog si Levi, binayaan an gabos dangan nagsunod saiya.","Iniwan niya ang lahat, tumayo, at sumunod sa kanya."
Dangan nagbangkete si Levi sa harong niya para ki Jesus. Dakul na mga parasingil nin buhis asin iba pang mga tawo an nagkakan duman kaiba ninda.,Ipinaghanda siya ni Levi ng isang malaking piging sa kanyang bahay at napakaraming maniningil ng buwis at iba pa na nakaupong kasalo nila.
"An nagkapirang Fariseo asin paratukdo kan Katogonan na kaayon ninda nagreklamo tumang sa mga disipulo ni Jesus, “Tadaw ta nagkakakan kamo asin nag-iinom kaiba kan mga parasingil nin buhis asin mga parakasala?”","Nagbulung-bulungan ang mga Fariseo at ang kanilang mga eskriba laban sa kanyang mga alagad na sinasabi, “Bakit kayo'y kumakain at umiinom na kasalo ng mga maniningil ng buwis at ng mga makasalanan?”"
"Sinimbag sinda ni Jesus, “Dai nangangaipo nin doktor an tawong mayong helang, kundi an naghehelang.","Sumagot si Jesus sa kanila, “Ang malulusog ay hindi nangangailangan ng manggagamot kundi ang mga maysakit."
Dai ako nagdigdi sa pag-apod kan mga matanos kundi kan mga parakasala tanganing magsolsol.”,"Hindi ako pumarito upang tawagin ang mga matuwid, kundi ang mga makasalanan tungo sa pagsisisi.”"
"May nagkapirang nagsabi ki Jesus, “An mga disipulo ni Juan danay na nag-aayuno asin namimibi, siring man an mga disipulo kan mga Fariseo. Alagad an mga disipulo mo nagkakarakan saka nag-iirinom.”","At sinabi nila sa kanya, “Ang mga alagad ni Juan ay malimit mag-ayuno at mag-alay ng mga panalangin, gayundin ang mga alagad ng mga Fariseo, subalit ang sa iyo ay kumakain at umiinom.”"
"Nagsimbag si Jesus, “Mapapaayuno daw nindo an mga bisita sa kinasal mantang kaiba pa ninda an nobyo?","At sinabi ni Jesus sa kanila, “Maaari bang pag-ayunuhin ninyo ang mga abay sa kasalan samantalang ang lalaking ikakasal ay kasama pa nila?"
"Maabot an panahon na an nobyo hahaleon sa kaibahan ninda. Pag-abot kan panahon na iyan, dangan na sinda mag-aayuno.”","Subalit darating ang mga araw kapag kinuha sa kanila ang lalaking ikakasal, saka pa lamang sila mag-aayuno sa mga araw na iyon.”"
"Inosipon man sainda ni Jesus an parabolang ini, “Mayo nin siisay man na minatabas nin sarong pedaso nin tela sa bagong gubing tanganing itagubhang sa daan na gubing. Kun gibohon niya ini, natabas lamang niya an bagong gubing alagad an itinagubhang bakong angay sa daan.","Sinabi rin niya sa kanila ang isang talinghaga: “Walang taong pumipilas sa bagong damit at itinatagpi sa lumang damit. Kapag gayon, mapupunit ang bago at ang tagping mula sa bago ay di bagay sa luma."
"Mayo man nin minapalis nin bagong arak sa daan na mga lalagan na anit. Kun gibohon niya ini, an bagong arak iyo man sana an mabusi kan daan na mga anit, mauula an arak asin mararaot an mga anit.","At walang taong naglalagay ng bagong alak sa mga lumang sisidlang balat. Kung gayon, papuputukin ng bagong alak ang mga balat, at matatapon, at masisira ang mga balat."
Kaya an bagong arak dapat ipalis sa mga bagong lalagan na anit.,"Sa halip, ang bagong alak ay dapat ilagay sa mga bagong sisidlang balat."
"Mayo nin mainom nin bagong arak pakatapos na makainom na kan pinaloom na arak, huli ta masabi siya, ‘Mas managom an pinaloom na arak.’”","At walang sinumang matapos uminom ng alak na laon ay magnanais ng bago, sapagkat sinasabi niya, ‘Masarap ang laon.’”"
"Sarong aldaw na Sabbath, nag-agi si Jesus sa mga oma nin trigo. Nagrapgos nin mga trigo an saiyang mga disipulo, piniripisi iyan saka kinakan.","Isang araw ng Sabbath habang bumabagtas si Jesus sa mga triguhan, ang mga alagad niya ay pumitas ng mga uhay at pagkatapos ligisin sa kanilang mga kamay ay kinain ang mga ito."
"Naghapot an nagkapirang mga Fariseo, “Tadaw ta ginigibo nindo an ipinapangalad na gibohon sa aldaw na Sabbath?”","Subalit sinabi ng ilan sa mga Fariseo, “Bakit ginagawa ninyo ang hindi ipinahihintulot sa araw ng Sabbath?”"
"Nagsimbag si Jesus sainda, “Dai nindo nabasa kun ano an ginibo ni David kan magutom siya asin an saiyang mga kairiba?","Sumagot si Jesus, “Hindi ba ninyo nabasa ang ginawa ni David, nang siya at ang mga kasamahan niya ay nagutom?"
"Naglaog siya sa harong nin Dios, kinua an tinapay na idinolot sa Dios, kinakan asin tinawan pa an mga kairiba niya. Iyan ipinapangalad sa kiisay man, pwera sa mga padi na pwedeng magkakan kaiyan.”","Siya'y pumasok sa bahay ng Diyos, kinuha at kinain ang tinapay na handog, at binigyan pati ang kanyang mga kasamahan na hindi ipinahihintulot kainin maliban ng mga pari lamang?”"
"Nagsabi pa si Jesus, “An Aki nin Tawo iyo an Kagurangnan kan Sabbath.”","At sinabi niya sa kanila, “Ang Anak ng Tao ay panginoon ng Sabbath.”"
"Saro naman na Sabbath, naglaog si Jesus sa sinagoga dangan nagtukdo. May sarong lalaki duman na paralisado an toong kamot.","Nang isa pang Sabbath, siya'y pumasok sa sinagoga at nagturo. Doon ay may isang lalaki na tuyo ang kanang kamay."
"Binantayan si Jesus kan mga paratukdo kan Katogonan asin kan mga Fariseo nganing mahiling ninda kun mabolong siya sa aldaw na Sabbath, tanganing magkaigwa sinda nin ikasumbong tumang saiya.",Ang mga eskriba at ang mga Fariseo ay nagmamatyag sa kanya kung siya'y magpapagaling sa Sabbath upang makakita sila ng maibibintang laban sa kanya.
"Alagad aram ni Jesus an mga nasa isip ninda, kaya nagsabi siya sa lalaking paralisado an kamot, “Madya asin tumindog ka digdi.” Nagtindog an lalaki saka nagduman sa enotan.","Subalit alam niya ang kanilang mga iniisip at sinabi niya sa lalaki na tuyo ang kamay, “Halika at tumayo ka sa gitna.” At siya'y tumindig at tumayo."
"Dangan nagsabi sainda si Jesus, “Mahapot ako saindo: arin an sosog sa Katogonan, an paggibo nin marahay o an paggibo nin maraot sa aldaw na Sabbath? An pagligtas nin buhay o an paggadan?”","Sinabi ni Jesus sa kanila, “Itinatanong ko sa inyo, ipinahihintulot ba sa kautusan na gumawa ng mabuti, o gumawa ng masama kung Sabbath? Magligtas ng buhay o pumuksa nito?”"
"Nangalagkalag siya sainda, dangan sinabihan an lalaki, “Unata an kamot mo.” Inunat kan lalaki an saiyang kamot asin naomayan idto.","At matapos niyang tingnan silang lahat ay sinabi sa kanya, “Iunat mo ang iyong kamay.” Gayon nga ang ginawa niya at nanumbalik sa dati ang kanyang kamay."
Grabe an kaanggotan kan mga paratukdo kan Katogonan asin kan mga Fariseo kaya pinag-orolayan ninda kun ano an dapat nindang gibohon ki Jesus.,Subalit sila'y napuno ng matinding galit at pinag-usapan nila kung ano ang maaari nilang gawin kay Jesus.
"Kan aldaw na iyan, nagtukad si Jesus sa sarong bulod, nganing mamibi; bilog na banggi siyang namibi sa Dios.","Nang mga araw na iyon, siya ay nagtungo sa bundok upang manalangin at ginugol ang buong magdamag sa pananalangin sa Diyos."
"Pagkaaga, inapod niya an saiyang mga disipulo, saka nagpili siya sainda nin dose na inapod niyang mga apostol:","Kinaumagahan, tinawag niya ang kanyang mga alagad at siya'y pumili mula sa kanila ng labindalawa na itinalaga niyang mga apostol:"
"si Simon (na nginaranan niyang Pedro) asin an tugang kaini na si Andres; si Santiago, Juan, Felipe, Bartolome,","si Simon, na tinawag niyang Pedro, si Andres na kanyang kapatid, si Santiago, si Juan, si Felipe, si Bartolome,"
Mateo asin Tomas; si Santiago na aki ni Alfeo; si Simon (na inaapod Patriota);,"si Mateo, si Tomas, si Santiago na anak ni Alfeo, si Simon na tinatawag na Masigasig,"
"si Judas na aki ni Santiago; asin si Judas Iscariote, na nagpasaluib saiya.","at si Judas na anak ni Santiago, at si Judas Iscariote na naging taksil."
"Naglugsot si Jesus kaiba sinda dangan nagtindog sa sarong patag na lugar. Yaon man duman an dakul niyang disipulo, sagkod an kadakul na tawong harale sa bilog na Judea, sa Jerusalem, asin sa Tiro saka Sidon, mga syudad na nasa tampi nin dagat.","Bumaba siya na kasama nila at tumayo sa isang patag na lugar. Naroon ang marami sa kanyang mga alagad at ang napakaraming tao buhat sa Judea at sa Jerusalem at sa baybayin ng Tiro at Sidon, na pumaroon upang makinig sa kanya at mapagaling sa kanilang mga sakit;"
Nagduman sinda nganing magdangog saiya asin magpabolong kan saindang mga helang. Pinaomayan man niya an mga pinapasakitan nin mga maraot na espiritu.,at ang mga pinahirapan ng masasamang espiritu ay pinagaling.
An gabos boot na makaduta ki Jesus huli ta may kapangyarihan na nagluluwas saiya na nagpapaomay sainda gabos.,"Pinagsikapan ng lahat na siya'y mahipo, sapagkat may kapangyarihang nanggagaling sa kanya at pinagaling niya ang lahat."
"Hiniling ni Jesus an saiyang mga disipulo asin nagsabi,","Tumingin siya sa kanyang mga alagad at sinabi,"
"“Paladan kamong mga dukha,","“Mapapalad kayong mga dukha,"
huli ta saindo an Kahadean nin Dios!,sapagkat sa inyo ang kaharian ng Diyos.
"“Paladan kamong mga nagugutom ngunyan,","Mapapalad kayong nagugutom ngayon,"
huli ta babasogon kamo!,sapagkat kayo'y bubusugin.
"“Paladan kamong mga nagtatangis ngunyan,",Mapapalad kayong tumatangis ngayon
huli ta magngingisi kamo!,sapagkat kayo'y tatawa.
"“Paladan kamo kun ikinakaongis kamo, isinisikwal, o minumuda nin mga tawo, asin pinapakaraot an ngaran nindo huli sa Aki nin Tawo!","Mapapalad kayo kung kayo'y kapootan ng mga tao, kung kayo'y layuan at kayo'y alipustain, at itakuwil ang inyong pangalan na tila masama dahil sa Anak ng Tao."
"Mag-ogma kamo saka maglukso sa kaogmahan kun iyan mangyari, huli ta dakula an balos na natatagama saindo sa langit. Siring man kaiyan an ginibo sa mga propeta kan saindang mga ginikanan.","Magalak kayo sa araw na iyon at lumukso kayo sa tuwa, sapagkat malaki ang inyong gantimpala sa langit, sapagkat gayundin ang ginawa ng kanilang mga ninuno sa mga propeta."
"“Alagad herak man saindo na mga mayaman ngunyan,","“Subalit kahabag-habag kayong mayayaman,"
huli ta nagkamit na kamo nin kaginhawahan!,sapagkat tinanggap na ninyo ang inyong kaaliwan.
"“Herak man saindo na mga basog ngunyan,","“Kahabag-habag kayong mga busog ngayon,"
huli ta magugutom kamo!,sapagkat kayo'y magugutom.
"“Herak man saindo na nagngingisi ngunyan,","“Kahabag-habag kayong tumatawa ngayon,"
huli ta magmomondo asin magtatangis kamo!,sapagkat kayo'y magluluksa at magsisiiyak.
"“Herak man saindo kun inoomaw kamo kan gabos na tawo, huli ta siring man an ginibo sa mga bakong totoong propeta kan saindang mga ginikanan.","“Kahabag-habag kayo kapag ang lahat ng mga tao ay nagsasabi ng mabuti tungkol sa inyo, sapagkat gayundin ang ginawa ng kanilang mga ninuno sa mga bulaang propeta."
"“Alagad sinasabihan ko kamong mga nagdadangog sako: kamotan nindo an saindong mga kaiwal, gibohan nindo nin marahay an mga naoongis saindo,","“Subalit sinasabi ko sa inyo na mga nakikinig, Ibigin ninyo ang inyong mga kaaway, gawan ninyo ng mabuti ang mga napopoot sa inyo,"
bendisyonan nindo an mga nagmamaldisyon saindo asin ipamibi nindo an mga nagpapakaraot saindo.,pagpalain ninyo ang mga sumusumpa sa inyo at ipanalangin ninyo ang mga umaapi sa inyo.
"Kun may sumampaling saindo sa saro nindong pisngi, ipasampaling pa nindo an sa ibong. Kun may mag-agaw kan saindong alikboy, itao nindo sagkod an bado nindo.","Sa sinumang sumampal sa iyo sa pisngi, iharap mo naman ang kabila, at sa sinumang umagaw ng iyong balabal, huwag mong ipagkait pati ang iyong tunika."
"Tawan nindo an lambang naghahagad saindo. Kun may magkua nin anoman na sadiri nindo, dai na nindo iyan pagbawion.","Bigyan mo ang bawat humihingi sa iyo; at kapag inagaw ng sinuman ang iyong ari-arian, huwag mo nang bawiin ang mga iyon."
Gibohon nindo sa iba an boot nindong gibohon ninda saindo.,"Kung ano ang ibig ninyong gawin sa inyo ng mga tao, gayundin ang gawin ninyo sa kanila."
"“Kun an mga namomoot sana saindo an namomotan nindo, anong halaga kaiyan para saindo? Maski an mga parakasala namomoot man sa mga namomoot sainda!","Kung kayo'y umiibig sa mga umiibig sa inyo, ano ang mapapala ninyo? Ang mga makasalanan man ay umiibig sa mga umiibig sa kanila."
"Kun an naggigibo sana nin marahay saindo an gibohan nindo nin marahay, anong halaga kaiyan para saindo? Maski an mga parakasala naggigibo man kaiyan!","At kung gumawa kayo ng mabuti sa mga gumagawa sa inyo ng mabuti, ano ang mapapala ninyo? Sapagkat gayundin ang ginagawa ng mga makasalanan."
"Kun an mga tawo sanang pinaglalaoman nindong makakabayad an pautangon nindo, anong halaga kaiyan para saindo? Maski an mga parakasala nagpapautang man sa mga parakasala sa paglaom na sinda makakabayad.","Kung kayo'y magpahiram lamang sa mga taong mayroon kayong inaasahang tatanggapin, ano ang mapapala ninyo? Ang mga makasalanan man ay nagpapahiram sa mga makasalanan, upang tanggapin nilang muli ang gayunding halaga."
"Bakong arog kaiyan! Kundi kamotan nindo an saindong mga kaiwal asin gibohan nindo sinda nin marahay. Magpasubli kamo na dai naghahalat nin balos. Kun iyan an gibohon nindo, magkakaigwa kamo nin dakulang balos, asin magigin mga aki kamo kan Kahorohalangkawe. Huli ta marahayon siya sa mga mayo nin utang na boot asin sa mga makasadiri.","Subalit ibigin ninyo ang inyong mga kaaway at gumawa kayo ng mabuti, magpahiram kayo na hindi umaasa ng kapalit. Malaki ang magiging gantimpala ninyo, at kayo'y magiging mga anak ng Kataas-taasan, sapagkat siya'y mabait sa mga di-mapagpasalamat at sa masasama."
Magin maheherakon kamo arog kan saindong Ama.,"Maging maawain kayo, gaya ng inyong Ama na maawain."
"“Dai kamo maghukom sa saindong kapwa asin dai man kamo huhukoman nin Dios. Dai kamo magkondenar, asin dai man kamo kokondenaron nin Dios. Magpatawad kamo asin papatawadon man kamo nin Dios.",“Huwag kayong humatol at hindi kayo hahatulan. Huwag kayong humusga at hindi kayo huhusgahan. Magpatawad kayo at kayo'y patatawarin.
"Magtao kamo asin tatawan man kamo nin Dios; tamang takad, dasok, yinogyog asin nagsusupay an itatao saindo. Kun ano an sukol na ginamit nindo, iyo man an gagamiton saindo nin Dios.”","Magbigay kayo at iyon ay ibibigay sa inyo—hustong takal, siniksik, niliglig, at umaapaw, ang ilalagay nila sa inyong kandungan. Sapagkat sa panukat na inyong ipanukat ay doon din kayo susukatin."
Inosipan pa sinda ni Jesus kan parabolang ini: “An sarong buta dai pwedeng magkabit sa kapwa buta; huli ta pareho sindang mahuhulog sa kalot.,Sinabi naman niya sa kanila ang isang talinghaga: “Maaari bang akayin ng bulag ang isa pang bulag? Hindi kaya sila kapwa mahulog sa hukay?
"Mayong disipulo na mas madonong ki sa saiyang maestro; alagad kun tapos na siyang matukdoan, makakaarog siya sa saiyang maestro.","Ang alagad ay hindi nakahihigit sa kanyang guro, subalit ang sinumang ganap na sinanay ay nagiging tulad na ng kanyang guro."
"Pakataram ni Jesus kan gabos na ini sa mga tawo, nagduman siya sa Capernaum.","Nang matapos na ni Jesus ang kanyang mga salita sa pandinig ng mga tao, pumasok siya sa Capernaum."
Igwa duman nin sarong opisyal na Romano na may sorogoon na namomotan niya nin marahay; ini naghehelang asin naghihingagdan na.,May isang senturion doon na may aliping minamahal niya na maysakit at malapit nang mamatay.
"Kan mabaretaan kan opisyal an dapit ki Jesus, sinugo niya an nagkapirang kamagurangan kan mga Judio nganing pakiolayan si Jesus na magduman asin bolongon an sorogoon niya.","Nang marinig niya ang tungkol kay Jesus, isinugo niya sa kanya ang matatanda sa mga Judio, na nakikiusap sa kanya na pumunta at pagalingin ang kanyang alipin."
"Pag-abot ninda ki Jesus nakimaherak sinda saiya, “Maninigong tabangan mo siya,","Nang dumating sila kay Jesus, nakiusap silang mabuti sa kanya na sinasabi, “Siya ay karapat-dapat na gawan mo nito,"
huli ta namomotan niya an satong banwaan asin ipinatugdok niya kita nin sarong sinagoga.”,sapagkat mahal niya ang ating bansa at nagtayo siya ng sinagoga para sa atin.”
"Nag-iba sainda si Jesus. Kan harani na siya sa harong, ipinasabat siya kan opisyal sa saiyang mga katood saka pinasabihan, “Kagurangnan, dai ka na magpagal huli ta alangan akong lumaog ka sa harong ko;","At si Jesus ay sumama sa kanila. Nang siya'y nasa di-kalayuan sa bahay, nagsugo ang senturion ng mga kaibigan sa kanya na nagsasabi sa kanya, “Panginoon, huwag ka nang mag-abala pa, sapagkat hindi ako karapat-dapat na ikaw ay papasukin sa ilalim ng aking bubungan;"
kaya dai ako nangahas na magdolok saimo. Alagad magtaram ka sana asin maoomayan an sorogoon ko.,"kaya, hindi ko itinuring ang aking sarili na karapat-dapat na lumapit sa iyo. Ngunit sabihin mo ang salita at hayaang gumaling ang aking alipin."
"Huli ta ako nasasakopan nin mas halangkaw sakong mga opisyal; igwa man akong nasasakopan na mga soldados. Kun magboot ako sa saro, ‘Dumuman ka!’ minaduman siya; kun minasabi ako sa iba, ‘Madya!’ minadolok siya. Kun sinusugo ko an sakong oripon, ‘Giboha ini!’ ginigibo niya iyan.”","Sapagkat ako man ay taong inilagay sa ilalim ng kapangyarihan at may mga kawal na nasasakupan ko. At sinasabi ko sa isa, ‘Humayo ka’ at siya'y humahayo; at sa isa naman, ‘Halika,’ at siya'y lumalapit; at sa aking alipin, ‘Gawin mo ito,’ at ito'y kanyang ginagawa.”"
"Napangalas si Jesus pagkadangog niya kaini; inatubang niya an mga tawong nagsusunod saiya saka sinabihan, “Maski sa Israel dai pa ako nakanumpong nin arog kaini kadakulang pagtubod!”","Nang marinig ni Jesus ang mga bagay na ito ay namangha siya sa kanya. Lumingon siya at sinabi sa maraming tao na sumusunod sa kanya, “Sinasabi ko sa inyo, maging sa Israel ay hindi pa ako nakakita ng ganito kalaking pananampalataya.”"
"Kan magbalik an mga sinugo sa harong kan opisyal, naabotan nindang marahay na an sorogoon.","At nang ang mga sugo ay bumalik na sa bahay, nadatnan nilang magaling na ang alipin."
"Dai nahaloy, nagduman si Jesus sa sarong banwaan na inaapod Nain. Nag-iba saiya an mga disipulo niya saka an kadakul na tawo.","Kinabukasan siya ay tumuloy sa isang bayan na tinatawag na Nain, kasama ang kanyang mga alagad at ang napakaraming tao."
"Kan harani na siya sa trangkahan kan banwaan, may nasabat siyang sarong lubong. An gadan solong aking lalaki nin sarong babaeng balo. Kadakul kan nakikipaglubong.","At nang siya'y papalapit na sa pintuan ng bayan, inilalabas ang isang taong namatay. Siya'y nag-iisang anak na lalaki ng kanyang ina na isang balo. Kasama niya ang napakaraming tao mula sa bayan."
"Kan mahiling ni Jesus an ina kan gadan, naherak siya nin marahay kaya sinabihan niya an babae, “Dai ka magtangis.”","Nang makita siya ng Panginoon, siya'y nahabag sa balo at sinabi rito, “Huwag kang umiyak.”"
"Nagrani siya sa kabaong asin dinutaan ini. Nag-ontok an mga nagbuburulig. Dangan sinabihan ni Jesus an gadan, “Aki, pinagbobotan taka, bumangon ka!”","Siya'y lumapit at hinipo ang kabaong at ang mga nagbubuhat ay tumigil. At sinabi niya, “Binata, sinasabi ko sa iyo, ‘Bumangon ka.’”"
"Nagbangon an gadan saka nagtaram, dangan itinao siya ni Jesus sa saiyang ina.",Umupo ang patay at nagpasimulang magsalita. At siya'y ibinigay ni Jesus sa kanyang ina.
"Inabotan nin makuring takot an gabos asin nag-omaw sinda sa Dios. Olay ninda, “Sarong dakulang propeta an nag-abot sato! Dinalaw nin Dios an saiyang banwaan!”","Sinakmal ng takot ang lahat at niluwalhati nila ang Diyos, na sinasabi, “Lumitaw sa gitna natin ang isang dakilang propeta at dinalaw ng Diyos ang kanyang sambayanan.”"
An baretang ini dapit ki Jesus nakalakop sa bilog na Judea asin sa mga teritoryo na nasa palibot.,Ang balitang ito tungkol sa kanya ay kumalat sa buong Judea at sa lahat ng nakapaligid na lupain.
Inosipan si Juan kan mga disipulo niya dapit kan gabos na ini.,Ibinalita sa kanya ng mga alagad ni Juan ang lahat ng mga bagay na ito.
"Inapod niya an duwa sainda, dangan sinugo sa Kagurangnan tanganing hapoton, “Ika na an sinasabi ni Juan na maabot o mahalat pa kami nin iba?”","Kaya't tinawag ni Juan ang dalawa sa kanyang mga alagad at sinugo sila sa Panginoon na nagsasabi, “Ikaw ba ang darating o maghihintay pa kami ng iba?”"
"Pag-abot ninda ki Jesus, nagsabi sinda, “Sinugo kami ni Juan Bautista. Pinapahapot ka samo kun ika na an sinasabi niyang maabot o kun mahalat pa kami nin iba?”","At pagdating ng mga lalaki kay Jesus ay kanilang sinabi, “Sinugo kami sa iyo ni Juan na Tagapagbautismo na nagsasabi, ‘Ikaw ba ang darating o maghihintay pa kami ng iba?’”"
"Kan oras man sanang iyan, binolong ni Jesus an dakul na tawong may manlaen-laen na helang o kamatean o may maraot na espiritu; dakul na buta an tinawan niya nin pakahiling.","Nang oras na iyon ay pinagaling ni Jesus ang marami sa mga sakit, salot at masasamang espiritu, at ang maraming bulag ay binigyan niya ng paningin."
"Nagsimbag si Jesus, “Magbalik na kamo asin sabihan nindo si Juan kan nahiling saka nadangog nindo: nakakahiling an mga buta, nakakalakaw an mga pilay, nalilinigan an mga daoton, nakakadangog an mga bongog, binubuhay an mga gadan, asin an Marahay na Bareta ipinaghuhulit sa mga dukha.","At sumagot siya sa kanila, “Humayo kayo at sabihin ninyo kay Juan ang inyong nakikita at naririnig: ang mga bulag ay nakakakita, ang mga pilay ay nakakalakad, ang mga ketongin ay nalilinis, ang mga bingi ay nakakarinig, ang mga patay ay muling binubuhay, sa mga dukha ay ipinangangaral ang magandang balita."
Paladan an siisay man na dai nagduduwa-duwa dapit sako!”,At mapalad ang sinumang hindi natitisod sa akin.”
"Pakahale kan mga sinugo ni Juan, nagtaram si Jesus sa mga tawo dapit ki Juan, “Kan magduman kamo sa kalangtadan, ano an pinagmamawot nindong mahiling? Sarong bariw na pinagpapalid-palid nin doros?",Nang makaalis na ang mga sugo ni Juan ay nagpasimula siyang magsalita sa maraming tao tungkol kay Juan. “Ano ang pinuntahan ninyo sa ilang upang makita? Isa bang tambo na inuuga ng hangin?
Ano an boot nindong mahiling duman? Sarong tawong nakagubing nin mamahalon? An mga tawong nakagubing nin magayon saka nabubuhay sa luho makukua sa palasyo nin mga hade!,"Subalit ano ang pinuntahan ninyo upang makita? Isa bang taong nakasuot ng mga damit na malambot? Masdan ninyo, ang nagdadamit ng magagara at namumuhay ng marangya ay nasa mga palasyo ng mga hari."
"Ano talaga an boot nindong mahiling? Sarong propeta? Iyo, asin sinasabihan ko kamo na an nahiling nindo orog pa ki sa propeta.","Subalit ano ang pinuntahan ninyo upang makita? Isa bang propeta? Oo, sinasabi ko sa inyo, at higit pa sa isang propeta."
"Huli ta si Juan iyo an pinagsasabi sa kasuratan, ‘Papaenoton ko saimo an sugo ko nganing andamon an dalan na aagihan mo.’","Ito yaong tungkol sa kanya ay nasusulat,"
"Sinasabihan ko kamo, mayo pang nabuhay na orog pa ki Juan Bautista; alagad an pinakasadit sa Kahadean nin Dios mas dakula pa ki sa saiya.”","‘Narito, ipinapadala ko ang aking sugo sa iyong unahan"
"An gabos na sinabi ni Jesus nadangog kan mga tawo asin kan mga parasingil nin buhis. Sinda idtong nagkuyog kan kabotan nin Dios, asin nagpabunyag ki Juan.",na maghahanda ng iyong daan sa iyong harapan.’
Alagad sinayumahan kan mga Fariseo saka mga paratukdo kan Katogonan an katuyohan nin Dios para sainda asin dai sinda nagpabunyag ki Juan.,"Sinasabi ko sa inyo, sa mga ipinanganak ng mga babae ay walang higit na dakila kay Juan, subalit ang pinakamaliit sa kaharian ng Diyos ay higit na dakila kaysa kanya.”"
"Nagtaram pa si Jesus, “Sa ano ko ikakabaing an mga tawo ngunyan? Ano an kaagid ninda?","(Nang marinig ito ng buong bayan at ng mga maniningil ng buwis ay kanilang kinilala ang katuwiran ng Diyos, sapagkat sila ay nagpabautismo sa bautismo ni Juan."
"Garo sinda mga aking nagtutukaw sa plasa na nagsisinarabihan,",Subalit tinanggihan ng mga Fariseo at ng mga dalubhasa sa Kautusan ang layunin ng Diyos para sa kanila sa hindi nila pagpapabautismo sa kanya.)
"‘Nagtugtog kami nin plauta para saindo,",“Sa ano ko nga ihahambing ang mga tao ng lahing ito at ano ang kanilang katulad?
alagad dai kamo nagsayaw!,"Tulad sila sa mga batang nakaupo sa pamilihan at sumisigaw sa isa't isa, na sinasabi,"
Nanambitan kami,‘Tinutugtugan namin kayo ng plauta at hindi kayo sumayaw;
alagad dai kamo nagtangis!’,tumangis kami at hindi kayo umiyak.’
"Huli ta nagdigdi si Juan Bautista na nag-aayuno saka dai nag-iinom nin arak, asin nagsasabi kamo, ‘Igwa siya nin maraot na espiritu!’","Sapagkat dumating si Juan na Tagapagbautismo na hindi kumakain ng tinapay at hindi umiinom ng alak at inyong sinasabi, ‘Siya'y may demonyo.’"
"Nagdigdi an Aki nin Tawo na nagkakakan saka nag-iinom, asin nagsasabi kamo ‘Saro siyang paslo saka paraburat; katood siya kan mga parasingil nin buhis asin nin mga parakasala!’","Dumating ang Anak ng Tao na kumakain at umiinom at inyong sinasabi, ‘Tingnan ninyo, ang isang taong matakaw at maglalasing, kaibigan ng mga maniningil ng buwis at ng mga makasalanan!’"
Alagad an kadonongan nin Dios pinapatotoohan kan mga tawong minaako kaiyan.”,Kaya't ang karunungan ay pinatutunayang matuwid ng lahat ng kanyang mga anak.”
May sarong Fariseo na nag-alok ki Jesus na magkakan sa kaibahan niya. Kaya nagduman si Jesus sa harong kan Fariseo saka nagtukaw sa pagkakan.,"Isa sa mga Fariseo ay humiling kay Jesus na kumaing kasalo niya, at pagpasok niya sa bahay ng Fariseo siya'y naupo sa hapag."
"Sa banwaan na iyan may sarong babae na namumuhay sa kasalan. Kan maaraman niya na si Jesus idtoon duman sa harong kan Fariseo, nagduman siya na may darang sarong lalagan na alabastro na pano nin pahamot.","Nang malaman ng isang babaing makasalanan sa lunsod na siya'y nakaupo sa hapag sa bahay ng Fariseo, nagdala ito ng isang sisidlang alabastro na may pabango."
"Nagtindog siya sa likodan ni Jesus, sa may pamitisan. Nagtatangis siya asin an saiyang mga luha nagtatagdo sa mga bitis ni Jesus; pinahidan niya an mga ini kan saiyang buhok, hinadokan dangan inulaan nin pahamot.","At tumayo siyang umiiyak sa likuran sa may paanan ni Jesus. Pinasimulan niyang basain ang kanyang mga paa ng kanyang mga luha, pinunasan ang mga ito ng kanyang buhok. Patuloy niyang hinagkan ang mga paa ni Jesus at binuhusan ang mga ito ng pabango."
"Kan mahiling ini kan Fariseo, nagsaboot siya, “Kun an tawong ini sarong propeta, aram kutana niya kun siisay an babaeng ini na nagduduta saiya, huli ta saro siyang parakasala.”","Nang makita ito ng Fariseo na nag-anyaya sa kanya ay sinabi nito sa kanyang sarili, “Kung ang taong ito ay isang propeta, nakilala sana niya kung sino at anong uring babae itong humihipo sa kanya, sapagkat siya'y makasalanan.”"
"Tinaraman ni Jesus an Fariseo, “Simon, may sasabihon ako saimo.”","At pagsagot ni Jesus ay sinabi niya sa kanya, “Simon, mayroon akong sasabihin sa iyo.” At sinabi niya, “Guro, sabihin mo.”"
“Ano iyan maestro?” an simbag ni Simon.,May dalawang taong nanghiram sa isang taong nagpapautang. Ang isa'y umutang ng limang daang denario at ang isa'y limampu.
"Nagsabi si Jesus, “May duwang tawong nag-utang nin kwarta sa sarong parapautang. An saro nakautang nin kinyentos na denaryo, an saro naman singkwentang denaryo.","Nang sila'y walang maibayad, pareho niyang pinatawad sila. Ngayon, alin sa kanila ang higit na magmamahal sa kanya?"
"Kan dai makabayad an duwang ini kan utang ninda, pareho sindang pinatawad kan parapautang. Ngunyan, siisay sa duwa an orog na mamomoot sa parapautang?”","Sumagot si Simon, “Sa palagay ko ay iyong pinatawad niya ng mas malaki.” At sinabi niya sa kanya, “Tama ang hatol mo.”"
"Nagsimbag si Simon, “Sa paghona ko sana, idtong pinatawad na dakul an utang.”","At pagharap niya sa babae ay sinabi niya kay Simon, “Nakikita mo ba ang babaing ito? Pumasok ako sa iyong bahay, hindi mo ako binigyan ng tubig para sa aking mga paa, subalit binasa niya ang aking mga paa ng kanyang mga luha at pinunasan ang mga ito ng kanyang buhok."
“Tama ka!” an sabi ni Jesus.,"Hindi mo ako hinalikan, subalit buhat nang ako'y pumasok ay hindi pa siya humihinto ng paghalik sa aking mga paa."
"Dangan kinilingan niya an babae saka sinabihan si Simon, “Nahihiling mo an babaeng ini? Nagdigdi ako sa harong mo alagad dai mo man lamang ako tinawan nin tubig na panghanaw sa mga bitis ko. Alagad hinugasan niya iyan kan saiyang luha saka pinahidan kan saiyang buhok.","Hindi mo binuhusan ng langis ang aking ulo, subalit binuhusan niya ng pabango ang aking mga paa."
"Dai mo ako hinadokan bilang pag-ako sako, alagad poon paglaog ko, dai siya nag-ontok sa kahahadok sa mga bitis ko.","Kaya't sinasabi ko sa inyo, ang marami niyang kasalanan ay pinatawad na, sapagkat siya ay nagmahal ng malaki. Subalit ang pinatatawad ng kaunti ay nagmamahal nang kaunti.”"
"Dai mo ako linahidan nin lana sa payo, alagad inulaan niya nin pahamot an sakong mga bitis.","At sinabi niya sa babae, “Pinatatawad na ang iyong mga kasalanan.”"
"Dai nahaloy, naglibot si Jesus sa mga banwa asin sa mga baryo, naghuhulit kan Marahay na Bareta dapit kan Kahadean nin Dios. Kaiba niya an doseng apostol,","Pagkatapos nito, siya'y nagtungo sa bawat lunsod at mga nayon na ipinangangaral at ipinahahayag ang magandang balita ng kaharian ng Diyos. Kasama niya ang labindalawa,"
saka an nagkapirang babae na binolong niya sa mga maraot na espiritu asin sa mga kahelangan: si Maria na inaapod Magdalena na pinaluwasan nin pitong demonyo;,"at ang ilang babae na pinagaling mula sa masasamang espiritu at sa mga sakit: si Maria na tinatawag na Magdalena, na mula sa kanya'y pitong demonyo ang lumabas,"
si Juana na agom ni Chuza na parapamahala ni Herodes; si Susana saka dakul pang mga babae. Gabos sinda nagtabang ki Jesus asin sa mga disipulo hale sa sadiri nindang mga pagsadiri.,"si Juana na asawa ni Chuza, na katiwala ni Herodes, at si Susana at marami pang iba na nagkaloob sa kanila mula sa kanilang mga ari-arian."
"Daing ontok an pagdolok ki Jesus kan mga tawo na hale sa manlaen-laen na banwa. Kan magtiripon an mga tawo, inosipon ni Jesus an parabolang ini:",Nang magtipon ang napakaraming tao at dumating ang mga tao mula sa bayan-bayan ay nagsalita siya sa pamamagitan ng isang talinghaga:
"“May sarong paraoma na nagsabwag nin banhi. Mantang isinasabwag niya an banhi, nahulog an iba sa dalan; nagkatorongtongan iyan, dangan tinuka kan mga gamgam.","“Ang isang manghahasik ay humayo upang maghasik ng binhi. Sa kanyang paghahasik, ang ilan ay nahulog sa tabi ng daan, napagyapakan, at ito'y kinain ng mga ibon sa himpapawid."
"An iba nahulog sa lugar na magapo; pagtalubo kan mga banhi, naalang huli ta mamara an daga.","Ang iba'y nahulog sa bato at sa pagtubo nito, ito ay natuyo, sapagkat walang halumigmig."
An iba naman nahulog sa katonokan na sabay na nagtalubo kan mga banhi kaya napoot an mga banhi.,"At ang iba'y nahulog sa mga tinikan, at ang mga tinik ay tumubong kasama nito at ito'y sinakal."
Alagad an ibang banhi nakasabwag sa matubang na daga; nagtalubo asin namunga nin mananggatos.”,"At ang iba'y nahulog sa mabuting lupa, tumubo, at nagbunga ng tig-iisang daan.” Pagkatapos niyang sabihin ang mga bagay na ito, siya ay sumigaw, “Ang may mga taingang pandinig ay makinig.”"
"Pakataram niya kaini, nagsabi siya nin makosog, “An may talinga, magdangog!”","Nang tanungin siya ng kanyang mga alagad kung ano ang kahulugan ng talinghagang ito,"
Hinapot si Jesus kan mga disipulo niya kun ano an kahulogan kan parabolang ini.,"sinabi niya, “Sa inyo ipinagkaloob na malaman ang mga hiwaga ng kaharian ng Diyos; subalit sa iba'y nagsasalita ako sa mga talinghaga upang sa pagtingin ay hindi sila makakita, at sa pakikinig ay hindi sila makaunawa."
"Nagsimbag si Jesus, “Sa saindo ipinapaaram an mga hilom kan Kahadean nin Dios, alagad sa iba ipinapaagi sa mga parabola, tanganing minsan nahihiling ninda dai ninda mamaanan; minsan nadadangog ninda dai ninda masabotan.","“Ngayon, ito ang talinghaga: Ang binhi ay ang salita ng Diyos."
“Ini an kahulogan kan parabola: an banhi iyo an tataramon nin Dios.,"Ang mga nasa tabi ng daan ay ang mga nakinig, pagkatapos ay dumating ang diyablo, at inagaw ang salita mula sa kanilang mga puso upang hindi sila sumampalataya at maligtas."
"An mga banhing nahulog sa dalan garo an mga tawong minadangog, alagad minaabot an Demonyo dangan inaagaw an tataramon nin Dios na isinabwag sa puso ninda tanganing dai sinda magtubod saka dai makaligtas.","At ang mga nasa bato ay sila na pagkatapos makarinig ay tinanggap na may galak ang salita, subalit ang mga ito'y walang ugat; sila'y sumampalataya nang sandaling panahon lamang at sa panahon ng pagsubok ay tumalikod."
"An banhi na nakasabwag sa lugar na magapo garo an mga tawo na kan madangog an tataramon nin Dios, maogmang minaako kaiyan. Alagad bakong hararom an pakagamot kaiyan; minatubod sinda sa halipot sanang panahon, alagad minasuhay sinda kun binabalo.","Ang nahulog naman sa tinikan ay ang mga nakinig subalit sa kanilang pagpapatuloy ay sinakal sila ng mga alalahanin, mga kayamanan, at mga kalayawan sa buhay at ang kanilang bunga ay hindi gumulang."
"An mga banhing nakasabwag sa lugar na matonok garo an mga tawo na minadangog, alagad pinopoot sinda kan mga kahaditan, kayamanan asin kaogmahan sa buhay na ini kaya dai nahihinog an saindang bunga.","At ang nahulog sa mabuting lupa ay sila na pagkatapos marinig ang salita, ay iningatan ito sa isang tapat at mabuting puso at nagbubunga na may pagtitiyaga."
"Alagad an banhing nakasabwag sa matubang na daga, garo an mga tawo na minadangog kan tataramon nin Dios. Iniingatan ninda iyan sa pusong maboot saka makinuyog, asin nagdadanay sagkod na magbunga.","“Walang taong pagkatapos magsindi ng ilawan ay tinatakpan ito ng isang takalan, o kaya'y inilalagay ito sa ilalim ng higaan, kundi inilalagay ito sa talagang lalagyan upang makita ng mga pumapasok ang liwanag."
“Mayo nin minapagkot nin ilawan dangan tinatahoban iyan o minabugtak sa irarom kan higdaan; kundi ibinubugtak iyan sa bugtakan nin ilaw tanganing an liwanag mahiling kan mga tawong minalaog.,Sapagkat walang nakatago na hindi mahahayag o walang lihim na di malalaman at malalantad sa liwanag.
"“Huli ta an anoman na natatago, mahahayag; an anoman na sekreto, maaaraman.","Kaya't mag-ingat kayo kung paano kayo nakikinig, sapagkat siyang mayroon ay lalo pang bibigyan at ang sinumang wala, pati na ang inaakala niyang nasa kanya ay kukunin.”"
"“Pakatandaan nindo an saindong pagdangog, huli ta an siisay man na igwa, tatawan pa nin mas dakul; alagad an siisay man na mayo, kukuahan pa maski kan kadikit na sa paghona niya saiya.”","Pagkatapos ay pumaroon sa kanya ang kanyang ina at mga kapatid na lalaki, subalit hindi sila makalapit sa kanya dahil sa dami ng tao."
An ina asin mga tugang ni Jesus nagduman saiya alagad dai nakadolok huli ta kadakul kan tawo.,"At may nagsabi sa kanya, “Ang iyong ina at ang iyong mga kapatid na lalaki ay nakatayo sa labas; nais nilang makita ka.”"
"May sarong nagsabi ki Jesus, “An saimong ina asin mga tugang yaon sa luwas asin boot kang mahiling.”","Subalit sinabi niya sa kanila, “Ang aking ina at ang aking mga kapatid ay ang mga nakikinig ng salita ng Diyos at ginagawa ito.”"
"Alagad nagsabi si Jesus sainda, “An sakong ina asin mga tugang iyo idtong mga nagdadangog kan tataramon nin Dios asin nagkukuyog kaiyan.”","Isa sa mga araw na iyon, siya'y lumulan sa isang bangka kasama ang kanyang mga alagad at sinabi niya sa kanila, “Tumawid tayo sa kabilang panig ng lawa.” At sila'y naglayag."
"Sarong aldaw naglunad si Jesus sa sakayan kaiba an saiyang mga disipulo. Sinabihan niya sinda, “Magbalyo kita sa ibong kan danaw.” Kaya nagpoon sinda sa pagsakay.","Samantalang sila'y naglalayag siya'y nakatulog. Dumating ang unos sa lawa, at sila'y napupuno ng tubig at nanganganib."
"Mantang nagsasakay sinda, nangatorog si Jesus. Uminabot an makosog na subasko sa danaw asin linaog nin tubig an sakayan, kaya namugtak sa pag-alaman an saindang buhay.","Sila'y lumapit at ginising siya na nagsasabi, “Guro, Guro, tayo'y napapahamak!” Siya'y gumising at sinaway ang hangin at ang pagngangalit ng tubig. Ang mga ito'y huminto at nagkaroon ng kapayapaan."
"Kaya dinolok si Jesus kan mga disipulo asin pinukaw, “Kagurangnan! Kagurangnan! Malulunod na kita!”","Sinabi niya sa kanila, “Nasaan ang inyong pananampalataya?” At sila'y natakot at namangha, at sinabi sa isa't isa, “Sino nga kaya ito, na kanyang inuutusan maging ang hangin at tubig at sila'y sumusunod sa kanya?”"
Nagbangon si Jesus saka sinaway an doros pati an makosog na alon; nagkalma an mga ini asin nagkaigwa nin katoninongan.,"Pagkatapos sila'y dumating sa lupain ng mga Gadareno, na katapat ng Galilea."
"Dangan sinabihan niya an saiyang mga disipulo, “Haen an saindong pagtubod?”","At pagbaba niya sa lupa, siya'y sinalubong ng isang lalaking galing sa bayan na may mga demonyo. Matagal na siyang hindi nagsusuot ng damit at hindi tumitira sa bahay, kundi sa mga libingan."
"Nagngaralas sinda asin nagkatarakot; nagpasarabi-sabi sinda, “Siisay an tawong ini na kinukuyog maski kan doros asin kan dagat?”","Nang makita niya si Jesus, siya'y sumigaw, lumuhod sa harapan niya, at nagsalita sa malakas na tinig, “Anong pakialam mo sa akin, Jesus, Anak ng Diyos na Kataas-taasan? Nakikiusap ako sa iyo, huwag mo akong pahirapan.”"
Duminoong sinda sa Gadara na kahampang kan Galilea.,"Sapagkat ipinag-utos niya sa masamang espiritu na lumabas sa tao. Madalas siyang inaalihan nito kaya't siya'y binabantayan at iginagapos ng mga tanikala at mga posas, subalit kanyang pinapatid ang mga gapos at siya'y itinaboy ng demonyo sa mga ilang."
"Pagtungtong ni Jesus sa baybayon, sinabat siya nin sarong lalaking taga duman na may mga demonyo. An tawong ini haloy nang dai naggugubing asin dai nag-eerok sa harong kundi sa mga lungib na pinaglulubongan.","At tinanong siya ni Jesus, “Anong pangalan mo?” At sinabi niya, “Lehiyon;” sapagkat maraming demonyo ang pumasok sa kanya."
"Pakahiling ki Jesus, nagkurahaw an lalaki, nagdapa sa atubangan niya asin makosog na nagsabi, “Jesus, Aki nin Kahorohalangkaweng Dios, ano an pakilabot mo sako? Nakikiolay ako saimo, dai mo ako pagpasakitan!”",Sila ay nakiusap sa kanya na huwag silang utusang bumalik sa di-matarok na kalaliman.
"Sinabi niya ini huli ta nagboot si Jesus na magluwas sa lalaki an maraot na espiritu. Dakul nang beses na inaatake siya kan maraot na espiritu; linalaom siya asin kinakadenahan an saiyang mga kamot saka mga bitis, alagad binubugto niya iyan dangan dinadara siya kan demonyo duman sa kalangtadan.",At may isang kawan ng maraming baboy na nanginginain sa burol. Nakiusap sila sa kanya na hayaan silang pumasok sa mga ito. At sila'y pinayagan niya.
"Hinapot siya ni Jesus, “Ano an ngaran mo?”","Pagkatapos ay lumabas ang mga demonyo sa tao, at pumasok sa mga baboy at ang kawan ay dumaluhong sa bangin patungo sa lawa at nalunod."
"“Lehiyon,” an simbag niya—huli ta dakul na demonyo an naglaog saiya.","Nang makita ng mga tagapag-alaga ang nangyari, tumakbo sila at ibinalita iyon sa lunsod at sa kabukiran."
Nakimaherak ki Jesus an mga demonyo na dai sinda isubol sa hararom na ampas.,At dumating ang mga tao upang tingnan ang nangyari. Lumapit sila kay Jesus at kanilang nadatnan ang taong nilisan ng mga demonyo na nakaupo sa paanan ni Jesus na may damit at matino ang pag-iisip nito; at sila'y natakot.
"Harani duman, may dakul na orig na nagsusurungkal sa gilid kan bulod. Nakimaherak ki Jesus an mga demonyo na palaogon sinda sa mga orig; tinugotan sinda ni Jesus.",Ibinalita sa kanila ng mga nakakita kung paano pinagaling ang inalihan ng mga demonyo.
"Kaya nagruluwas an mga demonyo sa lalaki saka nagralaog sa mga orig. Duminaralagan an mga orig pasiring sa ampas, nagralampaw sa danaw asin nagkaralamos.","At nakiusap kay Jesus ang lahat ng mga tao sa palibot ng lupain ng mga Gadareno na umalis na siya sa kanila, sapagkat sila'y lubhang natakot. Siya'y sumakay sa bangka at bumalik."
"Kan mahiling ini kan mga paraataman kan mga orig, nagdurulag sinda asin an nangyari ipinamareta ninda sa banwa saka sa mga baryo.","Subalit ang taong nilisan ng mga demonyo ay nakiusap na siya'y makasama niya. Subalit siya'y pinaalis niya, na sinasabi,"
"Nagduruman an mga tawo sa paghiling kan nangyari. Nagdolok sinda ki Jesus asin nahiling ninda an lalaking dating may demonyo na nakatukaw sa pamitisan ni Jesus, nakagubing na, saka toltol na an isip. Natakot sinda gabos.",“Bumalik ka sa iyong bahay at isalaysay mo ang lahat ng mga ginawa ng Diyos para sa iyo.” At siya'y umalis na ipinahahayag sa buong lunsod ang lahat ng mga ginawa ni Jesus sa kanya.
An mga nakahiling kaini nag-osip sa mga tawo kun paanong naomayan an lalaking may mga demonyo.,"At nang bumalik si Jesus, masaya siyang tinanggap ng maraming tao, sapagkat silang lahat ay naghihintay sa kanya."
"Kaya pinakiolayan si Jesus kan mga taga Gadara na maghale siya duman, huli ta natakot sinda nin makuri; kaya nagbalik si Jesus sa sakayan. Kan mahale na si Jesus,","At noon ay dumating ang isang lalaking ang pangalan ay Jairo, na isang pinuno sa sinagoga. At pagluhod niya sa paanan ni Jesus, siya ay nakiusap sa kanya na pumunta sa kanyang bahay,"
an tawong linuwasan kan mga demonyo nakimaherak saiya na tugotan siyang mag-iba saiya.,"sapagkat siya'y mayroong kaisa-isang anak na babae, mga labindalawang taong gulang, at ito'y naghihingalo. Sa kanyang pagpunta, siniksik siya ng maraming tao."
"Alagad isinubol siya ni Jesus saka sinabihan,","May isang babae na labindalawang taon nang dinudugo, at di mapagaling ng sinuman,"
“Magpuli ka saindo; ibalangibog mo kun ano an ginibo nin Dios saimo.”,"na lumapit sa kanyang likuran, hinawakan ang laylayan ng kanyang damit, at agad na tumigil ang kanyang pagdurugo."
"Pakahale kan lalaki, ipinamareta niya sa bilog na banwaan an ginibo saiya ni Jesus.","Sinabi ni Jesus, “Sino ang humawak sa akin?” Nang tumatanggi ang lahat, sinabi ni Pedro, “Guro, pinapalibutan ka at sinisiksik ng napakaraming tao.”"
"Pagbalik ni Jesus sa ibong kan danaw, maogmang inako siya kan mga tawo, huli ta sinda gabos nagpaparahalat na saiya.","Subalit sinabi ni Jesus, “May humawak sa akin, sapagkat alam ko na may kapangyarihang umalis sa akin.”"
"Dangan nag-abot an sarong tawo na an ngaran Jairo na sarong opisyal kan sinagoga. Nagdapa siya sa pamitisan ni Jesus asin nakimaherak na magduman sa harong niya,","At nang makita ng babae na siya'y hindi natatago, nangangatal siyang lumapit at nagpatirapa sa harapan niya. Kanyang sinabi sa harapan ng mga tao kung bakit niya hinawakan si Jesus at kung paanong siya ay kaagad gumaling."
"huli ta naghihingagdan an bugtong niyang aki, sarong babae na doseng taon an edad.","At sinabi niya sa kanya, “Anak, pinagaling ka ng iyong pananampalataya, humayo kang payapa.”"
"Kan pasiring na si Jesus sa harong ni Jairo, nagsurusoan an mga tawo sa palibot niya.","Habang nagsasalita pa siya, may isang dumating na mula sa bahay ng pinuno ng sinagoga na nagsasabi, “Patay na ang anak mong babae; huwag mo nang abalahin pa ang Guro.”"
Kaiba sa mga nagsusurosoan an sarong babae na doseng taon nang pinag-aawasan nin dugo. (Naubos na an gabos niyang pagsadiri sa mga doktor alagad dai nin nakakabolong saiya.),"Subalit nang marinig ito ni Jesus ay sumagot sa kanya, “Huwag kang matakot. Sumampalataya ka lamang at siya'y gagaling.”"
Nakarani siya sa likodan ni Jesus asin dinutaan niya an gayad kan gubing ni Jesus; napungpong tolos an pag-awas kan dugo.,"Nang dumating siya sa bahay, hindi niya ipinahintulot na pumasok na kasama niya ang sinuman, maliban kina Pedro, Juan, Santiago, at ang ama at ina ng bata."
"Naghapot si Jesus, “Siisay an nagduta sako?”","Umiiyak ang lahat at tinatangisan siya. Subalit sinabi ni Jesus, “Huwag kayong umiyak, sapagkat siya'y hindi patay, kundi natutulog.”"
"Daing nagtuga ni saro, kaya nagsabi si Pedro, “Kagurangnan, kadakul baga kan mga tawong nagsusurosoan sa palibot mo.”","At kanilang pinagtawanan siya, dahil ang alam nila'y patay na ang bata."
"Alagad nagsabi si Jesus, “May nagduta sako, huli ta namatean kong may kapangyarihan na nagluwas sako.”","Subalit paghawak niya sa kanyang kamay, siya'y tumawag at sinabi, “Bata, bumangon ka.”"
"Nahiling kan babae na naaraman an ginibo niya, kaya pinagtatakigan siyang nagdolok asin nagdapa sa pamitisan ni Jesus. Sinabi niya ki Jesus sa atubangan kan gabos kun tadaw ta dinutaan niya siya dangan kun paanong naomayan tolos siya.",Bumalik ang kanyang espiritu at bumangon siya kaagad. Ipinag-utos ni Jesus na bigyan ng makakain ang bata.
"Sinabihan siya ni Jesus, “Aki ko, an saimong pagtubod iyo an nagpaomay saimo. Lakaw sa katoninongan.”","At namangha ang kanyang mga magulang, subalit ipinagbilin ni Jesus sa kanila na huwag sabihin kaninuman ang nangyari."
Tinipon ni Jesus an doseng disipulo dangan tinawan nin kapangyarihan asin awtoridad sa pagpaluwas kan gabos na demonyo saka sa pagbolong kan mga naghehelang.,"Pagkatapos ay tinipon ni Jesus ang labindalawa, at binigyan sila ng kapangyarihan at awtoridad sa lahat ng mga demonyo at magpagaling ng mga sakit."
Dangan sinugo niya sinda na maghulit kan Kahadean nin Dios asin magpaomay kan mga naghehelang.,Sila'y sinugo niya upang ipangaral ang kaharian ng Diyos at upang magpagaling ng mga may sakit.
"Tinugon niya sinda, “Sa paglakaw nindo, dai kamo magdara nin sugkod, bag, pagkakan, kwarta o sanglean.","At sinabi niya sa kanila, “Huwag kayong magdala ng kahit ano sa inyong paglalakbay, kahit tungkod man, o supot, o tinapay, o salapi, at huwag ding magkaroon ng dalawang tunika."
"Saen man na harong kamo akoon, duman kamo mag-ontok sagkod na maghale kamo sa lugar na iyan.","Sa alinmang bahay kayo pumasok, doon kayo tumigil, at buhat doo'y umalis kayo."
"Kun dai kamo akoon sa sarong banwaan, maghale kamo; pagpagon nindo an alpog sa saindong mga bitis bilang patanid sainda.”","Saanman kayo hindi tanggapin, sa pag-alis ninyo sa bayang iyon ay ipagpag ninyo ang alikabok sa inyong mga paa, bilang patotoo laban sa kanila.”"
"Naghale an mga disipulo asin nagduman sa mga baryo, naghuhulit kan Marahay na Bareta, saka nagbobolong kan mga naghehelang sa gabos na lugar.",At sila'y umalis at nagtungo sa lahat ng mga nayon na ipinangangaral ang magandang balita at nagpapagaling ng mga sakit sa lahat ng lugar.
"Naaraman ni Herodes na kagsakop kan Galilea an gabos na ginibo ni Jesus, alagad dai niya aram kun arin an totoo, huli ta may nagsasabing nabuhay liwat si Juan Bautista.","Nabalitaan noon ni Herodes na tetrarka ang lahat nang nangyari at siya'y naguluhan, sapagkat sinasabi ng ilan na si Juan ay muling binuhay mula sa mga patay,"
Igwa man na nagsasabi na nagpahiling si Propeta Elias. An iba nagsasabi na si Jesus saro daa sa mga propeta kaidto pang panahon na nabuhay liwat.,"at ng ilan na si Elias ay nagpakita, at ng mga iba, na isa sa mga propeta noong unang panahon ay bumangon."
"Alagad nagsabi si Herodes, “Ako an nagpapugot ki Juan; kaya siisay an tawong ini? Kadakul kan nadadangog ko dapit saiya!” Poon kaidto naghingowa si Herodes na mahiling si Jesus.","Sinabi ni Herodes, “Si Juan ay pinugutan ko ng ulo, subalit sino ang taong ito na marami akong naririnig tungkol sa kanya na gayong mga bagay?” At pinagsikapan niyang makita si Jesus."
"Pagbalik kan doseng disipulo ki Jesus, sinabi ninda saiya an gabos na ginibo ninda. Ipinag-iba niya sinda sa sarong banwa na an ngaran Betsaida.","Sa kanilang pagbabalik, ibinalita ng mga apostol kay Jesus ang mga bagay na kanilang ginawa. Kanyang isinama sila at palihim na nagtungo sa isang bayan na tinatawag na Bethsaida."
"Alagad kan maaraman ini kan mga tawo, nagsunod sinda ki Jesus. Maogma niyang inako sinda asin tinukdoan dapit kan Kahadean nin Dios saka binolong man niya an mga naghehelang.","Subalit nang malaman ito ng napakaraming tao, sila ay sumunod sa kanya. Sila'y masaya niyang tinanggap at nagsalita sa kanila tungkol sa kaharian ng Diyos at pinagaling niya ang mga nangangailangan ng pagpapagaling."
"Kan nagsosolnop na an aldaw, sinabihan siya kan Dose, “Subolan na an mga tawo tanganing maghanap nin masasakatan asin nin makakakan sa haraning mga baryo o banwa huli ta uya kita sa lugar na harayo.”","Nang patapos na ang araw na iyon, lumapit ang labindalawa at sinabi sa kanya, “Paalisin mo ang mga tao upang sila'y makapunta sa mga nayon at sa mga lupaing nasa palibot at makahanap ng matutuluyan at makakain, sapagkat tayo'y narito sa isang ilang na dako.”"
"Alagad sinabihan sinda ni Jesus, “Tawe nindo sinda nin makakakan.”","Subalit sinabi niya sa kanila, “Bigyan ninyo sila ng makakain.” At sinabi nila, “Mayroon tayong hindi hihigit sa limang tinapay at dalawang isda, malibang kami'y umalis at bumili ng pagkain para sa lahat ng mga taong ito.”"
"Alagad nagsabi sinda, “Igwa sana kita nin limang tinapay asin duwang sira, pwera sana kun magbakal kami nin kakanon para sa gabos na tawong ini.”","Sapagkat mayroon doong halos limang libong lalaki at sinabi niya sa kanyang mga alagad, “Paupuin ninyo sila ng pangkat-pangkat na may tiglilimampu bawat isa.”"
Mga limang ribong lalaki an yaon duman.,Ginawa nila iyon at pinaupo silang lahat.
"Sinabihan ni Jesus an saiyang mga disipulo, “Patukawa nindo sindang grupo-grupo, tigsisingkwenta lambang grupo.”","At pagkakuha niya sa limang tinapay at sa dalawang isda, tumingala siya sa langit, pinagpala, at pinagputul-putol ang mga ito. Ibinigay niya ang mga ito sa mga alagad upang ihain sa napakaraming tao."
Pinatukaw kan mga disipulo an mga tawo.,"Silang lahat ay kumain at nabusog at pinulot nila ang lahat ng natira, labindalawang kaing ng mga pinagputul-putol."
Kinua ni Jesus an limang tinapay saka an duwang sira. Nagtingkalag siya sa langit asin nagpasalamat. Dangan binaak niya idto saka itinao sa mga disipulo tanganing ipanao sa mga tawo.,"Minsan, nang si Jesus ay nananalanging mag-isa, ang mga alagad ay kasama niya at tinanong niya sila, “Ano ang sinasabi ng karamihan kung sino ako?”"
"Nagkarakan an gabos sagkod na nagkabarasog. Pakatapos, tinipon kan mga disipulo an mga natada asin doseng basket an napano.","Sila'y sumagot, “Si Juan na Tagapagbautismo; subalit sinasabi ng iba, si Elias; at ng iba, na isa sa mga propeta noong unang panahon ay muling nabuhay.”"
"Sarong aldaw, solong namimibi si Jesus kan magdolok saiya an mga disipulo. Hinapot niya sinda, “Ano an sabi kan mga tawo, siisay daa ako?”","At sinabi niya sa kanila, “Subalit ano ang sinasabi ninyo kung sino ako?” At sumagot si Pedro, “Ang Cristo ng Diyos.”"
"Nagsimbag sinda, “An iba nagsasabing ika si Juan Bautista; an iba nagsasabing ika si Elias; alagad may nagsasabi man na saro ka sa mga propeta kan enot na panahon na nabuhay liwat.”","Subalit kanyang ipinagbilin at ipinag-utos sa kanila na huwag itong sabihin kahit kanino,"
"Hinapot sinda ni Jesus, “Para saindo, siisay ako?”","na sinasabi, “Ang Anak ng Tao ay kailangang magdusa ng maraming bagay at itakuwil ng matatanda at ng mga punong pari at mga eskriba, at patayin, at sa ikatlong araw ay muling bubuhayin.”"
"Nagsimbag si Pedro, “Ika an Cristo na panuga nin Dios.”","At sinabi niya sa lahat, “Kung ang sinuman ay nagnanais sumunod sa akin, tanggihan niya ang kanyang sarili at magpasan ng kanyang krus araw-araw at sumunod sa akin."
Alagad pinabotan nanggad ni Jesus an mga disipulo na dai ipanabi sa kiisay man an bagay na ini.,"Sapagkat ang sinumang nagnanais na iligtas ang kanyang buhay ay mawawalan nito, subalit sinumang mawalan ng kanyang buhay dahil sa akin ay maililigtas niya ito."
"Nagsabi pa siya, “An Aki nin Tawo kaipuhan mag-agi nin makuring pagsakit. Isisikwal siya kan mga kamagurangan, kan mga poon na padi, asin kan mga paratukdo kan Katogonan. Gagadanon siya alagad mabubuhay liwat sa ikatolong aldaw.”","Sapagkat ano ang mapapakinabang ng tao, kung makamit niya ang buong sanlibutan, ngunit mawawala o mapapahamak naman ang kanyang sarili?"
"Dangan sinabihan niya an gabos, “An siisay man na boot magsunod sako, kaipuhan lingawan niya an sadiri niyang buhay, magpasan kan saiyang krus aroaldaw asin magsunod sako.","Sapagkat ang sinumang ikahiya ako at ang aking mga salita ay ikahihiya siya ng Anak ng Tao, pagdating niya na nasa kanyang kaluwalhatian, at sa kaluwalhatian ng Ama, at ng mga banal na anghel."
"Huli ta an siisay man na namomoot magligtas kan saiyang buhay, mawawaraan kaiyan; alagad an siisay man na mawaran kan saiyang buhay dahel sako, magkakamit kaiyan.","Subalit tunay na sinasabi ko sa inyo, may ilan sa nakatayo rito na hindi makakalasap ng kamatayan, hanggang sa makita nila ang kaharian ng Diyos.”"
"Ano an papakinabangon nin sarong tawo kun makamtan man niya an bilog na kinaban, alagad mawara an saiyang buhay?","At pagkaraan ng mga walong araw pagkatapos ng mga salitang ito, isinama ni Jesus sina Pedro, Juan, at Santiago, at umahon sa bundok upang manalangin."
"An siisay man na ikasopog ako asin an mga katukdoan ko, ikakasopog man kan Aki nin Tawo pagdatong niya sa saiyang kamurawayan asin sa kamurawayan nin Ama patin kan mga banal na anghel.","Samantalang siya'y nananalangin, ang anyo ng kanyang mukha ay nagbago at ang kanyang damit ay naging nakasisilaw na puti."
"Alagad sa katotoohan sinasabihan ko kamo, igwa nin nagkapira digdi na dai magagadan sagkod na dai ninda mahiling an Kahadean nin Dios.”","At biglang may dalawang lalaking nakikipag-usap sa kanya, sina Moises at Elias,"
"Pakalihis nin mga walong aldaw pakasabi ni Jesus kan mga bagay na ini, ipinag-iba niya si Pedro, si Juan asin si Santiago pasiring sa sarong bukid tanganing mamibi.",na nagpakita sa kaluwalhatian at nag-usap tungkol sa pagpanaw niya na malapit na niyang isakatuparan sa Jerusalem.
"Mantang namimibi siya, naliwat an saiyang lalawogon asin nagin nakakasulang puti an gubing niya.","Si Pedro at ang kanyang mga kasamahan ay nakatulog nang mahimbing, subalit nang sila'y nagising ay nakita nila ang kanyang kaluwalhatian at ang dalawang lalaking nakatayong kasama niya."
"Dangan biglang nagtunga an duwang lalaki na nakipag-olay saiya: si Moises asin si Elias,","At samantalang sila'y papalayo sa kanya, sinabi ni Pedro kay Jesus, “Panginoon, mabuti na tayo'y dumito. Gumawa tayo ng tatlong tolda, isa sa iyo, isa kay Moises, at isa kay Elias,” na hindi nalalaman ang kanyang sinabi."
na nagpahiling sa langitnon na kamurawayan. Pinag-orolayan ninda an nagdadangadang na kagadanan ni Jesus na mangyayari sa Jerusalem.,"Samantalang sinasabi niya ang mga bagay na ito, dumating ang isang ulap, at sila'y nililiman. Sila'y natakot nang sila'y pumasok sa ulap."
"Maski grabe an tungka ni Pedro saka kan mga kairiba niya, pinirit nindang dai magkatorog, kaya nahiling ninda an kamurawayan ni Jesus asin an duwang lalaking kaiba niya.","At may tinig na nanggaling sa ulap na nagsasabi, “Ito ang aking Anak, ang aking Pinili, makinig kayo sa kanya!”"
"Kan naghahale na an mga lalaki, nagsabi si Pedro ki Jesus, “Kagurangnan, marahay na uya kita digdi. Tugote kaming maggibo nin tolong payag, saro para saimo, saro para ki Moises, asin saro para ki Elias.” (Alagad dai niya aram an saiyang sinasabi.)","Pagkatapos magsalita ng tinig, si Jesus ay natagpuang nag-iisa. At sila'y nanatiling tahimik at hindi sinabi kanino man ng mga araw na iyon ang alinman sa mga bagay na kanilang nakita."
Nagtataram pa siya kan lindongan sinda nin panganoron. Natakot an mga disipulo kan tahoban sinda kaini.,"Nang sumunod na araw, pagbaba nila mula sa bundok ay sinalubong siya ng napakaraming tao."
"Dangan may tingog hale sa panganoron na nagsabi, “Iyo ini an sakong Aki, an pinili ko; dangoga nindo siya!”","At may isang lalaki mula sa maraming tao ang sumigaw, “Guro, nakikiusap ako sa iyo na tingnan mo ang aking anak na lalaki, sapagkat siya'y aking kaisa-isang anak."
"Pag-ontok kan tingog, nahiling nindang solo na sana si Jesus. Dai ninda ipinangosip sa kiisay man kan mga aldaw na idto an nahiling ninda.","Walang anu-ano'y inaalihan siya ng isang espiritu at biglang nagsisigaw. Siya'y pinangingisay nito hanggang sa bumula ang kanyang bibig, at siya'y binubugbog, at halos ayaw siyang hiwalayan."
"Sunod na aldaw, pakalugsot ninda hale sa bulod, sinabat si Jesus kan kadakul na tawo.",Hiniling ko sa iyong mga alagad na palayasin ito subalit hindi nila kaya.”
"Sarong lalaki sa kadaklan an nagkurahaw, “Maestro! Nakikimaherak ako, hilinga man an aki kong lalaki—an bugtong kong aki!","Sumagot si Jesus, “O lahing walang pananampalataya at napakasama, hanggang kailan ako makikisama sa inyo at magtitiis sa inyo? Dalhin mo rito ang iyong anak.”"
"Pinupugol siya nin maraot na espiritu asin bigla sana siyang minakurahaw; pinapakimig-kimig siya sagkod na magsubo an ngoso niya. Danay siyang kinukulogan kaiyan, asin habo na siyang bayaan!","Samantalang siya'y lumalapit ay itinumba siya ng demonyo, at pinapangisay. Subalit sinaway ni Jesus ang karumaldumal na espiritu, pinagaling ang bata, at isinauli siya sa kanyang ama."
"Nakimaherak ako sa saimong mga disipulo na paluwason an maraot na espiritu, alagad dai ninda napaluwas.”","Ang lahat ay namangha sa kadakilaan ng Diyos. Subalit habang ang lahat ay namamangha sa lahat ng kanyang ginagawa ay sinabi niya sa kanyang mga alagad,"
"Nagsimbag si Jesus, “Mga tawong mayong pagtubod asin masombikal! Sagkod nuarin ako kaiba-iba nindo? Sagkod nuarin ko kamo pagtitioson!” Dangan sinabihan niya an lalaki, “Daraha digdi an aki mo.”","“Hayaang ang mga salitang ito ay pumasok sa inyong mga tainga, sapagkat ang Anak ng Tao ay ibibigay sa mga kamay ng mga tao.”"
"Kan nagdodolok na an aki ki Jesus, ilinampog siya kan demonyo sa daga saka pinakimig-kimig. Tinuyaw ni Jesus an maraot na espiritu, binolong an aki saka ibinalik sa saiyang ama.","Subalit hindi nila naunawaan ang pananalitang ito at ito'y inilihim sa kanila, upang ito'y hindi nila mabatid. At natakot silang magtanong sa kanya tungkol sa salitang ito."
Napangalas an gabos na tawo sa kapangyarihan nin Dios.,Nagkaroon ng isang pagtatalo sa kanila kung sino sa kanila ang pinakadakila.
"Napapangalas pa an mga tawo kan gabos na ginibo ni Jesus kan magsabi siya sa saiyang mga disipulo,","Subalit dahil batid ni Jesus ang iniisip ng kanilang puso, kumuha siya ng isang maliit na bata at inilagay sa kanyang tabi."
“Sabota nindo an mga tataramon na ini: itatao sa kamot nin mga tawo an Aki nin Tawo.”,"At sinabi sa kanila, “Sinumang tumanggap sa maliit na batang ito sa aking pangalan ay tinatanggap ako, at ang sinumang tumanggap sa akin, ay tinatanggap ang nagsugo sa akin, sapagkat ang pinakahamak sa inyong lahat ay siyang dakila.”"
Alagad dai ninda nasabotan an kahulogan kaini. Dai ini ipinaliwanag sainda tanganing dai ninda masabotan. Takot man sindang maghapot saiya kun ano an kahulogan kan sinabi niya.,"Sumagot si Juan, “Panginoon, may nakita kaming nagpapalayas ng mga demonyo sa pangalan mo at aming pinagbawalan siya, sapagkat hindi siya sumusunod na kasama namin.”"
Nagpasuruhay an mga disipulo kun siisay sainda an pinakadakula.,"Subalit sinabi sa kanya ni Jesus, “Huwag ninyo siyang pagbawalan, sapagkat ang hindi laban sa inyo ay kapanalig ninyo.”"
"Aram ni Jesus an pinag-iisip ninda, kaya kinabit niya an sarong aking sadit, pinatindog sa kataed niya,","Nang malapit na ang mga araw upang siya'y tanggapin sa itaas, itinutok niya ang kanyang sarili sa pagpunta sa Jerusalem."
"saka nagsabi sainda, “An siisay man na minaako sa aking ini sa ngaran ko, minaako sako; an siisay man na minaako sako, minaako sa nagsugo sako. Huli ta an pinakasadit saindo, iyo an pinakadakula.”",Nagpadala siya ng mga sugo na una sa kanya. Humayo sila at pumasok sa isang nayon ng mga Samaritano upang maghanda para sa kanya.
"Nagsabi si Juan, “Kagurangnan, nakahiling kami nin lalaki na nagpaluwas nin mga demonyo sa ngaran mo. Sinaway mi siya huli ta bako siya sa pag-iriba ta.”","Subalit hindi nila tinanggap siya, sapagkat siya ay nakatutok sa Jerusalem."
"Sinabihan ni Jesus si Juan asin an ibang mga disipulo, “Dai nindo siya pagsawayon, huli ta an bakong tumang saindo, kampi saindo.”","At nang makita ito nina Santiago at Juan na kanyang mga alagad ay sinabi nila, “Panginoon, ibig mo bang kami ay magpababa ng apoy mula sa langit upang sila'y tupukin?”"
"Kan madali na an panahon nin pagsakat ki Jesus sa langit, nag-isip siyang magduman sa Jerusalem.",Subalit humarap siya at sila'y sinaway. At sila'y pumunta sa ibang nayon.
May mga sinugo siya na mag-enot saiya duman sa sarong baryo sa Samaria nganing andamon an gabos para saiya.,"Habang naglalakad sila sa daan ay may nagsabi sa kanya, “Ako'y susunod sa iyo saan ka man magpunta.”"
Alagad habo siyang akoon duman kan mga tawo huli ta maduman siya sa Jerusalem.,"At sinabi sa kanya ni Jesus, “Ang mga asong-gubat ay may mga lungga at ang mga ibon sa himpapawid ay may mga pugad, subalit ang Anak ng Tao ay walang mapaghiligan man lamang ng kanyang ulo.”"
"Kan maaraman ini kan saiyang mga disipulo na si Santiago asin si Juan, nagsabi sinda, “Kagurangnan, boot mong maghagad kami nin kalayo na maghulog hale sa langit tanganing tunawon sinda arog kan ginibo ni Propeta Elias?”","Sinabi niya sa iba, “Sumunod ka sa akin.” Subalit siya'y sumagot, “Panginoon, hayaan mo muna akong umalis at ilibing ko ang aking ama.”"
"Alagad inatubang sinda ni Jesus saka tinuyaw. (“Dai nindo aram kun sa anong espiritu kamo,” an sabi niya, “huli ta an Aki nin Tawo dai nagdigdi sa paglaglag kan buhay nin mga tawo kundi sa pagligtas sainda.”)","Subalit sinabi ni Jesus sa kanya, “Hayaan mong ilibing ng mga patay ang kanilang sariling patay. Subalit para sa iyo, humayo ka at ipahayag mo ang kaharian ng Diyos.”"
Dangan nagdagos sinda sa ibang baryo.,"At sinabi naman ng isa pa, “Ako'y susunod sa iyo, Panginoon, subalit hayaan mo muna akong magpaalam sa mga nasa bahay ko.”"
"Kan sinda naglalakaw, may sarong lalaking nagsabi ki Jesus, “Masunod ako saimo saen ka man magduman.”","Subalit sinabi sa kanya ni Jesus, “Walang sinumang humahawak sa araro at tumitingin sa mga nasa likuran ang karapat-dapat sa kaharian ng Diyos.”"
"Pakatapos kaini, nagpili pa an Kagurangnan nin setenta y dos na lalaki. Sinugo niya sindang manduwa-duwa na mangenot saiya sa mga banwa asin sa mga lugar na dudumanan niya.","Pagkatapos ng mga bagay na ito, ang Panginoon ay humirang ng pitumpu, at sila'y sinugong dala-dalawa, na una sa kanya sa bawat bayan at dako na kanyang pupuntahan."
"Sinabihan niya sinda, “Dakul an anihon, alagad dikit an paraani; kaya makimaherak kamo sa kagsadiri kan anihon na magsugo nin mga paraani sa saiyang anihon.","At sinabi niya sa kanila, “Totoong marami ang aanihin, subalit kakaunti ang mga manggagawa. Kaya't idalangin ninyo sa Panginoon ng pag-aani na magpadala siya ng mga manggagawa sa kanyang aanihin."
Lakaw kamo! Sinusugo ko kamo siring sa mga kordero sa tahaw nin mga lobo.,"Humayo kayo, sinusugo ko kayong gaya ng mga kordero sa gitna ng mga asong-gubat."
"Dai kamo magdara nin pitaka, bag o sandalyas; dai kamo magtaong galang sa kiisay man sa dalan.","Huwag kayong magdadala ng lalagyan ng salapi, o supot, o mga sandalyas, at huwag ninyong batiin ang sinuman sa daan."
"Paglaog nindo sa arin man na harong, magsabi ngona kamo, ‘An Katoninongan mapasa harong na ini.’","Sa alinmang bahay kayo pumasok, sabihin muna ninyo, ‘Kapayapaan nawa sa bahay na ito.’"
"Kun an nag-eerok diyan mamomoton sa katoninongan, magdadanay saiya an katoninongan; kun bako, mabalik iyan saindo.","At kung doon ay may anak ng kapayapaan, ang inyong kapayapaan ay mananatili sa kanya. Subalit kung wala, ito ay babalik sa inyo."
"Diyan kamo mag-erok sa harong na iyan; magkakan kamo saka mag-inom kan anoman na itao saindo, huli ta an trabahador maninigong bayadan. Dai kamo magburubalyo sa manlaen-laen na harong.","At manatili kayo sa bahay ring iyon. Kainin at inumin ninyo ang anumang ihain nila, sapagkat ang manggagawa ay karapat-dapat sa kanyang sahod. Huwag kayong magpalipat-lipat ng bahay."
"Paglaog nindo sa arin man na banwaan na mag-ako saindo, kakanon nindo an anoman na itao saindo.",At sa alinmang bayan kayo pumasok at kayo'y kanilang tanggapin ay kainin ninyo ang anumang inihahain sa inyo.
"Bolongon nindo an mga naghehelang sa banwaan na iyan asin sabihan nindo sinda, ‘Harani na saindo an Kahadean nin Dios.’","Pagalingin ninyo ang mga maysakit na naroroon at sabihin ninyo sa kanila, ‘Ang kaharian ng Diyos ay lumapit na sa inyo.’"
"Alagad kun maglaog kamo sa arin man na banwaan asin dai kamo akoon, maglakaw kamo sa mga kalye saka magsabi kamo,","Subalit sa alinmang bayan kayo pumasok at hindi kayo tanggapin, lumabas kayo sa mga lansangan nito at inyong sabihin,"
"‘Maski an alpog digdi sa saindong banwaan na nakadukot sa samong mga bitis, pinapagpag mi bilang patanid saindo. Alagad saboton nindo ini: harani na an Kahadean nin Dios!’","‘Maging ang alikabok ng inyong bayan na kumakapit sa aming paa ay ipinapagpag namin laban sa inyo; subalit alamin ninyo ito, ang kaharian ng Diyos ay lumapit na sa inyo.’"
Sinasabihan ko kamo na sa Aldaw nin Paghukom mas magian an padusang itatao nin Dios sa Sodoma ki sa banwaan na iyan!,"Sinasabi ko sa inyo, higit pang mapagtitiisan sa araw na iyon ang Sodoma kaysa bayang iyon."
"“Herak man saimo, Corazin! Herak man saimo, Betsaida! Huli ta kun an mga milagrong ginibo diyan saindo ginibo sa Tiro saka sa Sidon, haloy na kutanang nagsulot nin sako asin nagtukaw sa abo an mga tawo duman sa pagpahiling na sinda nagbakle!","“Kahabag-habag ka Corazin! Kahabag-habag ka, Bethsaida! Sapagkat kung ang mga makapangyarihang gawa na ginawa sa inyo ay ginawa sa Tiro at Sidon, matagal na sana silang nagsisi, na nakaupong may damit-sako at abo."
Kaya sa Aldaw nin Paghukom mas magian an padusang itatao sa mga taga Tiro asin Sidon ki sa saindo.,Subalit higit na mapagtitiisan pa sa paghuhukom ang Tiro at Sidon kaysa inyo.
"Asin ika, Capernaum, boot mong iitaas sagkod sa langit? Ihuhulog ka sa impyerno!”","At ikaw, Capernaum, itataas ka ba hanggang sa langit? Ikaw ay ibababa sa Hades."
"Dangan nagsabi si Jesus sa saiyang mga disipulo, “An naghihinanyog saindo, naghihinanyog sako; an minasikwal saindo, minasikwal sako; an minasikwal sako, minasikwal sa nagsugo sako.”","“Ang nakikinig sa inyo ay sa akin nakikinig, at ang nagtatakuwil sa inyo ay ako ang itinatakuwil, at ang nagtatakuwil sa akin ay itinatakuwil ang nagsugo sa akin.”"
"Maogmang nagbalik an setenta y dos asin nagsabi, “Kagurangnan, dawa an mga demonyo nagkuyog samo kan pagbotan mi sinda sa ngaran mo!”","Bumalik ang pitumpu na may kagalakan na nagsabi, “Panginoon, maging ang mga demonyo ay nagpapasakop sa amin sa iyong pangalan!”"
"Sinabihan sinda ni Jesus, “Nahiling ko si Satanas na nahulog na garo kikilat hale sa langit.","At sinabi niya sa kanila, “Nakita ko si Satanas na nahulog na gaya ng kidlat mula sa langit."
"Tinawan ko kamo nin kapangyarihan sa pagbatay sa mga halas saka sa mga uyang asin sa pagdaog kan gabos na kaiwal, kaya dai kamo maaano.","Tingnan ninyo, binigyan ko kayo ng awtoridad na tapakan ang mga ahas at mga alakdan, at sa ibabaw ng lahat ng kapangyarihan ng kaaway; at walang makakapanakit sa inyo."
Alagad mag-ogma kamo bakong huli ta nagkukuyog saindo an mga maraot na espiritu kundi huli ta nasusurat sa langit an saindong mga ngaran.”,"Gayunman, huwag ninyong ikagalak ito, na ang mga espiritu ay nagpapasakop sa inyo, kundi inyong ikagalak na ang inyong mga pangalan ay nakasulat sa langit.”"
"Kan oras man sanang idto si Jesus napano nin kaogmahan kan Espiritu Santo dangan nagsabi, “Ama, Kagurangnan nin langit asin daga, nagpapasalamat ako saimo huli ta ipinahiling mo sa mga mangmang an mga bagay na tinago mo sa mga madonong saka sa mga may inadalan. Opo, Ama, huli ta ini an pinagmarahay mo.","Nang oras ding iyon, nagalak siya sa Espiritu Santo at sinabi, “Ako'y nagpapasalamat sa iyo, Ama, Panginoon ng langit at lupa, na iyong ikinubli ang mga bagay na ito sa mga marurunong at matatalino at ipinahayag mo ang mga ito sa mga sanggol. Oo, Ama, sapagkat gayon ang nakakalugod sa iyong harapan."
“Itinao sako kan sakong Ama an gabos na bagay. Mayong nakakamidbid sa Aki kundi an Ama sana; mayo man nin nakakamidbid sa Ama kundi an Aki sana asin an boot kan Aking makamidbid sa Ama.”,"Ang lahat ng mga bagay ay ibinigay na sa akin ng aking Ama. Walang nakakakilala sa Anak, maliban sa Ama, at kung sino ang Ama maliban sa Anak at kaninumang ninanais ng Anak na pagpahayagan niya.”"
"Dangan nag-atubang si Jesus sa saiyang mga disipulo asin sinabihan sinda na mayong ibang nakakadangog, “Paladan kamo ta nahihiling nindo an mga nahihiling nindo ngunyan!","At pagharap niya sa mga alagad ay palihim niyang sinabi, “Mapapalad ang mga matang nakakakita ng inyong nakikita."
"Huli ta sinasabihan ko kamo, na dakul na propeta asin mga hade an nagmawot na makahiling kan nahihiling nindo, alagad dai nakahiling kaiyan; nagmawot sindang makadangog kan nadadangog nindo alagad dai nakadangog kaiyan.”","Sapagkat sinasabi ko sa inyo, na maraming propeta at mga hari ang naghangad na makita ang inyong nakikita at hindi nila nakita, at marinig ang inyong naririnig at hindi nila narinig.”"
"Dangan sarong abogado an nagtindog nganing baloon si Jesus. Hinapot niya si Jesus, “Maestro, ano an dapat kong gibohon nganing makamtan ko an buhay na daing kataposan?”","At may isang dalubhasa sa kautusan ang tumindig upang si Jesus ay subukin na nagsasabi, “Guro, anong dapat kong gawin upang magmana ng buhay na walang hanggan?”"
"Sinimbag siya ni Jesus, “Ano an nasusurat sa Katogonan? Ano an pakasabot mo kaiyan?”","Sinabi niya sa kanya, “Ano ba ang nakasulat sa kautusan? Ano ang nabasa mo?”"
"Nagsimbag an lalaki, “Kamotan mo an Kagurangnan mong Dios sa bilog mong puso, sa bilog mong kalag, sa bilog mong kosog, asin sa bilog mong isip; kamotan mo man an saimong kapwa siring kan pagkamoot mo sa sadiri mo.”","At sumagot siya, “Ibigin mo ang Panginoon mong Diyos nang buong puso mo, nang buong kaluluwa mo, nang buong lakas mo, at nang buong pag-iisip mo, at ang iyong kapwa na gaya ng iyong sarili.”"
"“Tama an simbag mo,” an sabi ni Jesus. “Giboha iyan asin mabubuhay ka.”","At sinabi niya sa kanya, “Tumpak ang sagot mo, gawin mo ito at mabubuhay ka.”"
"Alagad, huli ta boot magpakamatanos an lalaki, hinapot niya giraray si Jesus, “Siisay an sakong kapwa?”","Subalit sa pagnanais niya na ipagmatuwid ang kanyang sarili ay sinabi kay Jesus, “At sino ang aking kapwa?”"
"Nagsimbag si Jesus, “Sarong lalaki an naglulugsot hale sa Jerusalem pasiring sa Jerico. Hinipaan siya nin mga parahabon, hinubaan saka kinulogan dangan binayaan na haros gadan.","Sumagot si Jesus, “May isang taong bumaba mula sa Jerusalem patungo sa Jerico at siya'y nahulog sa kamay ng mga tulisan, hinubaran siya ng mga ito at binugbog. Pagkatapos ay umalis sila at iniwan siyang halos patay."
"Natagbo na may nag-aging padi sa dalan na idto. Alagad kan mahiling niya an lalaki, liniklikan niya ini.","At nagkataong bumababa sa daang iyon ang isang pari. Nang kanyang makita ito, siya ay dumaan sa kabilang panig."
"Nag-agi man duman an sarong Levita. Kan mahiling niya an lalaki, nagpadagos sana siya sa paglakaw sa ibong na gilid kan dalan.","Gayundin ang isang Levita, nang dumating siya sa lugar na iyon at kanyang nakita ang taong iyon, siya ay dumaan sa kabilang panig."
"Alagad nag-agi duman an sarong Samaritano. Kan mahiling niya an lalaki, naherak siya nin marahay.","Subalit ang isang Samaritano, sa kanyang paglalakbay ay dumating sa kanyang kinaroroonan; at nang kanyang makita ang taong iyon, siya ay nahabag."
"Dinolok niya ini, an mga lugad hinugasan nin lana saka arak dangan binugkos. Pakatapos, ilinunad niya an lalaki sa hayop niyang pinaglulunadan saka dinara sa sarong harong na sakatan asin duman niya inataman.","Kanyang nilapitan siya at tinalian ang kanyang mga sugat pagkatapos buhusan ng langis at alak. Pagkatapos isakay sa kanyang sariling hayop, siya ay dinala sa bahay-panuluyan at inalagaan."
"Sunod na aldaw, kan mahale na an Samaritano, tinawan niya nin duwang denaryo an kagsadiri kan harong na sakatan saka sinabihan, ‘Atamana siya; pagbalik ko, babayadan taka kan anoman na magagasto mo.’”","Nang sumunod na araw, dumukot siya ng dalawang denario at ibinigay sa may-ari ng bahay-panuluyan at sinabi niya, ‘Alagaan mo siya, at sa anumang karagdagan mo pang gastusin ay babayaran kita sa aking pagbabalik.’"
"Dangan hinapot ni Jesus an abogado, “Sa paghona mo, siisay sa tolong ini an nakipagkapwa-tawo sa lalaking hinipaan kan mga parahabon?”","Ano sa palagay mo, alin sa tatlong ito, ang naging kapwa tao sa nahulog sa kamay ng mga tulisan?”"
"Nagsimbag an abogado, “Idtong naherak saiya.”","At sinabi niya, “Ang nagpakita ng habag sa kanya.” Sinabi sa kanya ni Jesus, “Humayo ka, at gayundin ang gawin mo.”"
"Sinabihan siya ni Jesus, “Kun siring, lakaw asin giboha an ginibo niya.”","Sa pagpapatuloy nila sa kanilang lakad, pumasok siya sa isang nayon. Isang babaing ang pangalan ay Marta ang tumanggap kay Jesus sa kanyang bahay."
"Si Jesus asin an saiyang mga disipulo nagpadagos sa paglakaw sagkod na nakaabot sinda sa sarong baryo. Sarong babae, na an ngaran Marta, an nagpadagos ki Jesus sa saiyang harong.",At siya'y may isang kapatid na tinatawag na Maria na naupo sa paanan ng Panginoon at nakinig sa kanyang salita.
Ini si Marta may tugang na babae na an ngaran Maria. Nagtukaw si Maria sa may pamitisan kan Kagurangnan dangan nagdangog kan saiyang katukdoan.,"Ngunit si Marta ay naaabala sa maraming paglilingkod. Siya'y lumapit sa kanya at sinabi, “Panginoon, wala bang anuman sa iyo na pinabayaan ako ng aking kapatid na maglingkod na mag-isa? Sabihin mo nga sa kanya na tulungan ako.”"
"Alagad si Marta nasibot sa paglingkod; kaya nagdolok siya ki Jesus asin nagsabi, “Kagurangnan, dai ka naheherak na pinapabayaan sana akong magtrabahong solo kan tugang ko? Pakisabihi man siyang tabangan ako.”","Subalit sumagot ang Panginoon at sinabi sa kanya, “Marta, Marta, nag-aalala ka at nababagabag tungkol sa maraming bagay;"
"Alagad sinimbag siya kan Kagurangnan, “Marta, Marta, nasisibot ka asin nahahadit dapit sa dakul na bagay,",subalit isang bagay ang kailangan. Pinili ni Maria ang mabuting bahagi na hindi kukunin sa kanya.”
"Sarong aldaw, namimibi si Jesus sa sarong lugar. Pakatapos niya, sinabihan siya kan saro kan saiyang mga disipulo, “Kagurangnan, tukdoe man kaming mamibi, arog ki Juan na nagtukdo sa saiyang mga disipulo.”","Siya'y nanalangin sa isang lugar at nang siya'y makatapos, sinabi ng isa sa kanyang mga alagad, “Panginoon, turuan mo kaming manalangin, gaya ni Juan na nagturo sa kanyang mga alagad.”"
"Sinabihan sinda ni Jesus, “Kun mamibi kamo, ini an sabihon nindo:","Sinabi niya sa kanila, “Kapag kayo'y nananalangin, inyong sabihin,"
"‘Ama,","‘Ama, sambahin nawa ang pangalan mo."
"sambahon an ngaran mo,",Dumating nawa ang kaharian mo.
dumatong logod an Kahadean mo.,Ibigay mo sa amin sa bawat araw ang aming pang-araw-araw na pagkain.
Itao mo samuya an samong kakanon sa aroaldaw.,"At ipatawad mo sa amin ang aming mga kasalanan,"
"Patawada kami kan samong mga kasalan,","sapagkat pinatatawad naman namin ang bawat nagkakautang sa amin,"
siring kan pagpatawad nyamo sa mga nagkasala samuya.,at huwag mo kaming dalhin sa tukso.’”
Hare kami pabayae na madaog nin sogot.’”,"Sinabi niya sa kanila, “Sino sa inyo ang mayroong kaibigan at kayo ay pumunta sa kanya nang hatinggabi at magsabi sa kanya, ‘Kaibigan, pahiramin mo ako ng tatlong tinapay;"
"Sinabihan pa niya sinda, “Halimbawa sarong matangang banggi nagduman ka sa saimong katood saka nagsabi ka saiya, ‘Katood, pasublia ako nin tolong tinapay.",sapagkat dumating ang isa kong kaibigan mula sa isang paglalakbay at wala akong maihain sa kanya.’
Nag-abot kaya an sakong katood na nasa pagbaklay asin mayo akong ipapakakan saiya.’,"At siyang nasa loob ay sasagot, ‘Huwag mo akong abalahin. Nakasara na ang pinto, nasa higaan na kami ng aking mga anak. Hindi ako makakabangon upang mabigyan ka ng anuman!’"
"Ini naman an simbag saimo kan katood mong nasa laog kan harong, ‘Dai mo ako pagribokan! Sarado na an pintoan asin nakahigda na kami kan mga aki ko. Dai ako makakabangon tanganing tawan ka kan kaipuhan mo.’","Sinasabi ko sa inyo, bagaman hindi siya bumangon at magbigay sa kanya ng anuman dahil siya ay kanyang kaibigan, ngunit dahil sa kanyang pamimilit siya'y babangon at ibibigay ang anumang kailanganin niya."
"Sinasabihan ko kamo, maski habo siyang magbangon nganing tawan ka kan hinahagad mo, mabangon na sana siya asin matao bakong huli ta magkatood kamo kundi huli sa kapipirit mo.","At sinasabi ko sa inyo, humingi kayo at kayo'y bibigyan; humanap kayo, at kayo'y makakakita; tumuktok kayo at kayo'y pagbubuksan."
Kaya sinasabihan ko kamo: maghagad kamo asin tatawan kamo; maghanap asin makukua nindo; tumuktok asin bubuksan kamo.,"Sapagkat ang bawat humihingi ay tumatanggap, at ang humahanap ay nakakatagpo, at ang tumutuktok ay pinagbubuksan."
"Huli ta an lambang naghahagad, maako; an naghahanap, makakakua; asin an nagtutuktok, binubuksan.","Mayroon ba sa inyong isang ama, na kung humingi ang kanyang anak ng isda ay ahas ang ibibigay sa halip na isda?"
Siisay na ama an matao nin halas sa saiyang aki kun sira an hinahagad kaini? (nin gapo kun tinapay an hinahagad?),"O kung siya'y humingi ng itlog, bibigyan kaya niya ng alakdan?"
O matao daw nin uyang kun sugok an hinahagad?,"Kung kayo nga na masasama ay marunong magbigay ng mabubuting kaloob sa inyong mga anak, gaano pa kaya ang inyong Ama sa langit na magbibigay ng Espiritu Santo sa mga humihingi sa kanya?”"
"Kun kamo nganing mga maraot, tataong magtao nin marahay na mga bagay sa saindong mga aki, an Ama pa daw nindong langitnon an dai magtao kan Espiritu Santo sa mga naghahagad saiya?”","At noon ay nagpalayas si Jesus ng isang demonyong pipi. Nang makalabas na ang demonyo, ang dating pipi ay nagsalita at namangha ang maraming tao."
"Nagpapaluwas si Jesus nin sarong polang demonyo sa sarong lalaki; pakaluwas kan demonyo, nakataram an lalaki. Nagngalas an mga tawo,","Subalit sinabi ng ilan sa kanila, “Nagpapalayas siya ng mga demonyo sa pamamagitan ni Beelzebul, na pinuno ng mga demonyo.”"
"alagad an nagkapira sainda nagsabi, “Nagpapaluwas siya nin mga demonyo sa kapangyarihan ni Beelzebul, na prinsipe kan mga demonyo.”",At ang iba naman upang siya ay subukin ay hinanapan siya ng isang tanda na mula sa langit.
"An iba, sa pagbalo saiya, naghagad saiya nin tanda hale sa langit.","Subalit dahil batid niya ang kanilang iniisip ay sinabi niya sa kanila, “Ang bawat kahariang nahahati laban sa kanyang sarili ay nawawasak at ang bahay na laban sa sarili ay nagigiba."
"Alagad aram ni Jesus an nasa isip ninda kaya sinabihan niya sinda, “Marurumpag an arin man na kahadean na nababanga; mawawasak an pamilya na dai nagkakaoroyon an mga kaayon.","At kung si Satanas ay nahahati rin laban sa kanyang sarili, paanong tatatag ang kanyang kaharian? Sapagkat sinasabi ninyong nagpapalayas ako ng mga demonyo sa pamamagitan ni Beelzebul."
"Kaya kun nababanga man si Satanas, paanong magdadanay an saiyang kahadean? Huli ta nagsasabi kamo na nagpapaluwas ako nin mga demonyo sa kapangyarihan ni Beelzebul.","At kung nagpapalayas ako ng mga demonyo sa pamamagitan ni Beelzebul, sa pamamagitan naman nino pinalalayas sila ng inyong mga anak? Kaya't sila ang inyong magiging mga hukom."
"Kun nagpapaluwas ako nin mga demonyo sa kapangyarihan ni Beelzebul, sa kiisay na kapangyarihan nagpapaluwas an saindong mga disipulo? Kaya sinda an nagpapatotoo na nasasala kamo!","Ngunit kung sa pamamagitan ng daliri ng Diyos ay nagpapalayas ako ng mga demonyo, dumating na nga sa inyo ang kaharian ng Diyos."
"Alagad kun nagpapaluwas ako nin mga demonyo sa kapangyarihan nin Dios, nagpapatotoo ini na nag-abot na an Kahadean nin Dios saindo.","Kapag ang isang taong malakas at nasasandatahang mabuti ay nagbabantay sa kanyang sariling palasyo, ang kanyang mga ari-arian ay ligtas."
"“Kun an sarong makosog na lalaki na sangkap kan gabos na armas, nagbabantay kan sadiri niyang harong, an saiyang mga sadiri dai maaano.","Subalit kung may dumating na mas malakas kaysa kanya at siya'y talunin, kukunin nito sa kanya ang lahat ng sandata na kanyang pinagtiwalaan at ipamimigay nito ang mga nasamsam niya."
"Alagad kun labanan siya nin sarong mas makosog ki sa saiya dangan madaog siya, kukuahon an gabos na armas na pinagsasarigan niya saka babarangaon an mga nasamsam.",Ang hindi panig sa akin ay laban sa akin at ang hindi ko kasamang nagtitipon ay nagkakalat.
"“An siisay man na bakong kampi sako, tumang sako; an dai sako nagtatabang magtipon, nagwawarak.","“Kapag ang masamang espiritu ay lumabas sa isang tao, gumagala ito sa mga lugar na walang tubig at humahanap ng mapapagpahingahan; at kapag hindi nakatagpo ay sinasabi nito, ‘Babalik ako sa bahay na aking pinanggalingan.’"
"“Kun minaluwas sa tawo an sarong maraot na espiritu, minaduman iyan sa mamarang mga lugar sa paghanap nin mapapahingaloan. Kun dai siyang nakukua, minasaboot siya nin siring, ‘Mabalik ako sa harong na pinaghalean ko.’",At pagdating nito ay natagpuan nitong nawalisan at maayos na.
"Pagbalik niya, maaabotan niya an harong na malinig asin husay.",Kaya't umaalis siya at nagsasama pa ng pitong espiritu na higit pang masasama kaysa kanya. Sila'y pumapasok at tumitira roon at ang huling kalagayan ng taong iyon ay masahol pa kaysa noong una.”
Dangan minaluwas siya giraray saka minaagda nin pito pang espiritu na mas maraot ki sa saiya; sinda gabos minaerok sa tawong iyan. Kaya nagigin mas maraot pa ki sa dati an kamugtakan kan tawong iyan.”,"Habang sinasabi niya ang mga bagay na ito, isang babaing mula sa maraming tao ang nagsalita sa malakas na tinig at sinabi sa kanya, “Mapalad ang sinapupunang sa iyo'y nagdala at ang mga dibdib na iyong sinusuhan.”"
"Mantang nagtataram si Jesus, sarong babae sa kadaklan an nagsabi saiya sa makosog na tingog, “Paladan an babaeng nangaki asin nagpasuso saimo!”","Subalit sinabi niya, “Sa halip, mapalad silang nakikinig sa salita ng Diyos at sinusunod ito.”"
"Alagad nagsimbag si Jesus, “Orog na paladan an mga nagdadangog kan tataramon nin Dios asin nag-ootob kaiyan!”","Nang dumarami ang nagkakatipong mga tao, nagsimula siyang magsalita, “Ang lahing ito'y isang masamang lahi. Ito'y humahanap ng isang tanda, subalit walang tanda na ibibigay dito maliban sa tanda ni Jonas."
"Mantang nagsusurosoan an mga tawo sa palibot ni Jesus, nagpadagos siya nin pagtaram, “An henerasyon na ini sarong maraot na henerasyon! Naghahagad sinda nin tanda, alagad mayong tanda na itatao sainda kundi an tanda ni Propeta Jonas.","Kung paanong si Jonas ay naging tanda sa mga taga-Ninive, gayundin ang Anak ng Tao sa lahing ito."
"Siring na si Jonas nagin tanda para sa mga taga Nineve, siring man an Aki nin Tawo magigin tanda para sa henerasyon na ini.","Ang reyna ng Timog ay babangon sa paghuhukom kasama ang mga tao ng lahing ito at kanyang hahatulan sila. Sapagkat siya'y dumating galing sa mga dulo ng daigdig upang makinig sa karunungan ni Solomon, at narito ang isang higit pang dakila kaysa kay Solomon."
"Sa Aldaw nin Paghukom matindog an Reyna kan Sheba asin ipapakondenar niya an henerasyon na ini, huli ta siya ngani naghale pa sa pinakaharayong poro kan kinaban tanganing madangog sana an kadonongan ni Solomon. Alagad uya digdi an mas dakula pa ki Solomon!","Ang mga tao sa Ninive ay babangon sa paghuhukom kasama ng lahing ito at ito'y kanilang hahatulan, sapagkat sila'y nagsisi sa pangangaral ni Jonas, at narito, ang isang higit pang dakila kaysa kay Jonas."
"Sa Aldaw nin Paghukom matindog an mga taga Nineve asin ipapakondenar an henerasyon na ini, huli ta sinda nagbakle kan maghulit sainda si Jonas. Alagad uya digdi an mas dakula pa ki Jonas!","Walang sinuman na pagkatapos magsindi ng ilawan ay inilalagay ito sa isang tagong lugar o sa ilalim ng takalan, kundi sa patungan ng ilaw upang makita ng mga pumapasok ang liwanag."
"“Mayo nin minapagkot nin ilawan dangan tinatago o tinatahoban, kundi ibinubugtak iyan sa talagang bugtakan tanganing an liwanag mahiling kan mga tawong minalaog.","Ang ilawan ng katawan ay ang iyong mata. Kung malusog ang iyong mata, ang buong katawan mo ay punô ng liwanag. Subalit kung ito'y hindi malusog, ang katawan mo ay punô ng kadiliman."
"An mga mata mo iyo an ilaw kan saimong hawak. Kun malinaw an mga mata mo, an bilog mong hawak pano nin kaliwanagan; alagad kun malabog an saimong mga mata, an hawak mo pano nin kadikloman.",Kaya't maging maingat kayo baka ang liwanag na nasa iyo ay kadiliman.
Kaya mag-ingat ka ta tibaad an liwanag na yaon saimo kadikloman.,"Kaya nga, kung ang buong katawan mo ay punô ng liwanag at walang bahaging madilim, ito'y mapupuno ng liwanag, gaya ng ilawang may liwanag na nagliliwanag sa iyo.”"
"Huli ta kun an bilog mong hawak pano nin liwanag asin mayo nin kabtang na madiklom, an bilog mong hawak magigin maliwanag siring na naiilawan ka kan liwanag nin ilaw.”","Samantalang siya'y nagsasalita, inanyayahan siya ng isang Fariseo na kumaing kasalo niya. Kaya't siya'y pumasok at naupo sa hapag-kainan."
"Pakataram ni Jesus, may sarong Fariseo na nag-alok saiya na magkakan sa harong niya, kaya nagduman siya.",Ang Fariseo ay nagtaka nang makita si Jesus na hindi muna naghugas bago kumain.
Nagngalas an Fariseo kan mahiling niya na dai naghanaw si Jesus bago magkakan.,"Sinabi sa kanya ng Panginoon, “Kayong mga Fariseo, nililinis ninyo ang labas ng tasa at ng pinggan, subalit sa loob kayo'y punô ng kasakiman at kasamaan."
"Kaya sinabihan siya kan Kagurangnan, “Kamong mga Fariseo, hinuhugasan nindo an luwas kan saindong tasa asin pinggan, alagad an puso nindo pano nin kadahasan saka karatan.","Kayong mga hangal, di ba ang gumawa ng labas ay siya ring gumawa ng loob?"
"Mga lolong! Dai nindo aram na an Dios na naggibo kan nasa luwas, iyo man an naggibo kan nasa laog?",Subalit ilimos ninyo ang mga bagay na nasa loob at ang lahat ng mga bagay ay magiging malinis para sa inyo.
"Kaya itao nindo sa mga dukha an mga nasa laog kan mga tasa saka mga plato nindo, asin an gabos magigin malinig para saindo.","Subalit kahabag-habag kayong mga Fariseo! Sapagkat nagbibigay kayo ng ikapu ng yerbabuena, ng ruda at ng bawat gulayin, ngunit pinababayaan ninyo ang katarungan at ang pag-ibig ng Diyos. Dapat lamang ninyong gawin ang mga ito, na hindi pinababayaan ang iba."
"“Herak man saindo, mga Fariseo! Nagtatao kamo nin himoloan para sa Dios maski kan mga tinanom na panrekado, siring kan pamyenta, anis patin iba pa, alagad pinapabayaan nindo an katanosan asin an pagkamoot nin Dios. Ini an dapat nindong gibohon, alagad dai man pagpabayaan an iba.","Kahabag-habag kayong mga Fariseo! Inyong iniibig ang upuang pandangal sa mga sinagoga, at ang mga pagpupugay sa mga pamilihan."
"“Herak man saindo, mga Fariseo! Boot nindong magtukaw sa mga piling tukawan sa mga sinagoga, asin pagtawan nin galang sa mga plasa.","Kahabag-habag kayo! Sapagkat kayo'y tulad sa mga libingang walang palatandaan, at di nalalaman ng mga tao na sila'y lumalakad sa ibabaw nito.”"
"Herak man saindo! Garo kamo mga lulubngan na mayong mga tanda, kaya binabatayan nin mga tawo na dai ninda aram.”","Isa sa mga dalubhasa sa kautusan ay sumagot sa kanya, “Guro, sa pagsasabi mo nito, pati kami ay iyong nilalait.”"
"Nagsabi an saro kan mga abogado kan Katogonan, “Maestro, sa itinaram mong iyan, pati kami sinosopog mo!”","Subalit sinabi niya, “Kahabag-habag din kayong mga dalubhasa sa kautusan! Sapagkat inyong ipinapapasan sa mga tao ang mga pasaning mahihirap dalhin, samantalang hindi man lamang hinahawakan ng isa sa inyong mga daliri ang mga pasanin."
"Nagsimbag si Jesus, “Herak man saindong mga abogado! Huli ta pinapagpasan nindo an mga tawo nin mga magabat na darahon, alagad kamo mismo habo man lamang maghiro nin muro sa pagtuwang.","Kahabag-habag kayo! Sapagkat inyong itinatayo ang mga libingan ng mga propeta, gayong sila'y pinatay ng inyong mga ninuno."
Herak man saindo! Huli ta minagibo kamo nin mga pantyon para sa mga propeta na ipinagadan kan saindong mga ginikanan.,"Kayo nga'y mga saksi at sumang-ayon sa mga gawa ng inyong mga ninuno, sapagkat pinatay nila ang mga propeta at itinayo ninyo ang kanilang mga libingan."
Kaya kamo man sana an nagpapatotoo na oyon kamo sa ginibo kan saindong mga ginikanan; huli ta ginadan ninda an mga propeta dangan kamo an naggibo kan saindang mga pantyon.,"Kaya't sinasabi rin ng Karunungan ng Diyos, ‘Magsusugo ako sa kanila ng mga propeta at mga apostol, at ang ilan sa kanila ay kanilang papatayin at uusigin,’"
"Huli kaini an Kadonongan nin Dios nagpahayag, ‘Papadarahan ko sinda nin mga propeta asin mga apostol; an iba gagadanon ninda, an iba papasakitan.’",upang hingin sa lahing ito ang dugo ng lahat ng mga propeta na dumanak mula pa nang itatag ang sanlibutan;
"Mantang rinibong tawo an nagkatiripon, mala ta nagkakatorongtongan na sinda, enot na tinaraman ni Jesus an mga disipulo, “Mag-ingat kamo sa lebadura kan mga Fariseo na iyo an pagsagin-sagin.","Samantala, nang magkatipon ang libu-libong tao, na anupa't sila'y nagkakatapakan na sa isa't isa, nagpasimula siyang magsalita muna sa kanyang mga alagad, “Mag-ingat kayo sa lebadura ng mga Fariseo, na ito'y pagkukunwari."
Huli ta mayong natatahoban na dai mahahayag; mayong sekreto na dai makakaluwas.,"Walang bagay na natatakpan na hindi mabubunyag, at walang bagay na natatago na hindi malalaman."
"Kaya an anoman na sinabi nindo sa kadikloman nin banggi, madadangog sa kaliwanagan nin aldaw; an anoman na ihininghing nindo sa laog nin kwarto, ikukurahaw sa atop nin mga harong.",Kaya't ang anumang sinabi ninyo sa dilim ay maririnig sa liwanag at ang ibinulong ninyo sa mga lihim na silid ay ipagsisigawan sa mga bubungan.
"“Sinasabihan ko kamo, mga katood, na dai kamo matakot sa mga minagadan kan hawak alagad pakatapos mayo nang magiginibo.","“Sinasabi ko sa inyo, mga kaibigan ko, huwag kayong matakot sa mga pumapatay ng katawan, na pagkatapos ay wala na silang magagawa."
"Alagad papatanidan ko kamo kun siisay an dapat nindong katakotan: matakot kamo sa Dios huli ta pakatapos na magbawe nin buhay, may kapangyarihan pa siya na magtapok sa impyerno! Sinasabihan ko kamo, siya an dapat katakotan.","Subalit ipapakita ko sa inyo kung sino ang inyong dapat katakutan; katakutan ninyo siya na pagkatapos pumatay ay may kapangyarihang magtapon sa impiyerno. Oo, sinasabi ko sa inyo, siya ang inyong katakutan."
“Bakong an limang dignos ipinapabakal nin duwang sentabo sana? Alagad mayo nin saro sainda na nalilingawan nin Dios.,Hindi ba ipinagbibili ang limang maya sa halagang dalawang sentimos? Isa man sa kanila ay hindi nalilimutan ng Diyos.
"Dawa an buhok sa payo nindo, bilang niya gabos. Kaya dai kamo matakot! Mas mahalaga kamo ki sa dakul na dignos!",Ngunit maging ang mga buhok ng inyong ulo ay bilang na lahat. Huwag kayong matakot; higit kayong mahalaga kaysa maraming maya.
"“Sinasabihan ko kamo, an siisay man na magmidbid sako sa atubangan nin mga tawo, mimidbidon man kan Aki nin Tawo sa atubangan kan mga anghel nin Dios;","“At sinasabi ko sa inyo, ang bawat kumikilala sa akin sa harap ng mga tao ay kikilalanin din siya ng Anak ng Tao sa harap ng mga anghel ng Diyos."
"alagad an magnegar sako sa atubangan nin mga tawo, nenegaran man kan Aki nin Tawo sa atubangan kan mga anghel nin Dios.",Subalit ang magkaila sa akin sa harap ng mga tao ay ipagkakaila sa harap ng mga anghel ng Diyos.
“An siisay man na magtaram tumang sa Aki nin Tawo pwedeng patawadon; alagad an maglanghad sa Espiritu Santo dai nanggad papatawadon.,At ang bawat bumigkas ng salita laban sa Anak ng Tao ay patatawarin; ngunit ang magsalita ng kalapastanganan laban sa Espiritu Santo ay hindi patatawarin.
"“Kun darahon kamo sa mga sinagoga o sa atubangan kan mga gobernador o mga kagsakop, dai kamo mahadit kun paano o kun ano an saindong isisimbag o kun ano an saindong sasabihon.","Kapag kayo'y dinala nila sa harap ng mga sinagoga, at sa mga pinuno, at sa mga may kapangyarihan ay huwag kayong mag-alala kung paano o ano ang inyong isasagot, o kung ano ang inyong sasabihin,"
"Huli ta sa oras na iyan, tutukdoan kamo kan Espiritu Santo kan dapat nindong sabihon.”",sapagkat ang Espiritu Santo ang magtuturo sa inyo sa oras ding iyon kung ano ang dapat ninyong sabihin.”
"Saro sa mga tawong yaon duman an nagsabi ki Jesus, “Maestro, sabihi man an tugang ko na hirasan ako kan minana mi sa samong ama.”","Sinabi sa kanya ng isa sa maraming tao, “Guro, sabihin mo sa aking kapatid na bahaginan ako ng mana.”"
"Sinimbag siya ni Jesus, “Lalaki, siisay an naggibo sakong hukom o parahiras kan pagsadiri nindong duwa?”","Subalit sinabi niya sa kanya, “Lalaki, sino ang nagtalaga sa akin upang maging hukom o tagapamahagi sa inyo?”"
"Dangan inatubang niya an kadaklan saka nagsabi, “Mag-ingat kamo asin maglikay sa gabos na klase nin kaimotan, huli ta an tunay na buhay nin tawo bakong nasa kayamanan, dawa pa gurano siya kayaman.”","Sinabi niya sa kanila, “Mag-ingat kayo at magbantay laban sa lahat ng kasakiman, sapagkat ang buhay ng tao ay wala sa kasaganaan ng kanyang mga ari-arian.”"
"Dangan nag-osipon si Jesus sainda kan parabolang ini, “May sarong mayaman na nag-ani nin dakul sa saiyang daga.",Nagsalaysay siya sa kanila ng isang talinghaga: “Ang lupain ng taong mayaman ay namunga ng sagana.
"Nagsaboot siya, ‘Mayo na ako nin lugar na masasarayan kan gabos kong inani. Ano daw an dapat kong gibohon?","Inisip niya sa sarili, ‘Ano ang gagawin ko, sapagkat wala akong mapaglalagyan ng aking mga ani?’"
Aram ko na! Lalaglagon ko an sakong mga harong-harong dangan matugdok ako nin mas darakula pa. Diyan ko sasarayon an sakong mga inani asin an iba pang mga sadiri ko.,"Sinabi niya, ‘Ito ang aking gagawin. Gigibain ko ang aking mga kamalig at magtatayo ako ng mas malalaki at doon ko titipunin ang lahat ng aking mga butil at mga pag-aari.’"
"Dangan masabi ako, Paladan ako! Igwa na ako kan gabos kong kaipuhan para sa halawig na panahon. Magpapahayahay na sana ako, magkakakan, mag-iinom saka mag-oogma!’","At sasabihin ko sa aking kaluluwa ‘Kaluluwa, marami ka nang pag-aaring nakaimbak para sa maraming taon; magpahinga ka, kumain ka, uminom ka, magsaya ka.’"
"Alagad sinabihan siya nin Dios, ‘Lolong! Ngunyan man sanang banggi magagadan ka. Sa kiisay mapapaduman an mga tinipon mo?’”","Subalit sinabi sa kanya ng Diyos, ‘Hangal, sa gabing ito ay kukunin ang iyong kaluluwa; at kanino kaya mapupunta ang mga bagay na inihanda mo?’"
"Nagtaram pa si Jesus, “Siring kaiyan an mangyayari sa mga nagtitipon nin kayaman para sa sainda man sana, alagad bakong mayaman sa atubang nin Dios.”","Gayon nga ang nagtitipon ng kayamanan para sa kanyang sarili, subalit hindi mayaman sa Diyos.”"
"Dangan sinabihan ni Jesus an mga disipulo niya, “Kaya sinasabihan ko kamo, na dai kamo mahadit dapit kan buhay nindo, kun ano an saindong kakakanon o gugubingon.","At sinabi niya sa kanyang mga alagad, “Kaya nga sinasabi ko sa inyo, huwag kayong mabalisa sa inyong buhay, kung ano ang inyong kakainin; o sa inyong katawan, kung ano ang inyong isusuot."
Huli ta mas mahalaga an buhay ki sa kakanon asin an hawak ki sa gubing.,Sapagkat ang buhay ay higit kaysa pagkain at ang katawan ay higit kaysa damit.
"Masdan nindo an mga uwak: dai sinda nagtatanom o nag-aani; dai sinda nin mga sarayan o mga harong-harong, alagad pinapakakan sinda nin Dios! Kamo pa daw an dai pakakanon nin Dios na mas mahalaga ki sa mga gamgam?","Pansinin ninyo ang mga uwak. Hindi sila naghahasik, ni gumagapas man. Sila'y walang imbakan ni kamalig man, subalit sila'y pinapakain ng Diyos. Gaano pang higit kayong mahalaga kaysa mga ibon!"
"Siisay saindo, sa pagparahadit, an makakadagdag nin sarong oras sa saiyang buhay?",At sino sa inyo na sa pagkabalisa ay makapagdaragdag ng isang oras sa haba ng kanyang buhay?
"Dai ngani nindo nahihimo maski an siring kasadit na bagay, tadaw ta naghahadit pa kamo kan ibang mga bagay?","Kung hindi nga ninyo magawa ang ganoong kaliit na bagay, bakit mag-aalala kayo tungkol sa mga ibang bagay?"
"Masdan nindo kun paano an pagtalubo kan mga liryo; dai sinda nagtatrabaho o nagtatahi kan gubing ninda. Alagad sinasabihan ko kamo na maski si Solomon, sa bilog niyang kamurawayan, dai pa nakagubing nin arog kagayon kan saro kan mga burak na ini.","Pansinin ninyo ang mga liryo, kung paano silang tumutubo. Hindi sila nagpapagal o humahabi man, subalit sinasabi ko sa inyo, kahit si Solomon, sa buong kaluwalhatian niya ay hindi nakapagbihis na gaya ng isa sa mga ito."
"Alagad kun ginugubingan nin Dios an mga doot sa oma na buhay ngunyan dangan sinusulo pagkaaga, kamo pa daw an dai niya paggubingan? Maluya an pagtubod nindo!","Ngunit kung dinadamitan ng Diyos nang ganito ang damo sa parang na ngayon ay buháy, at sa kinabukasan ay itinatapon sa pugon, gaano pa kaya kayo na kanyang dadamitan, O kayong maliliit ang pananampalataya?"
Kaya dai kamo mahadit o maghanap kan saindong kakakanon o iinomon.,"At huwag ninyong laging hanapin kung ano ang inyong kakainin, kung ano ang inyong iinumin, at huwag kayong mabalisa."
An mga bagay na ini iyo an pinaghahanap kan mga pagano digdi sa kinaban. Aram kan saindong Ama na kaipuhan nindo an mga bagay na ini.,"Sapagkat ang mga bagay na ito ang siyang hinahanap ng lahat ng mga bansa sa sanlibutan, at nalalaman ng inyong Ama na kailangan ninyo ang mga bagay na ito."
Alagad hanapa nindo an saiyang Kahadean asin mapapasaindo man an mga bagay na iyan.,"Subalit, hanapin ninyo ang kanyang kaharian at lahat ng mga bagay na ito ay ibibigay din sa inyo."
"“Dai kamo matakot, sadit na ariponpon, huli ta kaogmahan kan saindong Ama na itao saindo an Kahadean.","“Huwag kayong matakot, munting kawan, sapagkat nakakalugod sa inyong Ama na ibigay sa inyo ang kaharian."
"Pabakalan nindo an saindong mga rogaring asin an kabaklan kaiyan ilimos nindo sa mga dukha. Magtagama kamo nin mga pitaka na dai nagdadaan. Magtipon kamo nin kayamanan sa langit, ta duman dai nanggad iyan maiinaan, huli ta mayong parahabon na makakaduman, asin mayong bokbok na makakaraot kaiyan.","Ipagbili ninyo ang inyong mga ari-arian at kayo'y magbigay ng limos. Gumawa kayo para sa inyong mga sarili ng mga supot na hindi naluluma, ng isang kayamanan sa langit na hindi nauubos, na doo'y hindi lumalapit ang magnanakaw, o naninira man ang bukbok."
"Huli ta kun haen an saindong kayamanan, yaon man an saindong puso.",Sapagkat kung saan naroroon ang inyong kayamanan ay naroroon din naman ang inyong puso.
"“Magin andam kamo, asin palaada an saindong mga ilawan.",“Bigkisan ninyo ang inyong mga baywang at paliwanagin ninyo ang inyong mga ilawan.
"Magin arog kamo sa mga sorogoon na naghahalat kan pag-abot kan saindang kagurangnan hale sa kasalan, tanganing pag-abot niya mabuksan tolos ninda an pintoan pagtoktok niya.",At maging tulad kayo ng mga taong naghihintay sa kanilang panginoon na magbalik mula sa kasalan upang agad nilang mapagbuksan siya kapag siya ay dumating na at tumuktok.
"Paladan an mga sorogoon na maabotan kan saindang kagurangnan na bakong torog! Sa katotoohan sinasabihan ko kamo, maandam an kagurangnan nin kakanon, papatukawon sinda saka paglilingkodan.","Mapapalad ang mga aliping iyon na madatnan ng panginoon na nagbabantay kapag siya ay dumating. Katotohanan ang sinasabi ko sa inyo, bibigkisan niya ang kanyang baywang, sila'y papaupuin sa hapag-kainan at siya ay lalapit at paglilingkuran sila."
"Paladan an mga sorogoon na iyan kun maabotan niya sindang andam, dawa pa mag-abot siya sa kamatangaan nin banggi o sa pagkaagang amay!","At kung siya'y dumating sa hatinggabi, o sa magmamadaling-araw na, at matagpuan silang gayon ay mapapalad ang mga aliping iyon."
"Alagad saboton nindo ini: kun aram pa sana kan kagharong an oras kan pag-abot kan parahabon, nagbantay kuta siya asin dai nagtugot na masalakat an saiyang harong.","Subalit alamin ninyo ito, kung nalalaman ng may-ari ng bahay kung anong oras darating ang magnanakaw, siya'y hindi magpapabayang mapasok ang kanyang bahay."
"Kaya kamo man dapat na magin andam, huli ta an Aki nin Tawo maabot sa oras na dai nindo pinaghohona.”","Dapat din kayong maging handa, sapagkat ang Anak ng Tao ay darating sa oras na hindi ninyo inaasahan.”"
"Dangan hinapot ni Pedro si Jesus, “Kagurangnan, ano an parabolang ini, para samo o para sa gabos?”","Sinabi ni Pedro, “Panginoon, sinasabi mo ba ang talinghagang ito para sa amin, o para sa lahat?”"
"Nagsimbag an Kagurangnan, “Siisay an maimbod saka madonong na sorogoon? Siya idtong ibubugtak kan saiyang kagurangnan na mamahala kan ibang mga sorogoon, asin marasyon sainda nin kakanon sa oras nin pagkakan.","At sinabi ng Panginoon, “Sino nga ba ang tapat at matalinong katiwala na pagkakatiwalaan ng kanyang panginoon sa kanyang mga alipin, upang sila'y bigyan ng kanilang bahaging pagkain sa tamang panahon?"
Paladan an siring na sorogoon na maabotan na nag-ootob kan trabahong itinao saiya pagpuli kan kagurangnan niya!,"Mapalad ang aliping iyon, na maratnan ng kanyang panginoon na gayon ang ginagawa."
"Sa katotoohan sinasabihan ko kamo, an sorogoon na iyan pamamahalaon kan kagurangnan niya kan gabos na rogaring kaini.","Tunay na sinasabi ko sa inyo, sa kanya ipagkakatiwala ang lahat niyang ari-arian."
"Alagad kun an sorogoon na iyan magsaboot na haloy pa bago magbalik an saiyang kagurangnan asin poonan niyang kulogan an kapwa niya sorogoon na lalaki asin babae, dangan magkakan siya saka magburat—","Subalit kung sabihin ng alipin iyon sa kanyang sarili, ‘Matatagalan pa ang pagdating ng aking panginoon;’ at pinasimulan niyang bugbugin ang mga aliping lalaki at mga aliping babae; at siya'y kumain, uminom, at naglasing,"
"pag-abot kan kagurangnan niya sa aldaw asin oras na dai niya pinaghohona, papadusahan siya nin kagadanan asin ibubugtak siya sa kaibahan kan mga bakong maimbod.","ang panginoon ng aliping iyon ay darating sa araw na hindi niya inaasahan, at sa oras na hindi niya nalalaman. Siya'y pagpuputul-putulin at isasama sa mga hindi tapat."
"“An sorogoon na nakakaaram kan kabotan kan saiyang kagurangnan, alagad dai nag-andam o nagkuyog kaiyan, hahampakon nin makuri.","At ang aliping iyon na nakakaalam ng kalooban ng kanyang panginoon, ngunit hindi naghanda at hindi ginawa ang ayon sa kalooban nito ay papaluin nang marami."
"Alagad an sorogoon na dai nakakaaram kan kabotan kan saiyang kagurangnan, asin naggibo nin anoman na maninigo nin padusa, hahampakon nin kadikit. An pinaniwalaan nin dakul, hahanapan nin dakul; an pinaniwalaan nin mas dakul, hahanapan man nin mas dakul.","Subalit ang hindi nakakaalam at gumawa ng mga bagay na karapat-dapat sa mga palo ay papaluin ng kaunti. Ngunit sa bawat binigyan ng marami ay marami ang hihingin sa kanya, at sa kanya na pinagkatiwalaan ng marami ay higit na marami ang kanilang hihingin sa kanya."
"“Nagdigdi ako sa pagdara nin kalayo sa kinaban, asin mawot ko na naglalaad na iyan!",“Ako'y naparito upang maghagis ng apoy sa lupa at nais ko sana na ito ay nagniningas na!
"Igwa akong bunyag na aakoon, asin napupurisaw ako sagkod na dai iyan maotob!","Ako'y mayroong bautismo na ibabautismo sa akin, at ako'y nababagabag hanggang hindi ito nagaganap!"
"Sa paghona nindo nagdigdi ako sa pagdara nin katoninongan sa kinaban? Sinasabihan ko kamo, bakong katoninongan kundi pagkabaranga.","Sa palagay ba ninyo ay pumarito ako upang magdala ng kapayapaan sa lupa? Hindi! Sinasabi ko sa inyo, sa halip ay pagkakabaha-bahagi."
"Huli ta poon ngunyan an pamilyang may limang kaayon mababanga: an tolo laban sa duwa, an duwa laban sa tolo.","Sapagkat mula ngayon ang lima sa isang bahay ay magkakabaha-bahagi; tatlo laban sa dalawa, at dalawa laban sa tatlo."
"An ama laban sa aki niyang lalaki, an aking lalaki tumang sa saiyang ama; an ina laban sa aki niyang babae, an aking babae tumang sa saiyang ina; an panugangan na babae laban sa manugang niyang babae; an manugang na babae tumang sa panugangan niyang babae.”","Sila'y magkakabaha-bahagi; ang ama laban sa anak na lalaki, at ang anak na lalaki laban sa ama; ang ina laban sa anak na babae, at ang anak na babae laban sa kanyang ina; ang biyenang babae laban sa kanyang manugang na babae at ang manugang na babae laban sa kanyang biyenang babae.”"
"Nagsabi pa si Jesus sa mga tawo, “Kun nakakahiling kamo nin dampog sa solnopan, minasabi tolos kamo na mauran, asin minauran mananggad.","Sinabi rin niya sa napakaraming tao, “Kapag may nakita kayong ulap na tumataas sa kanluran ay agad ninyong sinasabi na may darating na malakas na ulan, at gayon nga ang nangyayari."
"Kun minahuyop an doros sa timog, minasabi kamo na mainit, asin minainit mananggad.","At kapag nakikita ninyong humihihip ang hanging habagat ay sinasabi ninyo, na magkakaroon ng matinding init, at ito'y nangyayari."
Mga parasagin-sagin! Nauukodan nindo kun mauran o mainit sa pagmasid sana kan direksyon kan doros saka sa paghiling sa langit; tadaw ta dai nindo nasasabotan an kahulogan kaining panahon?,"Kayong mga mapagkunwari! Marunong kayong magbigay ng kahulugan sa anyo ng lupa at ng langit, subalit bakit hindi kayo marunong magbigay ng kahulugan sa kasalukuyang panahon?"
“Tadaw ta bakong kamo mismo an mag-isip kun ano an tamang gibohon?,At bakit hindi ninyo hatulan para sa inyong sarili kung ano ang matuwid?
"Kun igwa nin magsangat nin kaso tumang saindo saka darahon kamo sa husgado, hingowahon nindong makipaghusay saiya mantang dai pa kamo naabot sa husgado, ta tibaad iatubang kamo sa hukom na matao saindo sa pulis, na iyo man an malaog saindo sa bilanggoan.","Kaya habang patungo ka sa hukom na kasama ang sa iyo'y nagsakdal, sa daan ay sikapin mo nang makipag-ayos sa kanya, kung hindi ay kakaladkarin ka niya sa hukom, at ibibigay ka ng hukom sa punong-tanod, at ipapasok ka ng punong-tanod sa bilangguan."
Kan oras man sanang idto may nagkapirang tawo duman na nag-osip ki Jesus dapit kan mga taga Galilea na ipinagadan ni Pilato mantang nagdodolot sinda nin mga atang sa Dios.,"Nang panahong iyon, mayroong ilan na naroon na nagsabi sa kanya tungkol sa mga taga-Galilea, na ang dugo ng mga iyon ay inihalo ni Pilato sa mga alay nila."
"Sinimbag sinda ni Jesus, “Naghohona kamo na mas makasalan an mga taga Galileang idto ki sa ibang mga taga Galilea, huli sa nangyari sainda?","At sinabi niya sa kanila, “Akala ba ninyo na ang mga taga-Galileang iyon ay higit na makasalanan kaysa lahat ng mga taga-Galilea, dahil sila'y nagdusa nang gayon?"
"Bako! Alagad sinasabihan ko kamo na kun dai kamo magbakle, magagadan man kamo gabos arog sainda.","Sinasabi ko sa inyo, Hindi! Subalit malibang kayo'y magsisi, mapapahamak din kayong lahat tulad nila."
"Idtong dyes y otso katawong nagkagaradan kan marumpagan kan tore sa Siloe, sa paghona nindo mas maraot sinda ki sa ibang mga tawong nag-eerok sa Jerusalem?","O ang labingwalo na nabagsakan ng tore sa Siloam at sila'y napatay, inaakala ba ninyo na sila'y higit na maysala kaysa lahat ng taong naninirahan sa Jerusalem?"
"Bako! Alagad sinasabihan ko kamo na kun dai kamo magbakle, magagadan man kamo gabos arog sainda.”","Sinasabi ko sa inyo, Hindi! Subalit malibang kayo'y magsisi, kayong lahat ay mapapahamak ding tulad nila.”"
"Dangan nag-osipon si Jesus kan parabolang ini, “An sarong lalaki may tanom na higera sa saiyang ubasan. Hiniling niya kun may bunga idto alagad mayo siyang nakua.","Isinalaysay niya ang talinghagang ito: “Ang isang tao ay may isang puno ng igos na nakatanim sa kanyang ubasan. Siya'y pumunta upang maghanap ng bunga roon, subalit walang nakita."
"Kaya sinabihan niya an namamahala kan saiyang ubasan, ‘Tolong taon na akong nagpaparabalik-balik sa paghanap nin bunga sa kahoy na ini, alagad mayo akong nakukua. Paloda iyan! Sayang kan dagang natatanoman kaiyan!’","Sinabi niya sa tagapag-alaga ng ubasan, ‘Tingnan ninyo, tatlong taon na akong pumaparito na humahanap ng bunga sa punong igos na ito, at wala akong makita. Putulin mo ito. Bakit sinasayang nito ang lupa?’"
"Alagad sinabihan siya kan namamahala kan ubasan, ‘Kagurangnan, pabayae ngona maski ngunyan na sanang taon. Makalot ako sa palibot kaiyan dangan bubugtakan ko nin abono.","At sumagot siya sa kanya, “Panginoon, hayaan mo muna sa taóng ito, hanggang sa aking mahukayan sa palibot at malagyan ng pataba."
"Kun magbunga iyan sa sunod na taon, marahay; alagad kun dai palodon ta na.’”","At kung ito ay magbunga sa susunod na taon, ay mabuti; subalit kung hindi, maaari mo na itong putulin.”"
"Sarong aldaw na Sabbath, nagtukdo si Jesus sa sarong sinagoga.",Noon ay nagtuturo siya sa isa sa mga sinagoga nang araw ng Sabbath.
"May sarong babae duman na dyes y otsong taon nang naghehelang, huli ta may maraot na espiritu; nabuktot siya asin dai nakakatindog na tanos.",At naroon ang isang babae na may espiritu ng karamdaman sa loob ng labingwalong taon. Siya ay baluktot at hindi niya kayang tumayo ng talagang matuwid.
"Pagkahiling saiya ni Jesus, inapod siya saka sinabihan, “Babae, ligtas ka na sa helang mo!”","Nang siya'y makita ni Jesus, kanyang tinawag siya at sinabi sa kanya, “Babae, pinalaya ka na sa iyong sakit.”"
Dinutaan siya ni Jesus asin nahale tolos an saiyang pagkabuktot; kaya inomaw niya an Dios.,Ipinatong ni Jesus ang kanyang mga kamay sa kanya at kaagad siyang naunat at niluwalhati niya ang Diyos.
"Alagad naanggot an opisyal kan sinagoga huli ta nagbolong si Jesus sa aldaw na Sabbath. Kaya nagtaram sa mga tawo an opisyal, “Igwa nin anom na aldaw na kita dapat magtrabaho, kaya sa mga aldaw na iyan kamo magdigdi sa pagpabolong, bakong sa aldaw na Sabbath!”","Subalit ang pinuno ng sinagoga, na galit sapagkat si Jesus ay nagpagaling sa Sabbath, ay nagsabi sa maraming tao, “May anim na araw na dapat gumawa, pumarito kayo sa mga araw na iyon at kayo'y pagagalingin at hindi sa araw ng Sabbath.”"
"Sinimbag siya kan Kagurangnan, “Mga parasagin-sagin! Bakong hinuhubadan nindo an saindong baka o asno sa gakodan tanganing darahon sa pararaan maski aldaw na Sabbath?","At sinabi sa kanya ng Panginoon, “Kayong mga mapagkunwari! Hindi ba kinakalagan ng bawat isa sa inyo sa Sabbath ang kanyang bakang lalaki o ang kanyang asno mula sa sabsaban at ito'y inilalabas upang painumin?"
"An babaeng ini pa daw na aki ni Abraham, na ginapos ni Satanas nin dyes y otsong taon sa helang niyang iyan, an dai hubadan sa aldaw na Sabbath?”","At hindi ba dapat na ang babaing ito na anak ni Abraham, na ginapos ni Satanas sa loob ng labingwalong taon ay kalagan sa pagkagapos na ito sa araw ng Sabbath?”"
"Nasopog an mga kaiwal ni Jesus huli kan simbag niya, mantang an kadaklan kan mga tawo naogma sa gabos na ngangalasan na saiyang ginibo.","Nang sabihin niya ang mga bagay na ito, napahiya ang lahat ng kanyang mga kaaway at nagalak ang maraming tao dahil sa lahat ng maluwalhating bagay na kanyang ginawa."
"Nagsabi si Jesus, “Ano an kaagid kan Kahadean nin Dios? Sa ano ko iyan ikakabaing?","Sinabi niya, “Ano ang katulad ng kaharian ng Diyos at sa ano ko ito ihahambing?"
"Garo iyan sarong pisog nin mustasa na itinanom nin sarong lalaki sa saiyang oma. Nagtalubo idto asin nagin dakulang kahoy, mala ta sa mga sanga kaiyan naggibo nin salagan an mga gamgam.”","Ito ay tulad sa isang butil ng mustasa na kinuha ng isang tao at inihasik sa kanyang halamanan. Ito'y tumubo, naging isang punungkahoy at dumapo sa mga sanga nito ang mga ibon sa himpapawid.”"
"Nagsabi giraray si Jesus, “Sa ano ko pa ikakabaing an Kahadean nin Dios?","At muling sinabi niya, “Sa ano ko ihahambing ang kaharian ng Diyos?"
Garo iyan lebadura na isinalak nin sarong babae sa tolong litrong arina sagkod na nag-usbog an bilog na minasa.”,"Ito ay tulad sa pampaalsa na kinuha ng isang babae at inihalo sa tatlong takal na harina, hanggang sa ito'y nahaluang lahat ng pampaalsa.”"
Nagtutukdo si Jesus sa mga banwa asin sa mga baryo na inaagihan niya sa pagpasiring niya sa Jerusalem.,Si Jesus ay nagpatuloy sa kanyang lakad sa mga bayan at mga nayon na nagtuturo habang naglalakbay patungo sa Jerusalem.
"May sarong naghapot saiya, “Kagurangnan, dikit daw sana an makakaligtas?”","At may nagsabi sa kanya, “Panginoon, kakaunti ba ang maliligtas?” At sinabi niya sa kanila,"
"Nagsimbag si Jesus,","“Magsikap kayong pumasok sa makipot na pintuan, sapagkat sinasabi ko sa inyo na marami ang magsisikap na pumasok at hindi makakapasok."
“Maghingowa kamong makalaog sa hayakpit na pintoan; huli ta sinasabihan ko kamo na dakul an maghihingowang maglaog diyan alagad dai makakalaog.,"Kapag tumayo na ang may-ari ng bahay at maisara na ang pinto, magsisimula kayong tumayo sa labas at tutuktok sa pintuan, na magsasabi, ‘Panginoon, pagbuksan mo kami.’ At siya'y sasagot sa inyo, ‘Hindi ko alam kung saan kayo nanggaling.’"
"Kun serahan na kan kagharong an pintoan, kamong mga nagtitindog sa luwas mapoon pagtoktok asin pag-apod, ‘Kagurangnan, bukasan mo man kami!’ Alagad masimbag siya saindo, ‘Dai ko aram kun mga taga saen kamo!’","Kaya't magsisimula kayong magsabi, ‘Kami ay kasama mong kumain at uminom at nagturo ka sa aming mga lansangan.’"
"Dangan masimbag kamo, ‘Kaiba mo kaming nagkakan saka nag-inom; nagtukdo ka sa banwaan mi!’","Subalit sasabihin niya, ‘Hindi ko alam kung saan kayo nanggaling. Lumayas kayo, kayong lahat na gumagawa ng kasamaan!’"
"Alagad masimbag siya, ‘Sinabi ko nang dai ko aram kun mga taga saen kamo! Hale kamo diyan, mga paragibo nin maraot!’","Magkakaroon ng pagtangis at pagngangalit ng mga ngipin kapag nakita na ninyo sina Abraham, Isaac, Jacob at ang lahat ng mga propeta sa kaharian ng Diyos, at kayo mismo'y inihahagis sa labas."
"Magtatangis kamo duman asin magraragot an saindong mga ngipon kun mahiling nindo si Abraham, si Isaac saka si Jacob asin an gabos na propeta sa laog kan Kahadean nin Dios, mantang kamo nasa luwas!","At may mga taong manggagaling sa silangan at kanluran, sa timog at hilaga, at uupo sa hapag sa kaharian ng Diyos."
"Maabot an mga tawo hale sa sirangan, sa solnopan, sa amihan asin sa habagat, dangan matukaw sa bangkete sa Kahadean nin Dios.","Sa katunayan, may mga huling magiging una at may mga unang magiging huli.”"
May mga nahuhuri na maeenot; may mga naeenot na mahuhuri.”,"Dumating nang oras ding iyon ang ilang Fariseo na nagsabi sa kanya, “Lumabas ka na at umalis dito, sapagkat ibig kang patayin ni Herodes.”"
"Kan aldaw man sanang idto, nag-abot an nagkapirang Fariseo asin nagsabi ki Jesus, “Maghale ka digdi, huli ta boot kang gadanon ni Herodes.”","At sinabi niya sa kanila, “Humayo kayo at inyong sabihin sa asong-gubat na iyon, ‘Narito, nagpapalayas ako ng mga demonyo at nagpapagaling ngayon at bukas, at sa ikatlong araw ay matatapos ko ang aking gawain."
"Alagad sinimbag sinda ni Jesus, “Sabihan nindo an amid na iyan, ‘Ngunyan na aldaw asin sa aga, magpapaluwas ako nin mga demonyo saka magbobolong; sa ikatolong aldaw, matatapos na an gibo ko.’","Gayunma'y kailangang ako'y magpatuloy sa aking lakad ngayon at bukas at sa makalawa, sapagkat hindi maaari na ang isang propeta ay mamatay sa labas ng Jerusalem.’"
"Alagad dapat na akong magpadagos kan sakong paglakaw ngunyan, sa aga, asin sa masunod pang aldaw, huli ta dai dapat magadan an sarong propeta kun bako sa Jerusalem.","O Jerusalem, Jerusalem, na pumapatay sa mga propeta at bumabato sa mga sinugo sa kanya! Makailang ulit kong ninais na tipunin ang iyong mga anak, na gaya ng pagtitipon ng inahing manok sa kanyang sariling mga sisiw sa ilalim ng kanyang mga pakpak, at ayaw ninyo!"
"“O Jerusalem, Jerusalem! Ginagadan mo an mga propeta asin ginagapo mo an mga sinugo nin Dios saimo! Pirang beses nang boot kong tiriponon an saimong mga aki arog kan paglukob nin sarong gunakan sa saiyang mga siwo, alagad habo ka!","Tingnan ninyo, sa inyo'y iniwan ang inyong bahay. At sinasabi ko sa inyo, hindi ninyo ako makikita, hanggang sa inyong sabihin, ‘Mapalad ang dumarating sa pangalan ng Panginoon.’”"
"Sarong aldaw na Sabbath, nagkakan si Jesus sa harong nin sarong lider na kaayon kan mga Fariseo. Duman pinagmasdan siya kan mga tawo.","Isang Sabbath, nang pumasok si Jesus sa bahay ng isa sa mga pinuno ng mga Fariseo upang kumain, kanilang minamatyagan siya."
Yaon man duman sa atubangan ni Jesus an sarong lalaking gatok an mga tabay asin mga takyag.,"At noon, sa kanyang harapan ay may isang lalaking namamanas."
"Hinapot ni Jesus an mga paratukdo kan Katogonan asin an mga Fariseo, “Tugot daw an pagbolong sa aldaw na Sabbath o dai?”","Nakipag-usap si Jesus sa mga dalubhasa sa kautusan at sa mga Fariseo, na sinasabi, “Ipinahihintulot ba o hindi na magpagaling sa Sabbath?”"
"Alagad dai sinda naggirong. Kinapotan ni Jesus an may helang, binolong asin pinapuli.","Subalit sila'y hindi umimik. At siya'y hinawakan ni Jesus, pinagaling, at pinahayo."
"Dangan sinabihan niya an mga tawo, “Kun may baka o aki kamong nahulog sa bobon sa aldaw na Sabbath, dai daw nindo hawason tolos?”","At sinabi niya sa kanila, “Sino sa inyo, kung ang anak o bakang lalaki ay nahulog sa hukay, hindi ba agad ninyo iaahon sa araw ng Sabbath?”"
Alagad dai sinda nakasimbag kaini.,At hindi sila nakasagot sa mga bagay na ito.
"Namasdan ni Jesus na pinipili kan ibang mga bisita an mga pinakamarahay na tukawan, kaya nag-osipon siya nin sarong parabola,",Nang mapansin niya na pinipili ng mga panauhin ang mga upuang pandangal; siya ay nagsalaysay sa kanila ng isang talinghaga.
"“Kun alokon ka sa kinasal, dai ka magtukaw sa pinakamarahay na tukawan, ta tibaad may inalok an kagharong na orog ki sa saimo;","“Kapag inanyayahan ka ng sinuman sa kasalan, huwag kang uupo sa upuang pandangal; baka mayroon siyang inanyayahang higit na kilalang tao kaysa iyo,"
"dangan an nag-alok saindong duwa madolok asin masabi, ‘Itao mo saiya an tukawan.’ Masosopog ka ta matukaw ka sa pinakamenos na lugar.","at ang nag-anyaya sa inyong dalawa ay lumapit at nagsabi sa iyo, ‘Ibigay mo sa taong ito ang lugar mo.’ Sa gayon, ay magsisimula kang pumunta na napapahiya sa pinakamababang lugar."
"Kaya kun alokon ka, tumukaw ka sa pinakamenos na lugar tanganing kun dolokon ka kan nag-alok saimo, sasabihan ka, ‘Katood, madya sa mas marahay na tukawan.’ Dakulang onra mo ini sa atubangan kan gabos na bisita.","Sa halip, kapag inaanyayahan ka, pumunta ka at umupo sa pinakamababang lugar upang kung dumating ang nag-anyaya sa iyo, sasabihin niya sa iyo, ‘Kaibigan, pumunta ka sa mas mataas.’ Kung gayo'y magkakaroon ka ng karangalan sa harap ng lahat ng mga kasalo mong nakaupo sa hapag."
"Huli ta an siisay man na nagpapalangkaw, ibababa; an siisay man na nagpapakumbaba, ilalangkaw.”",Sapagkat ang bawat nagmamataas ay ibababa at ang nagpapakababa ay itataas.”
"Dangan nagsabi man si Jesus sa kagharong na nag-alok saiya, “Kun magbangkete ka, dai ka mag-alok kan mga katood mo, o mga tugang mo, o mga kadugo mo, o mga kataed mong mayayaman; huli ta aalokon ka man ninda kaya mababalosan ka.","Sinabi rin naman niya sa nag-anyaya sa kanya, “Kapag naghahanda ka ng isang tanghalian o ng isang hapunan, huwag mong tawagin ang iyong mga kaibigan, o ang iyong mga kapatid, o ang iyong mga kamag-anak, o mayayamang kapitbahay, baka ikaw naman ay kanilang anyayahan at ikaw ay gantihan."
"Kun magbangkete ka, alokon mo an mga dukha, mga kimay, mga pilay asin mga buta.","Subalit kung naghahanda ka ng piging, anyayahan mo ang mga dukha, ang mga pilay, ang mga lumpo, ang mga bulag,"
"Bebendisyonan ka, huli ta dai sinda makakabalos saimo. Babalosan ka nin Dios sa pagkabuhay liwat kan mga matanos.”","at pagpapalain ka, sapagkat wala silang maigaganti sa iyo. Gagantihan ka sa muling pagkabuhay ng mga matuwid.”"
"Nadangog ini kan saro sa mga kasabay niyang magkakan asin nagsabi ki Jesus, “Paladan an mga matukaw sa bangkete duman sa Kahadean nin Dios!”","Nang marinig ito ng isa sa nakaupong kasalo niya sa hapag ay sinabi nito sa kanya, “Mapalad ang kakain ng tinapay sa kaharian ng Diyos.”"
"Sinabihan siya ni Jesus, “Sarong lalaki an nagbangkete kaidto asin dakul an saiyang inalok.","Subalit sinabi ni Jesus sa kanya, “May isang naghanda ng isang malaking hapunan; at marami siyang inanyayahan."
"Kan makakan na, sinugo niya an saiyang sorogoon na sabihan an mga inalok, ‘Madya kamo ta andam na an gabos!’","At sa oras ng hapunan ay sinugo niya ang kanyang alipin upang sabihin sa mga inanyayahan, ‘Halikayo, sapagkat ang lahat ay handa na.’"
"Alagad saro-saro sindang nagdahelan. An enot nagsabi sa sorogoon, ‘Nagbakal ako nin oma kaya kaipuhan hilingon ko idto; despensara ngona ako.’","Ngunit silang lahat ay pare-parehong nagsimulang magdahilan. Sinabi ng una sa kanya, ‘Bumili ako ng isang bukid, at kailangan kong umalis at tingnan iyon. Hinihiling ko sa iyo na pagpaumanhinan mo ako.’"
"An saro man nagsabi, ‘Nagbakal ako nin limang padis na baka asin maduman ako ta boot ko sindang baloon; despensara ngona ako.’","Sinabi ng isa pa, ‘Bumili ako ng limang magkatuwang na bakang lalaki, at paroroon ako upang sila'y subukin. Hinihiling ko sa iyo na pagpaumanhinan mo ako.’"
"An saro man nagsabi, ‘Bago akong kasalon kaya dai ako makakaduman.’","Sinabi ng iba, ‘Ako'y nagpakasal kaya't hindi ako makakarating.’"
"Pagpuli kan sorogoon, inosip an gabos na ini sa saiyang kagurangnan. Naanggot nin makuri an kagurangnan, kaya tinaraman niya an sorogoon, ‘Magduman ka tolos sa mga kalye asin sa mga dalan kan banwaan. Daraha digdi an mga dukha, mga kimay, mga buta saka mga pilay!’","At bumalik ang alipin, at iniulat ang mga bagay na ito sa kanyang panginoon. Sa galit ng may-ari ng bahay ay sinabi sa kanyang alipin, ‘Pumunta ka agad sa mga lansangan at sa makikipot na daan ng bayan, at dalhin mo rito ang mga dukha, ang mga pilay, ang mga bulag, at ang mga lumpo.’"
"Pagbalik kan sorogoon nagsabi siya, ‘Kagurangnan, nagibo ko na an ipinagboot mo, alagad igwa pa nin matutukawan.’","At sinabi ng alipin, ‘Panginoon, nagawa na ang ipinag-utos mo, gayunman ay maluwag pa.’"
"Kaya sinabihan siya giraray kan saiyang kagurangnan, ‘Dumuman ka sa mga tinampo saka sa mga dalan sa kabubuldan dangan piriton mong magdigdi an mga tawo tanganing mapano an harong ko.","At sinabi ng panginoon sa alipin, ‘Lumabas ka sa mga daan at sa mga bakuran, at pilitin mo silang pumasok upang mapuno ang aking bahay.’"
Sinasabihan ko kamo na mayo ni saro sa mga nagsayuma an makakanamit kan sakong handa!’”,"Sapagkat sinasabi ko sa inyo, na alinman sa mga taong iyon na inanyayahan ay hindi makakatikim ng aking hapunan.”"
"Kadakul kan tawong nagsunod ki Jesus. Nag-atubang siya sainda asin nagsabi,","Noon ay sumama sa kanya ang napakaraming tao. Siya'y humarap sa kanila at sa kanila'y sinabi,"
"“An magdolok sako dai magigin disipulo ko kun orog na namomotan niya ki sa sako an saiyang ama, ina, agom, mga aki, mga tugang, asin an sadiri niyang buhay.","“Kung ang sinuman ay lumalapit sa akin at hindi napopoot sa kanyang sariling ama, ina, asawang babae, mga anak, mga kapatid na lalaki, at mga kapatid na babae, at maging sa kanyang sariling buhay ay hindi maaaring maging alagad ko."
An dai magpasan kan sadiri niyang krus saka magsunod sako dai magigin disipulo ko.,Sinumang hindi nagpapasan ng kanyang sariling krus at sumusunod sa akin ay hindi maaaring maging alagad ko.
"Kun igwa saindong boot magtugdok nin tore, bakong minatukaw ngona siya dangan kukwentahon an magagasto, tanganing maaraman kun igwa siya kan tamang halaga na ikakapahaman kaiyan?","Sapagkat sino sa inyo na nagnanais magtayo ng isang tore, ang hindi muna uupo at aalamin ang magugugol kung mayroon siyang sapat upang matapos ito?"
"Ta kun ikabugtak na niya an mga pundasyon asin dai siya makapahaman, pagngingisihan siya kan gabos,","Baka kung mailagay na niya ang pundasyon at hindi makayang tapusin, ang lahat ng mga makakakita ay magpapasimulang siya'y libakin,"
"asin sasabihan, ‘An tawong iyan nagpoon magtugdok alagad dai nakapahaman!’","na nagsasabi, ‘Nagsimula ang taong ito na magtayo, at hindi na kayang tapusin.’"
"Kun may sarong hade na boot makigera sa saro man na hade, iisipon ngona niya kun kaya niyang makilaban na dyes mil sana an soldados niya tumang sa beynte mil.","O sinong hari, na pupunta sa pakikidigma laban sa ibang hari, ang hindi muna uupo at mag-iisip kung siya na may sampung libo ay kayang humarap sa may dalawampung libo na dumarating laban sa kanya?"
"Kun dai niya kaya, mapadara siya nin mga sugo asin mahagad nin katoninongan mantang harayo pa an saiyang kalaban.","At kung hindi, samantalang malayo pa ang isa ay magpapadala na siya ng isang sugo at hihilingin ang mga kasunduan sa kapayapaan."
"Siring man, an dai saindo magbaya kan gabos na sadiri niya, dai magigin disipulo ko.",Kaya't ang sinuman sa inyo na hindi magtakuwil sa lahat ng kanyang tinatangkilik ay hindi maaaring maging alagad ko.
"“An asin marahay, alagad kun mawaraan nin asgad an asin, paano pang mapaasgad iyan?","“Mabuti ang asin, subalit kung ang asin ay mawalan ng kanyang lasa, paano maibabalik ang alat nito?"
Mayo na iyan nin pakinabang maski para sa daga o para sa nakatambak na ati; itinatapok na sana iyan. An may talinga magdangog!”,Ito ay hindi nababagay maging sa lupa o sa tambakan man ng dumi; itinatapon nila ito. Ang may mga taingang ipandirinig ay makinig!”
"Sarong aldaw, nagdolok ki Jesus an dakul na parasingil nin buhis asin mga parakasala sa paghinanyog saiya.","Noon, ang mga maniningil ng buwis at mga makasalanan ay lumalapit sa kanya upang makinig."
"Naggumod-gumod an mga Fariseo asin an mga paratukdo kan Katogonan, “An lalaking ini minaako nin mga parakasala saka nagkakakan sa kaibahan ninda!”","Ang mga Fariseo at mga eskriba ay nagbulung-bulungan, na nagsasabi, “Tinatanggap ng taong ito ang mga makasalanan at kumakaing kasalo nila.”"
"Kaya inosipon sainda ni Jesus an parabolang ini,",Kaya't isinalaysay niya sa kanila ang talinghagang ito:
"“Halimbawa saro saindo igwa nin sanggatos na karnero alagad may sarong mawara, ano an gigibohon niya? Bako daw na babayaan niya an nobenta y nwebeng karnero sa pasabsaban dangan hahanapon an saro na nawawara sagkod na makua niya?","“Sino sa inyo na mayroong isandaang tupa at mawalan ng isa sa mga iyon ay hindi iiwan ang siyamnapu't siyam sa ilang at hahanapin ang nawawala, hanggang sa ito'y kanyang matagpuan?"
"Kun makua na, maogmang ibinubugtak niya iyan sa saiyang abaga.","At kapag natagpuan niya, pinapasan niya ito sa kanyang balikat na nagagalak."
"Pag-abot niya sa harong, inaapod niya an saiyang mga katood saka mga kataed asin sinasabihan, ‘Mag-ogma kita, huli ta nakua ko na an karnerong nawara!’","Pag-uwi niya sa tahanan, tinatawag niya ang kanyang mga kaibigan at ang kanyang mga kapitbahay na sinasabi sa kanila, ‘Makigalak kayo sa akin, sapagkat natagpuan ko na ang aking tupang nawala.’"
"Siring man sinasabihan ko kamo, orog pa an magigin kaogmahan sa langit huli sa sarong parakasala na nagsolsol, ki sa nobenta y nwebeng matanos na dai nangangaipong magsolsol.","Sinasabi ko sa inyo, magkakaroon ng higit na kagalakan sa langit dahil sa isang makasalanang nagsisisi, kaysa siyamnapu't siyam na taong matutuwid na hindi nangangailangan ng pagsisisi."
"“Halimbawa igwa nin sarong babae na may sampolong kwartang plata, alagad mawaran siya nin saro, ano an gigibohon niya? Bakong susuloan niya an ilawan, sisighidan an harong asin hahanapon nin maigot an nawawarang kwartang plata sagkod na makua niya iyan?","“O sinong babae na may sampung pirasong pilak, na kung mawalan siya ng isang piraso, ay hindi ba magsisindi ng isang ilawan at magwawalis ng bahay, at naghahanap na mabuti hanggang ito'y matagpuan niya?"
"Kun makua niya, inaapod niya an saiyang mga katood saka mga kataed asin sinasabihan, ‘Mag-ogma kita ta nakua ko na an nawawara kong kwartang plata!’","At kapag matagpuan niya ito ay tinatawag niya ang kanyang mga kaibigan at mga kapitbahay, na nagsasabi, ‘Makigalak kayo sa akin, sapagkat natagpuan ko na ang pilak na nawala sa akin.’"
"Siring man sinasabihan ko kamo, na an mga anghel nin Dios nag-oogma huli sa sarong parakasala na nagsosolsol.”","Gayundin, sinasabi ko sa inyo, may kagalakan sa harapan ng mga anghel ng Diyos dahil sa isang makasalanang nagsisisi.”"
"Nagsabi pa si Jesus, “Igwa nin sarong tawo na may duwang aking lalaki.","Sinabi ni Jesus, “May isang tao na may dalawang anak na lalaki:"
"An ngohod nagsabi sa ama, ‘Ama ko, tawan na sako an kahirasan ko!’ Kaya pinagbanga kan ama sa duwang aki niya an saiyang pagsadiri.","Sinabi ng nakababata sa kanila sa kanyang ama, ‘Ama, ibigay mo sa akin ang bahagi ng kayamanang nauukol sa akin.’ At hinati niya sa kanila ang kanyang pag-aari."
"Pakalihis nin nagkapirang aldaw, ipinabakal kan ngohod an kahirasan niya dangan nagduman sa harayong lugar. Duman niya ginasto an kwarta sa maraot na pamumuhay.","Makaraan ang ilang araw, tinipon ng nakababatang anak ang lahat ng kanya, at naglakbay patungo sa isang malayong lupain at doo'y nilustay ang kanyang kabuhayan sa maaksayang pamumuhay."
Naubos an gabos niyang kwarta. Dangan nagkaigwa nin makuring gutom sa lugar na idto asin nagpoon man siyang magtios.,"Nang magugol na niyang lahat ay nagkaroon ng matinding taggutom sa lupaing iyon, at siya'y nagsimulang mangailangan."
Kaya nagdolok siya asin nagpatandan sa saro na taga duman; isinubol siya kaini sa saiyang oma tanganing mag-ataman kan mga orig.,Kaya't pumaroon siya at sumama sa isa sa mga mamamayan sa lupaing iyon na nagpapunta sa kanya sa kanyang mga bukid upang magpakain ng mga baboy.
"Boot kutana niyang malaogan an saiyang tulak maski kan mga ibinabahog sa mga orig, alagad mayo nin nagtao saiya nin anoman.",At siya'y nasasabik na makakain ng mga pinagbalatan na kinakain ng mga baboy at walang sinumang nagbibigay sa kanya ng anuman.
"Kan makapag-isip-isip siya, nagsabi siya, ‘Sobra an kakanon kan gabos na tinatandanan na trabahador duman sa harong kan ama ko, mantang ako magagadan digdi sa gutom!","Subalit nang siya'y matauhan ay sinabi niya, ‘Ilan sa mga upahang lingkod ng aking ama ang may sapat at lumalabis na pagkain, ngunit ako rito'y namamatay sa gutom?"
"Mapuli ako sa sakuyang ama asin sasabihan ko siya, “Ama ko, nagkasala ako sa Dios asin saimo.","Titindig ako at pupunta sa aking ama, at aking sasabihin sa kanya, “Ama, nagkasala ako laban sa langit at sa iyo."
Bako na akong maninigo na apodon pang aki mo; ibilang mo na sana akong saro kan saimong mga tinatandanan na trabahador.”’,Hindi na ako karapat-dapat na tawaging anak mo. Ituring mo ako na isa sa iyong mga upahang lingkod.”’
Kaya naglakaw siya papuli sa saiyang ama.,"Siya'y tumindig at pumunta sa kanyang ama. Subalit habang nasa malayo pa siya, natanaw siya ng kanyang ama at ito'y awang-awa sa kanya. Ang ama'y tumakbo, niyakap siya at hinagkan."
"“Harayo pa, natanawan na siya kan ama niya. Naherak nin marahay an saiyang ama, kaya nagdalagan ining nagsabat saiya, kinugos siya saka hinadokan.","At sinabi ng anak sa kanya, ‘Ama, nagkasala ako laban sa langit at sa iyo; hindi na ako karapat-dapat na tawaging anak mo.’"
"Sinabihan kan aki an saiyang ama, ‘Ama ko, nagkasala ako sa Dios asin saimo. Bako na akong maninigo na apodon pang aki mo. Ibilang mo na sana akong saro kan saimong mga tinatandanan na trabahador.’","Subalit sinabi ng ama sa kanyang mga alipin, ‘Dali, dalhin ninyo rito ang pinakamagandang kasuotan at isuot ninyo sa kanya. Lagyan ninyo ng singsing ang kanyang daliri, at mga sandalyas ang kanyang mga paa."
"Alagad inapod kan ama an saiyang mga sorogoon, ‘Dali kamo; daraha nindo digdi an pinakamarahay na gubing asin sulotan nindo saiya; singsingan nindo siya saka sapatosan.","At kunin ninyo ang pinatabang guya at patayin ito, at tayo'y kumain at magdiwang."
Dangan daraha digdi an pinatabang ogbon na baka asin bunoa! Mag-ogma kita! Magbangkete kita!,"Sapagkat ang anak kong ito ay patay na, at muling nabuhay; siya'y nawala, at natagpuan.’ At sila'y nagsimulang magdiwang."
"Huli ta an aki kong ini gadan na, alagad ngunyan nabuhay liwat; nawara, alagad nakua na.’ Kaya nagpoon sindang mag-orogma.","Samantala, nasa bukid ang anak niyang panganay at nang siya'y dumating at papalapit sa bahay, nakarinig siya ng tugtugan at sayawan."
"“Kan oras na iyan, an matuang aki papuli na hale sa oma. Kan harani na siya sa harong, nakadangog siya nin musika asin sarayaw.",Tinawag niya ang isa sa mga alipin at itinanong kung ano ang kahulugan nito.
Inapod niya an saro kan mga sorogoon dangan hinapot kun ano an nangyayari.,"At sinabi niya sa kanya, ‘Dumating ang kapatid mo at pinatay ng iyong ama ang pinatabang guya, dahil sa siya'y tinanggap niyang ligtas at malusog.’"
"Nagsimbag an sorogoon, ‘Nag-abot na an tugang mo! Pinabuno kan saimong ama an pinatabang ogbon na baka huli ta nakabalik siyang ligtas saka buhay.’","Subalit nagalit siya at ayaw pumasok. Lumabas ang kanyang ama, at siya'y pinakiusapan."
Naanggot an matuang aki asin habong lumaog sa harong; kaya nagluwas an saiyang ama asin pinakiolayan siyang lumaog.,"Subalit sumagot siya sa kanyang ama, ‘Tingnan mo, maraming taon nang ako'y naglingkod sa iyo, at kailanma'y hindi ako sumuway sa iyong utos. Gayunman ay hindi mo ako binigyan kailanman ng kahit isang batang kambing upang makipagsaya sa aking mga kaibigan."
"Alagad sinabihan niya an saiyang ama, ‘Hilinga man daw, pinaglingkodan taka sa haloy na panahon, asin dai ko linapas an saimong kabotan, alagad ano man lamang an itinao mo sako? Mayo, maski sarong sadit na kanding tanganing mag-ogma ako kaiba kan sakong mga katood!",Subalit nang dumating ang anak mong ito na lumustay ng iyong kabuhayan sa masasamang babae ay ipinagpatay mo pa siya ng pinatabang guya.’
"Alagad pagpuli kan aki mong iyan na nagsayang kan saimong pagsadiri sa mga maraot na babae, ipinabuno mo pa an pinatabang ogbon na baka!’","At sinabi niya sa kanya, ‘Anak, ikaw ay palagi kong kasama, ang lahat ng sa akin ay sa iyo."
"Nagsimbag an ama, ‘Aki ko, danay kang nasa kaibahan ko, asin saimo an gabos na sadiri ko.","Ngunit nararapat lamang na magsaya at magalak, sapagkat ang kapatid mong ito ay patay at muling nabuhay; siya'y nawala at natagpuan.’”"
"Nag-osipon man si Jesus sa saiyang mga disipulo, “Igwa nin sarong mayaman na may enkargado na namamahala kan mga pagsadiri niya. Nakaabot sa mayaman na ini an bareta na an sadiri niya pinagpaparagasto kan enkargado.","Sinabi rin ni Jesus sa mga alagad, “May isang taong mayaman na may isang katiwala, at isinumbong sa kanya na nilulustay ng taong ito ang kanyang mga kayamanan."
"Kaya ipinaapod niya saka tinaraman, ‘Ano ining nadadangog ko manongod saimo? Tawe ako nin kwenta kan palakaw mo sa pagsadiri ko huli ta dai ka na pwedeng mamahala kaiyan.’","At kanyang tinawag siya, at sa kanya'y sinabi, ‘Ano itong nababalitaan ko tungkol sa iyo? Magbigay-sulit ka ng ipinagkatiwala sa iyo, sapagkat hindi ka na maaaring maging katiwala pa.’"
"Nagsaboot an enkargado, ‘Hahaleon na ako sa trabaho kan sakong kagurangnan. Ano na an gigibohon ko? Maluya akong magtrabaho sa daga asin nasosopog akong makilimos.","Sinabi ng katiwala sa kanyang sarili, ‘Anong gagawin ko yamang inaalis sa akin ng aking panginoon ang pagiging katiwala? Hindi ko kayang maghukay at nahihiya akong mamalimos."
"Aram ko na an gigibohon ko tanganing kun mayo na ako nin trabaho, akoon ako kan sakong mga katood sa saindang harong!’","Naipasiya ko na ang aking gagawin, upang matanggap ako ng mga tao sa kanilang bahay kapag pinaalis na ako sa pagiging katiwala.’"
"Kaya saro-saro niyang ipinaapod an mga may utang sa saiyang kagurangnan. Hinapot niya an enot, ‘Gurano an utang mo sa sakong kagurangnan?’","Kaya't nang tawagin niyang isa-isa ang mga may utang sa kanyang panginoon, ay sinabi niya sa una, ‘Magkano ang utang mo sa aking panginoon?’"
"Nagsimbag idto, ‘Sanggatos na bariles nin lanang oliba.’ Tinaraman siya kan enkargado, ‘Uya an listahan kan saimong utang. Dali, tukaw na asin isurat mong singkwenta.’","At sinabi niya, ‘Isang daang takal na langis.’ At sinabi niya sa kanya, ‘Kunin mo ang iyong kasulatan at maupo ka at isulat mo kaagad ang limampu.’"
"Hinapot man niya an saro, ‘Ika man, gurano an utang mo?’ Nagsimbag ini, ‘Sanggatos na sako nin trigo.’ Sinabihan siya kan enkargado, ‘Uya an listahan kan saimong utang; otsenta sana an isurat mo.’","Pagkatapos ay sinabi niya sa iba, ‘Magkano ang utang mo?’ Sinabi niya, ‘Isang daang takal na trigo.’ Sinabi niya sa kanya, ‘Kunin mo ang iyong kasulatan at isulat mo ang walumpu.’"
Inomaw kan kagurangnan an madayang enkargado huli ta ginamit niya an saiyang isip. Huli ta an mga aki kan kinaban na ini mas madodonong magpalakaw kan mga pagsadiri ninda ki sa mga aki nin liwanag.”,"At pinuri ng panginoon ang madayang katiwala, sapagkat siya'y gumawang may katusuhan, sapagkat ang mga anak ng sanlibutang ito ay higit na tuso sa pakikitungo sa sarili nilang lahi kaysa mga anak ng liwanag."
"Nagpadagos si Jesus sa pagtaram, “Kaya sinasabihan ko kamo, gamiton nindo an mga kayamanan sa kinaban na ini nganing makakua kamo nin mga katood. Maubos man iyan, may mapadagos pa saindo sa erokan na mayong kataposan.","At sinasabi ko sa inyo, makipagkaibigan kayo para sa inyong mga sarili sa pamamagitan ng mga kayamanan ng kalikuan upang kung ito'y maubos na, ay kanilang tanggapin kayo sa mga walang hanggang tahanan."
"An maimbod sa dikit na bagay, maimbod man sa dakul; an madaya sa dikit na bagay, madaya man sa dakul.",“Ang tapat sa kakaunti ay tapat din naman sa marami at ang di-tapat sa kakaunti ay di rin naman tapat sa marami.
"Kaya kun dai kamo mapapaniwalaan kan kayamanan sa kinaban na ini, siisay an mapaniwala saindo kan tunay na kayamanan?","Kung kayo nga'y hindi naging tapat sa kayamanan ng kalikuan, sino ang magtitiwala sa inyo ng mga tunay na kayamanan?"
"Kun dai kamo mapapaniwalaan kan sadiri nin iba, siisay an matao saindo kan talagang para saindo?","At kung hindi kayo naging tapat sa kayamanan ng iba, sino ang sa inyo'y magbibigay ng sarili ninyong pag-aari."
"“Mayong sorogoon na makakapaglingkod sa duwang kagurangnan, huli ta ikakaongis niya an saro asin mamomotan niya an saro; magigin maimbod siya sa saro asin pag-oolog-ologon an saro. Dai kamo makakapaglingkod sa Dios saka sa kayamanan.”","Walang aliping makapaglilingkod sa dalawang panginoon, sapagkat kapopootan niya ang isa, at iibigin ang ikalawa, o kaya'y magiging tapat sa isa at hahamakin ang ikalawa. Hindi kayo makapaglilingkod sa Diyos at sa mga kayamanan.”"
"Nadangog ini gabos kan mga Fariseong makikwarta, kaya pinagngisihan ninda si Jesus.",Narinig ng mga Fariseo na pawang maibigin sa salapi ang lahat ng mga bagay na ito at kanilang tinuya si Jesus.
"Alagad sinabihan sinda ni Jesus, “Kamo an mga nagpapakamatanos sa atubang nin mga tawo, alagad aram nin Dios an nasa puso nindo. Huli ta an pinapahalagahan nin mga tawo, ikinakaongis nin Dios.","At sinabi niya sa kanila, “Kayo ang mga nagmamatuwid sa inyong sarili sa paningin ng mga tao, subalit nalalaman ng Diyos ang inyong mga puso. Sapagkat ang dinadakila ng mga tao ay kasuklamsuklam sa paningin ng Diyos."
"“An Katogonan ni Moises saka an mga kasuratan kan mga propeta nagdanay sagkod sa panahon ni Juan Bautista. Magpoon kaiyan, ipinaghuhulit na an Marahay na Bareta dapit sa Kahadean nin Dios, asin an gabos nagpipirit na makalaog diyan.","“Ang kautusan at ang mga propeta ay hanggang kay Juan; mula noon, ang magandang balita ng kaharian ng Diyos ay ipinangangaral, at ang bawat isa ay sapilitang pumapasok doon."
"Alagad mas pasil na mapara an langit saka an daga, ki kan mawaraan nin halaga maski an pinakasadit sanang punto kan Katogonan.","Ngunit mas madali pa para sa langit at lupa na lumipas, kaysa maalis ang isang kudlit sa kautusan."
"“An lalaking magsuhay sa agom dangan mag-agom nin iba, nagkakasala nin adulteryo; an lalaking mag-agom sa babaeng sinuhayan, nagkakasala man nin adulteryo.","“Ang bawat humihiwalay sa kanyang asawang babae at nag-asawa ng iba ay nagkakasala ng pangangalunya, at ang nag-aasawa sa babaing hiniwalayan ng kanyang asawa ay nagkakasala ng pangangalunya."
“Igwa kaidto nin sarong mayaman. Mga mamahalon an gubing niya asin masisiram an mga kinakakan aroaldaw.,“Mayroong isang taong mayaman na nagsusuot ng kulay ube at pinong lino at nagpipista araw-araw sa maraming pagkain.
"May saro man na dukha na an ngaran Lazaro; pano nin lugad an hawak niya. Danay siyang nakatukaw sa may pintoan kan mayaman,","At sa kanyang pintuan ay nakahandusay ang isang pulubi na ang pangala'y Lazaro, na punô ng mga sugat,"
"nagmamawot na makakakan dawa kan mga rakdag na nahuhulog sa lamesa kan mayaman. Laen pa kaiyan, rinaranihan asin dinidilaan kan mga ayam an mga lugad niya.",na naghahangad na makakain mula sa mga nahuhulog sa hapag ng mayaman. Maging ang mga aso ay lumalapit at hinihimuran ang kanyang mga sugat.
Nagadan an dukha asin dinara siya kan mga anghel sa kataed ni Abraham. Nagadan man an mayaman saka ilinubong.,"At nangyari, namatay ang pulubi at siya'y dinala ng mga anghel sa kandungan ni Abraham. Namatay din naman ang mayaman at inilibing."
"Kan nasasakitan na an mayaman duman sa Hades, nagtangad siya asin nahiling niya sa harayo si Abraham saka si Lazaro sa kataed kaini.",At mula sa Hades na kanyang pinagdurusahan ay tumingala siya at nakita sa malayo si Abraham at si Lazaro sa kanyang kandungan.
"Kaya nagkurahaw siya, ‘Amang Abraham! Kaheraki man ako! Sugoa man si Lazaro na idotdot an muro niya sa tubig tanganing palipotan an dila ko, huli ta nasasakitan ako nin makuri sa kalayong ini!’","Siya'y sumigaw at sinabi, ‘Amang Abraham, maawa ka sa akin, at suguin mo si Lazaro, upang itubog niya sa tubig ang dulo ng kanyang daliri, at palamigin ang aking dila, sapagkat naghihirap ako sa apoy na ito.’"
"Alagad sinabihan siya ni Abraham, ‘Aki ko, giromdoma na kan nabubuhay ka pa sa daga, nakamtan mo an gabos na kaginhawahan, mantang si Lazaro anas pagtios. Ngunyan nasa kaginhawahan siya digdi mantang ika nagtitios.","Subalit sinabi ni Abraham, ‘Anak, alalahanin mo na sa iyong buhay ay tinanggap mo ang iyong mabubuting bagay, at si Lazaro naman ay ang masasamang bagay. Subalit ngayon ay inaaliw siya rito at ikaw ay nagdurusa."
"Laen pa kaiyan, igwang hararom na ampas sa pagultanan ta, tanganing dai makabalyo diyan an yaon digdi, asin dai makabalyo digdi an yaon diyan.’","Bukod dito, may isang malaking banging inilagay sa pagitan natin, upang ang mga nagnanais tumawid buhat dito patungo sa inyo ay hindi maaari at wala ring makatatawid mula riyan patungo sa amin.’"
"Nagsabi an mayaman, ‘Kun siring, Amang Abraham, nakikimaherak ako saimo na isubol mo si Lazaro sa harong nin sakong ama,","At sinabi niya, ‘Kung gayo'y ipinapakiusap ko sa iyo, ama, na isugo mo siya sa bahay ng aking ama,"
"huli ta igwa pa ako duman nin limang tugang na lalaki. Padumanon mo siya nganing patanidan sinda, ta tibaad makadigdi man sinda sa lugar na ini nin kasakitan.’","sapagkat ako'y may limang kapatid na lalaki, upang magpatotoo sa kanila nang hindi rin sila mapunta sa dakong ito ng pagdurusa."
"Alagad sinabihan siya ni Abraham, ‘Yaon sainda si Moises saka an mga propeta; kaya dapat na magdangog sainda an mga tugang mo.’","Subalit sinabi ni Abraham, ‘Nasa kanila si Moises at ang mga propeta, hayaan mo silang makinig sa kanila.’"
"Nagsimbag an mayaman, ‘Dai, Amang Abraham; alagad kun may sarong mabuhay liwat na magduman sainda, mabakle sinda.’","Sinabi niya, ‘Hindi, amang Abraham, subalit kung ang isang mula sa mga patay ay pumunta sa kanila, sila'y magsisisi.’"
"Sinabihan siya ni Abraham, ‘Kun dai sinda magdangog ki Moises asin sa mga propeta, dai man sinda matubod maski pa may mabuhay liwat sa mga gadan.’”","At sinabi niya sa kanya, ‘Kung hindi nila pinapakinggan si Moises at ang mga propeta, hindi rin sila mahihikayat, kahit may isang bumangon mula sa mga patay.’”"
"Nagsabi si Jesus sa saiyang mga disipulo, “Maabot nanggad an mga pagsugot; alagad herak man sa tawong nagigin dahelan nin pagkakasala!","Sinabi ni Jesus sa kanyang mga alagad, “Hindi maaaring di dumating ang mga kadahilanan ng pagkatisod, subalit kahabag-habag ang sinuman na pinanggagalingan niyon."
"Marahay pang tagulnodan siya sa liog nin gapong gilingan dangan ihulog sa tahaw kan dagat, ki kan magin siyang dahelan nin pagkakasala kan mga saradit na ini.","Mabuti pa sa kanya na bitinan ang kanyang leeg ng isang batong panggiling, at ihagis siya sa dagat, kaysa siya ang maging sanhi ng pagkatisod ng isa sa maliliit na ito."
Kaya mag-ingat kamo!,"Mag-ingat kayo sa inyong sarili. Kung magkasala ang iyong kapatid, sawayin mo siya, at kung siya'y magsisi, patawarin mo siya."
"“Kun an tugang mo magkasala saimo, sagweon mo siya; kun magbakle siya, patawada.","Kung siya'y magkasala laban sa iyo ng pitong ulit sa isang araw at pitong ulit siyang bumalik sa iyo, na nagsasabi, ‘Nagsisisi ako,’ dapat mo siyang patawarin.”"
"Maski pa pitong beses siyang magkasala saimo sa laog nin sarong aldaw asin pitong beses man siyang magsabi, ‘Nagsosolsol na ako,’ dapat mo siyang patawadon.”","Sinabi ng mga apostol sa Panginoon, “Dagdagan mo ang pananampalataya namin.”"
"Nagsabi sa Kagurangnan an mga apostol, “Pakosoga an samong pagtubod!”","Sinabi ng Panginoon, “Kung mayroon kayong pananampalataya na kasinglaki ng isang binhi ng mustasa, masasabi ninyo sa puno ng sikomorong ito, ‘Mabunot ka, at matanim ka sa dagat,’ susundin kayo nito."
"Sinabihan sinda kan Kagurangnan, “Kun igwa kamo nin pagtubod na siring kan pisog nin mustasa, masasabihan nindo ining kahoy na sikomoro, ‘Magabot ka dangan makatanom sa dagat!’ asin makuyog iyan saindo.","“Sino sa inyo, na mayroong aliping nag-aararo o nag-aalaga ng mga tupa ang magsasabi sa kanya pagkagaling sa bukid, ‘Pumarito ka agad at maupo sa hapag ng pagkain.’"
"“Halimbawa igwa kamo nin sorogoon na nag-aarado o nagaataman nin mga karnero. Pag-abot niya hale sa oma, aalokon daw nindo siyang magkakan?","Sa halip, hindi ba niya sasabihin sa kanya, ‘Ipaghanda mo ako ng hapunan, magbigkis ka, paglingkuran mo ako, hanggang sa ako'y makakain at makainom, pagkatapos ay kumain ka at uminom’?"
"Dai nanggad! Kundi, ini an sasabihon nindo saiya, ‘Andama an sakong pamanggihan, dangan magsangle ka asin maglingkod sako mantang nagkakakan ako. Pakatapos ko, pwede ka nang magkakan.’","Pinasasalamatan ba niya ang alipin, sapagkat ginawa niya ang iniutos sa kanya?"
Pinapasalamatan daw an sorogoon huli ta kinuyog niya an ipinagboot saiya? Dai!,"Gayundin naman kayo, kapag nagawa na ninyo ang lahat ng mga bagay na iniutos sa inyo, inyong sabihin, ‘Kami'y mga aliping walang kabuluhan, ginawa lamang namin ang aming katungkulan.’”"
"Arog man kamo kaiyan; kun nagibo na nindo an ipinapagibo saindo magsabi kamo, ‘Mga sorogoon sana kami; ginibo mi sana an samong katongdan!’”","Habang patungo sa Jerusalem, si Jesus ay dumaan sa pagitan ng Samaria at Galilea."
"Kan pasiring si Jesus sa Jerusalem, nag-agi siya sa pagdolonan kan Samaria asin Galilea.","At sa pagpasok niya sa isang nayon, sinalubong siya ng sampung lalaking ketongin, na nakatayo sa malayo."
"Palaog na siya sa sarong baryo kan sabaton siya nin sampolong daoton. Nagtindog sinda sa harayo,","Sila'y nagsisigaw at nagsabi, “Jesus, Panginoon, maawa ka sa amin.”"
"asin kuminurahaw, “Jesus, Kagurangnan! Kaheraki man kami!”","Nang kanyang makita sila ay sinabi niya sa kanila, “Humayo kayo at kayo'y magpakita sa mga pari.” Habang sila'y umaalis, sila ay nagiging malinis."
"Nahiling sinda ni Jesus asin sinabihan, “Lakaw, pumahiling kamo sa mga padi.”","Nang makita ng isa sa kanila na siya'y gumaling na, siya ay bumalik na pinupuri ng malakas na tinig ang Diyos."
"Sa dalan pa sana, nagkarilinigan na sinda.",Siya'y nagpatirapa sa paanan ni Jesus na nagpapasalamat sa kanya. Siya'y isang Samaritano.
"An saro sainda, pakahiling na nalinigan na siya, nagbalik na nag-oomaw sa Dios sa makosog na tingog.","At nagtanong si Jesus, “Hindi ba sampu ang nalinis? Nasaan ang siyam?"
Nagdapa siya sa atubangan ni Jesus saka nagpasalamat. An tawong ini Samaritano.,"Wala bang natagpuang bumalik at nagbigay papuri sa Diyos, maliban sa dayuhang ito?”"
"Naghapot si Jesus, “Bakong sampolo an narahay? Haen an siyam?","At sinabi ni Jesus sa kanya, “Tumindig ka at humayo. Pinagaling ka ng iyong pananampalataya.”"
Tadaw ta an dayuhan sanang ini an nagbalik sa pagpasalamat sa Dios?”,"Palibhasa'y tinanong si Jesus ng mga Fariseo kung kailan darating ang kaharian ng Diyos, kanyang sinagot sila, “Ang kaharian ng Diyos ay hindi darating na may mga palatandaang makikita."
"Dangan sinabihan siya ni Jesus, “Tumindog ka! Puli na; an saimong pagtubod iyo an nagpaomay saimo.”","At di rin nila sasabihin, ‘Tingnan ninyo, naririto o naroroon!’ Sapagkat masdan ninyo, ang kaharian ng Diyos ay nasa inyo.”"
"Sarong aldaw hinapot si Jesus kan mga Fariseo kun nuarin maabot an Kahadean nin Dios. Nagsimbag siya, “An Kahadean nin Dios madatong na mayong tanda na mahihiling.","Sinabi niya sa mga alagad, “Darating ang mga araw na hahangarin ninyong makita ang isa sa mga araw ng Anak ng Tao at hindi ninyo ito makikita."
"Mayong makakapagsabi, ‘Yaon digdi!’ o ‘Yaon duman!’ huli ta an Kahadean nin Dios yaon saindo.”","At sasabihin nila sa inyo, ‘Tingnan ninyo, naroroon’ o ‘Tingnan ninyo, naririto!’ Huwag kayong pumaroon o sumunod sa kanila."
"Dangan nagsabi siya sa mga disipulo, “Maabot an panahon na mamawoton nindong mahiling an saro kan mga aldaw kan Aki nin Tawo, alagad dai nindo iyan mahihiling.","Sapagkat kung paanong ang kidlat ay kumikislap at pinaliliwanag ang langit mula sa isang panig hanggang sa kabila, gayundin naman ang Anak ng Tao sa kanyang araw."
"Igwa nin masabi, ‘Yaon duman!’ o ‘Yaon digdi!’ Alagad dai kamo magtubod, dai kamo magsunod sainda.",Subalit kailangan muna siyang magdusa ng maraming bagay at itakuwil ng lahing ito.
"Siring na an kikilat minasilyab hale sa sarong poro sagkod sa ibong na poro kan kalangitan, arog man kaiyan an pag-abot kan Aki nin Tawo.","At kung paano ang nangyari sa mga araw ni Noe, ay gayundin naman ang mangyayari sa mga araw ng Anak ng Tao."
Alagad kaipuhan ngona siyang magtios nin dakul na kasakitan dangan isikwal kan henerasyon na ini.,"Sila'y kumakain at umiinom, nag-aasawa at sila'y pinag-aasawa, hanggang sa araw na pumasok sa daong si Noe at dumating ang baha, at nilipol silang lahat."
Kun ano an nangyari kan panahon ni Noe iyo man an mangyayari sa mga aldaw kan Aki nin Tawo.,"Gayundin ang nangyari sa mga araw ni Lot. Sila'y kumakain at umiinom, bumibili at nagbibili, nagtatanim at nagtatayo."
"Kan panahon na idto, sige sana an karakanan, irinoman, asin aragoman kan mga tawo sagkod sa aldaw na si Noe naglaog sa arka. Dangan nag-abot an baha asin nalamos sinda gabos.","Subalit nang araw na umalis sa Sodoma si Lot, umulan ng apoy at asupre mula sa langit at pinuksa silang lahat."
"Siring man an nangyari kan panahon ni Lot. Nagkarakan sinda, nag-irinom, nagbakal, nagpabakal, nagtanom asin nagtugdok nin harong.",Gayundin naman ang mangyayari sa araw na ang Anak ng Tao ay mahayag.
"Alagad kan aldaw na maghale si Lot sa Sodoma, nag-uran nin kalayo saka asupre; nagadan sinda gabos.","Sa araw na iyon, ang nasa bubungan na ang pag-aari niya ay nasa bahay, ay huwag nang manaog upang kunin ang mga ito. Gayundin, ang nasa bukid ay huwag nang bumalik."
Arog man kaiyan sa aldaw na magpahiling an Aki nin Tawo.,Alalahanin ninyo ang asawa ni Lot.
"“Sa aldaw na iyan, an tawong nasa atop, dai na dapat maglaog pa sa harong tanganing magkua kan saiyang mga gamit; an tawong nasa oma dai na dapat magpuli sa saiyang harong.","Sinumang nagsisikap ingatan ang kanyang buhay ay mawawalan nito, subalit ang sinumang nawalan ng kanyang buhay ay maiingatan iyon."
Giromdoma nindo an agom ni Lot!,"Sinasabi ko sa inyo, sa gabing iyon ay may dalawa sa isang higaan; ang isa'y kukunin, at ang isa'y iiwan."
"An boot magligtas kan saiyang buhay, mawawaraan kaiyan; an mawaraan kan saiyang buhay, magkakamit kaiyan.","May dalawang magkasamang magtatrabaho sa gilingan, kukunin ang isa, at ang isa'y iiwan.”"
"Sinasabihan ko kamo, sa bangging iyan igwa nin duwang tawo na maturog sa sarong higdaan; an saro kukuahon, an saro iwawalat.",(Pupunta sa bukid ang dalawang lalaki; ang isa'y kukunin at ang isa'y iiwan.)
"Duwang babae an magtatabang sa paggiling; an saro kukuahon, an saro iwawalat. (","At sinabi nila sa kanya, “Saan, Panginoon?” Sinabi niya sa kanila, “Kung saan naroon ang bangkay ay doon magtitipon ang mga buwitre.”"
"Dangan nag-osipon sainda si Jesus nin sarong parabola, tanganing tukdoan sinda na danay na mamibi asin dai mahalean nin paglaom.",At isinalaysay ni Jesus sa kanila ang isang talinghaga kung paanong sila'y dapat laging manalangin at huwag manlupaypay.
"Nagsabi siya, “May sarong hukom sa sarong banwaan na dai natatakot sa Dios saka mayong ginagalangan na siisay man na tawo.","Sinabi niya, “Sa isang lunsod ay may hukom na hindi natatakot sa Diyos at walang taong iginagalang."
Igwa man sa banwaan na idto nin sarong babaeng balo na nagpaparabalik-balik sa hukom na ini huli ta naghahagad nin tabang sa kaso niya tumang sa sarong kaiwal.,"At sa lunsod na iyon ay may isang babaing balo na laging pumupunta sa kanya, na nagsasabi, ‘Bigyan mo ako ng katarungan laban sa aking kaaway.’"
"Haloy nang nagparasayuma an hukom, alagad sa kahuri-hurihi nagsaboot siya, ‘Dawa dai ako natatakot sa Dios, saka mayong ginagalangan na siisay man na tawo,","May ilang panahon na siya'y tumatanggi, subalit pagkatapos ay sinabi sa kanyang sarili, ‘Bagaman ako'y hindi natatakot sa Diyos, at hindi gumagalang sa tao,"
"alagad huli ta dai ako inoontokan kan balong ini, gigibohon ko na sana an hinahagad niya, tanganing dai na niya ako pagpurisawon.’”","subalit dahil ginagambala ako ng balong ito, bibigyan ko siya ng katarungan. Kung hindi ay magsasawa ako sa kanyang patuloy na pagpunta rito.’”"
"Nagsabi pa an Kagurangnan, “Dangoga nindo an sinabi kan hukom na maraot.","At sinabi ng Panginoon, “Pakinggan ninyo ang sinabi ng masamang hukom."
Dai daw itatao nin Dios an katanosan sa saiyang mga pinili na nag-aagrangay saiya aldaw-banggi? Mag-aabala daw siya sa pagtabang sainda?,At hindi ba bibigyan ng Diyos ng katarungan ang kanyang mga pinili na sumisigaw sa kanya araw at gabi. Kanya bang matitiis sila?
"Alagad pagdigdi kan Aki nin Tawo, makakakua daw siya nin pagtubod sa kinaban?”","Sinasabi ko sa inyo, mabilis niyang bibigyan sila ng katarungan. Gayunman, pagparito ng Anak ng Tao, makakatagpo kaya siya ng pananampalataya sa lupa?”"
Inosipon man ni Jesus an parabolang ini sa mga tawong naghohona na sinda marahay asin nagmemenos sa iba:,"Isinalaysay rin niya ang talinghagang ito sa ilan na nagtitiwala sa kanilang sarili, na sila'y matutuwid at hinahamak ang iba."
“May duwang tawong nagduman sa Templo tanganing mamibi; an saro Fariseo asin an saro parasingil nin buhis.,"“Dalawang lalaki ang pumunta sa templo upang manalangin. Ang isa'y Fariseo, at ang isa'y maniningil ng buwis."
"“Nagtindog an Fariseo asin namibi nin siring, ‘O Dios, nagpapasalamat ako saimo, huli ta bako akong arog sa mga parahabon, mga madaya, mga parasambay. Bako man ako arog sa tawong ini na parasingil nin buhis.","Ang Fariseo ay nakatayo at nanalangin sa kanyang sarili ng ganito, ‘Diyos, pinasasalamatan kita na hindi ako gaya ng ibang mga tao, na mga mangingikil, mga di makatarungan, mga mangangalunya, o gaya man ng maniningil ng buwis na ito."
Nag-aayuno ako nin duwang beses sa semana saka nagtatao ako saimo nin himoloan kan gabos kong hinanapan.’,"Dalawang ulit akong nag-aayuno sa isang linggo, nagbibigay ako ng ikapu sa lahat ng aking kinikita!’"
"Alagad an parasingil nin buhis na nakatindog sa harayo, dai nangangahas magtangad sa langit, kundi tinutumbok an saiyang daghan asin nagsasabi, ‘O Dios ko, kaheraki man ako na sarong parakasala!’","Subalit ang maniningil ng buwis, na nakatayo sa malayo ay ayaw itingin man lamang ang kanyang mga mata sa langit, kundi dinadagukan ang kanyang dibdib, na nagsasabi, ‘Diyos, mahabag ka sa akin na isang makasalanan.’"
"Sinasabihan ko kamo na an lalaking idto mapuling matanos ki sa Fariseo. Huli ta an nagpapalangkaw, ibababa; alagad an nagpapakumbaba, ilalangkaw.”","Sinasabi ko sa inyo, nanaog patungo sa kanyang bahay ang taong ito na inaring-ganap sa halip na ang isa. Sapagkat ang bawat nagmamataas sa kanyang sarili ay ibababa, ngunit ang nagpapakababa sa kanyang sarili ay itataas.”"
May nagkapirang tawo na nagdara kan saindang mga aki ki Jesus tanganing saiyang bendisyonan. Nahiling sinda kan mga disipulo kaya inanggotan sinda.,"Noon ay dinadala sa kanya maging ang mga sanggol, upang kanyang hawakan sila. Subalit nang makita ito ng mga alagad, sila'y sinaway nila."
"Alagad inapod ni Jesus an mga aki saka nagsabi, “Pabayae nindong magdolok sako an mga aki! Dai nindo sinda pag-olangon huli ta sa mga arog sainda an Kahadean nin Dios.","Subalit pinalapit sila ni Jesus na sinasabi, “Hayaan ninyong lumapit sa akin ang maliliit na bata, at huwag ninyo silang hadlangan, sapagkat sa mga ganito nauukol ang kaharian ng Diyos."
"Sa katotoohan sinasabihan ko kamo, an siisay man na dai umako kan Kahadean nin Dios siring sa aking sadit, dai nanggad makakalaog diyan.”","Katotohanang sinasabi ko sa inyo, sinumang hindi tumatanggap sa kaharian ng Diyos na gaya ng isang maliit na bata ay hindi makakapasok doon.”"
"Hinapot si Jesus kan sarong lider na Judio, “Marahay na Maestro, ano an dapat kong gibohon tanganing makamtan ko an buhay na daing kataposan?”","Tinanong siya ng isang pinuno, “Mabuting Guro, anong gagawin ko upang magmana ng buhay na walang hanggan?”"
"Sinimbag siya ni Jesus, “Tadaw ta inaapod mo akong marahay? Mayong marahay kundi an Dios sana.","Sinabi sa kanya ni Jesus, “Bakit mo ako tinatawag na mabuti? Walang mabuti kundi ang Diyos lamang."
Aram mo an mga togon: ‘Dai ka magsambay; dai ka maggadan; dai ka maghabon; dai ka magsaksi nin putik; galangan mo an saimong ama asin ina.’”,Nalalaman mo ang mga utos: ‘Huwag kang mangalunya; Huwag kang pumatay; Huwag kang magnakaw; Huwag kang tumayong saksi sa kasinungalingan; Igalang mo ang iyong ama at ina.’”
"Nagsimbag an lalaki, “Kinukuyog ko na iyan gabos poon kan ako aki pa.”","At sinabi niya, “Tinupad ko ang lahat ng mga bagay na ito buhat pa sa aking pagkabata.”"
"Kan madangog ini ni Jesus, sinabihan niya an lalaki, “Saro pang bagay an kaipuhan mong gibohon. Ipabakal mo an gabos mong rogaring saka ipanao mo an kabaklan sa mga dukha, asin magkakaigwa ka nin kayamanan sa langit. Pakatapos, magbalik ka asin sumunod sako.”","Nang marinig ito ni Jesus, sinabi niya sa kanya, “Isang bagay pa ang kulang sa iyo. Anumang mayroon ka ay ipagbili mo, ipamahagi mo sa mga dukha, at magkakaroon ka ng kayamanan sa langit. At pumarito ka, sumunod ka sa akin."
"Alagad kan madangog ini kan lalaki, namondo siya huli ta mayaman siya.","Subalit nang marinig niya ang mga bagay na ito, siya'y nalungkot, sapagkat siya'y napakayaman."
"Nahiling ni Jesus na namondo an tawong idto kaya nagsabi siya, “Masakit na gayo sa mga mayaman na makalaog sa Kahadean nin Dios!","Tumingin sa kanya si Jesus at sinabi, “Napakahirap sa mga may kayamanan ang pumasok sa kaharian ng Diyos!"
Mas pasil pa sa sarong kamelyo na makaagi sa labot nin dagom ki sa sarong mayaman na makalaog sa Kahadean nin Dios.”,"Sapagkat madali pa sa isang kamelyo ang pumasok sa butas ng isang karayom, kaysa sa isang taong mayaman na pumasok sa kaharian ng Diyos.”"
"Naghapot saiya an mga nakadangog, “Kun siring, siisay palan an makakaligtas?”","At sinabi ng mga nakarinig nito, “Sino kaya ang maliligtas?”"
"Sinimbag sinda ni Jesus, “An imposible sa tawo, posible sa Dios.”","Subalit sinabi niya, “Ang mga bagay na hindi magagawa ng mga tao ay magagawa ng Diyos.”"
"Dangan nagsabi si Pedro ki Jesus, “Binayaan mi an samuyang mga harong asin nagsunod saimo.”","Sinabi ni Pedro, “Tingnan mo, iniwan namin ang aming mga tahanan at sumunod sa iyo.”"
"Nagsabi si Jesus, “Sa katotoohan sinasabihan ko kamo, na an siisay man na magbaya nin erokan, o agom, o mga tugang, o mga magurang o mga aki huli sa Kahadean nin Dios,","At sinabi niya sa kanila, “Katotohanang sinasabi ko sa inyo, walang sinuman na nag-iwan ng bahay, o asawang babae, o mga kapatid, o mga magulang o mga anak, dahil sa kaharian ng Diyos,"
"maako nin mas dakul sa panahon na ini, asin nin buhay na daing kataposan sa maabot na panahon.”","na di tatanggap ng lalong higit pa sa panahong ito, at sa panahong darating ng buhay na walang hanggan.”"
"Isiniblag ni Jesus an Dose dangan sinabihan, “Uya, nagtutukad na kita pasiring sa Jerusalem; duman maootob an gabos na isinurat kan mga propeta dapit sa Aki nin Tawo.","Isinama niya ang labindalawa at sinabi sa kanila, “Tingnan ninyo, umaahon tayo tungo sa Jerusalem, at ang lahat ng mga bagay na isinulat ng mga propeta tungkol sa Anak ng Tao ay matutupad."
"Huli ta itatao siya sa mga pagano saka pagtutuya-tuyaon, sosopogon asin lulutaban.","Sapagkat siya'y ibibigay sa mga Hentil at siya'y lilibakin, hahamakin, at luluraan,"
"Hahampakon ninda siya dangan gagadanon, alagad sa ikatolong aldaw mabubuhay siya liwat.”",kanilang hahagupitin siya at papatayin at sa ikatlong araw siya ay muling mabubuhay.”
Mayo sindang nasabotan maski arin man kan mga bagay na ini; dai ninda nasabotan an saiyang itinaram huli ta dai ini naabot kan saindang isip!,"Ngunit wala silang naunawaan sa mga bagay na ito. Ang salitang ito ay naikubli sa kanila, at hindi nila naunawaan ang sinabi."
"Mantang nagdadangadang si Jesus sa Jerico, may sarong lalaking buta duman na nakatukaw sa gilid kan tinampo, nakikilimos.","Nang malapit na siya sa Jerico, isang bulag ang nakaupo sa tabi ng daan na namamalimos."
"Kan madangog kan buta an kadakul na nag-aaragi, naghapot siya kun ano an nangyayari.","At nang marinig niya ang maraming tao na dumaraan, nagtanong siya kung ano ang ibig sabihin nito."
Sinabihan siya na si Jesus na taga Nazaret nag-aagi.,Sinabi nila sa kanya na dumaraan si Jesus na taga-Nazaret.
"Nagkurahaw siya, “Jesus! Aki ni David! Kaheraki man ako!”","At siya'y sumigaw, “Jesus! Anak ni David, maawa ka sa akin.”"
"Inanggotan siya kan mga tawong nasa enotan asin pinaalo. Alagad orog siyang nagkurahaw, “Aki ni David! Kaheraki man ako!”","Siya'y sinaway ng mga nasa unahan at sinabihan siyang tumahimik. Subalit siya'y lalong nagsisigaw, “Anak ni David, maawa ka sa akin.”"
"Nag-ontok si Jesus, dangan nagboot na darahon saiya an buta. Kan harani na saiya an buta, hinapot niya,","At si Jesus ay tumigil at ipinag-utos na dalhin ang tao sa kanya. Nang lumapit ito ay kanyang tinanong,"
“Ano an boot mong gibohon ko para saimo?”,"“Anong ibig mong gawin ko sa iyo?” At sinabi niya, “Panginoon, ako sana'y muling makakita.”"
"“Kagurangnan, boot kong makahiling,” an simbag niya.","Sinabi sa kanya ni Jesus, “Tanggapin mo ang iyong paningin; pinagaling ka ng iyong pananampalataya.”"
"Dangan sinabihan siya ni Jesus, “Makahiling ka! An saimong pagtubod iyo an nagpaomay saimo.”","At kaagad na tinanggap niya ang kanyang paningin at sumunod sa kanya, na niluluwalhati ang Diyos. Nang makita ito ng buong bayan ay nagbigay puri sila sa Diyos."
Naglaog si Jesus sa Jerico dangan naglakaw paluwas.,"Siya'y pumasok at nagdaan sa Jerico,"
Igwa duman sa Jerico nin mayaman na poon kan mga parasingil nin buhis na an ngaran Zakeo.,at doon ay may isang lalaki na ang pangalan ay Zaqueo. Siya'y isang punong maniningil ng buwis at mayaman.
Boot niyang mahiling si Jesus alagad dai niya nahihiling huli ta hababa siya asin huli ta kadakul kan mga tawo.,"Nagsikap siyang makita kung sino si Jesus, subalit hindi magawa dahil sa karamihan ng mga tao, sapagkat siya'y pandak."
Kaya nagdalagan siya sa enotan kan mga tawo dangan nagsakat sa sarong kahoy na sikomoro tanganing mahiling niya si Jesus pag-agi duman.,"Kaya't tumakbo siya sa unahan at umakyat sa isang puno ng sikomoro upang makita siya, sapagkat siya'y daraan sa daang iyon."
"Pagtangod ni Jesus sa kahoy na idto, tinangad niya si Zakeo saka sinabihan, “Zakeo, hilig diyan tolos, huli ta sa harong mo ako madagos ngunyan na aldaw.”","At nang dumating si Jesus sa lugar na iyon, siya'y tumingala, at sinabi sa kanya, “Zaqueo, dali ka at bumaba ka; sapagkat kailangang ako'y tumuloy sa bahay mo ngayon.”"
Hidaling naghilig si Zakeo asin maogma niyang pinadagos si Jesus sa saiyang harong.,"Kaya't siya'y nagmadali, bumaba, at natutuwa siyang tinanggap."
"Kan mahiling ini kan mga tawo, naggurumod-gumod sinda, “An tawong ini nakikidagos sa harong nin sarong parakasala.”","Nang kanilang makita ito ay nagbulungan silang lahat, na nagsasabi, “Siya'y pumasok upang maging panauhin ng isang taong makasalanan.”"
"Nagtindog si Zakeo saka nagsabi ki Jesus, “Kagurangnan, itatao ko sa mga dukha an kabanga kan mga rogaring ko asin kun may nadaya ako, duwang doble an ibabayad ko saiya.”","Si Zaqueo ay tumindig at sinabi sa Panginoon, “Panginoon, ang kalahati ng aking mga pag-aari ay ibinibigay ko sa mga dukha at kung sa pamamagitan ng pandaraya ay may kinuha ako sa kanino mang tao, babayaran ko siya ng apat na ulit.”"
"Nagsabi si Jesus saiya, “Ngunyan na aldaw nag-abot an kaligtasan sa pamilyang ini, huli ta an tawong ini gikan man ki Abraham.","At sinabi sa kanya ni Jesus, “Dumating sa bahay na ito ngayon ang kaligtasan, sapagkat siya man ay anak din ni Abraham."
Dahel ta an Aki nin Tawo nagdigdi sa paghanap asin sa pagligtas kan nawawara.”,Sapagkat ang Anak ng Tao ay dumating upang hanapin at iligtas ang nawala.”
"Mantang nagdadangog ki Jesus an mga tawo, nag-osipon siya nin sarong parabola. Harani na siya sa Jerusalem, kaya naghona an mga tawo na madali nang mahayag an Kahadean nin Dios.","Samantalang pinapakinggan nila ang mga bagay na ito, nagpatuloy siya at nagsalaysay ng isang talinghaga, sapagkat siya'y malapit na sa Jerusalem, at sapagkat kanilang inakala na ang kaharian ng Diyos ay mahahayag na kaagad."
"Kaya sinabihan niya sinda, “May sarong tawong gikan sa ginagalangan na pamilya na naglakaw sa harayong lugar tanganing gibohon na hade, dangan mabalik man sana.","Sinabi nga niya, “Isang maharlikang tao ang pumunta sa isang malayong lupain, upang tumanggap ng isang kaharian at pagkatapos ay bumalik."
"Bago siya naghale, inapod niya an sampolo kan saiyang mga sorogoon, tinawan nin tigsararong bulawan na kwarta saka sinabihan, ‘Kapitalon nindo sa negosyo an kwartang ini mantang mayo ako.’","Tinawag niya ang sampu sa kanyang mga alipin at binigyan sila ng sampung mina, at sinabi sa kanila, ‘Ipangalakal ninyo ito hanggang sa ako'y dumating.’"
"Alagad ikinakaongis siya kan mga kahimanwa niya, kaya nagpadara sinda nin mga sugo tanganing magsabi, ‘Habo ming magin hade an tawong ini.’","Subalit kinapootan siya ng kanyang mga mamamayan at nagsugo sila sa kanya ng kinatawan na nagsasabi, ‘Ayaw namin na ang taong ito'y maghari sa amin.’"
"“Alagad ginibo man giraray na hade an tawong idto dangan nagpuli. Pag-abot niya, ipinaapod niya an mga sorogoon na winalatan niya nin kwarta tanganing aramon kun pira an naganansya ninda.","Nang siya'y bumalik, pagkatapos matanggap ang kaharian, sinabi niyang tawagin ang mga aliping binigyan niya ng salapi, upang malaman niya kung ano ang kanilang tinubo sa pangangalakal."
"Nagdolok an enot na sorogoon asin nagsabi, ‘Kagurangnan, an sarong bulawan na kwarta na itinao mo sako nakaganansya nin sampolo.’","Dumating ang una, na nagsasabi, ‘Panginoon, tumubo ang iyong mina ng sampung mina pa.’"
"Sinabihan niya an sorogoon, ‘Tama an ginibo mo, marahay na sorogoon! Huli ta maimbod ka sa mga sadit na bagay, gigibohon takang kagsakop nin sampolong syudad.’","At sinabi niya sa kanya, ‘Magaling, mabuting alipin. Sapagkat naging tapat ka sa kakaunti, mamahala ka sa sampung lunsod.’"
"Nagdolok an ikaduwang sorogoon asin nagsabi, ‘Kagurangnan, an sarong bulawan na kwarta na itinao mo sako nakaganansya nin lima.’","Dumating ang ikalawa, na nagsasabi, ‘Panginoon, tumubo ang iyong mina ng limang mina.’"
"Sinabihan niya ini, ‘Gigibohon takang kagsakop nin limang syudad.’","Sinabi niya sa kanya, ‘Ikaw ay mamamahala sa limang lunsod.’"
"An saro pang sorogoon nagdolok asin nagsabi, ‘Kagurangnan, uya an saimong bulawan na kwarta; tinungkosan ko ini sa panyo;","Dumating ang isa pa, na nagsasabi, ‘Panginoon, narito ang iyong mina na aking itinago sa isang panyo;"
"huli ta natakot ako saimo dahel ta maisip kang tawo. Kinukua mo an bako mong pinagpagalan, asin nag-aani kan bako mong itinanom.’","ako'y natakot sa iyo, sapagkat ikaw ay taong mahigpit, kinukuha mo ang hindi mo itinabi, at ginagapas mo ang hindi mo inihasik.’"
"Dangan sinabihan kan hade an sorogoon na ini, ‘Maraot kang sorogoon! Papadusahan taka siring sa itinaram mo! Aram mo palan na maisip ako, kinukua ko an bako kong pinagpagalan saka nag-aani kan bako kong itinanom;","Sinabi niya sa kanya, ‘Hinahatulan kita mula sa sarili mong bibig, ikaw na masamang alipin. Alam mo na ako'y taong mahigpit, na kumukuha ng hindi ko itinabi, at gumagapas ng hindi ko inihasik."
"tadaw ta dai mo idineposito sa bangko an kwarta ko? Pagbalik ko, igwa na kuta ini nin tubo pagkua ko.’","Kung gayon, bakit hindi mo inilagay ang aking salapi sa bangko at nang sa aking pagbalik ay makuha ko iyon pati ng tinubo?’"
"Dangan sinabihan niya an mga yaon duman, ‘Kuaha nindo saiya an bulawan na kwarta dangan itao nindo sa igwang sampolo.’","At sinabi niya sa mga nakatayo, ‘Kunin ninyo sa kanya ang mina, at ibigay ninyo sa may sampung mina.’"
"Nagsabi sinda, ‘Kagurangnan, igwa na siyang sampolo!’","Sinabi nila sa kanya, ‘Panginoon, siya'y mayroong sampung mina.’"
"‘Sinasabihan ko kamo,’ an simbag niya, ‘an siisay man na igwa, tatawan pa nin mas dakul; alagad an siisay man na mayo, kukuahan pa maski kan kadikit na sadiri niya.","‘Sinasabi ko sa inyo na sa bawat mayroon ay higit pang marami ang ibibigay; subalit ang wala, pati ang nasa kanya ay kukunin."
"Dapit naman sa mga kaiwal kong habong mag-ako sako bilang hade, darahon nindo sinda digdi asin gadanon sa atubangan ko!’”","Ngunit itong aking mga kaaway, na ayaw na ako'y maghari sa kanila, ay dalhin ninyo rito at patayin sila sa harapan ko.’”"
"Pakatapos niyang magtaram kaini, nag-enot si Jesus sa pagtukad sa Jerusalem.","Nang masabi niya ang mga bagay na ito, nagpatuloy siya na umakyat tungo sa Jerusalem."
"Kan idtoon na siya sa Bukid nin mga Oliba, harani sa Betfage asin Betania, sinugo niya an duwa sa mga disipulo niya","Nang siya'y malapit na sa Betfage at Betania, sa bundok na tinatawag na Olibo, ay sinugo niya ang dalawa sa mga alagad,"
"saka tinugon, “Dumuman kamo sa baryong masunod. Pag-abot nindo duman, mahihiling nindo an sarong asno na nakagakod asin dai pa lamang nakabayohan. Hubadan nindo iyan dangan darahon digdi.","na sinasabi, “Pumunta kayo sa katapat na nayon at sa pagpasok ninyo roon, ay makikita ninyo ang isang nakataling batang asno na hindi pa nasasakyan ng tao. Kalagan ninyo iyon at dalhin ninyo rito."
"Kun may maghapot saindo kun tadaw ta hinuhubadan nindo, sabihan nindo na kaipuhan iyan kan Kagurangnan.”","At kung may magtanong sa inyo, ‘Bakit ninyo kinakalagan iyan? Ganito ang inyong sasabihin, ‘Kailangan siya ng Panginoon.’”"
Kaya nagduman sinda asin nakua an asno siring sa sinabi ni Jesus.,Ang mga sinugo ay pumunta at natagpuan ang ayon sa sinabi niya sa kanila.
"Mantang hinuhubadan ninda an asno, hinapot sinda kan mga kagsadiri, “Tadaw ta hinuhubadan nindo iyan?”","Nang kinakalagan nila ang batang asno, ay sinabi sa kanila ng mga may-ari nito, ‘Bakit ninyo kinakalagan ang batang asno?’"
"“Kaipuhan ini kan Kagurangnan,” an simbag ninda.","At sinabi nila, “Kailangan ito ng Panginoon.”"
Dinara ninda an asno ki Jesus; kinamaderohan ninda an asno kan saindang mga alikboy dangan pinalunad si Jesus.,Dinala nila ito kay Jesus at ipinatong nila ang kanilang mga damit sa batang asno at isinakay nila si Jesus doon.
"Mantang nangangabayo siya, binibiklad kan mga tawo an saindang mga alikboy sa tinampo.","At samantalang siya'y nakasakay, inilalatag ng mga tao ang kanilang mga damit sa daan."
"Kan nagdadangadang na siya sa Jerusalem—palugsot hale sa Bukid nin mga Oliba—an gabos na disipulo nagpoon magpasalamat asin mag-omaw sa Dios sa makosog na tingog huli kan gabos na makangangalas na bagay na nahiling ninda. An sabi ninda,","Nang malapit na siya sa libis ng bundok ng mga Olibo, ang lahat ng napakaraming mga alagad ay nagpasimulang magalak at magpuri sa Diyos nang may malakas na tinig dahil sa lahat ng mga makapangyarihang gawa na kanilang nakita,"
“Paladan an Hade na minadigdi sa ngaran nin Kagurangnan!,"na sinasabi,"
"Katoninongan sa langit, asin kamurawayan sa kaitaasan!”",“Mapalad ang Hari
"Dangan sinabihan si Jesus kan nagkapirang Fariseo na kaiba kan mga tawo, “Maestro, sawayon mo an saimong mga disipulo!”",na dumarating sa pangalan ng Panginoon!
"Sinimbag sinda ni Jesus, “Sinasabihan ko kamo, kun dai sinda maggirong, an mga gapo na an makurahaw.”","Kapayapaan sa langit,"
"Kan harani na si Jesus sa syudad, asin natatanaw na niya ini, tinangisan niya an syudad.",at kaluwalhatian sa kataas-taasan!”
"An sabi niya, “Kun aram mo pa sana sa aldaw na ini an mga kaipuhan para sa katoninongan! Alagad dai mo iyan nahihiling ngunyan!","Ilan sa mga Fariseo na mula sa maraming tao ay nagsabi sa kanya, “Guro, sawayin mo ang iyong mga alagad.”"
"Huli ta maabot an panahon na papalibotan ka nin mga olang kan mga kaiwal mo, tatalikopan ka ninda asin lalaomon.","At sumagot siya, “Sinasabi ko sa inyo na kung tatahimik ang mga ito, ang mga bato'y sisigaw.”"
"Roronoton ka ninda sagkod an saimong mga aki; mayo sindang itatadang gapo na nakapatong sa kapwa gapo, huli ta dai mo minidbid an panahon kan pagdalaw nin Dios saimo!”","Nang malapit na siya at nakita ang lunsod, ito'y kanyang iniyakan,"
Naglaog si Jesus sa Templo saka inalaw paluwas an mga paratinda.,"na sinasabi, “Kung sa araw na ito ay alam mo sana ang mga bagay na tungo sa kapayapaan! Subalit ngayo'y nakakubli ito sa iyong mga mata."
"Sinabihan niya sinda, “Nasusurat: ‘An sakong harong, harong nin pamibi.’ Alagad ginibo nindo ining lungib nin mga parahabon!”","Sapagkat darating sa iyo ang mga araw, na ang mga kaaway mo ay magtatayo ng muog sa palibot mo at papaligiran ka, at gigipitin ka sa bawat panig."
"Nagtukdo si Jesus sa Templo aroaldaw. Hiningowang ipagadan siya kan mga poon na padi, kan mga paratukdo kan Katogonan asin kan mga lider kan banwaan.","At ibabagsak ka sa lupa, ikaw at ang iyong mga anak na nasa iyo. Sa iyo'y hindi sila mag-iiwan ng bato sa ibabaw ng kapwa bato; sapagkat hindi mo kinilala ang panahon ng pagdalaw sa iyo.”"
"Sarong aldaw, mantang si Jesus yaon sa Templo nagtutukdo sa mga tawo asin naghuhulit kan Marahay na Bareta, nag-abot an mga poon na padi saka an mga paratukdo kan Katogonan, kaiba an kamagurangan.","Isang araw, samantalang tinuturuan ni Jesus ang mga taong-bayan sa templo at ipinangangaral ang magandang balita, lumapit ang mga pari at ang mga eskriba na kasama ang matatanda."
"Hinapot ninda si Jesus, “Sabihi daw kami, ano an kapangyarihan mo sa paggibo kan mga bagay na ini? Siisay an nagtao saimo kan kapangyarihan na ini?”","At sinabi nila sa kanya, “Sabihin mo sa amin, sa anong awtoridad mo ginagawa ang mga bagay na ito? O sino ang nagbigay sa iyo ng awtoridad na ito?”"
"Nagsimbag si Jesus, “Hahapoton ko man kamo:","Siya'y sumagot sa kanila, “Tatanungin ko rin kayo ng isang tanong, at sabihin ninyo sa akin:"
"saen hale an kapangyarihan ni Juan sa pagbunyag, sa Dios o sa tawo?”","Ang bautismo ba ni Juan ay mula sa langit, o mula sa mga tao?”"
"Nagpasuruhay sinda, “Kun sabihon tang, ‘Hale sa Dios,’ masabi siya, ‘kun siring tadaw ta dai kamo nagtubod saiya?’","At sila'y nag-usapan sa isa't isa na sinasabi, “Kung sasabihin natin, ‘Mula sa langit,’ ay sasabihin niya, ‘Bakit hindi ninyo siya pinaniwalaan?’"
"Alagad kun sabihon tang, ‘Hale sa tawo,’ gagapoon kita kan gabos na tawo huli ta minimidbid ninda si Juan na sarong propeta.”","Subalit kung sasabihin natin, ‘Mula sa mga tao,’ ay babatuhin tayo ng mga taong-bayan, sapagkat sila'y napapaniwala na si Juan ay isang propeta.”"
Kaya nagsimbag sinda na dai ninda aram.,Kaya't sila'y sumagot na hindi nila nalalaman kung saan iyon nagmula.
"Sinabihan sinda ni Jesus, “Kun siring, dai ko man sasabihon saindo kun saen hale an kapangyarihan ko sa paggibo kan mga bagay na ini.”","At sinabi sa kanila ni Jesus, “Hindi ko rin naman sasabihin sa inyo kung sa anong awtoridad ko ginagawa ang mga bagay na ito.”"
"Dangan nag-osipon si Jesus sa mga tawo kan parabolang ini, “May sarong tawong nagtanom sa saiyang ubasan, ipinaataman iyan sa mga tumatawo, dangan nagduman sa ibang lugar asin haloy na nagbalik.","At sinimulan niyang isalaysay sa taong-bayan ang talinghagang ito: “Isang tao ang nagtanim ng ubasan. Ipinagkatiwala niya ito sa mga magsasaka, at pumunta sa ibang lupain nang mahabang panahon."
"Pag-abot kan tiggunoan kan ubas, sinugo niya an saro niyang sorogoon tanganing kuahon an kahirasan niya sa mga tumatawo. Alagad hinampak kan mga tumatawo an sorogoon dangan pinapuli na mayong dara.","Nang dumating ang panahon ay nagsugo siya ng isang alipin sa mga magsasaka upang siya'y bigyan mula sa bunga ng ubasan, subalit binugbog siya ng mga magsasaka, at pinaalis na walang dala."
"Kaya nagsugo giraray siya nin saro pang sorogoon, alagad hinampak man ini kan mga tumatawo, sinupog dangan pinapuli na mayong dara.","Nagsugo siya ng isa pang alipin, subalit ito'y kanilang binugbog din at hiniya, at pinaalis na walang dala."
"Nagsugo na naman siya nin ikatolong sorogoon, alagad linugadan ninda ini dangan pinahale.",At nagsugo pa siya ng ikatlo. Ito ay kanilang sinugatan at pinagtabuyan.
"Nagsabi an kagsadiri kan ubasan, ‘Ano an gigibohon ko? Marahay pang an namomotan kong aki an sugoon ko; tibaad galangan ninda siya!’","Pagkatapos ay sinabi ng panginoon ng ubasan, ‘Anong gagawin ko? Susuguin ko ang minamahal kong anak, baka siya'y igagalang nila.’"
"Alagad kan mahiling siya kan mga tumatawo, nag-orolay-olay sinda, ‘Iyo ini an aki kan kagsadiri. Gadanon ta siya tanganing mapasatuya an ubasan!’","Subalit nang makita siya ng mga magsasaka ay sinabi nila sa kanilang mga sarili, ‘Ito ang tagapagmana, patayin natin siya upang ang mana ay maging atin.’"
Kaya ginuyod ninda siya paluwas sa ubasan saka ginadan.”,Kaya't kanilang itinapon siya sa labas ng ubasan at pinatay. Ano kaya ang gagawin sa kanila ng panginoon ng ubasan?
"Dangan hinapot sinda ni Jesus, “Ano daw an gigibohon sainda kan kagsadiri kan ubasan?","Siya'y darating at pupuksain niya ang mga magsasakang ito, at ibibigay ang ubasan sa iba.” At nang marinig nila ito ay sinabi nila, “Huwag nawang mangyari.”"
"Dudumanon niya an mga tumatawo dangan gagadanon sinda; pakatapos, ipapaataman niya sa iba an ubasan.”","Subalit tumingin siya sa kanila at sinabi, “Ano nga itong nasusulat,"
"Kan madangog ini kan mga tawo, nagsabi sinda, “Dai man logod iyan mangyari!”",‘Ang batong itinakuwil ng mga tagapagtayo
"Hiniling sinda ni Jesus asin sinabihan, “Kun siring, ano an kahulogan kan nasasabing ini sa kasuratan?",ay siyang naging batong panulok?’
‘An gapong isinikwal kan mga paratugdok,"Ang bawat mahulog sa ibabaw ng batong ito ay magkakadurug-durog, at dudurugin nito ang sinumang mabagsakan nito.”"
iyo an nagin patugmadan na gapo.’,"Pinagsikapan siyang pagbuhatan ng kamay sa oras na iyon ng mga eskriba at ng mga punong pari, sapagkat nahalata nila na sinabi niya ang talinghagang ito laban sa kanila, subalit sila'y natakot sa taong-bayan."
An siisay man na mahulog sa ibabaw kan gapong ini magkakabaraak; alagad an siisay man na mahulogan kan gapong ini maroronot.”,"Kaya't siya'y minatyagan nila at nagsugo ng mga espiya na nagkunwaring matatapat, upang siya'y hulihin sa kanyang salita, para siya'y maibigay sa mga pinuno at awtoridad ng gobernador."
"Nasabotan kan mga paratukdo kan Katogonan asin kan mga poon na padi na sinda an pinapanongdan ni Jesus kan parabolang idto. Naghingowa sindang dakopon si Jesus kan oras na iyan, alagad natakot sinda sa mga tawo.","At kanilang tinanong siya, “Guro, nalalaman namin na ikaw ay nagsasabi at nagtuturo ng matuwid at wala kang pinapanigang tao, kundi itinuturo mo ayon sa katotohanan ang daan ng Diyos."
"Kaya naghalat sinda nin ibang oportunidad na magibo iyan. Sinuholan ninda an nagkapirang tawo na magsagin-sagin, dangan isinubol an mga ini na pataluksohon si Jesus tanganing madara siya sa awtoridad asin kapangyarihan kan gobernador.","Nararapat bang kami ay magbuwis kay Cesar, o hindi?”"
"Naghapot an mga ini ki Jesus, “Maestro, aram mi na tama an mga sinasabi saka mga itinutukdo mo. Aram mi man na mayo kang pinapalaen na tawo, kundi itinutukdo mo an kabotan nin Dios.","Subalit batid niya ang kanilang katusuhan at sinabi sa kanila,"
"Ngunyan, tugot daw sa satong Katogonan na magbayad kita nin buhis ki Cesar o dai?”","“Ipakita ninyo sa akin ang isang denario. Kanino ang larawan at ang nakasulat dito?” At sinabi nila, “Kay Cesar.”"
"Alagad aram ni Jesus an maraot nindang katuyohan kaya nagsabi siya,","At sinabi niya sa kanila, “Kung gayo'y ibigay ninyo kay Cesar ang kay Cesar, at sa Diyos ang sa Diyos.”"
“Tawe daw ako nin sarong kwartang pirak. Kiisay na lalawogon asin ngaran na ini?”,At hindi nila nagawang hulihin siya sa kanyang salita sa harap ng mga taong-bayan. At sa pagkamangha nila sa kanyang sagot sila ay tumahimik.
"“Ki Cesar,” an simbag ninda.","May lumapit sa kanyang ilang Saduceo, na nagsasabing walang muling pagkabuhay."
"Sinabihan sinda ni Jesus, “Kun siring, itao nindo ki Cesar an ki Cesar, asin sa Dios an sa Dios.”","At kanilang tinanong siya, “Guro, isinulat ni Moises para sa amin na kung ang kapatid na lalaki ng isang tao ay mamatay, na may iniwang asawa subalit walang anak, pakakasalan ng lalaki ang balo at bibigyan ng anak ang kanyang kapatid."
"Dai nanggad ninda napatalukso si Jesus sa mga sinabi niya sa atubang nin mga tawo. Napangalas sinda kan mga simbag niya, kaya dai sinda nakagirong.","Ngayon, mayroong pitong magkakapatid na lalaki. Nag-asawa ang panganay, at namatay na walang anak;"
"May nagduman ki Jesus na mga Saduceo, na nagsasabing mayo nin pagkabuhay-liwat. Hinapot ninda si Jesus,",gayundin ang pangalawa;
"“Maestro, nagsurat si Moises kaining pagboot para sato, ‘Kun magadan an sarong lalaki dangan mabayaan an agom niya na mayong aki, kaipuhan agomon kan tugang niyang lalaki an balo, tanganing magkaaki sinda para sa nagadan niyang tugang.’","at pinakasalan ng pangatlo ang babae, at namatay ang pito na pawang walang iniwang anak."
"Igwa kaidto nin pitong magturugang na lalaki. An pinakamatua nag-agom, alagad nagadan na mayong aki.",Pagkatapos ay namatay naman ang babae.
"Inagom kan ikaduwa an balo,","Kaya't sa muling pagkabuhay, sino ang magiging asawa ng babaing iyon sapagkat siya'y naging asawa ng pito."
dangan kan ikatolo. Pareho an nangyari sa pitong magturugang; nagkagaradan sinda gabos na mayo nin aki.,"At sinabi sa kanila ni Jesus, “Ang mga anak ng panahong ito ay nag-aasawa at pinag-aasawa,"
Dangan nagadan man an babae.,"subalit ang mga itinuturing na karapat-dapat makaabot sa panahong iyon at sa muling pagkabuhay mula sa mga patay, ay hindi nag-aasawa o pinag-aasawa."
"Ngunyan, sa aldaw nin pagkabuhay-liwat, siisay sainda an agom kan babaeng ini? Huli ta nagin agom siya ninda gabos!”","Hindi na sila mamamatay pa, sapagkat katulad na sila ng mga anghel at sila'y mga anak ng Diyos, palibhasa'y mga anak ng muling pagkabuhay."
"Nagsimbag si Jesus, “An mga lalaki saka mga babae sa panahon na ini nag-aaragom asin nagpapaaragom,","Subalit ang tungkol sa muling pagkabuhay ng mga patay ay ipinakita maging ni Moises sa kasaysayan tungkol sa mababang punungkahoy, na doon ay tinawag niya ang Panginoon na Diyos ni Abraham, Diyos ni Isaac, at Diyos ni Jacob."
"alagad an mga lalaki asin mga babae na maninigong buhayon liwat para sa buhay na maabot, dai na maagom.","Ngunit siya'y hindi Diyos ng mga patay, kundi ng mga buháy, sapagkat sa kanya silang lahat ay nabubuhay.”"
"Dai na sinda magagadan, huli ta magigin arog na sinda sa mga anghel. Sinda mga aki nin Dios, huli ta nabuhay sinda liwat.","At ang ilan sa mga eskriba ay sumagot, “Guro, mahusay ang iyong pagsagot.”"
"Malinaw na pinatunayan ni Moises na an gadan mabubuhay liwat. Sa kasuratan dapit sa naglalaad na sadit na kahoy, inaapod niyang Kagurangnan an Dios ni Abraham, ni Isaac, asin ni Jacob.",Sapagkat hindi na sila nangahas magtanong pa sa kanya ng anuman.
"Siya an Dios kan mga buhay, bako kan mga gadan—an gabos nabubuhay saiya.”","Kaya't sinabi niya sa kanila, “Paano nila nasasabi na ang Cristo ay anak ni David?"
"Nagsabi an nagkapirang paratukdo kan Katogonan, “Maestro, marahay an simbag mo!”","Gayong si David mismo ang nagsasabi sa aklat ng Mga Awit,"
Poon kaidto dai na sinda nangahas na maghapot ki Jesus.,‘Sinabi ng Panginoon sa aking Panginoon;
"Nagsabi si Jesus sainda, “Paano ninda masasabi na an Cristo aki ni David?","“Maupo ka sa aking kanan,"
"Huli ta si David mismo nagsabi sa libro kan mga Salmo,",hanggang sa ang iyong mga kaaway ay gawin kong tuntungan ng iyong mga paa.”’
‘An Kagurangnan nagsabi sa sakong Kagurangnan:,"Tinatawag siya ni David na Panginoon, kaya't paanong siya'y naging anak niya?”"
"Tumukaw ka digdi sa too ko,","At sa pandinig ng lahat ng mga tao ay sinabi niya sa kanyang mga alagad,"
sagkod na gibohon kong tungtongan kan mga bitis mo an mga kaiwal mo.’,"“Mag-ingat kayo sa mga eskriba na nagnanais lumakad na may mahahabang damit, at gustung-gusto ang mga pagpupugay sa mga pamilihan, ang pangunahing upuan sa mga sinagoga, at ang mga mararangal na lugar sa mga handaan."
"Kun ‘Kagurangnan’ an apod saiya ni David, paano siyang magin aki ni David?”","Nilalamon nila ang mga bahay ng mga balo, at sa pagkukunwari ay nananalangin sila ng mahahaba. Sila ay tatanggap ng lalong malaking kahatulan.”"
Nangalagkalag si Jesus asin namasdan niya an mga mayaman na naghuhulog kan saindang mga dolot sa lalagan nin limos kan Templo.,"Siya'y tumingala, at nakita niya ang mayayaman na naglalagay ng kanilang mga handog sa kabang-yaman."
Namasdan man niya an sarong dukhang babaeng balo na naghulog man nin duwang kobreng kwarta.,Nakita rin niya ang isang mahirap na babaing balo na naglalagay ng dalawang kusing.
"Nagsabi si Jesus, “Sa katotoohan sinasabihan ko kamo, mas dakul an ilinimos kan dukhang balong ini ki kan ilinimos ninda gabos;","At sinabi niya, “Katotohanang sinasabi ko sa inyo, ang mahirap na babaing balong ito ay naglagay ng higit kaysa kanilang lahat."
"huli ta sinda gabos nagtao kan sobra nindang kwarta, alagad siya sa saiyang pagkadukha, nagtao kan gabos niyang ikabubuhay.”","Sapagkat silang lahat ay naglagay mula sa kanilang kasaganaan, samantalang siya mula sa kanyang kahirapan ay inilagay ang lahat ng kanyang kabuhayan.”"
"Nag-oorolay an nagkapirang disipulo dapit sa Templo na labi kagayon huli kan mga mahalagang gapo asin kan mga dolot sa Dios. Sinabihan sinda ni Jesus,","At habang nagsasalita ang ilan tungkol sa templo, kung paanong ito'y napalamutian ng magagandang bato at ng mga handog ay kanyang sinabi,"
“Maabot an panahon na mayo diyan nin matatada ni sarong gapo sa ibabaw nin saro pang gapo; an gabos marurumpag.”,"“Tungkol sa mga bagay na ito na inyong nakikita ay darating ang mga araw na walang maiiwan dito ni isang bato sa ibabaw ng kapwa bato, na hindi ibabagsak.”"
"Dangan naghapot sinda, “Maestro, nuarin ini mangyayari? Ano an magigin tanda na ini mangyayari na?”","Kanilang tinanong siya, “Guro, kailan mangyayari ang mga bagay na ito? At ano ang magiging tanda kapag malapit nang mangyari ang mga bagay na ito?”"
"Nagsimbag si Jesus, “Mag-ingat kamo; dai kamo magpadaya. Huli ta dakul an madigdi sa ngaran ko na magsasabi, ‘Ako an Cristo!’ o ‘Nag-abot na an oras!’ Dai kamo magtubod sainda.","At sinabi niya, “Mag-ingat kayo na hindi kayo mailigaw, sapagkat marami ang darating sa aking pangalan, na magsasabi, ‘Ako siya!’ at, ‘Malapit na ang panahon!’ Huwag kayong sumunod sa kanila."
"Dai kamo matakot kun makadangog kamo nin mga gera saka mga ralaban. An mga iyan dapat na mangyari ngona, alagad bako pa iyan an kataposan.”","At kapag kayo'y nakarinig ng mga digmaan at mga kaguluhan, huwag kayong matakot. Sapagkat kailangang mangyari muna ang mga bagay na ito, subalit hindi pa ito ang wakas.”"
"Padagos siyang nagpahayag, “An sarong nasyon malaban sa magkasi nasyon; an sarong kahadean malaban man sa magkasi kahadean;","Pagkatapos ay sinabi niya sa kanila, “Babangon ang isang bansa laban sa bansa at ang isang kaharian laban sa kaharian."
"malinog nin makosog, asin magkakaigwa nin gutom saka peste sa manlaen-laen na lugar; magkakaigwa nin makangingirhat saka darakulang tanda hale sa kalangitan.","Magkakaroon ng malalakas na lindol, at sa iba't ibang dako ay magkakaroon ng taggutom at mga salot, at magkakaroon ng mga bagay na kakilakilabot, at ng mga dakilang tanda mula sa langit."
"Alagad bago mangyari ini gabos, dadakopon asin papasakitan kamo; dadarahon kamo sa mga sinagoga, saka sa mga bibilanggoan; iaatubang kamo sa mga hade asin sa mga kagsakop dahel sako.","Subalit bago mangyari ang lahat ng mga bagay na ito ay pagbubuhatan nila kayo ng kanilang mga kamay at uusigin. Dadalhin kayo sa mga sinagoga, sa mga bilangguan at ihaharap kayo sa mga hari at mga gobernador dahil sa aking pangalan."
Panahon na nindo ini sa pagpahayag kan Marahay na Bareta.,Ito ay magiging pagkakataon upang kayo ay magpatotoo.
"Ibugtak na nindo sa saindong isip na dai kamo mahadit kun paano kamo masimbag,","Ipasiya ninyo sa inyong mga puso na huwag humanda na ipagtanggol ang sarili,"
"huli ta tatawan ko kamo nin mga tataramon asin kadonongan, na dai masusudya o masisimbag kan saindong mga kaiwal.",sapagkat bibigyan ko kayo ng salita at karunungan na hindi malalabanan o matututulan man ng lahat ng sumasalungat sa inyo.
"Ipapaarestar kamo maski kan saindong mga magurang, mga tugang, mga kadugo saka mga katood; ipapagadan ninda an iba saindo.","Kayo'y ipagkakanulo maging ng mga magulang at mga kapatid, mga kamag-anak at mga kaibigan, at ipapapatay nila ang iba sa inyo."
Ikakaongis kamo kan gabos na tawo dahel sako.,Kayo'y kapopootan ng lahat ng mga tao dahil sa aking pangalan.
Alagad maski sarong buhok sa saindong payo dai mawawara.,Subalit hindi mawawala sa anumang paraan kahit isang buhok ng inyong ulo.
"Kun makatagal kamo, makakamtan nindo an buhay.",Sa inyong pagtitiis ay makakamit ninyo ang inyong mga kaluluwa.
"“Kun mahiling nindo an Jerusalem na napapalibotan nin mga hukbo, aram na nindong madali na iyan rumpagon.","“Subalit kapag nakita ninyong pinaliligiran ng mga hukbo ang Jerusalem, alamin nga ninyo na ang kanyang pagkawasak ay malapit na."
"An mga nasa Judea kaipuhan magdulag pasiring sa kabubuldan; an mga nasa syudad kaipuhan maghale, asin an mga nasa banwa dai na magduman sa syudad.","Kaya't ang mga nasa Judea ay dapat tumakas patungo sa mga bundok; at ang mga nasa loob ng lunsod ay lumabas, at ang mga nasa labas ng lupain ay huwag pumasok doon;"
"Huli ta iyo iyan an ‘Mga Aldaw nin Padusa,’ tanganing maotob an gabos na nasusurat.","sapagkat ito ang mga araw ng paghihiganti, upang matupad ang lahat ng mga bagay na nasusulat."
Herak man sa mga bados asin sa mga ina na may pinapasuso sa mga aldaw na iyan! Huli ta maabot an makuring kasakitan sa kinaban asin an padusa nin Dios sa banwaan na ini.,Kahabag-habag ang mga buntis at ang mga nagpapasuso sa mga araw na iyon! Sapagkat magkakaroon ng malaking pagdurusa sa ibabaw ng lupa at poot laban sa sambayanang ito.
"An iba magagadan sa gera, asin an iba dadarahon bilang mga bihag sa gabos na nasyon; rurumpagon kan mga pagano an Jerusalem sagkod na maotob an panahon ninda.","Sila'y mabubuwal sa pamamagitan ng talim ng tabak at dadalhing bihag sa lahat ng mga bansa. Yuyurakan ang Jerusalem ng mga Hentil, hanggang sa matupad ang mga panahon ng mga Hentil."
"“Magkakaigwa nin mga tanda sa aldaw, sa bulan, asin sa mga bitoon. Sa daga, mawawaran nin paglaom an mga nasyon dahel sa kosog kan hagubohob kan dagat saka darakulang alon.","“At magkakaroon ng mga tanda sa araw, at buwan, at mga bituin, at sa lupa'y magkakaroon ng kahirapan sa mga bansa, na nalilito dahil sa ugong ng dagat at mga daluyong."
"Madidismayo an mga tawo sa takot sa paghorop-horop kun ano an maabot sa bilog na kinaban, huli ta an mga kapangyarihan sa kalangitan matatanyog.","Ang mga tao ay manlulupaypay dahil sa takot, at mangangamba sa mga bagay na darating sa daigdig, sapagkat ang mga kapangyarihan sa mga langit ay mayayanig."
Dangan mahihiling ninda an Aki nin Tawo na maabot sa sarong panganoron na may kapangyarihan asin dakulang kamurawayan.,Pagkatapos ay makikita nila ang Anak ng Tao na dumarating na nasa isang ulap na may kapangyarihan at dakilang kaluwalhatian.
"Kun an mga bagay na ini magpoon nang mangyari, tumindog dangan tumangad kamo, huli ta madali na an saindong kaligtasan.”","Kapag nagsimulang mangyari ang mga bagay na ito, tumingala kayo at itaas ninyo ang inyong mga ulo, sapagkat malapit na ang katubusan ninyo.”"
"Dangan nag-osipon si Jesus sainda kan parabolang ini, “Masdan nindo an kahoy na higera asin an iba pang kahoy.",At isinalaysay niya sa kanila ang isang talinghaga: “Masdan ninyo ang puno ng igos at ang lahat ng mga punungkahoy;
"Kun an mga iyan mahiling nindo na nagdadahon na, aram nindo na harani na an tig-init.",kapag mayroon na silang mga dahon ay nakikita mismo ninyo at nalalaman na malapit na ang tag-araw.
"Siring man, kun mahiling na nindong nangyayari an mga bagay na ini, aram na nindo na madali nang mag-abot an Kahadean nin Dios.","Gayundin naman kayo, kapag nakita ninyong nangyayari ang mga bagay na ito, nalalaman ninyo na malapit na ang kaharian ng Diyos."
"“Sa katotoohan sinasabihan ko kamo, mangyayari an gabos na ini bago magadan an henerasyon na ini.","Katotohanang sinasabi ko sa inyo, hindi lilipas ang salinlahing ito, hanggang sa maganap ang lahat ng mga bagay."
"Mapapara an langit asin an daga, alagad an sakong mga tataramon dai nanggad mapapara.","Ang langit at ang lupa ay lilipas, subalit ang aking salita ay hindi lilipas."
"“Mag-ingat kamo ta tibaad malugom kamo sa karakanan, irinoman, saka sa kahaditan kan buhay na ini, asin biglang umabot saindo an Aldaw na iyan siring sa sarong siod;","“Subalit mag-ingat kayo sa inyong sarili, baka magumon ang inyong mga puso sa katakawan, at kalasingan, at sa mga alalahanin ukol sa buhay na ito, at biglang dumating ang araw na iyon na parang bitag."
huli ta maabot iyan sa gabos na tawo sa bilog na kinaban.,Sapagkat ito ay darating sa lahat ng nabubuhay sa ibabaw ng lupa.
"Kaya magpuka kamo sa gabos na oras; danay kamong mamibi na magkaigwa kamo nin kosog tanganing makaligtas kamo sa gabos na mangyayaring iyan, dangan makaatubang kamo sa Aki nin Tawo.”","Subalit maging handa kayo sa bawat panahon, na nananalanging magkaroon kayo ng lakas upang makatakas sa lahat ng mga bagay na ito na mangyayari, at upang makatayo kayo sa harapan ng Anak ng Tao.”"
"Nagtutukdo si Jesus sa Templo aroaldaw; pagkabanggi, minaduman siya sa pagpahingalo sa Bukid nin mga Oliba; duman na siya nagpapaaga.",Araw-araw ay nagtuturo siya sa templo; subalit sa gabi ay lumalabas siya at ginugugol ang magdamag sa bundok na tinatawag na Olibo.
"Amay pa aga-aga, minaduman an gabos na tawo sa Templo nganing magdangog saiya.",At lahat ng mga tao ay maagang pumaparoon sa kanya sa templo upang pakinggan siya.
Madali na an Pyesta kan Tinapay na Mayo nin Lebadura na inaapod Paskwa.,"Ang pista ng Tinapay na Walang Pampaalsa, na tinatawag na Paskuwa, ay papalapit na."
"Naghanap nin paagi an mga poon na padi asin an mga paratukdo kan Katogonan kun paano ipagadan si Jesus, huli ta takot sinda sa mga tawo.",Naghahanap ng paraan ang mga punong pari at ang mga eskriba kung paano nila maipapapatay si Jesus sapagkat natatakot sila sa mga tao.
"Dangan linaog ni Satanas si Judas na inaapod Iscariote, na saro kan doseng disipulo.","Pumasok si Satanas kay Judas, na tinatawag na Iscariote, na isa sa labindalawa."
Kaya naglakaw si Judas asin kinaolay an mga poon na padi saka an mga opisyal kan mga bantay sa Templo kun paano niya ikapasaluib sainda si Jesus.,Siya'y umalis at nakipag-usap sa mga punong pari at mga punong-kawal kung paanong kanyang maipagkakanulo siya sa kanila.
Naogma sinda asin nagkaoroyon na tawan siya nin kwarta.,At sila'y natuwa at nagkasundong bigyan siya ng salapi.
"Nag-oyon kaiyan si Judas, kaya poon kaidto naghanap na siya nin oportunidad na ikapasaluib si Jesus na dai naiisihan kan mga tawo.",Kaya't pumayag siya at humanap ng tamang pagkakataon upang kanyang maipagkanulo siya sa kanila na hindi kaharap ang maraming tao.
"Uminabot an aldaw kan Pyesta nin Tinapay na Mayo nin Lebadura, aldaw nin pagbuno kan kordero para sa Paskwa.","Dumating ang araw ng Tinapay na Walang Pampaalsa, na noon ay kailangang ihandog ang kordero ng Paskuwa."
"Sinugo ni Jesus si Pedro asin si Juan saka tinugon, “Dumuman kamo asin andamon nindo an satong pamanggihan sa Paskwa na satong kakakanon.”","Kaya't isinugo ni Jesus sina Pedro at Juan, na sinasabi, “Humayo kayo at ihanda ninyo ang paskuwa para sa atin, upang ating kainin ito.”"
“Saen mo boot na andamon ini?” an hapot ninda.,"At kanilang sinabi sa kanya, “Saan mo gustong ihanda namin ito?”"
"Sinabihan niya sinda, “Paglaog nindo sa syudad, sasabaton kamo nin sarong lalaki na may darang dulay nin tubig. Sumunod kamo saiya sagkod sa harong na dagosan niya.","At kanyang sinabi sa kanila, “Narito, pagpasok ninyo sa lunsod ay sasalubungin kayo ng isang lalaki na may dalang isang bangang tubig. Sundan ninyo siya hanggang sa bahay na kanyang papasukan."
"Dangan sabihan nindo an kagharong, ‘Pinapahapot ka kan Maestro kun saen an kwartong kakakanan niya kan pamanggihan sa Paskwa kaiba an saiyang mga disipulo.’","At sabihin ninyo sa may-ari ng bahay, ‘Sinasabi ng Guro sa iyo, “Saan ang silid para sa panauhin na doon ay aking kakainin ang Paskuwa na kasalo ng aking mga alagad?”’"
Ipapahiling niya saindo an sarong dakulang kwarto sa itaas na andam na. Duman nindo andamon an satong kakanon sa Paskwa.”,Ituturo niya sa inyo ang isang malaking silid sa itaas na may mga kagamitan. Doon kayo maghanda.”
Nagduman sinda; nahiling ninda an gabos siring sa sinabi sainda ni Jesus. Inandam ninda an pamanggihan sa Paskwa.,"At humayo sila, at natagpuan ito ayon sa sinabi niya sa kanila, at inihanda nila ang Paskuwa."
"Kan oras na, nagtukaw si Jesus sa lamesa kaiba kan saiyang mga disipulo.","Nang dumating ang oras ay naupo siya sa hapag, at ang mga apostol ay kasama niya."
"Sinabihan niya sinda, “Haloy ko nang pinagmawot na magkakan kaiba nindo kaining pamanggihan sa Paskwa bago ako magsakit!","Sinabi niya sa kanila, “Pinakahahangad kong kainin na kasalo kayo ang kordero ng Paskuwang ito bago ako magdusa,"
"Huli ta sinasabihan ko kamo, dai na nanggad ako makakan kaini sagkod na maotob ini sa Kahadean nin Dios.”","sapagkat sinasabi ko sa inyo, ito'y hindi ko kakainin hanggang sa ito'y ganapin sa kaharian ng Diyos.”"
"Dangan kinua ni Jesus an sarong kalis, nagpasalamat saka nagsabi, “Akoa nindo ini, asin uminom kamo gabos.","At siya'y tumanggap ng isang kopa at nang siya'y makapagpasalamat, sinabi niya, “Kunin ninyo ito, at inyong paghati-hatian."
"Sinasabihan ko kamo, dai na ako mainom nin arak kan ubas sagkod na dumatong an Kahadean nin Dios.”","Sapagkat sinasabi ko sa inyo, na mula ngayon ay hindi na ako iinom ng katas ng ubas, hanggang sa dumating ang kaharian ng Diyos.”"
"Dangan nagkua siya nin tinapay, nagpasalamat, binaraak, itinao sa saiyang mga disipulo asin nagsabi, “Ini an sakong hawak, na itinatao para saindo. Gibohon nindo ini sa pagromdom sako.”","At siya'y dumampot ng tinapay, at nang siya'y makapagpasalamat, kanyang pinagputul-putol, at ibinigay sa kanila, na sinasabi, “Ito'y aking katawan na ibinibigay dahil sa inyo. Gawin ninyo ito sa pag-aalaala sa akin.”"
"Siring man, pakakakan ninda, itinao niya sainda an kalis saka nagsabi, “An kalis na ini iyo an bagong tipan sa sakong dugo na pinabulos para saindo.","Gayundin naman ang kopa, pagkatapos ng hapunan, na sinasabi, “Ang kopang ito na nabubuhos nang dahil sa inyo ay ang bagong tipan sa aking dugo."
“Alagad an nagpapasaluib sako kasabay ko sa pagkakan!,"Subalit tingnan ninyo, ang nagkakanulo sa akin ay kasama ko, at ang kamay niya ay nasa hapag."
Huli ta magagadan an Aki nin Tawo siring sa binoot nin Dios; alagad herak man sa tawong mapasaluib saiya!”,"Sapagkat ang Anak ng Tao ay patungo ayon sa itinakda, subalit kahabag-habag ang taong nagkakanulo sa kanya!”"
Dangan nagharapotan sinda kun siisay sa sainda an magibo kaini.,"At sila'y nagsimulang magtanungan sa isa't isa, kung sino sa kanila ang gagawa nito."
Nagpasuruhay an mga disipulo kun siisay sa sainda an mimidbidon na pinakadakula.,"Nagkaroon ng isang pagtatalu-talo sa gitna nila, kung sino kaya sa kanila ang ituturing na pinakadakila."
"Nagsabi si Jesus sainda, “An mga hade kan mga pagano may kapangyarihan sa saindang mga nasasakopan; asin an mga kagsakop inaapod na ‘Paratabang nin mga Banwaan!’","At kanyang sinabi sa kanila, “Ang mga hari ng mga Hentil ay nagpapapanginoon sa kanila; at ang mga may awtoridad sa kanila'y tinatawag na mga tagapagpala."
Alagad bakong siring kaini an dapat na mangyari saindo; ata ngani an pinakadakula saindo dapat na magin siring sa kangudhan; an lider dapat na magin siring sa naglilingkod.,"Subalit sa inyo'y hindi gayon. Sa halip, ang pinakadakila sa inyo ang maging pinakabata at ang pinuno ang siyang naglilingkod."
"Huli ta siisay an mas dakula, an nagkakakan o an naglilingkod saiya? Bako daw an nagkakakan? Alagad yaon ako saindo bilang paralingkod.","Sapagkat alin ang higit na dakila, ang nakaupo ba sa hapag, o ang naglilingkod? Hindi ba ang nakaupo sa hapag? Subalit ako'y kasama ninyo na gaya ng isang naglilingkod."
“Kamo an nakidumamay sakuya sa mga kasakitan ko.,“Kayo'y yaong patuloy na kasama ko sa mga pagsubok sa akin.
"Kaya siring na tinatagamahan ako kan sakong Ama nin sarong Kahadean, tinatagamahan ko man kamo nin lugar;","At inilalaan ko sa inyo kung paanong ang Ama ay naglaan para sa akin ng isang kaharian,"
makakan saka mainom kamong kasabay ko sa Kahadean ko. Matukaw kamo sa mga trono sa paghukom sa doseng tribu nin Israel.”,"upang kayo'y kumain at uminom sa aking hapag sa kaharian ko, at kayo'y umupo sa mga trono, na hinuhukuman ang labindalawang lipi ni Israel.”"
"Nagsabi pa an Kagurangnan, “Simon, Simon! Dangoga ako! Hinagad ni Satanas na saligsigon kamo, arog sa trigo.","“Simon, Simon, narito, hiningi ni Satanas na ligligin kayo gaya ng trigo,"
"Alagad, Simon, ipinamibi taka na dai magluya an saimong pagtubod, nganing pagbalik mo sako, pakosogon mo an saimong mga tugang.”","subalit ako ay nanalangin para sa iyo upang ang iyong pananampalataya ay huwag mawala; kung makabalik ka nang muli, ay palakasin mo ang iyong mga kapatid.”"
"Nagsimbag si Pedro, “Kagurangnan, andam akong mag-iba saimo sa bilanggoan asin sa kagadanan!”","At sinabi niya sa kanya, “Panginoon, handa akong sumama sa iyo sa bilangguan at sa kamatayan.”"
"Nagsimbag si Jesus, “Sinasabihan taka, Pedro, ngunyan mismong banggi, bago magturaok an manok, tolong beses kang manegar na midbid mo ako.”","Sinabi ni Jesus, “Sinasabi ko sa iyo, Pedro, ang manok ay hindi titilaok sa araw na ito hanggang hindi mo ako naipagkakaila ng tatlong ulit.”"
"Dangan sinabihan sinda ni Jesus, “Kan sugoon ko kamo na mayong darang pitaka, bag, o sandalyas, nagkulang daw kamo nin anoman?”","At sinabi niya sa kanila, “Nang kayo'y suguin ko na walang supot ng salapi, o supot ng pagkain, at mga sandalyas, kinulang ba kayo ng anuman?” At kanilang sinabi, “Hindi.”"
"“Dai,” an simbag ninda.","Sinabi niya sa kanila, “Ngunit ngayon, ang mayroong supot ng salapi ay dalhin ito, at gayundin ang supot ng pagkain. At ang walang tabak ay ipagbili niya ang kanyang balabal, at bumili ng isang tabak."
"Nagsabi si Jesus, “Alagad ngunyan, an siisay man saindo na igwa nin pitaka o bag dapat na magdara kaiyan; an mayo nin espada dapat ipabakal an gubing niya tanganing bumakal nin espada.","Sapagkat sinasabi ko sa inyo na ang kasulatang ito ay kailangang matupad sa akin, ‘At ibinilang siya sa mga suwail’; sapagkat ang nasusulat tungkol sa akin ay natutupad.”"
"Huli ta sinasabihan ko kamo: dapat na maotob sako an sabi sa kasuratan, ‘Ibinilang siya sa mga kriminal.’ Dahel ta an gabos na isinurat dapit sako naootob na.”","At sinabi nila, “Panginoon, tingnan ninyo, narito ang dalawang tabak.” Sinabi naman niya sa kanila, “Tama na iyan.”"
"Nagsabi an mga disipulo, “Kagurangnan, may duwang espada digdi!”","At siya'y lumabas at pumaroon, gaya ng kanyang nakaugalian, sa bundok ng mga Olibo at sumunod naman sa kanya ang mga alagad."
“Tama na iyan!” an simbag niya.,"Nang siya'y dumating sa pook na iyon, ay sinabi niya sa kanila, “Manalangin kayo upang hindi kayo pumasok sa panahon ng pagsubok.”"
"Naghale si Jesus sa syudad asin siring sa dating kinaugalean niya, nagtukad siya sa Bukid nin mga Oliba. Nagsunod saiya an mga disipulo.","Siya'y humiwalay sa kanila na may agwat na isang pukol ng bato. Siya'y lumuhod at nanalangin,"
"Pag-abot duman, sinabihan niya sinda, “Mamibi kamo nganing dai kamo madaog nin sogot.”","“Ama, kung ibig mo, ilayo mo sa akin ang kopang ito; gayunma'y huwag ang kalooban ko ang mangyari kundi ang sa iyo.”"
"Dangan nag-oroenotan siya sainda na may sarong daklag nin gapo an distansya, asin nagluhod saka namibi.",[
"Nagsabi siya, “Ama, kun boot mo, irayo mo sako an kalis na ini. Alagad bakong an kabotan ko kundi an kabotan mo an kukuyogon.”",Nagpakita sa kanya ang isang anghel na mula sa langit na nagpalakas sa kanya.
Dangan may nagtungang sarong anghel hale sa langit tanganing pakosogon an boot niya.,"Sa kanyang matinding paghihirap ay nanalangin siya ng higit na taimtim, at ang kanyang pawis ay naging gaya ng malalaking patak ng dugo na tumutulo sa lupa.]"
Sa makuring kamondoan namibi siya nin mas malodok; an saiyang ganot garo dugo na nagtatagdo sa daga.,"Pagtayo niya mula sa pananalangin, lumapit siya sa mga alagad at naratnan silang natutulog dahil sa kalungkutan,"
"Pakatapos niyang mamibi, nagbalik siya duman sa mga disipulo asin naabotan niyang tororog an mga ini huli sa saindang kamondoan.","at sinabi sa kanila, “Bakit kayo natutulog? Bumangon kayo at manalangin, upang hindi kayo pumasok sa tukso.”"
"Nagsabi siya sainda, “Tadaw ta nagtotorog kamo? Magbangon kamo asin mamibi tanganing dai kamo madaog nin sogot.”","Samantalang nagsasalita pa siya, dumating ang maraming tao, at ang lalaking tinatawag na Judas, na isa sa labindalawa ay nangunguna sa kanila. Siya'y lumapit kay Jesus upang ito'y hagkan;"
"Nagtataram pa si Jesus kan umabot an dakul na tawo, na pinapangenotan kan saro sa doseng disipulo, an inaapod na Judas. Dinolok niya si Jesus nganing hadokan.","subalit sinabi ni Jesus sa kanya, “Judas, ipinagkakanulo mo ba ang Anak ng Tao sa pamamagitan ng isang halik?”"
"Alagad nagsabi si Jesus, “Judas, papasaluiban mo an Aki nin Tawo sa paagi nin sarong hadok?”","Nang makita ng mga kasama niya ang mangyayari ay kanilang sinabi, “Panginoon, mananaga ba kami sa pamamagitan ng tabak?”"
"Kan mahiling kan mga disipulo na kaiba ni Jesus kun ano an mangyayari, naghapot sinda, “Ano, Kagurangnan, manigbas na kami?”",At tinaga ng isa sa kanila ang alipin ng pinakapunong pari at tinagpas ang kanang tainga nito.
Dangan tinigbas kan saro sainda an oripon kan Halangkaw na Padi; napalongan idto kan toong talinga.,"At sumagot si Jesus, “Tigil! Tama na!” At hinawakan niya ang tainga at pinagaling siya."
"Alagad sinaway sinda ni Jesus, “Tama na!” Dangan dinutaan niya an talinga kan oripon asin naomayan ini.","Pagkatapos ay sinabi ni Jesus sa mga punong pari, sa mga punong-kawal sa templo, at sa matatanda, na dumating laban sa kanya, “Kayo ba'y lumabas na parang laban sa isang tulisan, na may mga tabak at mga panghampas?"
"Dangan sinabihan ni Jesus an mga poon na padi, an mga opisyal kan mga bantay sa Templo asin an kamagurangan na nagduman sa pagdakop saiya, “Kaipuhan pa daw na magdigdi kamong may darang mga espada asin mga pamukpok na garo ako sarong bandido?","Nang ako'y kasama ninyo sa templo araw-araw, hindi ninyo binuhat ang inyong mga kamay laban sa akin. Subalit ito ang inyong oras, at ng kapangyarihan ng kadiliman.”"
"Aroaldaw yaon ako sa Templo kaiba nindo, alagad dai nindo ako dinakop. Alagad oras ini nindo asin kan kapangyarihan nin kadikloman.”","At kanilang dinakip siya, inilayo, at dinala sa bahay ng pinakapunong pari. Si Pedro ay sumunod mula sa malayo."
Dinakop ninda si Jesus saka dinara sa harong kan Halangkaw na Padi; nagsunod si Pedro sa harayo.,"At nang makapagpaningas sila ng apoy sa gitna ng patyo at makaupong magkakasama, si Pedro ay nakiupong kasama nila."
"May kalayong inamak sa tahaw kan patyo, asin nakitukaw si Pedro sa mga tawong nakatukaw sa palibot kaiyan.","Samantalang siya'y nakaupo sa liwanag ng apoy, nakita siya ng isang alilang babae, tumitig sa kanya at nagsabi, “Ang taong ito ay kasama rin niya.”"
"Nahiling siyang nagtutukaw kan sarong sorogoon na babae; pinagparamaanan siya saka nagsabi, “An tawong ini kaiba man ni Jesus!”","Subalit itinanggi niya ito at sinabi, “Babae, hindi ko siya nakikilala.”"
"Alagad pinagnegaran ini ni Pedro, “Babae, dai ko siya midbid!”","Pagkaraan ng isang sandali ay nakita siya ng isa pa at sinabi, “Ikaw ay isa rin sa kanila.” Subalit sinabi ni Pedro, “Ginoo, hindi ako.”"
"Dai nahaloy, sarong lalaki an nakahiling saiya dangan nagsabi, “Saro ka man sainda!”","Nang makaraan ang may isang oras, may isa pa na nagpipilit na nagsasabi, “Tiyak na ang taong ito'y kasama rin niya, sapagkat siya'y taga-Galilea.”"
"Alagad nagsabi si Pedro, “Bako ako!”","Subalit sinabi ni Pedro, “Ginoo, hindi ko nalalaman ang sinasabi mo.” At kaagad, samantalang siya'y nagsasalita pa, tumilaok ang isang manok."
"Pakalihis nin may sarong oras, may sarong lalaki na nag-insistir, “Talaga mananggad na an tawong iyan kaiba ni Jesus, huli ta taga Galilea man siya!”","Lumingon ang Panginoon at tumingin kay Pedro. At naalala ni Pedro ang salita ng Panginoon, kung paanong sinabi niya sa kanya, “Bago tumilaok ang manok ngayon, ay ipagkakaila mo ako ng tatlong ulit.”"
"Alagad nagsimbag si Pedro, “Lalaki, dai ko aram an pinagsasabi mo!”","At siya'y lumabas, at umiyak nang buong pait."
Nagtataram pa siya kan biglang magturaok an manok.,Nilibak at hinampas si Jesus ng mga lalaking nagbabantay sa kanya.
"Nagsalingoy an Kagurangnan asin hiniling si Pedro. Dangan nagiromdoman ni Pedro an mga tataramon kan Kagurangnan kan siya sabihan, “Bago magturaok an manok ngunyan na banggi, tolong beses kang manegar na midbid mo ako.”","Siya'y piniringan din nila at pinagtatanong, “Hulaan mo! Sino ang humampas sa iyo?”"
Nagluwas si Pedro saka nagtangis nin mapait.,Nagsalita pa sila ng maraming mga panlalait laban sa kanya.
Pinagtuya-tuya saka hinampak si Jesus kan mga nagbabantay saiya.,"Nang mag-umaga na, nagkatipon ang kapulungan ng matatanda sa bayan, ang mga punong pari, at gayundin ang mga eskriba. Kanilang dinala siya sa kanilang Sanhedrin, at sinabi nila,"
"Tinahoban ninda an saiyang mga mata dangan hinapot, “Ukodan mo, siisay an nagsampaling saimo?”","“Kung ikaw ang Cristo, sabihin mo sa amin.” Subalit sinabi niya sa kanila, “Kung sasabihin ko sa inyo, hindi ninyo ako paniniwalaan;"
Asin kun ano-ano pang mga sinabi ninda tumang saiya.,at kung kayo'y aking tanungin ay hindi kayo sasagot.
"Pagkaaga, nagtiripon an mga kamagurangan kan banwaan, an mga poon na padi, asin an mga paratukdo kan Katogonan, saka dinara ninda si Jesus sa saindang Konseho.",Ngunit magmula ngayon ang Anak ng Tao ay mauupo sa kanan ng kapangyarihan ng Diyos.”
"Hinapot ninda si Jesus, “Sabihi daw kami kun ika mananggad an Cristo?”","Sinabi nilang lahat, “Kung gayo'y ikaw ba ang Anak ng Diyos?” At sinabi niya sa kanila, “Kayo ang nagsasabi na ako nga.”"
Nagtindog an bilog na Konseho asin dinara si Jesus sa atubang ni Pilato.,Tumindig ang buong karamihan at dinala si Jesus sa harap ni Pilato.
"Duman isinumbong siya ninda, “Nadakop mi an tawong ini na sinosotsotan an mga tawo na magrebelde, asin nagpapangalad kan pagbayad nin buhis ki Cesar saka nagsabi na siya mismo an Cristo na sarong hade.”","Nagsimula silang ipagsakdal siya na sinasabi, “Natagpuan namin ang taong ito na inililigaw ang aming bansa, at pinagbabawalan kaming magbuwis kay Cesar, at sinasabi na siya mismo ang Cristo, ang hari.”"
"Hinapot siya ni Pilato, “Ika an hade kan mga Judio?”","At tinanong siya ni Pilato, “Ikaw ba ang Hari ng mga Judio?” Sumagot siya at sinabi, “Ikaw ang nagsasabi.”"
"“Ika na an nagsasabi,” an simbag ni Jesus.","Sinabi ni Pilato sa mga punong pari at sa mga tao, “Wala akong makitang kasalanan sa taong ito.”"
"Dangan sinabihan ni Pilato an mga poon na padi asin an mga tawo, “Mayo ako nin nakukuang kasalan sa tawong ini.”","Subalit sila'y lalong nagpipilit na sinasabi, “Ginugulo niya ang sambayanan at nagtuturo sa buong Judea, magbuhat sa Galilea hanggang sa dakong ito.”"
"Alagad orog sindang nag-insistir, “Nagpaparibok siya sa mga tawo sa bilog na Judea huli kan saiyang katukdoan! Nagpoon siya sa Galilea asin ngunyan uya na siya digdi.”","Nang marinig ito ni Pilato, itinanong niya kung ang taong iyon ay taga-Galilea."
"Kan madangog ini ni Pilato, naghapot siya kun taga Galilea si Jesus.","At nang kanyang malaman na siya'y sakop ni Herodes, kanyang ipinadala siya kay Herodes, na nang panahong iyon ay nasa Jerusalem din."
"Kan maaraman niyang taga Galilea si Jesus, ipinadara niya ini ki Herodes na iyo an kagsakop sa rehiyon na idto. Si Herodes yaon sa Jerusalem kan panahon na iyan.","Nang makita ni Herodes si Jesus, siya ay tuwang-tuwa, sapagkat matagal na niyang nais na makita siya sapagkat nakabalita siya ng tungkol sa kanya; at siya'y umaasang makakita ng ilang himalang ginawa niya."
"Naogma nin marahay si Herodes kan mahiling niya si Jesus, huli ta nadangog na niya an dapit saiya asin haloy na niyang boot mahiling si Jesus. Boot man niyang mahiling na maggibo nin mga milagro si Jesus.",Kaya't kanyang tinanong siya ng matagal subalit si Jesus ay hindi sumagot ng anuman.
"Kaya pinagparahapot ni Herodes si Jesus, alagad dai ini nagsimbag.","Ang mga punong pari at ang mga eskriba ay nanatili, at marahas siyang pinagbibintangan."
An mga poon na padi asin an mga paratukdo kan Katogonan nagduman sa enotan saka nagpahayag nin magagabat na sumbong tumang ki Jesus.,At hinamak siya at nilibak ni Herodes at ng mga kawal na kasama niya. Sinuotan siya ng maringal na damit at ibinalik kay Pilato.
Pinag-olog-olog saka pinagbasang-basang siya ni Herodes asin kan mga soldados kaini; dangan sinulotan siya nin magayon na gubing saka ibinalik ki Pilato.,Nang araw ding iyon ay naging magkaibigan si Herodes at si Pilato sa isa't isa; sapagkat sila'y dating magkagalit.
Kan aldaw man sanang idto nagin magkatood si Herodes asin si Pilato na dating magkaiwal.,"Tinipon ni Pilato ang mga punong pari, ang mga pinuno at ang mga taong-bayan,"
"Tinipon ni Pilato an mga poon na padi, an mga lider, asin an mga tawo,","at sinabi sa kanila, “Dinala ninyo sa akin ang taong ito na gaya ng isang nag-uudyok na maghimagsik ang bayan. At narito, nang aking siyasatin siya sa harapan ninyo, hindi ko nakitang nagkasala ang taong ito ng alinman sa mga bagay na ibinibintang ninyo laban sa kanya."
"saka sinabihan, “Dinara nindo sako an tawong ini huli ta sabi nindo nagpaparibok siya sa mga tawo. Hinapot ko siya digdi sa atubangan nindo, alagad dai ko napatunayan na nagkasala siya kan mga isinumbong nindo tumang saiya;","Maging si Herodes man, sapagkat kanyang ibinalik siya sa atin at tingnan ninyo, wala siyang ginawang anumang nararapat sa kamatayan."
"siring man si Herodes, kaya ipinabalik niya si Jesus digdi sato. Mayo siya nin ginibo na magin dahelan tanganing gadanon siya.",Kaya't siya'y aking ipapahagupit at palalayain.”
"Kaya ipapahampak ko siya, dangan bubutasan.”","Subalit silang lahat ay sama-samang sumigaw, “Alisin ang taong ito, palayain si Barabas para sa amin.”"
"Lambang Pyesta nin Paskwa, binubutasan ni Pilato an sarong bilanggo na pilion kan mga tawo.","Ito'y isang taong nabilanggo dahil sa isang paghihimagsik na nangyari sa lunsod, at dahil sa pagpatay ng tao."
"Alagad nagkurahaw an gabos na tawo, “Gadanon siya! Si Barrabas an butasan!” (",Si Pilato'y muling nagsalita sa kanila sa kagustuhang palayain si Jesus.
Nabilanggo si Barrabas huli sa kariribokan na nangyari sa syudad asin huli sa panggadan.),"Subalit sila'y nagsigawan, “Ipako sa krus, ipako siya sa krus.”"
"Boot ni Pilatong butasan si Jesus, kaya nagtaram giraray siya sa mga tawo.","Sa ikatlong pagkakataon ay kanyang sinabi sa kanila, “Bakit, anong kasamaan ang ginawa ng taong ito? Wala akong nakitang anumang batayan para sa parusang kamatayan. Kaya't siya'y aking ipapahagupit at saka palalayain.”"
"Alagad nagkurahaw sinda, “Ipako siya sa krus! Ipako siya sa krus!”",Subalit pinipilit nilang hingin na ipinagsisigawan na siya'y ipako sa krus. At nanaig ang kanilang mga tinig.
"Nagsabi si Pilato sa ikatolong beses, “Tadaw, anong karatan an ginibo niya? Dai akong nakukuang anoman na dahelan tanganing gadanon siya! Kaya, ipapahampak ko siya dangan bubutasan.”",At ipinasiya ni Pilato na ipagkaloob ang kanilang hinihingi.
"Alagad orog sindang nagkurahaw na si Jesus ipako sa krus, asin naotob an saindang kahagadan.","Pinalaya niya ang taong kanilang hinihiling, ang taong ibinilanggo dahil sa paghihimagsik at sa pagpatay, subalit kanyang ibinigay si Jesus gaya ng nais nila."
Kaya sinentensyahan ni Pilato si Jesus tanganing masunod an kahagadan kan mga tawo.,"Habang kanilang dinadala siyang papalayo, hinuli nila si Simon na taga-Cirene na nanggaling sa bukid, at ipinasan sa kanya ang krus upang dalhin kasunod ni Jesus."
"Binutasan niya an lalaking hinagad ninda, an nabilanggo sa pagparibok saka panggadan. Dangan itinao sainda si Jesus tanganing gibohon saiya an boot ninda.","Siya'y sinundan ng napakaraming tao, at ng mga babaing nagdadalamhati at nag-iiyakan para sa kanya."
"Kan ilinuluwas ninda si Jesus hale sa palasyo, nasabat ninda an sarong taga Cirene na an ngaran Simon, na minaabot pa sana hale sa oma. Pinugol ninda ini, ipinapasan an krus ni Jesus dangan pinasunod sa hudyan kaini.","Subalit humarap sa kanila si Jesus at sinabi, “Mga anak na babae ng Jerusalem, huwag ninyo akong iyakan, kundi iyakan ninyo ang inyong mga sarili at ang inyong mga anak."
Dakul na tawo an nagsunod ki Jesus; kabilang digdi an mga babae na nagtatangis saka naghahaya.,"Sapagkat narito, darating ang mga araw, na kanilang sasabihin, ‘Mapapalad ang mga baog, at ang mga tiyan na kailanma'y hindi nagdalang-tao, at ang mga dibdib na kailanman ay hindi nagpasuso!’"
"Nag-atubang sainda si Jesus asin nagsabi, “Mga babaeng taga Jerusalem, dai nindo ako pagtangisan kundi pagtangisan nindo an sadiri nindo saka an saindong mga aki.","At sila'y magpapasimulang magsalita sa mga bundok, ‘Bumagsak kayo sa amin,’ at sa mga burol, ‘Takpan ninyo kami.’"
"Huli ta maabot an panahon na an mga tawo magsasabi, ‘Paladan an mga babaeng baog, an mga dai nagbados asin an mga dai nagpasuso!’","Sapagkat kung ginagawa nila ang mga bagay na ito kapag ang punungkahoy ay sariwa, anong mangyayari kapag ito ay tuyo?"
"Sa panahon na iyan, an mga tawo masabi sa mga bukid, ‘Rumpagi nindo kami!’ dangan sa mga bulod, ‘Tambonan nindo kami!’",Dinala rin upang pataying kasama niya ang dalawang kriminal.
"Huli ta kun an siring kaini ginigibo ninda sa sarong kahoy na berde, ano daw an mangyayari sa kahoy na alang?”","Nang dumating sila sa lugar na tinatawag na Bungo, kanilang ipinako siya sa krus, kasama ng mga kriminal, isa sa kanyang kanan at isa sa kanyang kaliwa."
"Ilinuwas man ninda an duwang lalaking kriminal, na gagadanon kaiba ni Jesus.","[Sinabi ni Jesus, “Ama, patawarin mo sila, sapagkat hindi nila nalalaman ang kanilang ginagawa.”] At sila ay nagpalabunutan upang paghatian ang kanyang damit."
"Pag-abot ninda sa lugar na inaapod “An Bungo,” ipinako ninda sa krus si Jesus; siring man an duwang kriminal, saro sa too niya asin saro sa wala.","Nakatayong nanonood ang taong-bayan. Subalit tinutuya naman siya ng mga pinuno, na sinasabi, “Iniligtas niya ang iba, iligtas niya ang kanyang sarili kung siya ang Cristo ng Diyos, ang Pinili.”"
"Nagtaram si Jesus, “Ama, patawada sinda! Huli ta dai ninda aram an saindang ginigibo.”","Nililibak din siya ng mga kawal na lumapit sa kanya, at inalok siya ng suka,"
Pinagripahan kan mga soldados an mga gubing ni Jesus tanganing pagbarangaon.,"at sinasabi, “Kung ikaw ang Hari ng mga Judio, iligtas mo ang iyong sarili!”"
"An mga tawong yaon duman nagmamasid mantang an mga lider na Judio nagtutuya-tuya saiya. An sabi ninda, “Ilinigtas niya an iba; iligtas man niya ngunyan an sadiri niyang buhay kun talagang siya an Cristo, an pinili nin Dios!”","Mayroon ding nakasulat na pamagat sa itaas niya, “Ito'y ang Hari ng mga Judio.”"
"Pinagtuya-tuya man siya kan mga soldados; nagrani sinda saiya, inalok nin suka,","Patuloy siyang pinagtawanan ng isa sa mga kriminal na ipinako, na nagsasabi, “Hindi ba ikaw ang Cristo? Iligtas mo ang iyong sarili at kami!”"
"saka sinabihan, “Kun ika nanggad an hade kan mga Judio, ligtasan an sadiri mong buhay!”","Subalit sinaway siya ng isa, at sa kanya'y sinabi, “Hindi ka pa ba natatakot sa Diyos, yamang ikaw ay nasa gayunding hatol ng kaparusahan?"
"Igwa nin nakasurat sa may pamayohan niya (sa tataramon na Griyego, Latin saka Hebreyo), “Ini an Hade kan mga Judio.”","Tayo ay nahatulan ng matuwid, sapagkat tinanggap natin ang nararapat na kabayaran sa ating mga gawa. Subalit ang taong ito'y hindi gumawa ng anumang masama.”"
"Pinag-olog-olog siya kan saro sa mga kriminal na nakapako. “Bakong ika an Cristo? Iligtas mo an sadiri mo asin kami,” an sabi niya.","Sinabi niya, “Jesus, alalahanin mo ako, pagdating mo sa iyong kaharian.”"
"Alagad sinaway siya kan kaiba niya, “Dai ka natatakot sa Dios? Sinentensyahan ka man arog saiya.","At sumagot siya, “Katotohanang sinasabi ko sa iyo, ngayon ikaw ay makakasama ko sa Paraiso.”"
Tama an sentensya sato huli sa ginibo ta; alagad mayo siyang ginibong sala.”,"Nang magtatanghaling-tapat na, nagdilim sa ibabaw ng buong lupain hanggang sa ikatlo ng hapon,"
"Dangan nagsabi siya, “Jesus, giromdoma man ako pag-abot mo sa saimong Kahadean.”",habang madilim ang araw; at napunit sa gitna ang tabing ng templo.
"Sinabihan siya ni Jesus, “Sa katotoohan sinasabihan taka, ngunyan mismo makakaiba taka sa Paraiso.”","Si Jesus ay sumigaw ng malakas at nagsabi, “Ama, sa mga kamay mo ay inihahabilin ko ang aking espiritu.” At pagkasabi nito ay nalagot ang kanyang hininga."
"Kan maodto na, nag-ontok sa pagsaldang an aldaw asin nagdiklom an bilog na daga sagkod alas tres nin hapon;","Nang makita ng senturion ang nangyari, pinuri niya ang Diyos at sinabi, “Tunay na ito'y isang taong matuwid.”"
dangan nabanga sa tahaw an kurtina na nasa laog kan Templo.,"At ang lahat ng mga taong nagkatipon upang makita ang panoorin, nang makita nila ang mga bagay na nangyari ay umuwing dinadagukan ang kanilang mga dibdib."
"Nagkurahaw si Jesus, “Ama! Sa mga kamot mo idinudusay ko an sakong espiritu!” Pakasabi niya kaini nautsan siya.",At ang lahat ng mga kakilala niya at ang mga babaing sa kanya'y sumunod buhat sa Galilea ay nakatayo sa malayo at nakita ang mga bagay na ito.
"Kan an nangyaring ini mahiling kan kapitan na Romano, nag-omaw siya sa Dios saka nagsabi, “Totoo mananggad na mayo nin sala an tawong ini!”","Mayroong isang mabuti at matuwid na lalaking ang pangalan ay Jose, na bagaman kaanib ng sanggunian,"
"An mga tawo na nagtiripon sa paghiling kaini, kan mahiling an nangyari, nagpuli na nagtutumbok kan saindang daghan.","ay hindi sang-ayon sa kanilang panukala at gawa. Siya'y mula sa Arimatea, isang bayan ng mga Judio, at siya'y naghihintay sa kaharian ng Diyos."
Alagad nakatindog sa harayo an mga katood ni Jesus asin an mga babaeng nagsunod saiya magpoon sa Galilea; nahiling ninda an mga bagay na ini.,Ang taong ito'y lumapit kay Pilato at hiningi ang bangkay ni Jesus.
"50-51 May sarong lalaki na an ngaran Jose, na taga Arimatea, sarong banwaan sa Judea. Marahay saka matanos siyang tawo na naghahalat kan pag-abot kan Kahadean nin Dios. Kaayon siya kan Konseho, alagad dai siya nag-oyon sa saindang mga plano asin mga gibo.","At ito'y ibinaba niya, binalot ng isang telang lino, at inilagay sa isang libingang hinukay sa bato, na doo'y wala pang naililibing."
Nagduman siya ki Pilato dangan hinagad an bangkay ni Jesus.,"Noo'y araw ng Paghahanda, at malapit na ang Sabbath."
"Tinanggal niya sa krus an bangkay, pinatos nin telang lino, dangan ilinubong sa dai pa lamang ginagamit na lulubngan na tinuki sa gapo.",Ang mga babae na sumama sa kanya mula sa Galilea ay sumunod at tiningnan ang libingan at kung paano inilagay ang kanyang bangkay.
"Aldaw na Byernes idto, asin mapoon na an aldaw na Sabbath.",Sila'y umuwi at naghanda ng mga pabango at mga panghaplos. At nang araw ng Sabbath sila'y nagpahinga ayon sa kautusan.
"Alagad amay pa kan Domingong aga, nagduman an mga babae sa lulubngan, dara an mga pahamot na inandam ninda.","Subalit nang unang araw ng sanlinggo sa pagbubukang-liwayway, pumunta sila sa libingan, dala ang mga pabango na kanilang inihanda."
"Nahiling ninda na nahale na an gapong isenera sa lulubngan,",At nakita nilang naigulong na ang bato mula sa libingan.
kaya nagdagos sinda sa laog; alagad dai ninda nakua an bangkay kan Kagurangnan na Jesus.,Subalit nang sila'y pumasok ay hindi nila nakita ang bangkay.
"Nalilibong pa sinda huli kan nangyari, kan biglang magtunga sa kataed ninda an duwang lalaki na nakagubing nin puti na nagkikintab.","Habang sila'y nagtataka tungkol dito, biglang may dalawang lalaki na nakasisilaw ang mga damit ang tumayo sa tabi nila."
"Dahel sa makuring takot, nagdapa sinda sa daga. Sinabihan sinda kan duwang lalaki, “Tadaw ta hinahanap nindo an sarong buhay sa lugar kan mga gadan?","Ang mga babae ay natakot at isinubsob ang kanilang mga mukha sa lupa, subalit sinabi ng mga lalaki sa kanila, “Bakit ninyo hinahanap ang buháy sa gitna ng mga patay?"
"Mayo siya digdi; nabuhay na siya liwat! Giromdoma nindo an sinabi niya saindo kan idtoon pa siya sa Galilea,","Wala siya rito, kundi muling nabuhay. Alalahanin ninyo kung paanong siya ay nagsalita sa inyo noong siya'y nasa Galilea pa,"
"‘An Aki nin Tawo kaipuhan na itao sa mga parakasala, ipako sa krus asin sa ikatolong aldaw mabuhay siya liwat.’”","na ang Anak ng Tao ay kailangang ibigay sa mga kamay ng mga makasalanan, at ipako sa krus, at muling mabuhay sa ikatlong araw.”"
Dangan nagiromdoman kan mga babae an mga tataramon ni Jesus.,"At naalala nila ang kanyang mga salita,"
Nagpuli sinda asin binaretaan kan gabos na nangyari an onseng disipulo saka an iba pa.,"at pagbabalik mula sa libingan, ibinalita nila ang lahat ng mga bagay na ito sa labing-isa, at sa lahat ng iba pa."
"An mga nag-osipon kaini sainda iyo si Maria Magdalena, si Juana, si Maria na ina ni Santiago saka an ibang mga babae na kaiba ninda.","Ang nagbalita ng mga bagay na ito sa mga apostol ay sina Maria Magdalena, Juana, Maria na ina ni Santiago, at iba pang mga babaing kasama nila."
"Alagad naghona an mga apostol na bakong totoo an ibinareta kan mga babae, kaya dai sinda nagtubod.",Subalit ang mga salitang ito'y inakala nilang walang kabuluhan at hindi nila pinaniwalaan.
"Alagad nagdalagan si Pedro pasiring sa lulubngan. Paghiling niya sa laog, mayo siyang ibang nahiling kundi an mga telang ipinatos sa bangkay. Nagpuli siyang nagngangalas kun ano an nangyari.",[
"Kan aldaw man sanang idto, duwa sa mga disipulo ni Jesus an nagpasiring sa sarong baryo na an ngaran Emaus, na mga onseng kilometro an rayo hale sa Jerusalem.",Subalit tumayo si Pedro at tumakbo sa libingan. Siya'y yumukod at pagtingin niya sa loob ay nakita niya ang mga telang lino na nasa isang tabi. Umuwi siya sa kanyang bahay na nagtataka sa nangyari.]
Nag-oolay-olay sinda dapit sa gabos na nangyari.,"Nang araw ding iyon, dalawa sa kanila ang patungo sa isang nayong tinatawag na Emaus, na may animnapung estadia ang layo sa Jerusalem,"
"Mantang nag-oolay-olay sinda saka nagdidiskutiran, rinanihan sinda ni Jesus mismo dangan nakisabay sa saindang paglakaw.",at pinag-uusapan nila ang tungkol sa lahat ng mga bagay na ito na nangyari.
"Maski nahihiling ninda si Jesus, dai ninda siya namimidbidan.","Samantalang sila'y nag-uusap at nagtatanungan, si Jesus mismo ay lumapit at naglakbay na kasama nila."
"Hinapot sinda ni Jesus, “Ano an pinag-oolayan nindo?”",Subalit ang kanilang mga mata ay hindi pinahihintulutan na makilala siya.
Nag-ontok sinda na mamondo an mga lalawogon.,"At sinabi niya sa kanila, “Ano ba ang inyong pinag-uusapan sa inyong paglalakad?” At sila'y tumigil na nalulungkot."
"An saro sainda, na an ngaran Cleofas, nagsimbag, “Ika sana sa mga nagdalaw sa Jerusalem an dai nakakaaram kan mga nangyari kaining mga huring aldaw.”","Isa sa kanila, na ang pangalan ay Cleopas, ang sumagot sa kanya, “Ikaw lang ba ang tanging dayuhan sa Jerusalem na hindi nakakaalam ng mga bagay na nangyari sa mga araw na ito?”"
“Anong mga pangyayari?” an hapot niya.,"Sinabi niya sa kanila, “Anong mga bagay?” At sinabi nila sa kanya, “Tungkol kay Jesus na taga-Nazaret, na isang propetang makapangyarihan sa gawa at sa salita sa harap ng Diyos at ng buong sambayanan,"
"Nagsimbag sinda, “Dapit ki Jesus na taga Nazaret. Saro siyang propeta na mapangyari sa gibo saka sa tataramon sa atubang nin Dios asin nin gabos na tawo.","at kung paanong siya ay ibinigay ng mga punong pari at ng mga pinuno upang hatulan ng kamatayan, at siya'y ipinako sa krus."
"Isinumbong siya kan samuyang mga poon na padi asin mga kagsakop tanganing masentensyahan siya nin kagadanan, dangan ipinako siya sa krus.","Subalit umasa kami na siya ang tutubos sa Israel. Oo, at bukod sa lahat ng mga ito, ngayon ang ikatlong araw buhat nang mangyari ang mga bagay na ito."
"Siya an pinaglaoman mi na matubos kan Israel. Laen pa kan gabos na ini, ngunyan an ikatolong aldaw poon na mangyari idto.","Bukod dito, binigla kami ng ilan sa mga babaing kasamahan namin. Sila ay maagang pumunta sa libingan,"
"Natikbahan kami kan nagkapirang babae sa samong pag-iriba na amay na nagduman sa lulubngan,","at nang hindi nila matagpuan ang kanyang bangkay, sila ay bumalik. Sinabi nilang sila ay nakakita ng isang pangitain ng mga anghel na nagsabing siya'y buháy."
asin dai nahiling an bangkay ni Jesus. Nagpuli sindang nagsasabi na nakahiling pa sinda nin sarong bisyon nin mga anghel na nagsabing buhay si Jesus.,"Pumaroon sa libingan ang ilang kasama namin at nakita nila ang ayon sa sinabi ng mga babae, subalit siya'y hindi nila nakita.”"
"An ibang mga kairiba mi nagduman sa lulubngan asin napatunayan na totoo an sinabi kan mga babae, alagad dai ninda nahiling si Jesus.”","At sinabi niya sa kanila, “O napakahangal naman ninyo at napakakupad ang mga puso sa pagsampalataya sa lahat ng ipinahayag ng mga propeta!"
"Dangan sinabihan sinda ni Jesus, “Mga lolong! Mga kulang sa pagtubod sa gabos na sinabi kan mga propeta!",Hindi ba kailangang ang Cristo ay magdusa ng mga bagay na ito at pagkatapos ay pumasok sa kanyang kaluwalhatian?”
Bakong kaipuhan na magtios ngona an Cristo kan mga bagay na ini bago siya maglaog sa saiyang kamurawayan?”,At magmula kay Moises at sa mga propeta ay ipinaliwanag niya sa kanila ang mga bagay tungkol sa kanya sa lahat ng mga kasulatan.
"Dangan ipinaliwanag sainda ni Jesus an sinasabi dapit saiya sa gabos na kasuratan, magpoon sa mga libro ni Moises sagkod sa mga surat kan gabos na propeta.","Nang sila'y malapit na sa nayong kanilang paroroonan, nauna siya na parang magpapatuloy pa."
"Kan harani na sinda sa baryo na saindang dudumanan, si Jesus garo malihis pa duman,","Subalit kanilang pinigil siya at sinabi, “Tumuloy ka sa amin, sapagkat gumagabi na, at lumulubog na ang araw.” At pumasok siya upang tumuloy sa kanila."
"alagad pinugolan ninda siya, “Dai ka na magpadagos ta solnop na an aldaw asin nagdidiklom na.” Kaya nag-iba siya sainda.","Habang siya'y nakaupong kasalo nila sa hapag, kanyang dinampot ang tinapay at binasbasan. Ito'y kanyang pinagputul-putol at ibinigay sa kanila."
"Nagtukaw sa pagkakan si Jesus sa kaibahan ninda; kinua ni Jesus an tinapay, benendisyonan, binaak saka itinao sainda.","Nabuksan ang kanilang mga mata, siya'y nakilala nila, at siya'y nawala sa kanilang mga paningin."
"Dangan nabuksan an mga mata ninda, asin namidbidan ninda siya; alagad bigla siyang nawara sa panghiling ninda.","Sinabi nila sa isa't isa, “Hindi ba nag-aalab ang ating puso sa loob natin, habang tayo'y kinakausap niya sa daan, samantalang binubuksan niya sa atin ang mga kasulatan?”"
"Nag-olay-olay sinda, “Bakong naglaad an satong mga puso kan nagtataram siya sato sa dalan asin nagpapaliwanag kan mga kasuratan?”",Sa oras ding iyon ay tumayo sila at bumalik sa Jerusalem at naratnang nagkakatipon ang labing-isa at ang kanilang mga kasama.
Kan oras man sanang iyan nagbalik sinda sa Jerusalem. Naabotan ninda duman na tiripon an onseng disipulo saka an iba pang kairiba ninda.,"Sinasabi nila, “Talagang bumangon ang Panginoon at nagpakita kay Simon!”"
"Nagsarabi an mga ini, “Talagang nabuhay na liwat an Kagurangnan! Nagpahiling siya ki Simon!”",At isinalaysay nila ang mga bagay na nangyari sa daan at kung paanong siya'y nakilala nila nang pagputul-putulin niya ang tinapay.
"Ipinaliwanag man sainda kan duwa an nangyari duman sa dalan, asin kun paanong namidbidan ninda an Kagurangnan sa pagbaak kan tinapay.","Samantalang kanilang pinag-uusapan ang mga bagay na ito, si Jesus ay tumayo sa gitna nila at sinabi sa kanila, “Sumainyo ang kapayapaan.”"
"Nag-oosipon pa sinda kan mga bagay na ini, kan biglang nagtunga sa tahaw ninda si Jesus. Asin sinabihan sinda, “Mapasaindo an katoninongan.”",Subalit sila'y kinilabutan at natakot at inakala nila na nakakakita sila ng isang espiritu.
Nakubhanan sinda asin nagkatarakot saka naghona na sarong kalag an nahiling ninda.,"Sinabi niya sa kanila, “Bakit kayo'y natatakot at bakit may pag-aalinlangan sa inyong puso?"
"Alagad sinabihan sinda ni Jesus, “Tadaw ta nagkakamurongnan kamo sa takot? Tadaw ta nagdududa kamo?","Tingnan ninyo ang aking mga kamay at mga paa, sapagkat ako nga ito. Hipuin ninyo ako, at tingnan, sapagkat ang isang espiritu'y walang laman at mga buto, na gaya ng inyong nakikita na nasa akin.”"
"Hilinga nindo an sakong mga kamot asin mga bitis. Ako mismo ini! Kapotan nindo ako saka hilingon; huli ta an kalag mayong laman asin mayong tolang. Ako igwa, siring sa nahihiling nindo.”",[
"Pakasabi niya kaini, ipinahiling niya sainda an saiyang mga kamot saka mga bitis.",Pagkasabi niya nito ay ipinakita niya sa kanila ang kanyang mga kamay at mga paa.]
"Dai pa sinda naniwala huli sa kaogmahan asin sa pagngalas, kaya sinabihan sinda ni Jesus, “May kakanon kamo digdi?”","Samantalang nasa kanilang kagalakan ay hindi pa sila naniniwala at nagtataka, sinabi niya sa kanila, “Mayroon ba kayo ritong anumang makakain?”"
Tinawan ninda siya nin inasal na sira;,At kanilang binigyan siya ng isang pirasong inihaw na isda.
kinua niya ini saka kinakan sa atubang ninda.,Kanyang kinuha iyon at kumain sa harapan nila.
"Pakatapos, sinabihan niya sinda, “Iyo ini an mga sinabi ko saindo kan kaiba pa nindo ako: dapat maotob an gabos na isinurat dapit sako sa Katogonan ni Moises, sa kasuratan kan mga propeta asin sa mga Salmo.”","Pagkatapos ay sinabi niya sa kanila, “Ito ang aking mga salitang sinabi ko sa inyo, noong ako'y kasama pa ninyo, na kailangang matupad ang lahat ng mga bagay na nakasulat tungkol sa akin sa kautusan ni Moises, sa mga propeta, at sa mga awit.”"
Dangan pinaliwanagan niya sinda tanganing masabotan ninda an mga kasuratan.,At binuksan niya ang kanilang mga pag-iisip upang maunawaan nila ang mga kasulatan.
"An sabi niya, “Iyo ini an nasusurat: an Cristo kaipuhan na magtios, dangan sa ikatolong aldaw mabuhay liwat sa mga gadan;","Sinabi niya sa kanila, “Ganyan ang nasusulat, na kailangang magdusa ang Cristo at muling mabuhay mula sa mga patay sa ikatlong araw;"
"sa ngaran niya ipaghuhulit sa gabos na tawo, poon sa Jerusalem, an pagbakle asin an kapatawadan nin mga kasalan.","at ipangaral ang pagsisisi at pagpapatawad ng mga kasalanan sa kanyang pangalan sa lahat ng mga bansa, mula sa Jerusalem."
Mga saksi kamo kan mga bagay na ini.,Kayo'y mga saksi ng mga bagay na ito.
"Ako an mapadara saindo kan ipinanuga kan sakong Ama. Alagad maghalat kamo sa Jerusalem, sagkod na mag-abot saindo an kapangyarihan hale sa itaas.”","At tingnan ninyo, ipapadala ko sa inyo ang pangako ng aking Ama, subalit manatili kayo sa lunsod, hanggang sa mabihisan kayo ng kapangyarihang galing sa itaas.”"
"Dangan ipinag-iba sinda ni Jesus sa luwas kan syudad sagkod sa Betania. Pag-abot ninda duman, initaas niya an saiyang mga kamot saka benendisyonan sinda.","Kanyang inilabas sila hanggang sa tapat ng Betania at nang maitaas niya ang kanyang mga kamay, sila'y kanyang binasbasan."
"Mantang benebendisyonan niya sinda, naghale siya asin dinara sa langit.","At habang binabasbasan niya sila, kanyang iniwan sila [at dinala siya paitaas sa langit]."
"Iyo ini an mga ginikanan ni Jesu-Cristo, na gikan ki David, na gikan ki Abraham.","Ito ang aklat ng lahi ni Jesu-Cristo, na anak ni David, na anak ni Abraham."
"Si Abraham ama ni Isaac, si Isaac ama ni Jacob, si Jacob ama ni Juda saka kan mga tugang niya;",Naging anak ni Abraham si Isaac; naging anak ni Isaac si Jacob; at naging anak ni Jacob si Juda at ang mga kapatid nito;
"si Juda ama ni Fares asin ni Zera (si Tamar an saindang ina), si Fares ama ni Esrom, si Esrom ama ni Aram;",naging anak ni Juda kay Tamar sina Perez at Zera; naging anak ni Perez si Hesron; at naging anak ni Hesron si Aram;
"si Aram ama ni Aminadab, si Aminadab ama ni Naason, si Naason ama ni Salmon;",naging anak ni Aram si Aminadab; naging anak ni Aminadab si Naashon; at naging anak ni Naashon si Salmon;
"si Salmon ama ni Boaz (si Rahab an saiyang ina), si Boaz ama ni Obed (si Ruth an saiyang ina), si Obed ama ni Jesse;",naging anak ni Salmon kay Rahab si Boaz; naging anak ni Boaz kay Ruth si Obed; at naging anak ni Obed si Jesse;
si Jesse iyo an ama ni Hadeng David.,naging anak ni Jesse si Haring David. At naging anak ni David sa asawa ni Urias si Solomon;
Si David ama ni Solomon (an saiyang ina dating agom ni Urias);,naging anak ni Solomon si Rehoboam; naging anak ni Rehoboam si Abias; at naging anak ni Abias si Asaf;
"si Solomon ama ni Roboam, si Roboam ama ni Abias, si Abias ama ni Asa;",naging anak ni Asaf si Jehoshafat; naging anak ni Jehoshafat si Joram; at naging anak ni Joram si Uzias;
"si Asa ama ni Josafat, si Josafat ama ni Joram, si Joram ama ni Uzias;",naging anak ni Uzias si Jotam; naging anak ni Jotam si Ahaz; at naging anak ni Ahaz si Hezekias;
"si Uzias ama ni Jotam, si Jotam ama ni Acaz, si Acaz ama ni Ezekias;",naging anak ni Hezekias si Manases; naging anak ni Manases si Amos; at naging anak ni Amos si Josias;
"si Ezekias ama ni Manases, si Manases ama ni Amon, si Amon ama ni Josias;","naging anak ni Josias si Jeconias at ang kanyang mga kapatid, nang panahon na dalhin silang bihag sa Babilonia."
"si Josias ama ni Jeconias saka kan mga tugang niya, kan panahon na madestyero an mga Israelita sa Babilonia.","Pagkatapos silang dalhing bihag sa Babilonia, naging anak ni Jeconias si Sealtiel; at naging anak ni Sealtiel si Zerubabel;"
"Kan nakadestyero na an mga Israelita sa Babilonia, iyo ini an mga ginikanan: si Jeconias ama ni Sealtiel, si Sealtiel ama ni Zorobabel;",naging anak ni Zerubabel si Abiud; naging anak ni Abiud si Eliakim; at naging anak ni Eliakim si Azor;
"Namundag si Jesus sa Betlehem nin Judea, kan si Herodes an hade. Dai nahaloy, nag-abot sa Jerusalem an mga mago hale sa sirangan.","Nang ipanganak si Jesus sa Bethlehem ng Judea sa kapanahunan ng haring si Herodes, may mga Pantas na lalaki mula sa silangan na dumating sa Jerusalem,"
"Naghapot sinda, “Haen an omboy na namundag na magigin hade kan mga Judio? Nahiling mi an saiyang bitoon sa sirangan kaya nagdigdi kami nganing sambahon siya.”","na nagtatanong, “Nasaan ang ipinanganak na hari ng mga Judio? Sapagkat nakita namin ang kanyang bituin sa silangan, at naparito kami upang siya'y sambahin.”"
"Napurisaw na gayo si Hadeng Herodes kan maaraman niya ini, siring man an mga taga Jerusalem.","Nang marinig ito ni Haring Herodes, siya ay nabahala, pati ang buong Jerusalem."
Tinipon niya an gabos na poon na padi asin mga paratukdo kan katogonan dangan hinapot sinda kun saen mamumundag an Cristo.,"Nang matipon niyang lahat ang mga punong pari at mga eskriba ng bayan, nagtanong siya sa mga ito kung saan isisilang ang Cristo."
"“Sa Betlehem nin Judea,” an simbag ninda, “siring sa sinurat kan propeta:","Sinabi nila sa kanya, “Sa Bethlehem ng Judea, sapagkat ganito ang isinulat ng propeta:"
"‘Ika, Betlehem, sa daga nin Juda,","‘At ikaw, Bethlehem, sa lupain ng Juda,"
bakong ika an pinakasadit sa mga nangengenot na syudad nin Juda;,sa anumang paraan ay hindi ka pinakamaliit sa mga pangunahing bayan ng Juda;
huli ta saimo magikan an sarong lider,"sapagkat sa iyo manggagaling ang isang pinuno,"
na iyo an masakop kan sakong banwaan na Israel.’”,na magiging pastol ng aking bayang Israel.’”
Hilom na ipinaapod ni Herodes an mga mago nganing aramon sainda kun kasuarin nagtunga an bitoon.,"Pagkatapos, lihim na ipinatawag ni Herodes ang mga Pantas at inalam sa kanila kung kailan lumitaw ang bituin."
"Pakatapos, pinaduman niya sinda sa Betlehem saka tinugon, “Lakaw na kamo asin hanapon nindo an omboy; kun makua nindo siya, paaramon nindo ako tanganing magduman man ako asin magsamba saiya.”","Kanyang pinapunta sila sa Bethlehem at sinabi sa kanila, “Humayo kayo at hanapin ninyong mabuti ang sanggol; kapag siya ay inyong natagpuan na, ipagbigay-alam ninyo sa akin, upang ako rin ay makaparoon at siya ay aking sambahin.”"
"9-10 Kaya naghale sinda. Mantang naglalakaw sinda, nahiling ninda giraray an bitoon na nahiling ninda sa sirangan. Dai masabi an saindang kaogmahan kan mahiling ninda an bitoon! Pinangenotan sinda kaini sagkod na nag-ontok sa tangod kan lugar na namumugtakan kan omboy.","Pagkatapos nilang makinig sa hari ay lumakad na sila; at naroon, ang bituin na kanilang nakita sa silangan ay nanguna sa kanila hanggang sa tumigil sa tapat ng kinaroroonan ng sanggol."
"Paglaog ninda sa harong, nahiling ninda an omboy asin si Maria na saiyang ina. Nagluhod sinda saka nagsamba sa omboy. Dangan idinolot ninda saiya an mga dara nindang regalong bulawan, insenso, asin mira.",Labis silang nagalak nang makita nila ang bituin.
Pinatanidan sinda nin Dios sa pangatorogan na dai na magbalik ki Herodes. Kaya ibang dalan an saindang inagihan pagpuli.,"Pagpasok nila sa bahay ay nakita nila ang sanggol na kasama ng kanyang inang si Maria. Nagpatirapa sila at sumamba sa kanya. Nang buksan nila ang kanilang mga kayamanan ay inihandog nila sa kanya ang mga kaloob na ginto, kamanyang at mira."
"Pakahale kan mga mago, an anghel nin Kagurangnan nagpahiling ki Jose sa pangatorogan asin nagsabi, “Magbangon ka; idulag mo sa Egipto an mag-ina. Dai ka maghale duman sagkod na sabihan taka, huli ta hahanapon ni Herodes an aki tanganing gadanon.”","Palibhasa'y binalaan sa pamamagitan ng panaginip na huwag na silang babalik kay Herodes, nag-iba sila ng daan pauwi sa kanilang lupain."
"Kaya nagbangon si Jose asin kan banggi man sanang iyan, idinulag niya an mag-ina pasiring sa Egipto.","Nang makaalis na sila, ang isang anghel ng Panginoon ay nagpakita kay Jose sa panaginip, na nagsasabi, “Bumangon ka at dalhin mo ang sanggol at ang kanyang ina, at tumakas kayo patungo sa Ehipto. Manatili kayo roon hanggang sabihin ko sa iyo, sapagkat hahanapin ni Herodes ang sanggol upang siya ay patayin.”"
"Duman sinda nag-erok sagkod na nagadan si Herodes. Nangyari ini tanganing maotob an itinaram nin Kagurangnan sa paagi kan propeta, “Inapod ko an sakong Aki hale sa Egipto.”","Kaya't siya ay bumangon at dinala ang sanggol at ang ina nito nang gabing iyon, at pumunta sila sa Ehipto."
"Naanggot na gayo si Herodes kan maaraman niya na nadaya siya kan mga mago na taga sirangan. Kaya ipinagadan niya an gabos na lalaki sa Betlehem sagkod sa mga kataed na lugar, mga lalaki na an edad duwang taon paibaba, sosog sa naaraman niya sa mga mago manongod kan oras nin pagtunga kan bitoon.",Nanatili sila roon hanggang sa pagkamatay ni Herodes. Ito ay upang matupad ang sinabi ng Panginoon sa pamamagitan ng propeta: “Mula sa Ehipto ay tinawag ko ang aking anak.”
Sa pangyayaring ini naotob an sinabi ni Propeta Jeremias:,"Nang malaman ni Herodes na siya'y dinaya ng mga Pantas, siya ay labis na nagalit. At ipinag-utos niyang patayin ang lahat ng mga batang lalaki sa Bethlehem at sa karatig-pook na may gulang na dalawang taon pababa, ayon sa panahon na kanyang tiniyak mula sa mga Pantas."
"“Nadangog sa Rama an sarong tingog,",Kaya't natupad ang sinabi sa pamamagitan ni propeta Jeremias:
pagtangis asin pag-agrangay na makosog.,"“Isang tinig ang narinig sa Rama,"
Pinagtangisan ni Rachel an mga aki niya;,"pananangis at malakas na panaghoy,"
"habong magparanga, huli ta gadan na sinda.”",tinatangisan ni Raquel ang kanyang mga anak;
"Kan gadan na si Herodes, nagpahiling ki Jose sa pangatorogan duman sa Egipto an anghel nin Kagurangnan,","ayaw niyang paaliw, sapagkat wala na sila.”"
"asin nagsabi, “Magbangon ka, magbalik na kamo sa Israel, huli ta gadan na an mga naghomang gumadan sa aki.”","Ngunit pagkamatay ni Herodes, ang isang anghel ng Panginoon ay nagpakita sa panaginip kay Jose sa Ehipto, na nagsasabi,"
Kaya ipinag-iba ni Jose an mag-ina papuli sa daga nin Israel.,"“Bumangon ka at dalhin mo ang sanggol at ang kanyang ina, at pumunta kayo sa lupain ng Israel, sapagkat patay na ang mga naghahangad sa buhay ng sanggol.”"
"Kan panahon na iyan, nag-abot si Juan Bautista asin nagpoon paghulit duman sa kalangtadan nin Judea.","Nang mga araw na iyon ay dumating si Juan na Tagapagbautismo na nangangaral sa ilang ng Judea, na nagsasabi,"
"“Magbakle na kamo,” an sabi niya, “huli ta uya na an Kahadean nin langit!”","“Magsisi kayo, sapagkat malapit na ang kaharian ng langit.”"
"Si Juan an sinabi ni Propeta Isaias kan ini magtaram,","Sapagkat siya ang tinutukoy sa pamamagitan ni propeta Isaias, nang kanyang sabihin,"
"“Igwang nagkukurahaw sa kalangtadan,",“Ang tinig ng isang sumisigaw sa ilang:
‘Andama an dalan para sa Kagurangnan;,"‘Ihanda ninyo ang daan ng Panginoon,"
tanosa an dalan na saiyang lalakawan!’”,tuwirin ninyo ang kanyang mga landas.’”
"An gubing ni Juan gibo sa mga buhok nin kamelyo, may hagkos siyang anit. An kakanon niya doron asin dugos.",Si Juan ay nagsusuot ng damit na yari sa balahibo ng kamelyo at ng isang pamigkis na balat sa kanyang baywang. Ang kanyang pagkain ay mga balang at pulot-pukyutan.
"Nagduruman saiya an mga taga Jerusalem, mga taga Judea, sagkod an mga nag-eerok sa mag-ibong kan Salog nin Jordan.","Pumunta sa kanya ang mga mamamayan ng Jerusalem, ang buong Judea, at ang buong lupain sa paligid ng Jordan."
"Itinuga ninda an saindang mga kasalan, dangan binunyagan sinda ni Juan duman sa Salog nin Jordan.","At sila'y kanyang binautismuhan sa ilog ng Jordan, na ipinahahayag nila ang kanilang mga kasalanan."
"Kan mahiling ni Juan na dakul na Fariseo asin Saduceo an nag-abot tanganing magpabunyag, sinabihan niya sinda, “Mga rimoranon! Siisay an nagsabi saindo na makakadulag kamo sa maabot na padusa nin Dios?","Ngunit nang makita niyang marami sa mga Fariseo at Saduceo ang nagdatingan upang magpabautismo, sinabi niya sa kanila, “Kayong lahi ng mga ulupong, sino ang nagbabala sa inyo upang makatakas sa poot na darating?"
Ipahiling nindo sa gibo na kamo nagbakle na.,Mamunga kayo nang nararapat sa pagsisisi.
"Dai kamo maghona na makakaligtas kamo sa padusa huli ta ama nindo si Abraham. Sinasabihan ko kamo, na sa mga gapong ini an Dios makakagibo nin mga aki para ki Abraham.","At huwag ninyong sabihin sa inyong sarili, ‘Si Abraham ang aming ama’; sapagkat sinasabi ko sa inyo, na kaya ng Diyos na gumawa ng mga anak ni Abraham mula sa mga batong ito."
"Dawa ngunyan, andam na an patok sa pagputol kan gamot kan mga kahoy; an lambang kahoy na dai nagtatao nin marahay na bunga papalodon saka isusugba sa kalayo.",Ngayon pa lamang ay nakalagay na ang palakol sa ugat ng mga punungkahoy. Ang bawat punungkahoy na hindi mabuti ang bunga ay pinuputol at inihahagis sa apoy.
"Binubunyagan ko kamo sa tubig sa pagpahiling na kamo nagbakle na, alagad an maabot sunod sako mabunyag saindo sa Espiritu Santo asin sa kalayo. Mas mapangyari siya ki sa sako; asin dai ako maninigong magbitbit kan saiyang sandalyas.",“Binabautismuhan ko nga kayo sa tubig para sa pagsisisi ngunit ang dumarating na kasunod ko ay mas makapangyarihan kaysa akin. Hindi ako karapat-dapat magdala ng kanyang sandalyas. Kanyang babautismuhan kayo sa Espiritu Santo at sa apoy.
"May dara siyang saligsigan nganing saligsigon an gabos na inani. An paroy titiponon niya sa saiyang harong-harong, alagad an ata susuloon niya sa kalayong dai nasisigbo.”","Nasa kamay niya ang kanyang kalaykay at lilinisin niya ang kanyang giikan. Titipunin niya ang kanyang trigo sa kamalig, subalit ang ipa ay susunugin niya sa apoy na hindi mapapatay.”"
"Kan oras na idto, nagduman si Jesus ki Juan sa Salog nin Jordan hale sa Galilea tanganing magpabunyag.",At mula sa Galilea pumunta si Jesus kay Juan sa Jordan upang magpabautismo sa kanya.
"Alagad hiningowa ni Juan na magbago nin isip si Jesus, kaya nagsabi siya, “Ako an nangangaipong bunyagan mo, alagad ika pa logod an mapabunyag sako?”","Ibig siyang hadlangan ni Juan, na nagsasabi, “Ako ang dapat mong bautismuhan, at ikaw pa ang lumalapit sa akin?”"
"“Bayaan mong mangyari ini ngunyan, huli ta sa paaging ini maootob ta an hinahagad nin Dios,” an simbag ni Jesus. Kaya nag-oyon si Juan.","Ngunit sumagot si Jesus sa kanya, “Hayaan mong mangyari ito ngayon, sapagkat ganito ang nararapat sa atin upang matupad ang buong katuwiran.” At siya ay sumang-ayon."
"Kan mabunyagan na si Jesus, naghawas siya tolos sa tubig, asin uya, nabuksan an kalangitan, dangan nahiling niya an Espiritu nin Dios na naghilig arog sa salampati asin nagtugdon saiya.","Nang mabautismuhan si Jesus, kaagad siyang umahon sa tubig, at nabuksan sa kanya ang kalangitan, at nakita niya ang Espiritu ng Diyos na bumababang tulad sa isang kalapati, at lumalapag sa kanya."
"Dangan may tingog hale sa langit na nagsabi, “Ini an namomotan kong Aki na sakong ikinakaogma.”","Sinabi ng isang tinig mula sa langit, “Ito ang minamahal kong Anak, sa kanya ako lubos na nalulugod.”"
"Pakatapos, dinara si Jesus kan Espiritu Santo duman sa kalangtadan tanganing pagsugotan kan Demonyo.","Pagkatapos nito, si Jesus ay dinala ng Espiritu Santo sa ilang upang tuksuhin ng diyablo."
"Nag-ayuno siya sa laog nin kwarentang aldaw saka kwarentang banggi, asin nagutom siya.","Siya ay apatnapung araw at apatnapung gabing nag-ayuno, pagkatapos ay nagutom siya."
"Dinolok siya kan Demonyo na nagsabi, “Kun ika an Aki nin Dios, pagbotan mo na magin tinapay an mga gapong ini.”","Dumating ang manunukso at sinabi sa kanya, “Kung ikaw ang Anak ng Diyos, ipag-utos mo na ang mga batong ito ay maging tinapay.”"
"Alagad nagsimbag si Jesus, “Nasusurat, ‘Bakong sa tinapay sana nabubuhay an tawo, kundi sa lambang tataramon na minagikan sa ngoso nin Dios.’”","Ngunit siya'y sumagot, “Nasusulat,"
"Dangan dinara si Jesus kan Demonyo sa Jerusalem an Banal na Syudad asin pinatindog sa atop kan Templo,","‘Hindi sa tinapay lamang mabubuhay ang tao,"
"saka sinabihan, “Kun ika an Aki nin Dios, lumampaw ka, huli ta nasusurat,",kundi sa bawat salitang lumalabas sa bibig ng Diyos.’”
‘Pagbobotan nin Dios an saiyang mga anghel tanganing atamanon ka;,"Pagkatapos ay dinala siya ng diyablo sa banal na lunsod at inilagay siya sa taluktok ng templo,"
"sasalohon ka ninda kan saindang mga kamot,","at sinabi sa kanya, “Kung ikaw ang Anak ng Diyos, magpatihulog ka, sapagkat nasusulat,"
ta tibaad tumama an saimong bitis sa kagapoan.’”,"‘Siya'y mag-uutos sa kanyang mga anghel tungkol sa iyo,’"
"Nagsimbag si Jesus, “Nasusurat man, ‘Dai mo pagsugotan an Kagurangnan mong Dios.’”","at ‘Aalalayan ka ng kanilang mga kamay,"
Dangan dinara si Jesus kan Demonyo sa sarong halangkawon na bukid. Ipinatanaw saiya an gabos na kahadean sa kinaban asin an saindang kamurawayan.,baka masaktan ang iyong paa sa isang bato.’”
"Nagsabi an Demonyo, “Iyan gabos itatao ko saimo, kun lumuhod ka asin magsamba sako.”","Sinabi sa kanya ni Jesus, “Nasusulat din naman, ‘Huwag mong tutuksuhin ang Panginoon mong Diyos.’”"
"Sinimbag siya ni Jesus, “Humale ka, Satanas! Huli ta nasusurat, ‘Sambahon mo an Kagurangnan mong Dios, asin siya sana an saimong paglingkodan.’”","Muli, dinala siya ng diyablo sa isang napakataas na bundok at ipinakita sa kanya ang lahat ng mga kaharian sa sanlibutan, at ang karangyaan ng mga ito."
"Pakatapos, binayaan siya kan Demonyo; dangan nagdatong an mga anghel asin naglingkod saiya.","At sinabi niya sa kanya, “Ang lahat ng mga ito ay ibibigay ko sa iyo, kung ikaw ay magpapatirapa at sasamba sa akin.”"
"Kan madangog ni Jesus na si Juan nabibilanggo, nagduman siya sa Galilea.","Sumagot sa kanya si Jesus, “Lumayas ka, Satanas! sapagkat nasusulat, ‘Sambahin mo ang Panginoon mong Diyos, at siya lamang ang iyong paglingkuran.’”"
"Naghale siya sa Nazaret asin nag-erok sa Capernaum. An banwaan na ini nasa tampi kan Danaw nin Galilea, sa teritoryo nin Zabulon asin Neftali.",Pagkatapos nito'y iniwan siya ng diyablo at dumating ang mga anghel at pinaglingkuran siya.
Huli kaini naotob an sinabi ni Propeta Isaias:,"Nang mabalitaan ni Jesus na dinakip si Juan, pumunta siya sa Galilea."
"“Daga nin Zabulon asin daga nin Neftali,","Nang iwan niya ang Nazaret, siya ay pumunta at tumira sa Capernaum, na nasa tabing-dagat, na sakop ng Zebulon at Neftali,"
"inaagihan pasiring sa dagat, sa ibong kan Jordan,",upang matupad ang sinabi sa pamamagitan ni propeta Isaias:
Galilea kan mga pagano!,"“Ang lupain ni Zebulon at ang lupain ni Neftali,"
An mga nag-eerok sa kadikloman,"patungo sa dagat, sa ibayo ng Jordan, Galilea ng mga Hentil—"
makakahiling nin dakulang ilaw!,"Ang bayang nakaupo sa kadiliman,"
An liwanag masirang sa mga nag-eerok,"ay nakakita ng dakilang ilaw,"
sa madiklom na daga nin kagadanan!”,"at sa mga nakaupo sa lupain at lilim ng kamatayan,"
"Poon kaidto naghulit na si Jesus. Olay niya, “Magbakle na kamo huli ta harani na an Kahadean nin langit!”",ang liwanag ay sumilay.”
"Kan naglalakaw si Jesus sa baybayon kan Danaw nin Galilea, nahiling niya an magtugang na parasira, si Simon na inaapod Pedro asin si Andres. Nag-iitsa sinda kan hikot sa tubig.","Mula noon si Jesus ay nagpasimulang mangaral na nagsasabi, “Magsisi kayo, sapagkat malapit na ang kaharian ng langit.”"
"Sinabihan niya sinda, “Sumunod kamo sako, asin gigibohon ko kamong parasira nin mga tawo.”","Sa paglalakad ni Jesus sa tabi ng Dagat ng Galilea, nakita niya ang dalawang magkapatid, si Simon na tinatawag na Pedro, at si Andres na kanyang kapatid, na naghuhulog ng lambat sa dagat, sapagkat sila'y mga mangingisda."
Binayaan ninda tolos an saindang mga hikot asin nagsunod ki Jesus.,"Sinabi niya sa kanila, “Sumunod kayo sa akin at gagawin ko kayong mga mamamalakaya ng mga tao.”"
"Sa oroenotan, nahiling niya an magtugang na Santiago asin Juan, mga aki ni Zebedeo. Nasa sakayan sinda kaiba an saindang ama, nagpapakarahay kan saindang mga hikot. Inapod man sinda ni Jesus.",Kaagad nilang iniwan ang kanilang mga lambat at sumunod sa kanya.
"Binayaan ninda tolos an sakayan asin an saindang ama, dangan nagsunod ki Jesus.","At sa kanyang paglakad mula roon ay nakita niya sa bangka ang dalawa pang magkapatid, si Santiago na anak ni Zebedeo at si Juan na kanyang kapatid, kasama si Zebedeo na kanilang ama, na nag-aayos ng lambat; at kanyang tinawag sila."
"Kan mahiling ni Jesus an kadakul na tawo, tuminukad siya sa sarong bulod. Pakatukaw niya, nagdorolok saiya an mga disipulo niya.","Nang makita ni Jesus ang napakaraming tao, umakyat siya sa bundok, at pagkaupo niya ay lumapit sa kanya ang mga alagad niya."
Dangan tinukdoan niya sinda kaini:,"At binuka niya ang kanyang bibig at tinuruan sila, na sinasabi:"
"“Paladan an mga dukha sa espiritu,","“Mapapalad ang mga dukha sa espiritu, sapagkat kanila ang kaharian ng langit."
huli ta sainda an Kahadean nin langit!,"“Mapapalad ang mga nahahapis, sapagkat sila ay aaliwin."
"“Paladan an mga nagmomondo,","“Mapapalad ang mga mapagpakumbaba, sapagkat mamanahin nila ang lupa."
huli ta sinda rarangahon!,"“Mapapalad ang mga nagugutom at nauuhaw sa katuwiran, sapagkat sila ay bubusugin."
"“Paladan an mga mahuyo,","“Mapapalad ang mga mahabagin, sapagkat sila'y kahahabagan."
huli ta sinda an magmamana kan daga!,"“Mapapalad ang mga may malinis na puso, sapagkat makikita nila ang Diyos."
"“Paladan an mga nagugutom asin napapaha sa katanosan,","“Mapapalad ang mga mapagpayapa, sapagkat sila ay tatawaging mga anak ng Diyos."
huli ta sinda pakababasogon!,"“Mapapalad ang mga inuusig dahil sa katuwiran, sapagkat kanila ang kaharian ng langit."
"“Paladan an mga maheherakon,","“Mapapalad kayo kapag kayo ay nilalait, inuusig, at pinagsasabihan ng sari-saring kasamaan na pawang kasinungalingan dahil sa akin."
huli ta sinda maheherakan!,"“Magalak kayo at magsaya, sapagkat malaki ang gantimpala ninyo sa langit, sapagkat gayundin nila inusig ang mga propeta na nauna sa inyo."
"“Paladan an mga malinig an puso,","“Kayo ang asin ng lupa; ngunit kung ang asin ay tumabang, paano maibabalik ang alat nito? Wala na itong kabuluhan, maliban sa itapon sa labas at tapakan ng mga tao."
huli ta mahihiling ninda an Dios!,“Kayo ang ilaw ng sanlibutan. Ang isang lunsod na nakatayo sa ibabaw ng isang burol ay hindi maitatago.
“Paladan an mga parapatoninong,"Hindi nila sinisindihan ang isang ilawan at inilalagay sa ilalim ng isang takalan, kundi sa talagang patungan at nagbibigay ng liwanag sa lahat ng nasa bahay."
huli ta aapodon sindang mga aki nin Dios!,"Paliwanagin ninyo nang gayon ang inyong ilaw sa harap ng mga tao; upang makita nila ang inyong mabubuting gawa, at luwalhatiin nila ang inyong Ama na nasa langit."
"“Paladan an mga pinapasakitan dahel sa katanosan,","“Huwag ninyong isiping pumarito ako upang sirain ang kautusan o ang mga propeta; pumarito ako hindi upang sirain, kundi upang tuparin ang mga ito."
huli ta sainda an Kahadean nin langit!,"Sapagkat katotohanang sinasabi ko sa inyo, hanggang sa mawala ang langit at lupa, ang isang tuldok o isang kudlit ay hindi mawawala sa kautusan, hanggang sa matupad ang lahat ng mga bagay."
"“Paladan kamo kun minumuda kamo, pinapasakitan asin pinapakaraot kan mga tawo dahel sako.","Kaya't sinumang sumuway sa isa sa pinakamaliit sa mga utos na ito, at magturo nang gayon sa mga tao ay tatawaging pinakamaliit sa kaharian ng langit; ngunit ang sinumang tumupad at magturo ng mga ito ay tatawaging dakila sa kaharian ng langit."
"Arog man kaini an ginibo sa mga propetang naenot saindo. Orog na mag-ogma kamo, ta dakula an balos saindo sa langit.","Sapagkat sinasabi ko sa inyo, malibang humigit ang inyong katuwiran sa katuwiran ng mga eskriba at mga Fariseo, ay hindi kayo makakapasok sa kaharian ng langit."
"“Kamo an asin kan kinaban. Kun mawaran nin asgad an asin, paano pang mapaasgad iyan? Dai na iyan nin pakinabang, kaya inaapon na sana dangan binabatayan nin mga tawo.","“Narinig ninyo na sinabi sa mga tao noong unang panahon, ‘Huwag kang papatay; at ang sinumang pumatay ay mananagot sa hukuman.’"
“Kamo an ilaw kan kinaban. Dai nanggad matatago an sarong syudad na nasa ibabaw nin bulod.,"Ngunit sinasabi ko sa inyo, na ang bawat napopoot sa kanyang kapatid ay mananagot sa hukuman at ang sinumang magsabi sa kanyang kapatid, ‘Raca,’ ay mananagot sa Sanhedrin; at ang sinumang magsabi, ‘Ulol ka,’ ay magdurusa sa nag-aapoy na impiyerno."
Mayong minasulo nin ilaw dangan tinatahoban iyan; kundi ibinubugtak sa talagang bugtakan nganing maliwanagan an gabos na nasa harong.,"Kaya't kung maghahandog ka ng iyong kaloob sa dambana, at doon ay naalala mo na ang iyong kapatid ay mayroong anumang laban sa iyo,"
"Dapat arog kamo kaiyan. Paliwanagon nindo an saindong ilaw sa gabos na tawo, tanganing mahiling ninda an mga marahay nindong gibo; huli kaiyan oomawon ninda an saindong Ama na nasa langit.","iwan mo roon sa harap ng dambana ang kaloob mo, at humayo ka; makipagkasundo ka muna sa iyong kapatid, at saka ka magbalik at maghandog ng iyong kaloob."
“Dai kamo maghona na nagdigdi ako tanganing halean nin halaga an Katogonan ni Moises o an katukdoan kan mga propeta; nagdigdi ako tanganing maotob iyan.,"Makipagkasundo ka agad sa nagsakdal sa iyo, habang kasama mo pa siya sa daan; baka ibigay ka ng nagsakdal sa iyo sa hukom, at ibigay ka naman ng hukom sa tanod, at ipasok ka sa bilangguan."
"Sa katotoohan sinasabihan ko kamo, mawara man an langit asin an daga, alagad dai mawawaraan nin halaga maski an pinakasadit na detalye o punto kan Katogonan sagkod na maotob an gabos.","Katotohanang sinasabi ko sa iyo, hindi ka makakalabas doon hanggang hindi mo nababayaran ang kahuli-hulihang kusing."
"Kaya an maglapas dawa kan pinakasadit na kabtang sa mga togon asin magtukdo kan paglapas kaiyan, ibibilang na pinakasadit sa kahadean nin langit. Alagad an mag-otob kan Katogonan asin magtukdo kaiyan, ibibilang na dakula sa Kahadean nin langit.","“Narinig ninyo na sinabi, ‘Huwag kang mangangalunya.’"
"Huli ta sinasabihan ko kamo, na kun an saindong katanosan dai lumampas sa katanosan kan mga paratukdo kan Katogonan asin kan mga Fariseo, dai kamo makakalaog sa Kahadean nin langit.","Ngunit sinasabi ko sa inyo, na ang bawat tumitingin sa isang babae na may pagnanasa ay nagkasala na sa kanya ng pangangalunya sa kanyang puso."
"“Nadangog nindo na itinukdo kaidto sa mga tawo, ‘Dai ka maggadan; an siisay man na makagadan, huhukoman.’","Kung ang kanan mong mata ang sanhi ng iyong pagkakasala, dukitin mo ito at itapon, sapagkat mabuti pang mawalan ka ng isa sa mga bahagi ng iyong katawan kaysa ang buong katawan mo ay mapatapon sa impiyerno."
"Alagad ngunyan sinasabihan ko kamo: an maanggot sa saiyang tugang (na mayo nin dahelan), huhukoman; an mag-insulto sa saiyang tugang, dadarahon sa Konseho. An magsabing, ‘Mayo kang pakinabang!’ ihuhulog sa impyerno.","At kung ang kanan mong kamay ang sanhi ng iyong pagkakasala, putulin mo ito at itapon, sapagkat mabuti pang mawalan ka ng isa sa mga bahagi ng iyong katawan kaysa ang buong katawan mo ay mapunta sa impiyerno."
"Kaya kun madara ka nin dolot sa altar, dangan maromdoman mo na anggot saimo an saimong tugang,","“Sinabi rin naman, ‘Sinumang makipaghiwalay sa kanyang asawang babae, dapat niyang bigyan ito ng kasulatan ng paghihiwalay.’"
"iwalat mo ngona an dolot sa atubang kan altar, dangan makiolian ka saiya. Saka ka magbalik tanganing magdolot sa Dios.","Ngunit sinasabi ko sa inyo, na ang bawat nakikipaghiwalay sa kanyang asawang babae maliban sa pakikiapid, ay nagtutulak sa kanya sa pakikiapid; at ang sinumang mag-asawa sa babaing hiniwalayan ay nagkakasala ng pangangalunya."
"“Kun may tawong masangat nin kaso tumang saimo asin dinadara ka sa husgado, makiareglo ka saiya mantang igwa pa nin oras, bago kamo umabot sa husgado. Ta kun dai, itatao ka niya sa hukom, na iyo an matao saimo sa pulis na malaog saimo sa bilanggoan.","“Narinig din ninyo na sinabi sa mga tao noong unang panahon, ‘Huwag mong sisirain ang iyong panata kundi tutuparin mo ang iyong mga ipinanata sa Panginoon.’"
"Sa katotoohan sinasabihan taka, dai ka makakaluwas diyan, sagkod na dai mo mabayadan an huring sentabo kan multa.","Ngunit sinasabi ko sa inyo, huwag ninyong ipanumpa ang anuman, maging ang langit, sapagkat iyon ang trono ng Diyos;"
"“Nadangog nindo na itinukdo kaidto, ‘Dai ka magdorog sa bako mong agom.’","kahit ang lupa, sapagkat ito ang tuntungan ng kanyang mga paa; kahit ang Jerusalem, sapagkat iyon ang lunsod ng dakilang Hari."
"Alagad ngunyan sinasabihan ko kamo: an maghiling sa sarong babae na may pagmawot na dorogan siya, nagkakasala na nin panambay.","Huwag mong ipanumpa maging ang iyong ulo, sapagkat hindi mo magagawang puti o itim ang isang buhok."
"Kaya kun an too mong mata an nagigin dahelan kan pagkakasala mo, hulwata iyan asin tapokan! Mas marahay pang mawaran nin sarong kabtang an saimong hawak ki kan itapok an bilog mong hawak sa impyerno.",Ngunit ang inyong pananalita ay maging oo kung oo; Hindi kung hindi; anumang higit pa rito ay buhat sa masama.
"Kun an too mong kamot an nagigin dahelan kan pagkakasala mo, putola iyan asin tapokan. Mas marahay pang mawaraan nin sarong kabtang an saimong hawak ki kan itapok an bilog mong hawak sa impyerno.","“Narinig ninyo na sinabi, ‘Mata sa mata, at ngipin sa ngipin.’"
"“Itinukdo man kaidto, ‘An siisay man na magsuhay sa saiyang agom, dapat tawan niya kan kasuratan nin pakisuhay.’","Ngunit sinasabi ko sa inyo, ‘Huwag ninyong labanan ang masamang tao.’ At kung ikaw ay sampalin ng sinuman sa kanang pisngi, iharap mo rin sa kanya ang kabila."
"Alagad ngunyan sinasabihan ko kamo: kun suhayan kan lalaki an agom niya na dai man nagpasambay, nagkakasala huli ta siya an nagsubol saiya sa adulteryo, kun ini magpaagom giraray. An lalaking umagom saiya nagkakasala man nin adulteryo.","Kung ipagsakdal ka ng sinuman, at kunin ang iyong baro, ibigay mo rin sa kanya ang iyong balabal."
"“Nadangog man nindo na itinukdo sa mga tawo kaidto, ‘Dai mo ipasudya an saimong panuga, kundi otobon mo an sinumpaan mo sa Kagurangnan.’","Kung may sinumang pumilit sa iyo na lumakad ka ng isang milya, lumakad ka ng dalawang milya na kasama niya."
"Alagad ngunyan sinasabihan ko kamo na dai kamo magsumpa kun nanunuga kamo. Dai kamo magsabing, ‘Saksi ko an langit,’ ta iyan an trono nin Dios;","Bigyan mo ang humihingi sa iyo, at huwag mong pagkaitan ang ibig humiram mula sa iyo."
"o ‘Saksi ko an daga,’ ta iyan an tungtongan kan saiyang mga bitis. Dai kamo magsabi, ‘Saksi ko an Jerusalem,’ ta iyan an syudad kan dakulang Hade.","“Narinig ninyo na sinabi, ‘Ibigin mo ang iyong kapwa, at kapootan mo ang iyong kaaway.’"
"Dai man kamo magsabi, ‘Maski pa pugotan ako,’ huli ta maski an sarong buhok dai nindo magigibong puti o itom.","Ngunit sinasabi ko sa inyo, Ibigin ninyo ang inyong mga kaaway, at idalangin ninyo ang umuusig sa inyo,"
Sabihon sana nindong ‘Iyo’ o ‘Dai’—an anoman na idagdag nindo kaini gikan sa maraot.,"upang kayo'y maging mga anak ng inyong Ama na nasa langit, sapagkat pinasisikat niya ang kanyang araw sa masasama at sa mabubuti, at nagpapaulan sa mga matuwid at sa mga di-matuwid."
"“Nadangog na nindong sinabi kaidto, ‘Mata sa mata; ngipon sa ngipon.’","Sapagkat kung umiibig kayo sa mga umiibig lamang sa inyo, anong gantimpala mayroon kayo? Hindi ba gayundin ang ginagawa maging ng mga maniningil ng buwis?"
"Alagad ngunyan sinasabihan ko kamo: dai kamo magbalos sa naggigibo saindo nin maraot. Kun may sumampaling kan too mong pisngi, ipasampaling mo pa an sa ibong.","At kung mga kapatid lamang ninyo ang inyong binabati, anong ginagawa ninyo na higit kaysa iba? Hindi ba't kahit ang mga Hentil ay gayundin ang ginagawa?"
"Kun may mag-akusar saimo ta boot niyang kuahon an bado mo, itao mo saiya pati an saimong alikboy.","Kaya't kayo nga'y maging sakdal, gaya ng inyong Ama sa langit na sakdal."
"“Mag-ingat kamo na an saindong mga gibong herak bakong sa pagpahiling sa mga tawo. Kun arog kaiyan an gibo nindo, dai na kamong aakoon na balos hale sa saindong Ama sa langit.","“Mag-ingat kayo na huwag ninyong gawin ang inyong kabanalan sa harap ng mga tao upang makita nila. Sapagkat kung gayon, wala kayong gantimpala mula sa inyong Ama na nasa langit."
"“Kaya kun naglilimos kamo, dai nindo iyan ipagpabantog, arog kan ginigibo kan mga parasagin-sagin sa mga sinagoga asin sa mga tinampo. Ginigibo ninda iyan tanganing omawon sinda kan mga tawo. Sa katotoohan sinasabihan ko kamo, inako na ninda an balos.","“Kaya, kapag ikaw ay naglilimos, huwag kang magpapatunog ng trumpeta sa harapan mo, gaya ng ginagawa ng mga mapagkunwari sa mga sinagoga at sa mga lansangan, upang papurihan sila ng mga tao. Katotohanang sinasabi ko sa inyo, tinanggap na nila ang kanilang gantimpala."
"Kaya kun kamo maglimos, dai nindo ipaisi sa wala nindong kamot an ginigibo kan saindong too,","Ngunit kapag ikaw ay naglilimos, huwag mong hayaang malaman ng iyong kaliwang kamay ang ginagawa ng iyong kanang kamay,"
tanganing magin hilom an saindong paglimos; asin babalosan kamo kan saindong Ama na nakakahiling sa hilom.,upang maging lihim ang iyong paglilimos; at ang iyong Ama na nakakakita ng mga lihim ay gagantimpalaan ka.
"“Kun namimibi kamo, dai nindo pag-arogon an mga parasagin-sagin! Boot nindang mamibi na nakatindog sa mga sinagoga asin sa mga kanto kan mga tinampo tanganing mahiling kan mga tawo. Sa katotoohan sinasabihan ko kamo, inako na ninda an balos.","“At kapag kayo ay nananalangin, huwag kayong maging tulad sa mga mapagkunwari; sapagkat ibig nilang tumayo at manalangin sa mga sinagoga at sa mga panulukan ng mga lansangan upang makita sila ng mga tao. Katotohanang sinasabi ko sa inyo, tinanggap na nila ang kanilang gantimpala."
"Alagad kun namimibi kamo, lumaog kamo sa kwarto asin maminto kamo. Diyan kamo mamibi sa saindong Ama na dai nahihiling; asin babalosan kamo kan saindong Ama na nakakahiling sa hilom.","Ngunit kapag ikaw ay mananalangin, pumasok ka sa iyong silid, at pagkasara mo ng iyong pinto ay manalangin ka sa iyong Ama na nasa lihim, at ang iyong Ama na nakakakita ng mga lihim ay gagantimpalaan ka."
"“Kun namimibi kamo, dai kamo maggamit nin dakul na tataramon na mayo man sana nin kahulogan, arog kan ginigibo kan mga pagano. Paghona ninda, dadangogon sinda nin Dios huli ta kadakul kan itinataram ninda.","“At sa pananalangin ay huwag kayong gumamit ng walang kabuluhang paulit-ulit, na tulad ng ginagawa ng mga Hentil, sapagkat inaakala nilang sila ay pakikinggan dahil sa marami nilang salita."
Dai nindo sinda pag-arogon huli ta aram na kan saindong Ama an kaipuhan nindo bago nindo hagadon iyan saiya.,"Huwag nga kayong tumulad sa kanila, sapagkat alam na ng inyong Ama ang mga bagay na inyong kinakailangan, bago pa kayo humingi sa kanya."
Arog kaini an pagpamibi nindo:,"Manalangin nga kayo nang ganito: Ama naming nasa langit, sambahin nawa ang pangalan mo."
"‘Ama nyamong nasa langit,","Dumating nawa ang kaharian mo. Masunod nawa ang kalooban mo, kung paano sa langit, gayundin naman sa lupa."
Sambahon an ngaran mo;,Bigyan mo kami ngayon ng aming pagkain sa araw-araw.
dumatong an kahadean mo;,"At patawarin mo kami sa aming mga utang, gaya rin namin na nagpapatawad sa mga may utang sa amin."
kuyogon an boot mo digdi sa daga siring sa langit.,"At huwag mo kaming dalhin sa tukso, kundi iligtas mo kami sa masama."
Itao mo samuya an samong kakanon sa aroaldaw.,"Sapagkat kung pinatatawad ninyo ang mga tao sa kanilang mga kasalanan, patatawarin din naman kayo ng inyong Ama na nasa langit."
"Patawada kami kan samong mga kasalan,","Ngunit kung hindi ninyo pinatatawad ang mga tao sa kanilang mga kasalanan, hindi rin naman kayo patatawarin ng inyong Ama sa inyong mga kasalanan."
siring kan pagpatawad nyamo sa mga nagkasala samuya.,"“At kapag kayo ay nag-aayuno, huwag kayong magmukhang mapanglaw, tulad ng mga mapagkunwari, sapagkat pinasasama nila ang kanilang mga mukha upang ipakita sa mga tao ang kanilang pag-aayuno. Katotohanang sinasabi ko sa inyo, tinanggap na nila ang kanilang gantimpala."
"Hare kami pabayae na madaog nin sogot,","Ngunit kapag nag-aayuno ka, lagyan mo ng langis ang iyong ulo, at maghilamos ka ng iyong mukha;"
alagad agawon mo kami sa maraot.’,"upang ang iyong pag-aayuno ay hindi makita ng mga tao, kundi ng iyong Ama na nasa lihim, at gagantimpalaan ka ng iyong Ama na nakakakita ng lihim na bagay."
"“Kun pinapatawad nindo an mga nagkasala saindo, papatawadon man kamo kan saindong langitnon na Ama.","“Huwag kayong magtipon ng mga kayamanan para sa inyong sarili sa lupa, na dito ay naninira ang bukbok at ang kalawang at ang mga magnanakaw ay nakakapasok at nakakapagnakaw;"
"Alagad kun dai nindo pinapatawad an mga nagkasala saindo, dai man kamo papatawadon kan saindong langitnon na Ama.","kundi magtipon kayo para sa inyong sarili ng mga kayamanan sa langit, na doon ang bukbok at ang kalawang ay hindi makapaninira at ang mga magnanakaw ay hindi rin makakapasok ni makakapagnakaw."
"“Kun nag-aayuno kamo, dai kamo magpahiling nin mamondong lalawogon arog kan ginigibo kan mga parasagin-sagin. Nagpapahiling sindang garo gutom tanganing maaraman kan mga tawo na nag-aayuno sinda. Sa katotoohan sinasabihan ko kamo, inako na ninda an balos!","Sapagkat kung nasaan ang iyong kayamanan, naroon din naman ang iyong puso."
"Alagad kun nag-aayuno ka, manlabar ka asin manukray,","“Ang mata ang ilawan ng katawan: Kung tapat ang iyong mata, ang buong katawan mo'y mapupuno ng liwanag."
"tanganing dai maaraman kan mga tawo na nag-aayuno ka. An saimong Ama na dai nahihiling, iyo sana an makakaaram. Siya na nakakahiling sa hilom, an mabalos saimo.","Ngunit kung masama ang iyong mata, ang iyong buong katawan ay magiging kadiliman. Kaya't kung ang liwanag na nasa iyo ay kadiliman, anong laki ng kadiliman!"
"“Dai kamo magtipon nin kayamanan para saindo digdi sa daga, saen igwa nin bokbok asin takla na nangraraot, saka igwa nin mga parahabon.","“Walang makapaglilingkod sa dalawang panginoon, sapagkat kapopootan niya ang isa at iibigin ang ikalawa; o magiging tapat siya sa isa, at hahamakin ang ikalawa. Hindi kayo makapaglilingkod sa Diyos at sa kayamanan."
"Kundi, magtipon kamo nin kayamanan sa langit, saen mayo nin bokbok, takla o parahabon.","“Kaya nga sinasabi ko sa inyo, huwag kayong mabalisa sa inyong buhay, kung ano ang inyong kakainin, o kung ano ang inyong iinumin; kahit sa inyong katawan, kung ano ang inyong isusuot. Hindi ba higit ang buhay kaysa pagkain, at ang katawan kaysa damit?"
"Huli ta kun haen an saindong kayamanan, yaon man an saindong puso.","Tingnan ninyo ang mga ibon sa himpapawid: hindi sila naghahasik, o gumagapas, o nag-iimbak man sa mga kamalig, ngunit pinapakain sila ng inyong Ama na nasa langit. Hindi ba higit na mahalaga kayo kaysa kanila?"
"“An mata iyo an ilaw kan hawak. Kaya kun malinaw an saindong mga mata, an bilog nindong hawak mapapano nin kaliwanagan.",Sino sa inyo na dahil sa pagkabalisa ay mapapahaba ang kanyang buhay?
"Alagad, kun malabog an saindong mga mata, an hawak nindo mapapano nin kadikloman. Kaya kun an ilaw na yaon saindo kadikloman, orog nanggad an kadikloman!","At bakit kayo nababalisa tungkol sa pananamit? Pansinin ninyo ang mga liryo sa parang, kung paano silang lumalaki; hindi sila gumagawa o humahabi man."
"“Mayong makakapaglingkod sa duwang kagurangnan, huli ta ikakaongis niya an saro asin mamomotan an saro; magigin maimbod siya sa saro asin pag-oolog-ologon an saro. Dai kamo makakapaglingkod sa Dios asin sa kayamanan.","Gayunma'y sinasabi ko sa inyo, kahit si Solomon sa buong kaluwalhatian niya ay hindi nakapagdamit nang tulad sa isa sa mga ito."
"“Kaya sinasabihan ko kamo, dai kamo mahadit dapit sa pagbuhay nindo, kun ano an kakakanon o iinomon o kun ano an gugubingon. Bakong mas mahalaga an buhay ki sa kakanon; an hawak ki sa gubing?","At kung gayon binibihisan ng Diyos ang damo sa parang, na ngayon ay buháy, at sa kinabukasan ay itinatapon sa kalan, hindi ba lalo niya kayong bibihisan, O kayong maliliit ang pananampalataya?"
Hilinga nindo an mga gamgam na naglalayog: dai sinda nagtatanom ni nag-aani o nagtitipon nin kakanon sa mga harong-harong; alagad pinapakakan sinda kan saindong langitnon na Ama! Bako daw na mas mahalaga kamo ki sa sainda?,"Kaya huwag kayong mabalisa, na magsasabing, ‘Ano ang aming kakainin?’ o, ‘Ano ang aming iinumin?’ o, ‘Ano ang aming isusuot?’"
"Siisay saindo, sa pagparahadit, an makakapahalawig kan saiyang buhay dawa sarong minuto sana?",Sapagkat hinahanap ng mga Hentil ang lahat ng mga bagay na ito; at batid ng inyong Ama sa langit na kailangan ninyo ang lahat ng mga bagay na ito.
“Tadaw ta nahahadit kamo dapit sa gubing? Hilinga nindo kun paano nagtatalubo an mga liryo sa kaomahan: dai sinda nagpapagal ni nagtatahi nin gubing.,"Ngunit hanapin muna ninyo ang kanyang kaharian at ang kanyang katuwiran, at ang lahat ng mga bagay na ito ay pawang idaragdag sa inyo."
"Alagad sinasabihan ko kamo, dawa si Solomon sa bilog niyang kamurawayan, dai pa nakagubing nin arog kagayon kan saro kan mga liryong ini.","“Kaya't huwag ninyong alalahanin ang bukas, sapagkat ang bukas ang mag-aalala sa kanyang sarili. Sapat na para ngayon ang kabalisahan sa araw na ito."
“Dai kamo maghusgar asin dai man kamo huhusgaran nin Dios.,“Huwag humatol upang hindi kayo mahatulan.
"Huli ta huhusgaran kamo nin Dios siring kan paghusgar nindo; kun ano an sukol na ginagamit nindo, iyo man an gagamiton saindo.","Sapagkat sa hatol na inyong ihahatol ay hahatulan kayo; at sa panukat na inyong isusukat, ay susukatin kayo."
"Tadaw ta nahihiling mo an sadit na ati sa mata kan saimong tugang, alagad dai mo nahihiling an dakulang ati sa sadiri mong mata?","Bakit mo nakikita ang puwing na nasa mata ng iyong kapatid, ngunit hindi mo pinapansin ang troso na nasa iyong sariling mata?"
"Tadaw ta nangangahas kang magsabi sa tugang mo, ‘Haleon ko daw an ati sa mata mo,’ kun sa sadiri mong mata igwa nin dakulang ati?","O paano mong nasasabi sa iyong kapatid, ‘Hayaan mong alisin ko ang puwing sa iyong mata,’ samantalang mayroong troso sa iyong sariling mata?"
Parasagin-sagin! Halea ngona an dakulang ati sa mata mo tanganing makahiling ka nin marahay; dangan pwede mo nang mahale an sadit na ati sa mata kan saimong tugang.,"Ikaw na mapagkunwari, alisin mo muna ang troso sa iyong sariling mata at nang magkagayon, makakakita ka nang malinaw upang maalis mo ang puwing sa mata ng iyong kapatid."
“Dai nindo ipagtao an bagay na banal sa mga ayam ta tibaad kagaton kamo; dai nindo ipag-apon an saindong mga perlas sa mga orig ta tibaad timak-timakan ninda an mga iyan.,"“Huwag ninyong ibigay sa mga aso ang mga banal na bagay; at huwag kayong magtapon ng inyong mga perlas sa harap ng mga baboy; baka yurakan nila ang mga ito ng kanilang mga paa, at pagbalingan kayo at lapain."
“Maghagad kamo asin tatawan kamo; maghanap asin makukua nindo; tumuktok asin bubuksan kamo.,"“Humingi kayo, at kayo ay bibigyan; humanap kayo, at kayo ay makakatagpo, tumuktok kayo, at kayo'y pagbubuksan."
"Huli ta an lambang naghahagad, tinatawan; an naghahanap, nakakakua; asin an nagtutuktok, binubuksan.",Sapagkat ang bawat humihingi ay tumatanggap; at ang humahanap ay nakakatagpo; at ang tumutuktok ay pinagbubuksan.
Siisay na ama an matao nin gapo sa saiyang aki kun tinapay an hinahagad?,"Mayroon bang tao sa inyo, na kung humingi ng tinapay sa kanya ang kanyang anak ay bato ang ibibigay?"
O halas kun sira an saiyang hinahagad?,O kung humingi siya ng isda ay bibigyan niya ito ng ahas?
"Kun kamo nganing mga maraot, tataong magtao nin marahay na bagay sa saindong mga aki, an Ama pa daw nindo na nasa langit an dai magtao nin mga marahay na bagay sa mga naghahagad saiya!","Kung kayo nga na masasama ay marunong magbigay ng mabubuting kaloob sa inyong mga anak, gaano pa kaya ang inyong Ama na nasa langit ang magbigay ng mabubuting bagay sa mga humihingi sa kanya?"
“Kaya gibohon nindo sa iba an boot nindong gibohon ninda saindo. Ini an kahulogan kan Katogonan ni Moises asin kan mga katukdoan kan mga propeta.,"“Kaya, anumang bagay na ibig ninyong gawin sa inyo ng mga tao, gayon ang gawin ninyo sa kanila; sapagkat ito ang kautusan at ang mga propeta."
"“Lumaog kamo sa hayakpit na pintoan, huli ta halakbang an pintoan saka mahiwas an dalan pasiring sa karatan, asin dakul an minalaog diyan.","“Pumasok kayo sa makipot na pintuan, sapagkat maluwang ang pintuan at malapad ang daang patungo sa kapahamakan, at marami ang pumapasok doon."
Alagad hayakpit saka piot an agihan pasiring sa buhay. Asin dikit an nakakakua kaiyan.,"Sapagkat makipot ang pintuan at masikip ang daang patungo sa buhay, at kakaunti ang nakakatagpo niyon."
"“Mag-ingat kamo sa mga bakong tunay na propeta; garo sinda mga karnero kun minadolok saindo, alagad sa katunayan mga mabangis na lobo sinda.","“Mag-ingat kayo sa mga bulaang propeta, na lumalapit sa inyo na may damit tupa, ngunit sa loob ay mga ganid na asong-gubat."
Mamimidbid nindo sinda sa mga gibo ninda. An limonsito dai namumunga nin ubas asin an labnig dai namumunga nin bayawas.,"Makikilala ninyo sila sa kanilang mga bunga. Nakakapitas ba ng mga ubas sa mga tinikan, o ng mga igos sa mga dawagan?"
"An marahay na kahoy, marahay man an bunga; an maraot na kahoy, maraot man an bunga.","Gayundin naman, ang bawat mabuting puno ay mabuti ang bunga, ngunit ang masamang puno ay masama ang bunga."
An marahay na kahoy dai nagbubunga nin maraot; an maraot na kahoy dai nagbubunga nin marahay.,Hindi maaaring mamunga ng masama ang mabuting puno at mamunga ng mabuti ang masamang puno.
"An lambang kahoy na dai nagbubunga nin marahay, pinapalod asin isinusugba sa kalayo.","Bawat puno na hindi mabuti ang bunga ay pinuputol, at itinatapon sa apoy."
Kaya mamimidbid nindo an mga bakong tunay na propeta huli sa mga gibo ninda.,Kaya't makikilala ninyo sila sa kanilang mga bunga.
"“Bako an gabos na nag-aapod sako, ‘Kagurangnan, Kagurangnan,’ makakalaog sa Kahadean nin langit, kundi an mga naggigibo kan kabotan nin sakong Ama na nasa langit.","“Hindi lahat ng nagsasabi sa akin ‘Panginoon, Panginoon,’ ay papasok sa kaharian ng langit, kundi ang gumaganap ng kalooban ng aking Ama na nasa langit."
"Pag-abot kan Huring Aldaw, dakul an masabi sako, ‘Kagurangnan, Kagurangnan, nagpropesiya kami, nagpaluwas nin mga demonyo, asin naggibo nin mga ngangalasan sa ngaran mo!’","Sa araw na iyon ay marami ang magsasabi sa akin, ‘Panginoon, Panginoon, hindi ba nagpropesiya kami sa iyong pangalan, at nagpalayas ng mga demonyo sa iyong pangalan, at sa iyong pangalan ay gumawa kami ng maraming gawang makapangyarihan?’"
"Dangan sisimbagon ko sinda, ‘Dai ko nanggad kamo midbid. Rumayo kamo sako, mga paragibo nin maraot!’","At kung magkagayon ay ipahahayag ko sa kanila, ‘Hindi ko kayo kilala kailanman; lumayo kayo sa akin, kayong mga gumagawa ng kasamaan!’"
“An nagdadangog asin nagkukuyog kaining mga itinaram ko nakakaagid sa madonong na tawong nagtugdok kan harong niya sa gapo.,“Kaya't ang bawat nakikinig sa mga salita kong ito at ginaganap ang mga ito ay matutulad sa isang matalinong tao na nagtayo ng kanyang bahay sa ibabaw ng bato.
"Nag-uran nin makosog, nagbaha dangan hinampas nin makosog na doros an harong na iyan, alagad dai narumpag dahel ta itinugdok iyan sa gapo.","Bumagsak ang ulan, at dumating ang baha. Humihip ang mga hangin at hinampas ang bahay na iyon, ngunit hindi iyon bumagsak, sapagkat itinayo sa ibabaw ng bato."
"An nagdadangog kaining mga itinaram ko alagad dai nagkukuyog kaiyan, nakakaagid sa tawong lolong na nagtugdok kan harong niya sa baybay.",Ang bawat nakikinig sa mga salita kong ito at hindi ginaganap ang mga ito ay matutulad sa isang taong hangal na nagtayo ng kanyang bahay sa buhanginan.
"Nag-uran nin makosog, nagbaha, hinampas nin makosog na doros an harong asin narumpag iyan. Grabe an pagkarumpag kaiyan!”","Bumagsak ang ulan, at dumating ang baha. Humihip ang mga hangin at hinampas ang bahay na iyon, at iyon ay bumagsak; napakalakas nga ng kanyang pagbagsak.”"
"Pakataram ni Jesus kan mga bagay na ini, nagngalas an mga tawo sa saiyang katukdoan,","At nang matapos na ni Jesus ang mga salitang ito, namangha ang napakaraming tao sa kanyang aral;"
"huli ta nagtukdo siya siring sa sarong may kapangyarihan, bakong arog kan mga paratukdo kan Katogonan.",sapagkat nagturo siya sa kanila na tulad sa may awtoridad at hindi gaya ng kanilang mga eskriba.
"Pakababa ni Jesus hale sa bulod, sinunod siya nin kadakul na tawo.","Nang bumaba si Jesus mula sa bundok, sinundan siya ng napakaraming tao;"
"Sarong daoton nagdolok saka nagluhod sa atubangan niya, asin nagsabi, “Kagurangnan, kun boot mo, malilinigan mo ako.”","at lumapit sa kanya ang isang ketongin, at lumuhod sa harapan niya na nagsasabi, “Panginoon, kung ibig mo ay malilinis mo ako.”"
"Dinutaan siya ni Jesus kan kamot niya asin sinabihan, “Boot ko; malinigan ka!” Asin nahale tolos an saiyang daot.","Iniunat ni Jesus ang kanyang kamay, at hinawakan niya ito na nagsasabi, “Ibig ko. Maging malinis ka.” At nalinis kaagad ang kanyang ketong."
"Dangan tinugon siya ni Jesus, “Dai mo ini ipang-osip, kundi pumahiling ka tolos sa padi, asin magdolot ka kan atang na ipinagboot ni Moises sa pagpatunay na malinig ka na.”","At sinabi ni Jesus sa kanya, “Ingatan mong huwag sabihin kaninuman, kundi humayo ka, magpakita ka sa pari, at ihandog mo ang kaloob na ipinag-utos ni Moises bilang patotoo sa kanila.”"
"Paglaog ni Jesus sa Capernaum, sinabat siya nin sarong opisyal na Romano. Nakimaherak ini saiya,","Pagpasok niya sa Capernaum ay lumapit sa kanya ang isang senturion na nakikiusap sa kanya,"
"“Kagurangnan, an sorogoon ko nasa harong, naparalisis asin nagtitios nin makuri.”","at nagsasabi, “Panginoon, ang aking alipin ay nakaratay sa bahay, lumpo, at lubha siyang nahihirapan.”"
"“Maduman ako tanganing bolongon siya,” an sabi ni Jesus.","Sinabi niya sa kanya, “Pupuntahan ko siya at pagagalingin.”"
"“Kagurangnan, dai ka na magduman,” an sabi kan opisyal. “Alang-alang ako na lumaog ka sa sakong harong. Alagad magtaram ka sana, asin mararahay an sorogoon ko.","Ngunit sumagot ang senturion at sinabi, “Panginoon, hindi ako karapat-dapat sa iyo na puntahan mo ang aking bahay, ngunit sabihin mo lamang ang salita at gagaling ang aking alipin."
"Huli ta ako nasasakopan nin mas halangkaw sakong mga opisyal; asin igwa man akong nasasakopan na mga soldados. Kun magboot ako sa saro, ‘Dumuman ka!’ minaduman siya; kun magsabi ako sa iba, ‘Madya!’ minadolok siya. Kun sinusugo ko an sakong oripon, ‘Giboha ini!’ ginigibo niya iyan.”","Sapagkat ako ay isang taong nasa ilalim ng awtoridad na may mga kawal na nasa ilalim ko. Sinasabi ko sa isa, ‘Humayo ka,’ at siya ay humahayo; at sa iba naman, ‘Halika,’ at siya ay lumalapit; at sa aking alipin, ‘Gawin mo ito,’ at ginagawa nga niya.”"
"Napangalas si Jesus kan madangog ini. Kaya sinabihan niya an mga tawong nagsusunod saiya, “Maski sa Israel dai pa ako nakanumpong nin arog kaini kadakulang pagtubod!","Nang marinig ito ni Jesus ay namangha siya, at sinabi sa mga sumusunod sa kanya, “Katotohanang sinasabi ko sa inyo, kahit sa Israel man ay hindi ako nakatagpo ng ganito kalaking pananampalataya."
"Sa katotoohan sinasabihan ko kamo, dakul an maabot hale sa sirangan asin sa solnopan; dangan makakan kaiba ni Abraham, ni Isaac asin ni Jacob sa Kahadean nin langit.","Sinasabi ko sa inyo, marami ang manggagaling sa silangan at sa kanluran at mauupong kasalo ni Abraham, ni Isaac at ni Jacob sa kaharian ng langit,"
"Alagad an mga aki kan Kahadean, iaapon sa kadikloman sa luwas; duman magtatangis sinda asin magraragot an saindang mga ngipon.”",ngunit ang mga anak ng kaharian ay itatapon sa kadilimang nasa labas. Doon nga ang pagtangis at pagngangalit ng mga ngipin.”
"Dangan nagsabi si Jesus sa opisyal, “Puli na; mangyayari an hinahagad mo sosog sa pagtubod mo.”","Sinabi ni Jesus sa senturion, “Humayo ka na; mangyayari para sa iyo ang ayon sa iyong pananampalataya.” At gumaling nga ang alipin nang oras ding iyon."
Kan oras man sanang iyan narahay an sorogoon kan opisyal.,"Nang pumasok si Jesus sa bahay ni Pedro, nakita niya ang biyenang babae nito na nakaratay dahil sa lagnat."
"Nagduman si Jesus sa harong ni Pedro. Inabotan niya duman an panugangan na babae ni Pedro na naghihigda, ta kinakalentura.","Hinawakan niya ang kamay ng babae, at nawala ang kanyang lagnat. Bumangon siya at naglingkod kay Jesus."
"Kinaptan ni Jesus an kamot kan babae, dangan nawara an saiyang kalentura. Nagbangon siya asin naglingkod ki Jesus.",Nang gabing iyon ay dinala nila sa kanya ang maraming inaalihan ng mga demonyo. Pinalayas niya ang mga espiritu sa pamamagitan ng salita at pinagaling ang lahat ng mga may sakit.
"Pagkabangi, dinara ki Jesus kan mga tawo an dakul na tawong may demonyo. Sa sarong tataramon sana ni Jesus pinaluwas niya an mga maraot na espiritu dangan binolong an gabos na naghehelang.",Ito ay upang matupad ang sinabi sa pamamagitan ni propeta Isaias: “Kinuha niya ang ating mga sakit at pinasan niya ang ating mga karamdaman.”
"Ginibo niya ini tanganing maotob an sinabi ni Propeta Isaias,","Nang makita ni Jesus ang napakaraming tao sa palibot niya, ipinag-utos niyang tumawid sa kabilang pampang."
"“Kinua niya an satong mga kamatean,","Lumapit ang isang eskriba at nagsabi sa kanya, “Guro, susunod ako sa iyo saan ka man magtungo.”"
asin tinios niya an satong mga kahelangan.”,"Sinabi ni Jesus sa kanya, “May mga lungga ang mga asong-gubat, at ang mga ibon sa himpapawid ay may mga pugad; ngunit ang Anak ng Tao ay walang mapagpahingahan ng kanyang ulo.”"
"Kan mahiling ni Jesus an dakul na tawo sa palibot niya, pinagbotan niya an mga disipulo na magbalyo sinda sa ibong kan danaw.","Isa pa sa mga alagad ay nagsabi sa kanya, “Panginoon, hayaan mo muna akong makauwi at mailibing ko ang aking ama.”"
"May sarong paratukdo kan Katogonan na nagdolok saiya asin nagsabi, “Maestro, andam akong mag-iba saimo maski saen ka magduman.”","Ngunit sinabi sa kanya ni Jesus, “Sumunod ka sa akin; at hayaan mong ang mga patay ang maglibing sa sarili nilang mga patay.”"
"Sinabihan siya ni Jesus, “An mga amid may mga kalot asin an mga gamgam may mga salagan, alagad an Aki nin Tawo mayo nin mahihigdaan.”","Nang makasakay si Jesus sa bangka, sumunod sa kanya ang kanyang mga alagad."
"An saro man sa mga disipulo nagsabi ki Jesus, “Kagurangnan, tugote ngona akong magpuli ta ilulubong ko an sakong ama.”","At dumating ang isang malakas na bagyo sa dagat, anupa't matatabunan na ng alon ang bangka; ngunit siya ay natutulog."
"“Sumunod ka sako,” an sabi ni Jesus, “pabayae an mga gadan na maglubong kan saindang mga gadan.”","Lumapit sila sa kanya at siya ay ginising, na nagsasabi, “Panginoon, iligtas mo kami; mamamatay kami!”"
Naglunad si Jesus sa sakayan kaiba an saiyang mga disipulo.,"Sinabi niya sa kanila, “Bakit kayo natatakot, O kayong maliliit ang pananampalataya?” Kaya't bumangon siya at sinaway ang mga hangin at ang dagat, at nagkaroon ng lubos na kapayapaan."
"Bigla sanang uminabot an makosog na subasko sa danaw, kaya nalalantopan na kan alon an sakayan. Torog kaidto si Jesus.","Kaya't namangha ang mga tao, na nagsasabi, “Anong uring tao ito na maging ang mga hangin at ang dagat ay sumusunod sa kanya?”"
"Kaya pinukaw siya kan mga disipulo dangan sinabihan, “Kagurangnan, ligtasan kami! Malulunod na kita!”","Nang makarating si Jesus sa kabilang pampang, sa lupain ng mga Gadareno, ay sinalubong siya ng dalawang inaalihan ng mga demonyo na lumabas mula sa mga libingan. Napakabangis nila kaya't walang makadaan doon."
"Sinabihan sinda ni Jesus, “Tadaw ta natatakot kamo? Mga maluya an pagtubod!” Nagbangon si Jesus, pinagbotan niyang magkalma an doros saka an alon, dangan nagkaigwa nin dakulang katoninongan.","Sila ay sumigaw na nagsasabi, “Anong gagawin mo sa amin, O Anak ng Diyos? Naparito ka ba upang pahirapan kami bago dumating ang takdang panahon?”"
Nagngalas sinda gabos. “Anong klaseng tawo ini na kinukuyog maski kan doros saka dagat?” an sabi ninda.,Sa may kalayuan sa kanila ay may isang kawan ng maraming baboy na nanginginain.
"Pag-abot ni Jesus sa Gadara na nasa ibong kan danaw, sinabat siya nin duwang lalaki na hale sa mga lungib na pinaglulubongan. An mga lalaking ini may demonyo asin mariringis, kaya mayo nin siisay man na nangangahas na mag-agi sa dalan na idto.","At nagmakaawa sa kanya ang mga demonyo, na nagsasabi, “Kung palalayasin mo kami ay papuntahin mo kami sa kawan ng mga baboy.”"
"Bigla sindang nagkurahaw, “Aki nin Dios, ano an pakilabot mo samo? Nagdigdi ka tanganing padusahan kami maski bako pang panahon?”","Sinabi niya sa kanila, “Humayo kayo.” Lumabas nga sila at pumasok sa mga baboy, at ang buong kawan ng mga baboy ay bumulusok sa bangin patungo sa dagat at namatay sila sa tubig."
"Harani duman, may mga orig na nagsusurungkal.",Tumakas ang mga tagapag-alaga ng mga iyon; at pagpasok nila sa bayan ay sinabi nila ang buong pangyayari at ang nangyari sa mga inalihan ng mga demonyo.
"Nakimaherak ki Jesus an mga demonyong ini, “Kun papaluwason mo kami, tugote kaming maglaog sa mga orig.”","Lumabas ang buong bayan upang salubungin si Jesus at pagkakita nila sa kanya, pinakiusapan nila siyang umalis sa kanilang nasasakupan."
"Naglunad giraray si Jesus sa sakayan pabalik sa ibong kan danaw, sa sadiri niyang banwaan.","Pagkatapos sumakay sa isang bangka, tumawid si Jesus at dumating sa kanyang sariling bayan."
"Dinara saiya kan nagkapirang tawo an sarong lalaking paralitiko na nakahigda. Kan mahiling ni Jesus an saindang makosog na pagtubod, sinabihan niya an paralitiko, “Aki ko, pakosoga an boot mo! Pinapatawad na an mga kasalan mo.”","Dinala nila sa kanya ang isang lumpo na nakaratay sa isang higaan. Nang makita ni Jesus ang kanilang pananampalataya, sinabi niya sa lumpo, “Anak, lakasan mo ang iyong loob, pinatatawad na ang iyong mga kasalanan.”"
"Nagsaboot an nagkapirang paratukdo kan Katogonan, “An lalaking ini naglalanghad tumang sa Dios!”","Ang ilan sa mga eskriba ay nagsabi, “Nilalapastangan ng taong ito ang Diyos.”"
"Aram ni Jesus an nasa isip ninda kaya nagsabi siya, “Tadaw ta nag-iisip kamo nin maraot?","Ngunit palibhasa'y alam ni Jesus ang kanilang mga iniisip ay sinabi niya, “Bakit nag-iisip kayo sa inyong mga puso ng masama?"
"Arin an mas pasil sabihon, ‘Pinapatawad na an mga kasalan mo’, o ‘Tindog asin lakaw’?","Sapagkat alin ba ang mas madali, ang sabihing, ‘Pinatatawad na ang iyong mga kasalanan?’ o sabihing, ‘Tumindig ka at lumakad?’"
"Alagad tanganing patunayan ko saindo na an Aki nin Tawo igwa nin kapangyarihan digdi sa daga na magpatawad nin mga kasalan,” sinabihan niya an paralitiko, “Tindog, daraha an saimong higdaan dangan pumuli ka na!”","Ngunit upang malaman ninyo na sa lupa ay may awtoridad ang Anak ng Tao na magpatawad ng mga kasalanan,” kaya't sinabi niya sa lumpo, “Tumindig ka, buhatin mo ang iyong higaan, at umuwi ka sa bahay mo.”"
Nagtindog an lalaki dangan nagpuli.,Tumindig siya at umuwi sa kanyang bahay.
"Kan mahiling ini kan mga tawo, nagkatarakot sinda asin nag-omaw sa Dios na nagtao nin siring na kapangyarihan sa mga tawo.","Nang makita ito ng maraming tao, sila ay natakot at niluwalhati nila ang Diyos, na nagbigay ng gayong awtoridad sa mga tao."
"Kan si Jesus naglalakaw pakahale sa lugar na idto, nahiling niya an sarong parasingil nin buhis na an ngaran Mateo, nagtutukaw sa pinagsisingilan nin buhis. Inapod siya ni Jesus, “Sumunod ka sako.”","Habang si Jesus ay naglalakad mula roon, nakita niya ang isang tao na tinatawag na Mateo na nakaupo sa tanggapan ng buwis. Sinabi niya sa kanya, “Sumunod ka sa akin.” At siya ay tumayo at sumunod sa kanya."
Nagtindog si Mateo asin nagsunod ki Jesus.,"Habang nakaupo siya sa may hapag-kainan sa bahay, dumating ang maraming maniningil ng buwis at mga makasalanan at umupong kasalo ni Jesus at ng kanyang mga alagad."
"Kan nagkakakan si Jesus sa saiyang harong, nag-abot an dakul na parasingil nin buhis asin mga parakasala. Nagsabay sinda ki Jesus asin sa saiyang mga disipulo sa pagkakan.","Nang makita ito ng mga Fariseo, sinabi nila sa kanyang mga alagad, “Bakit nakikisalo ang inyong guro sa mga maniningil ng buwis at mga makasalanan?”"
"Nahiling ini kan nagkapirang mga Fariseo kaya hinapot ninda an mga disipulo, “Tadaw ta an saindong maestro nagkakakan kasabay kan mga parasingil nin buhis saka mga parakasala?”","Ngunit nang marinig niya ito ay sinabi niya, “Ang mga walang sakit ay hindi nangangailangan ng manggagamot, kundi ang mga may sakit."
"Nadangog ini ni Jesus kaya sinabihan sinda, “An tawong mayong helang dai nangangaipo nin doktor.","Kaya, humayo kayo at pag-aralan ninyo kung ano ang kahulugan nito: ‘Habag ang ibig ko, at hindi handog.’ Sapagkat hindi ako pumarito upang tawagin ang mga matuwid, kundi ang mga makasalanan.”"
"Isip-isipa daw nindo kun ano an kahulogan kaini, ‘Pagkaherak an mawot ko, bakong atang.’ Dai ako nagdigdi sa pag-apod kan mga banal kundi kan mga parakasala.”","Pagkatapos ay lumapit sa kanya ang mga alagad ni Juan na nagsasabi, “Bakit kami at ang mga Fariseo ay nag-aayuno ngunit ang mga alagad mo ay hindi nag-aayuno?”"
"Dangan an mga disipulo ni Juan Bautista nagdolok ki Jesus asin naghapot, “Danay kaming nag-aayuno, siring man an mga Fariseo. Tadaw ta an saimong mga disipulo dai nag-aayuno?”","At sinabi sa kanila ni Jesus, “Maaari bang magluksa ang mga panauhin sa kasalan samantalang kasama pa nila ang lalaking ikakasal? Ngunit darating ang mga araw na ang lalaking ikakasal ay kukunin sa kanila, at saka sila mag-aayuno."
"Nagsimbag si Jesus, “Magmomondo daw an mga bisita sa kinasal mantang kaiba pa ninda an nobyo? Alagad maabot an panahon na an nobyo hahaleon sa kaibahan ninda, dangan na sinda mag-aayuno!",Sinuman ay hindi nagtatagpi ng bagong tela sa lumang damit; sapagkat binabatak ng tagpi ang damit at lumalala ang punit.
“Dai nin siisay man na minatagubhang nin bagong tela sa gisi kan lumang gubing; huli ta an tagubhang na iyan iyo an mahinat kan lumang gubing; orog pang madakula an gisi.,"Hindi rin inilalagay ang bagong alak sa mga lumang sisidlang balat; sapagkat kung gayon, puputok ang mga balat, at matatapon ang alak, at masisira ang mga balat; ngunit inilalagay ang bagong alak sa mga bagong balat, at pareho silang tumatagal."
"Dai nin siisay man na minapalis nin bagong arak sa daan na anit na lalagan nin arak, ta mabubusi ini; mauula an arak asin an lalagan na anit mararaot. An bagong arak ipalis sa bagong lalagan na anit, tanganing parehong dai masayang.”","Samantalang sinasabi niya sa kanila ang mga bagay na ito, may dumating na isang pinuno at lumuhod sa harapan niya at nagsabi, “Kamamatay pa lamang ng aking anak na babae, ngunit puntahan mo siya at ipatong mo ang iyong kamay sa kanya, at mabubuhay siya.”"
"Nagtataram pa kaini si Jesus kan may mag-abot na sarong opisyal na Judio na nagluhod sa atubangan niya asin nagsabi, “Nagadan pa sana an aki kong babae; alagad madya, umiba ka sako saka dutaan mo siya asin siya mabubuhay.”","Tumayo si Jesus at sumunod sa kanya, kasama ang kanyang mga alagad."
Kaya nag-iba si Jesus sa opisyal; nag-iba man an saiyang mga disipulo.,"Samantala, may isang babaing labindalawang taon nang dinudugo ang lumapit sa likuran niya at hinipo nito ang laylayan ng kanyang damit;"
May sarong babae na doseng taon nang pinag-aawasan nin dugo. Nagrani siya sa likodan ni Jesus saka dinutaan an gayad kan gubing ni Jesus.,"sapagkat sinabi niya sa kanyang sarili, “Kung mahihipo ko lamang ang kanyang damit ay gagaling ako.”"
"Huli ta nagsaboot siya, “Kun madutaan ko lamang an saiyang gubing, maoomayan ako.”","Nang lumingon si Jesus at nakita siya ay sinabi niya, “Anak, lakasan mo ang iyong loob; pinagaling ka ng iyong pananampalataya.” Gumaling nga ang babae sa oras ding iyon."
"Nagbirik si Jesus, nahiling an babae saka nagsabi, “Pakosoga an boot mo, aki ko! An saimong pagtubod iyo an nagpaomay saimo.” Kan oras man sanang idto narahay an babae.","Nang dumating na si Jesus sa bahay ng pinuno, at makita niya ang mga manunugtog ng plauta at ang maraming tao na nagkakagulo,"
"Pag-abot ni Jesus sa harong kan opisyal, nahiling niya an mga matugtog sa pagdapit asin an mga tawong nagririribok.","ay sinabi niya, “Umalis na kayo, sapagkat hindi patay ang batang babae kundi natutulog lamang.” At siya ay pinagtawanan nila."
"Sinabihan niya sinda, “Ruluwas kamo gabos. Bakong gadan an aki kundi natotorog sana!” Pinagngirisihan siya kan mga tawo.","Ngunit nang mapalabas na ang maraming tao, pumasok siya at hinawakan ang kamay ng batang babae at ito ay bumangon."
"Kan mapaluwas na an mga tawo, naglaog si Jesus sa kwarto kan aki. Kinaptan niya an kamot, dangan nagbangon an aki.",At kumalat ang balitang ito sa buong lupaing iyon.
An bareta dapit kan nangyaring ini nakalakop sa bilog na distritong idto.,"Nang papaalis na si Jesus mula roon, sinundan siya ng dalawang lalaking bulag na sumisigaw ng malakas, “Mahabag ka sa amin, Anak ni David.”"
"Kan si Jesus naglalakaw pakahale sa lugar na idto, may nagsunod saiyang duwang buta. Nagkurahaw sinda, “Aki ni David, kaheraki man kami!”","Nang makapasok na siya sa bahay, lumapit sa kanya ang mga lalaking bulag; at sinabi sa kanila ni Jesus, “Sumasampalataya ba kayo na magagawa ko ito?” Sinabi nila sa kanya, “Opo, Panginoon.”"
"Pakalaog ni Jesus sa harong, nagrani saiya an duwang buta. Hinapot niya sinda, “Minatubod kamo na mararahay ko kamo?”","Kaya't hinipo niya ang kanilang mga mata, na sinasabi, “Mangyari sa inyo ang ayon sa inyong pananampalataya.”"
"Nagsimbag sinda, “Opo, Kagurangnan!”","At nabuksan ang kanilang mga mata. Mahigpit silang pinagbilinan ni Jesus, “Ingatan ninyo na walang makakaalam nito.”"
"Dinutaan ni Jesus an saindang mga mata asin nagsabi, “Mangyari logod saindo sosog sa saindong pagtubod!”","Ngunit sila ay umalis, at ikinalat ang balita tungkol sa kanya sa buong lupaing iyon."
"Asin nakahiling giraray sinda. Dangan pinagbotan sinda ni Jesus, “Dai nanggad nindo ini ipang-osip!”","Nang makaalis na sila, dinala sa kanya ang isang lalaking pipi na inaalihan ng demonyo."
"Alagad kan makahale na sinda, ipinamareta ninda sa bilog na distritong idto an ginibo sainda ni Jesus.","Nang mapalabas na ang demonyo, nagsalita ang dating pipi. Namangha ang maraming tao at nagsabi, “Wala pang nakitang tulad nito sa Israel.”"
"Kan nagharale na an mga buta, may dinara ki Jesus na sarong lalaking nagin pola ta igwa nin demonyo.","Ngunit sinabi ng mga Fariseo, “Nagpapalayas siya ng mga demonyo sa pamamagitan ng pinuno ng mga demonyo.”"
"Pakapaluwasa ni Jesus kan demonyo, nakataram tolos an lalaki. Nagngalas an mga tawo. “Dai pa kita nakahiling nin arog kaini sa bilog na Israel!” an sabi ninda.","Nilibot ni Jesus ang lahat ng mga lunsod at mga nayon, na nagtuturo sa mga sinagoga nila at ipinangangaral ang magandang balita ng kaharian, at pinapagaling ang bawat sakit at bawat karamdaman."
"Alagad nagsabi an mga Fariseo, “An poon kan mga demonyo iyo an nagtatao saiya nin kapangyarihan sa pagpaluwas kan mga demonyo.”","Nang makita niya ang napakaraming tao, nahabag siya sa kanila, sapagkat sila ay nangangamba at nanlulupaypay na gaya ng mga tupa na walang pastol."
"Linibot ni Jesus an gabos na banwa asin baryo. Nagtukdo siya sa mga sinagoga, naghulit kan Marahay na Bareta dapit sa Kahadean. Binolong niya an gabos na helang asin kamatean.","Kaya't sinabi niya sa kanyang mga alagad, “Tunay na napakarami ng aanihin, ngunit kakaunti ang manggagawa;"
"Kan mahiling niya an kadakul na tawo, naherak siya sainda, huli ta nalalagalag sinda asin mga makaheherak, garo mga karnero na mayong pastor.","idalangin ninyo sa Panginoon ng anihin, na magpadala ng mga manggagawa sa kanyang aanihin.”"
Inapod ni Jesus an saiyang doseng disipulo dangan tinawan sinda nin kapangyarihan na magpaluwas nin mga maraot na espiritu saka magpaomay nin gabos na helang asin kamatean.,"Pagkatapos ay tinawag ni Jesus ang kanyang labindalawang alagad, at kanyang binigyan sila ng kapangyarihan sa masasamang espiritu, upang kanilang mapalayas sila at pagalingin nila ang bawat sakit at karamdaman."
"Ini an ngaran kan doseng apostol: enot si Simon na inaapod Pedro, asin an tugang niyang si Andres; si Santiago asin si Juan, na mga aki ni Zebedeo;","Ang mga pangalan ng labindalawang apostol ay ito: ang una ay si Simon na tinatawag na Pedro, si Andres na kanyang kapatid; si Santiago na anak ni Zebedeo, at si Juan na kanyang kapatid;"
si Felipe saka si Bartolome; si Tomas saka si Mateo na parasingil nin buhis; si Santiago na aki ni Alfeo; si Tadeo;,"si Felipe at si Bartolome; si Tomas at si Mateo na maniningil ng buwis; si Santiago na anak ni Alfeo, at si Tadeo;"
si Simon na Cananeo asin si Judas Iscariote na nagpasaluib ki Jesus.,"si Simon na Cananeo, at si Judas Iscariote, na nagkanulo sa kanya."
"Sinugo ni Jesus an doseng ini asin tinugon, “Dai kamo magduman sa teritoryo kan mga pagano o sa arin man na banwaan kan Samaria.","Ang labindalawang ito ay isinugo ni Jesus, at inutusan na sinasabi, “Huwag kayong pupunta sa pook ng mga Hentil, at huwag kayong papasok sa alinmang bayan ng mga Samaritano;"
Kundi hanapon nindo an mga nalalagalag na Israelita.,kundi puntahan ninyo ang mga nawawalang tupa sa bahay ni Israel.
Ihulit nindo sainda na harani na an Kahadean nin langit!,"At habang kayo ay humahayo, ipangaral ninyo at sabihing, ‘Malapit na ang kaharian ng langit.’"
"Bolongon nindo an mga naghehelang, buhayon liwat an mga gadan, linigan an mga daoton, asin paluwason an mga demonyo. Nag-ako kamo na mayo nin bayad, kaya magtao man kamo na mayo nin bayad.","Pagalingin ninyo ang mga maysakit, buhayin ninyo ang mga patay, linisin ninyo ang mga ketongin, palayasin ninyo ang mga demonyo. Tinanggap ninyong walang bayad, ibigay ninyong walang bayad."
"Dai kamo magbalon nin kwartang bulawan, plata o kobre.","Huwag kayong magdala ng ginto, o pilak, o tanso sa inyong mga lalagyan ng pera;"
"Dai kamo magdara nin bag, o sanglean na gubing, o sandalyas, o sugkod. An trabahador dapat tawan kan saiyang mga kaipuhan.","o supot sa inyong paglalakbay, o dalawang baro o mga sandalyas, o tungkod, sapagkat ang manggagawa ay karapat-dapat sa kanyang pagkain."
"“Pag-abot nindo sa sarong banwaan o baryo, hanapon nindo an tawong andam na magpadagos saindo; saiya kamo mag-erok sagkod na maghale kamo sa lugar na iyan.","Sa alinmang bayan o nayon kayo makapasok, hanapin ninyo kung sino roon ang karapat-dapat; at makitira kayo sa kanya hanggang sa inyong pag-alis."
"Pag-abot nindo sa harong, magtaong galang kamo nin siring, ‘Mapasaindo an katoninongan.’","Pagpasok ninyo sa bahay, batiin ninyo ito."
"Kun padagoson kamo, papagdanayon nindo an katoninongan; alagad kun dai, baweon nindo an katoninongan na iyan.","At kung karapat-dapat ang sambahayan, hayaang mapunta roon ang inyong kapayapaan, ngunit kung hindi karapat-dapat, hayaang mabalik sa inyo ang inyong kapayapaan."
"Kun habo kamong akoon o dangogon sa sarong harong o banwaan, maghale kamo diyan asin pagpagon nindo an alpog sa saindong bitis.","Sinumang hindi tumanggap sa inyo, o duminig sa inyong mga salita, pag-alis ninyo sa bahay o bayang iyon, ay ipagpag ninyo ang alabok ng inyong mga paa."
"Sa katotoohan sinasabihan ko kamo, pag-abot kan Aldaw nin Paghukom, orog pa an padusa na itatao nin Dios sa mga tawo kan banwaan na iyan ki sa mga taga Sodoma asin Gomorra!","Katotohanang sinasabi ko sa inyo, higit pang mapapagtiisan sa araw ng paghuhukom ang mga lupain ng Sodoma at Gomorra, kaysa bayang iyon."
“Magdangog kamo! Sinusugo ko kamo na garo mga karnero sa tahaw nin mga lobo. Magpakamaingat kamo arog kan mga halas asin magpakamahoyo arog kan mga salampati.,"“Ngayon, sinusugo ko kayong tulad ng mga tupa sa gitna ng mga asong-gubat, kaya't maging matalino kayong gaya ng mga ahas at maamong gaya ng mga kalapati."
"Mag-ingat kamo, huli ta may mga tawong madara saindo sa mga awtoridad. Hahampakon kamo ninda sa mga sinagoga.","Mag-ingat kayo sa mga tao, sapagkat ibibigay nila kayo sa mga hukuman at hahagupitin nila kayo sa kanilang mga sinagoga,"
Iaatubang kamo sa mga gobernador asin sa mga hade dahel sako; sa paaging ini makakapagpatotoo kamo dapit kan Marahay na Bareta sa atubang ninda asin kan mga pagano.,"at kakaladkarin nila kayo sa harap ng mga gobernador at mga hari dahil sa akin, upang magpatotoo sa kanila at sa mga Hentil."
"Kun iaatubang kamo sa husgado, dai kamo mahadit kun ano an saindong isisimbag o kun paano an pagsimbag nindo. Sa oras mismong iyan, ipapasabong saindo an sasabihon nindo.","Ngunit kapag kayo ay naibigay na nila, huwag kayong mangamba kung paano kayo magsasalita o kung ano ang inyong sasabihin, sapagkat ipagkakaloob sa inyo sa oras na iyon ang inyong sasabihin;"
An mga tataramon na sasabihon nindo bakong hale saindo kundi sa Espiritu kan saindong Ama na iyo an mataram sa paagi nindo.,"sapagkat hindi kayo ang magsasalita, kundi ang Espiritu ng inyong Ama ang magsasalita sa pamamagitan ninyo."
“An tugang ipapagadan kan saiyang tugang. An aki ipapagadan kan saiyang ama; tutumangan kan mga aki an mga magurang ninda asin ipapagadan.,"Ipagkakanulo ng kapatid ang kanyang kapatid tungo sa kamatayan, at ng ama ang kanyang anak at maghihimagsik ang mga anak laban sa kanilang mga magulang, at ipapapatay nila ang mga ito."
Ikakaongis kamo kan gabos dahel sako. Alagad an magdanay sagkod sa kataposan makakaligtas.,At kapopootan kayo ng lahat dahil sa aking pangalan. Ngunit ang magtiis hanggang sa wakas ay maliligtas.
"Kun pasakitan kamo sa sarong banwa, dumulag kamo sa ibang lugar. Sa katotoohan sinasabihan ko kamo, bago nindo malibot an gabos na banwaan nin Israel, madigdi na an Aki nin Tawo.","Kapag inuusig nila kayo sa isang bayan, tumakas kayo tungo sa kasunod, sapagkat katotohanang sinasabi ko sa inyo, ‘Hindi ninyo mapupuntahan lahat ang mga bayan ng Israel, bago dumating ang Anak ng Tao.’"
“An disipulo bakong orog na madonong ki sa saiyang maestro; ni an sorogoon sa saiyang amo.,"“Hindi nakahihigit ang alagad sa kanyang guro, o ang alipin sa kanyang panginoon."
"Tama na para sa sarong disipulo na makaarog sa saiyang maestro; asin an sorogoon, sa saiyang amo. Kun an pamayo kan pamilya inaapod nindang Beelzebul, orog pang aapodon nin maraot na ngaran an mga kaayon kan pamilyang iyan!","Sapat na sa alagad ang maging tulad ng kanyang guro at sa alipin ang maging tulad ng kanyang panginoon. Kung tinawag nilang Beelzebul ang panginoon ng sambahayan, gaano pa kaya nila lalaitin ang mga kasambahay niya!"
“Kaya dai kamo matakot sa mga tawo. Mayong natatahoban na dai mahahayag; mayong sekreto na dai makakaluwas.,"“Kaya, huwag ninyo silang katakutan sapagkat walang bagay na natatakpan na hindi mahahayag; at walang natatago na hindi malalaman."
"An itinataram ko saindo sa diklom, sabihon nindo sa liwanag; an ihinghing saindo, ikurahaw nindo sa mga atop.","Anumang sinasabi ko sa inyo sa dilim, sabihin ninyo sa liwanag; at ang narinig ninyo sa bulong ay ipagsigawan ninyo sa ibabaw ng mga bubungan."
Dai kamo matakot sa mga tawong makakagadan kan hawak alagad dai makakagadan kan kalag; kundi matakot kamo sa Dios na makakagadan kan hawak asin kalag sa impyerno.,"At huwag ninyong katakutan ang mga pumapatay ng katawan, ngunit hindi nakakapatay ng kaluluwa, kundi katakutan ninyo siyang makakapuksa ng kaluluwa at ng katawan sa impiyerno."
Bakong an duwang dignos binabakal nin sarong sentabo? Alagad mayo minsan saro sainda na nahuhulog sa daga kun bakong kabotan kan saindong Ama.,Hindi ba ipinagbibili ng isang kusing ang dalawang maya? Ngunit isa man sa kanila ay hindi nahuhulog sa lupa na hindi batid ng inyong Ama.
"Dawa an buhok sa payo nindo, bilang niya.",At maging ang mga buhok sa inyong ulo ay bilang na lahat.
Kaya dai kamo matakot ta mas mahalaga kamo ki sa mga dignos!,Huwag nga kayong matakot; kayo ay higit na mahalaga kaysa maraming maya.
"“An siisay man na magmidbid sako sa atubang nin mga tawo, mimidbidon ko man sa atubang nin sakong Ama sa langit.",“Kaya't ang bawat kumikilala sa akin sa harapan ng mga tao ay kikilalanin ko rin sa harapan ng aking Ama na nasa langit.
"Alagad an siisay man na magnegar sako sa atubang nin mga tawo, nenegaran ko man sa atubang nin sakong Ama sa langit.","Ngunit sinumang magkaila sa akin sa harapan ng mga tao, ay ipagkakaila ko rin naman sa harapan ng aking Ama na nasa langit."
"“Dai kamo maghona na nagdigdi ako sa pagdara nin katoninongan sa kinaban; dai ako nagdigdi sa pagdara nin katoninongan, kundi espada.","“Huwag ninyong isiping pumarito ako upang magdala ng kapayapaan sa lupa; hindi ako pumarito upang magdala ng kapayapaan, kundi ng tabak."
"Nagdigdi ako nganing patumangon an aking lalaki sa saiyang ama, an aking babae sa saiyang ina, asin an manugang na babae sa panugangan niyang babae.","Sapagkat pumarito ako upang paglabanin ang lalaki at ang kanyang ama, ang anak na babae at ang kanyang ina, at ang manugang na babae at ang kanyang biyenang babae."
An magigin pinakamaraot na kaiwal nin tawo iyo an mga kaayon man sana kan saiyang pamilya.,At ang magiging kaaway ng tao ay ang sarili niyang mga kasambahay.
"“An namomoot sa saiyang ama o ina orog pa sako, bakong maninigo na magin disipulo ko. An namomoot sa saiyang aking lalaki o babae orog pa sako, bakong maninigo na magin disipulo ko.",Ang umiibig sa ama o sa ina nang higit kaysa akin ay hindi karapat-dapat sa akin; at ang umiibig sa anak na lalaki o anak na babae nang higit kaysa akin ay hindi karapat-dapat sa akin;
An dai magpasan kan saiyang krus asin magsunod sako bakong maninigo na magin disipulo ko.,at ang hindi nagpapasan ng kanyang krus at sumusunod sa akin ay hindi karapat-dapat sa akin.
"An nagpapahalaga sa saiyang buhay, mawawaraan kaiyan; an nawawaran nin buhay huli sako, magkakamit kaiyan.",Ang nagsisikap magligtas ng kanyang buhay ay mawawalan nito; at ang mawalan ng kanyang buhay dahil sa akin ay makakatagpo nito.
"“An minaako saindo, minaako man sako; an minaako sako, minaako sa nagsugo sako.",“Ang tumatanggap sa inyo ay tumatanggap sa akin at ang tumatanggap sa akin ay tumatanggap sa nagsugo sa akin.
"An minaako sa propeta nin Dios huli ta siya propeta nin Dios, babalosan siring sa propeta. An minaako nin tawong matanos huli ta siya matanos, babalsan siring sa tawong matanos.",Ang tumatanggap sa isang propeta alang-alang sa pangalan ng propeta ay tatanggap ng gantimpala ng isang propeta; at ang tumatanggap sa isang taong matuwid alang-alang sa pangalan ng isang taong matuwid ay tatanggap ng gantimpala ng isang taong matuwid.
"An siisay man na magpainom nin maski sarong basong tubig sa saro kan pinakasadit na disipulo ko huli ta siya sakong disipulo, totoong maako nin balos.”","At sinumang magbigay ng kahit isang basong tubig na malamig sa isa sa maliliit na ito sa pangalan ng isang alagad, katotohanang sinasabi ko sa inyo, tiyak na hindi siya mawawalan ng kanyang gantimpala.”"
"Pakatapos na matukdoan ni Jesus an doseng disipulo, nagdagos siya sa kataraed na banwaan nganing magtukdo asin maghulit duman.","Nang matapos pagbilinan ni Jesus ang kanyang labindalawang alagad, umalis siya roon upang magturo at mangaral sa mga bayan nila."
"Nabaretaan ni Juan Bautista sa bilanggoan an mga ginigibo ni Cristo, kaya nagsugo siya nin nagkapira niyang mga disipulo na magduman ki Jesus,","Nang marinig ni Juan sa bilangguan ang mga gawa ng Cristo, nagpasabi siya sa pamamagitan ng kanyang mga alagad,"
"tanganing hapoton, “Ika na an pinagsasabi ni Juan na maabot, o mahalat pa kami nin iba?”","at sinabi sa kanya, “Ikaw ba iyong darating o maghihintay kami ng iba?”"
"Nagsimbag si Jesus, “Sabihan nindo si Juan kan nadadangog asin nahihiling nindo:","Sumagot si Jesus at sinabi sa kanila, “Humayo kayo at sabihin ninyo kay Juan ang inyong naririnig at nakikita:"
"an mga buta nakakahiling, an mga pilay nakakalakaw, an mga daoton nalilinigan, an mga bongog nakakadangog, an mga gadan nabubuhay liwat, asin an Marahay na Bareta ipinaghuhulit sa mga dukha.","Ang mga bulag ay nakakakita, ang mga pilay ay nakakalakad, ang mga ketongin ay nalilinis, ang mga bingi ay nakakarinig, at ang mga patay ay muling binubuhay at ipinangangaral sa mga dukha ang magandang balita."
Paladan an siisay man na dai nagduduwa-duwa dapit sako!”,Mapalad ang sinumang hindi natitisod sa akin.”
"Pakahale kan mga disipulo, nagtaram si Jesus sa mga tawo dapit ki Juan, “Ano an pinaghona nindong mahiling kan magduman kamo sa kalangtadan? Sarong bariw na pinagpapalid-palid nin doros?","Habang papaalis na ang mga ito, nagpasimulang magsalita si Jesus sa maraming tao tungkol kay Juan: “Ano ang pinuntahan ninyo sa ilang upang makita? Isa bang tambo na inuuga ng hangin?"
Ano an boot nindong mahiling duman? Sarong tawong nakagubing nin mamahalon? An mga tawong naggugubing nin arog kaiyan nag-eerok sa mga palasyo!,"Ngunit ano ang pinuntahan ninyo upang makita? Isa bang taong nakasuot ng malalambot na damit? Tingnan ninyo, ang mga nagsusuot ng malambot na damit ay nasa mga bahay ng mga hari."
"Ano talaga an pinaglaom nindong mahiling? Sarong propeta? Iyo, sinasabihan ko kamo na an nahiling nindo orog pa ki sa propeta.","Ngunit ano ang pinuntahan ninyo upang makita? Isa bang propeta? Oo, sinasabi ko sa inyo, at higit pa kaysa isang propeta."
Huli ta si Juan an pinagsasabi sa kasuratan:,"Ito yaong tungkol sa kanya ay nasusulat,"
"‘Uya, papaenoton ko saimo an sugo ko,","‘Narito, ipinapadala ko ang aking sugo na nauuna sa iyo,"
nganing andamon an dalan na agihan mo.’,na maghahanda ng iyong daan sa harapan mo.’
"Sa katotoohan sinasabihan ko kamo, mayo pang nabuhay na mas dakula ki Juan Bautista; alagad an pinakasadit sa Kahadean nin langit mas dakula pa ki sa saiya.","Katotohanang sinasabi ko sa inyo, sa mga ipinanganak ng mga babae ay wala pang lumitaw ni isa na higit na dakila kaysa kay Juan na Tagapagbautismo; gayunman, ang pinakamaliit sa kaharian ng langit ay higit na dakila kaysa kanya."
"Poon na maghulit si Juan sagkod ngunyan, an Kahadean nin langit nagtitios nin kadahasan; hinihingowa ining laglagon kan mga madahas;","Mula sa mga araw ni Juan na Tagapagbautismo hanggang ngayon, ang kaharian ng langit ay sapilitang pinapasok at sinasakop ng mga taong mararahas."
huli ta an gabos na propeta asin an Katogonan ni Moises naghula sagkod sa panahon ni Juan.,Sapagkat ang lahat ng mga propeta at ang kautusan ay nagpropesiya hanggang kay Juan;
"Kun boot nindong tubodon ini, si Juan iyo an Elias na maabot.","at kung ibig ninyong tanggapin, siya si Elias na darating."
"An may talinga, magdangog!",Ang may pandinig ay makinig.
"“Sa ano ko ikakaagid an mga tawo ngunyan? Garo sinda mga aki na nagtuturukaw sa plasa asin nagkukurahaw sa mga kakawat ninda,","“Ngunit sa ano ko ihahambing ang lahing ito? Ito ay tulad sa mga batang nakaupo sa mga pamilihan na tumatawag sa kanilang mga kasama,"
"‘Tinugtogan mi kamo, alagad dai kamo nagsayaw! Nanambitan kami alagad dai kamo nagtangis!’","na sinasabi, ‘Tinugtugan namin kayo ng plauta, ngunit hindi kayo sumayaw; tumangis kami, ngunit hindi kayo nahapis.’"
"Kan nagdigdi si Juan, nag-ayuno siya asin dai nag-inom nin arak, alagad nagsabi an mga tawo, ‘May demonyo siya!’","Sapagkat dumating si Juan na hindi kumakain o umiinom at sinasabi nila, ‘Mayroon siyang demonyo.’"
"Kan an Aki nin Tawo an nagdigdi, nagkakan siya asin nag-inom, alagad nagsabi an mga tawo, ‘Hilinga saro siyang paslo, paraburat, katood kan mga parasingil nin buhis saka mga parakasala!’ Alagad an kadonongan nin Dios napapatotoohan kan saiyang mga gibo.”","Dumating ang Anak ng Tao na kumakain at umiinom, at sinasabi nila, ‘Tingnan ninyo, ang isang taong matakaw at isang maglalasing, isang kaibigan ng mga maniningil ng buwis at ng mga makasalanan!’ Ngunit ang karunungan ay pinapagtibay ng kanyang mga gawa.”"
"Inanggotan ni Jesus an mga banwaan na ginibohan niya kan kadaklan kan saiyang mga milagro, dahel ta dai sinda nagbakle.",Kaya't pinasimulan niyang sumbatan ang mga lunsod na ginawan niya ng karamihan sa kanyang mga makapangyarihang gawa sapagkat hindi sila nagsisi.
"Nagsabi siya, “Herak man saimo, Corazin! Herak man saimo, Betsaida! Huli ta kun an mga milagrong ginibo diyan saindo ginibo sa Tiro saka sa Sidon, haloy na kutanang nagsulot nin sako asin nagtukaw sa abo an mga tawo duman sa pagpahiling na sinda nagbakle.","“Kahabag-habag ka, Corazin! Kahabag-habag ka, Bethsaida! Sapagkat kung sa Tiro at Sidon ginawa ang mga makapangyarihang gawa na ginawa sa inyo, matagal na sana silang nagsisi na may damit-sako at abo."
"Kaya sinasabihan ko kamo, sa Aldaw nin Paghukom mas magian an padusang itatao sa mga taga Tiro asin Sidon ki sa saindo!","Ngunit sinasabi ko sa inyo, higit pang mapagtitiisan sa araw ng paghuhukom ang Tiro at Sidon kaysa inyo."
"Asin ika, Capernaum! Boot mong iitaas sagkod sa langit? Ihuhulog ka sa impyerno! Huli ta kun an mga milagro na ginibo saimo ginibo sa Sodoma, an banwaan na idto yaon pa kutana ngunyan!","At ikaw, Capernaum, itataas ka ba hanggang sa langit? Ibababa ka hanggang sa Hades. Sapagkat kung sa Sodoma ginawa ang mga makapangyarihang gawa na ginawa sa iyo, nanatili sana iyon hanggang sa araw na ito."
"Sinasabihan ko kamo, mas magian an padusang itatao nin Dios sa Sodoma ki sa saindo.”","Ngunit sinasabi ko sa inyo, higit pang mapapagtiisan sa araw ng paghuhukom ang lupain ng Sodoma kaysa inyo.”"
"Kan oras na idto, nagtaram si Jesus, “O Ama, Kagurangnan nin langit asin daga! Nagpapasalamat ako saimo ta ipinahayag mo sa mga mangmang an mga bagay na tinago mo sa mga madonong asin sa mga may inadalan.","Nang oras na iyon ay sinabi ni Jesus, “Pinasasalamatan kita, Ama, Panginoon ng langit at lupa, sapagkat ikinubli mo ang mga bagay na ito sa mga pantas at matatalino, at ipinahayag mo sa mga sanggol;"
"Opo, Ama, huli ta ini an ikinaogma mo.","oo, Ama, sapagkat gayon ang mapagpala mong kalooban."
"“Itinao sako kan sakong Ama an gabos na bagay. Mayong nakakamidbid sa Aki kundi an Ama sana; mayo man nin nakakamidbid sa Ama kundi an Aki sana, asin an boot kan Aki na pahayagan.","Ang lahat ng mga bagay ay ibinigay sa akin ng aking Ama. Walang nakakakilala sa Anak kundi ang Ama; at walang nakakakilala sa Ama, kundi ang Anak, at sinumang piliin ng Anak na pagpahayagan niya."
"“Madya kamo sako, kamo gabos na napapagal asin nagagabatan, ta tatawan ko kamo nin kapahingaloan.","Lumapit kayo sa akin, kayong lahat na nanlulupaypay at lubhang nabibigatan at kayo'y bibigyan ko ng kapahingahan."
"Sarong aldaw na Sabbath, nag-agi si Jesus sa kaomahan nin trigo. Gutom na an saiyang mga disipulo, kaya nagrapgos sinda nin mga trigo asin nagkakan.",Nang panahong iyon ay dumaan si Jesus sa bukirin ng mga trigo nang araw ng Sabbath. Nagutom ang kanyang mga alagad at nagsimula silang pumitas ng mga uhay at kumain.
"Kan mahiling ini kan mga Fariseo, sinabihan ninda si Jesus, “Hilinga, an saimong mga disipulo naggigibo kan ipinapangalad na gibohon kun Sabbath!”","Ngunit nang makita ito ng mga Fariseo, sinabi nila sa kanya, “Tingnan mo, ginagawa ng mga alagad mo ang hindi ipinahihintulot na gawin sa Sabbath.”"
"Nagsimbag si Jesus, “Dai nindo nabasa kun ano an ginibo ni David saka kan saiyang mga kairiba kan magutom sinda?","Subalit sinabi niya sa kanila, “Hindi ba ninyo nabasa ang ginawa ni David nang nagutom siya at ang mga kasamahan niya;"
"Naglaog siya sa Templo dangan nagkakan siya asin an saiyang mga kairiba kan tinapay na idinolot sa Dios, na ipinapangalad na kakanon kan bakong padi.","kung paanong pumasok siya sa bahay ng Diyos, at kumain siya ng tinapay na handog, na hindi ipinahihintulot na kainin niya o ng mga kasamahan niya, kundi ng mga pari lamang?"
"O dai pa nindo nabasa sa Katogonan ni Moises na lambang aldaw na Sabbath, an mga padi sa Templo minalapas kan katogonan dapit sa Sabbath, alagad dai sinda nagkakasala?","O hindi ba ninyo nabasa sa kautusan, kung paanong sa mga araw ng Sabbath ay winalang-galang ng mga pari sa templo ang Sabbath, at hindi sila nagkasala?"
"Sinasabihan ko kamo, uya digdi an sarong mas dakula pa ki sa Templo.","Ngunit sinasabi ko sa inyo, isang higit na dakila kaysa templo ang narito."
"Sinasabi sa kasuratan, ‘Pagkaherak an boot ko asin bakong atang.’ Kun nasabotan nindo ini, dai nindo kokondenaron an mayong sala.","Ngunit kung nalaman ninyo kung ano ang kahulugan nito, ‘Habag ang ibig ko, at hindi handog,’ hindi sana ninyo hinatulan ang mga walang sala."
Huli ta an Aki nin Tawo iyo an Kagurangnan kan Sabbath.”,Sapagkat ang Anak ng Tao ay panginoon ng Sabbath.”
Naghale si Jesus sa lugar na idto asin nagduman sa sarong sinagoga.,Umalis si Jesus doon at pumasok sa kanilang sinagoga.
"Igwa duman nin sarong lalaking paralisado an kamot. Igwa man nin nagkapirang tawo na boot makakua nin dahelan nganing isumbong si Jesus. Kaya hinapot ninda siya, “Tugot daw sa Katogonan an pagbolong sa aldaw na Sabbath?”","At doon ay may isang taong tuyo ang isang kamay. Siya ay tinanong nila, “Matuwid bang magpagaling sa araw ng Sabbath?” upang siya'y maparatangan nila."
"Nagsimbag si Jesus, “Halimbawa an saro saindo igwa nin sarong karnero na nahulog sa hararom na bobon sa aldaw na Sabbath, dai daw niya iyan hawason?","Sinabi niya sa kanila, “Sino kaya sa inyo, na kung mayroon siyang isang tupa, at nahulog ito sa isang hukay sa araw ng Sabbath, ay hindi ba niya ito aabutin, at hahanguin?"
"An tawo pa daw na mas mahalaga ki sa karnero! Kun siring, tugot kan Katogonan an paggibo nin marahay sa aldaw na Sabbath.”",Gaano pa ngang higit na mahalaga ang isang tao kaysa isang tupa! Kaya't matuwid na gumawa ng mabuti sa araw ng Sabbath.”
"Dangan sinabihan ni Jesus an lalaking paralisado an kamot, “Unata an saimong kamot.”","Pagkatapos ay sinabi niya sa lalaki, “Iunat mo ang iyong kamay.” At iniunat nga niya, at naibalik ito sa dati, magaling na gaya ng isa."
Inunat niya an saiyang kamot; naomayan ini asin pareho na kan sa ibong na kamot.,Ngunit umalis ang mga Fariseo at nagpulong laban sa kanya kung papaano siya pupuksain.
Nagluwas an mga Fariseo asin nag-orolay kun paano ninda ikapagadan si Jesus.,"Nang malaman ito ni Jesus ay umalis siya roon. Sinundan siya ng marami at pinagaling niya silang lahat,"
"Kan maaraman ini ni Jesus, naghale siya sa lugar na idto. Dakul na tawo an nagsunod saiya. Pinaomayan niya an gabos na naghehelang,","at ipinag-utos niya sa kanila, na siya'y huwag nilang ipamamalita."
"dangan pinagbotan sinda na dai siya ipangosip,","Ito ay upang matupad ang sinabi sa pamamagitan ni propeta Isaias, na sinasabi:"
"tanganing maotob an sinabi ni propeta Isaias,","“Narito ang lingkod ko na aking hinirang,"
"“Uya an sakong sorogoon, an sakong pinili,",ang minamahal ko na kinalulugdan ng aking kaluluwa.
an sakuyang namomotan asin ikinakaogma.,"Ilalagay ko sa kanya ang aking Espiritu,"
"Ibubugtak ko saiya an sakong Espiritu,",at ipahahayag niya ang katarungan sa mga Hentil.
asin ipapahayag niya an sakong hustisya sa gabos na nasyon.,"Hindi siya makikipagtalo, o sisigaw,"
"Dai siya makikiiwal o magkukurahaw,",o maririnig ng sinuman ang kanyang tinig sa mga lansangan.
an tingog niya dai madadangog sa mga tinampo;,"Hindi niya babaliin ang tambong nasugatan,"
"dai niya babarion an nagruyong nang bariw,","o papatayin ang nagbabagang mitsa,"
dai man niya paparongon an maromirom nang ilaw.,hanggang ang katarungan ay dalhin niya sa tagumpay;
Magpapadagos siya sagkod na manggana an katanosan;,at aasa ang mga Hentil sa kanyang pangalan.”
asin maglalaom saiya an gabos na tawo.”,"Pagkatapos ay dinala kay Jesus ang isang bulag at pipi na inaalihan ng demonyo, at kanyang pinagaling ito kaya't ang dating pipi ay nakapagsalita at nakakita."
"Dangan dinara ki Jesus an sarong lalaking buta saka pola na may demonyo. Binolong siya ni Jesus, kaya nakataram asin nakahiling siya.","At ang lahat ng tao ay namangha at nagsabi, “Ito na kaya ang Anak ni David?”"
"Nagngalas an gabos asin naghapot, “Siya daw an Aki ni David?”","Ngunit nang marinig ito ng mga Fariseo ay sinabi nila, “Ang taong ito'y nagpapalayas ng mga demonyo sa pamamagitan lamang ni Beelzebul na pinuno ng mga demonyo.”"
"Kan madangog ini kan mga Fariseo, nagsabi sinda, “An tawong ini nakakapaluwas nin demonyo sa kapangyarihan ni Beelzebul na prinsipe kan mga demonyo.”","Ngunit nalalaman niya ang mga iniisip nila, at sinabi niya sa kanila, “Ang bawat kahariang nahahati laban sa kanyang sarili ay mawawasak; at ang bawat lunsod o bahay na nahahati laban sa kanyang sarili ay hindi makakatayo."
"Aram ni Jesus an mga nasa boot ninda, kaya sinabihan niya sinda, “Marurumpag an arin man na kahadean na nababanga; mawawasak an arin man na banwaan o pamilya na nababanga.","Kung pinalalayas ni Satanas si Satanas, siya ay nahahati laban sa kanyang sarili; paano ngang makakatayo ang kanyang kaharian?"
Kaya kun si Satanas an magpaluwas ki Satanas siya mismo mababanga; paanong magdanay an saiyang kahadean?,"At kung sa pamamagitan ni Beelzebul ay nagpapalayas ako ng mga demonyo, sa pamamagitan nino sila pinalalayas ng inyong mga anak? Kaya't sila ang magiging mga hukom ninyo."
"Nagsasabi kamo na nagpapaluwas ako nin mga demonyo sa kapangyarihan ni Beelzebul. Kun nagpapaluwas ako nin mga demonyo sa kapangyarihan ni Beelzebul, sa kiisay na kapangyarihan nagpapaluwas an saindong mga disipulo? Kaya sinda an nagpapatotoo na nasasala kamo!","Ngunit kung sa pamamagitan ng Espiritu ng Diyos ay nagpapalayas ako ng mga demonyo, dumating na nga sa inyo ang kaharian ng Diyos."
"Alagad kun nagpapaluwas ako nin mga demonyo sa kapangyarihan kan Espiritu nin Dios, nagpapatotoo ini na nagpoon na an Kahadean nin Dios saindo.","O paano bang makakapasok ang sinuman sa bahay ng malakas na tao at nakawin ang mga ari-arian nito, kung hindi muna gagapusin ang malakas na tao? At saka pa lamang niya mapagnanakawan ang bahay nito."
"“Mayong makakasalakat sa harong nin sarong makosog na tawo kun dai ngona niya gaposon ini. Kun magapos na ini, saka pa sana niya masasamsaman an harong.","Ang hindi panig sa akin ay laban sa akin, at ang hindi ko kasamang nagtitipon ay nagkakalat."
"“An bakong kampi sako, tumang sako; an dai nagtatabang sako sa pagtipon, nagwawarak.","Kaya't sinasabi ko sa inyo, ang bawat kasalanan at paglapastangan ay ipatatawad sa mga tao; ngunit ang paglapastangan laban sa Espiritu ay hindi ipatatawad."
"Kaya sinasabihan ko kamo, papatawadon an mga tawo kan ano man na kasalan o paglanghad; alagad an maglanghad sa Espiritu Santo dai papatawadon.",At ang sinumang magsabi ng isang salita laban sa Anak ng Tao ay patatawarin; ngunit ang sinumang magsalita laban sa Espiritu Santo ay hindi patatawarin maging sa panahong ito o sa darating.
"An magtaram nin anoman tumang sa Aki nin Tawo, papatawadon; alagad an magtaram tumang sa Espiritu Santo dai nanggad papatawadon—ngunyan o sagkod pa man.",“O gawin ninyong mabuti ang puno at mabuti ang bunga nito o gawin ninyong masama ang puno at masama ang bunga nito; sapagkat ang puno ay nakikilala sa pamamagitan ng kanyang bunga.
"“An marahay na kahoy, marahay man an bunga; an maraot na kahoy, maraot man an bunga. An kahoy namimidbid sa bunga.",Kayong lahi ng mga ulupong! Paano kayo makapagsasalita ng mabubuting bagay gayong kayo ay masasama? Sapagkat sa kasaganaan ng puso ay nagsasalita ang bibig.
"Mga rimoranon! Paano kamong makataram nin mga marahay na bagay, na kamo mga maraot? Huli ta kun ano an nasa puso iyo an maluwas sa ngoso.","Ang mabuting tao ay naglalabas ng mabubuting bagay mula sa kanyang mabuting kayamanan, at ang masamang tao ay naglalabas ng masasamang bagay mula sa kanyang masamang kayamanan."
"An marahay na tawo, marahay man an gibo huli ta pano nin karahayan an saiyang puso; an maraot na tawo, maraot man an gibo huli ta pano nin karatan an saiyang puso.","Subalit sinasabi ko sa inyo, na sa araw ng paghuhukom ay pananagutan ng mga tao ang bawat salita na binigkas na walang ingat."
“Sinasabihan ko kamo na sa Aldaw nin Paghukom an lambang saro magtatao nin kwenta kan lambang tataramon na mayong halaga na saiyang itinaram.,Sapagkat sa pamamagitan ng iyong mga salita ay pawawalang-sala ka at sa pamamagitan ng iyong salita ay mahahatulan ka.”
Huli ta kamo papatawadon o papadusahan sosog sa saindong mga itinaram.”,"Pagkatapos, ilan sa mga eskriba at mga Fariseo ang nagwika sa kanya, “Guro, ibig naming makakita ng isang tanda mula sa iyo.”"
"May nagkapirang paratukdo kan Katogonan asin nagkapirang Fariseo na nagsabi ki Jesus, “Maestro, boot ming makahiling nin tanda hale saimo.”","Ngunit sumagot siya sa kanila, “Humahanap ng tanda ang isang masama at mapangalunyang lahi; ngunit walang tanda na ibibigay sa kanya, liban sa tanda ng propeta Jonas."
"Nagsimbag si Jesus, “An maraot asin daing Dios na henerasyon naghahagad nin tanda; alagad mayong tanda na itatao sainda kundi an tanda ni Propeta Jonas.","Sapagkat kung paanong si Jonas ay nasa tiyan ng isang dambuhala sa dagat sa loob ng tatlong araw at tatlong gabi, gayundin naman ang Anak ng Tao ay tatlong araw at tatlong gabing mapapasailalim ng lupa."
"Siring na si Jonas tolong aldaw asin tolong banggi sa tulak nin balyena, siring man an Aki nin Tawo tolong aldaw asin tolong banggi sa irarom kan daga.","Ang mga tao ng Ninive ay tatayo sa paghuhukom na kasama ng lahing ito at hahatulan nila ito, sapagkat nagsisi sila sa pangangaral ni Jonas; at masdan ninyo, may isang higit na dakila kaysa kay Jonas ang narito."
"Sa Aldaw nin Paghukom matindog an mga taga Nineve saka mahukom saindo, huli ta sinda nagbakle kan maghulit sainda si Jonas; asin uya digdi an mas dakula pa ki Jonas!","Ang reyna ng timog ay tatayo sa paghuhukom na kasama ng lahing ito, at hahatulan niya ito, sapagkat nanggaling siya sa mga dulo ng daigdig upang makinig sa karunungan ni Solomon; at masdan ninyo, may isang higit na dakila kaysa kay Solomon ang narito."
"Sa Aldaw nin Paghukom matindog an Reyna nin Sheba saka mahukom saindo, huli ta nagbaklay siya hale sa mga poro kan daga tanganing madangog sana an kadonongan ni Solomon; asin uya an mas dakula pa ki Solomon!","“Kaya't nang makalabas mula sa isang tao ang maruming espiritu, nagpagala-gala ito sa mga dakong walang tubig na humahanap ng mapapagpahingahan, ngunit wala siyang matagpuan."
"“Kun minaluwas sa tawo an maraot na espiritu, minaduman iyan sa mga mamarang lugar sa paghanap nin mapapahingaloan. Kun mayong nakukua,","Kaya't sinasabi niya, ‘Babalik ako sa aking bahay na pinanggalingan.’ Pagdating niya ay natagpuan niya iyong walang laman, nawalisan at naiayos na."
"minasaboot siya, ‘Mapuli ako sa harong na pinaghalean ko.’ Pagbalik niya maabotan niya iyan na mayong laog, malinig asin husay.","Pagkatapos ay umalis siya, at nagsasama pa ng pitong espiritu na higit na masasama kaysa kanya, at sila'y pumapasok at naninirahan doon; at ang huling kalagayan ng taong iyon ay naging masahol pa kaysa una. Gayundin ang mangyayari sa masamang lahing ito.”"
"Minaluwas giraray siya saka minaagda nin pito pang espiritu na mas maraot pa ki sa saiya, dangan duman sinda gabos minaerok sa tawong iyan. Kaya nagigin mas maraot ki sa dati an kamugtakan kan tawong iyan. Siring kaini an mangyayari sa mga maraot na kapagarakian na ini.”","Samantalang nagsasalita pa si Jesus sa maraming tao, ang kanyang ina at mga kapatid na lalaki ay nakatayo sa labas at ibig nilang makausap siya."
"Kan aldaw man sanang idto, nagluwas sa harong si Jesus asin nagtukaw sa tampi kan danaw.",Nang araw ding iyon ay lumabas si Jesus sa bahay at umupo sa tabi ng dagat.
Tiniriponan siya nin kadakul na tawo kaya naglunad siya sa sakayan asin duman nagtukaw mantang an mga tawo nasa baybayon.,"Nagtipun-tipon sa palibot niya ang napakaraming tao, kaya't sumakay siya sa isang bangka at umupo roon samantalang ang lahat ng tao ay nakatayo sa baybayin."
Nagtukdo siya sainda nin dakul na bagay sa paagi nin mga parabola.,"At nagsalita siya sa kanila ng maraming bagay sa pamamagitan ng mga talinghaga, na sinasabi: “Makinig kayo! Isang manghahasik ang humayo upang maghasik."
“May sarong paraoma na nagsabwag nin banhi.,"Habang siya'y naghahasik, may mga binhing nahulog sa tabing daan; at dumating ang mga ibon at kinain nila ang mga ito."
"Mantang isinasabwag niya an banhi, nahulog an iba sa dalan; nag-abot an mga gamgam asin tinuka idto.",Ang iba nama'y nahulog sa batuhan na doo'y kakaunti lamang ang lupa; at kaagad silang sumibol yamang hindi malalim ang lupa.
An ibang banhi nahulog sa lugar na magapo; nagtambo tolos idto huli ta manipis an daga duman.,"Kaya't pagsikat ng araw, ang mga iyon ay natuyo at dahil sa walang ugat ang mga iyon ay tuluyang nalanta."
Alagad pagsirang kan aldaw nagkaaralang idto huli ta dai nakagamot nin hararom.,Ang iba ay nahulog sa mga tinikan. Lumaki ang mga tinik at sinakal ang mga iyon.
"An iba man na banhi nahulog sa katonokan; pagtambo kan mga tonok, pinoot an mga banhi.","Ang iba ay nahulog sa mabuting lupa, at namunga. Ang iba ay tig-iisang daan, ang iba ay animnapu, ang iba ay tatlumpu."
"Alagad an ibang banhi nakasabwag sa matubang na daga asin namunga: an iba mananggatos an bunga, an iba sesenta, an iba treynta.”",Ang mga may pandinig ay makinig.”
"Nagsabi si Jesus, “An may talinga, magdangog!”","Lumapit ang mga alagad, at sinabi nila sa kanya, “Bakit ka nagsasalita sa kanila sa pamamagitan ng mga talinghaga?”"
"Dangan dinolok si Jesus kan mga disipulo asin hinapot, “Tadaw ta mga parabola an ginagamit mo sa pagtukdo sainda?”","Sumagot siya at sinabi sa kanila, “Sapagkat sa inyo ipinagkaloob na malaman ang mga hiwaga ng kaharian ng langit, ngunit hindi ipinagkaloob sa kanila."
"Nagsimbag si Jesus, “Saindo ipinapasabot an mga hilom kan Kahadean nin langit, alagad sainda dai.","Sapagkat sinumang mayroon ay lalong bibigyan, at magkakaroon siya ng kasaganaan; ngunit sinumang wala, pati ang nasa kanya ay kukunin."
"Huli ta an siisay man na igwa, tatawan pa nin dakul, tanganing orog pang magkaigwa. Alagad an siisay man na dai, kukuahon pa maski an kadikit na sadiri niya.","Dahil dito ay nagsasalita ako sa kanila sa pamamagitan ng mga talinghaga, sapagkat sa kanilang pagtingin ay hindi sila nakakakita, at sa kanilang pakikinig ay hindi sila nakakarinig, at hindi sila nakakaunawa."
"Kaya parabola an ginagamit ko sa pagtukdo sainda dahel ta nahihiling ninda alagad dai namamaanan, nadadangog ninda alagad dai nahihinanyog o nasasabotan.","Natutupad nga sa kanila ang propesiya ni Isaias, na nagsasabi:"
Kaya naootob sainda an sinabi ni Isaias:,"‘Sa pakikinig kayo'y makakarinig, ngunit kailanma'y hindi makakaunawa,"
"‘Totoong madadangog nindo, alagad dai kamo makakasabot;","at sa pagtingin kayo'y titingin, ngunit kailanma'y hindi makakabatid."
"totoong mahihiling nindo, alagad dai kamo makakamaan,","Sapagkat naging manhid na ang puso ng bayang ito,"
huli ta kulapos an isip kan mga tawong ini;,"at mahirap nang makarinig ang kanilang mga tainga,"
"tinatahoban ninda an saindang mga talinga,",at ipinikit nila ang kanilang mga mata;
"pinipirong ninda an saindang mga mata,","baka ang kanilang mga mata'y makakita,"
"ta tibaad sinda makamaan,","at makarinig ang kanilang mga tainga,"
"o makadangog,","at makaunawa ang puso nila,"
"o makasabot,","at manumbalik sa akin, at sila'y aking pagalingin.’"
dangan magdolok sako,"Ngunit mapapalad ang inyong mga mata, sapagkat ang mga ito'y nakakakita; at ang inyong mga tainga, sapagkat ang mga ito'y nakakarinig."
nganing paomayan ko.’,"Katotohanang sinasabi ko sa inyo, maraming propeta at mga taong matuwid ang naghangad na makita ang inyong nakikita, ngunit hindi nila nakita; at marinig ang inyong naririnig, ngunit hindi nila ito narinig."
"“Alagad mga paladan kamo, huli ta an mga mata nindo nakakahiling; an mga talinga nindo nakakadangog!",“Pakinggan ninyo ang talinghaga ng manghahasik.
"Sa katotoohan sinasabihan ko kamo, dakul na propeta asin matatanos na tawo an boot nanggad makahiling kan nahihiling nindo, alagad dai nakahiling; asin makadangog kan nadadangog nindo alagad dai nakadangog.","Kung ang sinuman ay nakikinig ng salita ng kaharian, at hindi niya ito inuunawa, darating ang masama at aagawin ang naihasik sa kanyang puso. Ito ang naihasik sa tabing daan."
“Saboton nindo an kahulogan kan parabola kan paraoma.,"Ang napahasik sa mga batuhan ay iyong nakikinig ng salita, at agad niyang tinatanggap ito na may kagalakan."
Idtong mga banhi na nahulog sa dalan garo idtong mga tawo na nakakadangog kan tataramon dapit sa Kahadean alagad dai nakakasabot. Minaabot an demonyo dangan inaagaw an isinabwag sa puso ninda.,Gayunma'y hindi siya nagkaugat kundi sandali lamang tumatagal; at kapag dumating ang kapighatian o pag-uusig dahil sa salita ay kaagad siyang natitisod.
An mga banhing nakasabwag sa lugar na magapo garo idtong mga tawo na maogmang minadangog saka minaako tolos kan tataramon nin Dios.,Ang napahasik sa mga tinikan ay iyong nakikinig ng salita; ngunit ang kabalisahan ng sanlibutan at ang daya ng mga kayamanan ay sumasakal sa salita at iyon ay nagiging walang bunga.
"Alagad dai nakatadom nin marahay an nadangog kaya dai nahaloy; pag-abot kan karibokan o kasakitan dahel sa tataramon, minabaya tolos sinda.","Ang napahasik naman sa mabuting lupa, ay iyong nakikinig ng salita at inuunawa ito, na siyang talagang namumunga. Ang isa ay isandaan, ang iba ay animnapu, at ang iba ay tatlumpu.”"
"An mga banhing nakasabwag sa lugar na matonok garo idtong mga tawo na nagdadangog kan tataramon, alagad an tataramon pinopoot kan mga kahaditan sa buhay na ini asin kan pagkamoot sa kayamanan, kaya dai nagbubunga.","Nagbigay siya sa kanila ng isa pang talinghaga, na sinasabi, “Ang kaharian ng langit ay tulad sa isang taong naghasik ng mabuting binhi sa kanyang bukid."
"Alagad an mga banhing nakasabwag sa matubang na daga garo idtong mga tawo na nagdadangog asin nakakasabot kan tataramon nin Dios; namumunga nanggad nin dakul, an iba sanggatos, an iba sesenta asin an iba treynta.”","Ngunit samantalang natutulog ang mga tao, dumating ang kaaway at naghasik ng mga damo sa triguhan, at umalis."
"Saro pang parabola an inistorya ni Jesus, “An Kahadean nin langit nakakaagid sa sarong paraoma na nagsabwag nin marahay na banhi sa saiyang oma.",Kaya't nang sumibol ang mga halaman at namunga ay lumitaw rin ang damo.
"Alagad sarong banggi mantang tororog an gabos, nag-abot an kaiwal niya, sinabwagan nin mga doot an oma, saka naghale.","At ang mga alipin ng puno ng sambahayan ay dumating at sinabi sa kanya, ‘Panginoon, hindi ba't mabuting binhi ang inihasik mo sa iyong bukid? Saan kaya nanggaling ang mga damo?’"
"Kan nagtalubo na an mga banhi, dangan mamunga na an mga ini, nagturunga man an mga doot.","Sinabi niya sa kanila, ‘Isang kaaway ang gumawa nito.’ At sinabi sa kanya ng mga alipin, ‘Ibig mo bang kami'y pumaroon at tipunin ang mga iyon?’"
"Kaya nagduman sa paraoma an mga sorogoon asin naghapot, ‘Kagurangnan, bakong marahay na banhi an isinabwag mo sa saimong oma? Tadaw ta may mga doot na?’","Ngunit sinabi niya, ‘Huwag; baka sa pagtitipon ninyo ng mga damo ay inyong mabunot pati ang trigo."
‘Kaiwal an kaggibo kaiyan’ an simbag niya. ‘Boot mo na gaboton mi an mga doot?’ an hapot ninda.,"Hayaan ninyong magkasama silang tumubo hanggang sa anihan, at sa panahon ng pag-aani ay sasabihin ko sa mga manggagapas, Tipunin muna ninyo ang mga damo at pagbigkisin ninyo upang sunugin; ngunit tipunin ninyo ang trigo sa aking kamalig.’”"
"Nagsimbag an paraoma, ‘Dai, ta tibaad magabot pati an paroy.","Nagbigay siya sa kanila ng isa pang talinghaga, na sinasabi, “Ang kaharian ng langit ay tulad sa isang butil ng binhi ng mustasa na kinuha ng isang tao, at inihasik sa kanyang bukid."
"Pabayae sanang magtalubong sabay an paroy asin an doot sagkod sa tig-anihan. Pag-ani, ipapagabot kong enot sa mga paraani an mga doot, dangan ipapabugkos ko nganing suloon. Pakatapos, ipapaani ko an paroy, dangan ipapasaray sa harong-harong ko.’”","Iyon ang pinakamaliit sa lahat ng mga binhi, ngunit nang tumubo ay siyang pinakamalaki sa mga halaman at nagiging punungkahoy, anupa't ang mga ibon sa himpapawid ay dumarating at nagpupugad sa kanyang mga sanga."
"Nag-istorya pa si Jesus sainda kan parabolang ini, “An Kahadean nin langit nakakaagid sa sarong tawo na nagtanom nin pisog nin mustasa sa saiyang oma.","Nagsalaysay siya sa kanila ng isa pang talinghaga: “Ang kaharian ng langit ay tulad sa pampaalsa na kinuha ng isang babae, at inihalo sa tatlong takal na harina, hanggang sa ang lahat ay malagyan ng pampaalsa.”"
"Ini an pinakasadit sa gabos na pisog, alagad pagtalubo, iyo an pinakadakula sa gabos na tanom. Ini nagigin sarong kahoy, kaya an mga gamgam minatugdon saka minagibo kan saindang salagan sa mga sanga kaini.”","Ang lahat ng mga bagay na ito'y sinabi ni Jesus sa maraming tao sa pamamagitan ng mga talinghaga, at wala siyang sinabi sa kanila na hindi sa pamamagitan ng talinghaga."
"Nag-istorya pa si Jesus nin saro pang parabola, “An Kahadean nin langit garo lebadurang isinalak nin sarong babae sa tolong litro nin arina sagkod na nag-usbog an bilog na minasa.”","Ito ay upang matupad ang sinabi sa pamamagitan ng propeta,"
Ini gabos itinukdo ni Jesus sa mga tawo sa paagi nin mga parabola. Mayo siyang itinaram sainda na dai naggamit nin parabola.,“Bubuksan ko ang aking bibig sa pagsasalita ng mga talinghaga;
"Ginibo niya ini tanganing maotob an sinabi kan propeta,",isasalaysay ko ang mga natatagong bagay mula pa nang itatag ang sanlibutan.”
“Mataram ako sainda sa paagi nin mga parabola;,"Pagkatapos ay iniwan ni Jesus ang napakaraming tao at pumasok sa bahay. Lumapit sa kanya ang kanyang mga alagad, na nagsasabi, “Ipaliwanag mo sa amin ang talinghaga ng mga damo sa bukid.”"
ipapahayag ko sainda an mga bagay na natatago poon na lalangon an kinaban.”,"Sumagot siya at sinabi, “Ang naghahasik ng mabuting binhi ay ang Anak ng Tao."
"Dangan binayaan ni Jesus an mga tawo asin naglaog sa harong. Nagrani saiya an mga disipulo asin nagsabi, “Paliwanagan man samo an kahulogan kan parabola kan mga doot sa oma.”","Ang bukid ay ang sanlibutan. Ang mabuting binhi naman ay ang mga anak ng kaharian, subalit ang mga damo ay ang mga anak ng masama."
"Nagsabi si Jesus, “An nagsabwag kan marahay na banhi iyo an Aki nin Tawo;",Ang kaaway na naghasik ng mga ito ay ang diyablo. Ang anihan ay ang katapusan ng sanlibutan; at ang mga manggagapas ay ang mga anghel.
an oma iyo an kinaban. An marahay na banhi iyo an mga tawong kaayon sa Kahadean; an mga doot iyo an mga tawong kaayon kan Maraot.,"Kaya't kung paanong tinitipon ang mga damo upang sunugin sa apoy, gayundin ang mangyayari sa katapusan ng sanlibutan."
"An kaiwal na nagsabwag kan doot iyo an Diablo. An tig-anihan iyo an kataposan kan panahon, dangan an mga paraani iyo an mga anghel.","Susuguin ng Anak ng Tao ang kanyang mga anghel, at titipunin nila sa labas ng kanyang kaharian ang lahat ng mga sanhi ng pagkakasala at ang mga gumagawa ng kasamaan;"
"Siring na tinitipon saka sinusulo an mga doot, siring man an mangyayari sa kataposan kan panahon:",at itatapon nila ang mga ito sa pugon ng apoy. Doon ay magkakaroon ng pagtangis at pagngangalit ng mga ngipin.
susugoon kan Aki nin Tawo an saiyang mga anghel nganing tiponon saka paluwason sa saiyang Kahadean an gabos na nagin dahelan nin kasalan asin an gabos na paragibo nin maraot.,Kung magkagayo'y magliliwanag ang mga matuwid na tulad ng araw sa kaharian ng kanilang Ama. Ang mga may pandinig ay makinig!
"Iaapon sinda sa hornong nagkakalayo; magtatangis sinda duman, asin magraragot an saindang mga ngipon.","“Ang kaharian ng langit ay tulad sa nakatagong kayamanan sa isang bukid; na natagpuan ng isang tao, at tinabunan niya ito. Sa kanyang kagalakan ay umalis siya at ipinagbili ang lahat ng kanyang ari-arian at binili ang bukid na iyon."
"Dangan magliliwanag siring sa aldaw an mga matanos sa Kahadean kan saindang Ama. An may talinga, magdangog!","“Gayundin naman, ang kaharian ng langit ay tulad ng isang mangangalakal na naghahanap ng magagandang perlas;"
“An Kahadean nin langit nakakaagid sa kayamanan na natatago sa oma. Nakalot iyan nin sarong tawo alagad tinahoban niya giraray. Dangan sa saiyang kaogmahan ipinabakal an gabos niyang rogaring asin binakal an omang iyan.,at nang makatagpo ng isang mamahaling perlas ay umalis at ipinagbili ang lahat ng kanyang ari-arian at binili iyon.
“An Kahadean nin langit nakakaagid man sa sarong negosyante na naghahanap nin mga marahay na klase nin perlas.,"“Gayundin naman, ang kaharian ng langit ay tulad sa isang lambat na inihagis sa dagat at nakahuli ng iba't ibang uri ng isda."
"Kan makakua siya nin pambihirang klase nin perlas, ipinabakal niya an gabos niyang rogaring asin binakal an perlas.","Nang ito ay mapuno, hinila nila ito sa pampang. Umupo sila at tinipon sa mga sisidlan ang mabubuti, ngunit itinapon ang masasama."
“An Kahadean nin langit kaagid man sa sarong hikot na initsa sa dagat asin nakadakop nin manlaen-laen na klase nin sira.,"Gayon ang mangyayari sa katapusan ng sanlibutan. Lalabas ang mga anghel at kanilang ihihiwalay ang masasama sa matutuwid,"
"Kan pano na an hikot, ginuyod ini kan mga parasira sa baybayon. Linaen ninda an mga marahay na sira asin ibinugtak sa banyera; alagad inapon an dai mapakikinabangan.",at itatapon sila sa pugon ng apoy. Doon ay magkakaroon ng pagtangis at pagngangalit ng mga ngipin.
"Arog kaini an mangyayari sa kataposan kan panahon: maluwas an mga anghel, lalaenon ninda an mga maraot na tawo sa mga matanos,","“Naunawaan ba ninyo ang lahat ng mga bagay na ito?” Sinabi nila sa kanya, “Oo.”"
dangan an mga maraot iaapon sa horno. Magtatangis sinda duman asin magraragot an saindang mga ngipon.”,"At sinabi niya sa kanila, “Kaya't ang bawat eskriba na sinanay para sa kaharian ng langit ay tulad sa isang puno ng sambahayan na naglalabas mula sa kanyang kayamanan ng mga bagay na bago at luma.”"
"Hinapot ni Jesus an saiyang mga disipulo, “Nasasabotan nindo an mga bagay na ini?”","Nang matapos na ni Jesus ang mga talinghagang ito, iniwan niya ang pook na iyon."
"“Opo,” an simbag ninda.","Dumating siya sa sarili niyang bayan at kanyang tinuruan sila sa kanilang sinagoga, anupa't sila'y namangha, at nagsabi, “Saan kumuha ang taong ito ng ganitong karunungan at ng ganitong mga gawang makapangyarihan?”"
"Kaya tinaraman niya sinda, “An kahulogan kaini iyo na an lambang paratukdo kan Katogonan na nakanood dapit sa Kahadean nin langit nakakaagid sa sarong kagharong na nagluwas nin bago asin daan na mga bagay hale sa saiyang sarayan.”","Hindi ba ito ang anak ng karpintero? Hindi ba ang kanyang ina ay tinatawag na Maria? At ang kanyang mga kapatid ay sina Santiago, Jose, Simon, at Judas?"
"Pakaosipon ni Jesus kan mga parabolang ini, naghale siya sa lugar na idto",Hindi ba't kasama natin ang lahat ng kanyang mga kapatid na babae? Saan kinuha ng taong ito ang lahat ng mga bagay na ito?”
"asin nagpuli sa sadiri niyang banwaan. Nagtukdo siya sa sinagoga; nagngalas an gabos na nakadangog saiya. Naghinarapot-hapotan sinda, “Saen nakakua nin siring na kadonongan an tawong ini? Ano ta nakakagibo siya nin mga milagro?","At natisod sila sa kanya. Ngunit sinabi sa kanila ni Jesus, “Ang isang propeta ay di nawawalan ng karangalan, maliban sa kanyang sariling bayan at sambahayan.”"
"Kan panahon na iyan, nabaretaan ni Herodes, na kagsakop kan Galilea, an kabantogan ni Jesus.",Nang panahong iyon ay narinig ng tetrarkang si Herodes ang balita tungkol kay Jesus.
"Sinabihan niya an mga opisyal, “Siya si Juan Bautista; nabuhay siya liwat kaya igwa nin kapangyarihan sa paggibo nin mga milagro.”","At sinabi niya sa kanyang mga lingkod, “Ito ay si Juan na Tagapagbautismo na muling binuhay sa mga patay; kaya't nagagawa niya ang mga kababalaghang ito.”"
"Si Herodes an nagpadakop, nagpakadena saka nagpabilanggo ki Juan. An dahelan iyo si Herodias, na agom kan tugang niyang si Felipe.","Sapagkat dinakip ni Herodes si Juan, iginapos niya ito at inilagay sa bilangguan dahil kay Herodias, na asawa ng kanyang kapatid na si Felipe."
"Sinabihan kaya ni Juan si Herodes, “Sala na agomon mo si Herodias!”","Sapagkat sinabi ni Juan sa kanya, “Hindi ipinahihintulot sa iyo na angkinin mo siya.”"
"Boot ipagadan ni Herodes si Juan, alagad natakot siya sa mga tawo huli ta minidbid ninda si Juan na sarong propeta.","Bagama't ibig niyang ipapatay si Juan, natakot siya sa mga tao sapagkat kanilang itinuturing si Juan na isang propeta."
"Kan kumpleanyo ni Herodes, nagsayaw sa atubang nin gabos an aking daraga ni Herodias. Naogma si Herodes,","Ngunit nang dumating ang pagdiriwang ng kaarawan ni Herodes, sumayaw sa gitna nila ang anak na babae ni Herodias, at ito ay ikinatuwa ni Herodes."
kaya nagsumpa siya na itatao sa daraga an anoman na hagadon kaini saiya!,Kaya't siya'y nangako na may sumpa na kanyang ibibigay ang anumang hilingin nito.
"Sa pasunod kan saiyang ina, nagsabi an daraga, “Itao mo sako ngunyan tolos sa sarong bandehado an payo ni Juan Bautista!”","Sa udyok ng kanyang ina ay sinabi niya, “Ibigay mo sa akin dito sa isang pinggan ang ulo ni Juan na Tagapagbautismo!”"
"Namondo an hade, alagad huli kan saiyang sumpa sa atubang kan gabos niyang bisita, nagboot siyang itao an hagad kan daraga.","Nalungkot ang hari, ngunit dahil sa kanyang mga sumpa at sa mga panauhin, ipinag-utos niyang ibigay iyon."
Kaya pinapugotan niya si Juan sa laog kan bilanggoan.,Nagsugo siya at pinapugutan niya ng ulo si Juan sa bilangguan.
"Dinara an payo na nasa bandehado, itinao sa daraga, asin itinao man kaini sa saiyang ina.","Dinala na nasa isang pinggan ang kanyang ulo at ibinigay sa dalaga, at dinala naman nito sa kanyang ina."
"Nag-abot an mga disipulo ni Juan, kinua an bangkay saka ilinubong. Dangan naghale sinda asin ibinareta ini ki Jesus.","Dumating ang mga alagad ni Juan, kinuha ang bangkay at inilibing ito. Pagkatapos, sila'y umalis at ibinalita kay Jesus."
"Kan maaraman ni Jesus an nangyari ki Juan, naglunad siya sa sarong sakayan pasiring sa sarong lugar na siblag sa mga tawo. Alagad kan maaraman ini kan mga tawo, nagralakaw sinda hale sa mga banwaan asin sinundan ninda si Jesus.","Nang marinig ito ni Jesus, umalis siya roon na sakay ng isang bangka tungo sa isang ilang na lugar na wala siyang kasama. Nang mabalitaan ito ng maraming tao, naglakad silang sumunod sa kanya mula sa mga bayan."
"Paglusad ni Jesus sa sakayan, nahiling niya an kadakul na tawo; naherak siya sainda asin binolong niya an mga naghehelang sa kaibahan ninda.","Pagdating niya sa pampang, nakita niya ang napakaraming tao. Nahabag siya sa kanila at pinagaling niya ang mga maysakit sa kanila."
"Kan banggi na, nagdolok saiya an mga disipulo dangan nagsabi, “Banggi na, asin harayo an lugar na ini. Subolan na an mga tawo tanganing magbakal nin makakakan ninda.”","Nang nagtatakipsilim na, lumapit sa kanya ang mga alagad niya, na nagsasabi, “Ilang na lugar ito, at lumipas na ang maghapon. Papuntahin mo na ang mga tao sa mga nayon upang makabili sila ng kanilang makakain.”"
"Nagsabi si Jesus, “Dai na kaipuhan na maghale pa sinda; tawan nindo sinda nin makakakan.”","Ngunit sinabi ni Jesus sa kanila, “Hindi na kailangang umalis pa sila; bigyan ninyo sila ng makakain.”"
"Alagad nagsabi sinda, “Igwa sana kita nin limang tinapay saka duwang sira.”","At sinabi nila sa kanya, “Mayroon lamang tayong limang tinapay at dalawang isda.”"
"“Daraha nindo sako,” an sabi ni Jesus.","Sinabi niya, “Dalhin ninyo rito sa akin.”"
"Pinagbotan niyang magturukaw an mga tawo sa doot. Dangan kinua niya an limang tinapay saka an duwang sira, nagtingkalag siya sa langit asin nagpasalamat. Binaraak niya an mga tinapay saka itinao sa mga disipulo; dangan itinao man kan mga disipulo sa mga tawo.","Ipinag-utos niya sa maraming tao na umupo sa damuhan. Pagkakuha niya sa limang tinapay at dalawang isda, tumingala siya sa langit, binasbasan niya ang mga ito, pinagputul-putol at ibinigay ang mga tinapay sa mga alagad, at ibinigay naman ng mga alagad sa maraming tao."
"Nagkarakan an gabos asin nagkabarasog. Pakatapos, tiniripon kan mga disipulo an mga natada, asin doseng basket pa an napano.","Kumain silang lahat at nabusog. Kinuha nila ang mga lumabis na pinagputul-putol na tinapay, at napuno ang labindalawang kaing."
"May limang ribong lalaki an nagkakan, dai kabilang an mga babae asin an mga aki.","At ang mga kumain ay may limang libong lalaki, bukod pa sa mga babae at sa mga bata."
Pinasakay ni Jesus an mga disipulo saka pinaenot sa ibong kan danaw mantang pinapahale niya an mga tawo.,"Pagkatapos ay pinasakay niya kaagad ang kanyang mga alagad sa bangka at pinauna niya sa kabilang ibayo, habang pinapauwi niya ang maraming tao."
"Pakapahalea niya kan mga tawo, nagtukad siya sa sarong bulod tanganing mamibi. Kan magbanggi na, solo siya duman;","Pagkatapos niyang pauwiin ang maraming tao ay umakyat siyang mag-isa sa bundok upang manalangin. Pagsapit ng gabi, siya'y naroong nag-iisa."
"asin kan oras na iyan an sakayan kan mga disipulo nasa tahaw na kan danaw, hinahampas kan alon huli ta sabat sa doros.","Ngunit ang bangka ng mga sandaling iyon ay malayong-malayo na sa dalampasigan na hinahampas ng mga alon, sapagkat pasalungat sa kanila ang hangin."
"Kan maaga na, si Jesus nag-abot sainda, naglalakaw sa ibabaw kan tubig.",Nang madaling-araw na ay lumapit siya sa kanila na lumalakad sa ibabaw ng dagat.
"An mga disipulo, kan mahiling siya na naglalakaw sa ibabaw kan tubig, nagkururahaw sa takot, “May kalag!”","At nang makita ng mga alagad na siya ay lumalakad sa ibabaw ng dagat, nasindak sila, na nagsasabi, ‘Multo!’ Nagsigawan sila sa takot."
"Alagad nagtaram tolos si Jesus sainda, “Ako ini! Dai kamo matakot! Pakosoga an saindong boot!”","Ngunit nagsalita kaagad sa kanila si Jesus, na nagsasabi, “Lakasan ninyo ang inyong loob; ako ito. Huwag kayong matakot.”"
"Dangan nagtaram si Pedro, “Kagurangnan, kun ika man nanggad iyan, padolokon mo ako saimo sa ibabaw kan tubig.”","Sumagot sa kanya si Pedro at nagsabi, “Panginoon, kung ikaw iyan, ipag-utos mo sa akin na lumapit sa iyo sa ibabaw ng tubig.”"
“Madya!” an simbag ni Jesus. Kaya naglusad si Pedro sa sakayan saka naglakaw sa ibabaw kan tubig pasiring ki Jesus.,"Sinabi niya, “Halika.” Kaya't bumaba si Pedro sa bangka at lumakad sa ibabaw ng tubig patungo kay Jesus."
"Alagad kan mamangnohan niya an makosog na doros, natakot siya kaya nagpoon siyang mag-irarom sa tubig. Nagkurahaw siya, “Kagurangnan, ligtasan ako!”","Ngunit nang mapansin niya ang hangin, natakot siya, at nang siya'y papalubog na ay sumigaw siya, “Panginoon, iligtas mo ako!”"
"Ginawgaw tolos ni Jesus an saiyang kamot, pinugol siya saka sinabihan, “Maluya an saimong pagtubod! Tadaw ta nagduwa-duwa ka?”","Inabot kaagad ni Jesus ang kamay niya at hinawakan siya, na sinasabi sa kanya, “O ikaw na maliit ang pananampalataya, bakit ka nag-alinlangan?”"
"Pakalunad nindang duwa sa sakayan, naglinaw an panahon.","Nang makasakay na sila sa bangka, ay huminto na ang hangin."
"Nagsamba ki Jesus an mga disipulo na nasa sakayan asin nagsabi, “Ika mananggad an Aki nin Dios!”","Sinamba siya ng mga nasa bangka, na nagsasabi, “Tunay na ikaw ang Anak ng Diyos.”"
"Pakabalyo ninda sa danaw, nagdoong sinda sa Genesaret.","Nang makatawid na sila, dumating sila sa lupain ng Genesaret."
"Namidbid si Jesus kan mga tawo duman, kaya kinua ninda an mga naghehelang sa mga kataraed na lugar asin dinara ki Jesus.",Nang makilala siya ng mga tao sa pook na iyon ay nagpakalat sila ng balita sa buong lupain at dinala sa kanya ang lahat ng mga maysakit.
Nakimaherak sinda saiya na tugotan an mga naghehelang na makaduta lamang maski sa gayad kan saiyang gubing; asin an gabos na nakaduta narahay.,Nakiusap sila sa kanya na mahipo man lamang nila ang laylayan ng kanyang damit; at ang lahat ng humipo nito ay gumaling.
"May mga Fariseo asin mga paratukdo kan Katogonan hale sa Jerusalem na nagduman ki Jesus. Hinapot ninda siya,","Pagkatapos ay lumapit kay Jesus ang mga Fariseo at ang mga eskriba na nanggaling sa Jerusalem, at sinabi nila,"
“Tadaw ta linalapas kan mga disipulo mo an katukdoan na hale pa sa satong mga ginikanan? Dai sinda naghahanaw nin kamot bago magkakan!”,“Bakit lumalabag ang iyong mga alagad sa tradisyon ng matatanda? Hindi sila naghuhugas ng kanilang mga kamay bago sila kumain ng tinapay.”
"Nagsimbag si Jesus, “Tadaw ta linalapas man nindo an togon nin Dios masunod sana an sadiri nindong katukdoan?","Sumagot siya sa kanila at sinabi, “Bakit lumalabag naman kayo sa utos ng Diyos dahil sa inyong tradisyon?"
"Huli ta nagboot an Dios, ‘Galangan mo an saimong ama asin ina,’ saka ‘An magtaram nin maraot tumang sa saiyang ama o ina dapat gadanon.’","Sapagkat sinabi ng Diyos, ‘Igalang mo ang iyong ama at ang iyong ina;’ at ‘Ang magsalita ng masama sa ama o sa ina, ay dapat mamatay.’"
"Alagad itinutukdo nindo na kun an sarong tawo igwang ikakatao sa saiyang ama o ina magsabi, ‘An bagay na ini para sa Dios,’","Ngunit sinasabi ninyo na sinumang magsabi sa kanyang ama o sa kanyang ina, ‘Anumang pakikinabangin mo mula sa akin ay ipinagkaloob ko na sa Diyos.’ Ang taong iyon ay hindi na kailangang gumalang pa sa kanyang ama."
nahahale na saiya an katongdan na galangan an saiyang ama asin ina. Sa paaging iyan dai nindo tinatawan nin halaga an togon nin Dios tanganing masunod sana an sadiri nindong katukdoan.,"Kaya, pinawalang-saysay ninyo ang salita ng Diyos dahil sa inyong tradisyon."
Mga parasagin-sagin! Tama nanggad si Isaias kan siya magpropesiya dapit saindo:,"Kayong mga mapagkunwari, tama ang ipinahayag ni Isaias tungkol sa inyo nang sabihin niya,"
"‘Inoomaw ako kan mga tawong ini kan saindang ngoso,","‘Iginagalang ako ng bayang ito sa kanilang mga labi,"
alagad harayo sako an saindang mga puso.,ngunit ang kanilang puso ay malayo sa akin.
"An pagsamba ninda sako mayo nin halaga,","At walang kabuluhan ang pagsamba nila sa akin,"
"huli ta an itinutukdo ninda bilang doktrina, mga pagboot nin tawo sana!’”",na itinuturo nila bilang mga aral ang mga alituntunin ng mga tao.’”
"Dangan pinarani ni Jesus saiya an mga tawo asin sinabihan, “Dangoga asin sabota nindo:","Pinalapit ni Jesus sa kanya ang mga tao at sinabi sa kanila, “Pakinggan ninyo ito at unawain."
bakong an minalaog sa ngoso nin tawo an nakakapaati saiya kundi an minaluwas diyan.”,"Hindi ang pumapasok sa bibig ang nagpaparumi sa tao, kundi ang lumalabas sa bibig ang nagpaparumi.”"
"Nagdolok ki Jesus an saiyang mga disipulo asin nagsabi, “Dai mo aram na nakulogan an boot kan mga Fariseo kan saimong itinaram?”","Pagkatapos ay dumating ang mga alagad at sinabi sa kanya, “Alam mo bang nasaktan ang mga Fariseo nang marinig nila ang pananalitang ito?”"
"Nagsimbag si Jesus, “An arin man na tanom na dai itinanom nin sakong Ama sa langit, gagaboton.","Ngunit sumagot siya at sinabi, “Ang bawat halamang hindi itinanim ng aking Ama na nasa langit ay bubunutin."
"Pabayae sana nindo sinda; mga buta sindang giya. Kun an sarong buta magkabit nin kapwa buta, pareho sindang mahuhulog sa kalot.”","Hayaan ninyo sila; sila'y mga bulag na taga-akay. At kung ang bulag ay umakay sa bulag, kapwa sila mahuhulog sa hukay.”"
"Nagsabi si Pedro ki Jesus, “Paliwanagan man samo an parabolang ini.”","Sumagot naman si Pedro at sinabi sa kanya, “Ipaliwanag mo sa amin ang talinghaga.”"
"Nagsabi si Jesus sainda, “Dai pa nanggad kamo nakakasabot?","At sinabi niya, “Pati ba naman kayo'y wala pa ring pang-unawa?"
Dai nindo aram na an anoman na minalaog sa ngoso nin tawo minadagos sa tulak asin minaluwas?,"Hindi pa ba ninyo nalalaman na ang anumang pumapasok sa bibig ay tumutuloy sa tiyan, at inilalabas sa daanan ng dumi?"
"Alagad an mga bagay na minaluwas sa ngoso, minahale sa puso; iyan an nakakapaati sa sarong tawo.",Ngunit ang mga bagay na lumalabas sa bibig ay nagmumula sa puso at siyang nagpaparumi sa tao.
"Huli ta sa puso minagikan an mga maraot na kaisipan, an panggadan, panambay, an paggibo nin mga bagay na imoral, panghabon, pagputik asin pagpakaraot sa iba.","Sapagkat nagmumula sa puso ang masasamang pag-iisip, pagpatay, pangangalunya, pakikiapid, pagnanakaw, pagsaksi sa kasinungalingan, at paglapastangan."
Ini an mga nakakapaati sa tawo; alagad an dai paghanaw kan kamot bago magkakan dai nakakapaati sa tawo.”,Ito ang mga bagay na nagpaparumi sa tao; ngunit ang kumain nang hindi naghuhugas ng mga kamay ay hindi nagpaparumi sa tao.”
Naghale si Jesus sa lugar na idto asin nagduman sa distrito nin Tiro saka Sidon.,Umalis doon si Jesus at pumunta sa nasasakupan ng Tiro at Sidon.
"Sarong babaeng taga Canaan na nag-eerok sa lugar na idto nagdolok ki Jesus. Nagkurahaw siya, “Kagurangnan, Aki ni David! Kaheraki ako! May demonyo an aki kong babae asin masakit an kamugtakan.”","May isang babaing Cananea na mula sa lupaing iyon ang lumabas at nagsimulang sumigaw, “Mahabag ka sa akin, O Panginoon, Anak ni David; ang anak kong babae ay pinahihirapan ng isang demonyo.”"
"Alagad dai naggirong si Jesus. Pinakiolayan siya kan saiyang mga disipulo, “Pahalea na siya huli ta nagpaparasunod siya sato asin nagpapararibok!”","Ngunit hindi siya sumagot sa kanya kahit isang salita. Lumapit ang kanyang mga alagad at nakiusap sa kanya, na nagsasabi, “Paalisin mo siya, sapagkat nagsisisigaw siya at sumusunod sa hulihan natin.”"
"Nagsimbag si Jesus, “Sinugo ako para sana sa mga karnerong nalalagalag kan banwaan nin Israel.”","Ngunit sumagot siya at sinabi, “Ako'y hindi sinugo maliban sa mga nawawalang tupa ng sambahayan ni Israel.”"
"Alagad nagluhod an babae sa atubang ni Jesus asin nagsabi, “Kagurangnan, tabangi man ako!”","Ngunit lumapit siya at lumuhod sa kanya, na nagsasabi, “Panginoon, tulungan mo ako.”"
"Nagsimbag si Jesus, “Bakong tama na ibahog sa mga ayam an kakanon kan mga aki.”","Siya'y sumagot at sinabi, “Hindi mabuti na kunin ang tinapay ng mga anak at itapon ito sa mga aso.”"
"Nagsimbag an babae, “Totoo iyan, alagad maski an mga ayam nagkakakan kan mga rakdag hale sa lamesa kan saindang kagsadiri.”","Ngunit sinabi niya, “Oo, Panginoon. Subalit maging ang mga aso ay kumakain ng mga mumo na nalalaglag mula sa hapag ng kanilang mga panginoon.”"
"Kaya sinabihan siya ni Jesus, “Babae, dakula an saimong pagtubod! Mangyari saimo siring sa kamawotan mo.” Kan oras man sanang iyan naomayan an aki niya.","Nang magkagayo'y sumagot si Jesus at sinabi sa kanya, “O babae, napakalaki ng iyong pananampalataya! Mangyayari sa iyo ang sinasabi mo.” At gumaling ang kanyang anak sa oras ding iyon."
"Paghale ni Jesus sa lugar na idto, nag-agi siya sa gilid kan Danaw nin Galilea. Nagtukad siya sa bulod dangan nagtukaw duman.",Umalis si Jesus doon at dumaan sa baybayin ng Dagat ng Galilea. Umakyat siya sa bundok at naupo roon.
"Nagdorolok saiya an dakul na tawo na may darang mga lupog, buta, pilay, pola, asin iba pang mga naghehelang. Ibinugtak ninda an mga ini sa pamitisan ni Jesus; binolong niya sinda gabos.","Lumapit sa kanya ang napakaraming tao na dala ang mga pilay, mga lumpo, mga bulag, mga pipi, at marami pang iba. Inilagay nila ang mga ito sa kanyang paanan at sila'y pinagaling niya."
"Nagngalas an mga tawo kan mahiling nindang nagtataram na an pola, naomayan na an lupog, naglalakaw na an pilay saka nakakahiling na an buta; kaya inomaw ninda an Dios nin Israel.","Kaya't namangha ang maraming tao nang makita nilang nagsasalita ang mga pipi, gumaling ang mga lumpo, lumalakad ang mga pilay, at nakakita ang mga bulag, at niluwalhati nila ang Diyos ng Israel."
"Dangan pinarani ni Jesus saiya an mga disipulo asin sinabihan, “Naheherak ako sa mga tawong ini huli ta tolong aldaw na sindang kaiba ko asin mayo na sindang makakakan. Habo ko sindang papulion na gutom, ta tibaad panluyahon sinda sa dalan.”","Pagkatapos ay tinawag ni Jesus ang kanyang mga alagad, at sinabi, “Nahahabag ako sa napakaraming taong ito, sapagkat tatlong araw na silang sumasama sa akin at wala silang makain; at hindi ko nais na paalisin silang gutom, baka himatayin sila sa daan.”"
"Sinabihan siya kan mga disipulo, “Saen man kita makua nin kakanon sa desyertong ini tanganing pakakanon sinda?”","At sinabi sa kanya ng mga alagad, “Saan tayo kukuha sa ilang na lugar ng sapat na tinapay upang mapakain ang ganito karaming tao?”"
"Naghapot si Jesus, “Pira an tinapay nindo?”","Sinabi ni Jesus sa kanila, “Ilang tinapay mayroon kayo?” Sinabi nila, “Pito, at ilang maliliit na isda.”"
"“Pitong tinapay asin nagkapirang saradit na sira sana,” an simbag ninda.",Iniutos niya sa mga tao na umupo sa lupa.
Pinatukaw ni Jesus sa daga an mga tawo.,"Kinuha niya ang pitong tinapay at ang mga isda; nang siya'y makapagpasalamat, pinagputul-putol niya ito at ibinigay sa mga alagad, at ibinigay naman ng mga alagad sa mga tao."
"Dangan kinua niya an pitong tinapay asin an sira, nagpasalamat, binaraak niya idto, itinao sa mga disipulo asin itinao man kan mga ini sa mga tawo.",Kumain silang lahat at nabusog. Kinuha nila ang natira sa mga pinagputul-putol at napuno pa ang pitong kaing.
"Nagkarakan an gabos asin nagkabarasog. Tinipon kan mga disipulo an mga natada, asin pitong basket pa an napano.","Ang mga kumain ay apat na libong lalaki, bukod pa sa mga babae at sa mga bata."
"Apat na ribong lalaki an nagkakan, dai kabilang an mga babae asin an mga aki.",Pinaalis na niya ang maraming mga tao. Sumakay siya sa isang bangka at nagtungo sa nasasakupan ng Magdala.
Nagkapirang mga Fariseo asin mga Saduceo an nagduman ki Jesus. Boot nindang masudyaan si Jesus kaya hinagadan siya ninda nin sarong tanda hale sa langit.,"Dumating ang mga Fariseo at ang mga Saduceo, at upang subukin siya, hiniling nila sa kanya na magpakita sa kanila ng isang tanda mula sa langit."
"Sinabihan sinda ni Jesus, “Pagsolnop kan aldaw minasabi kamong, ‘Magkakaigwa nin marahay na panahon, huli ta mapula an kalangitan.’","Ngunit sumagot siya at sinabi sa kanila, “[Sa dapit-hapon ay sinasabi ninyo, ‘Magiging maganda ang panahon, sapagkat mapula ang langit.’"
"Pagkaaga minasabi kamo, ‘Mauran ngunyan huli ta madampog.’ Nauukodan nindo kun mauran o mainit sa paghiling sana sa langit, alagad dai kamo tataong magsabot kan kahulogan kan mga tanda kan panahon!","At sa umaga, ‘Magiging maunos ngayon, sapagkat mapula ang langit at nagbabanta.’ Marunong kayong kumilala ng anyo ng langit; ngunit hindi ninyo makilala ang mga tanda ng mga panahon.]"
"An maraot asin daing-Dios na henerasyon naghahagad nin tanda, alagad mayong tanda na itatao sainda kundi an tanda ni Jonas.”","Ang isang lahing masama at mapangalunya ay humahanap ng tanda, ngunit hindi ito bibigyan ng tanda, maliban sa tanda ni Jonas.” Kanyang iniwan sila at siya ay umalis."
Dangan binayaan niya sinda.,"Nang makarating ang mga alagad sa kabilang ibayo, nakalimutan nilang magdala ng tinapay."
"Kan magbalyo sa ibong kan danaw an mga disipulo, nakalingaw sindang magdara nin tinapay.","Sinabi ni Jesus sa kanila, “Mag-ingat kayo at iwasan ninyo ang lebadura ng mga Fariseo at ng mga Saduceo.”"
"Sinabihan sinda ni Jesus, “Maglikay kamo sa lebadura kan mga Fariseo asin mga Saduceo.”","Nag-usap sila sa isa't isa na nagsasabi, “Hindi kasi tayo nagdala ng tinapay.”"
"Nag-orolay-olay sinda, “Nagtaram siya kaini huli ta mayo kitang darang tinapay.”","Ngunit alam ito ni Jesus kaya't sinabi niya, “O kayong maliliit ang pananampalataya, bakit kayo'y nagtatalo na wala kayong tinapay?"
"Aram ni Jesus kun ano an pinag-oolayan ninda, kaya naghapot siya, “Tadaw ta pinag-oolayan nindo na nakalingaw kamong magdara nin tinapay? Maluya an saindong pagtubod!",Hindi pa ba ninyo nauunawaan o natatandaan ang limang tinapay para sa limang libo at kung ilang kaing ang inyong natipon?
Dai pa giraray kamo nakakasabot? Dai nindo nagigiromdoman an limang tinapay na ipinakakan ko sa limang ribo katawo? Pirang basket na tada an natipon nindo?,O iyong pitong tinapay para sa apat na libo at kung ilang kaing ang inyong natipon?
Dai nindo nagigiromdoman an pitong tinapay na ipinakakan ko sa apat na ribo katawo? Pirang basket na tada an natipon nindo?,Paanong hindi ninyo naunawaan na ang sinabi ko ay hindi tungkol sa tinapay? Ngunit mag-ingat kayo sa lebadura ng mga Fariseo at mga Saduceo!”
Tadaw ta dai nindo nasasabotan na bakong tinapay an boot kong sabihon? Maglikay kamo sa lebadura kan mga Fariseo asin mga Saduceo.”,Kaya't naunawaan nila na ang sinabi ni Jesus ay hindi sa pampaalsa ng tinapay mag-ingat kundi sa mga aral ng mga Fariseo at Saduceo.
Dangan pa sana nasabotan kan mga disipulo na bakong lebadura nin tinapay an boot sabihon ni Jesus kundi an katukdoan kan mga Fariseo asin mga Saduceo.,"Nang dumating si Jesus sa nasasakupan ng Cesarea Filipos, tinanong niya ang kanyang mga alagad, na sinasabi, “Ano ba ang sinasabi ng mga tao kung sino ang Anak ng Tao?”"
"Nagduman si Jesus sa distrito nin Cesarea Filipos, saen hinapot niya an saiyang mga disipulo, “Ano an sabi kan mga tawo, siisay daa an Aki nin Tawo?”","At sinabi nila, “Ang sabi ng iba ay si Juan na Tagapagbautismo, ang iba ay si Elias; at ang iba ay si Jeremias, o isa sa mga propeta.”"
"Nagsimbag sinda, “An sabi kan iba si Juan Bautista. An iba nagsasabi na si Elias, an iba naman nagsasabi na si Jeremias o saro kan mga propeta.”","Sinabi niya sa kanila, “Ngunit ano ang sinasabi ninyo kung sino ako?”"
"Hinapot sinda ni Jesus, “Para saindo, siisay ako?”","Sumagot si Simon Pedro at sinabi, “Ikaw ang Cristo, ang Anak ng Diyos na buháy.”"
"Nagsimbag si Simon Pedro, “Ika an Cristo, an Aki nin Dios na buhay.”","Sumagot si Jesus at sinabi sa kanya, “Mapalad ka, Simon na anak ni Jonas! Sapagkat hindi laman at dugo ang nagpahayag nito sa iyo kundi ang aking Ama na nasa langit."
"“Paladan ka, Simon, aki ni Juan! Huli ta bakong tawo an nagpasabot saimo kan katotoohan na ini kundi an sakong Ama sa langit,” an sabi ni Jesus.","At sinasabi ko naman sa iyo, na ikaw ay Pedro, at sa ibabaw ng batong ito ay itatayo ko ang aking iglesya; at ang mga pintuan ng Hades ay hindi magwawagi laban sa kanya."
"“Kaya sinasabihan taka: Ika si Pedro, saro kang gapo asin sa ibabaw kan gapong ini papatindogon ko an sakong simbahan; dawa an kapangyarihan nin kagadanan dai nanggad makakadaog kaiyan.","Ibibigay ko sa iyo ang mga susi ng kaharian ng langit, at anumang iyong talian sa lupa ay tatalian sa langit; at anumang iyong kalagan sa lupa ay kakalagan sa langit.”"
"Itatao ko saimo an mga lyabe kan Kahadean nin langit; an anoman na ipangalad mo sa daga, ipapangalad man sa langit; an anoman na itugot mo sa daga, itutugot man sa langit.”",Pagkatapos ay mahigpit niyang ipinagbilin sa mga alagad na huwag sasabihin kaninuman na siya ang Cristo.
Dangan pinagbotan ni Jesus an mga disipulo na dai nanggad ipanabi sa kiisay man na siya an Cristo.,"Mula ng panahong iyon ay pinasimulan ni Jesus na ipaliwanag sa kanyang mga alagad na kailangang pumunta siya sa Jerusalem at magtiis ng maraming bagay sa kamay ng matatanda, ng mga punong pari at mga eskriba. Siya'y papatayin at muling bubuhayin sa ikatlong araw."
"Poon kaidto nagpoon nang paliwanagan ni Jesus an mga disipulo na kaipuhan magduman siya sa Jerusalem dangan mag-agi nin makuring pagsakit sa kamot kan mga kamagurangan, kan mga poon na padi, asin kan mga paratukdo kan Katogonan. Sinabihan niya sinda na gagadanon siya alagad sa ikatolong aldaw mabubuhay siya liwat.","At inilayo siya ni Pedro at sinimulang pigilan siya, na sinasabi, “Huwag nawang itulot ng Diyos, Panginoon! Hindi kailanman mangyayari ito sa iyo.”"
"Isiniblag siya ni Pedro saka tinuyaw, “Kagurangnan, dai man logod iyan itugot nin Dios! Dai iyan mangyayari saimo!”","Ngunit lumingon siya at sinabi kay Pedro, “Layuan mo ako, Satanas! Ikaw ay isang katitisuran sa akin; sapagkat hindi mo iniisip ang mga bagay ng Diyos, kundi ang mga bagay ng tao.”"
"Inatubang niya si Pedro asin sinabihan, “Rumayo ka sako, Satanas! Nakakaolang ka sa ginigibo ko, huli ta an iniisip mo bakong sa Dios, kundi sa tawo.”","Pagkatapos ay sinabi ni Jesus sa kanyang mga alagad, “Kung ang sinuman ay ibig sumunod sa akin, tanggihan niya ang kanyang sarili, at pasanin ang kanyang krus, at sumunod sa akin."
"Dangan sinabihan ni Jesus an saiyang mga disipulo, “An siisay man na boot sumunod sako, kaipuhan lingawan niya an sadiri niyang buhay, magpasan kan saiyang krus asin magsunod sako.",Sapagkat ang sinumang nagnanais magligtas ng kanyang buhay ay mawawalan nito; ngunit ang sinumang mawalan ng kanyang buhay dahil sa akin ay makakatagpo nito.
"Huli ta an siisay man na namomoot na magligtas kan saiyang buhay, mawawaraan kaiyan; alagad an siisay man na mawaran kan saiyang buhay huli sako, magkakamit kaiyan.","Sapagkat ano ang mapapakinabang ng tao, kung makamtan niya ang buong sanlibutan ngunit mawawala naman ang kanyang buhay? O ano ang ibibigay ng tao na katumbas ng kanyang buhay?"
"Huli ta anong pakinabang nin sarong tawo, makamtan man niya an bilog na kinaban kun mawara an saiyang buhay? O ano an ikakatubos kan tawo tanganing makamtan niya giraray iyan?",Sapagkat darating ang Anak ng Tao na kasama ang kanyang mga anghel sa kaluwalhatian ng kanyang Ama; at kanyang gagantihan ang bawat tao ayon sa kanyang mga gawa.
"Huli ta maabot an Aki nin Tawo sa kamurawayan nin saiyang Ama kaiba an mga anghel, asin babalosan niya an lambang saro sosog sa saiyang mga naginibo.","Katotohanang sinasabi ko sa inyo, may ilan sa nakatayo rito, na hindi makakatikim ng kamatayan, hanggang makita nila ang Anak ng Tao na dumarating sa kanyang kaharian.”"
"Pakalihis nin anom na aldaw, ipinag-iba ni Jesus si Pedro saka an magtugang na Santiago asin Juan sa sarong halangkaw na bukid.","Pagkaraan ng anim na araw, isinama ni Jesus sina Pedro, Santiago at si Juan na kanyang kapatid, at sila'y dinalang bukod sa isang mataas na bundok."
"Kan idtoon na sinda, nahiling nindang naliwat si Jesus; nagliwanag siring sa aldaw an lalawogon niya, asin nagkintab sa kaputian an saiyang gubing.","Nagbagong-anyo siya sa harap nila at nagliwanag ang kanyang mukha na tulad ng araw, at pumuti ang kanyang mga damit na tulad sa ilaw."
Dangan nahiling ninda si Moises saka si Elias na nakikipag-olay ki Jesus.,At nagpakita sa kanila sina Moises at Elias na nakikipag-usap sa kanya.
"Kaya nagsabi si Pedro ki Jesus, “Kagurangnan, marahay na uya kita digdi. Kun boot mo, magibo ako nin tolong payag-payag digdi, saro saimo, saro ki Moises asin saro ki Elias.”","Sinabi ni Pedro kay Jesus, “Panginoon, mabuti na tayo ay naririto. Kung ibig mo, ay gagawa ako rito ng tatlong tolda, isa sa iyo, isa kay Moises, at isa kay Elias.”"
"Nagtataram pa siya kan lindongan sinda nin maliwanag na panganoron. Dangan sarong tingog hale sa panganoron an nagsabi, “Ini an Aki kong namomotan na ikinakaogma kong gayo—dangoga nindo siya!”","Samantalang nagsasalita pa siya, biglang naliliman sila ng isang maliwanag na ulap, at may isang tinig mula sa ulap na nagsasabi, “Ito ang minamahal kong Anak; sa kanya ako'y lubos na nalulugod. Makinig kayo sa kanya.”"
"Kan madangog ini kan mga disipulo, nagdapa sinda sa takot.","Nang marinig ito ng mga alagad, napasubsob sila at sinidlan ng malaking takot."
"Alagad dinolok sinda ni Jesus, dinutaan saka sinabihan, “Tumindog kamo! Dai kamo matakot!”","Ngunit nilapitan sila ni Jesus at hinawakan na nagsasabi, “Bumangon kayo at huwag kayong matakot.”"
"Pagtingkalag ninda, mayo sindang nahiling kundi si Jesus sana.","Nang tumingin sila sa itaas, wala silang nakitang sinuman, maliban kay Jesus."
"Mantang naglulugsot sinda sa bukid, pinagbotan sinda ni Jesus, “Dai nindo ipang-osip sa kiisay man an nahiling nindo sagkod na an Aki nin Tawo mabuhay liwat.”","Nang pababa na sila sa bundok, iniutos ni Jesus sa kanila na nagsasabi, “Huwag ninyong sasabihin kanino man ang pangitain, hanggang ang Anak ng Tao ay muling buhayin mula sa mga patay.”"
"Dangan hinapot si Jesus kan mga disipulo, “Tadaw ta an mga paratukdo kan Katogonan nagsasabi na si Elias daa an enot na maabot?”","Tinanong siya ng kanyang mga alagad, na nagsasabi, “Bakit kaya sinasabi ng mga eskriba na kailangang dumating muna si Elias?”"
"Nagsimbag si Jesus, “Talagang enot na maabot si Elias tanganing ibalik sa dati an gabos na bagay.","Sumagot siya, at sinabi, “Totoong darating si Elias at ibabalik ang lahat ng mga bagay."
"Alagad sinasabihan ko kamo, nagdigdi na si Elias alagad dai siya ninda namidbidan, kundi saindang pinasakitan. Siring man an Aki nin Tawo saindang papasakitan.”","Ngunit sinasabi ko sa inyo na dumating na si Elias, at siya'y hindi nila kinilala kundi ginawa nila sa kanya ang anumang kanilang naibigan. Gayundin naman ang Anak ng Tao ay malapit nang magdusa sa kanila.”"
Dangan nasabotan kan mga disipulo na manongod ki Juan Bautista an sinasabi ni Jesus.,Naunawaan nga ng mga alagad na si Juan na Tagapagbautismo ang sinasabi niya sa kanila.
"Pagbalik ninda duman sa mga tawo, nagdolok ki Jesus an sarong lalaki, nagluhod sa atubang niya saka nagsabi,","Nang dumating sila sa napakaraming tao, lumapit sa kanya ang isang tao, lumuhod sa harapan niya,"
"“Kagurangnan, kaheraki man an aki ko! May helang siyang epilepsya asin nagtitios nin makuri. Parati siyang natutumba sa kalayo asin nahuhulog sa tubig.","at nagsabi, “Panginoon, mahabag ka sa aking anak na lalaki, sapagkat siya'y may epilepsiya at lubhang nahihirapan; sapagkat madalas siyang bumabagsak sa apoy at sa tubig."
Dinara ko siya sa saimong mga disipulo alagad dai ninda siya narahay.”,"Dinala ko siya sa iyong mga alagad, ngunit siya'y hindi nila mapagaling."
"Nagsimbag si Jesus, “Mga tawong mayo nin pagtubod asin masombikal! Sagkod nuarin ako kaibaiba nindo? Sagkod nuarin ko kamo pagtitioson? Daraha digdi sako an aki!”","Sumagot si Jesus at sinabi, “O lahing walang pananampalataya at napakasama, hanggang kailan ko pa kayo makakasama? Gaano katagal akong magtitiis sa inyo? Dalhin ninyo siya rito.”"
Inanggotan ni Jesus an demonyo asin luminuwas ini; narahay tolos an aki.,Sinaway ni Jesus ang demonyo at lumabas ito sa bata. Gumaling ang bata nang oras ding iyon.
"Dangan nagdolok ki Jesus an mga disipulo asin naghapot na mayong ibang nakakadangog, “Tadaw ta dai mi napaluwas an demonyo?”","Pagkatapos ay lumapit nang sarilinan ang mga alagad kay Jesus at sinabi nila, “Bakit hindi namin iyon napalayas?”"
"“Huli ta kulang an pagtubod nindo,” an simbag ni Jesus. “Sa katotoohan sinasabihan ko kamo, kun igwa kamo nin pagtubod na arog kan pisog nin mustasa, pwede nindong sabihon sa bulod na ini, ‘Dumuman ka sa sarong lugar’, asin maduman iyan! Mayong magigin imposible saindo. (","Sinabi niya sa kanila, “Dahil maliit ang inyong pananampalataya. Sapagkat katotohanang sinasabi ko sa inyo, kung mayroon kayong pananampalataya na kasinglaki ng butil ng binhi ng mustasa, sasabihin ninyo sa bundok na ito, ‘Lumipat ka roon mula rito,’ at ito'y lilipat; at sa inyo ay walang hindi maaaring mangyari."
Alagad an demonyong arog kaini napapaluwas sana sa paagi nin pamibi asin pag-ayuno.)”,[Ngunit ang ganito'y hindi lumalabas kundi sa pamamagitan ng panalangin at ayuno.]”
"Kan magtiripon sa Galilea an mga disipulo, nagsabi giraray si Jesus sainda, “Itatao na an Aki nin Tawo sa mga tawo","Habang sila'y nagkakatipon sa Galilea, sinabi ni Jesus sa kanila: “Ang Anak ng Tao ay malapit nang ipagkanulo sa kamay ng mga tao."
dangan gagadanon ninda siya; alagad sa ikatolong aldaw mabubuhay siya liwat.”,Siya'y papatayin nila ngunit siya'y muling mabubuhay sa ikatlong araw.” At sila'y labis na nalungkot.
Namondo sinda nin makuri pakadangog kaini.,"Pagdating nila sa Capernaum, lumapit kay Pedro ang mga maniningil ng buwis na kalahating siklo, at sinabi nila, “Hindi ba nagbabayad ng buwis sa templo ang inyong guro?”"
"Kan magduman sa Capernaum si Jesus asin an saiyang mga disipulo, hinapot si Pedro kan mga parasingil nin buhis, “Ano, nagbabayad kan buhis sa Templo an saindong maestro?”","Sinabi niya, “Oo, nagbabayad siya.” At nang dumating siya sa bahay, inunahan na siya ni Jesus tungkol dito, na sinasabi, “Ano sa palagay mo, Simon? Kanino naniningil ng bayad o buwis ang mga hari sa lupa? Sa kanila bang mga anak o sa ibang tao?”"
"“Iyo,” an simbag ni Pedro.","Kaya't nang sabihin niya, “Sa ibang tao,” ay sinabi sa kanya ni Jesus, “Kung gayo'y hindi na pinagbabayad ang mga anak."
"Kan lumaog si Pedro sa harong, siya an enot na hinapot ni Jesus kaini, “Simon, ano an paghona mo? Siisay an pinapabayad nin lisensya o buhis kan mga hade sa kinaban, an mga namamanwaan o an mga dayuhan?”","Ngunit upang hindi sila matisod sa atin, pumunta ka sa dagat at maghulog ka ng bingwit. Kunin mo ang unang isdang mahuhuli at kapag ibinuka mo ang kanyang bibig, matatagpuan mo ang isang siklo. Kunin mo iyon at ibigay mo sa kanila, para sa akin at sa iyo.”"
"Kan oras na iyan, nagdolok an mga disipulo ki Jesus asin naghapot, “Siisay an pinakadakula sa Kahadean nin langit?”","Nang oras na iyon ay lumapit ang mga alagad kay Jesus, na nagsasabi, “Sino ang pinakadakila sa kaharian ng langit?”"
"Nag-apod si Jesus nin sarong aking sadit, pinatindog sa atubang ninda,",Tinawag niya ang isang maliit na bata at inilagay sa gitna nila.
"dangan nagsabi, “Sa katotoohan sinasabihan ko kamo, kun dai kamo magbakle asin magin siring sa mga aking sadit, dai nanggad kamo makakalaog sa Kahadean nin langit.","Sinabi niya, “Katotohanang sinasabi ko sa inyo, malibang kayo'y magbago at maging tulad sa mga bata, kailanma'y hindi kayo makakapasok sa kaharian ng langit."
"An siisay man na magpakumbaba siring kan sadit na aking ini, iyo an pinakadakula sa Kahadean nin langit.",Sinumang magpakumbaba nang tulad sa batang ito ay siyang pinakadakila sa kaharian ng langit.
"An siisay man na minaako sa arog kaining aki sa ngaran ko, minaako sako.",At sinumang tumanggap sa isang batang ganito sa aking pangalan ay tumatanggap sa akin.
"“An siisay man na magin dahelan nin pagkasala kan saro sa mga saradit na ini na minatubod sako, mas marahay pang tagulnodan siya nin gapong gilingan sa liog dangan lunodon sa tahaw kan dagat.","“Ngunit sinumang maglagay ng batong katitisuran sa isa sa maliliit na ito na sumasampalataya sa akin, ay mas mabuti pa sa kanya na bitinan ang kanyang leeg ng isang malaking batong gilingan, at siya'y malunod sa kalaliman ng dagat."
"Herak man sa kinaban huli sa mga nakakapakasala sa mga tawo! Kaipuhan nanggad na mag-abot an mga pagsugot, alagad herak man sa tawong nagigin dahelan nin pagkasala!",Kahabag-habag ang sanlibutan dahil sa mga batong katitisuran! Ang mga pangyayaring magbubunga ng pagkatisod ay tiyak na darating. Ngunit kahabag-habag ang taong pagmumulan ng batong katitisuran!
"“Kun an saro mong kamot o bitis magin dahelan kan pagkakasala mo, putola iyan dangan aponan! Mas marahay pa saimong lumaog ka sa langit na saro sana an kamot o bitis ki kan duwa an kamot o bitis alagad ihulog sa kalayong daing kataposan.","“Kaya't kung ang kamay mo o ang paa mo ay nakapagpapatisod sa iyo, putulin mo ito at itapon. Mas mabuti pa sa iyo ang pumasok sa buhay na may kapansanan o lumpo kaysa may dalawang kamay o dalawang paa na maitapon sa apoy na walang katapusan."
"Kun an saro mong mata magin dahelan kan pagkakasala mo, hulwata iyan dangan aponan! Mas marahay pang lumaog ka sa langit na saro sana an mata ki kan may duwang mata alagad ihulog sa kalayo nin impyerno.","At kung ang mata mo ay nakapagpapatisod sa iyo, dukitin mo ito at itapon. Mas mabuti pa sa iyo ang pumasok sa buhay na iisa ang mata, kaysa dalawang mata na maitapon sa impiyerno ng apoy."
"“Dai nanggad nindo pagbasang-basangon an arin man sa mga saradit na ini. Sinasabihan ko kamo, an saindang mga anghel sa langit danay na nasa atubang kan sakong Ama sa langit.","“Pag-ingatan ninyong huwag hamakin ang isa man sa maliliit na ito, sapagkat sinasabi ko sa inyo, ang kanilang mga anghel sa langit ay patuloy na nakikita ang mukha ng aking Ama na nasa langit."
(Huli ta an Aki nin Tawo nagdigdi sa pagligtas kan nawawara.),[
"“Sa paghona nindo, ano an gigibohon nin sarong tawong igwa nin sanggatos na karnero alagad may saro na nalagalag? Bako daw na babayaan niya an nobenta y nwebe na nasa pasabsaban nganing hanapon niya an nalagalag na karnero?",Sapagkat ang Anak ng Tao ay naparito upang iligtas ang nawala.]
"Sa katotoohan sinasabihan ko kamo, kun makua na niya iyan, orog an kaogmahan niya dahel kaiyan ki sa nobenta y nwebe na dai nalagalag.","Ano sa palagay ninyo? Kung ang isang tao ay may sandaang tupa, at isa sa kanila ay naligaw. Hindi ba niya iiwan ang siyamnapu't siyam sa kabundukan, at hahayo upang hanapin ang naligaw?"
Huli ta habo kan saindong Ama sa langit na mawara an arin man sa mga saradit na ini.,"At kung matagpuan niya ito ay katotohanang sinasabi ko sa inyo, magagalak siya rito nang higit kaysa siyamnapu't siyam na hindi naligaw."
"“Kun an tugang mo nagkakasala saimo, kaolayon mo siya na kamo sanang duwa; itaram mo saiya an sala niya. Kun dangogon ka niya, marahay ta nagkaolian kamo.",Kaya't hindi kalooban ng inyong Ama na nasa langit na ang isa sa maliliit na ito ay mapahamak.
"Alagad kun dai ka niya dangogon, mag-iba ka nin saro o duwa katawo tanganing an lambang tataramon mapatotoohan kan duwa o tolong saksi.","“Kung magkasala laban sa iyo ang iyong kapatid, pumaroon ka at sabihin mo sa kanya ang kanyang pagkakamali kapag kayong dalawa lamang. Kung pakinggan ka niya, ay napanumbalik mo ang iyong kapatid."
"Kun dai niya kamo dangogon, isumbong mo siya sa simbahan. Kun sagkod sa atubangan kan simbahan, habo ka niyang dangogon, ibilang mo siyang sarong pagano o sarong parasingil nin buhis.","Ngunit kung hindi siya makinig ay magsama ka pa ng isa o dalawa, upang sa bibig ng dalawa o tatlong saksi ay mapagtibay ang bawat salita."
"“Sa katotoohan sinasabihan ko kamo, an anoman na ipangalad nindo sa daga, ipapangalad man sa langit; an anoman na itugot nindo sa daga, itutugot man sa langit.","Kung ayaw niyang pakinggan sila, ay sabihin mo sa iglesya; at kung ayaw niyang pakinggan maging ang iglesya, ay ituring mo siya bilang isang Hentil at maniningil ng buwis."
"“Giraray sinasabihan ko kamo, kun an duwa saindo digdi sa daga magkaoyon na maghagad nin anoman, itatao iyan saindo kan sakong Ama sa langit.","Katotohanang sinasabi ko sa inyo, na anumang inyong talian sa lupa ay yaong tatalian sa langit; at anumang inyong kalagan sa lupa ay yaong kakalagan sa langit."
Huli ta kun may duwa o tolo katawo na nagtitiripon sa ngaran ko yaon ako sa kaibahan ninda.”,"Sinasabi ko rin naman sa inyo, na kapag nagkasundo ang dalawa sa inyo sa lupa tungkol sa anumang bagay na kanilang hinihiling ay gagawin para sa kanila ng aking Ama na nasa langit."
"Dangan nagdolok si Pedro ki Jesus asin naghapot, “Kagurangnan, pirang beses ko dapat patawadon an tugang ko kun nagkakasala sako? Sagkod sa pitong beses?”","Sapagkat kung saan nagkakatipon ang dalawa o tatlo sa aking pangalan, ay naroroon ako sa gitna nila.”"
"“Bakong pitong beses,” an simbag ni Jesus, “kundi pitong setenta na beses.","Pagkatapos ay lumapit si Pedro at sinabi sa kanya, “Panginoon, makailang ulit magkakasala ang aking kapatid laban sa akin at siya'y aking patatawarin? Hanggang sa makapito ba?”"
Huli ta an Kahadean nin langit nakakaagid sa sarong hade na boot nang kwentahon an mga utang saiya kan mga sorogoon niya.,"Sinabi ni Jesus sa kanya, “Hindi ko sinasabi sa iyo, hanggang sa makapito, kundi, hanggang sa makapitumpung pito."
"Minapoon pa sana siyang magkwenta, kan darahon saiya an sarong may utang nin nagkapirang milyon na pesos.","“Kaya't ang kaharian ng langit ay maihahambing sa isang hari, na nagnais na makipag-ayos sa kanyang mga alipin tungkol sa kanilang mga utang."
"An sorogoon na ini mayong ibabayad, kaya nagboot an hade na ipabakal siya kaiba an saiyang pamilya saka an gabos niyang rogaring tanganing mabayadan an utang.","Nang pasimulan na niya ang pagkukuwenta, iniharap sa kanya ang isang nagkakautang sa kanya ng sampung libong talento."
"Luminuhod an sorogoon sa atubang kan hade asin nakimaherak, ‘Tawe pa ako nin panahon asin babayadan taka kan gabos kong utang.’","Palibhasa'y wala siyang maibayad, ipinag-utos ng panginoon niya na siya'y ipagbili, pati ang kanyang asawa at mga anak, at ang lahat ng kanyang ari-arian upang sila'y makabayad."
Naherak saiya an hade kaya dai na siya pinabayad kan utang saka pinapuli na siya.,"Dahil dito'y nanikluhod ang alipin, na nagsasabi, ‘Panginoon, pagpasensyahan mo ako, at babayaran kong lahat sa iyo.’"
"“Pagluwas kan sorogoon, nasabat niya an kapwa niya sorogoon na may utang saiya nin nagkapirang pesos. Kinwelyohan niya ini saka tinook dangan sinabihan, ‘Bayade na ako kan utang mo!’","Dahil sa habag ng panginoon sa aliping iyon, siya ay pinalaya at pinatawad sa kanyang utang."
"Ining kapwa niya sorogoon nagluhod sa atubang niya asin nakimaherak, ‘Tawe pa ako nin panahon asin babayadan taka!’","Ngunit ang alipin ding iyon, sa kanyang paglabas, ay natagpuan ang isa sa mga kapwa niya alipin na nagkautang sa kanya ng isandaang denario. Sinunggaban niya ito, sinakal, at sinabihan, ‘Bayaran mo ang utang mo.’"
Alagad dai niya ini pinatawad kundi ipinabilanggo sagkod na makabayad kan utang.,"Kaya't nanikluhod ang kanyang kapwa alipin at nakiusap sa kanya, na nagsasabi, ‘Pagpasensyahan mo ako, at babayaran kita.’"
"Kan mahiling kan ibang sorogoon an nangyari, nabaldi sinda kaya inosip ninda sa saindang hade an nangyari.",Ngunit ayaw niya. Siya'y umalis at ipinabilanggo ang kapwa alipin hanggang sa mabayaran nito ang utang.
"Kaya ipinaapod kan hade an sorogoon dangan sinabihan, ‘Maraot kang sorogoon! Pinatawad taka kan gabos mong utang, huli ta nakimaherak ka sako.","Nang makita ng mga kapwa alipin ang nangyari, sila ay labis na nabahala. Umalis sila at isinumbong sa kanilang panginoon ang lahat ng nangyari."
"Naherak ka man kutana sa kapwa mo sorogoon, siring na ako naherak saimo.’","Kaya't ipinatawag siya ng kanyang panginoon, at sinabi sa kanya, ‘Ikaw na masamang alipin! Ipinatawad ko sa iyo ang lahat ng utang na iyon, sapagkat nakiusap ka sa akin."
"Naanggot nin makuri an hade, kaya ipinabilanggo niya an sorogoon tanganing padusahan sagkod na makabayad ini kan gabos na utang.","Hindi ba dapat kang nahabag sa iyong kapwa alipin, kung paanong nahabag ako sa iyo?’"
"Pakataram ni Jesus kan mga bagay na ini, naghale siya sa Galilea asin nagduman sa teritoryo nin Judea, sa ibong kan Salog nin Jordan.","Nang matapos ni Jesus ang mga pananalitang ito, umalis siya sa Galilea at nagtungo sa mga nasasakupan ng Judea sa dakong ibayo ng Jordan."
"Dakul na tawo an nagsunod saiya, asin binolong niya sinda duman.",Sumunod sa kanya ang napakaraming tao at sila'y pinagaling niya roon.
"Nagkapirang mga Fariseo an nagdolok sa patukso saiya sa paagi nin paghapot, “Tugot daw kan satong Katogonan na suhayan kan lalaki an saiyang agom sa anoman na dahelan?”","Lumapit sa kanya ang mga Fariseo at upang siya'y masubok ay kanilang itinanong, “Sang-ayon ba sa batas na hiwalayan ng isang tao ang kanyang asawa sa anumang kadahilanan?”"
"Nagsimbag si Jesus, “Dai nindo nabasa sa kasuratan na an naglalang sainda sa kapinonan, naglalang saindang lalaki asin babae?","Ngunit siya'y sumagot at sinabi, “Hindi ba ninyo nabasa na ang lumikha sa kanila buhat sa pasimula ay nilikha silang lalaki at babae,"
"An Dios nagsabi, ‘Huli kaini, babayaan kan lalaki an saiyang ama asin ina, dangan masaro sa agom niya asin sindang duwa magigin saro.’","at kanyang sinabi, ‘Dahil dito, iiwan ng lalaki ang kanyang ama at ina at makikisama sa kanyang asawa, at ang dalawa ay magiging isang laman?’"
"Kaya sinda bako nang duwa kundi saro sana. Kun siring, dai dapat pagsuhayon nin tawo an pinagsaro nin Dios.”","Kaya, hindi na sila dalawa, kundi isang laman. Ang pinagsama nga ng Diyos, ay huwag papaghiwalayin ng tao.”"
"Naghapot an mga Fariseo, “Kun siring, tadaw ta si Moises nagboot na an lalaki magtao nin kasuratan nin pakisuhayan sa saiyang agom bago siya suhayan?”","Sinabi nila sa kanya, ‘Kung gayon, bakit ipinag-utos ni Moises sa amin na magbigay ng kasulatan ng paghihiwalay at hiwalayan ang babae?’"
"Nagsimbag si Jesus, “Huli ta matagas an payo nindo kaya tinugotan kamo ni Moises na magsuhay sa saindong agom. Alagad bakong arog kaiyan sa kapinonan.","Sinabi niya sa kanila, “Dahil sa katigasan ng inyong puso ay ipinahintulot sa inyo ni Moises na inyong hiwalayan ang inyong mga asawang babae; ngunit buhat sa pasimula ay hindi gayon."
"Sinasabihan ko kamo, an lalaking magsuhay sa saiyang agom na dai man nagpasambay, dangan uminagom nin iba, nagkakasala nin adulteryo. An uminagom sa babaeng sinuhayan, nagkakasala man nin adulteryo.”","At sinasabi ko sa inyo: sinumang ihiwalay ang kanyang asawang babae, maliban sa pakikiapid ang dahilan, at mag-asawa ng iba, ay nagkakasala ng pangangalunya. At ang mag-asawa sa babaing inihiwalay ay nagkakasala ng pangangalunya.”"
"Nagsabi saiya an mga disipulo, “Kun iyo man sana ini an mangyayari sa mag-agom, marahay pa logod na dai mag-agom.”","Sinabi ng mga alagad sa kanya, “Kung gayon ang kalagayan ng lalaki sa kanyang asawa, mas mabuti pang huwag mag-asawa.”"
"Nagsimbag si Jesus, “Bakong gabos makakaako kan katukdoan na ini, kundi an mga tinawan sana kaiyan nin Dios.","Ngunit sinabi niya sa kanila, “Hindi matatanggap ng lahat ang pananalitang ito, kundi iyon lamang pinagkalooban nito."
"Manlaen-laen an dahelan kun tadaw ta may mga lalaking dai nag-aagom: an iba, huli ta namundag na dai nasa isip an pag-agom; an iba huli ta ginibo sindang arog kaiyan kan kapwa tawo; an iba man dai nag-aagom dahel kan Kahadean nin langit. Akoon ini kan makakaako.”","Sapagkat may mga eunuko, na ipinanganak na gayon mula sa sinapupunan ng kanilang mga ina; at may mga eunuko na ginawang eunuko ng mga tao; at may mga eunuko na ginawang eunuko ang kanilang mga sarili alang-alang sa kaharian ng langit. Ang makakatanggap nito, ay hayaang tumanggap.”"
May nagkapirang nagdara nin mga aki ki Jesus tanganing bendisyonan niya asin ipamibi. Sinaway kan mga disipulo an nagdarara.,"Pagkatapos ay dinala sa kanya ang maliliit na bata, upang ipatong niya ang kanyang mga kamay sa kanila at ipanalangin. Ngunit sinaway ng mga alagad ang mga tao."
"Alagad nagsabi si Jesus, “Pabayae nindong magdolok sako an mga aki. Dai nindo sinda pag-olangon huli ta para sa mga arog sainda an Kahadean nin langit.”","Ngunit sinabi ni Jesus, “Hayaan ninyo ang maliliit na bata, at huwag ninyo silang pagbawalang lumapit sa akin, sapagkat sa mga tulad nila nauukol ang kaharian ng langit.”"
Benendisyonan niya an mga aki dangan huminale siya.,"Ipinatong niya ang kanyang mga kamay sa kanila, at umalis doon."
"Igwa nin sarong lalaki na nagduman ki Jesus asin naghapot, “Maestro, anong marahay na gibo an dapat kong gibohon tanganing makamtan ko an buhay na daing kataposan?”","May isang lumapit sa kanya at nagsabi, “Guro, anong mabuting bagay ang dapat kong gawin upang magkaroon ako ng buhay na walang hanggan?”"
"Nagsimbag si Jesus, “Tadaw ta naghahapot ka sako kun ano an marahay? Saro sana an marahay—an Dios. Kun boot mong magkamit nin buhay otoba an mga togon.”","At sinabi niya sa kanya, “Bakit mo ako tinatanong tungkol sa mabuti? Iisa ang mabuti. Ngunit kung ibig mong pumasok sa buhay, tuparin mo ang mga utos.”"
“Anong mga togon?” an hapot kan hoben.,"Sinabi niya sa kanya, “Alin sa mga iyon?” At sinabi ni Jesus, “Huwag kang papatay; Huwag kang mangangalunya; Huwag kang magnanakaw; Huwag kang sasaksi para sa kasinungalingan;"
"Nagsimbag si Jesus, “Dai ka maggadan; dai ka magdorog sa bako mong agom; dai ka maghabon; dai ka magsaksi nin putik;","Igalang mo ang iyong ama at ang iyong ina; at, Ibigin mo ang iyong kapwa na gaya ng iyong sarili.”"
galangan mo an saimong ama asin ina; kamotan mo an saimong kapwa siring kan pagkamoot mo sa sadiri mo.”,"Sinabi sa kanya ng kabataang lalaki, “Sinunod ko na ang lahat ng mga ito; ano pa ang kulang sa akin?”"
"Nagsimbag an hoben, “Inootob ko na iyan gabos. Ano pa an dapat kong gibohon?”","Sinabi sa kanya ni Jesus, “Kung ibig mong maging ganap, humayo ka, ipagbili mo ang iyong mga ari-arian at ibigay mo sa mga dukha, at magkakaroon ka ng kayamanan sa langit; pagkatapos ay pumarito ka, at sumunod ka sa akin.”"
"Sinabihan siya ni Jesus, “Kun boot mong magin matanos, lakaw, ipabakal mo an anoman na rogaring mo, asin an kabaklan ipanao mo sa mga dukha, dangan magkakaigwa ka nin kayamanan sa langit; pakatapos, magbalik ka asin sumunod sako.”","Ngunit nang marinig ng binata ang ganitong salita, umalis siyang nalulungkot, sapagkat napakarami niyang ari-arian."
"Kan madangog ini kan hoben, mamondo siyang naghale huli ta mayamanon siya.","At sinabi ni Jesus sa kanyang mga alagad, “Katotohanang sinasabi ko sa inyo, ‘Mahirap para sa isang mayaman ang pumasok sa kaharian ng langit."
"Kaya nagsabi si Jesus sa saiyang mga disipulo, “Sa katotoohan sinasabihan ko kamo, masakit nanggad para sa sarong mayaman an makalaog sa Kahadean nin langit.","Muling sinasabi ko sa inyo, mas madali pa sa isang kamelyo ang dumaan sa butas ng isang karayom, kaysa isang mayaman ang pumasok sa kaharian ng Diyos.”"
"Sinasabihan ko kamo, mas pasil pa sa sarong kamelyo na makaagi sa labot nin dagom ki sa sarong mayaman na makalaog sa Kahadean nin Dios.”","Nang marinig ito ng mga alagad, sila'y lubhang nagtaka at nagsabi, “Kung gayon, sino kaya ang maliligtas?”"
"Napangalas nin marahay an mga disipulo pagkadangog kaini. Kaya hinapot ninda siya, “Kun siring siisay an makakaligtas?”","Ngunit tiningnan sila ni Jesus at sinabi sa kanila, “Sa mga tao, ito ay hindi maaaring mangyari, ngunit sa Diyos, ang lahat ng mga bagay ay maaaring mangyari.”"
"Hiniling sinda ni Jesus asin sinabihan, “Imposible ini para sa tawo, alagad an gabos posible sa Dios.”","Pagkatapos ay sumagot si Pedro at sinabi sa kanya, “Narito, iniwan namin ang lahat at sumunod sa iyo. Ano naman ang makakamit namin?”"
"Dangan sinabihan ni Pedro si Jesus, “Hilinga, binayaan mi an gabos asin nagsunod kami saimo. Ano an mapapasamuya?”","Sinabi ni Jesus sa kanila, “Katotohanang sinasabi ko sa inyo, na sa pagbabago ng lahat ng mga bagay, kapag uupo na ang Anak ng Tao sa kanyang maluwalhating trono, kayong mga sumunod sa akin ay uupo rin sa labindalawang trono na naghuhukom sa labindalawang lipi ng Israel."
"Nagsimbag si Jesus, “Sa katotoohan sinasabihan ko kamo, sa Bagong Kinaban, kun an Aki nin Tawo magtukaw na sa saiyang mamurawayon na trono, kamo na mga disipulo ko matukaw man sa doseng trono, sa paghukom kan doseng tribu nin Israel.","At ang sinumang nag-iwan ng mga bahay, o mga kapatid na lalaki, o mga kapatid na babae, o ama, o ina, o mga anak, o mga lupa, alang-alang sa aking pangalan, ay tatanggap ng makasandaang ulit at magmamana ng buhay na walang hanggan."
"An siisay man na nagbaya kan saiyang pamilya o mga tugang na babae asin lalaki, ama saka ina, mga aki o mga rogaring dahel sako, maako nin labi pa sa sanggatos na doble, asin magmamana kan buhay na daing kataposan.","Ngunit maraming mga una na mahuhuli, at mga huli na mauuna."
“An Kahadean nin langit kaagid sa kagsadiri nin sarong ubasan na pagkaagang amay nagluwas tanganing maghanap nin mga matrabaho sa saiyang ubasan.,"“Sapagkat ang kaharian ng langit ay tulad sa isang tao na pinuno ng sambahayan, na maagang lumabas sa umaga upang umupa ng mga manggagawa para sa kanyang ubasan."
"Pakatapos na magkaoyon an kagsadiri asin an mga trabahador kan tandan na sarong denaryo sarong aldaw, pinaduman niya sinda sa ubasan.",Matapos makipagkasundo sa mga manggagawa ng isang denario sa isang araw ay kanyang isinugo sila sa kanyang ubasan.
"Pag-alas nwebe, nagluwas giraray siya asin nakahiling sa plasa nin mga lalaking nagtitirindog na mayong gibo.","At paglabas niya nang ikatlong oras, nakita niya ang iba sa pamilihan na nakatayong walang ginagawa."
Inalok niya sinda na magtrabaho sa saiyang ubasan asin na babayadan sinda kan tamang tandan. Kaya nagduman sinda.,"at sinabi niya sa kanila, ‘Pumunta rin kayo sa ubasan, at anumang nararapat ay ibibigay ko sa inyo.’ At pumunta sila."
"Nagluwas giraray siya pag-alas dose, siring man pag-alas tres, sa paghanap nin trabahador.","Paglabas niyang muli nang malapit na ang ikaanim na oras at ikasiyam, gayundin ang ginawa niya."
"Kan mag-aalas singko na nin hapon, nagduman siya sa plasa asin nahiling niya an nagkapirang lalaking nag-iistambay. Hinapot niya sinda, ‘Tadaw ta maghapon sana kamong nagpaparatindog digdi?’","At nang malapit na ang ikalabing-isang oras, lumabas siya at nakakita siya ng iba na nakatayo; at sinabi niya sa kanila, ‘Bakit nakatayo kayo rito sa buong maghapon na walang ginagawa?’"
"‘Mayo kayang nag-alok samo na magtrabaho,’ an sabi ninda. ‘Magduman man kamo asin magtrabaho sa sakong ubasan,’ an sabi niya sainda.","Sinabi nila sa kanya, ‘Sapagkat walang umuupa sa amin.’ Sinabi niya sa kanila, ‘Pumunta rin kayo sa ubasan.’"
"“Pagkabanggi, sinabihan kan kagsadiri an enkargado niya, ‘Apoda an mga trabahador asin bayade sinda kan saindang tandan. Enoton mo an mga nahuri, saka ipahudyan mo an mga naenot.’","Nang magdadapit-hapon na, sinabi ng panginoon ng ubasan sa kanyang katiwala, ‘Tawagin mo ang mga manggagawa, at bayaran mo sila ng mga upa mula sa mga nahuli hanggang sa mga nauna.’"
"Pagdolok kan mga nagpoon magtrabahong alas singko nin hapon, an lambang saro tinandanan nin sarong denaryo.","Nang lumapit ang mga inupahan nang ikalabing-isang oras, tumanggap ang bawat isa sa kanila ng isang denario."
"Kaya kan magdolok an mga naenot na magtrabaho, naghona sindang mas halangkaw an bayad sainda; alagad pareho an itinandan sainda.","At nang lumapit ang mga nauna, ang akala nila'y tatanggap sila ng mas malaking halaga; ngunit tumanggap din ang bawat isa sa kanila ng isang denario."
"Pakaako ninda kan bayad, nagreklamo sinda sa kagsadiri.","At nang tanggapin nila ito ay nagreklamo sila sa pinuno ng sambahayan,"
"Nagsabi sinda, ‘Sarong oras sanang nagtrabaho an nag-abot na huri, mantang kami maghapon na nagtrabaho sa init kan aldaw, alagad tinandanan mo sinda nin parehong kantidad na ibinayad mo samo.’","na nagsasabi, ‘Isang oras lamang nagtrabaho ang mga huling ito, at ipinantay mo sila sa amin na nagtiis ng hirap at nakakapasong init sa maghapon.’"
"Alagad nagsimbag an kagsadiri sa saro sainda, ‘Amigo, dai taka dinaya. Bakong nag-oyon ka sa tandan na sarong denaryo?","Ngunit sumagot siya at sinabi sa isa sa kanila, ‘Kaibigan, hindi kita dinadaya; hindi ba't nakipagkasundo ka sa akin sa isang denario?"
Akoa an bayad mo asin lakaw na. Boot kong tandanan an nahuring ini nin pareho kan ibinayad ko saimo.,Kunin mo ang para sa iyo at umalis ka na. Nais kong ibigay sa huling nagtrabaho ang kagaya ng ibinigay ko sa iyo.
Dai daw ako makapagboot kan boot kong gibohon sa sadiri kong kwarta? O naoori ka ta ako matinao?’”,Ako ba ay hindi pinahihintulutang gumawa ng nais ko sa mga bagay na pag-aari ko? O naiinggit ka ba sapagkat ako'y mabuti?’
"Pakatapos, nagsabi si Jesus, “Kaya an mga nahuhuri, maeenot; an mga naeenot, mahuhuri.”","Kaya't ang huli ay mauuna, at ang una ay mahuhuli.”"
"Mantang nagtutukad si Jesus pasiring sa Jerusalem, isiniblag niya an doseng disipulo asin sinabihan duman sa dalan,","Habang umaahon si Jesus patungo sa Jerusalem, ibinukod niya ang labindalawang alagad, at sa daan ay sinabi niya sa kanila,"
“Patukad na kita sa Jerusalem saen an Aki nin Tawo itatao sa mga poon na padi saka sa mga paratukdo kan Katogonan. Sesentensyahan siya ninda nin kagadanan,"“Narito, umaahon tayo patungong Jerusalem. Ibibigay ang Anak ng Tao sa mga punong pari at sa mga eskriba; at kanilang hahatulan siya ng kamatayan."
"dangan itatao sa mga pagano. Pag-oolog-ologon siya kan mga ini, hahampakon, dangan ipapako sa krus; alagad sa ikatolong aldaw bubuhayon siya liwat.”","At kanilang ibibigay siya sa mga Hentil upang kutyain, hagupitin at ipako sa krus; at siya'y muling mabubuhay sa ikatlong araw.”"
Nagduman ki Jesus an agom ni Zebedeo kaiba an saiyang mga aki. Nagluhod siya sa atubang ni Jesus ta may hahagadon.,"Pagkatapos ay lumapit kay Jesus ang ina ng mga anak ni Zebedeo, na kasama ang kanyang mga anak na lalaki. Siya'y lumuhod sa kanya at may hiniling na isang bagay sa kanya."
"Hinapot siya ni Jesus, “Ano an kaipuhan mo?”","At sinabi niya sa kanya, “Ano ang ibig mo?” Sinabi niya sa kanya, “Ipag-utos mo na itong dalawa kong anak ay umupo, ang isa sa iyong kanan, at ang isa sa iyong kaliwa, sa iyong kaharian.”"
"Nagsimbag siya, “Ipanuga mo sako na ining duwa kong aki magtukaw, an saro sa saimong too, an saro sa saimong wala duman sa Kahadean mo.”","Ngunit sumagot si Jesus at sinabi, “Hindi ninyo nalalaman ang inyong hinihingi. Kaya ba ninyong inuman ang kopa na malapit ko nang inuman? Sinabi nila sa kanya, “Kaya namin.”"
"Sinimbag sinda ni Jesus, “Dai nindo aram kun ano an hinahagad nindo. Maiinom daw nindo an kalis na sakong iinomon?”","Sinabi niya sa kanila, “Talagang iinuman ninyo ang aking kopa, ngunit ang maupo sa aking kanan at sa aking kaliwa ay hindi ako ang magkakaloob, kundi iyon ay para sa kanila na pinaglalaanan ng aking Ama.”"
"Nagsimbag sinda, “Opo.”",Nang marinig ito ng sampu ay nagalit sila sa dalawang magkapatid.
"Nagsabi si Jesus, “Iinomon nindo an sakong kalis, alagad bakong sako an pagpili kan matukaw sa too ko o sa wala ko, huli ta iyan para sa mga tinagamahan kan sakong Ama.”","Ngunit tinawag sila ni Jesus at sinabi sa kanila, “Alam ninyo na ang mga pinuno ng mga Hentil ay nangingibabaw na panginoon sa kanila, at ang mga dakila sa kanila ay gumagamit ng kapangyarihan sa kanila."
"Kan maaraman ini kan sampolong disipulo, naanggot sinda sa magtugang.","Hindi maaaring magkagayon sa inyo, kundi ang sinuman sa inyo na nagnanais maging dakila ay kailangang maging lingkod ninyo;"
"Alagad inapod sinda ni Jesus dangan sinabihan, “Aram nindo na an mga pamayo kan mga pagano igwa nin kapangyarihan sa saindang mga sakop, asin an mga lider iyo an kinukuyog.","at sinuman sa inyo na nagnanais na maging una ay kailangang maging alipin ninyo,"
Alagad bakong arog kaiyan an dapat mangyari saindo. An siisay man saindo na boot magin dakula dapat magin sorogoon nindo.,"kung paanong ang Anak ng Tao ay naparito hindi upang paglingkuran, kundi upang maglingkod, at upang ibigay ang kanyang buhay na pantubos sa marami.”"
"An siisay man na boot magin enot, dapat magin oripon nin gabos;","Nang sila'y papalabas na sa Jerico, sumunod sa kanya ang napakaraming tao."
"arog kan Aki nin Tawo, na dai nagdigdi tanganing paglingkodan kundi tanganing maglingkod, asin idusay an buhay niya tanganing matubos an dakul na tawo.”","May dalawang lalaking bulag na nakaupo sa tabi ng lansangan. Nang marinig nilang nagdaraan si Jesus, sila'y sumigaw na nagsasabi, “Mahabag ka sa amin, Anak ni David!”"
"Kan paluwas na sinda sa Jerico, kadakul na tawo an nagsunod ki Jesus.","Ngunit sinaway sila ng maraming tao upang sila'y tumahimik, ngunit lalo silang nagsisigaw na nagsasabi, “Mahabag ka sa amin Panginoon, Anak ni David!”"
"May duwang lalaking buta na nagtutukaw sa tampi kan dalan. Kan madangog nindang nag-aagi si Jesus, nagkurahaw sinda, “Aki ni David! Kaheraki man kami!”","Tumigil si Jesus, at sila'y tinawag, at sinabi, “Anong nais ninyong gawin ko sa inyo?”"
"Inanggotan sinda kan mga tawo asin pinaalo. Alagad kinosog logod ninda an saindang pagkurahaw, “Aki ni David! Kaheraki man kami!”","Sinabi nila sa kanya, “Panginoon, mabuksan nawa ang mga mata namin.”"
Nag-ontok si Jesus dangan inapod sinda. “Ano an boot nindong gibohon ko saindo?” an hapot niya sainda.,"Dahil sa habag ay hinipo ni Jesus ang kanilang mga mata. Kaagad, nakakita silang muli at sila'y sumunod sa kanya."
"Kan harani na sinda sa Jerusalem, pag-abot ninda sa Betfage, sa Bukid nin mga Oliba, pinaenot ni Jesus an duwa kan saiyang mga disipulo,","Nang papalapit na sila sa Jerusalem at makarating sa Betfage, sa bundok ng mga Olibo, nagsugo si Jesus ng dalawang alagad,"
"na saiyang tinugon, “Dumuman kamo sa masunod na baryo. Mahihiling nindo tolos duman an sarong asno na nagagakod kaiba an saiyang ogbon. Hubadan nindo iyan saka darahon digdi sako.","na sinasabi sa kanila, “Pumunta kayo sa kasunod na nayon, at kaagad ninyong matatagpuan ang isang babaing asno na nakatali na may kasamang isang batang asno. Kalagan ninyo sila at dalhin ninyo sa akin."
"Kun may magtuyaw saindo nin anoman, simbagon nindo, ‘Kaipuhan ini kan Kagurangnan’; ipapadara niya tolos iyan.”","Kung ang sinuman ay magsabi ng anuman sa inyo, ay sasabihin ninyo, ‘Kailangan sila ng Panginoon,’ at kaagad niyang ipapadala sila.”"
Nangyari ini tanganing maotob an sinabi kan propeta:,"Nangyari ito upang matupad ang sinabi sa pamamagitan ng propeta, na nagsasabi,"
"“Sabihan nindo an syudad nin Sion,","“Sabihin ninyo sa anak na babae ng Zion,"
"Hilinga, an saimong hade madatong saimo.","Tingnan mo, ang iyong Hari ay dumarating sa iyo,"
"Siya mahuyo saka nakalunad sa sarong asno,","mapagkumbaba, at nakasakay sa isang asno,"
asin sa sarong torilyong ogbon nin asno.”,at sa isang batang asno na anak ng babaing asno.”
Kaya naglakaw an mga disipulo asin ginibo an sinabi ni Jesus.,Pumunta nga ang mga alagad at ginawa ang ayon sa ipinag-utos ni Jesus sa kanila.
"Dinara ninda an asno saka an torilyong ogbon kaini, kinamaderohan kan saindang mga alikboy, dangan pinakabayohan ki Jesus.",Dinala nila ang asno at ang batang asno at inilagay nila sa ibabaw ng mga ito ang kanilang mga balabal; at inupuan niya ang mga ito.
"Kadakul na tawo an nagbiklad kan saindang mga alikboy sa tinampo, mantang an iba nagputol nin mga sanga nin kahoy saka ibinanig sa tinampo.","Ang nakararami sa mga tao ay naglatag ng kanilang mga balabal sa daan, at ang iba'y pumutol ng mga sanga ng mga punungkahoy at inilatag ang mga ito sa daan."
"Nagkurahaw an mga tawong naglalakaw sa enotan saka sa hurihan ni Jesus, “Osana sa Aki ni David! Paladan an minadatong sa ngaran nin Kagurangnan! Osana sa kaitaasan!”","At ang mga napakaraming taong nasa unahan niya at ang mga sumusunod sa kanya ay nagsisigawan, na nagsasabi, “Hosana sa Anak ni David! Mapalad ang dumarating sa pangalan ng Panginoon! Hosana sa kataas-taasan!”"
"Paglaog ni Jesus sa Jerusalem, naribok an bilog na syudad. Dakul na tawo an naghapot, “Siisay siya?”","Nang pumasok siya sa Jerusalem, ang buong lunsod ay nagkagulo na nagsasabi, “Sino ba ito?”"
"Nagsabi an mga tawo, “Iyo ini si Jesus na propeta na taga Nazaret nin Galilea.”","At sinabi ng maraming tao, “Ito ang propetang si Jesus, na taga-Nazaret ng Galilea."
Naglaog si Jesus sa Templo nin Dios asin pinaluwas an gabos na paratinda saka parabakal duman. Pinabaralintok niya an mga lamesa kan mga pararibay nin kwarta asin an mga tukawan kan mga nagtitinda nin mga salampati.,"Pumasok si Jesus sa templo, at itinaboy niya ang lahat ng nagtitinda at namimili sa templo, at ibinaligtad niya ang mga mesa ng mga mamamalit ng salapi, at ang mga upuan ng mga nagtitinda ng mga kalapati."
"Sinabihan niya sinda, “Nasusurat, ‘An sakong harong aapodon harong nin pamibi.’ Alagad ginigibo nindo ining lungib nin mga mahabon!”","Sinabi niya sa kanila, “Nasusulat, ‘Ang aking bahay ay tatawaging bahay-panalanginan,’ ngunit ginagawa ninyo itong yungib ng mga magnanakaw.”"
"Nagduman ki Jesus sa Templo an mga pilay saka an mga buta, asin binolong niya sinda.",Ang mga bulag at mga pilay ay lumapit sa kanya sa templo at sila'y kanyang pinagaling.
"Alagad naanggot an mga poon na mga padi asin an mga paratukdo kan Katogonan kan mahiling ninda an makangangalas na mga bagay na ginigibo niya, saka an mga aking nagkukurahaw, “Osana sa Aki ni David!”","Ngunit nang makita ng mga punong pari at mga eskriba ang mga kahanga-hangang bagay na kanyang ginawa, at ang mga batang sumisigaw sa templo at nagsasabi, “Hosana sa Anak ni David,” ay nagalit sila."
"Kaya hinapot ninda si Jesus, “Nadadangog mo an saindang sinasabi?”","Kaya't sinabi nila sa kanya, “Naririnig mo ba ang sinasabi ng mga ito?” At sinabi sa kanila ni Jesus, “Oo. Hindi ba ninyo kailanman nabasa,"
"Nagsimbag si Jesus, “Iyo. Dai pa nindo ini nabasa sa kasuratan? ‘Hale sa ngoso nin mga omboy asin mga pasoso, pinaluwas mo an tunay na pag-omaw.’”",‘Mula sa bibig ng mga sanggol at ng mga sumususo
Binayaan sinda ni Jesus saka nagluwas sa syudad. Nagpasiring siya sa Betania asin duman nagpaaga.,ay naghanda ka ng papuri para sa iyong sarili?”
"Pagkaaga, kan pabalik na si Jesus sa syudad, nagutom siya.","Sila'y kanyang iniwan, at lumabas sa lunsod patungong Betania, at doon siya nagpalipas ng gabi."
"Nakahiling siya nin kahoy na higera sa gilid kan tinampo kaya dinolok niya idto. Alagad mayo siyang nahiling na bunga kundi mga dahon sana. Kaya minaldisyon niya idto, “Dai ka na mamumunga sagkod lamang!” Naalang tolos an kahoy na higera.","Kinaumagahan, nang bumalik na siya sa lunsod ay nagutom siya."
"Kan mahiling ini kan mga disipulo, nagngalas sinda, “Napaano ta bigla sanang naalang an kahoy na higera?” an hapot ninda.","Nang makakita siya ng isang puno ng igos sa tabi ng daan, ito ay kanyang nilapitan at walang natagpuang anuman doon, maliban sa mga dahon lamang. Sinabi niya rito, “Kailanma'y hindi ka na muling magkakaroon ng bunga!” At natuyo kaagad ang puno ng igos."
"“Sa katotoohan sinasabihan ko kamo,” an simbag ni Jesus. “Kun kamo magtubod saka dai nanggad magduwa-duwa, bako sanang ining ginibo ko sa kahoy na higera an magigibo nindo, kundi mapapagbotan man nindo ining bulod na ‘mahale ka asin makaapon sa dagat,’ asin mangyayari iyan.","Nang makita ito ng mga alagad ay nagtaka sila, na nagsasabi, “Paanong natuyo kaagad ang puno ng igos?”"
"Kun kamo magtubod, makakamtan nindo an anoman na hagadon nindo sa pamibi.”","Sumagot si Jesus at sinabi sa kanila, “Katotohanang sinasabi ko sa inyo, kung kayo'y may pananampalataya at hindi nag-aalinlangan, hindi lamang ninyo magagawa ang nagawa sa puno ng igos, kundi kahit sabihin ninyo sa bundok na ito, ‘Maalis ka at mapatapon sa dagat,’ ito ay mangyayari."
"Nagbalik si Jesus sa Templo, asin mantang nagtutukdo siya, nagdolok an mga poon na padi asin an mga kamagurangan kan mga tawo dangan naghapot saiya, “Ano an kapangyarihan mo sa paggibo kan mga bagay na ini? Siisay an nagtao saimo kan kapangyarihan na iyan?”",At anumang bagay na inyong hingin sa panalangin na may pananampalataya ay inyong tatanggapin.”
"Nagsimbag si Jesus, “Hahapoton ko man kamo, asin kun masimbag nindo, sasabihon ko man saindo kun sa anong kapangyarihan ginigibo ko an mga bagay na ini.","Pagpasok niya sa templo, lumapit sa kanya ang mga punong pari at ang matatanda ng bayan habang siya'y nagtuturo, at sinabi nila, “Sa anong awtoridad mo ginagawa ang mga bagay na ito, at sino ang nagbigay sa iyo ng awtoridad na ito?”"
Saen hale an kapangyarihan ni Juan sa pagbunyag: sa Dios o sa tawo?”,"Sumagot si Jesus at sinabi sa kanila, “Tatanungin ko rin kayo ng isang tanong, at kung sasabihin ninyo sa akin ang sagot ay sasabihin ko naman sa inyo kung sa anong awtoridad ginagawa ko ang mga bagay na ito."
"Nagpasuruhay sinda, “Kun sabihon tang hale sa Dios, masabi siya, ‘Kun siring, tadaw ta dai kamo nagtubod saiya?’","Ang bautismo ni Juan, saan ba ito nagmula? Mula ba sa langit o mula sa mga tao?” At nagtalo sila sa isa't isa na nagsasabi, “Kung sasabihin natin, ‘Mula sa langit,’ sasabihin niya sa atin, ‘Bakit nga hindi ninyo siya pinaniwalaan?’"
"Alagad kun sabihon tang hale sa tawo, tibaad kun ano an gibohon sato kan mga tawo, huli ta minimidbid kan gabos na si Juan sarong propeta.”","Ngunit kung sasabihin natin, ‘Mula sa mga tao,’ natatakot tayo sa napakaraming tao, sapagkat kinikilala ng lahat na propeta si Juan.”"
"Kaya sinimbag ninda si Jesus, “Dai mi aram.”","Kaya't sumagot sila kay Jesus, at sinabi, “Hindi namin alam.” Sinabi naman niya sa kanila, “Hindi ko rin naman sasabihin sa inyo kung sa anong awtoridad ginagawa ko ang mga bagay na ito."
"Dangan sinabihan niya sinda, “Kun siring, dai ko man sasabihon saindo kun sa anong kapangyarihan ginigibo ko an mga bagay na ini.","“Ano sa palagay ninyo? May isang taong dalawa ang anak. Lumapit siya sa una, at sinabi, ‘Anak, pumunta ka ngayon sa ubasan at magtrabaho.’"
"“Ngunyan, ano an masasabi nindo sa bagay na ini? Igwa nin sarong tawo na may duwang aking lalaki. Sinabihan niya an matua, ‘Aki ko, magtrabaho ka duman sa ubasan ngunyan na aldaw.’","Ngunit sumagot siya at sinabi, ‘Ayaw ko’; ngunit pagkatapos ay nagbago ang kanyang isip at pumunta rin."
"Nagsimbag an aki, ‘Habo,’ alagad taod-taod nagbago siya nin isip dangan nagtrabaho sa ubasan.","Lumapit ang ama sa ikalawa, at gayundin ang sinabi. Sumagot siya at sinabi, ‘Pupunta po ako,’ ngunit hindi pumunta."
"Sinugo naman niya an ikaduwang aki asin ini nagsimbag, ‘Iyo, ama ko,’ alagad dai nagduman.","Alin sa dalawa ang gumanap ng kalooban ng kanyang ama?” Sinabi nila, “Ang una.” Sinabi ni Jesus sa kanila, “Katotohanang sinasabi ko sa inyo, ang mga maniningil ng buwis at ang mga masamang babae ay nauuna sa inyo sa pagpasok sa kaharian ng Diyos."
Arin sa duwa an nagkuyog sa ama?”,"Sapagkat dumating sa inyo si Juan sa daan ng katuwiran, at hindi ninyo siya pinaniwalaan; ngunit pinaniwalaan siya ng mga maniningil ng buwis at ng masasamang babae, at kahit nakita ninyo ay hindi rin kayo nagsisi at naniwala sa kanya."
"Nagsimbag sinda, “An matua.”","“Pakinggan ninyo ang isa pang talinghaga: May isang tao na pinuno ng sambahayan, na nagtanim ng isang ubasan, at binakuran niya ang palibot nito. Humukay siya roon ng isang pisaan ng ubas at nagtayo ng isang toreng bantayan. Ipinagkatiwala niya iyon sa mga magsasaka at nagtungo siya sa ibang lupain."
"Sinabihan sinda ni Jesus, “Sa katotoohan sinasabihan ko kamo, maeenot pa saindong maglaog sa Kahadean nin Dios an mga parasingil nin buhis asin an mga maraot na babae.","Nang malapit na ang panahon ng pamumunga, sinugo niya ang kanyang mga alipin sa mga magsasaka upang kunin ang mga bunga nito."
"Huli ta nagdigdi si Juan Bautista sa pagtukdo saindo kan tamang dalan, alagad habo kamong magtubod saiya. An mga parasingil nin buhis asin an mga maraot na babae nagtubod saiya. Alagad kamo, dawa nahiling na nindo ini, dai pa giraray nagbakle saka dai nagtubod saiya.”","Ngunit kinuha ng mga magsasaka ang kanyang mga alipin at binugbog nila ang isa, pinatay ang iba, at pinagbabato ang isa pa."
"“Dangoga nindo an saro pang parabola,” an sabi ni Jesus. “Igwa nin sarong kagsadiri nin daga na nagtanom sa saiyang ubasan; kinudal niya iyan, saka naggibo nin gilingan nin ubas. Nagtugdok pa siya nin sarong bantayan. Dangan ipinaataman niya an ubasan na ini sa mga tumatawo asin nagduman siya sa ibang lugar.",Muli siyang nagsugo ng ibang mga alipin na mas marami pa sa nauna; at gayundin ang ginawa nila sa kanila.
"Pag-abot kan tiggunoan, sinugo niya an saiyang mga sorogoon nganing kuahon an kahirasan niya.","Sa kahuli-huliha'y sinugo niya sa kanila ang kanyang anak na lalaki, na nagsasabi, ‘Igagalang nila ang aking anak.’"
"Alagad pinurugol kan mga tumatawo an mga sorogoon dangan may pinakol, may ginadan asin may ginapo sainda.","Ngunit nang makita ng mga magsasaka ang anak, sinabi nila sa kanilang sarili, ‘Ito ang tagapagmana; halikayo, patayin natin siya at kunin natin ang kanyang mana.’"
"Nagsugo giraray an kagsadiri nin mas dakul na sorogoon, alagad siring man giraray an ginibo sainda kan mga tumatawo.","Kaya't kanilang kinuha siya, itinapon sa labas ng ubasan, at pinatay."
"Dangan sinugo niya an saiyang aki. Nagsaboot siya, ‘Gagalangan ninda an sakong aki.’","Kaya't pagdating ng panginoon ng ubasan, ano kaya ang gagawin niya sa mga magsasakang iyon?”"
"Kan mahiling kan mga tumatawo an aki, nag-orolay-olay sinda, ‘Iyo ini an aki kan kagsadiri; madya kamo, gadanon ta siya, tanganing mapasato an ubasan!’","Sinabi nila sa kanya, “Dadalhin niya ang mga masasamang taong iyon sa kakilakilabot na kamatayan at ang ubasan ay ipagkakatiwala niya sa ibang mga magsasaka na magbibigay sa kanya ng mga bunga sa kanilang kapanahunan.”"
"Kaya pinurugol ninda siya, ginuyod paluwas sa ubasan dangan ginadan.”","Sinabi ni Jesus sa kanila, “Hindi ba ninyo kailanman nabasa sa mga kasulatan,"
"Hinapot sinda ni Jesus, “Ngunyan, kun umabot na an kagsadiri kan ubasan, ano daw an gigibohon niya sa mga tumatawo?”",‘Ang batong itinakuwil ng mga tagapagtayo
"Nagsimbag sinda, “Gagadanon niya idtong mga maraot na tumatawo. Pakatapos, an ubasan ipapaataman niya sa iba na magtatao saiya kan kahirasan niya sa oras nin tiggunoan.”",ang siyang naging ulo ng panulukan;
"Sinabihan sinda ni Jesus, “Dai pa lamang nindo nabasa ini sa mga Kasuratan?","ito ay mula sa Panginoon,"
"‘An gapo na isinikwal kan mga paratugdok,",at ito'y kamanghamangha sa ating mga mata?’
iyo an nagin patugmadan na gapo.,"Kaya sinasabi ko sa inyo, ‘Kukunin sa inyo ang kaharian ng Diyos at ibibigay sa isang bansang nagbibigay ng bunga nito.’"
Ginibo ini nin Kagurangnan;,[
"Nagtukdo naman si Jesus sa mga tawo sa paagi nin mga parabola. Nagsabi siya,","Si Jesus ay muling nagsalita sa kanila sa mga talinghaga, na sinasabi,"
“An Kahadean nin langit nakakaagid sa sarong hade na nag-andam nin bangkete sa kasal kan saiyang aking lalaki.,“Ang kaharian ng langit ay tulad sa isang hari na nagdaos ng isang handaan para sa kasal ng kanyang anak na lalaki.
"Sinugo niya an saiyang mga sorogoon na apodon an mga inimbitaran sa bangkete, alagad nagsayuma an mga imbitado.",Sinugo niya ang kanyang mga alipin upang tawagin ang mga inanyayahan sa handaan ng kasalan; ngunit ayaw nilang dumalo.
"Nagsugo naman siya nin ibang mga sorogoon na tinugon, ‘Sabihan nindo an mga imbitado na andam na an bangkete; ipinabuno ko an mga pinatabang baka asin andam na an gabos. Kaya magdigdi na sinda sa bangkete!’","Muli siyang nagsugo ng ibang mga alipin, na sinasabi, ‘Sabihin ninyo sa mga inanyayahan: Narito, naihanda ko na ang aking handaan; pinatay na ang aking mga baka at matatabang hayop at handa na ang lahat. Halina kayo sa handaan ng kasalan.’"
"Alagad pinasipara ini kan gabos: an saro nagduman sa saiyang oma, an saro sa saiyang negosyo.","Ngunit hindi nila ito pinansin, at sila'y humayo, ang isa'y sa kanyang sariling bukid, ang isa'y sa kanyang pangangalakal."
"Pinurugol kan iba an mga sorogoon kan hade, kinulog ninda dangan ginaradan.",Hinuli naman ng iba ang kanyang mga alipin at ginawan ng masama at pinagpapatay.
"Huli kaini naanggot an hade, kaya sinugo niya an mga soldados na gadanon idtong mga kriminal, saka suloon an saindang syudad.","Kaya't nagalit ang hari. Sinugo niya ang kanyang mga hukbo, pinuksa ang mga mamamatay-taong iyon, at sinunog ang kanilang lunsod."
"Dangan ipinaapod niya an saiyang mga sorogoon asin sinabihan, ‘Andam na an sakong bangkete, alagad an mga imbitado bakong maninigo kaini.","Pagkatapos, sinabi niya sa kanyang mga alipin, ‘Handa na ang kasalan, ngunit hindi karapat-dapat ang mga inanyayahan."
"Kaya magduman kamo sa mga tinampong matawo, alokon nindo sa bangkete an gabos na tawong manumpongan nindo.’",Kaya pumunta kayo sa mga pangunahing lansangan at anyayahan ninyo sa handaan ng kasalan ang sinumang makita ninyo.’
"Nagduman an mga sorogoon sa mga tinampo, tinipon an gabos na tawo na nanumpongan ninda, marahay asin maraot; kaya napano nin tawo an lugar nin bangkete.","Lumabas ang mga aliping iyon sa mga lansangan, at tinipon nila ang bawat matagpuan nila, masama man o mabuti; kaya't napuno ng mga panauhin ang kasalan."
“Naglaog an hade tanganing hilingon an mga imbitado. Nahiling niya na may sarong tawo na dai nakasulot nin gubing sa pakikinasal.,"“Ngunit nang pumasok ang hari upang tingnan ang mga panauhin, may nakita siya roong isang tao na hindi nakadamit pangkasal."
"Hinapot siya kan hade, ‘Katood, paano kang nakalaog digdi na dai ka nakasulot nin gubing sa pakikinasal?’ Dai nakagirong an lalaki.","Sinabi niya sa kanya, ‘Kaibigan, paano ka nakapasok dito na hindi nakadamit pangkasal?’ Ngunit hindi siya nakapagsalita."
"Dangan sinabihan kan hade an mga katabang, ‘Gaposon nindo an saiyang kamot asin bitis dangan iapon siya sa kadikloman sa luwas. Duman magtatangis siya asin magraragot an saiyang mga ngipon.’”","Kaya't sinabi ng hari sa mga lingkod, ‘Gapusin ninyo ang mga paa at mga kamay niya, at itapon ninyo siya sa kadiliman sa labas. Doon ay ang pagtangis at ang pagngangalit ng mga ngipin.’"
"Nagtaram pa si Jesus, “Dakul an inaapod, alagad kadikit an napipili.”","Sapagkat marami ang tinawag, ngunit kakaunti ang pinili.”"
"Pagkatapos, naghale an mga Fariseo dangan inisip na pataluksohon si Jesus.",Pagkatapos ay umalis ang mga Fariseo at pinag-uusapan nila kung paano siyang mabibitag sa kanyang pananalita.
"Kaya pinaduman ninda ki Jesus an saindang mga disipulo kaiba an nagkapirang tawohan ni Herodes. Nagsabi an mga ini, “Maestro, aram mi na bako kang putikon, talagang itinutukdo mo an kabotan nin Dios. Dai kang pinapalaen na tawo ta dai mo tinatawan nin halaga kun ano an katongdan ninda.","Kaya't sinugo nila ang kanilang mga alagad sa kanya, kasama ng mga Herodiano, na nagsasabi, “Guro, alam naming ikaw ay tapat, at itinuturo mo ang daan ng Diyos ayon sa katotohanan at wala kang pinapanigang sinuman, sapagkat hindi ka nagtatangi ng tao."
Kaya ano an masasabi mo? Tugot daw sa satuyang Katogonan na magbayad kita nin buhis ki Cesar o dai?”,"Sabihin mo nga sa amin, ano sa palagay mo? Matuwid bang magbuwis kay Cesar, o hindi?”"
"Alagad aram ni Jesus an maraot nindang katuyohan, kaya nagtaram siya, “Mga parasagin-sagin! Tadaw ta pinapatalukso nindo ako?","Ngunit batid ni Jesus ang kanilang kasamaan, sinabi niya, “Bakit ninyo ako sinusubok, mga mapagkunwari?"
Pahilingan sako an kwarta na pambayad sa buhis!”,Ipakita ninyo sa akin ang salaping pambuwis.” At dinala sa kanya ang isang denario.
Ipinahiling ninda saiya.,"Sinabi niya sa kanila, “Kaninong larawan ito at ang nakasulat?”"
"Hinapot niya sinda, “Kiisay ining lalawogon asin ining nakasurat na ngaran?”","Sinabi nila sa kanya, “Kay Cesar.” Pagkatapos ay sinabi niya sa kanila, “Kaya't ibigay ninyo kay Cesar ang kay Cesar at sa Diyos ang sa Diyos.”"
"Nagsimbag sinda, “Ki Cesar.”",Nang marinig nila ito ay namangha sila. Kanilang iniwan siya at sila'y umalis.
"Sinabihan sinda ni Jesus, “Kun siring, itao nindo ki Cesar an ki Cesar asin sa Dios an sa Dios.”","Nang araw ding iyon ay lumapit kay Jesus ang mga Saduceo, na nagsasabing walang pagkabuhay na muli; at kanilang tinanong siya,"
Napangalas sinda kan madangog ini asin nagharale.,"na sinasabi, “Guro, sinabi ni Moises, ‘Kung mamatay ang isang tao na walang anak, pakakasalan ng kanyang kapatid na lalaki ang asawa niya, at magkakaroon ng mga anak para sa kanyang kapatid na lalaki.’"
"Kan aldaw man sanang idto, may nagduman ki Jesus na mga Saduceo na nagsasabing mayo nin pagkabuhay liwat.","Ngayon, mayroon sa aming pitong magkakapatid na lalaki. Nag-asawa ang panganay at siya'y namatay. Sapagkat hindi siya nagkaroon ng anak ay iniwan niya ang kanyang asawa sa kanyang kapatid na lalaki."
"Hinapot ninda si Jesus, “Maestro, nagsabi si Moises na kun an agom na lalaki magadan na mayong aki, kaipuhan agomon kan tugang niya an balo tanganing magkaaki sinda para sa nagadan niyang tugang.","Gayundin naman ang nangyari sa ikalawa at sa ikatlo, hanggang sa ikapito."
"Ngunyan, igwang pitong magturugang na lalaki na nag-erok digdi kaidto. An matua nag-agom alagad nagadan na mayong aki, kaya nawalat an balo na inagom kan nagsunod niyang tugang.",At kahuli-hulihan sa lahat ay namatay ang babae.
"Nagadan man an ikaduwa, sunod an ikatolo. Sa kataposan nagadan gabos idtong pitong magturugang.","Kaya sa muling pagkabuhay, alin sa pito ang magiging asawa ng babae? Yamang siya'y napangasawa nilang lahat.”"
Dangan nagadan man an babae.,"Sumagot si Jesus at sinabi sa kanila, “Nagkakamali kayo, sapagkat hindi ninyo nalalaman ang mga kasulatan, o ang kapangyarihan ng Diyos."
"Ngunyan, pagkabuhay liwat kan mga gadan, siisay sa pito an magigin agom niya huli ta nagin agom siya ninda gabos?”",Sapagkat sa muling pagkabuhay ay hindi sila nag-aasawa o pinag-aasawa pa kundi sila'y tulad sa mga anghel sa langit.
"Nagsimbag si Jesus, “Sala nanggad kamo! Huli ta dai nindo nasasabotan an mga Kasuratan ni an kapangyarihan nin Dios.","At tungkol sa muling pagkabuhay ng mga patay, hindi ba ninyo nabasa ang sinabi sa inyo ng Diyos,"
Huli ta sa pagkabuhay liwat dai na sinda mag-aaragoman; magigin arog sinda sa mga anghel sa langit.,"‘Ako ang Diyos ni Abraham, ang Diyos ni Isaac, at ang Diyos ni Jacob’? Siya ay hindi Diyos ng mga patay, kundi ng mga buháy.”"
"Alagad dapit sa pagkabuhay liwat, dai pa nindo nabasa kun ano an sinabi nin Dios saindo?","Nang marinig ito ng napakaraming tao, namangha sila sa kanyang aral."
"‘Ako an Dios ni Abraham, ni Isaac, asin ni Jacob.’ Nangangahulogan ini na siya an Dios kan mga buhay, bako kan mga gadan.”","Ngunit nang marinig ng mga Fariseo na napatahimik ni Jesus ang mga Saduceo, ay nagtipon sila."
Napangalas an mga tawo kan madangog ninda an katukdoan niya.,"At isa sa kanila, na tagapagtanggol ng kautusan, ay nagtanong sa kanya upang siya'y subukin."
"Kan maaraman kan mga Fariseo na dai nakagirong an mga Saduceo sa mga tataramon ni Jesus, dinuman ninda si Jesus.","“Guro, alin ba ang dakilang utos sa kautusan?”"
"An saro sainda na sarong abogado, boot baloon si Jesus kaya naghapot,","At sinabi sa kanya, “Ibigin mo ang Panginoon mong Diyos nang buong puso mo, at nang buong kaluluwa mo, at nang buong pag-iisip mo.’"
"“Maestro, arin an pinakamahalagang togon sa Katogonan?”",Ito ang dakila at unang utos.’
"Nagsimbag si Jesus, “‘Kamotan mo an Kagurangnan mong Dios sa bilog mong puso, sa bilog mong kalag, asin sa bilog mong isip.’","At ang pangalawa ay katulad nito, ‘Ibigin mo ang iyong kapwa na gaya ng iyong sarili.’"
Ini an pinakamahalaga asin enot na togon.,Sa dalawang utos na ito nakasalig ang buong kautusan at ang mga propeta.”
An ikaduwa arog man kaiyan: ‘Kamotan mo an saimong kapwa arog kan pagkamoot mo sa saimo man sana.’,"Habang nagkakatipon ang mga Fariseo ay tinanong sila ni Jesus,"
An bilog na Katogonan ni Moises saka an mga katukdoan kan mga propeta napapasikad sa duwang togon na ini.”,"na sinasabi, “Ano ang palagay ninyo tungkol sa Cristo? Kaninong anak siya?” Sinabi nila sa kanya, “Kay David.”"
"Mantang nagkakatiripon an mga Fariseo, hinapot sinda ni Jesus.","Sinabi niya sa kanila, “Kung gayo'y bakit si David nang nasa Espiritu ay tumatawag sa kanya ng Panginoon, na nagsasabi,"
“Ano an paghona nindo dapit sa Cristo? Kiisay siyang aki?”,"‘Sinabi ng Panginoon sa aking Panginoon,"
"Nagsimbag sinda, “Ki David.”","“Maupo ka sa aking kanan,"
"Nagsabi si Jesus, “Kun siring, tadaw ta inapod siyang ‘Kagurangnan’ ni David kan pasabongan ini kan Espiritu Santo? Huli ta nagsabi si David,",hanggang sa mailagay ko ang iyong mga kaaway sa ilalim ng iyong mga paa”’?
‘An Kagurangnan nagsabi sa sakong Kagurangnan:,"Kung tinatawag nga siya ni David na Panginoon, paanong siya'y naging kanyang anak?”"
"Tumukaw ka digdi sa too ko,","Walang nakasagot sa kanya kahit isang salita, at wala na ring sinumang nangahas pang magtanong sa kanya ng anuman buhat sa araw na iyon."
"Dangan sinabihan ni Jesus an mga tawo saka an saiyang mga disipulo,","Pagkatapos ay nagsalita si Jesus sa maraming tao at sa kanyang mga alagad,"
“An mga paratukdo kan Katogonan asin an mga Fariseo iyo an minimidbid na parapaliwanag kan Katogonan ni Moises.,"na sinasabi, “Ang mga eskriba at ang mga Fariseo ay umuupo sa upuan ni Moises."
"Kaya gibohon asin otobon nindo an gabos nindang sinasabi; alagad dai nindo pag-arogon an saindang mga gawe, huli ta dai ninda ginigibo an saindang ipinaghuhulit.","Kaya't gawin at sundin ninyo ang lahat ng mga sinasabi nila sa inyo, ngunit huwag ninyong gawin ang mga ginagawa nila, sapagkat hindi nila ginagawa ang sinasabi nila."
"Minabugkos sinda nin mga magabat na darahon asin ipinapapasan sa iba, alagad maski saro nindang muro habo nindang hiroon sa pagtabang sa pag-alsa kaiyan.","Nagtatali sila ng mabibigat na pasanin at mahihirap dalhin, at ipinapatong nila sa mga balikat ng mga tao; ngunit ayaw nila mismong galawin ang mga iyon ng kanilang daliri."
Pagpahiling sana sa mga tawo an gabos nindang ginigibo. Hilinga an halakbang na mga telang nasusuratan kan tataramon kan kasuratan na ipinupurupot ninda sa saindang angog saka takyag. Hilinga man an halabang mga tasel kan bado ninda!,"Ginagawa nila ang lahat ng kanilang mga gawa upang makita ng mga tao; sapagkat pinalalapad nila ang kanilang mga pilakteria, at pinahahaba ang mga laylayan ng kanilang mga damit."
Boot nindang magkabesero sa mga bangkete asin magtukaw sa mga piling tukawan sa mga sinagoga;,"Gustung-gusto nila ang mararangal na lugar sa mga handaan at ang mga pangunahing upuan sa mga sinagoga,"
boot nindang pagtawan nin galang sa mga plasa asin pag-apodon na mga ‘Paratukdo.’,"at ang pagbibigay-galang sa kanila sa mga pamilihan, at ang sila'y tawagin ng mga tao, ‘Rabi.’"
"Dai kamo magpaapod na ‘Paratukdo,’ huli ta saro sana an saindong Paratukdo asin kamo gabos magturugang.","Ngunit hindi kayo dapat tawaging Rabi, sapagkat iisa ang inyong guro, at kayong lahat ay magkakapatid."
"Dai kamo magpaapod na ‘Ama’ sa kiisay man sa kinaban na ini, huli ta saro sana an saindong Ama, na nasa langit.","At huwag ninyong tawaging inyong ama ang sinumang tao sa lupa, sapagkat iisa ang inyong ama, siya na nasa langit."
"Dai man kamo magpaapod na ‘Kagurangnan,’ huli ta saro sana an saindong Kagurangnan, an Cristo.","Ni huwag kayong patawag na mga tagapagturo; sapagkat iisa ang inyong tagapagturo, ang Cristo."
An pinakadakula saindo iyo an magin sorogoon nindo.,Ang pinakadakila sa inyo ang magiging lingkod ninyo.
"Huli ta an nagpapakalangkaw, ibababa; an nagpapakumbaba, ilalangkaw.",Sinumang nagmamataas ay ibababa at sinumang nagpapakababa ay itataas.
"“Herak man saindo, mga paratukdo kan Katogonan asin mga Fariseo! Mga parasagin-sagin! Sineserahan nindo sa mga tawo an Kahadean nin langit. Kamo mismo dai minalaog asin inoolang pa nindo an boot lumaog!","“Kahabag-habag kayo, mga eskriba at mga Fariseo, mga mapagkunwari! Sapagkat sinasarhan ninyo ang kaharian ng langit sa mga tao; sapagkat kayo mismo ay hindi pumapasok at ang mga pumapasok ay hindi ninyo pinapayagang makapasok."
(,[
"“Herak man saindo, mga paratukdo kan Katogonan asin mga Fariseo! Mga parasagin-sagin! Kinukuahan nindo nin pagkabuhay an mga balo, asin sagin-sagin na namimibi kamo nin halawig. Huli kaini, orog na magabat an padusa saindo!)","Kahabag-habag kayo, mga eskriba't mga Fariseo, mga mapagkunwari! Sapagkat sinasakmal ninyo ang mga bahay ng mga babaing balo, at inyong dinadahilan ang mahahabang panalangin: kaya't tatanggap kayo ng lalong mabigat na parusa.]"
"“Herak man saindo, mga paratukdo kan Katogonan asin mga Fariseo! Mga parasagin-sagin! Minaibong kamo nin mga dagat saka minabaklay nin harayo, tangani sanang makakombertir nin sarong tawo; alagad kun mahimo na nindo ini, ginigibo nindo siyang duwang beses na maninigong padusahan sa impyerno arog saindo!","Kahabag-habag kayo, mga eskriba at mga Fariseo, mga mapagkunwari! Sapagkat nilalakbay ninyo ang dagat at ang lupa upang magkaroon ng isang mahihikayat, at kung siya'y nahikayat na ay ginagawa ninyo siyang makalawang-ulit pang anak ng impiyerno kaysa inyong mga sarili."
"“Herak man saindo, mga giyang buta! Nagtutukdo kamo na kun an tawo magsumpa sa ngaran kan Templo, bako siyang obligadong mag-otob kan panuga niya; alagad kun siya magsumpa sa ngaran kan bulawan sa laog kan Templo, obligado siya.","“Kahabag-habag kayo, mga bulag na taga-akay na nagsasabi, ‘Kung ipanumpa ninuman ang templo, ay wala iyong kabuluhan, ngunit kung ipanumpa ninuman ang ginto ng templo, siya ay may pananagutan.’"
"Mga lolong na buta! Arin an mas mahalaga, an bulawan o an Templo na nagpapabanal kan bulawan na iyan?","Kayong mga mangmang at mga bulag! Alin ba ang higit na dakila, ang ginto, o ang templo na nagpapabanal sa ginto?"
"Nagtutukdo pa kamo na kun an tawo magsumpa sa ngaran kan altar, bako siyang obligadong mag-otob kan saiyang panuga; alagad kun siya magsumpa sa ngaran kan dolot na nasa altar, obligado siya.","At sinasabi ninyo, ‘Kung ipanumpa ninuman ang dambana, ay wala iyong kabuluhan, ngunit kung ipanumpa ninuman ang handog na nasa ibabaw nito, siya ay may pananagutan.’"
"Talagang buta kamo! Arin an mas mahalaga, an dolot o an altar na nagpapabanal kan dolot?","Kayong mga bulag! Sapagkat alin ba ang higit na dakila, ang handog o ang dambana na nagpapabanal sa handog?"
"Huli ta an minasumpa sa ngaran kan altar, minasumpa bako sana sa ngaran kan altar kundi sa ngaran man kan gabos na yaon diyan.","Kaya't ang gumagamit sa dambana sa pagsumpa ay nanunumpa dito, at sa lahat ng mga bagay na nasa ibabaw nito."
"An minasumpa sa ngaran kan Templo, minasumpa bako sana sa ngaran kan Templo kundi sa ngaran man kan Dios na nag-eerok diyan.","At ang gumagamit sa templo sa pagsumpa ay nanunumpa dito, at sa kanya na tumatahan sa loob nito."
"Siring man, an minasumpa sa ngaran kan langit, minasumpa sa ngaran kan trono nin Dios asin sa Dios na nagtutukaw diyan.",Ang gumagamit sa langit sa pagsumpa ay nanunumpa sa trono ng Diyos at sa kanya na nakaupo doon.
"“Herak man saindo, mga paratukdo kan Katogonan asin mga Fariseo! Mga parasagin-sagin! Nagtatao kamo sa Dios nin himoloan maski kan tinanom na panrekado siring kan anis, pamyenta asin komino. Alagad dai nindo kinukuyog an mas mahalagang katukdoan sa Katogonan arog kan katanosan, pagkaherak asin pagtubod. Ini an dapat nindong gibohon, dangan dai man nindo pagpabayaan an iba.","“Kahabag-habag kayo, mga eskriba at mga Fariseo, mga mapagkunwari! Sapagkat nag-iikapu kayo ng yerbabuena, ng anis at ng komino, at inyong pinababayaan ang higit na mahahalagang bagay ng kautusan: ang katarungan, ang habag, at ang pananampalataya. Subalit dapat sana ninyong gawin ang mga ito nang hindi pinababayaan ang iba."
"Mga giyang buta! Sinesera nindo sa saindong inomon an noknok, alagad hinahalon nindo an kamelyo!","Kayong mga bulag na taga-akay! Sinasala ninyo ang niknik, ngunit nilulunok ninyo ang kamelyo!"
"“Herak man saindo, mga paratukdo kan Katogonan asin mga Fariseo! Mga parasagin-sagin! Hinuhugasan nindo an sa luwas kan saindong tasa saka pinggan, alagad sa laog pano kan saindang hinabonan asin dinayaan.","“Kahabag-habag kayo, mga eskriba at mga Fariseo, mga mapagkunwari! Sapagkat nililinis ninyo ang labas ng kopa at ng pinggan, ngunit sa loob ay punô sila ng kasakiman at kalayawan."
"Fariseong buta! Hugasa ngona an sa laog kan tasa saka pinggan, tanganing magin malinig man an sa luwas!","Ikaw na bulag na Fariseo! Linisin mo muna ang loob ng kopa at ng pinggan, upang luminis din naman ang labas nito."
"“Herak man saindo, mga paratukdo kan Katogonan asin mga Fariseo! Mga parasagin-sagin! Kaagid kamo kan pinagayon na mga pantyon na malinig paghilingon sa luwas, alagad sa laog pano nin mga tolang asin nin manlaen-laen na ati.","“Kahabag-habag kayo, mga eskriba at mga Fariseo, mga mapagkunwari! Sapagkat tulad kayo sa mga pinaputing libingan na magandang tingnan sa labas, ngunit sa loob ay punô ng mga buto ng mga patay at ng lahat ng uri ng karumihan."
"Siring man kamo kaiyan, sa luwas malinig paghilingon, alagad sa laog pano nin pagsagin-sagin asin mga karatan.","Gayundin naman kayo, na sa labas ay mistulang matuwid sa mga tao, ngunit sa loob ay punô kayo ng pagkukunwari at kasamaan."
"“Herak man saindo, mga paratukdo kan Katogonan asin mga Fariseo! Mga parasagin-sagin! Minagibo kamo nin mga pantyon para sa mga propeta asin sinasamnohan nindo an mga monumento kan mga matanos.","“Kahabag-habag kayo, mga eskriba at mga Fariseo, mga mapagkunwari! Sapagkat itinatayo ninyo ang mga libingan ng mga propeta, at pinapalamutian ninyo ang mga bantayog ng mga matuwid,"
"Minasabi kamo na kun kamo nabuhay sa panahon kan saindong mga ginikanan, dai nanggad kamo matabang sa ginibo nindang paggadan sa mga propeta.","at sinasabi ninyo, ‘Kung nabuhay sana kami sa mga araw ng aming mga ninuno, hindi kami makikibahagi sa kanila sa dugo ng mga propeta.’"
Ini nagpapatotoo na inaako nindo na kamo kapagarakian kan mga nanggadan kan mga propeta!,"Kaya't kayo'y nagpapatotoo na rin laban sa inyong sarili, na kayo'y mga anak ng mga pumaslang sa mga propeta."
"Kun siring, taposa nindo an pinonan kan saindong mga ginikanan!",Punuin nga ninyo ang takalan ng inyong mga magulang.
Mga halas! Kapagarakian nin mga rimoranon! Paano kamong makakadulag sa padusa sa impyerno?,"Kayong mga ahas, kayong lahi ng mga ulupong, paano kayo makakatakas sa kahatulan sa impiyerno?"
"Kaya papadarahan ko kamo nin mga propeta, nin mga tawong madonong asin nin mga paratukdo. Alagad an iba sainda gagadanon nindo, an iba ipapako sa krus, an iba hahampakon sa mga sinagoga, asin pepersegiron sinda sa binurubanwa.","Kaya't, narito, nagsusugo ako sa inyo ng mga propeta, ng mga pantas, at ng mga eskriba, na ang iba sa kanila'y inyong papatayin at ipapako sa krus, at ang iba nama'y inyong hahagupitin sa inyong mga sinagoga, at inyong uusigin sa bayan-bayan,"
"Huli kaini kamo an papadusahan dahel sa paggadan ninda kan mga tawong inosente, poon ki Abel sagkod ki Zacarias na aki ni Barakias, na ginadan nindo sa pagultanan kan Templo saka kan altar.","upang mapasainyong lahat ang matuwid na dugo na dumanak sa ibabaw ng lupa buhat sa dugo ni Abel na matuwid, hanggang sa dugo ni Zacarias na anak ni Baraquias na inyong pinaslang sa pagitan ng templo at ng dambana."
"Sa katotoohan sinasabihan ko kamo, an gabos na padusang ini madatong sa henerasyon na ini!","Katotohanang sinasabi ko sa inyo, ang lahat ng mga bagay na ito ay darating sa lahing ito."
"“O Jerusalem, Jerusalem! Ginagadan mo an mga propeta asin ginagapo mo an mga sinugo nin Dios saimo! Pirang beses nang boot kong tiriponon an saimong mga aki, arog kan paglukob kan gunakan sa saiyang mga siwo, alagad habo ka!","“O Jerusalem, Jerusalem, na pumapatay ng mga propeta at bumabato sa mga isinusugo sa kanya! Makailang ulit kong ninais na tipunin ang iyong mga anak, na gaya ng pagtitipon ng inahing manok sa kanyang mga sisiw sa ilalim ng kanyang mga pakpak, at ayaw ninyo!"
"Nagluwas si Jesus sa Templo asin kan paharayo na siya, dinolok siya kan mga disipulo. Itinukdo ninda saiya an mga edipisyo kan Templo.","Lumabas si Jesus sa templo at paalis na, nang lumapit sa kanya ang mga alagad niya upang ipakita sa kanya ang mga gusali ng templo."
"Sinabihan sinda ni Jesus, “Nahihiling nindo an gabos na iyan? Sa katotoohan sinasabihan ko kamo, mayo diyan nin matatada ni sarong gapo sa ibabaw nin saro pang gapo; an gabos marurumpag.”","Ngunit siya'y sumagot at sinabi sa kanila, “Hindi ba ninyo nakikita ang lahat ng mga bagay na ito? Katotohanang sinasabi ko, walang matitira ni isang bato rito na nasa ibabaw ng ibang bato na hindi ibabagsak.”"
"Mantang nagtutukaw si Jesus sa Bukid nin mga Oliba, duminolok saiya an mga disipulo asin naghapot na mayong ibang nakakadangog, “Sabihi kami kun nuarin ini mangyayari asin kan tanda kan pagbalik mo dangan kan kataposan kan panahon.”","Samantalang siya'y nakaupo sa Bundok ng mga Olibo, lumapit sa kanya nang sarilinan ang mga alagad, na nagsasabi, “Sabihin mo sa amin, kailan mangyayari ang mga bagay na ito at ano ang tanda ng iyong pagdating, at ng katapusan ng panahon?"
"Nagsimbag si Jesus, “Mag-ingat kamo; dai kamo magpadaya sa kiisay man.","Sumagot si Jesus at sinabi sa kanila, “Mag-ingat kayo na huwag kayong mailigaw ng sinuman."
"Huli ta dakul an madigdi sa ngaran ko na magsasabi, ‘Ako an Cristo,’ asin dakul an madadaya.","Sapagkat marami ang darating sa aking pangalan, na nagsasabi, ‘Ako ang Cristo’ at ililigaw nila ang marami."
"Makakadangog kamo nin ralaban saka mga huringhuding dapit sa gera. Alagad dai kamo mahandal, huli ta kaipuhan mangyari an mga bagay na ini, alagad bako pa iyan an kataposan.","At makakarinig kayo ng mga digmaan at ng mga bali-balita ng mga digmaan. Mag-ingat kayo na huwag kayong mangamba, sapagkat kailangang mangyari ito, subalit hindi pa ito ang wakas."
Huli ta an sarong nasyon malaban sa kapwa nasyon; an sarong kahadean malaban sa kapwa kahadean. Magkakaigwa nin gutom asin paglinog saen man na lugar.,"Sapagkat maglalaban ang bansa sa bansa, at ang kaharian laban sa kaharian. Magkakaroon ng taggutom at mga lindol sa iba't ibang dako."
An gabos na ini kapinonan pa sana kan mga kasakitan.,Ngunit ang lahat ng mga ito ay pasimula lamang ng matinding paghihirap.
"“Dangan dadakopon kamo, papadusahan asin ipapagadan. An gabos na tawo maoongis saindo huli sako.",“Pagkatapos ay ibibigay kayo sa kapighatian at kayo'y papatayin; at kayo'y kapopootan ng lahat ng mga bansa dahil sa aking pangalan.
"Sa panahon na iyan, dakul an mawawaraan kan saindang pagtubod; an lambang saro magpapasaluib asin maoongis sa saiyang kapwa.","Maraming tatalikod, magtataksil at mapopoot sa isa't isa."
"Dangan, dakul na bakong tunay na propeta an madatong na madaya sa mga tawo.",Maraming bulaang propeta ang lilitaw at ililigaw nila ang marami.
"Magdadakul an karatan, kaya mawawara an pagkaminorootan.","Dahil sa paglaganap ng kasamaan, ang pag-ibig ng marami ay lalamig."
"Alagad an makakatagal sagkod sa kataposan, makakaligtas.",Subalit ang magtiis hanggang sa wakas ay siyang maliligtas.
"Ining Marahay na Bareta dapit sa Kahadean nin langit ipaghuhulit sa bilog na kinaban, tanganing maaraman kan gabos na nasyon; dangan mangyayari an kataposan.",At ang magandang balitang ito ng kaharian ay ipahahayag sa buong daigdig bilang patotoo sa lahat ng mga bansa; at pagkatapos ay darating ang wakas.
"“Mahihiling nindong mangyayari sa banal na lugar ‘An Makangingirhat na Katakotan,’ na sinabi ni Propeta Daniel.” (Saboton ini kan nagbabasa!)","“Kaya, kapag nakita ninyo ang karumaldumal na paglapastangan na sinabi sa pamamagitan ni propeta Daniel, na nakatayo sa dakong banal (unawain ng bumabasa),"
"“Kun nangyayari na ini, idtong mga nasa Judea kaipuhan magdulag pasiring sa kabubuldan.",ang mga nasa Judea ay tumakas na patungo sa mga bundok.
An nasa atop kan saiyang harong dai na dapat magbaba sa pagkua kan saiyang mga kagamitan.,Ang nasa bubungan ay huwag nang bumaba upang kunin ang mga bagay sa loob ng kanyang bahay.
An nasa oma dai na dapat magpuli sa pagkua kan saiyang alikboy.,At ang nasa bukid ay huwag nang bumalik upang kunin ang kanyang balabal.
Herak man sa mga bados asin sa mga may pasoso sa mga aldaw na iyan!,Ngunit kahabag-habag ang mga buntis at ang mga nagpapasuso sa mga araw na iyon!
Mamibi kamo sa Dios na an saindong pagdulag dai logod matagbong tiglipotan o aldaw nin Sabbath!,Kaya't idalangin ninyo na huwag mangyari ang pagtakas ninyo sa taglamig o sa Sabbath.
Huli ta an kasakitan sa panahon na iyan orog pang makatatakot ki sa arin man na nangyari poon sa kapinonan kan kinaban sagkod ngunyan. Mayo nang makakaarog pa kaiyan nuarin pa man.,"Sapagkat sa panahong iyon ay magkakaroon ng matinding paghihirap na hindi pa nangyayari buhat sa pasimula ng sanlibutan hanggang ngayon, at hindi na mangyayari kailanman."
"Kun dai ininaan nin Dios an mga aldaw na iyan, mayo nin makakaligtas; alagad iinaan iyan dahel sa mga tawong pinili niya.","At kung hindi paiikliin ang mga araw na iyon, ay walang makakaligtas na laman, subalit alang-alang sa mga hinirang ay paiikliin ang mga araw na iyon."
"“Kaya kun may magtaram saindo, ‘Hilinga nindo, uya an Cristo!’ o ‘Idtoon siya!’—dai kamo magtubod kaiyan.","At kung may sinumang magsabi sa inyo, ‘Masdan ninyo, narito ang Cristo!’ o, ‘Nariyan siya!’ huwag ninyong paniwalaan."
"Huli ta madatong an mga bakong tunay na Cristo asin an mga bakong tunay na propeta. Magibo sinda nin mga darakulang tanda saka mga ngangalasan tanganing mapatubod ninda an mga tawo, kun posible sagkod an mga tawong pinili nin Dios.","Sapagkat lilitaw ang mga bulaang Cristo at ang mga bulaang propeta, at magpapakita ng mga dakilang tanda at mga kababalaghan, anupa't ililigaw, kung maaari, pati ang mga hinirang."
Magdangog kamo! Sinasabi ko ini saindo bago mangyari.,"Tingnan ninyo, ipinagpauna ko nang sinabi sa inyo."
"“Kaya kun may magsabi saindong, ‘Hilinga nindo, idtoon siya sa kalangtadan!’—dai kamo magduman; kun may magsabi saindong, ‘Hilinga nindo, yaon siya sa kwarto!’—dai kamo magtubod kaiyan.","Kaya, kung sasabihin nila sa inyo, ‘Tingnan ninyo, siya'y nasa ilang,’ huwag kayong lumabas. ‘Tingnan ninyo, siya'y nasa mga silid,’ huwag ninyong paniwalaan."
Huli ta an Aki nin Tawo madigdi siring sa kikilat na minaliwanag hale sa sirangan sagkod sa solnopan.,"Sapagkat gaya ng kidlat na nanggagaling sa silangan at nagliliwanag hanggang sa kanluran, gayundin naman ang pagdating ng Anak ng Tao."
"“Kun saen an bangkay, diyan man magkakatiripon an mga uwak.","Kung saan naroon ang bangkay, ay doon magkakatipon ang mga buwitre."
"“Pakatapos tolos kan kasakitan sa panahon na iyan, madiklom an aldaw, dai na maliwanag an bulan, mahuhulog an mga bitoon, asin magkakayorogyog an mga planeta sa kaawagan nin langit.","“At pagkatapos ng paghihirap sa mga panahong iyon ay magdidilim ang araw, at ang buwan ay hindi magbibigay ng kanyang liwanag, at mahuhulog ang mga bituin mula sa langit, at yayanigin ang mga kapangyarihan sa langit."
"Dangan an tanda kan Aki nin Tawo matunga sa kalangitan; magtatangis an gabos na tawo, saka mahihiling nindang maabot an Aki nin Tawo na nasa ibabaw kan mga panganoron, may kapangyarihan asin dakulang kamurawayan.","Pagkatapos ay lilitaw ang tanda ng Anak ng Tao sa langit, at tatangis ang lahat ng mga lipi sa lupa, at makikita nila ang Anak ng Tao na dumarating na nasa mga ulap ng langit na may kapangyarihan at dakilang kaluwalhatian."
"Matanog nin makosog an trompeta, dangan susugoon niya an saiyang mga anghel sa pagtipon kan saiyang mga pinili hale sa apat na kanto kan kadagaan, poon sa sarong poro kan kinaban sagkod sa ibong na poro.","Isusugo niya ang kanyang mga anghel na may malakas na tunog ng trumpeta at kanilang titipunin ang kanyang mga hinirang mula sa apat na hangin, mula sa isang dulo ng langit hanggang sa kabila."
"“Manodan logod nindo an adal kan kahoy na higera. Kun an mga sanga kaiyan magin lumbod dangan nagdadahon na, aram nindo na harani na an tiginit.","“Kaya, pag-aralan ninyo mula sa puno ng igos ang kanyang talinghaga: kapag malambot na ang sanga nito at umuusbong na ang mga dahon, alam ninyong malapit na ang tag-araw."
"Siring man, kun mahiling nindong an mga bagay na ini nangyayari na, aram nindo na madali na siyang mag-abot; yaon na siya sa trangkahan.","Gayundin naman kayo, kapag nakita ninyo ang lahat ng mga bagay na ito, alam ninyong siya'y malapit na, nasa mga pintuan na."
"Sa katotoohan sinasabihan ko kamo, mangyayari an gabos na ini bago magadan an henerasyon na ini.","Katotohanang sinasabi ko sa inyo, hindi lilipas ang lahing ito, hanggang sa maganap ang lahat ng mga bagay na ito."
"Mapapara an langit asin an daga, alagad an sakong mga tataramon dai nanggad mapapara.","Ang langit at ang lupa ay lilipas, ngunit ang aking mga salita ay hindi lilipas."
"“Alagad mayong nakakaaram kun nuarin maabot an aldaw asin oras; dawa an mga anghel sa langit ni an Aki, kundi an Ama sana.","“Subalit tungkol sa araw at oras na iyon ay walang nakakaalam, kahit ang mga anghel sa langit, ni ang Anak kundi ang Ama lamang."
Kun ano an nangyari kan panahon ni Noe iyo man an mangyayari pagdatong kan Aki nin Tawo.,"Kung paano sa mga araw ni Noe, gayundin naman ang pagdating ng Anak ng Tao."
"Bago magbaha, sige sana an karakanan, irinoman, asin aragoman kan mga tawo, sagkod sa aldaw na naglaog si Noe sa arka.","Sapagkat kung paano sa mga araw na iyon bago bumaha, sila'y kumakain at umiinom, at nag-aasawa at pinag-aasawa, hanggang sa araw na pumasok si Noe sa barko,"
Dai ninda aram an mga nangyayari sagkod na nag-abot an baha dangan inanod sinda. Arog man kaiyan an mangyayari pag-abot kan Aki nin Tawo.,"at hindi nila nalalaman hanggang sa dumating ang baha, at tinangay silang lahat, ay gayundin naman ang pagdating ng Anak ng Tao."
"Sa oras na iyan duwang lalaki an magtatrabaho sa oma; an saro kukuahon, an saro iwawalat.","Kaya, may dalawang taong pupunta sa bukid, ang isa'y kukunin, at ang isa'y iiwan."
"Duwang babae an maggigiling sa gilingan; an saro kukuahon, an saro iwawalat.","May dalawang babaing magtatrabaho sa isang gilingan; ang isa'y kukunin, at ang isa'y iiwan."
"Kaya magbantay kamo, huli ta dai nindo aram kun anong oras maabot an saindong Kagurangnan.","Magbantay kayo, sapagkat hindi ninyo nalalaman kung anong araw darating ang inyong Panginoon."
"Alagad saboton nindo ini! Kun aram kan kagharong kun anong oras kan banggi maabot an parahabon, magbabantay siya. Dai nanggad niya tutugotan an parahabon na magsalakat sa saiyang harong.","Ngunit unawain ninyo ito, na kung nalalaman ng puno ng sambahayan kung anong bahagi ng gabi darating ang magnanakaw, magpupuyat sana siya at hindi niya hahayaang pasukin ang kanyang bahay."
"Kaya dapat danay man kamong andam, huli ta an Aki nin Tawo maabot sa oras na dai nindo pinaghohona.","Kaya, maging handa rin naman kayo, sapagkat ang Anak ng Tao ay darating sa oras na hindi ninyo inaasahan."
“Kaya siisay an maimbod asin madonong na sorogoon? Siya idtong ibinugtak nin saiyang kagurangnan na mamahala kan ibang sorogoon asin magrasyon sainda nin kakanon sa oras nin pagkakan.,"“Sino nga ba ang tapat at matalinong alipin na inatasan ng kanyang panginoon na pangasiwaan ang kanyang sambahayan, upang magbigay sa kanila ng pagkain sa tamang panahon?"
"Paladan an siring na sorogoon na pagpuli kan saiyang kagurangnan, maabotan siyang nag-ootob kan trabahong itinao saiya.",Mapalad ang alipin na kung dumating ang kanyang panginoon ay maratnan siyang gayon ang kanyang ginagawa.
"Sa katotoohan sinasabihan ko kamo, an sorogoon na iyan papamahalaon kan saiyang kagurangnan kan gabos na rogaring kaini.","Katotohanang sinasabi ko sa inyo, ipagkakatiwala niya sa kanya ang lahat ng kanyang ari-arian."
"Alagad kun an maraot na sorogoon magsaboot na haloy pa bago magbalik an saiyang kagurangnan,","Ngunit kung ang masamang aliping iyon ay magsabi sa kanyang puso, ‘Magtatagal ang aking panginoon,’"
"saka poonan niyang kulogan an mga kapwa niya sorogoon, asin makipagkakanan siya saka makipag-inoman sa mga paraburat;","at pinasimulan niyang bugbugin ang mga kapwa niya alipin, at nakisalo at nakipag-inuman sa mga lasing,"
"dangan maabot an saiyang kagurangnan sa aldaw asin sa oras na dai niya pinaghohona,","darating ang panginoon ng aliping iyon sa araw na hindi niya inaasahan, at sa oras na hindi niya nalalaman,"
asin papadusahan siya nin kagadanan saka ibubugtak sa kaibahan kan mga parasagin-sagin. Duman siya magtatangis asin magraragot an saiyang mga ngipon.,"at siya'y pagpuputul-putulin at ilalagay na kasama ng mga mapagkunwari, kung saan ay magkakaroon ng pagtangis at pagngangalit ng mga ngipin."
“An Kahadean nin langit nakakaagid sa sampolong daraga na nagkua kan saindang mga ilawan asin nagluwas tanganing sabaton an nobyo.,“Ang kaharian ng langit ay maihahambing sa sampung birhen na kumuha ng kanilang mga ilawan at lumabas upang salubungin ang lalaking ikakasal.
"An lima sainda mangmang, an lima madonong.",Ang lima sa kanila'y mga hangal at ang lima'y matatalino.
"An mga mangmang nagdara nin ilawan alagad dai nagdara nin reserbang lana,","Sapagkat nang kunin ng mga hangal ang kanilang mga ilawan, ay hindi sila nagdala ng langis."
mantang an mga madonong nagdara nin mga botelyang pano nin lana.,Ngunit ang matatalino ay nagdala ng langis sa mga lalagyan na kasama ng kanilang mga ilawan.
"Naabala an nobyo, kaya nagtungka an mga daraga dangan nangatorog.",Samantalang naaantala pa ang lalaking ikakasal ay inantok silang lahat at nakatulog.
"“Matanga na an banggi kan igwang magkurahaw, ‘Uya na an nobyo! Luwas na kamo sa pagsabat saiya!’","Subalit nang hatinggabi na ay may sumigaw, ‘Narito na ang lalaking ikakasal! Lumabas kayo upang salubungin siya.’"
Nagmata an sampolong daraga dangan inandam ninda an saindang mga ilawan.,Bumangon lahat ang mga birheng iyon at iniayos ang kanilang mga ilawan.
"An limang mangmang nagsabi sa limang madonong, ‘Tawe man kami kan iba nindong lana huli ta mapaparong na an samong mga ilawan.’","At sinabi ng mga hangal sa matatalino, ‘Bigyan ninyo kami ng inyong langis, sapagkat namamatay na ang aming mga ilawan.’"
"Alagad nagsimbag an mga madonong, ‘Dai pwede ta tibaad magkulang ini para sato gabos; kaya marahay pang bumakal kamo para saindo sa tindahan.’","Ngunit sumagot ang matatalino na nagsasabi, ‘Maaaring hindi sapat para sa amin at para sa inyo. Kaya't pumunta kayo sa mga nagtitinda at bumili kayo ng para sa inyo.’"
"Mantang nagbabakal sinda nin lana, nag-abot an nobyo. Idtong andam na mga daraga nag-iba saiya sa bangkete kan kinasal, dangan sinerahan an pintoan.","At habang pumupunta sila upang bumili, dumating ang lalaking ikakasal. Ang mga nakapaghanda ay pumasok na kasama niya sa piging ng kasalan; at isinara ang pintuan."
"“Dai nahaloy nag-abot an mga mangmang na daraga. Nag-apod sinda. ‘Kagurangnan, Kagurangnan! Bukasan mo man kami!’","Pagkatapos ay dumating naman ang ibang mga birhen, na nagsasabi, ‘Panginoon, Panginoon, pagbuksan mo kami.’"
"Alagad nagsimbag siya, ‘Sa katotoohan sinasabihan ko kamo, dai ko kamo midbid!’”","Ngunit sumagot siya at sinabi, ‘Katotohanang sinasabi ko sa inyo, hindi ko kayo nakikilala.’"
"Dangan sinabihan sinda ni Jesus, “Kaya magpuka kamo, ta dai nindo aram an aldaw ni an oras.","Kaya maging handa kayo, sapagkat hindi ninyo nalalaman ang araw o ang oras."
“An Kahadean nin langit nakakaagid sa sarong lalaki na mabaklay. Inapod niya an mga sorogoon asin ipinapamahala niya sainda an mga rogaring niya.,"“Sapagkat tulad sa isang tao na maglalakbay, tinawag niya ang kanyang sariling mga alipin, at ipinagkatiwala sa kanila ang kanyang mga ari-arian."
"An lambang saro tinawan niya nin kapital sosog sa saiyang kakayahan: an saro tinawan niya nin limang ribong pesos, an saro dos mil pesos, asin an saro sangribong pesos. Dangan naghale na siya.","Ang isa ay binigyan niya ng limang talento, ang isa ay dalawa, at ang isa ay isa; sa bawat isa'y ayon sa kanyang kakayahan. Pagkatapos ay humayo na siya sa paglalakbay."
An sorogoon na nag-ako nin limang ribong pesos nagnegosyo; nakaganansya pa siya nin limang ribong pesos.,"Ang tumanggap ng limang talento ay umalis kaagad at ipinangalakal niya ang mga iyon, at nakinabang siya ng lima pang talento."
Siring man an nag-ako nin dos mil pesos; nakaganansya man nin dos mil pesos.,"Gayundin, ang tumanggap ng dalawa ay nakinabang pa ng dalawa."
"Alagad an nag-ako nin sangribong pesos, nagkalot sa daga dangan ilinubong an kwarta kan saiyang kagurangnan.","Subalit ang tumanggap ng isa ay umalis at humukay sa lupa, at itinago ang salapi ng kanyang panginoon."
"“Pakalihis nin halawig na panahon, nagpuli an kagurangnan kan mga sorogoon. Nakipagkwenta siya kan kwartang iwinalat niya sainda.","Pagkalipas ng mahabang panahon, dumating ang panginoon ng mga aliping iyon, at nakipag-ayos sa kanila."
"Enot na nagdolok an sorogoon na tinawan niya nin limang ribong pesos, dara sagkod an limang ribong pesos na naganansya niya. Nagsabi siya, ‘Kagurangnan, tinawan mo ako nin limang ribong pesos; uya pa an naganansya kong limang ribong pesos.’","Ang tumanggap ng limang talento ay lumapit at nagdala ng lima pang talento, na nagsasabi, ‘Panginoon, binigyan mo ako ng limang talento. Heto, ako'y nakinabang ng lima pang talento.’"
"Nagsabi an kagurangnan, ‘Tama an ginibo mo, marahay asin maimbod na sorogoon! Nagin maimbod ka sa kadikit, kaya gigibohon takang parapamahala nin dakul. Madya asin makisumaro ka sa kaogmahan ko!’","Sinabi sa kanya ng panginoon niya, ‘Magaling! Mabuti at tapat na alipin. Naging tapat ka sa kaunting bagay, pamamahalain kita sa maraming bagay. Pumasok ka sa kagalakan ng iyong panginoon.’"
"Nagdolok an sorogoon na tinawan nin dos mil pesos asin nagsabi, ‘Kagurangnan, tinawan mo ako nin dos mil pesos; uya pa an dos mil na naganansya ko!’","At lumapit din ang tumanggap ng dalawang talento at sinabi niya, ‘Panginoon, binigyan mo ako ng dalawang talento. Heto, ako'y nakinabang ng dalawa pang talento.’"
"Nagsabi an kagurangnan, ‘Tama an ginibo mo, marahay asin maimbod na sorogoon! Nagin maimbod ka sa kadikit, kaya gigibohon takang parapamahala nin dakul. Madya asin makisumaro ka sa kaogmahan ko!’","Sinabi sa kanya ng panginoon niya, ‘Magaling! Mabuti at tapat na alipin. Naging tapat ka sa kaunting bagay, pamamahalain kita sa maraming bagay. Pumasok ka sa kagalakan ng iyong panginoon.’"
"Dangan nagdolok an sorogoon na tinawan nin sangribong pesos asin nagsabi, ‘Kagurangnan, aram kong saro kang makuring tawo; nag-aani ka sa dai mo sinabwagan asin nagguguno nin mga bunga sa dai mo tinanoman.","At lumapit din ang tumanggap ng isang talento at sinabi niya, ‘Panginoon, alam kong ikaw ay taong malupit, na gumagapas ka roon sa hindi mo hinasikan, at nagtitipon ka roon sa hindi mo kinalatan ng binhi."
"Kaya natakot ako asin ilinubong ko sa daga an kwarta mo. Uya, dara ko an kwarta mo.’","Kaya ako'y natakot at ako'y umalis at itinago ko sa lupa ang talento mo. Heto, iyo na ang sa iyo.’"
"Tinaraman siya kan kagurangnan, ‘Saro kang maraot asin hugakon na sorogoon! Aram mo na nag-aani ako sa dai ko sinabwagan asin nagguguno nin mga bunga sa dai ko tinanoman.","Ngunit sumagot ang kanyang panginoon at sinabi sa kanya, ‘Ikaw na masama at tamad na alipin! Alam mo palang ako'y gumagapas sa hindi ko hinasikan, at nagtitipon sa hindi ko kinalatan ng binhi."
"Kun siring, idineposito mo kutana sa bangko an kwarta ko. Pagbalik ko makukua ko kutana idto kaiba an tubo.’","Dapat sana'y inilagak mo ang aking salapi sa mga mangangalakal ng salapi, at nang sa aking pagdating ay matanggap ko kung ano ang akin pati na ang pakinabang."
"Dangan sinabihan niya an mga yaon duman, ‘Kuaha nindo saiya an sangribong pesos dangan itao sa igwang dyes mil pesos.","Kaya't kunin ninyo sa kanya ang talento, at ibigay ninyo sa kanya na may sampung talento."
"Huli ta an siisay man na igwa, tatawan pa nin mas dakul, tanganing orog pang magkaigwa; alagad an siisay man na mayo, kukuahan pa, minsan kan kadikit na sadiri niya.","Sapagkat ang bawat mayroon ay bibigyan at siya'y magkakaroon ng kasaganaan, ngunit ang wala, pati ang nasa kanya ay kukunin."
Aponan nindo ining daing pakinabang na sorogoon sa kadikloman sa luwas; diyan siya magtatangis asin magraragot an saiyang mga ngipon.’,At ang aliping walang pakinabang ay itapon ninyo sa kadiliman sa labas. Doon ay magkakaroon ng pagtangis at pagngangalit ng mga ngipin.’
"“Pag-abot kan Aki nin Tawo sa saiyang kamurawayan, kaiba an gabos na anghel, matukaw siya sa saiyang mamuraway na trono.","“Kapag dumating na ang Anak ng Tao na nasa kanyang kaluwalhatian, na kasama niya ang lahat ng mga anghel, siya'y uupo sa trono ng kanyang kaluwalhatian."
"An gabos na tawo sa daga titiponon sa atubang niya. Dangan lalaenon niya sinda sa duwang grupo, arog kan pastor na pinaglalaen an mga karnero sa mga kanding.","At titipunin sa harapan niya ang lahat ng mga bansa at kanyang pagbubukud-bukurin ang mga tao na gaya ng pagbubukud-bukod ng pastol sa mga tupa at sa mga kambing,"
Titiponon niya an mga karnero sa saiyang too asin an mga kanding sa saiyang wala.,"at ilalagay niya ang mga tupa sa kanyang kanan, subalit ang mga kambing ay sa kaliwa."
"Dangan masabi an Hade sa mga tawo na nasa too niya, ‘Madya kamo, mga paladan kan sakong Ama! Lumaog kamo sa Kahadean na inandam para saindo poon na lalangon an kinaban.","Pagkatapos ay sasabihin ng Hari sa mga nasa kanyang kanan, ‘Halikayo, mga pinagpala ng aking Ama, manahin ninyo ang kahariang inihanda para sa inyo mula sa pagkatatag ng sanlibutan."
Huli ta kan ako nagutom pinakakan nindo; kan ako napaha pinainom nindo; kan ako dayuhan pinadagos nindo;,"Sapagkat ako'y nagutom at binigyan ninyo ako ng pagkain. Ako'y nauhaw, at binigyan ninyo ako ng inumin. Ako'y taga-ibang bayan, at ako'y inyong pinatuloy."
kan ako huba ginubingan nindo; kan ako naghelang inataman nindo; kan ako nabilanggo sinongko nindo.’,Ako'y naging hubad at inyong dinamitan. Ako'y nagkasakit at ako'y inyong dinalaw. Ako'y nabilanggo at ako'y inyong pinuntahan.’
"Dangan masimbag saiya an mga matanos, ‘Kagurangnan, kasuarin mi nahiling na nagutom ka asin pinakakan mi o napaha asin pinainom mi?","Pagkatapos ay sasagutin siya ng mga matuwid, na nagsasabi, ‘Panginoon, kailan ka namin nakitang gutom, at pinakain ka namin, o uhaw, at binigyan ka ng inumin?"
"Kasuarin mi nahiling na nakikihimanwa ka asin pinadagos mi, o huba asin ginubingan mi?","Kailan ka namin nakitang isang taga-ibang bayan at pinatuloy ka, o hubad, at dinamitan ka?"
Kasuarin mi nahiling na naghehelang ka o nasa bilanggoan asin sinongko mi?’,"At kailan ka namin nakitang maysakit, o nasa bilangguan, at dinalaw ka namin?’"
"Masimbag an Hade, ‘Sa katotoohan sinasabihan ko kamo, an anoman na ginibo nindo sa saro kan pinakasadit kong mga tugang, ginibo nindo iyan sako!’","At sasagot ang Hari at sasabihin sa kanila, ‘Katotohanang sinasabi ko sa inyo, yamang ginawa ninyo ito sa isa sa pinakamaliit sa mga kapatid kong ito, ay sa akin ninyo ginawa.’"
"“Dangan masabi siya sa mga tawong nasa wala niya, ‘Humarayo kamo sako, mga minaldisyon! Dumuman kamo sa daing kataposan na kalayo na inandam para sa Diablo asin sa saiyang mga anghel!","Pagkatapos ay sasabihin niya sa mga nasa kaliwa, ‘Lumayo kayo sa akin, kayong mga sinumpa. Doon kayo sa apoy na walang hanggan na inihanda sa diyablo at sa kanyang mga anghel."
Huli ta nagutom ako alagad dai nindo pinakakan; napaha ako asin dai nindo pinainom.,"Sapagkat ako'y nagutom, at hindi ninyo ako binigyan ng pagkain. Ako'y nauhaw, at hindi ninyo binigyan ng inumin."
Dayuhan ako asin dai nindo pinadagos; ako huba alagad dai nindo ginubingan; naghelang saka nabilanggo alagad dai nindo ako sinongko.’,"Ako'y taga-ibang bayan, at hindi ninyo ako pinatuloy. Hubad, at hindi ninyo ako dinamitan; maysakit at nasa bilangguan, at hindi ninyo dinalaw.’"
"Dangan masimbag man sinda saiya, ‘Kagurangnan, kasuarin mi ika nahiling na nagutom o napaha, dayuhan o huba, naghelang o nabilanggo alagad dai mi ika pinaglingkodan?’","Pagkatapos ay sasagot din sila, na nagsasabi, ‘Panginoon, kailan ka namin nakitang gutom, o uhaw, o isang taga-ibang bayan, o hubad, o maysakit, o nasa bilangguan, at hindi ka namin pinaglingkuran?’"
"Masimbag an Hade sainda, ‘Sa katotoohan sinasabihan ko kamo, an dai nindo ginibo sa saro kan mga pinakasadit na ini, dai man nindo ginibo sako.’","At sila'y sasagutin niya, na nagsasabi, ‘Katotohanang sinasabi ko sa inyo, yamang hindi ninyo ito ginawa sa isa sa pinakamaliliit na ito, ay hindi ninyo ito ginawa sa akin.’"
"Kaya an mga ini isusubol sa daing kataposan na padusa, alagad an mga matanos maduman sa buhay na daing kataposan.”","At ang mga ito'y mapupunta sa walang hanggang kaparusahan, ngunit ang mga matuwid ay sa buhay na walang hanggan.”"
"Pakataram ni Jesus kan gabos na ini, sinabihan niya an saiyang mga disipulo,","Nang matapos ni Jesus ang lahat ng mga salitang ito ay sinabi niya sa kanyang mga alagad,"
“Aram nindo na duwang aldaw na sana asin pyesta na kan Paskwa. An Aki nin Tawo itatao tanganing ipako sa krus.”,"“Nalalaman ninyo na pagkaraan ng dalawang araw ay darating ang Paskuwa, at ibibigay ang Anak ng Tao upang ipako sa krus.”"
"Nagtiripon an mga poon na padi asin kamagurangan kan mga Judiyo sa patyo kan palasyo ni Caifas, an Halangkaw na Padi,","Pagkatapos nito ang mga punong pari at ang matatanda sa bayan ay nagkatipon sa palasyo ng pinakapunong pari, na tinatawag na Caifas."
asin nagplano sindang hilom na dakopon si Jesus saka ipagadan.,"At sila'y nagsabwatan upang hulihin si Jesus sa pamamagitan ng daya, at patayin siya."
"“Dai ta ini paggibohon sa kapyestahan ta tibaad magkariribok an mga tawo,” an sabi ninda.","Ngunit sinabi nila, “Huwag sa kapistahan, baka magkagulo ang mga taong-bayan.”"
"Kan si Jesus nasa Betania, sa harong ni Simon na daoton,","Nang si Jesus ay nasa Betania, sa bahay ni Simon na ketongin,"
"nagdolok saiya an sarong babae na may darang lalagan na alabastro, na pano nin mamahalon na pahamot. Inula niya ini sa payo ni Jesus mantang si Jesus nagkakakan.","lumapit sa kanya ang isang babae na may dalang isang sisidlang alabastro na may lamang mamahaling pabango at ibinuhos sa kanyang ulo, habang siya'y nakaupo sa may hapag."
"Pakahiling kaini kan mga disipulo, naanggot sinda, kaya nagsarabi, “Ano ta pinagsasayang iyan?","Subalit nang makita ito ng mga alagad, ay nagalit sila, na nagsasabi, “Anong layunin ng pag-aaksayang ito?"
Ikinapabakal kutana iyan nin mahal nganing natabangan an mga dukha!”,"Sapagkat maipagbibili sana ito sa malaking halaga, at maibibigay sa mga dukha.”"
"Aram ni Jesus kun ano an saindang pinagsasabi kaya tinaraman niya sinda, “Tadaw ta pinapakiaraman nindo ining babae? Sarong magayon na bagay an ginibo niya sako.","Ngunit nang malaman ni Jesus ay sinabi niya sa kanila, “Bakit ninyo ginugulo ang babae? Sapagkat gumawa siya sa akin ng isang mabuting bagay."
"Danay nindong kaiba an mga dukha, alagad ako bakong danay na kaiba nindo.","Sapagkat lagi ninyong kasama ang mga dukha, ngunit ako'y hindi ninyo laging makakasama."
An ginibo niyang pag-ula kan pahamot sa hawak ko sarong pag-andam para sa paglubong sako.,"Sapagkat sa pagbubuhos niya ng pabangong ito sa aking katawan, ginawa niya iyon upang ihanda ako sa paglilibing."
"Sa katotoohan sinasabihan ko kamo, saen man ipaghulit an Marahay na Baretang ini sa bilog na kinaban, an ginibo niyang ini ipapamareta sa pagromdom saiya.”","Katotohanang sinasabi ko sa inyo, saan man ipangaral ang magandang balitang ito sa buong sanlibutan, ang ginawa ng babaing ito ay sasaysayin bilang pag-alaala sa kanya.”"
"Saro kan doseng disipulo, na an ngaran Judas Iscariote, an nagduman sa mga poon na padi","Pagkatapos, isa sa labindalawa, na tinatawag na Judas Iscariote ang nagpunta sa mga punong pari,"
"asin nagsabi, “Pira an ibabayad nindo sako kun itao ko saindo si Jesus?” Asin binayadan ninda siya nin treyntang pedaso nin kwartang plata.","at nagsabi, “Anong ibibigay ninyo sa akin, kung ibibigay ko siya sa inyo?” At kanilang ipinagtimbang siya ng tatlumpung pirasong pilak."
Poon kaidto naghanap na si Judas nin oportunidad na ikapadakop si Jesus.,At mula noon ay humanap siya ng pagkakataon na maipagkanulo si Jesus.
"Kan enot na aldaw kan Pyesta nin Tinapay na Mayo nin Lebadura, nagrani ki Jesus an mga disipulo saka naghapot, “Saen mo boot na andamon mi an saimong pamanggihan sa Paskwa?”","Nang unang araw ng mga Tinapay na Walang Pampaalsa, lumapit ang mga alagad kay Jesus, na nagsasabi, “Saan mo ibig na ipaghanda ka namin upang kumain ka ng kordero ng paskuwa?”"
"Sinabihan niya sinda, “Dumuman kamo sa syudad, sa harong nin sarong tawo, dangan sabihan nindo siya na nagsabi an Paratukdo: ‘An oras ko harani na; seselebraron ko an Paskwa sa saimong harong kaiba an sakong mga disipulo.’”","At sinabi niya, “Pumunta kayo sa isang tao sa lunsod at sabihin ninyo sa kanya, ‘Sinabi ng Guro, Malapit na ang oras ko; sa iyong bahay ko gaganapin ang paskuwa kasama ng aking mga alagad.’”"
Ginibo kan mga disipulo an itinogon sainda ni Jesus asin inandam ninda an pamanggihan sa Paskwa.,"At ginawa ng mga alagad ang ayon sa ipinag-utos sa kanila ni Jesus, at inihanda nila ang paskuwa."
"Kan banggi na, nagtukaw si Jesus sa lamesa kaiba an doseng disipulo.","Pagsapit ng gabi, umupo siyang kasalo ng labindalawang alagad."
"Mantang nagkakakan, nagtaram si Jesus, “Sa katotoohan sinasabihan ko kamo, saro saindo an mapasaluib sako.”","At samantalang sila'y kumakain ay sinabi niya, “Katotohanang sinasabi ko sa inyo, na isa sa inyo ay magkakanulo sa akin.”"
"Pagkadangog kaini, namondo nin marahay an mga disipulo kaya saro-sarong naghapot, “Kagurangnan, ako kaya?”","At sila'y labis na nalungkot, at isa-isang nagpasimulang magsabi sa kanya, “Ako ba, Panginoon?”"
"Nagsimbag si Jesus, “An magdotdot kan saiyang tinapay sa mangko kadungan ko, iyo an mapasaluib sako.","Sumagot siya at sinabi, “Ang kasabay kong nagsawsaw ng kanyang kamay sa mangkok ang siyang magkakanulo sa akin."
"Magagadan an Aki nin Tawo siring sa nasusurat manongod saiya, alagad herak man sa tawong mapasaluib sa Aki nin Tawo! Mas marahay pang dai na siya namundag!”","Tunay na papanaw ang Anak ng Tao tulad ng nasusulat tungkol sa kanya, ngunit kahabag-habag ang taong iyon na sa pamamagitan niya'y ipagkakanulo ang Anak ng Tao! Mabuti pa sana sa taong iyon ang hindi na siya ipinanganak.”"
"Nagtaram saiya si Judas, an nagpasaluib saiya, “Maestro, ako kaya?”","At si Judas na sa kanya'y nagkanulo, ay sumagot at nagsabi, “Hindi ako iyon, Rabi?” Sinabi niya sa kanya, “Ikaw ang nagsabi.”"
"Nagsimbag si Jesus, “Ika na an nagsabi.”","Habang sila'y kumakain ay dumampot si Jesus ng tinapay, binasbasan niya ito at pinagputul-putol, at ibinigay sa mga alagad, at sinabi, “Kumuha kayo, kainin ninyo; ito ang aking katawan.”"
"Mantang nagkakakan sinda, kinua ni Jesus an tinapay, benendisyonan, binaak asin itinao sa saiyang mga disipulo, dangan nagsabi, “Akoa asin kakana nindo; ini an sakong hawak.”","At kumuha siya ng isang saro at nang makapagpasalamat ay ibinigay sa kanila, na nagsasabi, “Uminom kayong lahat nito,"
"Dangan kinua niya an kalis, nagpasalamat, itinao sainda dangan nagsabi, “Kamo gabos, inoma nindo ini;","sapagkat ito ang aking dugo ng tipan, na nabubuhos dahil sa marami, sa ikapagpapatawad ng mga kasalanan."
"huli ta iyo ini an sakong dugo kan bagong tipan, dugo na pinapabulos para sa dakul na tawo sa pagpatawad nin mga kasalan.","At sinasabi ko sa inyo, mula ngayon ay hindi na ako iinom ng katas ng ubas na ito hanggang sa araw na iyon na iinumin kong panibago na kasalo kayo sa kaharian ng aking Ama.”"
Sinasabihan ko kamo na dai na ako mainom kaining arak nin ubas sagkod sa aldaw na inomon ko an bagong arak kaiba nindo sa Kahadean nin sakong Ama.”,At pagkaawit nila ng isang himno ay nagtungo sila sa Bundok ng mga Olibo.
"Pakatapos nindang mag-awit nin himno, nagduman sinda sa Bukid nin mga Oliba.","Pagkatapos ay sinabi ni Jesus sa kanila, “Kayong lahat ay tatalikod dahil sa akin sa gabing ito; sapagkat nasusulat, ‘Sasaktan ko ang pastol, at ang mga tupa ng kawan ay magkakawatak-watak.’"
"Dangan sinabihan sinda ni Jesus, “Ngunyan na banggi, kamo gabos mabaya sako; huli ta nasusurat, ‘Gagadanon ko an pastor asin magkakawararak an mga karnero.’",Subalit matapos na ako'y maibangon na ay mauuna ako sa inyo sa Galilea.”
"Alagad pagkabuhay ko liwat, maenot ako saindo duman sa Galilea.”","Ngunit sumagot si Pedro at sinabi sa kanya, “Kung ang lahat man ay tumalikod dahil sa iyo, ako kailanma'y hindi tatalikod.”"
"Sinabihan siya ni Pedro, “Maski an gabos magbaya saimo, dai taka nanggad babayaan.”","Sinabi ni Jesus sa kanya, “Katotohanang sinasabi ko sa iyo, sa gabing ito, bago tumilaok ang manok, ay ipagkakaila mo ako ng tatlong ulit.”"
"Sinabihan siya ni Jesus, “Sa katotoohan sinasabihan taka, ngunyan mismong banggi, bago magturaok an manok, tolong beses mo akong nenegaran.”","Sinabi sa kanya ni Pedro, “Kahit kinakailangang ako'y mamatay na kasama mo, ay hindi kita ipagkakaila.” Gayundin ang sinabi ng lahat ng mga alagad."
"Nagsimbag si Pedro, “Dai taka nanggad nenegaran, maski pa ako magadan kaiba mo!”","Pagkatapos ay pumunta si Jesus na kasama sila sa isang pook na tinatawag na Getsemani, at sinabi niya sa kanyang mga alagad, “Maupo kayo rito, samantalang ako'y pupunta sa dako roon at mananalangin.”"
Siring man an sinabi kan ibang mga disipulo.,"Isinama niya si Pedro at ang dalawang anak ni Zebedeo, at nagpasimula siyang malungkot at mabagabag."
"Nagduman si Jesus kaiba an saiyang mga disipulo sa lugar na inaapod Getsemani. Sinabihan niya sinda, “Digdi sana kamo, ta mamimibi ako duman sa oroenotan.”","At sinabi niya sa kanila, “Lubhang nalulungkot ang aking kaluluwa na halos ay ikamatay. Manatili kayo rito at makipagpuyat sa akin.”"
Ipinag-iba niya si Pedro saka an duwang aki ni Zebedeo. Nakamate siya nin labi-labing kamondoan asin kahorasaan.,"Paglakad pa niya ng malayu-layo, siya'y nagpatirapa at nanalangin, na nagsasabi, “Ama ko, kung maaari, lumampas sana sa akin ang kopang ito; gayunma'y hindi ang ayon sa ibig ko, kundi ang ayon sa ibig mo.”"
"Sinabihan niya sinda, “Makuring gayo an kamondoan ko na haros ikagadan ko! Digdi sana kamo asin magpuka sa kaibahan ko.”","At lumapit siya sa mga alagad, at sila'y kanyang naratnang natutulog, at sinabi niya kay Pedro, “Samakatuwid, hindi ninyo kayang makipagpuyat sa akin ng isang oras?"
"Nag-oroenotan pa siya, nagdapa sa daga saka namibi, “Ama ko, kun mahihimo pa sana, palihisa sako an kalis na ini! Alagad bakong an kabotan ko kundi an kabotan mo an kuyogon.”","Kayo'y maging handa at manalangin, upang hindi kayo madaig ng tukso. Ang espiritu ay tunay na nagnanais subalit ang laman ay mahina.”"
"Dangan binalikan niya an tolong disipulo, alagad inabotan niya sindang torog. Sinabihan niya si Pedro, “Dai kamo makakapagpuka nin sarong oras sa kaibahan ko?","Muli, sa ikalawang pagkakataon, umalis siya at nanalangin, na nagsasabi, “Ama ko, kung hindi maaaring lumampas ito, malibang inumin ko ito, ang iyong kalooban ang siyang mangyari.”"
Magpuka kamo asin mamibi tanganing dai kamo madaog nin sogot. Andam kutana an espiritu alagad an hawak maluya.”,"At muli siyang lumapit at naratnan silang natutulog, sapagkat antok na antok na sila."
"Sa ikaduwang beses naghale si Jesus asin namibi, “Ama ko, kun ini dai pwedeng makalihis na dai ko inomon, kuyogon an kabotan mo.”","Kaya sila'y muli niyang iniwan, at umalis, at nanalangin sa ikatlong pagkakataon na sinasabi ang gayunding mga salita."
Binalikan niya giraray an mga disipulo alagad naabotan na naman niya sindang torog; dai sinda makamuklat sa pirot.,"Pagkatapos ay lumapit siya sa mga alagad at sinabi sa kanila, “Natutulog pa rin ba kayo at nagpapahinga? Masdan ninyo, malapit na ang oras, at ang Anak ng Tao ay ipinagkakanulo sa mga kamay ng mga makasalanan."
Binayaan niya giraray sinda dangan namibi siya sa ikatolong beses kan parehong tataramon.,"Bumangon kayo, lumakad tayo. Masdan ninyo, malapit na ang nagkakanulo sa akin.”"
"Dangan binalikan niya an mga disipulo asin sinabihan, “Torog pa giraray kamo? Nagpapahingalo pa kamo? Hilinga, an oras dumatong na, asin an Aki nin Tawo itatao sa kamot nin mga parakasala.","At habang nagsasalita pa siya, dumating si Judas, na isa sa labindalawa, at kasama niya ang napakaraming tao na may mga tabak at mga pamalo, mula sa mga punong pari at sa matatanda ng bayan."
"Bangon na kamo, maduman na kita. Uya na an mapasaluib sako!”","At ang nagkanulo sa kanya ay nagbigay sa kanila ng isang palatandaan, na sinasabi, ‘Ang hahalikan ko ay iyon na nga; dakpin ninyo siya.’"
"Nagtataram pa si Jesus kan mag-abot si Judas, saro kan doseng disipulo. Kadakul na tawo an kaiba niya na may darang mga espada saka mga pamakol. Sinugo sinda kan mga poon na padi asin kan mga kamagurangan kan mga Judio.","Kaagad siyang lumapit kay Jesus, at sinabi, “Magandang gabi, Rabi!” at kanyang hinagkan siya."
"Tinawan sinda ni Judas nin sarong tanda, “An hadokan ko iyo iyan. Dakopon nindo siya!”","At sinabi sa kanya ni Jesus, “Kaibigan, gawin mo ang layunin ng pagparito mo.” Pagkatapos ay lumapit sila at kanilang hinawakan si Jesus at siya'y kanilang dinakip."
"Dinolok niya tolos si Jesus asin sinabihan, “Marahay na banggi, Maestro!” dangan hinadokan.",Ang isa sa mga kasama ni Jesus ay nag-unat ng kanyang kamay at bumunot ng kanyang tabak. Tinaga niya ang alipin ng pinakapunong pari at tinagpas ang tainga nito.
"Nagsabi si Jesus, “Katood, tadaw ta uya ka digdi?”","Nang magkagayo'y sinabi sa kanya ni Jesus, “Ibalik mo ang iyong tabak sa kanyang lalagyan, sapagkat ang lahat ng humahawak ng tabak ay sa tabak mamatay."
"Dangan dinaguso si Jesus kan mga tawo, dinakop asin pinugolan nin maigot.","O sa akala mo ba'y hindi ako maaaring tumawag sa aking Ama, at padadalhan niya ako ngayon din ng mahigit sa labindalawang pangkat ng mga anghel?"
"Alagad naghugkot kan espada niya an saro sa mga kaiba ni Jesus, asin tinigbas an oripon kan Halangkaw na Padi; napalongan idto nin sarong talinga.","Ngunit kung gayo'y paanong matutupad ang mga kasulatan, na ganito ang kinakailangang mangyari?”"
"Sinabihan siya ni Jesus, “Sarongan an espada mo, huli ta an minagamit nin espada, magagadan sa espada.","Sa oras na iyon ay sinabi ni Jesus sa mga napakaraming tao, “Kayo ba'y lumabas na parang laban sa isang tulisan, na may mga tabak at mga pamalo upang dakpin ako? Araw-araw ay nakaupo ako sa templo na nagtuturo, at hindi ninyo ako dinakip."
Dai mo aram na makakahagad ako sa sakong Ama nin labi pa sa doseng batalyon na anghel na ipapadara niya tolos sako?,"Subalit nangyari ang lahat ng ito, upang matupad ang mga kasulatan ng mga propeta.” Pagkatapos ay iniwan siya ng lahat ng mga alagad at sila'y tumakas."
"Alagad kun gibohon ko iyan, paanong maotob an Kasuratan na nagsasabing iyo ini an dapat mangyari?”","Si Jesus ay dinala ng mga dumakip sa kanya kay Caifas, na pinakapunong pari, na kung saan nagkatipon ang mga eskriba at matatanda."
"Dangan sinabihan ni Jesus an mga tawo, “Kaipuhan pa daw na magdigdi kamong may darang mga espada saka mga pamakol na garo baga ako sarong bandido? Aroaldaw nasa Templo ako sa pagtukdo, alagad dai nindo ako dinakop.","Ngunit sumunod si Pedro sa kanya ng may kalayuan, hanggang sa bakuran ng pinakapunong pari. Siya'y pumasok, at umupong kasama ng mga tanod upang makita niya kung ano ang mangyayari."
Alagad an gabos na ini nangyari nganing maotob an sinurat kan mga propeta.”,At ang mga punong pari at ang buong Sanhedrin ay humanap ng mga bulaang saksi laban kay Jesus upang kanilang maipapatay siya.
Dangan binayaan siya kan gabos na disipulo asin nagdurulag.,"Ngunit wala silang natagpuan bagaman maraming humarap na mga bulaang saksi. Pagkatapos ay may dalawang dumating,"
"Dinara si Jesus kan mga nagdakop saiya sa harong ni Caifas, an Halangkaw na Padi, saen nagtiripon an mga paratukdo kan Katogonan asin an mga kamagurangan.","at nagsabi, “Sinabi ng taong ito, ‘Kaya kong gibain ang templo ng Diyos, at muling itayo sa loob ng tatlong araw.’”"
Alagad may distansya na sinundan siya ni Pedro sagkod sa laog kan patyo kan Halangkaw na Padi. Naglaog si Pedro asin nagtukaw sa kataed kan mga bantay tanganing magmasid kan mga mangyayari.,"Tumindig ang pinakapunong pari at sinabi sa kanya, “Wala ka bang isasagot? Ano itong ibinibintang ng mga ito laban sa iyo?”"
An mga poon na padi asin an bilog na Konseho naghanap nin ikakasumbong tumang ki Jesus tanganing ipagadan siya.,"Ngunit hindi umimik si Jesus. At sinabi ng pinakapunong pari sa kanya, “Pinanunumpa kita sa harapan ng Diyos na buháy, sabihin mo sa amin kung ikaw nga ang Cristo, ang Anak ng Diyos.”"
"Alagad mayo sindang nakuang katibayan minsan ngani dakul an nagtaram nin putik dapit saiya. Sa kahuri-hurihi, nagdolok an duwang lalaki","Sinabi ni Jesus sa kanya, “Ikaw ang nagsabi, ngunit sinasabi ko sa inyo, mula ngayon ay inyong makikita ang Anak ng Tao na nakaupo sa kanan ng Kapangyarihan, at dumarating na nasa mga ulap ng langit.”"
"asin nagsabi, “An lalaking ini nagsabi, ‘Magagaba ko an Templo nin Dios alagad mapapatindog ko liwat iyan sa laog nin tolong aldaw.’”","Nang magkagayo'y pinunit ng pinakapunong pari ang kanyang mga damit, na sinasabi, “Nagsalita siya ng kalapastanganan. Bakit kailangan pa natin ng mga saksi? Narito, narinig ninyo ngayon ang kanyang kalapastanganan."
"Dangan tuminindog an Halangkaw na Padi saka hinapot si Jesus, “Mayo kang isisimbag sa sumbong saimo kan mga tawong ini?”","Ano sa palagay ninyo?” Sumagot sila at sinabi, “Karapat-dapat siya sa kamatayan.”"
"Alagad dai naggirong si Jesus. Sinabihan siya kan Halangkaw na Padi, “Sa ngaran kan buhay na Dios, magsumpa ka: sabihan samo ngunyan kun ika mananggad an Cristo, an Aki nin Dios.”","Pagkatapos ay kanilang niluraan siya sa kanyang mukha at siya'y kanilang pinagsusuntok; at sinampal siya ng iba,"
"Alagad nagsimbag si Jesus, “Ika na an nagsasabi. Sinasabihan ko kamo, poon ngunyan mahihiling nindo an Aki nin Tawo na nagtutukaw sa too kan Makakamhan asin nagdadatong sa mga panganoron nin langit!”","na nagsasabi, “Ipahayag mo sa amin, ikaw na Cristo! Sino ang sumuntok sa iyo?”"
"Pakadangog kaini kan Halangkaw na Padi, ginisi niya an sulot niyang gubing asin nagsabi, “An tawong ini naglanghad sa Dios! Dai na kita nangangaipo nin mga saksi! Nadangog nindo ngunyan an saiyang paglanghad!","Samantala, si Pedro ay nakaupo sa labas ng bakuran. Lumapit sa kanya ang isang aliping babae, na nagsasabi, “Ikaw ay kasama rin ni Jesus na taga-Galilea.”"
Ano an paghona nindo?”,"Subalit ipinagkaila niya ito sa harap nilang lahat, na sinasabi, “Hindi ko alam ang sinasabi mo.”"
"Nagsimbag sinda, “Dapat siyang gadanon.”","At paglabas niya sa tarangkahan ay nakita siya ng isa pang alipin, at sinabi sa mga naroon, “Ang taong ito ay kasama rin ni Jesus na taga-Nazaret.”"
Dangan linutaban ninda an saiyang lalawogon saka hinampak siya. Sinampaling siya kan iba,"At muling ipinagkaila niya ito nang may panunumpa, “Hindi ko kilala ang taong iyon.”"
"asin sinabihan, “Ukoda daw, Cristo, kun siisay an nagsampaling saimo!”","Pagkalipas ng ilang sandali ay lumapit ang mga nakatayo roon at sinabi nila kay Pedro, “Talagang ikaw nga ay isa rin sa kanila, sapagkat nahahalata sa iyong pananalita.”"
"Kan oras man na ini nagtutukaw si Pedro sa patyo kan dolokon siya kan sarong sorogoon na babae dangan sinabihan, “Kaiba ka man ni Jesus na taga Galilea.”","Pagkatapos ay nagpasimula siyang magsalita ng masama at manumpa, “Hindi ko kilala ang taong iyon.” At kaagad tumilaok ang manok."
"Alagad pinagnegaran ini ni Pedro sa atubangan kan gabos, “Dai ko aram an pinagsasabi mo.”","At naalala ni Pedro ang salitang sinabi ni Jesus, “Bago tumilaok ang manok, ay tatlong ulit mo akong ikakaila.” At siya'y lumabas at mapait na tumangis."
"Pagkaaga, pinagkaoroyonan kan gabos na poon na mga padi asin mga kamagurangan na ipagadan si Jesus.","Kinaumagahan, ang lahat ng mga punong pari at ang matatanda sa bayan ay sama-samang nag-usap laban kay Jesus upang siya'y ipapatay."
Ginapos ninda si Jesus saka dinara sa gobernador na si Pilato.,"Siya'y ginapos nila, dinala sa labas, at ibinigay nila kay Pilato na gobernador."
"Kan maaraman ni Judas na parapasaluib, na hinatolan na magadan si Jesus, nagbasol siya; ibinalik niya an treyntang pedaso nin kwartang plata sa mga poon na padi asin kamagurangan.","At si Judas na nagkanulo kay Jesus, nang nakitang hinatulan na ito, ay nagsisi at isinauli ang tatlumpung pirasong pilak sa mga punong pari at sa matatanda,"
"Nagsabi siya, “Nagkasala ako! Pinasaluiban ko an sarong tawong mayong sala!”","na sinasabi, “Ako'y nagkasala sa pagkakanulo ko sa dugong walang sala.” Ngunit sinabi nila, “Ano iyon sa amin? Ikaw ang bahala diyan.”"
"Alagad nagsimbag sinda, “Ano an labot mi kaiyan? Problema mo na iyan!”",At inihagis niya sa templo ang mga piraso ng pilak at siya'y umalis. Humayo siya at nagbigti.
Inapon ni Judas sa Templo an kwarta saka naghale siya dangan nagbitay.,"Subalit habang pinupulot ng mga punong pari ang mga piraso ng pilak, nagsabi sila, “Hindi matuwid na ilagay ang mga ito sa kabang-yaman, sapagkat dugo ang kapalit ng halagang ito.”"
"Pinonpon kan mga poon na padi an kwarta asin nagsabi, “Sala sa Katogonan na ilaog an kwartang ini sa kaban nin yaman huli ta kabayadan ini nin dugo.”","Pagkatapos mag-usap, ibinili nila ang mga iyon ng bukid ng magpapalayok upang paglibingan ng mga dayuhan."
Kaya nagkaoroyon sindang ibakal an kwartang idto kan daga na inaapod Oma kan Paragibo nin Koron nganing paglubongan nin mga dayuhan.,Kaya't ang bukid na iyon ay tinawag na Bukid ng Dugo hanggang sa araw na ito.
Kaya sagkod ngunyan an dagang idto inaapod “Oma nin Dugo.”,"Kaya't natupad ang sinabi sa pamamagitan ng propeta Jeremias, na sinasabi, “At kinuha nila ang tatlumpung pirasong pilak, ang halaga niya na itinuring na halaga ng ilan sa mga anak ng Israel,"
"Dangan naotob an itinaram ni Propeta Jeremias, “Kinua ninda an treyntang pedaso nin kwartang plata, an kantidad na pinagkaoroyonan kan nagkapirang mga Israelita na ibayad para saiya,","at ibinigay nila ang mga iyon para sa bukid ng magpapalayok, gaya ng iniutos sa akin ng Panginoon.”"
"asin ibinakal kan oma kan paragibo nin koron, sosog sa ipinagboot sako nin Kagurangnan.”","Si Jesus ay nakatayo sa harap ng gobernador at tinanong siya ng gobernador, “Ikaw ba ang Hari ng mga Judio?” At sinabi ni Jesus sa kanya, “Ikaw ang nagsasabi.”"
"Inatubang si Jesus sa gobernador na iyo an naghapot saiya, “Ika an hade kan mga Judio?”",Ngunit nang siya'y paratangan ng mga punong pari at ng matatanda ay hindi siya sumagot ng anuman.
"Nagsimbag si Jesus, “Ika na an nagsasabi.”","At sinabi ni Pilato sa kanya, “Hindi mo ba naririnig kung gaano karaming bagay ang kanilang ipinaparatang laban sa iyo?”"
"Alagad kan ipinagsumbong siya kan mga poon na padi asin kamagurangan, dai siya nagsimbag nin anoman.","Subalit hindi siya sumagot sa kanya kahit isang salita man lamang, na lubhang ikinamangha ng gobernador."
"Kaya nagsabi si Pilato saiya, “Dai mo nadadangog an gabos na sumbong ninda tumang saimo?”","Noon sa kapistahan, nakaugalian na ng gobernador na pakawalan para sa mga tao ang sinumang bilanggo na kanilang maibigan."
"Alagad dai siya sinimbag ni Jesus, maski sarong tataramon; kaya napangalas nin marahay an gobernador.","Nang panahong iyon ay mayroon silang isang bilanggo na kilala sa kasamaan, na tinatawag na Jesus Barabas."
"Lambang Pyesta nin Paskwa, ugale kan gobernador na magpaluwas nin sarong bilanggo na hagadon kan mga tawo.","Kaya't nang sila'y magkatipon ay sinabi ni Pilato sa kanila, “Sino ang ibig ninyong pakawalan ko sa inyo? Si Barabas, o si Jesus na tinatawag na Cristo?”"
Kan panahon na idto igwa nin bantog na maraot na bilanggo na an ngaran Barrabas.,Sapagkat nabatid niya na dahil sa inggit ay kanilang ibinigay si Jesus sa kanya.
"Kaya kan magtiripon an mga tawo, hinapot sinda ni Pilato, “Siisay an boot nindong paluwason ko, si Barrabas o si Jesus na inaapod Cristo?”","At samantalang nakaupo siya sa luklukan ng paghuhukom, nagpasabi sa kanya ang kanyang asawa, “Huwag kang makialam sa matuwid na taong iyan, sapagkat sa araw na ito'y labis akong naghirap sa panaginip dahil sa kanya.”"
Huli ta aram ni Pilato na dinara ninda si Jesus saiya dahel sa pagkaori.,Subalit hinikayat ng mga punong pari at ng matatanda ang maraming tao na hingin nila si Barabas at patayin naman si Jesus.
"Mantang nagtutukaw si Pilato duman sa hukoman, pinatogonan siya kan saiyang agom: “Dai ka makilabot sa matanos na tawong iyan, huli ta sa pangatorogan ko kasubanggi, nagtios ako nin makuri dahel saiya.”","Sumagot muli ang gobernador at sinabi sa kanila, “Alin sa dalawa ang ibig ninyong pakawalan ko sa inyo?” At sinabi nila, “Si Barabas.”"
Alagad pinasunod kan mga poon na padi asin kan kamagurangan an mga tawo na hagadon ki Pilato si Barrabas asin ipagadan si Jesus.,"Sinabi sa kanila ni Pilato, “At anong gagawin ko kay Jesus na tinatawag na Cristo?” Sinabi nilang lahat, “Ipako siya sa krus!”"
"Hinapot giraray sinda kan gobernador, “Siisay sa duwang ini an boot nindong paluwason ko?”","At sinabi niya, “Bakit, anong kasamaan ang ginawa niya?” Ngunit lalo silang nagsigawan, na nagsasabi, “Ipako siya sa krus!”"
"Nagsirimbag sinda, “Si Barrabas!”","Kaya't nang makita ni Pilato na wala siyang magawa, sa halip ay nagsisimula pa nga ang isang malaking gulo, siya'y kumuha ng tubig at naghugas ng kanyang mga kamay sa harap ng napakaraming tao, na sinasabi, “Wala akong kasalanan sa dugo ng taong ito. Kayo na ang bahala diyan.”"
"Hinapot sinda ni Pilato, “Ano an gigibohon ko ki Jesus na inaapod Cristo?”","At sumagot ang buong bayan at nagsabi, “Pananagutan namin at ng aming mga anak ang kanyang dugo.”"
"Nagsimbag an gabos, “Ipako siya sa krus!”","Pagkatapos ay pinakawalan niya sa kanila si Barabas ngunit si Jesus, pagkatapos hagupitin, ay ibinigay upang ipako sa krus."
"Naghapot giraray si Pilato, “Anong karatan an naginibo niya?”",Dinala si Jesus ng mga kawal ng gobernador sa Pretorio at tinipon nila ang buong pangkat ng mga kawal sa paligid niya.
"Alagad orog sindang nagkurahaw, “Ipako siya sa krus!”",At siya'y kanilang hinubaran at dinamitan ng isang balabal na pulang-pula.
"Kan mahiling ni Pilato na dai siyang magiginibo, ata ngani orog na nagriribok an mga tawo, nagpakua siya nin tubig asin naghanaw kan saiyang mga kamot sa atubangan kan mga tawo. “Dai akong sala sa kagadanan kan tawong ini. Kabotan nindo ini!” an sabi niya.","Sila'y gumawa ng isang koronang tinik, ipinatong ito sa kanyang ulo, at inilagay sa kanang kamay niya ang isang tambo. Lumuhod sila sa harapan niya at siya'y kanilang nilibak, na nagsasabi, “Mabuhay, Hari ng mga Judio!”"
"An gabos na tawo nagsimbag, “Kargo mi asin kan mga aki mi an saiyang kagadanan!”",Siya'y kanilang niluraan. Kinuha nila ang tambo at hinampas ang kanyang ulo.
"Dangan pinaluwas ni Pilato si Barrabas; pakatapos na ipahampak si Jesus, itinao niya ini sainda tanganing ipako sa krus.","Pagkatapos na siya'y libakin, hinubad nila sa kanya ang balabal, isinuot sa kanya ang mga damit niya, at kanilang inilabas siya upang ipako sa krus."
"Pakatapos, dinara kan mga soldados kan gobernador si Jesus sa palasyo dangan pinalibotan siya kan bilog na batalyon nin mga soldados.","Sa paglabas nila'y kanilang nasalubong ang isang taong taga-Cirene, na Simon ang pangalan. Pinilit nila ang taong ito na pasanin ang krus ni Jesus."
Hinubaan ninda siya saka sinulotan nin gubing na purpura.,"At nang sila'y makarating sa isang dakong tinatawag na Golgota, (na ang kahulugan ay, “Ang Dako ng Bungo”),"
"Naggibo sinda nin sarong korona nin sangang matonok asin ikinorona saiya; dangan pinakapotan ninda sa saiyang toong kamot an sarong badas; nagluhod sinda sa atubangan niya saka pinagtuya-tuya siya, “Mabuhay an Hade kan mga Judio!”",kanilang binigyan siya ng alak na may kahalong apdo upang inumin. Ngunit nang kanyang matikman ay ayaw niyang inumin.
"Linutaban ninda siya, kinua an badas saka pinakol siya sa payo.","At nang siya'y maipako nila sa krus, pinaghati-hatian nila ang kanyang mga damit sa pamamagitan ng palabunutan."
"Pakapagparatuya-tuya saiya, hinubaan ninda siya kan gubing na purpura saka sinulotan kan dati niyang gubing. Pakatapos, ilinuwas ninda siya tanganing ipako sa krus.","Pagkatapos, sila'y umupo at binantayan siya roon."
"Kan paluwas na sinda, nasabat ninda an sarong taga Cirene na an ngaran Simon; pinirit ninda siyang pasanon an krus ni Jesus.","At sa itaas ng kanyang ulo ay inilagay nila ang paratang sa kanya, na nasusulat, “ITO SI JESUS ANG HARI NG MGA JUDIO.”"
"Pag-abot ninda sa sarong lugar na inaapod Golgota, na an boot sabihon, “Lugar nin mga Bungo,”","At may dalawang tulisan na ipinakong kasama niya, isa sa kanan at isa sa kaliwa."
"tinawan ninda si Jesus nin arak na sinalakan nin apdo; alagad kan manamitan ini ni Jesus, dai niya ininom.","Siya'y inalipusta ng mga nagdaraan at pailing-iling,"
"Pakapakoan ninda ki Jesus sa krus, pinagbaranga ninda an mga gubing niya sa paagi nin ripa.","na nagsasabi, “Ikaw na gigiba sa templo, at sa ikatlong araw ay itatayo ito, iligtas mo ang iyong sarili! Kung ikaw ang Anak ng Diyos, bumaba ka sa krus!”"
Dangan nagturukaw sinda duman asin binantayan siya.,"Sa gayunding paraan ay nilibak siya ng mga punong pari, kasama ng mga eskriba at ng matatanda, na nagsasabi,"
"Ibinugtak ninda an nakasurat na sumbong saiya sa may itaas kan saiyang payo. An nakasurat iyo ini: “Ini si Jesus, an Hade kan mga Judio.”","“Nagligtas siya ng iba; hindi niya mailigtas ang kanyang sarili. Siya ang Hari ng Israel; bumaba siya ngayon sa krus, at maniniwala tayo sa kanya."
"May ipinako man kasabay ni Jesus na duwang parahabon, saro sa too niya asin saro sa wala.","Nagtiwala siya sa Diyos; kanyang iligtas siya ngayon kung ibig niya, sapagkat sinabi niya, ‘Ako'y Anak ng Diyos.’”"
"An mga tawong nag-aaragi nagtatango-tango na nagtutuya-tuya saiya,",Sa gayunding paraan ay inalipusta siya ng mga tulisan na ipinako sa krus na kasama niya.
"“Ika na magaba kan Templo asin mapatindog kaiyan sa laog nin tolong aldaw, ligtasan daw an sadiri mong buhay! Kun ika an Aki nin Dios, lusad daw diyan sa krus!”",Mula nang oras na ikaanim ay nagdilim sa buong lupain hanggang sa oras na ikasiyam.
"Siring man, pinag-olog-olog siya kan mga poon na padi asin kan mga paratukdo kan Katogonan patin kan kamagurangan na nagsabi,","At nang malapit na ang oras na ikasiyam ay sumigaw si Jesus ng may malakas na tinig, na sinasabi, “Eli, Eli, lama sabacthani?” na ang kahulugan ay “Diyos ko, Diyos ko, bakit mo ako pinabayaan?”"
"“Ilinigtas niya an iba alagad dai niya ikinakaligtas an sadiri niyang buhay! Kun siya talaga an Hade nin Israel, humilig siya sa krus ngunyan asin matubod kita saiya!","At nang marinig ito ng ilan sa mga nakatayo roon ay sinabi nila, “Tinatawag ng taong ito si Elias.”"
Nagsasarig siya sa Dios asin sinasabi niya na Aki siya nin Dios; hilingon ta daw kun baga iligtas siya nin Dios ngunyan!”,"Tumakbo kaagad ang isa sa kanila at kumuha ng isang espongha, pinuno ito ng suka, inilagay sa isang tambo, at ibinigay sa kanya upang inumin."
Pinag-insulto man siya kan mga parahabon na ipinako sa krus kaiba niya.,"Ngunit sinabi ng iba, “Pabayaan ninyo siya, tingnan natin kung darating si Elias upang iligtas siya.”"
"Pagkaodto, nagdiklom sa bilog na daga sagkod alas tres nin hapon.",At muling sumigaw si Jesus ng may malakas na tinig at nalagot ang kanyang hininga.
"Kan mag-aalas tres na, nagkurahaw si Jesus nin makosog, “Eli, Eli, lema sabactani?” na an boot sabihon, “Dios ko, Dios ko, tadaw ta pinabayaan mo ako?”","At nang sandaling iyon, ang tabing ng templo ay napunit sa dalawa, mula sa itaas hanggang sa ibaba; nayanig ang lupa; at nabiyak ang mga bato."
"Pagkadangog kaini kan ibang mga nagmimiron, nagsarabi sinda, “Inaapod niya si Elias!”","Nabuksan ang mga libingan at maraming katawan ng mga banal na natulog ay bumangon,"
"Saro sainda an nagdalagan tolos asin nagkua nin espongha; pakapasaromsoman kaini sa suka, ibinugtak sa poro nin tukon dangan idinuhol ki Jesus nganing inomon.",at paglabas nila sa mga libingan pagkatapos ng kanyang muling pagkabuhay ay pumasok sila sa banal na lunsod at nagpakita sa marami.
"Alagad an iba nagsabi, “Halat ngona, hilingon ta daw kun umabot si Elias sa pagligtas saiya!”","Nang makita ng senturion at ng mga kasamahan niyang nagbabantay kay Jesus ang lindol at ang mga bagay na nangyari, sila'y lubhang natakot, at nagsabi, “Tunay na ito ang Anak ng Diyos.”"
"Nagkurahaw giraray si Jesus, dangan nautsan.","At marami ding babae roon na nakatanaw mula sa malayo na sumunod kay Jesus buhat sa Galilea, na naglingkod sa kanya."
Dangan nabanga an kurtina kan Templo poon sa itaas sagkod sa ibaba. Naglinog sa bilog na daga asin nagkabaraak an mga gapo.,"Kasama sa mga iyon ay si Maria Magdalena, si Maria na ina nina Santiago at Jose, at ang ina ng mga anak ni Zebedeo."
Nagkaburuksan man an mga lulubngan asin nabuhay liwat an mga banal.,"Kinagabihan, dumating ang isang mayamang mula sa Arimatea, na ang pangalan ay Jose, na naging alagad din ni Jesus."
"Nagruluwas sinda sa mga lulubngan. Kan nabuhay liwat si Jesus, nagduman sinda sa Banal na Syudad saka nagpahiling sa dakul na tawo.",Pumunta ang taong ito kay Pilato at hiningi ang bangkay ni Jesus. At ipinag-utos ni Pilato na ibigay iyon.
"Natakot nin makuri an kapitan asin an mga soldados na nagbabantay ki Jesus kan mamatean ninda an linog saka kan mahiling ninda an gabos na nangyari. Nagsabi sinda, “Totoo mananggad na Aki nin Dios an tawong ini!”","Kinuha ni Jose ang bangkay at binalot niya iyon ng isang malinis na telang lino,"
Kadakul man na babae an nagtatanaw sa harayo. Sinda an nagsunod ki Jesus hale sa Galilea saka naglingkod saiya.,"at inilagay sa kanyang sariling bagong libingan, na kanyang inukit sa bato. Pagkatapos ay iginulong niya ang isang malaking bato sa pintuan ng libingan, at siya'y umalis."
"Kaiba ninda si Maria Magdalena, si Maria na ina ni Santiago asin ni Jose, saka an agom ni Zebedeo.",Si Maria Magdalena at ang isa pang Maria ay naroon at nakaupo sa tapat ng libingan.
"Kan banggi na, nag-abot an sarong tawong mayaman na an ngaran Jose na taga Arimatea. Disipulo man siya ni Jesus.","Kinabukasan, pagkatapos ng araw ng Paghahanda, ang mga punong pari at ang mga Fariseo ay nagpulong sa harapan ni Pilato,"
Nagduman siya ki Pilato dangan hinagad an bangkay ni Jesus. Nagboot si Pilato na itao an bangkay ki Jose.,"na nagsasabi, “Ginoo, natatandaan namin na sinabi ng mandarayang iyon nang nabubuhay pa siya, ‘Pagkaraan ng tatlong araw ay babangon akong muli.’"
"Kaya kinua idto ni Jose, pinatos sa malinig na telang lino,","Kaya't ipag-utos mo na bantayan ang libingan hanggang sa ikatlong araw, baka pumaroon ang kanyang mga alagad at siya'y nakawin, at sabihin sa mga tao, ‘Siya'y bumangon mula sa mga patay,’ at magiging masahol pa ang huling pandaraya kaysa una.”"
saka ilinubong sa sadiri niyang lulubngan na bago pa sana niyang itinuki sa gapo. Pinaligid niya an sarong dakulang gapo tanganing serahan an pintoan kan lulubngan dangan naghale.,"Sinabi ni Pilato sa kanila, “Mayroon kayong bantay, humayo kayo, bantayan ninyo sa paraang alam ninyo.”"
"Idtoon duman si Maria Magdalena saka an sarong pang Maria, nagtuturukaw sa atubangan kan lulubngan.","Kaya't sila'y pumaroon, at iningatan nila ang libingan, tinatakan ang bato, na kasama nila ang bantay."
"Pakalihis kan Sabbath, madurudiklom pa kan Domingong aga, nagsongko sa lulubngan si Maria Magdalena asin an saro pang Maria.","Pagkatapos ng Sabbath, sa pagbubukang-liwayway ng unang araw ng sanlinggo, si Maria Magdalena at ang isa pang Maria ay pumaroon upang tingnan ang libingan."
"Biglang naglinog nin makosog huli ta may sarong anghel nin Kagurangnan na naghilig hale sa langit, nagduman sa lulubngan, pinaligid an gapo na nakatakop dangan tuminukaw sa ibabaw kaiyan.","At biglang nagkaroon ng malakas na lindol, sapagkat bumaba mula sa langit ang isang anghel ng Panginoon, na naparoon at iginulong ang bato, at umupo sa ibabaw nito."
Nagliliwanag siya siring sa kikilat asin an gubing niya maputi siring sa ambon.,Ang kanyang anyo ay tulad sa kidlat at ang kanyang pananamit ay maputing parang busilak.
"Huli kan takot saiya kan mga bantay, tinakigan sinda asin nagkapurukan na garo mga gadan.","At sa takot sa kanya, nanginig ang mga bantay, at naging tulad sa mga patay."
"Nagtaram an anghel sa mga babae, “Dai kamo matakot. Aram kong hinahanap nindo si Jesus na ipinako sa krus.","Ngunit sumagot ang anghel at sinabi sa mga babae, “Huwag kayong matakot, sapagkat nalalaman kong hinahanap ninyo si Jesus na ipinako sa krus."
"Mayo siya digdi; nabuhay siya liwat siring sa saiyang sinabi. Madya kamo, hilinga nindo an hinutadan saiya.","Wala siya rito, sapagkat siya'y binuhay, tulad ng sinabi niya. Halikayo, tingnan ninyo ang dakong hinigaan niya."
"Dangan paduman tolos kamo asin sabihan nindo an saiyang mga disipulo na, ‘Nabuhay siya liwat sa mga gadan; maeenot siya saindong magduman sa Galilea. Duman nindo siya mahihiling!’ Tandaan nindo an sinabi ko saindo.”",Pagkatapos ay magmadali kayong umalis at sabihin ninyo sa kanyang mga alagad na siya'y binuhay mula sa mga patay. Siya'y mauuna sa inyo sa Galilea. Makikita ninyo siya roon. Ito ang nasabi ko na sa inyo.”
"Kaya hidaling nagluwas sa lulubngan an mga babae, tinatakigan sa takot alagad maogma; nagdalagan sinda tanganing baretaan an mga disipulo.","Sila nga'y dali-daling umalis sa libingan na may takot at malaking kagalakan, at tumakbo sila upang magbalita sa kanyang mga alagad."
"Alagad sinabat sinda ni Jesus asin sinabihan, “Mapasaindo an katoninongan.” Dinolok ninda si Jesus, kinapotan an saiyang mga bitis dangan sinamba siya.","At doo'y sinalubong sila ni Jesus, na nagsasabi, “Kapayapaan ay sumainyo.” At paglapit nila sa kanya ay niyakap ang kanyang mga paa at siya'y sinamba."
"Sinabihan sinda ni Jesus, “Dai kamo matakot. Sabihan nindo an mga tugang ko na magduman sinda sa Galilea, ta duman ninda ako mahihiling.”","Pagkatapos ay sinabi ni Jesus sa kanila, “Huwag kayong matakot. Humayo kayo at sabihin ninyo sa aking mga kapatid na pumunta sila sa Galilea, at doon ay makikita nila ako.”"
"Pakahale kan mga babae, nagduman sa syudad an ibang mga bantay asin isinumbong sa mga poon na padi an gabos na nangyari.","Habang patungo sila roon, ang ilan sa mga bantay ay pumunta sa lunsod at ibinalita sa mga punong pari ang lahat ng mga bagay na nangyari."
"Nag-orolay an mga poon na padi asin an mga kamagurangan; kan magkaoroyon sinda, tinawan ninda nin dakulang kantidad an mga soldados","Pagkatapos makipagpulong sa matatanda, nagpanukala sila na magbigay ng sapat na salapi sa mga kawal,"
"saka pinagbotan, “Sabihon nindo sa mga tawo na mantang kamo natotorog, nag-abot an mga disipulo ni Jesus dangan hinabon an saiyang bangkay.","na sinasabi, “Sabihin ninyo, ‘Ang kanyang mga alagad ay dumating nang gabi at siya'y kanilang ninakaw samantalang kami'y natutulog.’"
"Kun makaabot ini sa Gobernador, kami na an bahala na magpaliwanag saiya. Mayo kamong dapat na ikahandal.”","Kung mabalitaan ito ng gobernador, hihikayatin namin siya, at ilalayo namin kayo sa gulo.”"
Kinua kan mga bantay an kwarta saka ginibo ninda an sinabi sainda. Sagkod ngunyan siring kaiyan an sinasabi kan mga Judio.,At ginawa nga ng mga tumanggap ng salapi ang ayon sa itinuro sa kanila. Ang salitang ito ay kumalat sa mga Judio hanggang sa araw na ito.
"Nagduman an onseng disipulo sa Galilea, sa bulod na pinapadumanan sainda ni Jesus.","Samantala, ang labing-isang alagad ay pumunta sa Galilea, sa bundok na itinuro sa kanila ni Jesus."
"Kan mahiling ninda si Jesus, sinamba ninda siya, alagad an iba nagduwa-duwa.","At nang siya'y kanilang makita, ay kanilang sinamba siya. Subalit ang ilan ay nag-alinlangan."
"Dinolok sinda ni Jesus asin sinabihan, “Itinao sako an gabos na kapangyarihan sa langit asin sa daga.","Lumapit si Jesus at sinabi sa kanila, “Ang lahat ng awtoridad sa langit at sa ibabaw ng lupa ay ibinigay na sa akin."
"Kaya paduman kamo sa gabos na tawo saen man na lugar; gibohon nindo sindang mga disipulo ko. Bunyagan nindo sinda sa ngaran nin Ama, nin Aki, asin nin Espiritu Santo.","Kaya't sa paghayo ninyo, gawin ninyong alagad ang lahat ng mga bansa, bautismuhan ninyo sila sa pangalan ng Ama at ng Anak at ng Espiritu Santo,"
Tukdoan nindo sindang magkuyog kan gabos na ipinaboot ko saindo. Giromdomon nindo ini: danay akong kaiba nindo sagkod sa kataposan kan panahon.”,"at turuan silang sundin ang lahat ng mga bagay na iniutos ko sa inyo. At narito, ako'y kasama ninyong palagi, hanggang sa katapusan ng panahon.”"
"Ini an Marahay na Bareta ni Jesu-Cristo na Aki nin Dios,","Ang pasimula ng ebanghelyo ni Jesu-Cristo, ang Anak ng Diyos."
siring sa nasusurat sa libro ni Propeta Isaias:,"Ayon sa nasusulat sa Isaias na propeta,"
"“‘Uya, papaenoton ko saimo an sugo ko,","“Narito, ipinapadala ko ang aking sugo sa iyong unahan,"
nganing andamon an dalan na aagihan mo.’,na maghahanda ng iyong daan;
Igwang nagkukurahaw sa kalangtadan:,ang tinig ng isang sumisigaw sa ilang:
‘Andama an dalan para sa Kagurangnan;,"‘Ihanda ninyo ang daan ng Panginoon,"
tanosa an dalan na saiyang lalakawan!’”,"Tuwirin ninyo ang kanyang mga landas,’”"
"Kaya nagduman si Juan sa kalangtadan. Nagbunyag siya asin naghulit sa mga tawo, “Magbakle na kamo saka magpabunyag asin papatawadon kamo nin Dios kan mga kasalan nindo.”",si Juan na Tagapagbautismo ay dumating sa ilang at ipinangangaral ang bautismo ng pagsisisi sa ikapagpapatawad ng mga kasalanan.
Nagduman sa pagdangog ki Juan an gabos na taga Judea saka taga Jerusalem. Itinuga ninda an saindang mga kasalan dangan binunyagan sinda ni Juan sa Salog nin Jordan.,"Pumupunta sa kanya ang mga tao mula sa buong lupain ng Judea at ang lahat ng mga taga-Jerusalem; at sila'y binabautismuhan niya sa Ilog Jordan, na nagpapahayag ng kanilang mga kasalanan."
An gubing ni Juan hinabol na buhok nin kamelyo saka may hagkos siyang anit; an kinakakan niya doron asin dugos.,"Si Juan ay nakadamit ng balahibo ng kamelyo, may sinturong balat sa kanyang baywang, at kumakain ng mga balang at pulot-pukyutan."
"Nagpahayag siya sa mga tawo, “An tawong maabot na kasunod ko mas mapangyari ki sa sako, asin dai ako maninigo na maghale kan saiyang sandalyas.","At siya'y nangangaral, na nagsasabi, “Dumarating na kasunod ko ang higit na makapangyarihan kaysa akin; hindi ako karapat-dapat yumukod at magkalag ng tali ng kanyang mga sandalyas."
"Binubunyagan ko kamo sa tubig, alagad siya mabunyag saindo sa Espiritu Santo.”","Binautismuhan ko kayo sa tubig, ngunit kayo'y babautismuhan niya sa Espiritu Santo.”"
Dai nahaloy nag-abot si Jesus hale sa Nazaret nin Galilea asin binunyagan ni Juan sa Salog nin Jordan.,"Nang mga araw na iyon ay nanggaling si Jesus sa Nazaret ng Galilea, at siya'y binautismuhan ni Juan sa Jordan."
"Pakahawas ni Jesus sa tubig, nahiling tolos niya na an langit nabuksan asin an Espiritu Santo arog sa salampati na naghihilig saiya.","Pagkaahon niya sa tubig, nakita niyang biglang nabuksan ang kalangitan, at ang Espiritu na bumababa sa kanya na tulad sa isang kalapati."
"Dangan nagsabi an sarong tingog hale sa langit, “Ika an sakong namomotan na Aki na sakong ikinakaogma.”","At may isang tinig na nagmula sa langit, “Ikaw ang minamahal kong Anak, sa iyo ako lubos na nalulugod.”"
Pinaduman tolos siya kan Espiritu Santo sa kalangtadan.,At agad siyang dinala ng Espiritu sa ilang.
"Kwarentang aldaw siya duman, na pinagsogotan ni Satanas. Idtoon man duman an mga mariringis na hayop; asin pinaglingkodan siya kan mga anghel.","Siya'y nasa ilang ng apatnapung araw, at tinukso siya ni Satanas. Kasama siya ng mababangis na hayop at pinaglingkuran siya ng mga anghel."
"Kan mabilanggo si Juan, nagduman si Jesus sa Galilea asin naghulit siya kan Marahay na Bareta nin Dios.","Pagkatapos madakip si Juan, pumunta si Jesus sa Galilea na ipinangangaral ang ebanghelyo ng Diyos,"
"Nagsabi siya, “Uminabot na an talaan na panahon; uya na an Kahadean nin Dios! Magbakle kamo asin magtubod sa Marahay na Bareta!”","na sinasabi, “Naganap na ang panahon at malapit na ang kaharian ng Diyos: kayo'y magsisi at manampalataya sa ebanghelyo.”"
"Kan naglalakaw si Jesus sa baybayon kan Danaw nin Galilea, nahiling niya an magtugang na parasira—si Simon saka si Andres—na nag-iitsa kan hikot sa danaw.","Sa pagdaan ni Jesus sa tabi ng dagat ng Galilea, nakita niya sina Simon at ang kanyang kapatid na si Andres na naghahagis ng lambat sa dagat, sapagkat sila'y mga mangingisda."
"Inapod sinda ni Jesus, “Sumunod kamo sako asin gigibohon ko kamong parasira nin tawo.”","At sinabi sa kanila ni Jesus, “Sumunod kayo sa akin at gagawin ko kayong mga mamamalakaya ng mga tao.”"
Binayaan tolos ninda an saindang mga hikot saka nagsunod ki Jesus.,Kaagad nilang iniwan ang kanilang mga lambat at sumunod sa kanya.
Sa oroenotan nahiling ni Jesus an magtugang na Santiago asin Juan na mga aki ni Zebedeo. Yaon sinda sa sakayan nagpapakarahay kan mga hikot.,"Nang makalakad pa siya ng kaunti, nakita niya sina Santiago na anak ni Zebedeo at si Juan na kanyang kapatid na naghahayuma ng mga lambat sa kanilang bangka."
"Pakahiling sainda ni Jesus inapod niya sinda; binayaan ninda sa sakayan an ama nindang si Zebedeo sagkod an mga lalaking parapatandan, dangan nagsunod ki Jesus.",Agad niyang tinawag sila at iniwan nila si Zebedeo na kanilang ama sa bangka na kasama ng mga upahang tauhan at sumunod sa kanya.
"Nagduman si Jesus asin an saiyang mga disipulo sa banwaan nin Capernaum. Pag-abot kan Sabbath, naglaog si Jesus sa sinagoga saka nagtukdo.","Nagpunta sila sa Capernaum. Nang araw ng Sabbath, kaagad siyang pumasok sa sinagoga at nagturo."
"An mga tawo nagngalas sa saiyang katukdoan, huli ta nagtukdo siya na may kapangyarihan, bakong arog kan mga paratukdo kan katogonan.","Namangha sila sa kanyang aral, sapagkat sila'y tinuturuan niyang tulad sa isang may awtoridad at hindi gaya ng mga eskriba."
"Biglang naglaog sa sinagoga an sarong lalaking may maraot na espiritu saka nagkurahaw,","At bigla na lamang sa kanilang sinagoga ay may isang tao na may masamang espiritu; at siya'y sumigaw,"
"“Ano an boot mong gibohon samo, Jesus na taga Nazaret? Nagdigdi ka sa paglaglag samo? Midbid taka: ika an banal na sugo nin Dios!”","na nagsasabi, “Anong pakialam mo sa amin, Jesus ng Nazaret? Naparito ka ba upang kami'y puksain? Alam ko kung sino ka, ang Banal ng Diyos.”"
"Alagad pinagbotan ni Jesus an espiritu, “Dai ka magribok asin lumuwas ka sa tawong iyan!”","Sinaway siya ni Jesus, na nagsasabi, “Tumahimik ka, at lumabas ka sa kanya!”"
"Pinakimig-kimig an lalaki kan maraot na espiritu, kuminurahaw asin luminuwas sa lalaki.","Nang kanyang mapangisay siya, ang masamang espiritu ay sumigaw nang malakas na tinig, at lumabas sa tao."
"Nagngalas nin marahay an mga tawo asin nagharapotan sinda, “Ano ini, bagong katukdoan? An tawong ini may kapangyarihan na magboot sa mga maraot na espiritu asin minakuyog sinda saiya!”","Silang lahat ay namangha, at nagtanungan sila sa isa't isa, na sinasabi, “Ano ito? Isang bagong aral! May kapangyarihan siyang mag-utos maging sa masasamang espiritu at siya'y kanilang sinusunod.”"
An bareta dapit ki Jesus nakalakop sa bilog na rehiyon nin Galilea.,Agad na kumalat ang balita tungkol sa kanya sa buong palibot ng lupain ng Galilea.
"Paghale ninda sa sinagoga nagdagos sinda sa harong ni Simon asin Andres, kaiba si Santiago asin si Juan.","Pagkalabas sa sinagoga, pumasok sila sa bahay ni Simon at ni Andres, kasama sina Santiago at Juan."
"An panugangan na babae ni Simon naghihigda ta kinakalentura, asin ini tolos nindang sinabi ki Jesus.",At ang biyenang babae ni Simon ay nakahiga na nilalagnat at agad nilang sinabi kay Jesus ang tungkol sa kanya.
"Kaya dinolok ni Jesus an babae, kinaptan sa kamot saka tinabangan na bumangon. Tolos ining narahay asin naglingkod sainda.",Lumapit siya at hinawakan ang babae sa kamay at siya'y ibinangon. Nawala ang kanyang lagnat at siya'y naglingkod sa kanila.
"Pagsolnop kan aldaw, dinara ki Jesus kan mga tawo an gabos na naghehelang asin an mga may demonyo.","Pagsapit ng gabi, pagkalubog ng araw, kanilang dinala sa kanya ang lahat ng mga maysakit at ang mga inaalihan ng mga demonyo."
Nagtiripon sa natad kan harong an gabos na tawo sa banwa.,Ang buong lunsod ay nagkatipon sa may pintuan.
Binolong ni Jesus an dakul na tawong may manlaen-laen na helang asin pinaluwas niya an dakul na demonyo. Dai ni Jesus tinugotan na magtaram nin anoman an mga demonyo huli ta midbid ninda kun siisay siya.,"At nagpagaling siya ng maraming iba't ibang may karamdaman at nagpalayas siya ng maraming demonyo. Hindi niya pinahintulutang magsalita ang mga demonyo, sapagkat siya'y kilala nila."
"Kan sunod na aldaw, haloy pa bago magsirang an aldaw, nagbangon na si Jesus dangan naghale sa harong. Nagpasiring siya sa lugar na mayong tawo dangan namibi duman.","Nang madaling-araw, habang madilim pa, pagbangon ni Jesus ay lumabas siya at nagtungo sa isang ilang na lugar, at doon ay nanalangin."
Hinanap siya ni Simon asin kan saiyang mga kairiba.,Hinanap siya ni Simon at ng mga kasamahan niya.
"Kan makua ninda siya, nagsabi sinda saiya, “Hinahanap ka kan mga tawo.”","Siya'y natagpuan nila, at sinabi sa kanya, “Hinahanap ka ng lahat.”"
"Alagad nagsimbag si Jesus, “Magduman kita sa ibang mga banwa tanganing hulitan ko man kan tataramon nin Dios, huli ta iyan an katuyohan kan pagdigdi ko.”","Sinabi niya sa kanila, “Pumunta tayo sa iba pang mga karatig-bayan upang ako'y makapangaral din naman doon, sapagkat dahil dito ako'y naparito.”"
Kaya linibot ni Jesus an bilog na Galilea. Naghulit siya sa mga sinagoga saka nagpaluwas nin mga demonyo.,At nagpunta siya sa buong Galilea na nangangaral sa kanilang mga sinagoga at nagpapalayas ng mga demonyo.
"Nagdolok ki Jesus an sarong daoton, nagluhod saka nakimaherak na tabangan. “Kun boot mo, malilinigan mo ako,” an sabi kan daoton.","Lumapit sa kanya ang isang ketongin na nakikiusap at nakaluhod na nagsasabi, “Kung gusto mo, maaari mo akong linisin.”"
"Naherak saiya si Jesus, inunat an saiyang kamot, dinutaan an daoton asin sinabihan, “Boot ko! Magin malinig ka!”","Dahil sa awa, iniunat ni Jesus ang kanyang kamay, hinipo ang ketongin at sinabi sa kanya, “Gusto ko, maging malinis ka.”"
Nahale tolos an daot asin nagin malinig an lalaki.,At kaagad na nawala ang kanyang ketong at siya'y naging malinis.
Pinahale tolos siya ni Jesus pakatapos na pagbotan nin siring:,"Pagkatapos na mahigpit siyang binalaan, kaagad niya itong pinaalis."
"“Dai mo ini ipang-osip, kundi magduman ka asin magpahiling sa padi; dangan magdolot ka kan ipinagboboot ni Moises sa pagpatunay sa gabos na tawo na malinig ka na.”","Sinabi niya sa kanya, “Tiyakin mong wala kang sasabihin kaninuman kundi pumunta ka at magpakita sa pari at maghandog ka para sa pagkalinis sa iyo ayon sa ipinag-utos ni Moises bilang isang patotoo sa kanila.”"
Pakalihis nin nagkapirang aldaw nagbalik si Jesus sa Capernaum asin nakalakop an bareta na siya nasa saiyang harong.,"Nang siya'y magbalik sa Capernaum pagkaraan ng ilang araw, kumalat ang balita na siya'y nasa bahay."
"Kaya kadakul na tawo an nagduman, mala ta mayo na nin lugar na matitindogan maski sa natad. Naghuhulit si Jesus sainda kan tataramon,","Maraming nagtipon, kaya't wala nang lugar kahit sa may pintuan. At kanyang ipinangaral sa kanila ang salita."
kan mag-abot an apat na lalaking may pinagbubuligan pasiring saiya na sarong lalaking paralitiko.,May mga taong dumating na may dala sa kanya na isang lalaking lumpo na buhat ng apat.
"Huli sa kadakulan nin tawo, dai ninda ikinarani ki Jesus an paralitiko. Kaya hinaklas ninda an atop sa tangod kan natitindogan ni Jesus saka itinunton ninda an nahihigdaan kan paralitiko.","Nang hindi nila ito mailapit sa kanya dahil sa karamihan ng tao, kanilang tinanggal ang bubungan sa tapat ng kanyang kinaroroonan. Nang kanilang mabutas iyon, ibinaba nila ang higaang kinahihigan ng lumpo."
"Kan mahiling ni Jesus an saindang pagtubod, sinabihan niya an paralitiko, “Aki ko, pinapatawad na an mga kasalan mo.”","Nang makita ni Jesus ang kanilang pananampalataya, sinabi niya sa lumpo, “Anak, pinatatawad na ang iyong mga kasalanan.”"
Nagkapirang mga paratukdo kan Katogonan na nagtutukaw duman an nagsaboot:,"May ilan sa mga eskriba na nakaupo roon na nagtatanong sa kanilang mga puso,"
“Tadaw ta nangangahas na maglanghad an tawong ini tumang sa Dios? Dai nin siisay man na makakapagpatawad nin mga kasalan kundi an Dios sana!”,“Bakit nagsasalita ng ganito ang taong ito? Siya'y lumalapastangan! Sino ang makapagpapatawad ng mga kasalanan maliban sa Diyos?”
"Aram ni Jesus an iniisip ninda, kaya hinapot niya sinda tolos, “Tadaw ta nag-iisip kamo nin siring?","Pagkabatid ni Jesus sa kanyang espiritu na nagtatanong sila ng gayon sa kanilang mga sarili, agad niyang sinabi sa kanila, “Bakit nagtatanong kayo ng ganito sa inyong mga puso?"
"Arin an mas masayon sabihon sa paralitikong ini, ‘Pinapatawad na an mga kasalan mo,’ o ‘Tindog, daraha an higdaan mo asin lakaw’?","Alin ba ang mas madali, ang sabihin sa lumpo, ‘Pinatatawad na ang iyong mga kasalanan;’ o ang sabihin, ‘Tumayo ka, damputin mo ang iyong higaan, at lumakad ka?’"
"Alagad tanganing maaraman nindo na an Aki nin Tawo igwa nin kapangyarihan digdi sa daga na magpatawad nin mga kasalan,” sinabihan niya an paralitiko,",Ngunit upang malaman ninyo na ang Anak ng Tao ay may awtoridad sa lupa na magpatawad ng mga kasalanan”—sinabi niya sa lumpo—
"“Tindog, daraha an saimong higdaan dangan pumuli ka na!”","“Sinasabi ko sa iyo, tumayo ka, damputin mo ang iyong higaan, at umuwi ka.”"
"Nagtindog an paralitiko, dinara an hinigdaan niya dangan hidaling naghale na nahihiling kan mga tawo. Nagngalas sinda gabos, nag-omaw sa Dios saka nagsabi, “Dai pa kami nakahiling nin arog kaini!”","Tumayo nga siya, agad na dinampot ang higaan at umalis sa harapan nilang lahat. Anupa't namangha silang lahat at niluwalhati nila ang Diyos, na nagsasabi, “Kailanma'y hindi pa tayo nakakita ng ganito!”"
Nagduman giraray si Jesus sa tampi kan Danaw nin Galilea. Sinundan siya kan mga tawo asin tinukdoan niya sinda.,At si Jesus ay muling lumabas sa tabi ng lawa. Nagtipon sa paligid niya ang napakaraming tao at sila'y kanyang tinuruan.
"Mantang naglalakaw siya, nahiling niya an parasingil nin buhis na si Levi, aki ni Alfeo, na nagtutukaw sa pinagsisingilan nin buhis. Sinabihan siya ni Jesus, “Sumunod ka sako.” Nagtindog si Levi dangan nagsunod ki Jesus.","Habang siya'y naglalakad, nakita niya si Levi na anak ni Alfeo na nakaupo sa tanggapan ng buwis at sinabi sa kanya, “Sumunod ka sa akin.” Tumayo siya at sumunod sa kanya."
"Kan si Jesus nagkakakan sa harong ni Levi, kadakul na parasingil nin buhis asin mga parakasala an nagsurunod saiya; dakul sainda an nagsabay sa lamesa ki Jesus asin sa saiyang mga disipulo.","At nang siya'y nakaupo sa hapag-kainan sa bahay ni Levi, maraming maniningil ng buwis at mga makasalanan ang nakaupong kasalo ni Jesus at ng kanyang mga alagad sapagkat marami silang sumunod sa kanya."
"Nagkapirang paratukdo kan Katogonan, na mga Fariseo, pakahiling ki Jesus na nagkakakan kasabay an mga parasingil nin buhis saka mga parakasala, nagsabi sa mga disipulo ni Jesus, “Tadaw ta nagkakakan siya sa kaibahan nin mga parasingil nin buhis saka mga parakasala?”","Nang makita ng mga eskriba ng mga Fariseo na siya'y kumakaing kasalo ng mga makasalanan at ng mga maniningil ng buwis, sinabi nila sa kanyang mga alagad, “Bakit siya kumakaing kasalo ng mga maniningil ng buwis at ng mga makasalanan?”"
"Kan madangog ini ni Jesus, sinabihan niya sinda, “An mga mayong helang dai nangangaipo nin doktor kundi an mga naghehelang. Dai ako nagdigdi sa pag-apod kan mga matanos kundi kan mga parakasala.”","Nang ito'y marinig ni Jesus, sinabi niya sa kanila, “Ang malalakas ay hindi nangangailangan ng manggagamot, kundi ang mga maysakit. Hindi ako naparito upang tawagin ang mga matuwid, kundi ang mga makasalanan.”"
"Nag-aayuno kaidto an mga disipulo ni Juan Bautista asin an mga Fariseo kan nagdolok an nagkapirang tawo ki Jesus saka naghapot, “Tadaw ta nag-aayuno an mga disipulo ni Juan saka kan mga Fariseo, alagad an mga disipulo mo dai?”","Noon ay nag-aayuno ang mga alagad ni Juan at ang mga Fariseo. Sila'y lumapit at sinabi sa kanya, “Bakit nag-aayuno ang mga alagad ni Juan at ang mga alagad ng mga Fariseo, ngunit hindi nag-aayuno ang iyong mga alagad?”"
"Nagsimbag si Jesus, “Mag-aayuno daw an mga bisita sa kinasal mantang kaiba pa ninda an nobyo? Mantang kaiba pa ninda an nobyo dai sinda mag-aayuno.","Sinabi sa kanila ni Jesus, “Maaari bang mag-ayuno ang mga abay sa kasalan, samantalang ang lalaking ikakasal ay kasama pa nila? Habang kasama pa nila ang lalaking ikakasal, hindi sila maaaring mag-ayuno."
"Alagad maabot an panahon na an nobyo hahaleon sa kaibahan ninda. Pag-abot kan aldaw na iyan, dangan na sinda mag-aayuno.",Ngunit darating ang mga araw na kukunin sa kanila ang lalaking ikakasal at kung magkagayo'y mag-aayuno sila sa araw na iyon.
"“Dai nin siisay man na minatagubhang nin bagong tela sa daan na gubing huli ta pagkonkon kan itinagubhang na bagong tela, orog na madakula an gisi.","Walang nagtatagpi ng matibay na tela sa damit na luma. Kapag gayon, babatakin ng itinagpi, ang bago mula sa luma at lalong lalaki ang punit."
"Dai nin siisay man na minapalis nin bagong arak sa daan na lalagan na anit, ta mabubusi kan bagong arak an daan na anit asin parehong masasayang an arak saka an lalagan na anit. Kaya, ipalis an bagong arak sa bagong lalagan na anit.”","Walang naglalagay ng bagong alak sa mga lumang sisidlang balat. Kapag gayon, papuputukin ng alak ang mga balat at matatapon ang alak at masisira ang mga sisidlang balat. Sa halip, ang bagong alak ay inilalagay sa mga bagong sisidlang balat.”"
"Sarong aldaw na Sabbath, nag-agi sa mga oma nin trigo si Jesus kaiba an saiyang mga disipulo. Mantang naglalakaw sinda, nagrapgos nin trigo an mga disipulo.","Nang isang Sabbath, nagdaraan siya sa mga bukirin ng trigo, at samantalang sila'y nagdaraan ang kanyang mga alagad ay nagsimulang pumitas ng mga uhay."
"Kaya sinabihan kan mga Fariseo si Jesus, “Hilinga, tadaw ta ginigibo kan mga disipulo mo an ipinangangalad sa Katogonan dapit sa Sabbath?”","Sinabi sa kanya ng mga Fariseo, “Tingnan mo, bakit nila ginagawa ang hindi ipinahihintulot sa araw ng Sabbath?”"
"Sinimbag sinda ni Jesus, “Dai pa nindo nabasa kun ano an ginibo ni David kan siya saka an saiyang kairiba magutom?","At sinabi niya sa kanila, “Kailanman ba'y hindi ninyo nabasa ang ginawa ni David nang siya at ang kanyang mga kasamahan ay nagutom at nangailangan ng pagkain?"
Naglaog siya sa harong nin Dios dangan kinakan an tinapay na idinolot na sa Dios; tinawan pa niya an mga kairiba niya. Maski ngani an sabi sa Katogonan mga padi sana an pwedeng magkakan kan tinapay na idto. Nangyari idto kan si Abiatar an Halangkaw na Padi.”,"Kung paanong pumasok siya sa bahay ng Diyos, noong si Abiatar ang pinakapunong pari at kumain siya ng tinapay ng paghahandog, na hindi ipinahihintulot kainin maliban ng mga pari lamang at binigyan pa niya ang kanyang mga kasamahan?”"
"Nagsabi pa si Jesus, “An Sabbath minukna para sa tawo; bakong an tawo para sa Sabbath.","At sinabi niya sa kanila, “Ang Sabbath ay ginawa para sa tao, at hindi ang tao para sa Sabbath."
Kaya an Aki nin Tawo Kagurangnan maski kan Sabbath.”,Kaya't ang Anak ng Tao ay Panginoon maging ng Sabbath.”
Nagbalik giraray si Jesus sa sinagoga. Igwa duman nin sarong tawong paralisado an sarong kamot.,Muli siyang pumasok sa sinagoga at doo'y may isang lalaking paralisado ang isang kamay.
Binantayan si Jesus kan nagkapirang tawo duman kun bobolongon niya an lalaki sa aldaw na Sabbath tanganing ikasumbong ninda siya.,Kanilang minamatyagan si Jesus kung kanyang pagagalingin ang lalaki sa araw ng Sabbath upang siya'y maparatangan nila.
"Sinabihan ni Jesus an lalaki, “Madya digdi.”","Sinabi niya sa lalaking paralisado ang kamay, “Lumapit ka.”"
"Dangan hinapot niya an mga tawo, “Ano an itinutugot kan Katogonan na gibohon sa aldaw na Sabbath? Pagtabang o pagraot? Pagligtas nin buhay nin tawo o paggadan?”","At sinabi niya sa kanila, “Ipinahihintulot ba na gumawa ng mabuti sa araw ng Sabbath, o ang gumawa ng masama, magligtas ng buhay, o pumuksa nito?” Ngunit sila'y tahimik."
Alagad dai sinda naggirong.,"Sila'y tiningnan niya ng may galit. Nalulungkot siya sa katigasan ng kanilang puso at sinabi niya sa lalaki, “Iunat mo ang iyong kamay.” Iniunat niya ito at nanumbalik sa dati ang kanyang kamay."
"Anggot na hiniling ni Jesus an mga tawo asin nagmondo siya huli sa katagasan kan saindang puso. Sinabihan niya an lalaki, “Unata an kamot mo.” Inunat kan lalaki an kamot niya dangan naomayan idto.",Lumabas ang mga Fariseo at agad nakipagsanggunian sa mga Herodiano laban sa kanya kung paanong siya'y mapupuksa nila.
"Pakatapos, nagluwas sa sinagoga an mga Fariseo asin nakipagtagbo tolos sinda sa mga kakampi ni Herodes asin nag-orolay sinda kun paano ninda magagadan si Jesus.",At si Jesus ay umalis kasama ng kanyang mga alagad patungo sa lawa. Sumunod ang napakaraming tao mula sa Galilea.
"Nagduman sa Danaw nin Galilea si Jesus saka an saiyang mga disipulo; nagsunod saiya an kadakul na tawo hale sa Galilea, sa Judea,","Nang kanilang mabalitaan ang lahat ng kanyang ginawa, napakaraming tao ang pumaroon sa kanya mula sa Judea, Jerusalem, Idumea, sa kabilang ibayo ng Jordan, at sa palibot ng Tiro at Sidon."
"Jerusalem, Idumea, sa ibong kan Jordan asin hale sa mga banwaan sa palibot kan mga syudad nin Tiro asin Sidon. An mga ini nagduman ki Jesus huli ta nadangog ninda an mga bagay na saiyang ginibo.","At sinabi niya sa kanyang mga alagad na ihanda para sa kanya ang isang bangka dahil sa napakaraming tao, baka siya'y kanilang siksikin."
Sinabihan ni Jesus an saiyang mga disipulo na mag-andam nin sakayan tanganing dai siya dagosoon kan mga tawo.,"Sapagkat siya'y nagpagaling ng marami, siniksik siya ng lahat ng maysakit upang siya'y mahipo."
"Kadakul na an binolong niya, kaya nakikipagsosoan pasiring saiya an gabos na naghehelang tanganing makaduta lamang saiya.","At tuwing makikita siya ng masasamang espiritu, sila'y nagpapatirapa sa kanyang harapan, at sumisigaw, “Ikaw ang Anak ng Diyos.”"
"Kun nahihiling siya kan mga tawong may maraot na espiritu, minadapa sinda sa atubangan niya saka minakurahaw, “Ika an Aki nin Dios!”",Mahigpit na iniutos niya sa kanila na siya'y huwag nilang ipahayag.
Alagad pinagbotan nanggad ni Jesus na dai siya ninda ipagpamidbid.,"Siya'y umahon sa bundok, at tinawag niya ang kanyang mga naibigan at lumapit sila sa kanya."
Dangan nagtukad si Jesus sa bulod asin inapod an mga lalaking boot niyang pilion; nagdorolok sinda saiya.,"Humirang siya ng labindalawa na tinawag din niyang mga apostol upang sila'y makasama niya at upang sila'y suguin niyang mangaral,"
Puminili siya nin dose (na inapod niyang mga apostol) tanganing magin kaiba-iba niya asin tanganing sugoon na maghulit kan Marahay na Bareta.,at magkaroon ng kapangyarihang magpalayas ng mga demonyo:
Tinawan niya sinda nin kapangyarihan sa pagpaluwas nin mga demonyo.,[Ito ang labindalawang hinirang niya:] si Simon na kanyang pinangalanang Pedro;
An doseng pinili iyo ini: si Simon (na inapod ni Jesus na Pedro);,"si Santiago na anak ni Zebedeo, at si Juan na kapatid ni Santiago na tinawag niyang Boanerges, na ang kahulugan ay mga Anak ng Kulog;"
"si Santiago saka an tugang niyang si Juan na mga aki ni Zebedeo (na inaapod Boanerges, na an boot sabihon “Mga Aki nin Daguldol”);","si Andres, si Felipe, si Bartolome, si Mateo, si Tomas, si Santiago na anak ni Alfeo, si Tadeo, si Simon na Cananeo;"
"si Andres, Felipe, Bartolome, Mateo, Tomas, Santiago na aki ni Alfeo, si Tadeo, si Simon na Patriota,",at si Judas Iscariote na siyang nagkanulo sa kanya.
asin si Judas Iscariote na nagpasaluib saiya.,"At pumasok siya sa isang bahay, at muling nagkatipon ang maraming tao, kaya't sila'y hindi man lamang makakain."
Dangan nagpuli si Jesus. Dakul na tawo an nagtiripon giraray kaya si Jesus sagkod an saiyang mga disipulo mayo na nin oras na magkakan.,"Nang mabalitaan iyon ng kanyang sambahayan, lumabas sila upang siya'y pigilan sapagkat sinasabi ng mga tao, “Wala siya sa sarili.”"
"Kan madangog ini kan saiyang mga kadugo, nagduman sinda tanganing kuahon siya huli ta may mga tawong nagsasabing nabubua na siya.","At sinabi ng mga eskriba na bumaba mula sa Jerusalem, “Nasa kanya si Beelzebul. Sa pamamagitan ng pinuno ng mga demonyo ay nagpapalayas siya ng mga demonyo.”"
"An nagkapirang mga paratukdo kan Katogonan na hale sa Jerusalem nagsabi, “Yaon saiya si Beelzebul, an poon kan mga demonyo, na iyo an nagtatao saiya nin kapangyarihan sa pagpaluwas kan mga demonyo.”","Sila'y kanyang pinalapit sa kanya at nagsalita sa kanila sa mga talinghaga, “Paanong mapapalayas ni Satanas si Satanas?"
"Kaya pinarani ni Jesus saiya an mga tawo asin nagtaram sainda sa paagi nin mga parabola, “Paanong mapaluwas ni Satanas si Satanas?","Kung ang isang kaharian ay nagkakabaha-bahagi laban sa kanyang sarili, hindi makakatayo ang kahariang iyon."
"Kun an sarong kahadean nababanga, an kahadean na iyan dai magdadanay.","At kung ang isang bahay naman ay nagkakabaha-bahagi laban sa kanyang sarili, hindi makakatayo ang bahay na iyon."
"Kun an sarong pamilya nababanga, an pamilyang iyan dai magdadanay.","Kung maghihimagsik si Satanas laban sa kanyang sarili at magkabaha-bahagi, hindi siya makakatayo, kundi siya'y magwawakas."
"Kaya kun magrebelde si Satanas sa sadiri niya dangan mabanga, dai siya madanay kundi iyo na iyan an saiyang kataposan.","Ngunit walang makakapasok sa bahay ng malakas na tao upang samsamin ang kanyang mga ari-arian, malibang gapusin muna niya ang malakas na tao; at kung magkagayo'y malolooban niya ang bahay nito."
"“Mayong makakasalakat sa harong kan makosog na tawo kun dai ngona niya gaposon ini. Kun magapos na niya, saka pa sana niya masasamsaman an harong.",“Katotohanang sinasabi ko sa inyo na patatawarin ang lahat ng mga kasalanan ng anak ng mga tao at anumang paglapastangan na kanilang sabihin.
"“Sa Katotoohan sinasabihan ko kamo, pwedeng patawadon an mga tawo kan gabos nindang kasalan sagkod kan anoman na ginibo nindang paglanghad.","Ngunit sinumang magsalita ng paglapastangan laban sa Espiritu Santo ay walang kapatawaran magpakailanman, kundi nagkakasala ng isang kasalanang walang hanggan,”"
Alagad an maglanghad sa Espiritu Santo dai nanggad nin kapatawadan dahel ta nakaginibo siya nin kasalan na daing kataposan.” (,"sapagkat sinabi nila, “Siya'y may masamang espiritu.”"
"Itinaram ini ni Jesus dahel ta sinda nagsasabi, “Igwa siya nin maraot na espiritu.”)","Dumating ang kanyang ina at ang kanyang mga kapatid na lalaki. At nakatayo sila sa labas, nagpasugo sa kanya, at siya'y tinawag."
Dangan nag-abot an ina asin mga tugang ni Jesus. Nagtindog sinda sa luwas kan harong asin pinatabian siya.,"Nakaupo ang maraming tao sa palibot niya at sinabi nila sa kanya, “Nasa labas ang iyong ina at ang iyong mga kapatid, at hinahanap ka.”"
"An mga tawong nagtuturukaw sa palibot niya nagsabi saiya, “Nasa luwas an saimong ina asin mga tugang, pinapatabian ka.”","Sumagot siya sa kanila, “Sino ang aking ina at ang aking mga kapatid?”"
"Alagad nagsimbag si Jesus, “Siisay an sakuyang ina asin an sakuyang mga tugang?”","Tiningnan niya ang mga nakaupo sa palibot niya at sinabi, “Narito ang aking ina at ang aking mga kapatid!"
"Hiniling niya an mga nagtutukaw sa palibot niya asin nagsabi, “Ini an sakong ina asin mga tugang!","Sapagkat sinumang gumaganap ng kalooban ng Diyos, ay siyang aking kapatid na lalaki, kapatid na babae, at ina.”"
"Nagpoon giraray magtukdo si Jesus sa tampi kan Danaw nin Galilea. Tiniriponan siya nin kadakul na tawo kaya naglunad asin nagtukaw siya sa sarong sakayan na yaon sa tubig, mantang an mga tawo nasa baybayon.","Siya'y muling nagpasimulang magturo sa tabi ng dagat. At nagtipon sa palibot niya ang napakaraming tao, kaya't siya'y sumakay sa isang bangkang nasa lawa at naupo roon. Ang lahat ng tao ay nasa dalampasigan."
Tinukdoan niya sinda nin dakul na bagay sa paagi nin mga parabola:,"Sila'y tinuruan niya ng maraming bagay sa pamamagitan ng mga talinghaga at sa kanyang pagtuturo ay sinabi niya sa kanila,"
“Paghinanyog kamo! May sarong paraoma na nagsabwag nin banhi.,“Makinig kayo. Ang isang manghahasik ay lumabas upang maghasik.
"Mantang isinasabwag niya an banhi, nahulog an iba sa dalan; nag-abot an mga gamgam saka tinuka idto.","At nangyari, sa kanyang paghahasik, ang ilang binhi ay nahulog sa tabi ng daan at nagdatingan ang mga ibon at kinain ito."
An ibang banhi nakasabwag sa lugar na magapo. Nagtambo tolos ini huli ta manipis an daga duman.,Ang iba ay nahulog sa batuhan na doo'y walang maraming lupa. Agad itong sumibol sapagkat hindi malalim ang lupa.
"Alagad pag-init kan aldaw nagkaaralang tolos an sadit pang tinanom, huli ta dai nakagamot nin hararom.","Nang sumikat ang araw, nainitan ito at dahil sa walang ugat, ito'y natuyo."
An iba man na mga banhi nahulog sa katonokan. Pagtambo kan tonok pinoot an banhi kaya dai nagbunga.,"Ang iba ay nahulog sa tinikan at lumaki ang mga tinik at sinakal ito, at ito'y hindi namunga."
"Alagad an ibang banhi nakasabwag sa matabang daga, nabuhay asin namunga: may treynta, sesenta, asin sanggatos.”","Ang iba ay nahulog sa mabuting lupa at namunga, na tumataas, lumalago at namumunga ng tatlumpu, animnapu, at isandaan.”"
"Nagsabi pa si Jesus, “An may talinga magdangog!”","At sinabi niya, “Ang may taingang pandinig ay makinig.”"
"Kan mayo an kadaklan, nagdolok ki Jesus an mga nasa palibot niya kaiba an dose asin naghapot saiya kun ano an kahulogan kan mga parabola.","Nang siya'y mag-isa na, ang mga nasa palibot niya kasama ang labindalawa ay nagtanong sa kanya tungkol sa mga talinghaga."
"Sinabihan sinda ni Jesus, “Saindo ipinapasabot an mga hilom kan Kahadean nin Dios, alagad an iba tinutukdoan sa paagi nin mga parabola,","At sinabi niya sa kanila, “Sa inyo ipinagkaloob ang hiwaga ng kaharian ng Diyos, ngunit sa kanilang nasa labas, ang lahat ng mga bagay ay ginagawa sa mga talinghaga;"
tanganing,"upang kung sa pagtingin ay hindi sila makakita; at sa pakikinig ay hindi sila makaunawa, baka sila'y magbalik-loob at mapatawad.”"
"‘maski anong hiling ninda, dai sinda makakamaan,","At sinabi niya sa kanila, “Hindi ba ninyo nalalaman ang talinghagang ito? Paano nga ninyo mauunawaan ang lahat ng mga talinghaga?"
"maski anong dangog ninda, dai sinda makakasabot;",Ang manghahasik ay naghahasik ng salita.
"huli ta kun makahiling sinda asin makasabot, tibaad magbalik sinda sa Dios","Ito ang mga nasa tabi ng daan na nahasikan ng salita. Nang kanilang mapakinggan ito, agad dumating si Satanas at inagaw ang salitang inihasik sa kanila."
asin patawadon niya sinda.’”,"Gayundin naman ang mga nahasik sa batuhan, nang marinig nila ang salita, agad nila itong tinanggap na may galak;"
"Dangan hinapot sinda ni Jesus, “Dai nindo nasasabotan an parabolang ini? Kun siring, paano nindong masabotan an iba pang parabola?","at hindi ito nagkaugat sa kanilang sarili, kundi panandalian lamang. Kaya't nang dumating ang kapighatian o ang mga pag-uusig dahil sa salita, kaagad silang tumatalikod."
An paraoma nagsasabwag kan tataramon.,"Ang iba'y nahasik sa tinikan. Ang mga ito ang nakinig ng salita,"
"An ibang mga tawo garo an mga banhi na nahuhulog sa dalan. Pakadangog ninda kan tataramon, minaabot tolos si Satanas; inaagaw niya an tataramon na isinabwag sainda.","ngunit ang mga alalahanin ng sanlibutan, ang pang-akit ng mga kayamanan, at ang mga pagnanasa sa ibang bagay ay pumasok at sinakal ang salita at ito'y hindi nakapamunga."
"An ibang mga tawo garo an mga banhi na nahuhulog sa lugar na magapo. Pakadangog ninda kan tataramon, maogma nindang inaako ini.","Ang mga ito ang nahasik sa mabuting lupa: narinig nila ang salita, tinanggap ito at namumunga ng tatlumpu, animnapu at isandaan.”"
"Alagad dai nakatadom nin marahay kaya dai nahaloy. Pag-abot kan karibokan o kasakitan dahel sa tataramon, minabaya tolos sinda.","At sinabi niya sa kanila, “Inilalabas ba ang ilawan upang ilagay sa ilalim ng takalan, o sa ilalim ng higaan, at hindi sa talagang lalagyan ng ilawan?"
"An ibang mga tawo garo an mga banhi na nahuhulog sa lugar na matonok. Sinda an mga tawo na nagdadangog kan tataramon,",Sapagkat walang bagay na nakatago na hindi ihahayag; o walang nalilihim na hindi ilalantad sa liwanag.
"alagad pinopoot ini kan mga kahaditan sa buhay na ini, pagkamoot sa kayamanan asin kan kamawotan sa manlaen-laen na bagay. Kaya dai nagbubunga.","Kung ang sinuman ay may taingang ipandirinig, hayaan siyang makinig.”"
"Alagad an ibang mga tawo garo an mga banhi na nakakasabwag sa matabang daga. Dinadangog ninda asin inaako an tataramon, saka namumunga; may treynta, may sesenta, may sanggatos.”","At sinabi niya sa kanila, “Pag-ingatan ninyo kung ano ang inyong pinapakinggan: sa panukat na inyong isinusukat, kayo'y susukatin; at higit pa ang sa inyo'y ibibigay."
"Nagsabi pa si Jesus, “Pinapagkotan daw an ilawan tanganing tahoban o ibugtak sa irarom kan higdaan? Bako daw ibinubugtak iyan sa bugtakan kan ilawan?","Sapagkat ang mayroon ay lalo pang bibigyan; at ang wala, pati na ang nasa kanya ay kukunin pa.”"
"Huli ta an anoman na natatago, ihahayag; an anoman na natatahoban, bubuksan.","Sinabi niya, “Ang kaharian ng Diyos ay gaya ng isang taong naghahasik ng binhi sa lupa,"
"An may talinga, magdangog!”",at natutulog at bumabangon siya sa gabi at araw. Sumisibol at lumalaki ang binhi na hindi niya nalalaman kung paano.
"Nagtaram pa siya sainda, “Pakatandaan nindo an saindong nadadangog! An sukol na ginagamit nindo sa iba, iyo man an gagamiton nin Dios saindo, asin orog pa.","Ang lupa mismo ang nagpapasibol sa halaman, una ang usbong, saka ang uhay, pagkatapos ay ang uhay na hitik sa butil."
"Huli ta an siisay man na igwa, tatawan pa nin mas dakul; alagad an siisay na mayo, kukuahan pa maski kan kadikit na sadiri niya.”","Ngunit kapag hinog na ang bunga, agad niyang kinukuha ang karit, sapagkat dumating na ang pag-aani.”"
"Nagtaram pa si Jesus, “An Kahadean nin Dios nakakaagid sa tawo na nagsabwag nin banhi sa oma.","Kanyang sinabi, “Sa ano natin maihahambing ang kaharian ng Diyos; o anong talinghaga ang gagamitin natin para dito?"
"Minakatorog siya pagkabanggi, minabangon pagkaaga, mantang an banhi nagtatambo saka nagtatalubo. Alagad dai niya aram kun paanong nangyayari iyan.","Ito'y tulad sa butil ng binhi ng mustasa na kapag naihasik sa lupa, bagama't siyang pinakamaliit sa lahat ng mga binhi na nasa lupa,"
"Kawasa ta an mismong daga an nagpapatalubo sa tanom: enot minatunga an dahon, sunod an uhoy, dangan an mga tipasi.","ngunit kapag ito'y naihasik ay tumutubo, nagiging mas malaki kaysa lahat ng mga halaman, at nagsasanga ng malalaki, anupa't ang mga ibon sa himpapawid ay nakakagawa ng mga pugad sa lilim nito.”"
"Kun an mga tipasi hinog na, pinuputol na nin asyab, huli ta panahon na nin pag-ani.”","Sa pamamagitan ng gayong maraming talinghaga, sinabi niya sa kanila ang salita, ayon sa kakayahan nilang makinig."
"Nagsabi pa si Jesus, “Sa ano ta ikakabaing an Kahadean nin Dios? Anong parabola an satong gagamiton sa pagpaliwanag kaiyan?",At hindi siya nagsalita sa kanila maliban sa talinghaga ngunit sa kanyang sariling mga alagad ay sarilinan niyang ipinapaliwanag ang lahat ng mga bagay.
An Kahadean nin Dios nakakaagid sa sarong pisog nin mustasa na itinanom sa daga. Ini an pinakasadit sa gabos na pisog sa kinaban.,"Nang araw ding iyon, nang sumapit na ang gabi ay sinabi niya sa kanila, “Tumawid tayo sa kabilang ibayo.”"
"Alagad kun itinanom, minatalubo asin nagigin pinakadakula sa gabos na tanom. Minasanga ini nin darakula kaya an mga gamgam minagibo nin mga salagan sa lindong kaiyan.”","Pagkaiwan sa maraming tao, siya'y kanilang isinama sa bangka, ayon sa kanyang kalagayan. At may iba pang mga bangka na kasama niya."
Dakul na parabolang siring kaini an ginamit ni Jesus kan ipinaghuhulit niya an tataramon nin Dios sagkod sa kaya nindang masabotan.,"At nagkaroon ng isang malakas na unos, sumalpok ang mga alon sa bangka, anupa't ang bangka ay halos napupuno na ng tubig."
"Dai siya nagtukdo sainda kun bakong sa paagi nin mga parabola, alagad kun an mga disipulo sana an yaon, ipinaliwanag niya sainda an gabos.","Ngunit siya'y nasa hulihan ng bangka at natutulog na may inuunan. Siya'y ginising nila, at sinabi sa kanya, “Guro, hindi ka ba nababahala na mapapahamak tayo?”"
"Pagkabanggi kan aldaw man sanang idto, nagsabi si Jesus sa saiyang mga disipulo, “Magbalyo kita sa ibong kan danaw.”","Paggising niya ay sinaway niya ang hangin at sinabi sa dagat, “Pumayapa ka. Tumahimik ka!” Tumigil nga ang hangin at nagkaroon ng katahimikan."
Kaya binayaan ninda an mga tawo; naglunad an mga disipulo sa sakayan na nalulunadan ni Jesus asin ipinag-iba ninda siya. May mga nagsabay saindang ibang sakayan.,"Sinabi niya sa kanila, “Bakit kayo natakot? Wala ba kayong pananampalataya?”"
"Bigla sanang uminabot an makosog na subasko kaya an mga alon nag-aapwak sa sakayan, asin haros mapano na ini nin tubig.","Sila'y sinidlan ng malaking takot at sinabi sa isa't isa, “Sino nga ito, na pati ang hangin at ang dagat ay sumusunod sa kanya?”"
Nag-abot sinda sa ibong kan Danaw nin Galilea sa teritoryo nin Gerasa.,"Dumating sila sa kabilang ibayo ng dagat, sa lupain ng mga Geraseno."
"Pakalusad ni Jesus sa sakayan, sinabat siya nin sarong lalaki na hale sa lungib na pinaglulubongan. An lalaking ini may maraot na espiritu.","Nang bumaba siya sa bangka, isang lalaki na may masamang espiritu ang agad na sumalubong sa kanya mula sa mga libingan."
Nag-eerok siya sa mga lulubngan. Mayo nin nakakagapos saiya maski gumamit nin kadena.,Siya'y naninirahan sa mga libingan at wala nang makapigil sa kanya kahit na may tanikala.
"Dakul na beses na kinakadenahan siya sa bitis saka sa kamot, alagad saiyang binubugto asin pinuputol iyan; mayong nakakapugol saiya.","Sapagkat madalas na siya'y ginagapos ng mga kadena at mga tanikala ngunit nilalagot niya ang mga tanikala, at pinagpuputul-putol ang mga kadena. Walang taong may lakas na makasupil sa kanya."
"Aldaw-banggi sige sana an lakaw niya, nagkukurahaw siya sa mga lulubngan asin kabubuldan, saka linulugadan niya kan gapo an sadiri niyang hawak.","Sa gabi't araw ay palagi siyang nagsisisigaw sa mga libingan at sa mga kabundukan, at sinusugatan ang sarili ng mga bato."
"Alagad pagkahiling niya ki Jesus sa harayo, nagdalagan siya asin nagsamba saiya,","Nang matanaw niya si Jesus sa malayo, tumakbo siya at si Jesus ay kanyang sinamba."
"saka nagkurahaw, “Ano an boot mo sako, Jesus aki nin Kahorohalangkaweng Dios? Sa ngaran nin Dios, nakikimaherak ako saimo, dai mo ako pagpasakitan!”","Siya'y sumigaw ng may malakas na tinig, “Ano ang pakialam mo sa akin, Jesus, Anak ng Kataas-taasang Diyos? Ipinapakiusap ko sa iyo, alang-alang sa Diyos, na huwag mo akong pahirapan.”"
"(Sinabi niya ini huli ta si Jesus nagtaram, “Maraot na espiritu, lumuwas ka sa tawong iyan!”)","Sapagkat sinabi niya sa kanya, “Lumabas ka sa taong iyan, ikaw na masamang espiritu.”"
"Hinapot siya ni Jesus, “Ano an ngaran mo?”","At tinanong siya ni Jesus, “Ano ang pangalan mo?” Sumagot siya, “Lehiyon ang pangalan ko sapagkat marami kami.”"
"Nagsimbag siya, “An ngaran ko ‘Lehiyon’ huli ta dakul kami!”",Nagmakaawa siya sa kanya na huwag silang palayasin sa lupain.
Padagos an pakimaherak niya ki Jesus na dai sinda pagpahaleon sa teritoryong idto.,Noon ay may isang malaking kawan ng mga baboy na nanginginain sa libis ng bundok.
Igwa duman nin dakul na orig na nagsusurungkal sa gilid nin bulod.,"Nakiusap sila sa kanya, “Papuntahin mo kami sa mga baboy upang kami ay makapasok sa kanila.”"
"Nakiolay an mga maraot na espiritu ki Jesus, “Isubol mo na sana kami sa kaorigan saka tugotan mo kaming lumaog sainda.”",At sila'y kanyang pinahintulutan. Ang mga masamang espiritu ay lumabas at pumasok sa mga baboy. Ang kawan na may bilang na mga dalawang libo ay bumulusok sa matarik na bangin patungong dagat at nalunod sila sa dagat.
Tinugotan sinda ni Jesus kaya nagluwas an mga maraot na espiritu sa tawo dangan nagralaog sa mga orig. Mga duwang ribong orig idto gabos; duminalagan idto sa ampas asin nagkahurulog sa danaw kaya nagkaralamos.,Ang mga nagpapakain sa kanila ay tumakas at ibinalita sa lunsod at sa mga nayon. Kaya't nagdatingan ang mga tao upang tingnan kung ano ang nangyari.
Nagdurulag an mga paraataman kan mga orig dangan ipinamareta sa banwa sagkod sa kaomahan an nangyari. Kaya nagduman an mga tawo tanganing hilingon an nangyari.,"Lumapit sila kay Jesus at nakita nila ang inalihan ng mga demonyo na nakaupo roon na may damit at matino ang pag-iisip, ang taong nagkaroon ng isang lehiyon, at sila'y natakot."
"Pag-abot ninda ki Jesus nahiling ninda an tawong dating may mga demonyo, nagtutukaw asin nakagubing na, saka toltol na an isip; asin nagkatarakot sinda.",At sinabi sa kanila ng mga nakakita rito kung anong nangyari sa inalihan ng mga demonyo at sa mga baboy.
An mga nakahiling nag-osip sa mga tawo kan nangyari sa tawong may mga demonyo saka sa mga orig.,Sila'y nagpasimulang makiusap kay Jesus na lisanin ang pook nila.
Kaya nakimaherak sinda ki Jesus na maghale sa saindang lugar.,"Nang sumasakay na siya sa bangka, ang lalaking inalihan ng mga demonyo ay nakiusap na siya'y isama niya."
"Kan minalunad na si Jesus sa sakayan, nakimaherak saiya an tawong linuwasan kan mga demonyo na paibahon man siya.","Ngunit tumanggi siya at sinabi sa kanya, “Umuwi ka sa iyong mga kaibigan at ibalita mo sa kanila ang lahat ng ginawa ng Panginoon para sa iyo at kung paanong kinaawaan ka niya.”"
"Alagad dai siya pinaiba ni Jesus kundi sinabihan, “Magpuli ka na asin ibareta mo sa saimong pamilya an ginibo saimo kan Kagurangnan saka kun paanong naherak siya saimo.”",At ang lalaki ay lumisan at nagpasimulang ipahayag sa Decapolis ang lahat ng ginawa ni Jesus para sa kanya; at namangha ang lahat.
Kaya nagpuli an lalaki; linibot niya an Decapolis saka isinaysay niya an gabos na ginibo saiya ni Jesus. Nagngalas an gabos na nakadangog.,"Nang si Jesus ay muling tumawid sakay ng bangka sa kabilang ibayo, nagtipon sa palibot niya ang napakaraming tao; at siya'y nasa tabi ng dagat."
"Pakaabot ni Jesus sa ibong kan danaw, pinagtiriponan siya nin kadakul na tawo. Nasa tampi pa siya kan danaw,","Pagkatapos ay dumating ang isa sa mga pinuno ng sinagoga na nagngangalang Jairo. Pagkakita sa kanya, nagpatirapa siya sa kanyang paanan,"
"kan umabot an saro sa mga namamayo kan sinagoga na an ngaran Jairo. Kan mahiling niya si Jesus, nagluhod siya sa pamitisan kaini,","at nagsumamo sa kanya, na sinasabi, “Ang aking munting anak na babae ay naghihingalo. Pumaroon ka at ipatong mo ang iyong mga kamay sa kanya upang siya'y gumaling at mabuhay.”"
"saka maigot na nakimaherak na an sabi, “An aki kong daragita naghihingagdan. Madya asin dutaan mo siya kan kamot mo tanganing maomayan siya asin mabuhay!”",Siya'y sumama sa kanya. Sinundan siya ng napakaraming tao at siya'y siniksik nila.
Nag-iba si Jesus ki Jairo. Kadakul na tawo an nagsunod ki Jesus asin nagsoroso saiya.,"May isang babae na labindalawang taon nang dinudugo,"
May sarong babae duman na doseng taon nang pinag-aawasan nin dugo.,"at lubhang naghirap na sa maraming manggagamot. Nagugol na niya ang lahat ng nasa kanya at hindi siya gumaling ni kaunti man, kundi lalo pang lumubha."
"Pinagparabolong na siya nin mga doktor asin naubos na an gabos na sadiri niya, alagad embes na marahay, nag-orog logod an helang niya.","Narinig niya ang tungkol kay Jesus, lumapit siya sa karamihan sa likuran niya, at hinipo ang kanyang damit."
"Nadangog kan babaeng ini an bareta dapit ki Jesus, nakipagsosoan man siya sagkod sa likod ni Jesus asin dinutaan an gubing kaini sa likodan,","Sapagkat sinasabi niya, “Kung mahipo ko man lamang ang kanyang damit ay gagaling na ako.”"
"huli ta nagsaboot siya, “Kun madutaan ko lamang an gubing niya, maoomayan ako.”","Kaagad napigil ang kanyang pagdurugo, at kanyang naramdaman sa kanyang katawan na magaling na siya sa malubha niyang sakit."
"Napungpong tolos an pag-awas kan dugo, saka namatean niyang naomayan na siya.","Pagkabatid na may lumabas na kapangyarihan mula sa kanya, bumaling si Jesus sa karamihan at nagsabi, “Sino ang humipo sa aking damit?”"
"Kan mamatean ni Jesus na may nagluwas na kapangyarihan saiya, nag-atubang siya sa mga tawo dangan naghapot, “Siisay an nagduta sa gubing ko?”","Sinabi sa kanya ng kanyang mga alagad, “Nakikita mong sinisiksik ka ng karamihan, at sinasabi mo pang ‘Sino ang humipo sa akin?’”"
"Nagsimbag an mga disipulo niya, “Nahihiling mong nagsusurosoan an mga tawo, alagad minahapot ka pa kun siisay an nagduta sa gubing mo?”",Tumingin siya sa buong paligid upang makita kung sino ang gumawa niyon.
Alagad nangalagkalag si Jesus sa paghanap kun siisay an nagduta saiya.,"Ngunit ang babae palibhasa'y nalalaman ang nangyari sa kanya ay lumapit na natatakot at nanginginig, nagpatirapa sa harap niya, at sinabi sa kanya ang buong katotohanan."
"Aram kan babae an nangyari saiya, kaya tinatakigan sa takot na nagdolok siya ki Jesus, nagluhod sa atubangan niya, dangan itinuga an bilog na katotoohan.","At sinabi ni Jesus sa kanya, “Anak, pinagaling ka ng pananampalataya mo; umalis kang payapa, at gumaling ka sa sakit mo.”"
"Sinabihan siya ni Jesus, “Aki ko, an saimong pagtubod iyo an nagpaomay saimo. Lakaw sa katoninongan, asin maomayan ka kan saimong helang.”","Samantalang nagsasalita pa siya, may mga taong dumating na galing sa bahay ng pinuno ng sinagoga, na nagsasabi, “Namatay na ang anak mong babae. Bakit mo pa inaabala ang Guro?”"
"Nagtataram pa si Jesus kan mag-abot an nagkapirang sugo hale sa harong ni Jairo. Sinabihan ninda si Jairo, “Gadan na an aki mo. Ano ta pag-abalahon mo pa an maestro?”","Ngunit hindi pinansin ni Jesus ang sinabi, at sinabi niya sa pinuno ng sinagoga, “Huwag kang matakot; manampalataya ka lamang.”"
"Dai dinangog ni Jesus an ibinareta ninda asin sinabihan si Jairo, “Dai ka matakot, magtubod ka sana.”","At hindi niya ipinahintulot na may sumunod sa kanya, maliban kina Pedro, Santiago, at Juan na kapatid ni Santiago."
Dai niya pinaiba an mga tawo kundi si Pedro sana saka an magtugang na Santiago asin Juan.,"Nang makarating sila sa bahay ng pinuno ng sinagoga, nakita niya ang pagkakagulo, ang mga pagtangis at malakas na iyakan."
"Pag-abot ninda sa harong ni Jairo, nadangog ni Jesus an karibokan kan mga tawo dangan an mga nagtatarangis saka naghaharaya.","Pagkapasok niya ay kanyang sinabi sa kanila, “Bakit kayo nagkakagulo at nag-iiyakan? Hindi patay ang bata, kundi natutulog lamang.”"
"Naglaog siya sa harong saka naghapot, “Ano ta maribokon kamo? Tadaw ta nagtatangis kamo? An daragita bakong gadan kundi nagkakatorog sana!”","Siya'y kanilang pinagtawanan, ngunit pinalabas niya ang lahat at isinama niya ang ama at ang ina ng bata at ang kanyang mga kasamahan. Pumasok sila sa kinaroroonan ng bata."
Alagad pinagngisihan siya ninda. Kaya pinaluwas niya an gabos dangan naglaog siya sa kwartong nahuhutadan kan aki kaiba an ama asin ina kaini saka an tolong disipulo.,"Hinawakan niya ang kamay ng bata at sinabi sa kanya, “Talitha cum,” na ang kahulugan ay “Munting batang babae, sinasabi ko sa iyo, bumangon ka!”"
"Kinapotan niya an kamot kan daragita saka sinabihan, “Talita cumi,” na an kahulogan, “Daragita, sinasabihan taka, magbangon ka!”",Kaagad bumangon ang batang babae at nagpalakad-lakad (siya'y may labindalawang taon na). Kaagad silang namangha ng ganoon na lamang.
Naghale sa lugar na idto si Jesus dangan nagbalik sa sadiri niyang banwa; nagsunod an saiyang mga disipulo.,Umalis siya roon at pumunta sa kanyang sariling bayan at sumunod sa kanya ang kanyang mga alagad.
"Pag-abot kan aldaw na Sabbath nagpoon siyang magtukdo sa sinagoga. Dakul kan mga yaon duman, pakadangog saiya, nagngaralas saka nagsarabi, “Saen siya nakakua kan gabos na ini? Anong kadonongan ining itinao saiya? Ano ta nakakagibo siya nin mga milagro?","Nang sumapit ang Sabbath, nagpasimula siyang magturo sa sinagoga at marami sa mga nakinig sa kanya ay namangha na sinasabi, “Saan kinuha ng taong ito ang lahat ng ito? Anong karunungan ito na ibinigay sa kanya? Anong mga makapangyarihang gawa ang ginagawa ng kanyang mga kamay!"
"Bakong siya an panday na aki ni Maria? Bakong tugang siya ni Santiago, Jose, Judas asin ni Simon? Bakong digdi nag-eerok an mga tugang niyang babae?” Kaya dai sinda nagtubod saiya.","Hindi ba ito ang karpintero, ang anak ni Maria at kapatid nina Santiago, Jose, Judas, at Simon? Hindi ba naritong kasama natin ang kanyang mga kapatid na babae?” At sila'y natisod sa kanya."
"Alagad sinabihan sinda ni Jesus, “An propeta minimidbid maski saen, pwera sa sadiri niyang banwa, kadugo, asin pamilya.”","Kaya't sinabi sa kanila ni Jesus, “Ang propeta ay hindi nawawalan ng karangalan, maliban sa kanyang sariling bayan, sa kanyang sariling mga kamag-anak, at sa kanyang sariling bahay.”"
"Kaya dai siya nakagibo nin anoman na milagro duman, pwera kan nagkapirang naghehelang na dinutaan niya asin binolong.","Hindi siya nakagawa roon ng anumang makapangyarihang gawa, maliban sa ipinatong niya ang kanyang mga kamay sa ilang mga maysakit at pinagaling sila."
Nagngalas siya ta dai sinda nagtubod.,Nanggilalas siya sa kanilang hindi pagsampalataya. Siya'y lumibot na nagtuturo sa mga nayong nasa paligid.
Dangan naglibot si Jesus sa pagtukdo sa mga baryo.,"Tinawag niya ang labindalawa, at pinasimulang isugo sila na dala-dalawa. Sila'y binigyan niya ng kapangyarihan laban sa mga masasamang espiritu."
Inapod niya an doseng disipulo asin sinugo niyang manduwa-duwa. Tinawan niya sinda nin kapangyarihan sa pagpaluwas nin mga maraot na espiritu.,"At ipinagbilin niya sa kanila na huwag silang magdadala ng anuman sa kanilang paglalakbay maliban sa isang tungkod; walang tinapay, walang balutan, walang salapi sa kanilang mga pamigkis,"
"Pinagbotan niya sindang dai magdara nin anoman sa paglakaw kundi sugkod sana; dai magdara nin kakanon, bag, o kwarta;",kundi magsusuot ng sandalyas at hindi magsusuot ng dalawang tunika.
magsulot nin sandalyas alagad dai magdara nin sanglean.,"Sinabi niya sa kanila, “Saanmang bahay kayo pumasok, manatili kayo roon hanggang sa umalis kayo roon."
"Sinabihan pa niya sinda, “Saen man na harong kamo akoon, mag-erok kamo diyan sagkod na kamo maghale sa lugar na iyan.","Kung mayroong lugar na hindi kayo tanggapin at ayaw kayong pakinggan, sa pag-alis ninyo ay ipagpag ninyo ang alikabok na nasa inyong mga paa bilang patotoo laban sa kanila.”"
"Kun habo kamong akoon o dangogon sa sarong lugar, maghale kamo diyan asin pagpagon nindo an alpog sa mga bitis nindo bilang patanid sainda!”",Kaya't sila'y humayo at ipinangaral na ang mga tao ay dapat magsisi.
Kaya naglakaw sinda asin naghulit na an mga tawo dapat magbakle.,"Nagpalayas sila ng maraming demonyo, pinahiran ng langis ang maraming maysakit at pinagaling sila."
Kadakul an pinaluwas nindang demonyo asin kadakul na naghehelang an linahidan ninda nin lana saka binolong.,"Nabalitaan ito ni Haring Herodes, sapagkat ang pangalan ni Jesus ay naging tanyag. Sinasabi ng iba, “Si Juan na Tagapagbautismo ay muling nabuhay mula sa mga patay at dahil dito, gumagawa ang mga kapangyarihang ito sa kanya.”"
"Naaraman ni Hadeng Herodes an gabos na ginibo ni Jesus dahel ta nakalakop na an kabantogan ni Jesus. May nagsabi, “Nabuhay liwat si Juan Bautista, kaya igwa siya nin kapangyarihan sa paggibo nin mga milagro.”","Ngunit sinasabi ng iba, “Siya'y si Elias.” At sinasabi naman ng iba, “Siya'y propeta, na tulad ng isa sa mga propeta noong una.”"
"Alagad an iba nagsabi, “Siya si Elias.”","Ngunit nang marinig ito ni Herodes ay sinabi niya, “Si Juan na aking pinugutan ng ulo ay muling nabuhay.”"
"May iba pang nagsabi, “Propeta siya na arog kan mga propeta kaidtong panahon.”","Sapagkat si Herodes mismo ang nagsugo sa mga kawal na dumakip kay Juan, at nagpagapos sa kanya sa bilangguan dahil kay Herodias, na asawa ni Felipe na kanyang kapatid; sapagkat pinakasalan siya ni Herodes."
"Kan makaabot ini ki Herodes, nagsabi siya, “Siya si Juan Bautista na pinapugotan ko; nabuhay siya liwat!”","Sapagkat sinasabi ni Juan kay Herodes, “Hindi ipinahihintulot sa iyo na angkinin mo ang asawa ng iyong kapatid.”"
Si Herodes iyo an nagboot na si Juan dakopon asin ibilanggo. Ginibo niya ini dahel ki Herodias na inagom niya dawa agom ini kan tugang niyang si Felipe.,"Kaya't si Herodias ay nagtanim ng galit sa kanya at hinangad siyang patayin ngunit hindi niya magawa,"
"Huli ta tinaraman ni Juan si Herodes, “Ipinapangalad na agomon mo an agom kan tugang mo!”","sapagkat natatakot si Herodes kay Juan. Nalalaman niyang si Juan ay isang lalaking matuwid at banal at siya'y ipinagtanggol niya. Nang kanyang mapakinggan siya, labis siyang nabagabag gayunma'y masaya siyang nakinig sa kanya."
"Nagkaigwa nin hilom na kaanggotan si Herodias ki Juan asin boot niya ining ipagadan, alagad dai niya magibo,","Ngunit dumating ang isang pagkakataon na si Herodes sa kanyang kaarawan ay nagbigay ng isang salu-salo para sa kanyang mga mahistrado, mga pinuno ng hukbo at mga pangunahing tao sa Galilea."
"huli ta iginagalang ni Herodes si Juan dahel ta aram niya na ini marahay saka banal, kaya habo niyang may mangyari ki Juan. Boot niyang magparadangog ki Juan, dawa dai siya napapamugtak kun nadadangog niya ini.","Nang pumasok ang anak na babae ni Herodias at sumayaw, siya'y nagustuhan ni Herodes at ng kanyang mga panauhin. Sinabi ng hari sa dalaga, “Hingin mo sa akin ang maibigan mo at ibibigay ko sa iyo.”"
"Dangan nagkaigwa si Herodias nin oportunidad kan kumpleanyo ni Herodes; nagbangkete ini para sa mga haralangkaw na opisyal kan gobyerno, para sa mga opisyal kan hukbo asin para sa mga iginagalang na tawo sa Galilea.","At sumumpa siya sa kanya, “Ang anumang hingin mo sa akin ay ibibigay ko sa iyo, kahit na ang kalahati ng aking kaharian.”"
"Naglaog an aking daraga ni Herodias saka nagsayaw. Napaogma niya nin marahay si Herodes asin an mga bisita kaini. Kaya hinapot ni Herodes an daraga, “Hagadon mo an anoman na mawoton mo asin itatao ko iyan saimo.”","Lumabas siya at sinabi sa kanyang ina, “Ano ang aking hihingin?” At sinabi niya, “Ang ulo ni Juan na Tagapagbautismo.”"
"Nagsumpa pa siya nin siring, “Itatao ko saimo an anoman na hagadon mo, maski an kabanga kan sakong kahadean!”","At nagmamadali siyang pumasok sa kinaroroonan ng hari at humiling na sinasabi, “Ibig kong ibigay mo sa akin ngayon din ang ulo ni Juan na Tagapagbautismo na nasa isang pinggan.”"
"Nagluwas an daraga dangan hinapot an saiyang ina, “Ano an hahagadon ko?”","At lubhang nalungkot ang hari, ngunit dahil sa kanyang pangako at sa kanyang mga panauhin, ayaw niyang tumanggi sa kanya."
"“Hagadon mo an payo ni Juan Bautista,” an simbag kan ina.",Agad na isinugo ng hari ang isang kawal na bantay at ipinag-utos na dalhin sa kanya ang ulo ni Juan. Umalis nga ang kawal at pinugutan niya ng ulo si Juan sa bilangguan.
"Nagbalik tolos sa hade an daraga dangan nagsabi, “Boot ko na ngunyan tolos itao mo sako an payo ni Juan Bautista na nasa bandehado!”",At dinala ang ulo ni Juan na nasa isang pinggan at ibinigay ito sa dalaga at ibinigay naman ito ng dalaga sa kanyang ina.
"Namondo nin makuri an hade, alagad dai niya nasayumahan an daraga huli ta nagsumpa siya sa atubangan kan gabos niyang mga bisita.","Nang mabalitaan ito ng kanyang mga alagad, pumaroon sila at kinuha ang kanyang bangkay at inilagay sa isang libingan."
"Kaya sinugo niya tolos an sarong bantay na darahon an payo ni Juan. Nagduman sa bilanggoan an bantay; pinugotan niya si Juan,",Ang mga apostol ay nagtipon sa harap ni Jesus at ibinalita nila sa kanya ang lahat ng kanilang ginawa at itinuro.
"ibinugtak an payo sa bandehado, dangan itinao ini sa daraga asin itinao man kaini sa saiyang ina.","At sinabi niya sa kanila, “Pumunta kayo ng bukod sa isang dakong ilang at magpahinga kayo nang sandali.” Sapagkat marami ang nagpaparoo't parito at sila'y hindi man lamang nagkaroon ng panahong kumain."
"Kan maaraman ini kan mga disipulo ni Juan, nagduman sinda, kinua an bangkay saka ilinubong.","Umalis nga silang bukod, sakay ng isang bangka patungo sa isang dakong ilang."
Nagbalik ki Jesus an mga apostol asin inosip an gabos nindang ginibo saka itinukdo.,Ngunit maraming nakakita sa kanilang pag-alis at sila'y nakilala. Kaya't tumakbo sila mula sa lahat ng mga bayan at nauna pang dumating sa kanila.
"Kadakul na tawo an nag-aabot dangan naghahale kaya mayo na sindang panahon sa pagkakan. Kaya sinabihan sinda ni Jesus, “Magduman kita sa sarong lugar na harayo sa mga tawo tanganing makapahingalo kamo nin dikit na oras.”","Pagbaba niya sa pampang nakita niya ang napakaraming tao at nahabag siya sa kanila, sapagkat sila'y tulad sa mga tupa na walang pastol. At sila'y sinimulan niyang turuan ng maraming bagay."
Naglunad sinda sa sakayan pasiring sa sarong lugar na harayo sa mga tawo.,"Nang gumagabi na, lumapit sa kanya ang kanyang mga alagad at nagsabi, “Ito ay isang ilang na dako at gumagabi na."
"Alagad paghale ninda, dakul na tawo an nakahiling asin nakamidbid sainda. Kaya an mga tawong hale sa gabos na banwa nagdaralagan asin naenotan sindang makaabot duman.",Paalisin mo na sila upang makapunta sa mga bukid at mga nayon sa paligid at makabili sila ng anumang makakain.”
"Paglusad ni Jesus sa sakayan, nahiling niya an kadakul na tawo. Naherak siya sainda, ta garo sindang mga karnero na mayo nin pastor. Kaya tinukdoan niya sinda nin dakul na bagay.","Ngunit sumagot siya sa kanila, “Bigyan ninyo sila ng makakain.” At sinabi nila sa kanya, “Aalis ba kami upang bumili ng dalawang daang denariong tinapay at ipapakain namin sa kanila?”"
"Kan nagdidiklom na, nagdolok saiya an mga disipulo, asin nagsabi, “Banggi na asin harayo an lugar na ini.","At sinabi niya sa kanila, “Ilang tinapay mayroon kayo? Humayo kayo at inyong tingnan.” Nang malaman nila ay kanilang sinabi, “Lima, at dalawang isda.”"
Subolan na an mga tawong magduman sa haraning mga banwa o mga baryo tanganing bumakal nin kakanon ninda.”,Pagkatapos ay iniutos niya sa kanila na paupuin silang lahat nang pangkat-pangkat sa luntiang damo.
"Alagad sinabihan sinda ni Jesus, “Tawe nindo sinda nin makakakan.”","Kaya't umupo sila nang pangkat-pangkat, nang tig-iisandaan at tiglilimampu."
"Naghapot an mga disipulo, “Boot mong bumakal kami nin tinapay sa kantidad na dos syentos denaryo nganing ipakakan sainda?”","Kinuha niya ang limang tinapay at ang dalawang isda, tumingala siya sa langit, pinagpala at pinagputul-putol ang mga tinapay at ibinigay niya sa mga alagad upang ipamahagi sa mga tao. At ipinamahagi niya sa kanilang lahat ang dalawang isda."
"Hinapot sinda ni Jesus, “Pira an tinapay nindo diyan? Hilinga daw.”",Kumain silang lahat at nabusog.
"Kan hilingon ninda, nagsabi sinda, “Limang tinapay asin duwang sira.”",Kanilang pinulot ang labindalawang kaing na punô ng pira-pirasong tinapay at mga isda.
Pinagbotan ni Jesus an mga tawo na grupo-grupong magturukaw sa doot.,Ang mga kumain ng mga tinapay ay limang libong lalaki.
"Kaya grupo-grupong nagturukaw an mga tawo, may mananggatos saka maningkwenta.","Agad niyang pinasakay sa bangka ang kanyang mga alagad at pinauna sa kanya sa kabilang ibayo, sa Bethsaida, hanggang sa mapauwi na niya ang maraming tao."
"Dangan kinua ni Jesus an limang tinapay asin duwang sira, nagtingkalag siya sa langit asin nagpasalamat, binaraak niya an mga tinapay saka itinao sa mga disipulo tanganing ipanao sa mga tawo. Binaranga man niya an duwang sira para sainda gabos.","Pagkatapos na makapagpaalam siya sa kanila, umakyat siya sa bundok upang manalangin."
Nagkarakan an gabos asin nagkabarasog.,"Nang sumapit ang gabi, ang bangka ay nasa gitna ng dagat at siya'y nag-iisa sa lupa."
"Pakatapos, tinipon kan mga disipulo an mga natada sa tinapay saka sira na nakapano nin doseng basket.","Pagkakita sa kanila na sila'y nahihirapan sa pagsagwan, sapagkat salungat sa kanila ang hangin, nang malapit na ang madaling araw, lumapit siya sa kanila na lumalakad sa ibabaw ng dagat. Balak niyang lampasan sila,"
Limang ribo gabos an kalalakihan na nagkarakan.,"ngunit nang makita nilang siya'y lumalakad sa ibabaw ng dagat, inakala nilang iyon ay isang multo at sila'y sumigaw;"
"Mantang pinapahale ni Jesus an mga tawo, pinalunad niya tolos an saiyang mga disipulo sa sakayan nganing mag-enot na saiya duman sa Betsaida, sa ibong kan danaw.","sapagkat siya ay nakita nilang lahat at sila'y nasindak. Ngunit agad siyang nagsalita sa kanila at sinabi, “Lakasan ninyo ang inyong loob. Ako ito; huwag kayong matakot.”"
"Pakapahalea niya sainda, nagtukad siya sa sarong bulod tanganing mamibi.","Sumakay siya sa bangka kasama nila at tumigil ang hangin. At sila'y lubhang nanggilalas,"
"Kan banggi na, yaon pa duman si Jesus na mayong kaiba mantang nasa tahaw na kan danaw an sakayan.","sapagkat hindi nila nauunawaan ang tungkol sa mga tinapay, kundi tumigas ang kanilang mga puso."
"Nahiling niya na an saiyang mga disipulo sinasakit sa paggaod kan sakayan, huli ta sabat sinda sa doros. Kan maaga na, nagrani si Jesus sainda na naglalakaw sa ibabaw kan tubig. Lilihisan kutana niya sinda,","Nang makatawid na sila, narating nila ang lupain ng Genesaret at dumaong doon."
"alagad kan mahiling siya nindang naglalakaw sa ibabaw kan tubig, naghona sindang kalag idto kaya napakurahaw sinda","At nang bumaba sila sa bangka, agad siyang nakilala ng mga tao."
sa makuring takot.,"Tumakbo sila sa palibot ng buong lupaing iyon at pinasimulan nilang dalhin ang mga maysakit na nasa kanilang higaan, saanman nila mabalitaan na naroon siya."
"Alagad tolos sinabihan niya sinda, “Magmaisog kamo; ako ini! Dai kamo matakot!”","At saanman siya pumasok sa mga nayon, o sa mga lunsod o bukid inilalagay nila sa mga pamilihan ang mga maysakit, at pinapakiusapan siya na ipahipo man lamang sa kanila ang laylayan ng kanyang damit. At ang lahat ng humipo nito ay pawang gumaling."
Nagkapirang Fariseo asin paratukdo kan Katogonan na hale pa sa Jerusalem an nagtiripon sa palibot ni Jesus.,"Nang sama-samang lumapit sa kanya ang mga Fariseo at ang ilan sa mga eskriba na nanggaling sa Jerusalem,"
Namasdan ninda na an nagkapira sa mga disipulo ni Jesus nagkakakan na maati an mga kamot; dai sinda naghanaw nin kamot bago magkakan.,"kanilang nakita ang ilan sa kanyang alagad na kumakain ng tinapay na marurumi ang mga kamay, samakatuwid ay hindi hinugasan."
(,"(Sapagkat ang mga Fariseo at ang lahat ng mga Judio ay hindi kumakain malibang makapaghugas na mabuti ng mga kamay, na sinusunod ang tradisyon ng matatanda."
"Huli ta an mga Fariseo asin an mga tawo nagsusunod sa mga itinukdo kaidto kan mga ginikanan: dai sinda minakakan sagkod na dai maghanaw nin kamot,","Kapag nanggaling sila sa palengke, hindi sila kumakain malibang nalinis nila ang kanilang mga sarili. At marami pang ibang bagay ang kanilang sinusunod gaya ng mga paghuhugas ng mga tasa, mga pitsel, at mga lalagyang tanso.)"
"ni minakakan nin anoman na hale sa sadan na dai ngona hugasan. Dakul pang mga pagsusundon an inootob ninda arog kan paghugas nin mga tasa, koron, bronseng mangko, saka higdaan).","Kaya't siya'y tinanong ng mga Fariseo at mga eskriba, “Bakit ang iyong mga alagad ay hindi lumalakad ayon sa tradisyon ng matatanda, kundi kumakain ng tinapay na marurumi ang mga kamay?”"
"Kaya hinapot si Jesus kan mga Fariseo asin kan mga paratukdo kan Katogonan, “Tadaw ta dai sinusunod kan mga disipulo mo an mga katukdoan na hale pa sa satong mga ginikanan, kundi minakakan sindang maati an mga kamot?”","At sinabi niya sa kanila, “Tama ang pahayag ni Isaias tungkol sa inyo na mga mapagkunwari, ayon sa nasusulat,"
"Nagsimbag si Jesus, “Tama nanggad an sinabi ni Propeta Isaias dapit saindong mga parasagin-sagin kan isinurat niya ini:","‘Iginagalang ako ng bayang ito ng kanilang mga labi,"
"‘Inoomaw ako kan mga tawong ini kan saindang ngoso,",subalit ang kanilang puso ay malayo sa akin.
alagad harayo sako an saindang puso.,"At walang kabuluhan ang pagsamba nila sa akin,"
"An pagsamba ninda sako mayo nin halaga,",na itinuturo bilang aral ang mga utos ng mga tao!’
"huli ta an itinutukdo ninda bilang doktrina, mga pagboot nin tawo sana!’”",Iniwan ninyo ang utos ng Diyos at inyong pinanghahawakan ang tradisyon ng mga tao.”
"Nagsabi pa si Jesus, “Isinisikwal nindo an togon nin Dios asin kinukuyog an mga katukdoan nin mga tawo.”","Sinabi pa niya sa kanila, “Maganda ang paraan ng inyong pagtanggi sa utos ng Diyos, upang masunod ang inyong mga tradisyon."
"Nagpadagos si Jesus nin pagtaram, “Marahay an paagi nindo nin pagsikwal kan katogonan nin Dios tanganing mapahalagahan sana an sadiri nindong tradisyon!","Sapagkat sinabi ni Moises, ‘Igalang mo ang iyong ama at ang iyong ina,’ at ‘Ang sinumang lumait sa ama o sa ina ay dapat patayin!’"
"Nagboot si Moises, ‘Galangan mo an saimong ama asin ina,’ saka ‘An magtaram nin maraot tumang sa saiyang ama o ina, dapat na gadanon.’","Ngunit sinasabi ninyo na kung sabihin ng isang tao sa kanyang ama o ina, ‘Ang anumang tulong na mapapakinabang ninyo sa akin ay Corban, na nangangahulugang handog,’"
"Alagad itinutukdo nindo na kun an sarong tawo igwang ikakatao sa saiyang ama o ina magsabing ‘an bagay na ini Corban’ (na an boot sabihon, para sa Dios),","at pagkatapos ay hindi na ninyo siya pinahihintulutang gumawa ng anuman para sa kanyang ama o ina,"
bako na siya obligadong magtabang pa sa saiyang ama o ina.,kaya't pinawawalang kabuluhan ang salita ng Diyos sa pamamagitan ng tradisyon na inyong ipinamana at marami pa kayong ginagawang mga bagay na katulad nito.
Hinahalean nindo nin halaga an tataramon nin Dios sa paagi nin mga tradisyon na itinutukdo nindo sa iba. Kadakul pang arog kaining mga pagsusundon an inootob nindo.”,"Muli niyang pinalapit ang maraming tao at sinabi sa kanila, “Makinig kayong lahat sa akin at inyong unawain."
"Pinarani giraray ni Jesus an mga tawo dangan sinabihan, “Dangoga saka sabota nindo gabos an sasabihon ko saindo.",Walang anumang nasa labas ng tao na pagpasok sa kanya ay nakapagpaparumi sa kanya kundi ang mga bagay na lumalabas sa tao ang nakapagpaparumi sa tao.”
Bakong an minalaog sa ngoso kan tawo an nakakapaati saiya sa atubang nin Dios kundi an minaluwas sa saiya.,[Kung ang sinuman ay may pandinig na ipandirinig ay makinig.]
An may talinga magdangog!”,"Nang iwan niya ang maraming tao at pumasok siya sa bahay, tinanong siya ng kanyang mga alagad tungkol sa talinghaga."
"Pakabayae ni Jesus sa mga tawo asin pakalaog niya sa harong, hinapot siya kan mga disipulo dapit sa sinabi niya.","Sinabi niya sa kanila, “Kayo rin ba ay hindi nakakaunawa? Hindi ba ninyo nalalaman, na anumang nasa labas na pumapasok sa tao ay hindi nakapagpaparumi sa kanya,"
"Sinabihan sinda ni Jesus, “Dai man kamo nakakasabot? Mayo nin anoman na kinakakan an tawo na talagang nakakapaati saiya,","sapagkat hindi ito pumapasok sa kanyang puso kundi sa tiyan, at ito'y inilalabas sa tapunan ng dumi? Sa ganito'y nililinis niya ang lahat ng pagkain.”"
"huli ta iyan dai minalaog sa saiyang puso kundi sa tulak, pakatapos minaluwas sana.” (Sinabi ini ni Jesus sa pagpahayag na an gabos na kakanon malinig.)","Sinabi pa niya, “Ang lumalabas sa tao ang nakapagpaparumi sa tao."
"Nagsabi pa siya, “An minaluwas sa tawo iyo an nakakapaati saiya,","Sapagkat mula sa loob, mula sa puso ng tao, lumalabas ang masasamang pag-iisip, pakikiapid, pagnanakaw, pagpaslang,"
"huli ta hale sa laog, sa puso nin tawo, minagikan an mga maraot na kaisipan, imoralidad, paghabon, paggadan, panambay,","ang pangangalunya, kasakiman, kasamaan, pandaraya, kahalayan, pagkainggit, paninirang-puri, kapalaluan, at kahangalan."
"pagkaara, katampalasan, pandaya, kadustaan, pagkaori, tsismis, kapaabaw-abawan dangan, kalolongan.",Ang lahat ng masasamang bagay na ito ay sa loob nagmumula at nakapagpaparumi sa tao.”
Ining mga karatan na gikan sa puso kan tawo iyo an nakakapaati saiya.”,"Mula roon, tumindig siya at nagtungo sa lupain ng Tiro. Tumuloy siya sa isang bahay at ayaw niyang malaman ng sinuman na nandoon siya. Ngunit hindi nagawang di siya mapansin."
"Paghale ni Jesus duman, nagpasiring siya sa rehiyon nin Tiro asin Sidon. Nagdagos siya sa sarong harong asin habo niyang maaraman nin siisay man na yaon siya duman; alagad igwa man giraray nin nakaaram.","Sa halip, may isang babae na ang munting anak na batang babae na may masamang espiritu, na nakabalita tungkol sa kanya ay agad na lumapit at nagpatirapa sa kanyang paanan."
"Naaraman kan sarong babae, na may aking daragita na may maraot na espiritu, na idtoon si Jesus. Nagduman siya tolos ki Jesus dangan nagdapa sa atubangan kaini.","Ang babaing ito ay isang Griyego, isang Sirofenisa, ayon sa lahi. Nakiusap siya kay Jesus na palayasin ang demonyo sa kanyang anak na babae."
"An babaeng ini taga Grecia, namundag sa Fenecia, sa Siria. Nakimaherak siya ki Jesus na paluwason an demonyo sa aki niya.","At sinabi niya sa kanya, “Hayaan mo munang mapakain ang mga anak sapagkat hindi marapat na kunin ang tinapay ng mga anak at ihagis ito sa mga aso.”"
"Alagad nagsimbag si Jesus, “Pakakanon ta ngona an mga aki; bakong tama na kuahon an kakanon kan mga aki asin ibahog sa mga ayam.”","Ngunit siya'y sumagot at sinabi sa kanya, “Panginoon, kahit na ang mga aso sa ilalim ng hapag ay kumakain ng mga nalaglag na pagkain ng mga anak.”"
"Nagsimbag an babae, “Tama, Kagurangnan; alagad maski an mga ayam sa sirong kan lamesa minakakan kan mga rakdag na nahuhulog kan mga aki!”","Sinabi naman ni Jesus sa kanya, “Dahil sa salitang iyan, makakaalis ka na, lumabas na ang demonyo sa iyong anak.”"
"Kaya sinabihan siya ni Jesus, “Huli sa sinabi mo, pwede ka nang magpuli. Nagluwas na an demonyo sa saimong aki!”",Umuwi nga siya at nadatnan ang anak na nakahiga sa higaan at wala na ang demonyo.
Nagpuli siya dangan naabotan niyang naghihigda an saiyang aki asin mayo na an demonyo saiya.,"Pagkatapos, siya'y bumalik mula sa lupain ng Tiro at dumaan sa Sidon patungo sa lawa ng Galilea, na tinahak ang lupain ng Decapolis."
Naghale si Jesus sa distrito nin Tiro. Nag-agi siya sa Sidon saka sa rehiyon kan Decapolis pagpasiring sa Danaw nin Galilea.,"Dinala nila sa kanya ang isang bingi at may kapansanan sa pagsasalita, at siya'y pinakiusapan nila na ipatong ang kanyang kamay sa kanya."
"Duman, dinara ki Jesus an sarong tawong bongog asin bilot; pinakimaherakan si Jesus na dutaan niya ini kan kamot niya.",At siya'y inilayo niya ng bukod mula sa maraming tao at isinuot ang kanyang mga daliri sa kanyang mga tainga. Siya'y dumura at hinipo ang kanyang dila.
"Irinayo ni Jesus sa mga tawo an lalaki. Dangan dinutaan niya kan saiyang mga muro an talinga kan lalaki, naglutab siya saka dinutaan an dila kaini.","Pagtingala niya sa langit, siya'y nagbuntong-hininga, at sinabi sa kanya, “Effata,” na nangangahulugang “Mabuksan.”"
"Pakatapos, nagtingkalag si Jesus sa langit, naghangos nin hararom, dangan nagsabi sa lalaki, “Effata”, na an boot sabihon, “Mabuksan ka!”","Agad nabuksan ang kanyang mga tainga, nakalag ang tali ng kanyang dila, at siya'y nakapagsalita nang malinaw."
Nakadangog tolos an lalaki asin naomayan an saiyang dila saka nakataram nin malinaw.,"Inutusan naman sila ni Jesus na huwag nilang sabihin ito kaninuman; ngunit habang lalo niyang ipinagbabawal sa kanila, lalo namang masigasig nilang ipinamamalita ito."
"Dai nahaloy, may nagtiripon naman na dakul na tawo. Mayo sinda nin makakakan, kaya inapod ni Jesus an saiyang mga disipulo asin sinabihan,","Nang mga araw na iyon, nang magkaroong muli ng napakaraming tao na walang makain, tinawag niya ang kanyang mga alagad at sinabi sa kanila,"
“Naheherak ako sa mga tawong ini huli ta tolong aldaw na sinda sa kaibahan ko asin mayo na sindang kakanon.,“Nahahabag ako sa maraming tao sapagkat tatlong araw ko na silang kasama at walang makain.
"Kun papulion ko sinda na gutom, luluyahon sinda sa dalan; an iba pati sainda harayo an hinalean.”","Kung sila'y pauuwiin kong nagugutom sa kanilang mga bahay, mahihilo sila sa daan at ang iba sa kanila ay nanggaling pa sa malayo.”"
"Nagsimbag an saiyang mga disipulo, “Saen kita makua nin ipapakakan sa mga tawong ini digdi sa kalangtadan?”","Sumagot ang kanyang mga alagad, “Paanong mapapakain ninuman ang mga taong ito ng tinapay dito sa ilang?”"
"Hinapot sinda ni Jesus, “Pira an tinapay nindo diyan?”","At sila'y tinanong niya, “Ilang tinapay mayroon kayo?” Sinabi nila, “Pito.”"
"“Pito,” an simbag ninda.","Inutusan niya ang maraming tao na umupo sa lupa. Kinuha niya ang pitong tinapay at pagkatapos magpasalamat, pinagputul-putol niya ang mga ito at ibinigay sa kanyang mga alagad upang ihain. At inihain nila ang mga ito sa maraming tao."
"Pinagbotan ni Jesus an mga tawo na magturukaw sa daga. Dangan kinua niya an pitong tinapay, nagpasalamat, binaraak asin itinao sa saiyang mga disipulo nganing ipanao sa mga tawo.","Mayroon din silang ilang maliliit na isda at nang mabasbasan ang mga ito, sinabi niya na ihain din ang mga ito."
Igwa man sinda nin nagkapirang saradit na sira; benendisyonan ini ni Jesus asin sinabihan niya an mga disipulo na ipanao man sa mga tawo.,"Sila'y kumain at nabusog. At may lumabis na mga piraso, pitong kaing na puno."
"Nagkarakan sinda asin nagkabarasog. Pakatapos, tinipon kan mga disipulo an mga natada asin pitong basket pa an napano.",Sila'y may mga apat na libo; at kanyang pinaalis na sila.
Mga apat na ribo katawo an nagkarakan.,At agad siyang sumakay sa bangka kasama ang kanyang mga alagad at pumunta siya sa lupain ng Dalmanuta.
Dangan pinahale na sinda ni Jesus saka naglunad tolos siya sa sakayan kaiba kan saiyang mga disipulo pasiring sa distrito nin Dalmanuta.,"Dumating ang mga Fariseo at nagsimulang makipagtalo sa kanya na hinahanapan siya ng isang tanda mula sa langit, upang subukin siya."
"Duminolok ki Jesus an nagkapirang Fariseo asin nagpoon pakidiskutiran saiya, naghahagad nin tanda hale sa langit tanganing baloon siya.","At nagbuntong-hininga siya nang malalim sa kanyang espiritu at sinabi, “Bakit humahanap ng tanda ang salinlahing ito? Katotohanan ang sinasabi ko sa inyo, walang tanda na ibibigay sa salinlahing ito.”"
"Naghangos nin hararom si Jesus asin nagsabi, “Tadaw ta an henerasyon na ini naghahagad nin tanda? Sa katotoohan sinasabihan ko kamo, na mayong ipapahiling na tanda sa henerasyon na ini!”","Sila'y iniwan niya at sa muling pagsakay sa bangka, tumawid siya sa kabilang ibayo."
"Dangan binayaan niya sinda, nagbalik sa sakayan asin nagduman sa ibong kan danaw.",Noon ay nakalimutan ng mga alagad na magdala ng tinapay maliban sa iisang tinapay na nasa bangka.
Nakalingaw an mga disipulo na magdara nin tinapay. Igwa sinda nin saro sanang tinapay duman sa sakayan.,"Kanyang binalaan sila na sinabi, “Mag-ingat kayo, iwasan ninyo ang lebadura ng mga Fariseo at ang lebadura ni Herodes.”"
"Pinatanidan sinda ni Jesus, “Maglikay kamo sa lebadura kan mga Fariseo saka sa lebadura ni Herodes.”","At sinabi nila sa isa't isa, “Ito ay sapagkat wala tayong tinapay.”"
"Nag-olay-olay an mga disipulo, “Nagtaram siya kaiyan dahel ta mayo kita nin tinapay.”","Yamang batid ito ni Jesus, ay sinabi sa kanila, “Bakit ninyo pinag-uusapan na wala kayong tinapay? Hindi pa ba ninyo nalalaman ni nauunawaan man? Tumigas na ba ang inyong mga puso?"
"Aram ni Jesus an saindang pinag-oolayan, kaya sinabihan niya sinda, “Tadaw ta pinag-oolayan nindo na mayo kamong darang tinapay? Dai pa nanggad nindo naaaraman o nasasabotan? Abaang luya kan isip nindo!","Mayroon kayong mga mata, ngunit hindi nakakakita? Mayroon kayong mga tainga, ngunit hindi nakakarinig? Hindi ba ninyo natatandaan?"
"Igwa kamong mga mata, dai nindo nahihiling? Igwa kamong mga talinga, dai nindo nadadangog? Dai nindo nagigiromdoman?","Nang aking pagputul-putulin ang limang tinapay para sa limang libo, ilang kaing na punô ng mga pinagputul-putol ang inyong pinulot?” Sinabi nila sa kanya, “Labindalawa.”"
"Kan baraakon ko an limang tinapay na ipinakakan sa limang ribo katawo, pirang basket an napano kan natada?”","“Nang pagputul-putulin ang pitong tinapay para sa apat na libo, ilang kaing na punô ng mga pinagputul-putol ang pinulot ninyo?” Sinabi nila sa kanya, “Pito.”"
"“Dose,” an simbag ninda.","Sinabi naman niya sa kanila, “Hindi pa ba ninyo nauunawaan?”"
"“Kan baraakon ko an pitong tinapay na ipinakakan sa apat na ribo katawo, pirang basket an napano kan natada?”",Dumating sila sa Bethsaida. At dinala nila sa kanya ang isang lalaking bulag at ipinakiusap sa kanyang hipuin siya.
"“Pito,” an simbag ninda.","Hinawakan niya sa kamay ang lalaking bulag at dinala niya sa labas ng nayon. Nang maduraan ang kanyang mga mata at maipatong ang kanyang mga kamay sa kanya, kanyang tinanong siya, “May nakikita ka bang anuman?”"
"Dangan sinabihan sinda ni Jesus, “Dai pa giraray nindo nasasabotan?”","Tumingala ang lalaki at nagsabi, “Nakakakita ako ng mga tao, na parang mga punungkahoy na naglalakad.”"
Nag-abot sinda sa Betsaida. Nagkapirang tawo an nagdara nin sarong buta ki Jesus asin nakimaherak na dutaan niya.,Saka ipinatong na muli sa kanyang mga mata ang kanyang mga kamay; siya'y tumitig at bumalik ang kanyang paningin. Nakita niya ang lahat ng bagay na maliwanag.
"Kinabit ni Jesus an buta paluwas sa baryo. Linutaban niya an mga mata kan buta, asin ibinugtak an mga kamot saiya, dangan hinapot, “May nahihiling ka?”","At pinauwi niya siya sa kanyang bahay na sinasabi, “Huwag kang pumasok kahit sa nayon.”"
"Nagtangad an lalaki asin nagsabi, “May nahihiling akong mga tawo, alagad garo sinda mga kahoy na naglalakaw.”","Nagtungo si Jesus at ang kanyang mga alagad sa mga nayon ng Cesarea sa Filipos at sa daan ay tinanong niya ang kanyang mga alagad, “Sino raw ako ayon sa sinasabi ng mga tao?”"
Dinutaan liwat ni Jesus an mga mata kan buta. Nagmaan nin marahay an buta asin narahay siya. Nahiling na niya nin malinaw an gabos.,"At sinabi nila sa kanya, “Si Juan na Tagapagbautismo; at sabi ng iba, si Elias; at ng iba pa, isa sa mga propeta.”"
"Dangan pinapuli na ni Jesus an lalaki asin tinugon, “Dai ka na magbalik sa baryo.”","At tinanong niya sila, “Ngunit, sino ako ayon sa sinasabi ninyo?” Sumagot si Pedro at sinabi sa kanya, “Ikaw ang Cristo.”"
"Dangan nagpasiring si Jesus asin an mga disipulo sa mga baryo kan Cesarea Filipos. Kan nasa dalan pa sinda, hinapot niya sinda, “Ano an sabi kan mga tawo, siisay daa ako?”",Mahigpit na iniutos niya sa kanila na huwag nilang sasabihin kaninuman ang tungkol sa kanya.
"Nagsimbag sinda, “May mga nagsasabing ika si Juan Bautista; an iba nagsasabing ika si Elias; an iba man nagsasabing saro ka sa mga propeta.”","Pagkatapos ay pinasimulan niyang ituro sa kanila na ang Anak ng Tao ay kinakailangang magdusa ng maraming bagay at itakuwil ng matatanda, ng mga punong pari, at ng mga eskriba, at patayin at pagkaraan ng tatlong araw ay muling mabubuhay."
"Hinapot sinda ni Jesus, “Para saindo, siisay ako?”",At maliwanag na sinabi niya ang salitang ito. Inilayo siya ni Pedro at pinasimulang siya'y sawayin.
"Nagsimbag si Pedro, “Ika an Cristo.”","Subalit paglingon niya at pagtingin sa kanyang mga alagad, sinaway niya si Pedro at sinabi, “Umalis ka diyan, Satanas! Sapagkat hindi mo iniisip ang mga bagay na ukol sa Diyos, kundi ang mga bagay na ukol sa tao.”"
Dangan pinagbotan niya sinda na dai ipanabi sa kiisay man kun siisay siya.,"Tinawag niya ang maraming tao pati ang kanyang mga alagad, at sa kanila'y sinabi, “Kung ang sinuman ay nagnanais sumunod sa akin, siya ay tumanggi sa kanyang sarili, pasanin ang kanyang krus at sumunod sa akin."
"Sinabihan ni Jesus an mga disipulo niya, “An Aki nin Tawo dapat mag-agi nin dakul na kasakitan, isikwal kan mga kamagurangan, kan mga poon na padi asin kan mga paratukdo kan Katogonan dangan ipagadan. Alagad sa ikatolong aldaw mabubuhay siya liwat.”",Sapagkat ang sinumang nagnanais iligtas ang kanyang buhay ay mawawalan nito at ang sinumang mawalan ng kanyang buhay dahil sa akin at sa ebanghelyo ay maililigtas iyon.
Ipinaliwanag ni Jesus nin marahay an bagay na ini sa mga disipulo. Isiniblag siya ni Pedro sa iba saka tinuyaw.,"Sapagkat ano ang mapapakinabang ng tao na makamtan ang buong sanlibutan, at mapahamak ang kanyang buhay?"
"Alagad inatubang ni Jesus an saiyang mga disipulo dangan inanggotan si Pedro, “Rumayo ka sako, Satanas! Huli ta an iniisip mo bakong sa Dios, kundi sa tawo.”",Sapagkat anong maibibigay ng tao na kapalit ng kanyang buhay?
"Dangan inapod ni Jesus an mga tawo saka an saiyang mga disipulo asin sinabihan, “An siisay man na boot magsunod sako, kaipuhan lingawan niya an sadiri niyang buhay, magpasan kan saiyang krus, asin magsunod sako.","Sapagkat ang sinumang ikinahihiya ako at ang aking mga salita sa mapangalunya at makasalanang salinlahing ito ay ikahihiya rin naman siya ng Anak ng Tao, pagdating niyang nasa kaluwalhatian ng kanyang Ama na kasama ng mga banal na anghel.”"
"Nagtaram pa si Jesus, “Sa katotoohan sinasabihan ko kamo, igwa nin nagkapira digdi na dai magagadan sagkod na dai ninda mahiling na dumatong an Kahadean nin Dios na may kapangyarihan.”","Sinabi niya sa kanila, “Katotohanang sinasabi ko sa inyo, may ilan sa nakatayo rito na hindi makakatikim ng kamatayan, hanggang sa makita nila ang kaharian ng Diyos na dumarating na may kapangyarihan.”"
"Pakalihis nin anom na aldaw ipinag-iba ni Jesus si Pedro, si Santiago asin si Juan, sa sarong halangkaw na bukid. Kan idtoon na sinda, nahiling nindang naliwat si Jesus.","Pagkaraan ng anim na araw, isinama ni Jesus sina Pedro, Santiago at Juan, at dinala silang bukod sa isang mataas na bundok. Siya'y nagbagong-anyo sa harap nila;"
An gubing niya nagkintab sa kaputian na mayo nin siisay man sa bilog na kinaban na makakapaputi nin siring.,at ang kanyang damit ay naging nagniningning na puti na walang sinuman sa lupa na makapagpapaputi ng gayon.
Nahiling kan tolong disipulo si Elias asin si Moises na nakikipag-olay ki Jesus.,At doo'y nagpakita sa kanila si Elias na kasama si Moises at sila'y nakikipag-usap kay Jesus.
"Nagsabi si Pedro ki Jesus, “Kagurangnan, marahay na uya kita digdi. Magibo kami nin tolong payag-payag; saro saimo, saro ki Moises saka saro ki Elias.”","Sinabi ni Pedro kay Jesus, “Rabi, mabuti sa atin ang dumito. Hayaan ninyong gumawa kami ng tatlong kubol; isa sa iyo, isa kay Moises, at isa kay Elias.”"
"Dai naaraman ni Pedro kun ano an saiyang sasabihon, huli ta siya asin an saiyang duwang kairiba inabotan nin dakulang takot.",Sapagkat hindi niya alam kung ano ang sasabihin dahil sila'y lubhang natakot.
"Dangan linindongan sinda nin sarong panganoron asin sarong tingog an naghale sa panganoron, “Ini an Aki kong namomotan; dangoga nindo siya!”","Pagkatapos, nililiman sila ng isang ulap at may isang tinig na nanggaling sa ulap, “Ito ang aking Anak, ang Minamahal; siya ang inyong pakinggan!”"
Nangalag-kalag sinda alagad mayo sindang nahiling kundi si Jesus sana.,"Nang bigla silang tumingin sa paligid, wala silang nakitang sinumang kasama nila maliban kay Jesus lamang."
"Mantang naglulugsot na sinda sa bukid, pinagbotan sinda ni Jesus, “Dai nindo ipang-osip sa kiisay an nahiling nindo sagkod na an Aki nin Tawo mabuhay liwat.”","Habang bumababa sila sa bundok, iniutos niya sa kanila na huwag sabihin kaninuman ang kanilang nakita, hanggang sa ang Anak ng Tao ay magbangon mula sa mga patay."
"Kinuyog ninda an saiyang pagboot, alagad nagharapotan sinda, “Ano an kahulogan kan sinabi niyang ‘mabuhay liwat’?”","Kaya't kanilang iningatan ang pananalitang ito sa kanilang sarili, na pinag-uusapan kung ano ang kahulugan ng pagbangon mula sa mga patay."
"Hinapot ninda si Jesus, “Tadaw ta an sabi kan mga paratukdo kan Katogonan, si Elias daa an enot na maabot?”","At tinanong nila siya, “Bakit sinasabi ng mga eskriba na kinakailangang dumating muna si Elias?”"
"Sinimbag niya sinda, “Si Elias mananggad an enot na madigdi tanganing ibalik sa dati an gabos na bagay. Alagad tadaw ta nasasabi sa mga Kasuratan na an Aki nin Tawo magtitios nin makuri asin isisikwal?","Sinabi niya sa kanila, “Tunay na si Elias ay unang dumarating at nagpapanumbalik ng lahat ng mga bagay. At paanong nasusulat ang tungkol sa Anak ng Tao na siya'y magdurusa ng maraming bagay at itatakuwil?"
"Sinasabihan ko kamo, na nagdigdi na si Elias alagad pinasakitan siya kan mga tawo, sosog sa saindang sadiring kagustohan, siring sa nasasabi sa mga Kasuratan dapit saiya.”","Ngunit sinasabi ko sa inyo, tunay na dumating na si Elias at ginawa nila sa kanya ang anumang kanilang naibigan ayon sa nasusulat tungkol sa kanya.”"
"Pagbalik ninda sa ibang mga disipulo, nahiling ninda na an mga ini pinalibotan nin dakul na tawo. An nagkapirang mga paratukdo kan Katogonan nakikipagdiskutiran sa mga disipulo.","Nang dumating sila sa mga alagad, nakita nilang napakaraming tao sa kanilang paligid at ang mga eskriba na nakikipagtalo sa kanila."
"Pagkahiling kan mga tawo ki Jesus, napangalas sinda nin marahay; nagdalagan sinda pasiring saiya saka nagtaong galang.","Nang makita siya ng maraming tao, agad silang namangha at tumakbo upang batiin siya."
"Hinapot ni Jesus an saiyang mga disipulo, “Ano an pinagdidiskutiran nindo?”","Sila'y kanyang tinanong, “Ano ang ipinakikipagtalo ninyo sa kanila?”"
"Nagsimbag an sarong lalaki, “Maestro, dinara ko saimo ining aki ko huli ta igwa siya nin maraot na espiritu, kaya dai siya nakakataram.","At isa sa maraming tao ay sumagot sa kanya, “Guro, dinala ko sa iyo ang aking anak na lalaki na may isang piping espiritu."
"Kun inaatake siya kan espiritu, ilinalampog siya kaini sa daga, nagsusubo an saiyang ngoso, nagraragot an ngipon asin nanonoog an bilog na hawak. Nakiolay ako sa saimong mga disipulo na paluwason ninda an espiritu, alagad dai ninda nahimo.”","Tuwing siya'y aalihan nito, ibinubuwal siya, nagbububula ang kanyang bibig, nagngangalit ang kanyang mga ngipin at siya'y naninigas. Sinabi ko sa iyong mga alagad na palayasin iyon ngunit hindi nila magawa.”"
"Sinabihan sinda ni Jesus, “Mga tawong mayo nin pagtubod! Sagkod nuarin ako magigin kaiba-iba nindo? Sagkod nuarin ko kamo pagtitioson? Daraha sako an aki!”","Sumagot siya at sinabi sa kanila, “Kayong lahing walang pananampalataya, hanggang kailan pa ako makikisama sa inyo? Hanggang kailan pa ako magtitiis sa inyo? Dalhin ninyo siya sa akin.”"
Dinara ninda ki Jesus an aki.,"At dinala nila ang batang lalaki sa kanya. Nang makita siya ng espiritu, agad nitong pinangisay ang bata at siya'y nalugmok sa lupa, at nagpagulung-gulong na bumubula ang bibig."
"Pagkahiling ki Jesus kan espiritu, biglang pinakimig-kimig kaini an aki; natumba ini sa daga saka nagligid-ligid na nagsusubo an ngoso.","Tinanong ni Jesus ang ama, “Gaano katagal nang nangyayari ito sa kanya?” Sinabi niya, “Mula pa sa pagkabata."
"Hinapot ni Jesus an ama, “Kasuarin pa siyang arog kaini?”","Madalas na siya'y inihahagis nito sa apoy at sa tubig upang siya'y puksain, ngunit kung mayroon kang bagay na magagawa, maawa ka sa amin at tulungan mo kami.”"
"Nagsimbag siya, “Poon kan sadit pa siya.","Sinabi sa kanya ni Jesus, “Kung kaya mo! Ang lahat ng bagay ay maaaring mangyari sa kanya na nananampalataya.”"
"Dakul na beses siyang hinuhulog kaiyan sa kalayo o sa tubig nganing gadanon. Kun may mahihimo ka, kaheraki asin tabangi kami!”","Agad sumigaw ang ama ng bata na sinasabi, “Nananampalataya ako; tulungan mo ang kawalan ko ng pananampalataya!”"
"Nagsabi si Jesus, “Tadaw ta nagsasabi kang kun may mahihimo ako? An gabos na bagay posible sa tawong nagtutubod.”","At nang makita ni Jesus na dumarating na sama-samang tumatakbo ang maraming tao, sinaway niya ang masamang espiritu, na sinasabi, “Ikaw na pipi at binging espiritu, iniuutos ko sa iyo, lumabas ka sa kanya at huwag ka nang papasok muli sa kanya.”"
"Nagkurahaw tolos an ama kan aki, “Minatubod ako! Tabanging kumosog an pagtubod ko!”","Pagkatapos magsisigaw at lubhang pangisayin ang bata, lumabas ito at ang bata'y naging anyong patay, kaya't marami ang nagsabing siya'y patay na."
"Nahiling ni Jesus na nagdadaguso sainda an mga tawo, kaya pinagbotan niya an maraot na espiritu, “Espiritung pola asin bongog, pinagbobotan takang lumuwas sa aking ini; dai ka na nanggad maglaog saiya!”","Ngunit hinawakan siya ni Jesus sa kamay, at siya'y ibinangon at nagawa niyang tumayo."
"Nagkurahaw an espiritu, pinakimig-kimig an aki, dangan nagluwas. Garo bangkay na an aki kaya nagsabi an mga tawo, “Gadan na siya!”","Nang pumasok siya sa bahay, palihim na tinanong siya ng kanyang mga alagad, “Bakit hindi namin iyon napalayas?”"
"Alagad kinapotan ni Jesus sa kamot an aki, tinabangan na magbangon asin nagtindog ini.","Sinabi niya sa kanila, “Ang ganitong uri ay napapalayas lamang sa pamamagitan ng panalangin.”"
"Pakalaog ni Jesus sa harong, hinapot siya kan mga disipulo na daing ibang nagdadangog, “Tadaw ta dai mi napaluwas an espiritu?”",Umalis sila roon at nagdaan sa Galilea at ayaw niyang malaman ito ng sinuman.
"Nagsimbag si Jesus, “An arog kaini dai mapapaluwas sa paagi nin anoman kundi sa pamibi sana asin sa pag-ayuno.”","Sapagkat tinuturuan niya ang kanyang mga alagad na sa kanila'y sinasabi, “Ang Anak ng Tao ay ipagkakanulo sa mga kamay ng tao at siya'y papatayin nila. Tatlong araw matapos siyang patayin, siya'y muling mabubuhay.”"
"Naghale sinda sa lugar na idto asin nag-agi sa Galilea. Habo ni Jesus na maaraman nin siisay man kun haen siya,",Ngunit hindi nila naunawaan ang kanyang sinabi at natakot silang magtanong sa kanya.
"huli ta pinagtutukdoan niya an saiyang mga disipulo. Sinabihan niya sinda, “An Aki nin Tawo itatao sa mga tawo, dangan gagadanon siya ninda; alagad sa ikatolong aldaw mabubuhay siya liwat.”","Nakarating sila sa Capernaum at nang siya'y nasa bahay na ay tinanong niya sila, “Ano ang pinagtatalunan ninyo sa daan?”"
"Dai ninda nasabotan an sinabi niya, alagad takot sindang maghapot saiya.","Ngunit sila'y tumahimik, sapagkat sa daan ay pinagtatalunan nila kung sino ang pinakadakila."
"Pag-abot sa Capernaum, kan sinda nasa laog na kan harong, hinapot ni Jesus an saiyang mga disipulo, “Ano an pinagdidiskutiran nindo sa dalan?”","Siya'y umupo, tinawag ang labindalawa at sa kanila'y sinabi, “Kung sinuman ang nagnanais na maging una, siya'y dapat maging huli sa lahat at lingkod ng lahat.”"
Dai sinda naggirong huli ta sa dalan pinagdidiskutiran ninda kun siisay an pinakadakula sainda.,"Kinuha niya ang isang maliit na bata at inilagay sa gitna nila. Siya'y kanyang kinalong at sa kanila'y sinabi,"
"Nagtukaw si Jesus, inapod an dose dangan sinabihan, “An siisay man na boot magin enot, dapat na magpahuri sa gabos asin maging sorogoon nin gabos.”","“Ang sinumang tumatanggap sa isa sa mga ganitong bata sa aking pangalan, ako ang tinatanggap at ang sinumang tumatanggap sa akin ay hindi ako ang tinatanggap, kundi ang nagsugo sa akin.”"
"Kinua niya an sarong sadit na aki, pinatindog sa atubangan ninda, kinugos asin sinabihan sinda,","Sinabi sa kanya ni Juan, “Guro, nakita namin ang isang tao na nagpapalayas ng mga demonyo sa pangalan mo at pinagbawalan namin siya, sapagkat hindi siya sumusunod sa atin.”"
"“An siisay man na minaako sa arog kaining aki sa ngaran ko, minaako sako; an siisay man na minaako sako, bakong ako an inaako kundi an nagsugo sako.”","Ngunit sinabi ni Jesus, “Huwag ninyo siyang pagbawalan, sapagkat walang taong gumagawa ng makapangyarihang gawa sa pangalan ko ang agad na makapagsasalita ng masama tungkol sa akin."
"Nagsabi saiya si Juan, “Maestro, nakahiling kami nin tawong nagpapaluwas nin mga demonyo sa ngaran mo. Sinaway mi siya huli ta mayo siya sa pag-iriba ta.”",Sapagkat ang sinumang hindi laban sa atin ay panig sa atin.
"“Dai nindo siya pagsawayon,” an sabi ni Jesus, “huli ta dai nin siisay man na minagibo nin milagro sa ngaran ko na magpapakaraot sako.","Sapagkat tunay na sinasabi ko sa inyo, ang sinumang magpainom sa inyo ng isang tasang tubig dahil sa kayo'y kay Cristo, ay hindi mawawalan ng kanyang gantimpala."
"Huli ta an siisay man na bakong tumang sato, kampi sato.","“At kung ang sinuman ay magbigay ng katitisuran sa isa sa maliliit na ito na sumasampalataya sa akin, mabuti pang bitinan ang kanyang leeg ng isang malaking gilingang bato at itapon sa dagat."
"Sa katotoohan sinasabihan ko kamo, an siisay man na magpainom saindo nin tubig huli ta kamo sadiri ko, dai mawawaraan nin balos.”","Kung ang kamay mo ay nakapagpapatisod sa iyo, putulin mo ito. Mas mabuti pa sa iyo ang pumasok sa buhay na baldado, kaysa may dalawang kamay at mapunta sa impiyerno, sa apoy na hindi mapapatay,"
"“An siisay man na magin dahelan kan pagkasala kan saro sa mga saradit na ini na minatubod sako, mas marahay pang tagulnodan an liog niya nin gapong gilingan dangan iapon sa dagat.",[
"Kun an saro mong kamot magin dahelan kan pagkakasala mo, putola iyan! Mas marahay pa saimong lumaog ka sa langit na saro sana an kamot ki kan may duwang kamot alagad ihulog sa impyerno, sa kalayo na mayong kataposan.","na kung saan ang kanilang mga uod ay hindi namamatay, at ang apoy ay hindi napapatay.]"
Duman ‘an mga ulod sa saindang hawak dai nanggad nagagadan asin an kalayo dai nanggad nasisigbo.’,"Kung ang paa mo'y nakapagpapatisod sa iyo, putulin mo ito. Mas mabuti pa sa iyo ang pumasok sa buhay na pilay kaysa may dalawang paa ka at maitapon sa impiyerno,"
"Kun an saro mong bitis magin dahelan kan pagkakasala mo, putola iyan! Mas marahay pa saimong lumaog ka sa langit na saro sana an bitis, ki kan may duwang bitis alagad ihulog sa impyerno.",[
Duman ‘an mga ulod sa saindang hawak dai nanggad nagagadan asin an kalayo dai nanggad nasisigbo.’,"na kung saan ang kanilang mga uod ay hindi namamatay, at ang apoy ay hindi napapatay.]"
"Kun an saro mong mata magin dahelan kan pagkakasala mo, hulwata iyan! Mas marahay pang lumaog ka sa Kahadean nin Dios na may saro sanang mata, ki kan may duwang mata alagad ihulog sa impyerno.","Kung ang mata mo'y nakapagpapatisod sa iyo, dukitin mo ito. Mas mabuti pa sa iyo ang pumasok sa kaharian ng Diyos na may isang mata, kaysa may dalawang mata at mabulid sa impiyerno,"
Duman ‘an mga ulod sa saindang hawak dai nanggad nagagadan asin an kalayo dai nanggad nasisigbo.’,"na kung saan ang kanilang mga uod ay hindi namamatay, at ang apoy ay hindi napapatay."
"Naghale si Jesus sa lugar na idto. Nagduman siya sa rehiyon nin Judea, dangan nagdagos siya sa ibong kan Salog nin Jordan. Kadakul naman na tawo an nagtiripon saiya. Tinukdoan niya sinda siring sa dati niyang ginigibo.","Mula roon, siya'y umalis at pumunta sa lupain ng Judea at sa kabila ng Jordan. At muling nagtipon ang napakaraming tao sa paligid niya at tulad ng kanyang nakaugalian, muli niyang tinuruan sila."
"Nagduman an nagkapirang Fariseo. Boot nindang pataluksohon siya sa paagi nin paghapot, “Tugot daw kan satong Katogonan na suhayan kan lalaki an saiyang agom?”","Dumating ang mga Fariseo at upang subukin siya ay kanilang itinanong, “Ipinahihintulot ba sa lalaki na makipaghiwalay sa kanyang asawa?”"
"Sinimbag sinda ni Jesus, “Ano an pagboot na itinao ni Moises saindo?”","At sumagot siya sa kanila, “Ano ba ang iniutos sa inyo ni Moises?”"
"Nagsimbag sinda, “Itinugot ni Moises na suhayan kan lalaki an saiyang agom pakatapos na maggibo nin kasuratan nin pagsuhay.”","Sinabi nila, “Ipinahintulot ni Moises na sumulat ang isang lalaki ng kasulatan ng paghihiwalay, at makipaghiwalay sa babae.”"
"Sinabihan sinda ni Jesus, “Nagsurat si Moises kaining togon para saindo huli sa katagasan kan payo nindo.","Ngunit sinabi sa kanila ni Jesus, “Dahil sa katigasan ng inyong puso, isinulat niya ang utos na ito sa inyo."
"Alagad sa kapinonan nin paglalang, isinabi ini, ‘Linalang nin Dios sindang lalaki asin babae.","Ngunit buhat pa sa pasimula ng paglikha, ‘ginawa sila ng Diyos na lalaki at babae.’"
"Huli kaini, babayaan kan lalaki an saiyang ama asin ina, masaro sa agom niya,","‘Dahil dito'y iiwan ng lalaki ang kanyang ama at ina, at makikipisan sa kanyang asawa;"
"dangan sindang duwa magigin saro.’ Kaya bako na sindang duwa, kundi saro.","at ang dalawa ay magiging isang laman!’ Kaya't hindi na sila dalawa, kundi isang laman."
Kaya dai dapat pagsuhayon nin tawo an pinagsaro nin Dios.”,Kaya't ang pinagsama ng Diyos ay huwag hayaang paghiwalayin ng tao.”
"Pag-abot ninda sa harong, hinapot giraray si Jesus kan mga disipulo dapit kan bagay na ini.",Sa bahay naman ay muling tinanong siya ng mga alagad tungkol sa bagay na ito.
"Sinabihan sinda ni Jesus, “An lalaking magsuhay sa agom saka umagom nin iba, nagkakasala nin adulteryo sa saiyang agom;","At sinabi niya sa kanila, “Ang sinumang makipaghiwalay sa kanyang asawang babae at mag-asawa sa iba ay nagkakasala ng pangangalunya laban sa kanya."
"siring man an babae na magsuhay sa agom niya dangan magpaagom sa iba, nagkakasala nin adulteryo.”","Kung nakipaghiwalay siya sa kanyang asawang lalaki at mag-asawa sa iba, nagkakasala siya ng pangangalunya.”"
May nagkapirang tawo na nagdara nin mga aki ki Jesus tanganing saiyang bendisyonan; alagad sinaway sinda kan mga disipulo.,"At dinadala ng mga tao sa kanya ang maliliit na bata upang sila'y kanyang hipuin, ngunit sinaway sila ng mga alagad."
"Kan mahiling ini ni Jesus, naanggot siya asin sinabihan sinda, “Pabayae nindong magdolok sako an mga aki! Dai nindo sinda pag-olangon, huli ta para sa mga arog sainda an Kahadean nin Dios.","Ngunit nang ito'y makita ni Jesus, nagalit siya at sinabi sa kanila, “Hayaan ninyong lumapit sa akin ang maliliit na bata. Huwag ninyo silang pagbawalan, sapagkat sa mga ganito nauukol ang kaharian ng Diyos."
"Sa katotoohan sinasabihan ko kamo, an siisay man na dai umako kan Kahadean nin Dios siring sa aking sadit dai nanggad makakalaog diyan.”","Tunay na sinasabi ko sa inyo, ang sinumang hindi tumanggap sa kaharian ng Diyos na tulad sa isang maliit na bata, ay hindi makakapasok doon.”"
"Dangan kinugos niya an mga aki, saro-sarong benendisyonan sinda sa paagi kan pagbugtak kan kamot niya sa ibabaw kan payo ninda.","At kinalong niya sila, ipinatong ang kanyang mga kamay sa kanila at binasbasan sila."
"Kan malarga na si Jesus, may sarong lalaking nagdalagan pasiring saiya, nagluhod sa atubangan niya dangan naghapot, “Marahay na Maestro, ano an dapat kong gibohon tanganing magkamit ako nin buhay na daing kataposan?”","Nang siya'y naghahanda na sa kanyang paglalakbay, may isang lalaking patakbong lumapit sa kanya, at pagluhod sa kanyang harapan, siya'y tinanong, “Mabuting Guro, ano ang dapat kong gawin upang magmana ng buhay na walang hanggan?”"
"Naghapot si Jesus saiya, “Tadaw ta inaapod mo akong marahay? Mayong marahay kundi an Dios sana.","Sinabi sa kanya ni Jesus, “Bakit tinatawag mo akong mabuti? Walang mabuti kundi ang Diyos lamang."
Tatao ka kan mga togon: ‘Dai ka maggadan; dai ka magdorog sa bako mong agom; dai ka maghabon; dai ka magsaksi nin putik; dai ka magdaya; galangan mo an saimong ama asin ina.’”,Nalalaman mo ang mga utos: ‘Huwag kang pumatay; Huwag kang mangalunya; Huwag kang magnakaw; Huwag kang sumaksi sa kasinungalingan; Huwag kang mandaya; Igalang mo ang iyong ama at ina.’”
"An lalaki nagsimbag, “Maestro, kinukuyog ko na iyan gabos poon kan aki pa ako.”","At sinabi niya sa kanya, “Guro, ang lahat ng mga bagay na ito'y aking tinupad mula pa sa aking kabataan.”"
"Hiniling siya ni Jesus na may pagkamoot dangan sinabihan, “Sarong bagay na sana an kaipuhan mong gibohon. Pumuli ka, ipabakal mo an anoman na sadiri mo saka ipanao mo an kabaklan sa mga dukha, asin magkakaigwa ka nin kayamanan sa langit. Pakatapos, magbalik ka asin sumunod sako.”","Si Jesus, pagtingin sa kanya ay minahal siya at sinabi, “Isang bagay ang kulang sa iyo. Humayo ka, ipagbili mo ang lahat at ibigay mo ang salapi sa dukha, at magkakaroon ka ng kayamanan sa langit. At pumarito ka, sumunod ka sa akin.”"
"Kan madangog ini kan lalaki, nagmurusdot siya dangan mamondong naghale huli ta mayamanon siya.","Subalit siya'y nanlumo sa sinabing ito, at siya'y umalis na nalulungkot sapagkat siya'y maraming ari-arian."
"Nangalagkalag si Jesus dangan sinabihan an mga disipulo niya, “Masakit na gayo para sa mga mayaman na makalaog sa Kahadean nin Dios.”","At sa pagtingin ni Jesus sa palibot ay sinabi niya sa kanyang mga alagad, “Napakahirap para sa mga may kayamanan na pumasok sa kaharian ng Diyos.”"
"Nagngaralas an mga disipulo sa tataramon niyang ini, alagad nagpadagos si Jesus sa pagtaram, “Mga aki ko, talagang masakit an paglaog sa Kahadean nin Dios!","At namangha ang mga alagad sa kanyang mga salita. Ngunit muling sumagot sa kanila si Jesus, “Mga anak, napakahirap pumasok sa kaharian ng Diyos."
Mas pasil pa sa sarong kamelyo na makaagi sa labot nin dagom ki sa sarong mayaman na makalaog sa Kahadean nin Dios.”,Mas madali pa para sa isang kamelyo ang dumaan sa butas ng isang karayom kaysa isang mayaman ang pumasok sa kaharian ng Diyos.”
"Napangalas na gayo an mga disipulo asin hinapot ninda siya, “Kun siring, siisay palan an makakaligtas?”","Sila'y lalong nagtaka at sinabi sa kanya, “Sino nga kaya ang maliligtas?”"
"Hiniling sinda ni Jesus asin sinabihan, “Sa tawo imposible iyan alagad sa Dios bako; huli ta an gabos posible saiya.”","Tiningnan sila ni Jesus at sinabi, “Sa mga tao, ito'y hindi maaaring mangyari ngunit hindi sa Diyos; sapagkat sa Diyos ang lahat ng mga bagay ay maaaring mangyari.”"
"Dangan nagtaram si Pedro, “Hilinga, binayaan mi an gabos asin nagsunod kami saimo.”","Si Pedro ay nagsimulang magsabi sa kanya, “Tingnan mo, iniwan namin ang lahat at sumunod kami sa iyo.”"
"Sinabihan sinda ni Jesus, “Sa katotoohan sinasabihan ko kamo, an magbaya kan saiyang harong, o mga tugang, o mga magurang, o mga aki, o kaomahan, huli sako asin huli sa ebanghelyo,","Sinabi ni Jesus, “Katotohanan ang sinasabi ko sa inyo, walang taong nag-iwan ng bahay, o mga kapatid na lalaki, o mga kapatid na babae, o ina, o ama, o mga anak, o mga bukid, dahil sa akin, at dahil sa magandang balita,"
"magkakaigwa sa buhay na ini nin ginatos pang harong, tugang, magurang, aki, saka kaomahan kaiba an mga kasakitan. Sa maabot na panahon magkakaigwa siya nin buhay na daing kataposan.","ang hindi makakatanggap ng isandaang ulit, ngayon sa panahong ito, ng mga bahay, at mga kapatid na lalaki, mga kapatid na babae, mga ina at mga anak, at mga bukid, na may mga pag-uusig; at sa darating na panahon ay walang hanggang buhay."
Alagad kadakul sa mga naeenot ngunyan an mahuhuri; asin kadakul sa mga nahuhuri ngunyan an maeenot.”,"Ngunit ang maraming nauuna ay mahuhuli, at ang huli ay mauuna.”"
"Nasa dalan na si Jesus asin an saiyang mga disipulo pasiring sa Jerusalem. Naeenot si Jesus; nahahandal an mga disipulo niya, asin natatakot man an mga tawong nagsusunod saiya. Isiniblag giraray ni Jesus an doseng disipulo saka tinaraman kan mga bagay na mangyayari saiya.","Sila'y nasa daang paakyat sa Jerusalem at nauuna sa kanila si Jesus. Sila'y namangha at ang mga sumunod ay natakot. Muli niyang ibinukod ang labindalawa, at sinimulang isalaysay sa kanila ang mga bagay na mangyayari sa kanya"
"Nagsabi siya, “Matukad kita sa Jerusalem. Duman itatao an Aki nin Tawo sa mga poon na padi asin sa mga paratukdo kan Katogonan. Hahatolan siya ninda nin kagadanan saka itatao sa mga pagano.","na sinasabi, “Tingnan ninyo, umaahon tayo patungo sa Jerusalem at ipagkakanulo ang Anak ng Tao sa mga punong pari at sa mga eskriba. Siya'y hahatulan nila ng kamatayan, at ibibigay siya sa mga Hentil."
"Tutuya-tuyaon siya ninda, lulutaban, hahampakon, saka gagadanon. Alagad sa ikatolong aldaw mabubuhay siya liwat.”","Siya'y kanilang tutuyain, at duduraan, siya'y hahampasin at papatayin. Pagkaraan ng tatlong araw siya ay muling mabubuhay.”"
"Nagdolok ki Jesus si Santiago asin si Juan, na mga aki ni Zebedeo, dangan nagsabi, “Maestro, igwa kaming boot ipagibo saimo para samo.”","Lumapit sa kanya sina Santiago at Juan na mga anak ni Zebedeo, na nagsasabi sa kanya, “Guro, ibig naming gawin mo sa amin ang anumang aming hingin sa iyo.”"
"Hinapot sinda ni Jesus, “Ano an boot nindong gibohon ko para saindo?”","At sinabi niya sa kanila, “Ano ang ibig ninyong gawin ko para sa inyo?”"
"Nagsimbag sinda, “Tugote kaming magtukaw kataed mo duman sa saimong mamurawayon na Kahadean, an saro sa too asin an saro sa wala.”","Sinabi nila sa kanya, “Ipagkaloob mo sa amin na makaupo kami, ang isa'y sa iyong kanan, at ang isa'y sa kaliwa, sa iyong kaluwalhatian.”"
"Sinabihan sinda ni Jesus, “Dai nindo aram kun ano an hinahagad nindo. Makakainom daw kamo kan kalis na iinomon ko? Makakapabunyag daw kamo kan bunyag na aakoon ko?”","Subalit sinabi ni Jesus sa kanila, “Hindi ninyo nalalaman ang inyong hinihingi. Kaya ba ninyong uminom sa kopang aking iinuman; o mabautismuhan sa bautismo na ibinabautismo sa akin?”"
"Nagsimbag sinda, “Kaya mi.”","Sumagot sila, “Kaya namin.” Sinabi naman ni Jesus sa kanila, “Ang kopang aking iinuman ay iinuman ninyo; at sa bautismo na ibinabautismo sa akin ay babautismuhan kayo."
"Nagtaram si Jesus, “Iinomon man nanggad nindo an kalis na iinomon ko asin makakapabunyag kamo kan ibubunyag sako.",Ngunit ang maupo sa aking kanan o sa aking kaliwa ay hindi ako ang magkakaloob; subalit ito'y para sa kanila na pinaghandaan nito.”
Alagad bako ako an mapili kun siisay an matukaw sa too o sa wala ko; an Dios an matao kaiyan sa mga tinagamahan.”,"Nang marinig ito ng sampu, nagsimula silang magalit kina Santiago at Juan."
"Kan madangog ini kan sampolong disipulo, naanggot sinda ki Santiago asin ki Juan.","Kaya't sila'y tinawag ni Jesus at sinabi sa kanila, “Nalalaman ninyo na ang mga kinikilala upang mamuno sa mga Hentil ay tumatayong panginoon sa kanila; at ang mga dakila sa kanila ang siyang nasusunod sa kanila."
"Alagad inapod sinda gabos ni Jesus saka sinabihan, “Aram nindo na an mga kagsakop kan mga pagano may kapangyarihan sa saindang mga sakop, asin an mga lider iyo an pinagkukuyog.","Subalit hindi gayon sa inyo, ngunit ang sinumang ibig na maging dakila sa inyo ay kailangang maging lingkod ninyo;"
"Alagad bakong arog kaini an dapat mangyari saindo. An siisay man saindo na boot magin dakula, dapat magin sorogoon nindo;",at ang sinumang nais na maging una ay kailangang maging alipin ng lahat.
"an siisay man saindo na boot magin enot, dapat magin oripon kan gabos.","Sapagkat maging ang Anak ng Tao ay hindi naparito upang paglingkuran, kundi upang maglingkod at ibigay ang kanyang buhay na pantubos sa marami.”"
Huli ta an Aki nin Tawo dai nagdigdi tanganing paglingkodan kundi tanganing maglingkod asin magdusay kan buhay niya tanganing matubos an dakul na tawo.”,"At dumating sila sa Jerico. Habang nililisan niya ang Jerico, kasama ang kanyang mga alagad at ng napakaraming tao, isang pulubing bulag, si Bartimeo na anak ni Timeo, ay nakaupo sa tabi ng daan."
"Nag-abot si Jesus sa Jerico kaiba an mga disipulo niya asin an dakul na tawo. Kan naghahale na sinda duman, naagihan ninda an sarong makilimos na buta na nagtutukaw sa gilid kan dalan; siya si Bartimeo na aki ni Timeo.","Nang marinig niya na iyon ay si Jesus na taga-Nazaret, nagsimula siyang magsisigaw at magsabi, “Jesus, Anak ni David, mahabag ka sa akin!”"
"Kan madangog niya na si Jesus na taga Nazaret nag-aagi duman, nagkurahaw siya, “Jesus, Aki ni David! Kaheraki ako!”","At sinaway siya ng marami na siya'y tumahimik, ngunit siya'y lalong nagsisigaw, “Anak ni David, mahabag ka sa akin!”"
"Inanggotan siya kan dakul na tawo asin pinaalo; alagad orog siyang nagkurahaw, “Aki ni David, kaheraki ako!”","Tumigil si Jesus at sinabi, “Tawagin ninyo siya.” Tinawag nila ang lalaking bulag na sinasabi sa kanya, “Matuwa ka. Tumayo ka; tinatawag ka niya.”"
"Nag-ontok si Jesus dangan nagsabi, “Padigdiha nindo siya.”","Pagkahagis sa kanyang balabal, nagmamadali siyang tumayo at lumapit kay Jesus."
"Kaya inapod ninda an buta asin sinabihan, “Pakosoga an boot mo! Tindog, inaapod ka niya.”","Pagkatapos sinabi sa kanya ni Jesus, “Ano ang ibig mong gawin ko para sa iyo?” Sinabi ng lalaking bulag, “Rabboni, ibig kong muling makakita.”"
"Hinukas kan buta an saiyang alikboy, paluksong nagtindog saka nagdolok ki Jesus.","Sinabi sa kanya ni Jesus, “Humayo ka, pinagaling ka ng iyong pananampalataya.” Agad na nagbalik ang kanyang paningin at siya'y sumunod sa kanya sa daan."
"Kan nagdadangadang na sinda sa Jerusalem, harani sa Betfage asin sa Betania sa may Bukid nin mga Oliba, pinaenot ni Jesus an duwa kan saiyang mga disipulo","Nang malapit na sila sa Jerusalem, sa may Betfage at Betania, malapit sa bundok ng mga Olibo, sinugo ni Jesus ang dalawa sa kanyang mga alagad,"
"saka tinugon, “Dumuman kamo sa masunod na baryo. Pag-abot nindo duman mahihiling nindo tolos an sarong ogbon na asno na nakagakod asin dai pa lamang nalunadan. Hubadan nindo iyan dangan darahon digdi.","at sa kanila'y sinabi, “Pumunta kayo sa nayong nasa tapat ninyo at kaagad sa inyong pagpasok doon ay matatagpuan ninyo ang isang nakataling batang asno na hindi pa nasasakyan ng tao. Kalagan at kunin ninyo iyon."
"Kun may maghapot saindo, ‘Tadaw ta ginigibo nindo iyan?’ sabihan nindo siya, ‘Kaipuhan ini nin Kagurangnan asin ipupuli man tolos.’”","At kung may magsabi sa inyo, ‘Bakit ninyo ginagawa ito?’ sabihin ninyo, ‘Kailangan ito ng Panginoon’ at ipadadala niya agad rito.”"
"Kaya nagduman sinda asin nahiling ninda sa tinampo an ogbon na asno na nakagakod sa pintoan nin sarong harong. Kan hinuhubadan ninda an asno,",Umalis sila at kanilang natagpuan ang batang asno na nakatali sa pintuan sa labas ng lansangan. At kinalagan nila ito.
"hinapot sinda kan nagkapirang tawo na yaon duman, “Tadaw ta hinuhubadan nindo an asno?”","Ang ilan sa nakatayo roon ay nagsabi sa kanila, “Anong ginagawa ninyo na inyong kinakalagan ang batang asno?”"
"Nagsimbag sinda siring sa sinabi sainda ni Jesus, kaya pinabayaan sinda kan mga tawo.",At sinabi nila sa kanila ang sinabi ni Jesus at kanilang pinayagan sila.
"Dinara ninda ki Jesus an asno, kinamaderohan ninda an asno kan saindang mga alikboy dangan naglunad si Jesus.","Pagkatapos, dinala nila ang batang asno kay Jesus at inilagay nila sa ibabaw ng batang asno ang kanilang mga balabal at siya'y sumakay rito."
Dakul na tawo an nagbiklad kan saindang mga alikboy sa tinampo; an iba nagputol nin mga sanga nin kahoy dangan ibinanig sa tinampo.,Maraming tao ang naglatag ng kanilang balabal sa daan at ang iba'y naglatag ng mga sanga na kanilang pinutol mula sa mga bukid.
"An mga tawong nasa enotan asin sa hurihan nagkukurahaw, “Osana! Pag-omawon an minaabot sa ngaran nin Kagurangnan!","Ang mga nauuna at ang mga sumusunod ay nagsisigawan, “Hosana! Mapalad ang dumarating sa pangalan ng Panginoon!"
Pag-omawon an maabot na kahadean kan satong ama na si David! Osana sa kaitaasan!”,Mapalad ang dumarating na kaharian ng ating amang si David! Hosana sa kataas-taasan!”
"Nagduman si Jesus sa Jerusalem dangan naglaog sa Templo. Pakatapos na mahiling niya an mga yaon duman, nagluwas siya huli ta banggi na, asin nagbalik sa Betania kaiba an Dose.","Pumasok siya sa Jerusalem at pumunta sa templo. Nang matingnan niya sa palibot ang lahat ng bagay, palibhasa'y hapon na, pumunta siya sa Betania na kasama ang labindalawa."
"Kan sunod na aldaw, mantang naglalakaw sinda hale sa Betania, nagutom si Jesus.","Kinabukasan, nang dumating sila mula sa Betania ay nagutom siya."
"Natanawan niya sa enotan an sarong madahon na kahoy na higera. Hiniling niya kun may bunga, alagad poro dahon sana ta bako pang tigbungahan.","At pagkatanaw niya sa malayo ng isang puno ng igos na may mga dahon, lumapit siya upang tingnan kung may matatagpuan siya roon. At nang siya'y makalapit doon, wala siyang natagpuang anuman kundi mga dahon, sapagkat hindi pa panahon ng mga igos."
"Sinabihan niya an kahoy na higera, “Sagkod pa man mayo nin makakan kan bunga mo!”","Sinabi niya rito, “Wala nang sinumang makakakain pa ng bunga mula sa iyo.” Ito'y narinig ng kanyang mga alagad."
Nadangog ini kan mga disipulo.,Pagkatapos ay dumating sila sa Jerusalem. Pumasok siya sa templo at sinimulan niyang itaboy ang mga nagbibili at ang mga bumibili sa loob ng templo. Ipinagtataob niya ang mga mesa ng mga nagpapalit ng salapi at ang mga upuan ng mga nagbibili ng mga kalapati.
"Pag-abot ninda sa Jerusalem, naglaog si Jesus sa Templo asin inalaw niya an gabos na paratinda saka parabakal duman. Pinabaralintok niya an mga lamesa kan mga pararibay nin kwarta asin an mga tukawan kan mga paratinda nin salampati.",Hindi niya pinahintulutan ang sinuman na magdala ng anuman na padadaanin sa templo.
Dai niya tinugotan na mag-agi sa laog kan Templo an siisay man na may dara nin anoman.,"Nagturo siya at sinabi, “Hindi ba nasusulat, ‘Ang aking bahay ay tatawaging bahay-panalanginan para sa lahat ng mga bansa?’ Ngunit ginawa ninyo itong yungib ng mga magnanakaw.”"
"Dangan nagtukdo siya sa mga tawo, “Bakong nasusurat, ‘An sakong harong aapodon harong nin pamibi para sa gabos na nasyon’? Alagad ginibo nindo ining lungib nin mga parahabon!”","Narinig ito ng mga punong pari at ng mga eskriba at sila'y naghanap ng paraan kung paano nila siya mapapatay, sapagkat natatakot sila sa kanya dahil maraming tao ang namangha sa kanyang aral."
"Naaraman ini kan mga poon na padi asin kan mga paratukdo kan Katogonan, kaya nag-isip sinda nin paagi kun paano ipagadan si Jesus. Natakot sinda saiya huli ta an gabos na tawo nagngalas kan saiyang katukdoan.","Nang sumapit na ang gabi, sila ay lumabas sa lunsod."
"Kan banggi na, nagluwas sa syudad si Jesus saka an saiyang mga disipulo.","Kinaumagahan habang sila'y nagdaraan, nakita nila ang puno ng igos na natuyo mula sa mga ugat."
"Pagkaaga, mantang naglalakaw sinda, nahiling nindang alang na sagkod sa gamot an kahoy na higera.","Nang maalala ni Pedro ay sinabi niya sa kanya, “Rabi, tingnan mo! Ang puno ng igos na iyong isinumpa ay tuyo na.”"
"Naromdoman ni Pedro an nangyari asin nagsabi ki Jesus, “Maestro, hilinga ta alang na an higerang minaldisyon mo!”","At sumagot si Jesus sa kanila, “Magkaroon kayo ng pananampalataya sa Diyos."
"Sinabihan sinda ni Jesus, “Magtubod kamo sa Dios.","Katotohanang sinasabi ko sa inyo, na ang sinumang magsabi sa bundok na ito, ‘Mabunot ka at mapatapon ka sa dagat,’ at hindi nag-aalinlangan sa kanyang puso, kundi naniniwala na mangyayari ang kanyang sinabi, ay mangyayari nga iyon sa kanya."
"Sa katotoohan sinasabihan ko kamo, na an siisay man na magsabi sa bulod na ini, ‘Humale ka diyan asin lumampaw ka sa dagat.’ Kun dai siya magduwa-duwa sa saiyang puso, kundi magtubod na an saiyang sinasabi mangyayari, mahihimo iyan para saiya.","Kaya nga sinasabi ko sa inyo, ang lahat ng bagay na iyong idalangin at hingin, paniwalaan ninyong tinanggap na ninyo at iyon ay mapapasainyo."
"Kaya sinasabihan ko kamo, na anoman an hagadon nindo sa pamibi, magtubod kamo na itatao saindo asin makakamtan nindo iyan.","Kapag kayo'y nakatayo na nananalangin, magpatawad kayo kung mayroon kayong anumang laban sa kaninuman; upang patawarin kayo sa inyong mga kasalanan ng inyong Ama na nasa langit."
"Kun namimibi kamo alagad igwa kamo nin maraot na boot sa kapwa nindo, patawadon nindo tanganing patawadon man kamo kan saindong Ama na nasa langit kan mga kasalan nindo.","[Ngunit kung hindi kayo magpapatawad, hindi rin kayo patatawarin sa inyong mga kasalanan ng inyong Ama na nasa mga langit.]”"
"Kun dai kamo magpatawad, dai man kamo papatawadon kan saindong Ama sa langit.”","Sila'y muling pumunta sa Jerusalem. Samantalang naglalakad siya sa templo, lumapit sa kanya ang mga punong pari, ang mga eskriba, at ang matatanda."
"Nagbalik sinda sa Jerusalem. Kan naglalakaw si Jesus sa Templo, dinolok siya kan mga poon na padi, kan mga paratukdo kan Katogonan asin kan mga kamagurangan","Sinabi nila sa kanya, “Sa anong awtoridad mo ginagawa ang mga bagay na ito? O sino ang nagbigay sa iyo ng awtoridad na gawin ang mga bagay na ito?”"
"saka hinapot, “Ano an kapangyarihan mo sa paggibo kan mga bagay na ini? Siisay an nagtao saimo kan kapangyarihan na iyan?”","Sinabi ni Jesus sa kanila, “Tatanungin ko kayo ng isang tanong. Sagutin ninyo ako at sasabihin ko sa inyo kung sa anong awtoridad ko ginagawa ang mga bagay na ito."
"Nagsimbag si Jesus, “Mahapot ako saindo nin saro sanang hapot; kun masimbag nindo, sasabihon ko man saindo kun sa anong kapangyarihan ginigibo ko an mga bagay na ini.","Ang bautismo ba ni Juan, ay mula sa langit, o sa mga tao? Sagutin ninyo ako.”"
Saen hale an kapangyarihan ni Juan sa pagbunyag: sa Dios o sa tawo?”,"Nagtalo sila sa isa't isa, “Kung sabihin natin, ‘Mula sa langit’ ay sasabihin niya, ‘Bakit nga hindi ninyo siya pinaniwalaan?’"
"Nagpasuruhay sinda, “Kun sabihon tang hale sa Dios, masabi siya, ‘Kun siring, tadaw ta dai kamo nagtubod saiya?’","Ngunit kung sabihin natin, ‘Mula sa mga tao’” ay natatakot sila sa maraming tao sapagkat kinikilala ng lahat na si Juan ay isang tunay na propeta."
"Alagad kun sabihon tang ‘Hale sa tawo…’” (Takot sinda sa mga tawo, huli ta minimidbid kan gabos na si Juan tunay na propeta.)","Kaya't sinagot nila si Jesus, “Hindi namin nalalaman.” Sinabi naman ni Jesus sa kanila, “Hindi ko rin sasabihin sa inyo kung sa anong awtoridad ko ginagawa ang mga bagay na ito.”"
"Dangan nagtaram si Jesus sainda sa paagi nin mga parabola, “Igwa nin sarong tawo na nagtanom nin ubas sa saiyang ubasan, kinudal niya iyan, saka naggibo nin gilingan nin ubas. Nagtugdok pa siya nin sarong bantayan. Dangan ipinaataman niya an ubasan na ini sa mga tumatawo asin nagduman siya sa ibang lugar.","Nagsimula siyang magsalita sa kanila sa mga talinghaga. “Nagtanim ang isang tao ng isang ubasan, binakuran ang paligid nito, humukay ng pisaan ng ubas, nagtayo ng isang tore, pinaupahan iyon sa mga magsasaka, at nagpunta siya sa ibang lupain."
"Pag-abot kan tiggunoan kan ubas, sinugo niya an saro niyang sorogoon sa saiyang mga tumatawo tanganing kuahon sainda an kahirasan.","Nang dumating ang kapanahunan, nagsugo siya ng isang alipin sa mga magsasaka upang kunin sa kanila ang kanyang bahagi mula sa mga bunga ng ubasan."
"Alagad pinugol ninda an sorogoon, hinampak dangan pinapuli na mayong dara.","Ngunit siya'y kanilang sinunggaban, binugbog at pinaalis na walang dala."
"Nagsugo giraray nin sarong sorogoon an kagsadiri; alagad pinukpok siya, dangan sinupog kan mga tumatawo.",Siya'y muling nagsugo sa kanila ng isa pang alipin at ito'y kanilang pinalo sa ulo at nilait.
"Nagsugo siya nin saro pang sorogoon, alagad ginadan ninda ini. Siring man an ginibo ninda sa iba pang sinugo niya; may linanog, may ginadan.",Nagsugo siya ng isa pa at ito'y kanilang pinatay; gayundin sa marami pang iba. Binugbog ang ilan at ang iba'y pinatay.
"An natatada na sana na masusugo iyo an saiyang namomotan na aking lalaki; dangan siya na an sinugo sainda. Nagsabi siya, ‘Igagalang ninda an sakong aki.’","Mayroon pa siyang isa, isang minamahal na anak na lalaki. Sa kahuli-hulihan siya'y kanyang isinugo sa kanila na sinasabi, ‘Igagalang nila ang aking anak.’"
"Alagad an mga tumatawo nag-orolay-olay, ‘Iyo ini an aki kan kagsadiri. Madya kamo, gadanon ta siya tanganing mapasato an ubasan!’","Ngunit sinabi ng mga magsasakang iyon sa isa't isa, ‘Ito ang tagapagmana. Halikayo, patayin natin siya at magiging atin ang mana.’"
"Kaya pinugol ninda siya, ginadan dangan an bangkay inapon sa luwas kan ubasan.”","At siya'y kanilang sinunggaban, pinatay, at itinapon sa labas ng ubasan."
"Naghapot si Jesus, “Kun siring, ano an gigibohon kan kagsadiri kan ubasan? Dudumanon niya an mga tumatawo, gagadanon sinda dangan itatao sa iba an ubasan.",Ano kaya ngayon ang gagawin ng may-ari ng ubasan? Siya'y darating at pupuksain ang mga magsasaka at ibibigay ang ubasan sa iba.
Nabasa na nindo an kasuratan na ini?,Hindi pa ba ninyo nababasa ang kasulatang ito:
‘An gapo na isinikwal kan mga paratugdok,"‘Ang batong itinakuwil ng mga nagtayo ng gusali,"
iyo an nagin patugmadan na gapo.,ay siyang naging batong panulukan.
"Ginibo ini nin Kagurangnan,","Ito'y gawa ng Panginoon,"
ini sarong ngangalasan sa satong paghiling!’”,at ito'y kagila-gilalas sa ating mga mata?’”
"Hiningowa nindang dakopon si Jesus huli ta nasabotan ninda na sinda an pinapanongdan kan parabolang inosipon niya. Alagad takot sinda sa mga tawo, kaya binayaan ninda si Jesus saka nagharale.","Nang kanilang mahalata na sinabi niya ang talinghagang ito laban sa kanila, pinagsikapan nilang hulihin siya, ngunit sila'y natakot sa maraming tao at siya'y iniwan nila at sila'y umalis."
Pinaduman ki Jesus an nagkapirang Fariseo asin an nagkapirang parasunod ni Herodes tanganing pataluksohon siya.,"Kanila namang sinugo sa kanya ang ilang Fariseo at Herodiano, upang siya'y mahuli nila sa pananalita."
"Hinapot ninda si Jesus, “Maestro, aram mi na bako kang putikon; dai ka natatakot sa kiisay man. Dai kang pinapalaen na tawo ta dai mo tinatawan nin halaga kun ano an katongdan ninda. Itinutukdo mo an kabotan nin Dios para sa tawo. Tugot daw sa satong katogonan na magbayad nin buhis ki Cesar o dai? Dapat daw kitang magbuhis sainda o dai?”","At nang sila'y lumapit ay kanilang sinabi sa kanya, “Guro, nalalaman naming ikaw ay tapat at hindi ka nangingimi kaninuman; sapagkat hindi ka nagtatangi ng mga tao, kundi itinuturo mo ang daan ng Diyos ayon sa katotohanan. Matuwid bang magbayad ng buwis kay Cesar o hindi? Dapat ba kaming magbayad o hindi?”"
"Alagad aram ni Jesus an pagsagin-sagin ninda kaya sinabihan niya sinda, “Tadaw ta pinapatalukso nindo ako? Tawe ako nindo nin kwartang plata asin hihilingon ko.”","Ngunit dahil alam niya ang kanilang pagkukunwari ay sinabi niya sa kanila, “Bakit ninyo ako sinusubok? Magdala kayo rito sa akin ng isang denario upang makita ko.”"
"Tinawan ninda siya nin sarong kwartang plata asin naghapot siya, “Kiisay na lalawogon asin ngaran ini?”","Nagdala nga sila ng isa at sinabi niya sa kanila, “Kaninong larawan at pangalan ang nakaukit?” Sinabi nila sa kanya, “Kay Cesar.”"
"“Ki Cesar,” an simbag ninda.","Kaya't sinabi sa kanila ni Jesus, “Ibigay ninyo kay Cesar ang kay Cesar at sa Diyos ang sa Diyos.” At sila'y namangha sa kanya."
"Nagsabi si Jesus, “Kun siring itao nindo ki Cesar an ki Cesar, asin sa Dios an sa Dios.”","Lumapit sa kanya ang mga Saduceo na nagsasabi na walang muling pagkabuhay at siya'y kanilang tinanong, na sinasabi."
Napangalas sinda saiya.,"“Guro, isinulat para sa amin ni Moises na kung ang kapatid na lalaki ng isang lalaki ay mamatay at may maiwang asawa, at walang maiwang anak, pakakasalan ng kanyang kapatid ang kanyang asawa, at bibigyan ng anak ang kanyang kapatid."
May nagduman ki Jesus na mga Saduceo na nagsasabing mayo nin pagkabuhay-liwat.,May pitong lalaking magkakapatid. Nag-asawa ang panganay at nang mamatay siya ay walang naiwang anak.
"Hinapot ninda si Jesus, “Maestro, nagsurat si Moises kaining pagboot para sato, ‘Kun an sarong lalaki magadan dangan mabayaan an agom niyang mayong aki, kaipuhan na agomon kan tugang niyang lalaki an balo tanganing magkaaki sinda para sa nagadan niyang tugang.’",Pinakasalan ng pangalawa ang balo at namatay na walang naiwang anak at gayundin naman ang pangatlo.
Igwa kaidto nin pitong lalaking magturugang: an pinakamatua nag-agom alagad nagadan na mayong aki.,"At ang pito ay walang iniwang anak. Sa kahuli-hulihan, ang babae naman ang namatay."
"Inagom kan ikaduwa an balo, asin nagadan man na mayong aki. Siring man an nangyari sa ikatolo;","Sa muling pagkabuhay, sino sa kanila ang magiging asawa ng babae? Sapagkat siya'y naging asawa ng pito.”"
asin an babae nagin agom kan pitong magturugang asin gabos ini nagadan na mayong aki. Dangan nagadan man an babae.,"Sinabi sa kanila ni Jesus, “Hindi ba't ito ang dahilan kaya kayo nagkakamali, hindi ninyo nalalaman ang mga kasulatan, o ang kapangyarihan ng Diyos?"
"Ngunyan, sa aldaw nin pagkabuhay-liwat, siisay sainda an agom kan babaeng ini? Huli ta nagin agom siya ninda gabos!”","Sapagkat sa pagkabuhay nilang muli mula sa mga patay, hindi na sila mag-aasawa, o pag-aasawahin pa; kundi tulad sila ng mga anghel sa langit."
"Sinimbag sinda ni Jesus, “Sala nanggad kamo! Huli ta dai nindo nasasabotan an mga Kasuratan, ni an kapangyarihan nin Dios.","Ngunit tungkol sa mga patay, na sila'y muling bubuhayin, hindi ba ninyo nabasa sa aklat ni Moises, tungkol sa mababang punungkahoy, kung paanong sinabi sa kanya ng Diyos, ‘Ako ang Diyos ni Abraham, ang Diyos ni Isaac, at ang Diyos ni Jacob?’"
Huli ta sa pagkabuhay-liwat dai na sinda mag-aaragoman; magigin arog sinda sa mga anghel sa langit.,"Hindi siya Diyos ng mga patay, kundi ng mga buhay; maling-mali kayo.”"
"Dapit naman sa pagkabuhay-liwat, dai pa nindo nabasa sa libro ni Moises an manongod sa kahoy na naglalaad? Nasusurat sa librong idto an sinabi nin Dios ki Moises: ‘Ako an Dios ni Abraham, ni Isaac asin ni Jacob.’","Lumapit ang isa sa mga eskriba, at narinig niya ang kanilang pagtatalo, at palibhasa'y nalalamang mabuti ang pagkasagot niya sa kanila ay tinanong siya, “Alin ang pangunahing utos sa lahat?”"
"Siya an Dios kan mga buhay, bako kan mga gadan. Talagang nasasala kamo!”","Sumagot si Jesus, “Ang pangunahin ay, ‘Pakinggan mo Israel: Ang Panginoon nating Diyos, ang Panginoon ay iisa."
"Igwa duman nin sarong paratukdo kan Katogonan na naghihinanyog kan orolay. Nahiling niya na marahay an mga simbag ni Jesus sa mga Saduceo, kaya nagdolok man siya ki Jesus dangan naghapot, “Arin na togon an pinakamahalaga?”","Ibigin mo ang Panginoon mong Diyos nang buong puso mo, nang buong kaluluwa mo, nang buong pag-iisip mo, at nang buong lakas mo.’"
"Nagsimbag si Jesus, “An pinakamahalagang togon iyo ini: ‘Dangoga, Israel! Saro sana an Dios na satong Kagurangnan.","Ang pangalawa ay ito, ‘Ibigin mo ang iyong kapwa na gaya ng iyong sarili. Wala nang ibang utos na higit pang dakila sa mga ito.’”"
"Kamotan mo an Kagurangnan mong Dios sa bilog mong puso, sa bilog mong kalag, sa bilog mong isip, asin sa bilog mong kosog.’","Sinabi sa kanya ng eskriba, “Tama ka, Guro; katotohanan ang sinabi mo na siya'y iisa; at wala nang iba maliban sa kanya."
An ikaduwa iyo ini: ‘Kamotan mo an saimong kapwa arog kan pagkamoot mo sa saimo man sana.’ Mayo nin ibang togon na mas mahalaga pa ki kan duwang ini.”,"Ang siya'y ibigin nang buong puso, buong pagkaunawa, buong lakas, at ibigin ang kapwa niya na gaya ng kanyang sarili, ay higit pa kaysa lahat ng mga handog na sinunog at mga alay.”"
"Nagsabi ki Jesus an paratukdo kan Katogonan, “Tama ka, Maestro; tama an sinabi mo na saro sana an Kagurangnan na Dios, asin mayo nang iba.","Nang makita ni Jesus na siya'y sumagot na may katalinuhan, sinabi niya sa kanya, “Hindi ka malayo sa kaharian ng Diyos.” Pagkatapos noon, wala nang nangahas na magtanong pa sa kanya ng anuman."
"Kaipuhan kamotan kan tawo an Dios sa bilog niyang puso, bilog niyang isip asin kosog; kaipuhan kamotan niya an saiyang kapwa arog kan pagkamoot niya sa saiya man sana. An duwang togon na ini mas mahalaga ki kan arin man na dolot asin mga tinutong na atang.”","Habang nagtuturo si Jesus sa templo, ay sinabi niya, “Paanong nasasabi ng mga eskriba na ang Cristo ay anak ni David?"
"Pagkadangog ni Jesus kan marahay niyang simbag, nagsabi siya, “Bako kang harayo sa Kahadean nin Dios.”","Si David mismo ang nagpahayag sa pamamagitan ng Espiritu Santo,"
"Pakatapos kaini, mayo nang nangahas pang maghapot ki Jesus.","‘Sinabi ng Panginoon sa aking Panginoon,"
"Mantang nagtutukdo si Jesus sa laog kan Templo, naghapot siya, “Paanong makapagsabi an mga paratukdo kan Katogonan na an Cristo magikan sa kapagarakian ni David?","“Maupo ka sa aking kanan,"
An Espiritu Santo an nagpasabong ki David na magsabi:,hanggang sa ilagay ko ang iyong mga kaaway
‘An Kagurangnan nagsabi sa sakong Kagurangnan:,sa ilalim ng iyong mga paa.”’
"Tumukaw ka digdi sa too ko,",Tinawag din siya ni David na Panginoon; kaya't paano siyang magiging anak ni David?” At ang napakaraming tao ay tuwang-tuwa na nakikinig sa kanya.
sagkod na gibohon kong tungtongan kan mga bitis mo an mga kaiwal mo.’,"Sinabi niya sa kanyang pagtuturo, “Mag-ingat kayo sa mga eskriba, na ibig magpalakad-lakad na may mahahabang damit, at batiin na may paggalang sa mga pamilihan."
"Kun Kagurangnan an apod saiya ni David, paano siyang magin aki ni David?”",At ibig nila ang pangunahing upuan sa mga sinagoga at ang mga upuang pandangal sa mga handaan.
Dakul na tawo an maogmang nagdangog ki Jesus.,"Sinasakmal nila ang mga bahay ng mga babaing balo at bilang pakitang-tao, nananalangin sila ng mahahaba. Ang mga ito'y tatanggap ng lalong malaking kahatulan.”"
"Sa pagtukdo ni Jesus, nagsabi siya, “Maglikay kamo sa mga paratukdo kan Katogonan na boot magparalibot na nakasulot nin halabang gubing, asin pagtawan nin galang sa mga plasa.",Umupo siya sa tapat ng kabang-yaman at minasdan ang mga taong naghuhulog ng salapi sa kabang-yaman. Maraming mayayaman ang naghuhulog ng malalaking halaga.
Boot nindang magtukaw sa mga piling tukawan sa mga sinagoga asin magkabisero sa mga bangkete.,Dumating ang isang babaing balo at siya'y naghulog ng dalawang kusing na ang halaga'y halos isang pera.
"Paluwas na si Jesus sa Templo, kan magsabi an saro kan saiyang mga disipulo, “Maestro, hilinga, anong gayon kan mga gapo saka mga edipisyo!”","Sa paglabas niya sa templo, sinabi sa kanya ng isa sa kanyang mga alagad, “Guro, tingnan mo! Pagkalalaking mga bato, at pagkalalaking mga gusali!”"
"Nagsimbag si Jesus, “Nahihiling mo ining mga dakulang edipisyo? Mayo diyan nin matatada na sarong gapo na nakapatong sa saro man na gapo; gabos iyan marurumpag.”","Sinabi sa kanya ni Jesus, “Nakikita mo ba ang malalaking gusaling ito? Walang matitira ditong isa mang bato sa ibabaw ng kapwa bato na hindi ibabagsak.”"
"Kan nagtutukaw si Jesus duman sa Bukid nin mga Oliba, kahampang kan Templo, nagdolok saiya si Pedro, si Santiago, si Juan asin si Andres tanganing hilom siyang kaolayon.","Samantalang siya'y nakaupo sa bundok ng mga Olibo sa tapat ng templo, tinanong siya nang lihim nina Pedro, Santiago, Juan, at Andres,"
"Nagsabi sinda, “Sabihi kami kun nuarin iyan mangyayari. Ano an tanda na mangyayari na iyan?”","“Sabihin mo sa amin, kailan mangyayari ang mga bagay na ito at ano ang magiging tanda kapag malapit nang maganap ang lahat ng mga bagay na ito?”"
"Sinabihan niya sinda, “Mag-ingat kamo, asin dai kamo magpadaya sa kiisay man.","Si Jesus ay nagsimulang magsabi sa kanila, “Mag-ingat kayo, na baka mailigaw kayo ng sinuman."
"Dakul an madigdi sa ngaran ko na masabi, ‘Ako an Paraligtas!’ Dakul an madadaya ninda.","Maraming darating sa aking pangalan na magsasabi, ‘Ako siya!’ at maililigaw nila ang marami."
"Dai kamo mahandal kun madangog nindo an ralaban saka mga huringhuding dapit sa gera. Dapat mangyari ini, alagad bako pa ini an kataposan.","Subalit kapag nakarinig kayo ng mga digmaan at ng mga bali-balita ng mga digmaan, huwag kayong mabahala. Ang mga bagay na ito'y dapat mangyari ngunit hindi pa iyon ang wakas."
"Huli ta an sarong nasyon malaban sa magkasi nasyon, an sarong kahadean malaban sa magkasi kahadean. Maglilinog sa manlaen-laen na lugar, asin magkakaigwa nin gutom. An gabos na ini kapinonan pa sana kan mga titioson.",Sapagkat maghihimagsik ang bansa laban sa bansa at ang kaharian laban sa kaharian; at lilindol sa iba't ibang dako; magkakaroon ng taggutom. Ang mga ito'y pasimula lamang ng paghihirap.
"“Mag-ingat kamo, huli ta dadakopon kamo saka dadarahon sa husgado. Hahampakon kamo sa mga sinagoga; iaatubang kamo sa mga gobernador saka sa mga hade dahel sako tanganing magpatotoo sa atubang ninda.","Ngunit para sa inyong mga sarili, mag-ingat kayo; sapagkat kayo'y ibibigay nila sa mga Sanhedrin at kayo'y hahampasin sa mga sinagoga. Kayo'y tatayo sa harap ng mga gobernador at ng mga hari dahil sa akin, bilang patotoo sa kanila."
Kaipuhan ipaghulit ngona an Marahay na Bareta sa gabos na nasyon.,At kailangan munang maipangaral ang ebanghelyo sa lahat ng mga bansa.
"Kun dakopon kamo saka darahon sa husgado, dai kamo mahadit kun ano an saindong sasabihon; pag-abot kan oras, ipapasabong saindo an dapat nindong sabihon. Huli ta an isasabi nindo bakong saindo maghahale kundi sa Espiritu Santo.","Kapag kayo'y dinala nila sa paglilitis at kayo'y ipinadakip, huwag kayong mabalisa kung ano ang inyong sasabihin, ngunit sabihin ninyo ang anumang ipagkaloob sa inyo sa oras na iyon, sapagkat hindi kayo ang magsasalita, kundi ang Espiritu Santo."
Ipapagadan kan mga tawo an sadiri man sana nindang tugang; an mga ama iyo man an gigibohon sa mga aki; tutumangan kan mga aki an saindang mga magurang asin ipapagadan.,Ipagkakanulo ng kapatid sa kamatayan ang kapatid at ng ama ang kanyang anak; at maghihimagsik ang mga anak laban sa mga magulang at sila'y ipapapatay.
Ikakaongis kamo kan gabos na tawo dahel sako. Alagad an makatagal sagkod sa kataposan makakaligtas.,"Kayo nama'y kapopootan ng lahat dahil sa aking pangalan, ngunit ang makapagtiis hanggang sa wakas ay siyang maliligtas."
"“Mahihiling nindo ‘An Makangingirhat na Katakotan’ na nagtitindog sa lugar na dai niya dapat tindogan.” (Saboton ini kan nagbabasa!) “Idtong mga nasa Judea, kaipuhan magdulag pasiring sa kabubuldan.","“Ngunit kapag nakita ninyo ang karumaldumal na paglapastangan na nakatayo sa dakong hindi niya dapat kalagyan (unawain ng bumabasa), kung magkagayo'y dapat nang tumakas sa mga bundok ang mga nasa Judea."
An tawong yaon sa atop kan saiyang harong dai na dapat maglaog sa harong tanganing kumua nin anoman.,"At ang nasa bubungan ay huwag nang bumaba, o pumasok upang maglabas ng anuman sa kanyang bahay."
An tawong nasa oma dai na dapat magpuli sa harong niya tanganing kumua nin gubing.,Ang nasa bukid ay huwag nang bumalik upang kumuha ng kanyang balabal.
Herak man sa mga bados asin sa mga inang may pinapasuso sa mga aldaw na iyan!,Kahabag-habag ang mga nagdadalang-tao at ang mga nagpapasuso ng mga sanggol sa mga araw na iyon!
Mamibi kamo sa Dios na dai ini mangyari sa tiglipotan!,Subalit ipanalangin ninyo na ito'y huwag nawang mangyari sa taglamig.
Huli ta an kasakitan sa panahon na iyan orog pang makatatakot ki sa arin man na nangyari poon pa kan lalangon nin Dios an kinaban sa kapinonan sagkod ngunyan. Mayo nang makakaarog pa kaiyan nuarin pa man.,"Sapagkat sa mga araw na iyon ay magkakaroon ng kapighatian, na ang gayo'y hindi pa nangyari buhat sa pasimula ng paglikha na nilalang ng Diyos hanggang ngayon, at hindi na mangyayari kailanman."
"Alagad ininaan nin Kagurangnan an bilang kan mga aldaw na iyan, alang-alang sa mga tawong pinili niya, ta kun dai, mayo kutanang makakaligtas.","At malibang paikliin ng Panginoon ang mga araw, walang taong makakaligtas, ngunit dahil sa mga hinirang na kanyang pinili, pinaikli niya ang mga araw na iyon."
"“Kun may magsabi, ‘Hilinga nindo, uya an Cristo!’ o ‘Hilinga nindo, idtoon siya!’—dai kamo magtubod.","Kung may magsabi sa inyo, ‘Narito ang Cristo!’ o, ‘Tingnan ninyo naroon siya!’ huwag ninyong paniwalaan."
"Huli ta mapahiling an mga bakong tunay na Cristo asin an mga bakong tunay na propeta. Magibo sinda nin mga tanda saka mga ngangalasan tanganing mapatubod ninda an mga tawo, kun posible, pati an mga tawong pinili nin Dios.","Maglilitawan ang mga bulaang Cristo at ang mga bulaang propeta, at magpapakita ng mga tanda at mga kababalaghan, upang mailigaw nila, kung maaari, ang mga hinirang."
Mag-ingat kamo! Sinasabi ko na saindo an gabos bago iyan mangyari.,Ngunit mag-ingat kayo; ipinagpauna ko nang sabihin sa inyo ang lahat ng bagay.
"“Pakalihis kan panahon nin kasakitan, madiklom an aldaw, dai na maliwanag an bulan,","“Ngunit sa mga araw na iyon, pagkatapos ng kapighatiang iyon, magdidilim ang araw at ang buwan ay hindi magbibigay ng kanyang liwanag,"
mahuhulog an mga bitoon hale sa langit asin magkakayorogyog an mga kapangyarihan sa kalangitan.,"at malalaglag ang mga bituin mula sa langit, at mayayanig ang mga kapangyarihan sa mga langit."
"Dangan mahihiling nindang maabot an Aki nin Tawo na nasa panganoron, may dakulang kapangyarihan saka kamurawayan.","Pagkatapos, makikita nila ang Anak ng Tao na dumarating sa mga ulap na may dakilang kapangyarihan at kaluwalhatian."
Susugoon niya an mga anghel tanganing tiponon an mga tawong pinili hale sa apat na kanto kan kadagaan poon sa sarong poro kan kinaban sagkod sa ibong na poro.,"Pagkatapos ay susuguin niya ang mga anghel at titipunin ang kanyang mga hinirang mula sa apat na hangin, mula sa mga dulo ng lupa hanggang sa mga dulo ng langit."
"“Manodan logod nindo an adal kan kahoy na higera. Kun an mga sanga kaiyan magin lumbod, dangan nagdadahon na, aram nindo na harani na an tig-init.","“Sa puno nga ng igos ay pag-aralan ninyo ang talinghaga: kapag nananariwa ang kanyang sanga, at sumusupling ang mga dahon, ay nalalaman ninyo na malapit na ang tag-araw."
"Siring man, kun mahiling nindong an mga bagay na ini nangyayari na, aram nindo na madali na siyang mag-abot, yaon na siya sa trangkahan.","Gayundin naman, kapag nakita ninyong nangyayari ang mga bagay na ito, alam ninyong iyon ay malapit na, nasa mga pintuan na."
"Sa katotoohan sinasabihan ko kamo, mangyayari an gabos na ini bago magadan an henerasyon na ini.","Katotohanang sinasabi ko sa inyo, hindi lilipas ang lahing ito, hanggang sa maganap ang lahat ng mga bagay na ito."
"Mapapara an langit asin an daga, alagad dai mapapara an sakong mga tataramon.","Ang langit at ang lupa ay lilipas, ngunit ang aking mga salita ay hindi lilipas."
"“Mayong nakakaaram kun nuarin maabot an aldaw o an oras na mangyayari iyan, ni an mga anghel sa langit, ni an Aki nin Dios kundi an Ama sana.","“Ngunit tungkol sa araw o oras na iyon ay walang nakakaalam, kahit ang mga anghel sa langit, kahit ang Anak, kundi ang Ama."
"Magpuka kamo, mag-andam, ta dai nindo aram kun nuarin maabot an oras na iyan.","Kayo'y mag-ingat, kayo'y magbantay, sapagkat hindi ninyo nalalaman kung kailan ang panahon."
Kaagid iyan sa sarong lalaki na nagbabaklay. Bago siya naghale ipinamahala niya an harong sa saiyang mga sorogoon saka winalatan niya nin trabaho an lambang saro sainda. Tinugon niya an bantay sa pintoan na magpuka.,"Tulad ng isang tao na umalis upang maglakbay. Sa pag-alis niya sa kanyang bahay, at pagkabigay ng tagubilin sa kanyang mga alipin, sa bawat isa ang kanyang gawain, ay inutusan ang tanod sa pinto na magbantay."
"Kaya ngani magbantay kamo, huli ta dai nindo aram kun nuarin maabot an kagsadiri—tibaad banggi, o matangang banggi o maaga o pagsirang kan aldaw.","Kaya't maging handa kayo, sapagkat hindi ninyo nalalaman kung kailan darating ang panginoon ng bahay, kung sa gabi, sa hatinggabi, sa pagtilaok ng manok, o sa umaga."
"Kun bigla siyang mag-abot, kaipuhan na dai niya kamo maabotan na nagkakatorog!",Baka sa bigla niyang pagdating ay matagpuan niya kayong natutulog.
"An sinasabi ko saindo, sinasabi ko man sa gabos: magpuka kamo!”",At ang sinasabi ko sa inyo ay sinasabi ko sa lahat: Maging handa kayo.”
Duwang aldaw na sana bago an kapyestahan kan Paskwa asin kan Tinapay na Mayo nin Lebadura. Naghanap nin paagi an mga poon na padi saka an mga paratukdo kan Katogonan kun paano ninda hilom na ikapadakop si Jesus asin ikapagadan.,Dalawang araw noon bago ang Paskuwa at ang kapistahan ng Tinapay na Walang Pampaalsa. Pinag-iisipan ng mga punong pari at ng mga eskriba kung paano huhulihin siya nang patago at siya'y maipapatay.
"“Dai ta ini paggibohon sa kapyestahan ta tibaad magkariribok an mga tawo,” an sabi ninda.","Sapagkat sinabi nila, “Huwag sa kapistahan, baka magkagulo ang taong-bayan.”"
"Si Jesus nasa Betania sa harong ni Simon na daoton. Mantang nagkakakan si Jesus, nag-abot an sarong babae na may dara nin lalagan na alabastro, pano nin mahalon na pahamot na gibo sa purong nardo. Pinasa niya an lalagan dangan inula an pahamot sa payo ni Jesus.","Samantalang siya'y nasa Betania, sa bahay ni Simon na ketongin, habang siya'y nakaupo sa hapag-kainan, dumating ang isang babae na may dalang isang sisidlang alabastro na punô ng mamahaling pabangong purong nardo, binasag niya ang sisidlan at ibinuhos ang pabango sa kanyang ulo."
"Naanggot an nagkapirang mga tawo duman na nagsaboot, “Ano ta sinayang sana niya an pahamot?","Ngunit may ilan doon na pagalit na sinabi sa kanilang sarili, “Bakit sinayang nang ganito ang pabango?"
Pwede kutanang ipabakal iyan nin labi pa sa tres syentos na denaryo dangan itao an kabaklan sa mga dukha!” Tinuyaw ninda an babae.,"Sapagkat ang pabangong ito'y maipagbibili ng higit sa tatlong daang denario, at maipamimigay sa mga dukha.” At kanilang pinagalitan ang babae."
"Alagad nagsabi si Jesus, “Pabayae sana nindo siya! Tadaw ta pinapakiaraman nindo siya? Sarong magayon na bagay an ginibo niya sako.","Ngunit sinabi ni Jesus, “Hayaan ninyo siya; bakit ninyo siya ginugulo? Isang mabuting bagay ang ginawa niya sa akin."
An dukha danay na nasa kaibahan nindo; matatabangan nindo sinda maski anong oras na boot nindo. Alagad bako akong danay na kaiba nindo.,"Sapagkat lagi ninyong kasama ang mga dukha at kung kailan ninyo nais, magagawan ninyo sila ng mabuti, ngunit ako'y hindi ninyo laging makakasama."
Ginibo kan babaeng ini an saiyang makakaya: linahidan niya nin pahamot an sakong hawak bilang pag-andam sa paglubong sako.,Ginawa niya ang kanyang makakaya; nagpauna na niyang pahiran ang katawan ko para sa paglilibing.
"Sa katotoohan sinasabihan ko kamo, saen man ipaghulit an marahay na baretang ini sa bilog na kinaban, an ginibo niyang ini ipapamareta sa pagromdom saiya.”","Katotohanang sinasabi ko sa inyo, Saanman ipangaral ang ebanghelyo sa buong sanlibutan, ang ginawa ng babaing ito ay sasabihin sa pag-alaala sa kanya.”"
"Duminuman sa mga poon na padi si Judas Iscariote, saro sa doseng disipulo, tanganing ipasaluib si Jesus.","Si Judas Iscariote naman, na isa sa labindalawa, ay nagpunta sa mga punong pari upang maipagkanulo siya sa kanila."
"Naogma an mga poon na padi pakadangog saiya, kaya nanuga sinda na tatawan siya nin kwarta. Poon kaidto naghanap si Judas nin oportunidad na ikapadakop si Jesus.","Nang marinig nila ito, sila'y nagalak at nangakong siya'y bibigyan ng salapi. Kaya't naghanap siya ng pagkakataong maipagkanulo siya."
"Sa enot na aldaw kan Pyesta kan Tinapay na Mayo nin Lebadura, an aldaw na pinagbobono an mga kordero paskwal, hinapot si Jesus kan mga disipulo, “Saen mo boot na andamon mi an saimong pamanggihan sa Paskwa?”","Nang unang araw ng Tinapay na Walang Pampaalsa, nang kanilang inihahandog ang kordero ng Paskuwa, sinabi sa kanya ng kanyang mga alagad, “Saan mo kami ibig pumunta at ipaghanda ka upang makakain ng kordero ng Paskuwa?”"
"Sinugo ni Jesus an duwa sainda saka tinugon, “Dumuman kamo sa syudad asin sasabaton kamo nin sarong lalaki na may darang dulay nin tubig. Sumunod kamo saiya","Isinugo niya ang dalawa sa kanyang mga alagad at sa kanila'y sinabi, “Pumunta kayo sa lunsod at doo'y sasalubungin kayo ng isang lalaki na may dalang isang bangang tubig. Sundan ninyo siya."
"sa harong na laogan niya dangan sabihan nindo an kagharong, ‘Nagpapahapot an Maestro kun saen an kwartong kakakanan niya kan pamanggihan sa Paskwa kaiba kan saiyang mga disipulo.’","At kung saan siya pumasok, sabihin ninyo sa may-ari ng bahay, na sinasabi ng Guro, ‘Nasaan ang aking silid-tuluyan na kung saan maaari kong kainin ang kordero ng Paskuwa na kasalo ng aking mga alagad?’"
"Dangan ipapahiling niya saindo an sarong dakulang kwarto sa itaas, sangkap asin andam na. Duman nindo andamon an kakanon ta.”",Ituturo niya sa inyo ang isang malaking silid sa itaas na may mga kagamitan at handa na. At doon ay maghanda kayo para sa atin.”
Nagduman sa syudad an duwang disipulo asin nakua ninda an gabos siring sa sinabi sainda ni Jesus. Inandam ninda an pamanggihan sa Paskwa.,"Kaya't umalis ang mga alagad, nagpunta sa lunsod, at natagpuan ang lahat ayon sa sinabi niya sa kanila. Inihanda nila ang korderong pampaskuwa."
"Kan banggi na, nag-abot si Jesus kaiba an Dose.","Pagsapit ng gabi, naparoon siyang kasama ang labindalawa."
"Mantang nagkakakan sinda, nagsabi si Jesus, “Sa katotoohan sinasabihan ko kamo, na kasabay ko sa pagkakan an mapasaluib sako.”","Nang sila'y nakaupo na at kumakain, sinabi ni Jesus, “Katotohanang sinasabi ko sa inyo, ipagkakanulo ako ng isa sa inyo, ang kasalo kong kumakain.”"
"Namondo an mga disipulo asin saro-saro na naghapot saiya, “Ako kaya?”","Sila'y nagsimulang malungkot at isa-isang nagsabi sa kanya, “Ako ba?”"
"Nagsimbag si Jesus, “Saro siya sa saindong dose, an nagdodotdot kan saiyang tinapay sa mangko kadungan ko.","Sinabi niya sa kanila, “Isa sa labindalawa, ang kasabay kong sumawsaw sa mangkok."
"Magagadan an Aki nin Tawo siring sa nasusurat manongod sa saiya, alagad herak man sa tawong mapasaluib sa Aki nin Tawo. Mas marahay pang dai na siya namundag!”","Sapagkat papanaw ang Anak ng Tao, ayon sa nasusulat tungkol sa kanya, ngunit kahabag-habag ang taong iyon na sa pamamagitan niya ay ipinagkakanulo ang Anak ng Tao! Mabuti pa sa taong iyon ang hindi na siya ipinanganak.”"
"Mantang nagkakan sinda, nagkua si Jesus nin tinapay, nagpasalamat, binaak dangan itinao sa saiyang mga disipulo asin nagsabi, “Akoa nindo ini; ini an sakuyang hawak.”","Samantalang sila'y kumakain, dumampot siya ng tinapay, at nang kanyang mabasbasan ay kanyang pinagputul-putol, ibinigay sa kanila at sinabi, “Kunin ninyo; ito ang aking katawan.”"
"Dangan kinua niya an kalis, nagpasalamat, dangan itinao sainda asin nag-inom sinda gabos.","Siya'y dumampot ng isang kopa at nang siya'y makapagpasalamat ay ibinigay niya sa kanila, at mula roo'y uminom silang lahat."
"Nagsabi si Jesus, “Ini an sakong dugo kan bagong tipan, dugo na pinapabulos para sa dakul na tawo.","At sinabi niya sa kanila, “Ito ang aking dugo ng tipan, na nabubuhos para sa marami."
"Sa katotoohan sinasabihan ko kamo, dai na ako mainom kaining arak nin ubas sagkod sa aldaw na inomon ko an bagong arak sa Kahadean nin Dios.”","Katotohanang sinasabi ko sa inyo, hindi na ako iinom mula sa bunga ng ubas, hanggang sa araw na iyon na inumin kong panibago sa kaharian ng Diyos."
"Pakatapos nindang mag-awit nin himno, nagduman sinda sa Bukid nin mga Oliba.","At pagkaawit ng isang himno, lumabas sila patungo sa bundok ng mga Olibo."
"Nagsabi si Jesus sainda, “Kamo gabos mabaya sako huli ta nasusurat, ‘Gagadanon ko an pastor, asin magkakawaragas an mga karnero.’","Sinabi sa kanila ni Jesus, “Kayong lahat ay tatalikod sapagkat nasusulat, ‘Hahampasin ko ang pastol at kakalat ang mga tupa.’"
"Alagad pagkabuhay ko liwat, maeenot ako saindo duman sa Galilea.”","Ngunit matapos akong maibangon, mauuna ako sa inyo sa Galilea.”"
"Nagsimbag si Pedro, “Maski an gabos magbaya saimo, dai taka nanggad babayaan!”","Subalit sinabi sa kanya ni Pedro, “Kahit tumalikod man ang lahat, ako'y hindi.”"
"Sinabihan siya ni Jesus, “Sa katotoohan sinasabihan taka, na ngunyan mismong banggi bago magturaok an manok nin duwang beses, tolong beses mo akong nenegaran.”","Kaya't sinabi sa kanya ni Jesus, “Katotohanang sinasabi ko sa iyo na ngayon, sa gabi ring ito, bago tumilaok ang manok ng makalawa, itatatwa mo ako nang tatlong ulit.”"
"Nagsimbag si Pedro nin mas makosog, “Dai taka nanggad nenegaran, maski pa ako magadan kaiba mo!”","Ngunit sinabi niya nang may diin, “Kung kinakailangang mamatay akong kasama mo, hindi kita ipagkakaila.” Gayundin ang sinabi ng lahat."
Siring man an sinabi kan ibang mga disipulo.,"Pagkatapos ay nagpunta sila sa isang dako na tinatawag na Getsemani at sinabi niya sa kanyang mga alagad, “Maupo kayo rito habang ako'y nananalangin.”"
"Nagduman sinda sa sarong lugar na inaapod Getsemani asin sinabihan ni Jesus an mga disipulo, “Digdi sana kamo mantang namimibi ako.”","Kanyang isinama sina Pedro, Santiago at Juan, at nagsimula siyang malungkot at mabagabag."
"Dangan ipinag-iba niya si Pedro, si Santiago asin si Juan. Nakamate si Jesus nin dakulang kamondoan asin kahorasaan","Sinabi niya sa kanila, “Ako'y lubhang nalulungkot, hanggang sa kamatayan; manatili kayo rito at manatiling gising.”"
"kaya sinabihan niya sinda, “Makuring gayo an kamondoan ko na haros ikagadan ko! Magpawalat kamo digdi asin magpuka.”","Paglakad niya sa malayu-layo, siya'y nagpatirapa sa lupa at idinalangin na kung maaari ay makalampas sa kanya ang oras."
"Nag-oroenotan siya, nagdapa sa daga saka namibi, na kun mahihimo, palihison saiya an oras nin kasakitan.","At kanyang sinabi, “Abba, Ama, para sa iyo ang lahat ng bagay ay maaaring mangyari. Ilayo mo sa akin ang kopang ito, gayunma'y hindi ang nais ko, kundi ang sa iyo.”"
"Namibi siya, “Ama ko! An gabos na bagay mahihimo mo. Irayo mo sako an kalis na ini. Alagad bakong an kabotan ko kundi an kabotan mo an kukuyogon.”","Siya'y bumalik at naratnang sila'y natutulog at sinabi niya kay Pedro, “Simon, natutulog ka ba? Hindi mo ba kayang manatiling gising sa loob ng isang oras?"
"Dangan binalikan ni Jesus an tolong disipulo, alagad inabotan niya ining tororog, kaya sinabihan niya si Pedro, “Simon, natotorog ka? Dai ka makakapagbantay maski sarong oras lamang?","Manatili kayong gising at manalangin upang huwag kayong pumasok sa tukso; tunay na ang espiritu ay nagnanais, ngunit ang laman ay mahina.”"
"Magpuka kamo asin mamibi, tanganing dai kamo madaog nin sogot. Andam kutana an espiritu, alagad an hawak maluya.”",Muli siyang umalis at nanalangin na sinabi ang gayunding mga salita.
Naghale giraray si Jesus asin namibi kan parehong mga tataramon.,"At muli siyang nagbalik at naratnang sila'y natutulog, sapagkat mabigat na mabigat na ang kanilang mga mata at hindi nila nalalaman kung ano ang isasagot sa kanya."
"Dangan binalikan niya giraray an mga disipulo alagad inabotan niya sindang tororog na naman, huli ta grabe an pirot ninda. Dai ninda aram kun ano an isisimbag saiya.","Bumalik siya sa ikatlong pagkakataon at sinabi sa kanila, “Natutulog pa rin ba kayo at nagpapahinga? Tama na! Dumating na ang oras; ang Anak ng Tao ay ipinagkakanulo sa mga kamay ng mga makasalanan."
"Sa ikatolong beses binalikan sinda ni Jesus dangan sinabihan, “Torog pa giraray kamo? Nagpapahingalo pa kamo? Tama na iyan! Oras na; an Aki nin Tawo itatao sa kamot nin mga parakasala.","Bumangon kayo, umalis na tayo. Narito, malapit na ang nagkakanulo sa akin.”"
Bangon na kamo ta maduman na kita. Uya na an mapasaluib sako!”,"Kaagad, samantalang nagsasalita pa siya, dumating si Judas na isa sa labindalawa. Kasama niya ang maraming tao na may mga tabak at mga pamalo, na mula sa mga punong pari, sa mga eskriba at sa matatanda."
"Nagtataram pa si Jesus kan mag-abot si Judas na saro kan doseng disipulo. Kadakul an tawo na kaiba niya na may darang mga espada saka mga pamukpok. An mga ini sinugo kan mga poon na padi, kan mga paratukdo kan Katogonan asin kan mga kamagurangan.","At ang nagkanulo sa kanya ay nagbigay sa kanila ng isang hudyat, na sinasabi, “Ang aking halikan ay iyon na; hulihin ninyo siya at dalhin siyang may bantay.”"
"Tinawan sinda ni Judas nin sarong tanda, “An hadokan ko iyo iyan. Dakopon nindo siya dangan darahon, alagad bantayan nindo nin marahay.”","Kaya't nang dumating siya, lumapit siya agad sa kanya at nagsabi, “Rabi,” at siya'y kanyang hinalikan."
"Pag-abot ni Judas, dinolok niya tolos si Jesus saka sinabihan, “Maestro!” Dangan hinadokan niya si Jesus.",Siya'y sinunggaban nila at siya'y kanilang dinakip.
"Kaya dinakop ninda si Jesus, asin pinugol nin marahay.","Ngunit ang isa sa nakatayo roon ay bumunot ng kanyang tabak, tinaga ang alipin ng pinakapunong pari, at tinigpas ang kanyang tainga."
Alagad an saro kan mga yaon duman naghugkot kan espada niya saka tinigbas an oripon kan Halangkaw na Padi; napalongan idto nin talinga.,"Sinabi naman ni Jesus sa kanila, “Kayo ba'y lumabas na may mga tabak at mga pamalo upang dakpin ako na parang isang tulisan?"
"Sinabihan sinda ni Jesus, “Kaipuhan pa daw na magdigdi kamo na may darang mga espada asin mga pamukpok sa pagdakop sako, na garo baga ako sarong bandido?",Araw-araw ay kasama ninyo ako sa templo na nagtuturo at hindi ninyo ako hinuhuli. Ngunit nangyari ito upang matupad ang mga kasulatan.”
"Aroaldaw kaiba nindo ako sa Templo nagtutukdo, asin dai nindo ako dinakop. Nangyayari ini nganing maotob an mga Kasuratan.”",Iniwan siya ng lahat at tumakas sila.
Dangan binayaan siya kan gabos na disipulo asin nagdurulag.,Sinundan siya ng isang binata na walang suot kundi isang telang lino lamang at siya'y kanilang sinunggaban.
"May sarong hoben na lalaking nagsusunod ki Jesus, alagad nakaalikboy sana nin telang lino. Nadakop siya kan mga tawo,",Ngunit kanyang binitawan ang telang lino at tumakas na hubad.
alagad binayaan niya an saiyang alikboy asin nagdulag na huba.,"Dinala nila si Jesus sa pinakapunong pari at nagtipon ang lahat ng mga punong pari, matatanda at mga eskriba."
"Dinara ninda si Jesus sa harong kan Halangkaw na Padi; duman nagtiripon an gabos na mga poon na padi, an mga kamagurangan asin an mga paratukdo kan Katogonan.","Si Pedro ay sumunod sa kanya sa malayo, hanggang sa loob ng patyo ng pinakapunong pari; at nakiumpok siya sa mga kawal, at nagpainit ng sarili sa apoy."
May distansya na sinundan siya ni Pedro sagkod sa patyo kan Halangkaw na Padi. Nagtukaw siya sa kataed kan mga bantay dangan nagpaimbong sa may kalayo.,"Ang mga punong pari naman at ang buong Sanhedrin ay naghahanap ng patotoo laban kay Jesus upang siya'y ipapatay; ngunit wala silang matagpuan,"
"An mga poon na padi saka an bilog na Konseho naghanap nin sumbong tumang ki Jesus tanganing ipagadan siya, alagad mayo sindang nakua.","sapagkat marami ang sumasaksi ng kasinungalingan laban sa kanya, at ang kanilang mga patotoo ay hindi nagkakatugma."
"Dakul na saksi an nagtaram nin putik tumang ki Jesus, alagad dai nagkasararo an saindang mga pahayag.","Tumayo ang ilan at sumaksi ng kasinungalingan laban sa kanya, na sinasabi,"
"May nagkapirang nagtindog na nagtaram nin putik na an sabi,","“Narinig naming sinabi niya, ‘Gigibain ko ang templong ito na gawa ng mga kamay, at sa loob ng tatlong araw ay magtatayo ako ng iba na hindi gawa ng mga kamay.’”"
"“Nadangog mi siyang nagtaram: ‘Gagabaon ko ining Templo na gibo nin tawo, asin sa laog nin tolong aldaw mapatindog ako nin sarong Templo na bakong gibo nin tawo.’”",Ngunit sa gayong paraan ay hindi rin nagkatugma ang patotoo nila.
"Alagad maski sa bagay na ini, dai nagkasararo an saindang mga pahayag.","Tumayo sa harapan nila ang pinakapunong pari at tinanong si Jesus, “Wala ka bang isasagot? Ano itong pinatotohanan nila laban sa iyo?”"
"Nagtindog an Halangkaw na Padi sa atubang ninda gabos dangan hinapot si Jesus, “Mayo ka nin ikakasimbag? Ano ining mga sumbong ninda tumang saimo?”","Ngunit siya'y tumahimik at hindi nagsalita ng anuman. Tinanong siyang muli ng pinakapunong pari at sinabi sa kanya, “Ikaw ba ang Cristo, ang Anak ng Pinagpala?”"
"Alagad dai sana naggirong si Jesus ni nagsimbag. Hinapot giraray siya kan Halangkaw na Padi, “Ika an Cristo, an Aki kan Kahorohalangkaweng Dios?”","Sinabi ni Jesus, “Ako nga; at makikita ninyo ang Anak ng Tao na nakaupo sa kanan ng Makapangyarihan at dumarating na nasa mga alapaap ng langit.”"
"“Ako!” an simbag ni Jesus. “Mahihiling nindo an Aki nin Tawo na nagtutukaw sa too kan Makakamhan na Dios, nagdadatong na nasa mga panganoron nin langit!”","Pinunit ng pinakapunong pari ang kanyang damit at nagsabi, “Ano pang kailangan nating mga saksi?"
"Ginisi kan Halangkaw na Padi an saiyang alikboy dangan nagsabi, “Tano ta kaipuhan ta pa nin saksi?",Narinig ninyo ang kanyang paglapastangan! Ano ang inyong pasiya?” At hinatulan nilang lahat na siya'y dapat mamatay.
Nadangog nindo an saiyang paglanghad sa Dios! Ano an hatol nindo?”,"Nagsimula ang ilan na duraan siya, tinakpan ang kanyang mukha, at siya'y pinagsusuntok, na sinasabi nila sa kanya, “Hulaan mo!” Kinuha siya ng mga bantay at siya'y pinagsasampal."
Gabos naghatol na siya ipagadan.,"Samantalang nasa ibaba si Pedro, sa patyo, lumapit ang isa sa mga alilang babae ng pinakapunong pari."
"Linutaban si Jesus kan nagkapira sainda, tinahoban an saiyang mga mata dangan sinuntok. “Ukoda daw kun siisay an nagsuntok saimo!” an sabi ninda. Sinampaling man siya kan mga bantay.","Nang makita niya si Pedro na nagpapainit, siya'y kanyang tinitigan at sinabi, “Ikaw man ay kasama rin ni Jesus na taga-Nazaret.”"
Nasa patyo kaidto si Pedro kan umabot an saro kan mga babaeng sorogoon kan Halangkaw na Padi.,"Ngunit siya'y nagkaila, na sinasabi, “Hindi ko nalalaman, ni nauunawaan ang sinasabi mo.” At lumabas siya sa pasilyo [pagkatapos ay tumilaok ang manok]."
"Kan mahiling niya si Pedro na nagpapaimbong sa may kalayo, minaanan siya kan babae saka sinabihan, “Kaiba ka man ni Jesus na taga-Nazaret.”","Nakita siya ng alilang babae at nagsimulang magsabing muli sa mga nakatayo roon, “Ang taong ito ay isa sa kanila.”"
"Alagad pinagnegaran iyan ni Pedro na an sabi, “Dai ko aram…dai ko nasasabotan an pinagtataram mo.” Dangan nagluwas siya asin nag-ontok duman sa may trangkahan. (Kan oras man sanang iyan may nagturaok na manok.)","Ngunit muling nagkaila siya. At pagkaraan ng ilang sandali, sinabing muli ng mga nakatayo roon kay Pedro, “Tunay na ikaw ay isa sa kanila, sapagkat ikaw ay taga-Galilea.”"
"Kan mahiling siya duman kan babaeng sorogoon, nagsabi na naman ini sa mga idtoon duman, “An tawong ini saro man sainda!”","Ngunit siya'y nagsimulang magmura at sumumpa, “Hindi ko nakikilala ang taong ito na inyong sinasabi.”"
Alagad pinagnegaran giraray iyan ni Pedro.,"At kaagad, sa ikalawang pagkakataon ay tumilaok ang manok at naalala ni Pedro ang sinabi ni Jesus sa kanya, “Bago tumilaok ang manok ng makalawa ay ipagkakaila mo ako ng tatlong ulit.” Nanlumo siya at tumangis."
"Pagkaagang amay nagtiripon an mga poon na padi, an mga kamagurangan, an mga paratukdo kan Katogonan dangan an bilog na Konseho. Ginapos ninda si Jesus asin dinara ki Pilato.","Kinaumagahan, nagsanggunian kaagad ang mga punong pari kasama ang matatanda at mga eskriba at ang buong Sanhedrin. Ginapos nila si Jesus, inilabas at ibinigay kay Pilato."
"Hinapot siya ni Pilato, “Ika an hade kan mga Judio?”","Tinanong siya ni Pilato, “Ikaw ba ang Hari ng mga Judio?” Sumagot siya sa kanya, “Ikaw ang nagsasabi.”"
"Nagsimbag si Jesus, “Ika na an nagsabi.”",Pinaratangan siya ng mga punong pari ng maraming bagay.
Dakul an mga sumbong kan mga poon na padi tumang ki Jesus.,"Muli siyang tinanong ni Pilato, “Wala ka bang isasagot? Tingnan mo kung gaano karami ang kanilang ibinibintang laban sa iyo.”"
"Kaya hinapot siya liwat ni Pilato, “Mayo kang isisimbag? Nadangog mo an dakul nindang sumbong tumang saimo!”","Ngunit si Jesus ay hindi sumagot ng anuman, anupa't nanggilalas si Pilato."
"Alagad dai nagsimbag si Jesus, kaya nagngalas si Pilato.",Sa bawat kapistahan ay nakaugalian na niyang pawalan sa kanila ang isang bilanggo na kanilang hilingin.
"Lambang Pyesta nin Paskwa, ugale ni Pilato na magpaluwas nin sarong bilanggo na hagadon kan mga tawo.","Mayroong isa na kung tawagin ay Barabas, na nakakulong kasama ng mga manghihimagsik na sa panahon ng paghihimagsik ay pumatay ng tao."
Kan panahon na idto nasa bilanggoan an sarong lalaki na an ngaran Barrabas kaiba kan mga rebelde na nakagadan kan magkaigwa nin kariribokan.,Kaya't lumapit ang karamihan at nagpasimulang hilingin sa kanya na sa kanila'y gawin ang ayon sa kanyang nakaugalian.
Nagtiripon ki Pilato an mga tawo asin hinagad ninda ki Pilato na gibohon an kinaugalean niyang pagpapaluwas nin bilanggo.,"Sinagot naman sila ni Pilato, “Ibig ba ninyong pawalan ko sa inyo ang Hari ng mga Judio?”"
"Sinimbag sinda ni Pilato, “Boot nindong paluwason ko an hade kan mga Judio?”",Sapagkat batid niya na dahil sa inggit ay ipinadakip siya ng mga punong pari.
Aram ni Pilato na si Jesus dinara saiya kan mga poon na padi dahel sa pagkaori.,Ngunit inudyukan ng mga punong pari ang taong-bayan na sa halip ay palayain niya si Barabas para sa kanila.
Alagad an mga tawo pinasunod kan mga poon na padi na hagadon ki Pilato na si Barrabas an paluwason.,"Ngunit muling sumagot si Pilato at sa kanila'y sinabi, “Ano ngayon ang nais ninyong gawin ko sa tinatawag ninyong Hari ng mga Judio?”"
"Hinapot giraray sinda ni Pilato, “Kun siring ano an boot nindong gibohon ko sa inaapod nindong hade kan mga Judio?”","At sila'y muling nagsigawan, “Ipako siya sa krus.”"
"Nagkurahaw sinda, “Ipako siya sa krus!”","Ngunit sinabi sa kanila ni Pilato, “Bakit, anong kasamaan ang kanyang ginawa?” Subalit sila'y lalong nagsigawan, “Ipako siya sa krus.”"
"“Tadaw, anong karatan an naginibo niya?” an hapot ni Pilato.","At sa pagnanais ni Pilato na bigyang-kasiyahan ang taong-bayan, pinalaya si Barabas para sa kanila. Pagkatapos na ipahagupit si Jesus, siya'y ibinigay niya upang ipako sa krus."
"Alagad nagkurahaw sinda nin mas makosog, “Ipako siya sa krus!”",Pagkatapos ay dinala siya ng mga kawal sa bulwagan na siyang Pretorio; at kanilang tinipon ang buong batalyon.
"Huli ta boot ni Pilato na mapaonrahan an mga tawo, pinaluwas niya si Barrabas. Dangan ipinalatigo niya si Jesus, asin itinao sainda tanganing ipako sa krus.","Siya'y kanilang dinamitan ng kulay-ube, at nang makapagtirintas ng isang koronang tinik ay ipinutong nila ito sa kanya."
"Dinara si Jesus kan mga soldados sa laog kan patyo kan palasyo kan gobernador, saka tinipon ninda an bilog na batalyon.","At pinasimulan nilang pagpugayan siya, “Mabuhay, Hari ng mga Judio!”"
Sinulotan ninda si Jesus nin gubing na kolor purpura. Naggibo nin korona nin sangang matonok saka ikinorona saiya.,"Hinampas nila ang kanyang ulo ng isang tungkod, dinuraan siya at lumuhod sa harapan niya."
Dangan nagpoon sindang mag-omaw saiya. “Mabuhay an Hade kan mga Judio!”,"Pagkatapos na siya'y kanilang libakin, inalis nila sa kanya ang kulay-ube na balabal at isinuot sa kanya ang kanyang mga damit. At siya'y kanilang inilabas upang ipako sa krus."
"Pinukpok ninda siya nin sugkod sa payo, pinaglutaban siya, saka pinagluhod-luhodan sa paggalang saiya.","Pinilit nila ang isang nagdaraan, si Simon na taga-Cirene, na ama ni Alejandro at ni Rufo, na nanggaling sa bukid, upang pasanin niya ang krus ni Jesus."
"Pakapagparatuya-tuya saiya, hinubaan ninda siya kan gubing na kolor purpura saka sinulotan kan dati niyang gubing. Dangan ilinuwas ninda siya tanganing ipako sa krus.",Siya'y kanilang dinala sa pook na tinatawag na Golgota na ang kahulugan ay ‘Ang pook ng bungo.’
Nasabat ninda an sarong taga Cirene na an ngaran Simon—ama ni Alejandro asin ni Rufo—na minaabot pa sana hale sa oma. Pinirit ninda siyang magpasan kan krus ni Jesus.,"At siya'y binigyan nila ng alak na hinaluan ng mira, ngunit hindi niya tinanggap iyon."
"Dinara ninda si Jesus sa lugar na inaapod Golgota na an boot sabihon, “Lugar nin Bungo.”","Siya'y kanilang ipinako sa krus, at pinaghati-hatian ang kanyang mga damit na kanilang pinagsapalaran, kung alin ang kukunin ng bawat isa."
"Tinawan ninda siya nin arak na sinalakan nin mira, alagad dai niya ininom.",Noo'y ikasiyam ng umaga nang siya'y kanilang ipinako sa krus.
Ipinako ninda siya sa krus. Pinagburubaranga ninda an mga gubing ni Jesus asin pinagripahan tanganing maaraman kun arin an kukuahon kan lambang saro sainda.,"At ang pamagat ng pagkasakdal sa kanya ay isinulat sa ulunan, “Ang Hari ng mga Judio.”"
Alas nwebe nin aga kan ipako ninda siya sa krus.,"At ipinako sa krus na kasama niya ang dalawang tulisan; isa sa kanan, at isa sa kanyang kaliwa."
"Isinurat ninda sa itaas kan krus an sumbong tumang saiya, “An Hade kan mga Judio.”","[At natupad ang kasulatan, na nagsasabi: At siya'y ibinilang sa mga suwail.]"
"Duwang parahabon an kaiba niyang ipinako ninda sa krus, an saro sa too niya, an saro sa wala.","Siya'y nilait ng mga nagdaraan, na umiiling at sinasabi, “Ah! ang gigiba sa templo at magtatayo nito sa loob ng tatlong araw,"
"Huli kaini, naotob an nasasabi sa Kasuratan: “Ibinilang siya sa mga kriminal.”",iligtas mo ang iyong sarili at bumaba ka sa krus.”
"Pinagtuya-tuya siya kan mga nag-aragi, na nagtatango-tango na nagsarabi, “Gagabaon mo an Templo asin papatindogon sa laog nin tolong aldaw!","Gayundin naman ang mga punong pari, kasama ng mga eskriba ay nilibak siya na sinasabi sa isa't isa, “Iniligtas niya ang iba; hindi niya mailigtas ang kanyang sarili."
Ngunyan hilig diyan sa krus; ligtasan an sadiri mong buhay!”,"Bumaba ngayon mula sa krus ang Cristo, ang Hari ng Israel upang aming makita at paniwalaan.” At tinutuya rin siya ng mga kasama niyang nakapako sa krus."
"Siring man pinagtuya-tuya siya kan mga poon na padi asin kan mga paratukdo kan Katogonan. Olay ninda, “Ilinigtas niya an iba, alagad dai niya ikinakaligtas an buhay niya!","Nang dumating ang tanghaling tapat, nagdilim sa buong lupain hanggang sa ikatlo ng hapon."
"Hilingon ta daw na maghilig ngunyan sa krus an Cristo, na hade kan Israel, asin matubod kita saiya!”","Nang ikatlo ng hapon ay sumigaw si Jesus nang may malakas na tinig, “Eloi, Eloi, lama sabacthani?” na ang kahulugan ay, “Diyos ko, Diyos ko, bakit mo ako pinabayaan?”"
Pinag-olog-olog man siya kan mga kaiba niyang nakapako.,"Nang marinig ito ng ilang nakatayo roon, ay sinabi nila, “Tingnan ninyo, tinatawag niya si Elias.”"
"Pagkaodto, nagdiklom sa bilog na daga sagkod alas tres nin hapon.","Tumakbo ang isa, binasa ng suka ang isang espongha, inilagay sa isang tungkod, at ipinainom sa kanya na sinasabi, “Pabayaan ninyo; tingnan natin kung darating si Elias upang siya'y ibaba.”"
"Pag alas tres, nagkurahaw si Jesus, “Eloi, Eloi, lema sabactani?” na an boot sabihon, “Dios ko, Dios ko, tadaw ta pinabayaan mo ako?”",Si Jesus ay sumigaw nang malakas at nalagutan ng hininga.
"Nadangog ini kan nagkapirang mga nagmimiron, kaya nagsarabi sinda, “Dangoga nindo, inaapod niya si Elias!”","Ang tabing ng templo ay nahati sa dalawa, mula sa itaas hanggang sa ibaba."
"May sarong nagdalagan asin nagkua nin espongha; isinaromsom niya ini sa suka, ibinugtak sa poro nin tukon dangan idinuhol ki Jesus nganing inomon. Nagsabi siya, “Halat ngona, hilingon ta daw kun mag-abot si Elias tanganing tanggalon siya sa krus!”","Ang senturion na nakatayong malapit sa harap niya, nang makitang nalagot ang kanyang hininga sa ganitong paraan ay nagsabi, “Tunay na ang taong ito ay Anak ng Diyos.”"
Nagkurahaw nin makosog si Jesus dangan nautsan.,"At mayroon din namang mga babae na nakatanaw mula sa malayo; kabilang sa kanila ay si Maria Magdalena, si Mariang ina ni Santiago na mas bata at ni Jose, at si Salome;"
Nabanga an kurtina kan Templo poon sa itaas sagkod sa ibaba.,"na nang siya'y nasa Galilea, ay sumunod sa kanya at naglingkod sa kanya; at marami pang ibang mga babae na umahong kasama niya sa Jerusalem."
"Nakatindog sa atubangan kan krus an kapitan kan mga soldados asin nahiling niya kun paanong nagadan si Jesus, kaya nakapagsabi siya, “Totoo mananggad na Aki nin Dios an tawong ini!”","Nang magtakip-silim na, sapagkat noon ay araw ng Paghahanda, ang araw bago ang Sabbath,"
"Idtoon an nagkapirang babae na nagtatanaw sa harayo. Kaiba ninda si Maria Magdalena, si Maria na ina ni Santiago na hoben saka ni Jose, asin si Salome.","si Jose na taga-Arimatea, isang marangal na kagawad, na naghihintay rin ng kaharian ng Diyos ay may katapangang pumunta kay Pilato at hiningi ang bangkay ni Jesus."
An mga babaeng ini nagsunod asin naglingkod ki Jesus kan yaon siya sa Galilea. Idtoon man duman an dakul pang babae na nag-iriba saiya pasiring sa Jerusalem.,At nagtaka si Pilato na siya'y patay na. Ipinatawag niya ang senturion at itinanong niya sa kanya kung patay na nga siya.
"42-43 Kan banggi na, nag-abot si Jose na taga Arimatea. Saro siyang ginagalangan na kaayon kan Konseho asin naghahalat kan pag-abot kan Kahadean nin Dios. Huli ta aldaw kaidto nin Pag-andam (boot sabihon an aldaw bago umabot an Sabbath), nangahas si Jose na magdolok ki Pilato dangan hinagad an bangkay ni Jesus.","Nang malaman niya sa senturion, ipinagkaloob niya ang bangkay kay Jose."
Nagngalas si Pilato kan madangog niyang gadan na si Jesus; inapod niya an kapitan dangan hinapot kun talagang gadan na si Jesus.,At bumili si Jose ng isang telang lino at pagkababa sa kanya sa krus ay binalot siya ng telang lino at inilagay siya sa isang libingan na hinukay sa isang bato. At iginulong niya ang isang bato sa pintuan ng libingan.
"Kan maaraman niya sa kapitan na talagang gadan na si Jesus, tinugotan niya si Jose na kuahon an bangkay.",Nakita ni Maria Magdalena at ni Mariang ina ni Jose kung saan siya inilagay.
"Pakalihis kan aldaw na Sabbath, nagbakal nin mga pahamot na ilalahid sa bangkay ni Jesus si Maria Magdalena, si Maria na ina ni Santiago asin si Salome.","Nang makaraan ang Sabbath, sina Maria Magdalena, Mariang ina ni Santiago, at si Salome, ay bumili ng mga pabango upang sila'y pumunta roon at siya'y pahiran."
"Amay pa kan Domingong aga, pagsirang kan aldaw, nagduman na sinda sa lulubngan.","Pagka-umaga nang unang araw ng linggo, pagkasikat ng araw, pumunta sila sa libingan."
"Nag-orolay sinda sa dalan, “Siisay daw an mapaligid para sato kan gapong isenera sa lulubngan?” (Dakulang marahay an gapong idto.)","Kanilang sinabi sa isa't isa, “Sino kaya ang magpapagulong ng bato para sa atin mula sa pasukan ng libingan?”"
"Alagad pagtanaw ninda sa lulubngan, nahiling nindang pinaligid na an gapo.",Sa pagtanaw nila ay nakita nilang naigulong na ang bato na lubhang napakalaki.
"Paglaog ninda sa lulubngan, nahiling ninda an sarong lalaking hoben na nakagubing nin puti asin nagtutukaw sa parteng too. Natikbahan sinda.","At pagpasok nila sa libingan, kanilang nakita ang isang binata na nakabihis ng isang damit na maputi, nakaupo sa gawing kanan at sila'y nagtaka."
"“Dai kamo matakot,” an sabi kan lalaki. “Hinahanap nindo si Jesus na taga Nazaret na ipinako sa krus. Mayo na siya digdi—nabuhay siya liwat! Hilinga nindo an lugar na hinutadan ninda saiya.","Ngunit sinabi niya sa kanila, “Huwag kayong magtaka; hinahanap ninyo si Jesus na taga-Nazaret na ipinako sa krus. Siya'y muling binuhay. Wala siya rito. Tingnan ninyo ang dakong pinaglagyan nila sa kanya!"
"Lakaw na kamo, sabihan nindo an saiyang mga disipulo, orog na si Pedro, na maeenot si Jesus sainda sa Galilea; duman ninda siya mahihiling siring sa sinabi niya sainda.”","Subalit humayo kayo, sabihin ninyo sa kanyang mga alagad at kay Pedro na siya'y mauuna sa inyo sa Galilea. Doon ninyo siya makikita, ayon sa sinabi niya sa inyo.”"
"Kayanagruluwas an mga babae sa lulubngan saka nagdurulag, huli ta inabot sinda nin makuring takot. Mayo sindang inosipan huli ta natakot sinda.","At sila'y nagsilabas at nagsitakas mula sa libingan, sapagkat sila'y sinidlan ng sindak at pagkamangha, at wala silang sinabi kaninuman sapagkat sila'y natakot."
[,"[At ang lahat ng mga iniutos sa kanila ay sinabi ng maiksi sa mga nasa palibot ni Pedro. At pagkatapos si Jesus mismo ay nagsugo sa pamamagitan nila, mula sa silangan hanggang kanluran, ang banal at walang hanggang proklamasyon ng walang katapusang kaligtasan.]"
"Pagkabuhay liwat ni Jesus, amay pa kan enot na aldaw kan semana, nagpahiling siyang enot ki Maria Magdalena, na pinaluwasan niya nin pitong demonyo.","[Nang siya nga'y magbangon nang unang araw ng linggo ay una siyang nagpakita kay Maria Magdalena, na mula sa kanya'y pitong demonyo ang pinalayas niya."
Nagduman si Maria Magdalena sa mga disipulo ni Jesus na nagmomondo saka nagtatangis.,"Siya'y lumabas at ibinalita sa mga naging kasama ni Jesus, samantalang sila'y nagluluksa at tumatangis."
Alagad dai sinda nagtubod kan sinabi niyang buhay na si Jesus asin nahiling niya.,Ngunit nang kanilang mabalitaan na siya'y buháy at nakita ni Magdalena ay ayaw nilang maniwala.
"Pakatapos kaini, nagpahiling si Jesus sa ibang paagi sa duwa kan saiyang mga disipulo na naglalakaw pasiring sa oma.",Pagkatapos ng mga ito ay nagpakita siya sa ibang anyo sa dalawa sa kanila noong sila'y naglalakad patungo sa bukid.
"Nagbalik sinda asin binaretaan an ibang mga disipulo, alagad dai ini nagturubod.",At sila'y bumalik at ipinagbigay-alam ito sa mga iba ngunit hindi rin sila naniwala.
"Pakatapos, nagpahiling si Jesus sa onse niyang disipulo mantang nagkakakan sinda. Tinuyaw niya sinda kan dai ninda pagtubod asin kan katagasan kan saindang mga puso huli ta dai sinda nagtubod sa mga nakahiling na buhay siya liwat.","At pagkatapos siya'y nagpakita sa labing-isa samantalang sila'y nakaupo sa hapag-kainan; sila'y kanyang pinagsabihan dahil sa kawalan nila ng pananampalataya at katigasan ng puso, sapagkat hindi nila pinaniwalaan ang mga nakakita sa kanya pagkatapos na siya'y muling mabuhay."
"Sinabihan niya sinda, “Paduman kamo sa bilog na kinaban; ihulit nindo an Marahay na Bareta sa gabos na tawo.","At sinabi niya sa kanila, “Humayo kayo sa buong sanlibutan, at inyong ipangaral ang ebanghelyo sa lahat ng nilikha."
"An magtubod saka mabunyagan, makakaligtas; an dai magtubod, kokondenaron.",Ang sumasampalataya at mabautismuhan ay maliligtas; ngunit ang hindi sumasampalataya ay parurusahan.
An mga nagtutubod magkakaigwa kan mga tandang ini: sa ngaran ko magpapaluwas sinda nin mga demonyo; magtataram sinda nin manlaen-laen na lengwahe;,"At ang mga tandang ito ay tataglayin ng mga nananampalataya: sa paggamit ng aking pangalan ay magpapalayas sila ng mga demonyo, magsasalita sila ng mga bagong wika;"
"kun magkapot sinda nin halas, o kun mag-inom nin hilo, dai sinda maaano; an mga naghehelang na kapotan ninda, maoomayan.”","sila'y hahawak ng mga ahas, at kung makainom sila ng bagay na nakamamatay, hindi ito makakasama sa kanila, ipapatong nila ang kanilang mga kamay sa mga maysakit, at sila'y gagaling.”"
"Pakatapos na kaolayon kan Kagurangnan na Jesus an mga disipulo, isinakat siya sa langit asin nagtukaw sa too nin Dios.","Kaya't ang Panginoong Jesus nga, pagkatapos na siya'y magsalita sa kanila ay iniakyat sa langit at lumuklok sa kanan ng Diyos."
